6416
-3903.035026361592 7528.241840494778
6390.5345695382275 613.1361571644793
3153.6739982272666 -4123.488864248202
-9606.672765934563 9702.397214398465
-4500.216098863177 5701.098037213276
6977.190380804866 -542.1618635719078
7204.02404236258 -5006.605979166266
9505.865640397791 388.1900308573022
7739.526823049546 3032.8923918594955
2370.7317355372506 7082.871424438214
1727.9564296498174 -7756.960034627238
595.9341227882051 9638.088170825853
-6750.453613509895 -1812.0168125303462
4910.6109513382635 4879.404786931087
7737.230368806679 1182.4894514762345
-4058.8439095672265 2503.456435006601
-6601.161421819022 194.36895858585558
-2085.2312879677083 -1218.97384804771
-6337.891967672409 2550.7481893719923
-371.2033398960575 3608.2223567370474
-7686.955296677896 1416.5788198133905
8428.674615701937 -4537.967458820267
3798.9424917986707 -2904.20052572476
-8449.46487250379 3211.0613275703035
-7406.838998515828 7912.59311762443
8422.855954622213 -6248.213453117451
-2430.464155629448 -8237.781969287844
-2615.2191049062058 85.20472711838192
-9989.924859539391 377.9256510901778
-9232.960723435059 -4281.737651320228
7170.3887457269375 -5057.501105146669
-6605.3313808432595 8169.004668399561
-2746.939473576078 3879.9862647538066
-8690.974820873242 6873.906126908045
6189.969791949954 1495.2352254951566
-130.1518526513919 -1059.6285389332133
-8189.651583621551 9585.852526128907
-6613.572705947304 -43.064792133160154
6772.123730446019 -6766.734402211938
2040.2006882654587 -3531.7851294389757
8059.908324220214 -3313.425791581026
-3900.6042358028826 1741.2021388548383
7903.749177507463 5584.919454943249
2289.6028938653035 7094.013173181982
-1351.4464228478064 7721.137949838063
-7327.546065080123 7327.747879254399
2404.8709321496935 -3868.521857227025
-7502.135813418272 -9303.367110518493
-4762.49197280467 -4496.787915162044
-9766.431884475403 -8628.829247387426
-4800.774506141379 -4276.0133902045845
338.96541962013725 5493.525729169391
3692.5467512299783 4853.802147865757
7338.582261780772 -9306.067187221764
-9556.50633442682 7882.533942817125
8363.716900651321 3331.4272690646812
-6203.154000749833 -2657.061315915026
-9430.862415851787 -2258.267197758888
-9906.703087613258 7181.1293270622955
9694.969976876928 -2580.3171457990447
8564.663121880756 -7756.477943768798
-3467.798070800185 9333.065418581402
-8515.910281835473 -7678.701395692393
9163.500658716333 9459.327180769546
3233.9678787599587 1900.4534816276173
-9410.66167340734 156.09979246604053
-3494.9340483346987 -5402.471832896565
3712.688304218622 8121.036643509935
9016.157928777851 4718.17028300888
-1356.1667722532693 -4534.007726259728
9944.211037329645 7457.67644515706
900.1267659238965 -4174.911196153302
1680.977668599222 3969.7186104921966
-6686.190194732284 2435.7683662016807
9582.61987947402 7861.484341318577
-675.7249219648784 5776.442845975807
54.76770703168586 5630.481171309268
819.4559289814824 4613.889652663243
-4383.791688260588 5140.305320280011
-195.71178513141422 -3791.921493556494
4510.166972888057 -6560.311692745302
-87.51421988254697 8941.638315718457
-8017.0600423152755 -1938.8207941406408
1141.14349210607 -6214.2925065677755
-9474.600040689651 4392.84023826583
9175.964272473531 -216.55879470876607
-2826.300000336002 5798.379777711571
-711.8071399844157 3126.987281704496
-2608.7370934343016 -7131.841767734897
4022.615179250841 -576.7442234177197
7104.931930424773 3515.556200024721
-6240.73782640659 4388.364263429581
-2856.0545504048587 -3409.800774797547
9719.744965611546 -519.8528489362616
-2368.830768398516 -1738.403862130821
-9897.57514242636 5872.666157065791
-6198.195040407426 2633.746734045666
1768.8992023344326 -7303.819438715278
-724.4155389594362 5883.332232885743
-7732.4237333355695 3610.572591674156
7984.21893002397 -3328.883092007076
9968.38192149387 -450.2488694294734
1756.6803915621113 -5341.775586659423
3695.929453434599 4869.088388196396
6990.647090490518 3665.9936037367715
7486.761495059323 9147.479867738144
-9110.74969754523 6350.130620524502
959.5590912445714 -2459.8582504497
5418.020105183903 -6783.076865584941
-8724.514202251197 -1152.201725054314
5437.7271489255345 -9608.695463999364
8779.123950400168 -7637.562903518101
6394.58341009347 7753.590773716751
5148.737536602477 2069.3473195544866
6500.055118300395 -8106.262488962104
-9752.1188851335 9929.681631783686
-1491.6766724851805 -3210.991080279886
1858.6466971569153 -1262.6840006578714
-2999.8004270927604 -807.0323634849392
-8909.867976524765 9438.31641289956
8508.096710450529 5430.733486501509
5493.992329790706 7820.844804910321
-6132.572154644333 1627.4893968986598
1782.210393718664 1127.8747408159998
-5144.4088935590935 -9645.75725057093
530.5146494354412 6414.617967521375
480.4800153889573 -6743.118666850287
6364.146598634205 9367.088959505454
-7793.76136943347 1441.5974473536426
-1139.0379273693925 4817.770839288471
-8045.240697197762 3221.7799427561913
-8229.866394954443 -1661.1218404238425
1897.21247431132 -7711.490933957699
1133.0026587782595 -7936.763855058147
-9149.33685724695 -1551.176648777715
-3494.0883906944455 -2722.663460710158
8520.62670683055 7782.942407635834
-6276.880635830419 -8649.345292961874
-4118.816465122945 9403.692834199774
2501.2052704920134 7209.847018986209
7660.06606013839 1958.3744530922359
7674.617234534715 9835.976320985683
-8803.100330313935 -5404.625616511978
-1034.6658955312596 -3842.5507501928923
-5131.427535764587 4324.839049664741
-9072.132839905618 -7769.126151443923
8826.485612208238 4534.763180681559
-7925.879448968561 -5253.41681450781
-9033.79048973892 -2119.1231028209504
-9829.089108402402 -7334.901856594703
1850.866626172101 -9149.256844530315
-683.7788050661948 9185.335122964912
3735.332948796089 -2990.478889783745
3638.5526863820633 4264.896728263195
-9110.866045316025 -8733.141021062547
-7672.988237510274 -6442.68949027559
-8908.308171333309 -1538.5596368364022
-8811.93816409329 -9099.378695882442
-8525.637481451811 6141.710433698336
-2961.8618874866233 8386.25848661118
-4190.5156399376065 3628.3637857634712
-7020.388407195431 -9443.348369588934
-5102.5632711803955 7276.190832544555
4970.872933001456 -2575.4255988869245
6878.492362261008 -4690.083082308282
-6910.421102082917 4776.755641171259
97.02634154048974 4690.700172503586
-5498.606806460042 -381.19846551073897
7571.424787271804 -2823.0135177035963
9384.832362508962 -6361.980554432244
-826.1754452029418 2075.4465003480545
5926.106292922428 -1794.735016598892
-4700.414910017538 9134.749695527396
-4013.8708191655833 706.4585841550415
4107.182378432182 -3383.0232437279847
-844.8491701902494 -6111.049256310935
3335.0002376894736 -3211.520835334629
9648.74976935838 -2572.5476150663053
7252.258480095432 3904.046846490559
7862.196210628077 -5941.231847609059
-522.8749134835525 -1784.7362877594296
-3611.506957022286 1404.1123434535275
-6804.189061625277 -6384.033898000405
8918.664787360838 -5007.690519301411
1742.2544041703495 -3755.244565308102
-318.8402165584648 8016.716685336742
4548.760686515183 6696.534367914697
-9059.494343185404 -996.7609775043384
-3846.236133867711 9452.080797959221
-3436.3567149747023 -163.66649066130412
9253.641603575357 9716.701963242616
-9224.361103368528 -6515.565737141509
6711.306195256846 66.03069891944506
-7035.237369726719 3285.760347987656
1985.073146002489 7129.076566957217
-8239.798991244324 3800.001487384756
-7382.912502833195 1995.6605893367614
-5406.050414774581 7000.901202816578
-2778.6263942791375 -2882.603309590945
2571.712878824266 -3020.7024935596637
-7162.650783640745 -2821.57621312382
-5284.071509743398 1345.7075501237905
-3434.560692109545 1744.1048816485963
507.2978929457986 -1833.9268503335406
3077.1797223286376 -6547.037039625266
5139.505053327684 3533.812867937593
-2106.979499583088 7099.138384541369
8015.072265395062 6775.873334081414
-4753.220688505042 2159.685149093666
1748.5898617195435 -2190.0242937726125
-1093.4895433149923 -5846.931240872622
-3693.1643342776097 4314.812788386009
-5502.690362211482 -1327.758422144423
903.5845889900338 5144.4666624892925
-7327.619817275674 6017.710421277145
-5119.815950205848 -9187.148939063885
-6095.556539936071 -5936.951494362359
8041.256564213589 1893.5183080624156
-2279.6207264071854 2317.3237966439174
-9221.826471679033 -8175.3017380446845
-8122.2529397006965 -8894.043786578322
4801.220590534922 -8121.035066358227
-9717.370203242626 -3626.459055420164
6414.656730355371 2951.470250067774
2374.01762825269 2819.209968464358
6007.1597895727555 1340.195182657617
-8749.26312349907 -4092.8634842050697
9793.4161739788 3836.222478550184
-7007.300229107059 -3248.1865019444967
2830.9080839952567 -8788.453621861925
5429.0444962628735 -7040.229739700953
-4050.7742125856594 -1413.5162554197068
-8968.49253440931 -6783.57117385034
-6532.4832929284275 6178.262866666828
-4337.845618510494 -6261.177987745403
3438.958089239368 4576.919503915713
2580.3766584678506 -9328.067010283045
7649.434355066936 4964.14137359985
-585.1571125993487 4088.4505836866683
-5289.135256332529 -3414.755346823983
-5268.126812236426 -3541.243601509903
-3672.077373772351 1303.9947828612912
382.490326981997 -8710.001165217107
-5819.84112257859 -1785.4856009194882
-4013.822193651944 6090.135126870839
2849.832338909884 -9945.947879923944
-7289.8433794719585 7894.865176858675
2839.0186785278875 -2445.0822638252957
-5071.218821119261 -697.6119564071196
-3042.132411994956 -2106.5760828149596
398.42291745164766 8292.975845660814
-6770.859485455745 9038.196340944938
2259.005114314692 6067.359263543154
-2057.540295051439 3069.7586349159756
-525.8745279071427 -6280.0252261820115
-6395.033396022432 8437.816533098106
6247.480972092713 770.1402546056179
-1726.6212744771055 -6357.789470429276
-4495.89246628095 6406.2601847047445
-4884.290035023515 -7031.98124896637
-3299.295069995929 7755.200610035274
4039.20438173002 -1325.15014409154
-5969.884318539285 -1429.0088559732103
834.3056983699462 3434.865784785292
-2489.195818708763 6444.053889167175
-6477.214436951306 -8166.364654449328
6502.959360829176 6964.190360173539
461.40730581956996 -9607.576696831524
-7131.372956547 9227.577553190156
240.81071038659502 -8159.9214884170615
-705.9332419169277 8660.069300866438
-467.4379824570442 -8742.812787112201
-2781.707612562168 -9663.878405571384
-8224.387425387024 9234.718973721363
-1637.4413996894964 -1195.3044903504015
-3043.3210870083994 -9666.109358717309
4031.3168831035255 8890.520266502233
727.337104550963 -6096.457410107214
7155.960053483504 -3978.8671908886845
9713.92544806833 -1294.187319941897
-6521.552726001678 -5662.860125320879
9114.596171024772 2820.4626316779704
322.68556838515724 6175.178297696504
8541.172877790541 -4057.287110007246
4077.325863094309 7470.085825477436
-7448.267151240265 -7541.009723962804
814.4131213756864 204.8177372902519
-6566.88886218868 579.5198134482398
-1605.8938592728646 -4756.312261272157
-4469.176119886371 5326.219270127443
-7043.524303647848 6716.526665699679
2787.1663396917356 1318.894067404317
-2122.8471541511663 2578.3996792316975
-5863.458365062206 5072.251488665455
9064.399418878274 5051.544344643862
-4979.657215559099 5910.795306924965
6900.9438388827 9363.227605704895
7522.004213860146 -371.8157826676652
-7815.296775171226 9525.243258019123
6486.109685206873 9662.17437683859
-8901.69475393363 5857.819156991211
4473.733774114358 -3174.208306873201
2538.0952859776444 542.714863550058
-5480.534618517377 -9470.079313404933
59.09829665329198 4697.333982711196
-3606.1439534559513 1952.0150296402462
243.18688632758676 3293.707574627093
-561.70001923177 2750.1806126533193
9473.48886582399 -7296.775775099136
-6972.343496453699 -8308.604110618639
1898.8463056230285 -269.968732058338
4329.1795242987355 5957.184860977552
2797.9209758978304 -9296.953810973215
2264.625997571735 3909.573246529848
-6396.676910401293 4528.55878029009
-3554.3194896057103 -8255.302237224765
-2478.079648686431 -5437.567636102991
341.1159493054165 7730.96981056191
7988.263922301754 742.9459917263266
-952.5998927838536 -5376.779077374687
6113.853601306142 -4367.655022133923
3772.730391716197 3363.793563603136
-2154.2559274600562 -4152.796508368044
7507.761500753601 -673.9279102548608
6723.76718859695 3814.738611725794
-655.419835494813 6125.4754685217995
3926.445017525577 3874.2305470360025
8518.745819301574 1417.4682442775684
3721.4298208742184 1449.7555888773968
-6512.478948288718 -5878.323003743147
-512.9024035922739 4352.451671321911
6220.6702292654645 3155.73302428864
3147.709128903187 1227.5800240490917
7368.507266480585 4031.9830159640333
-834.6827265512529 -6256.32856996255
4085.1443886110847 -8435.24147156145
-6842.6010335262545 6328.075294235876
9023.176860351196 4455.4090771143365
4759.957271037145 -9914.72667218147
-3620.67917051724 -9333.157038879126
4531.628941083294 -4008.672316118229
-1141.1984958584999 1268.852187184977
5495.106599327502 -3460.107430754202
8039.572201365481 4830.028939626305
-8662.021081938212 4722.226183387758
9855.721539130162 -5548.3982538866685
-4654.147664799772 -5444.316975784551
6782.715565674156 -4816.928172258677
-3183.5763004625715 8332.1986597682
8795.391146023765 -9170.959811811215
-4996.065183540359 2340.302677213358
-3717.0879462141347 -3948.842002045154
-5430.768335968779 -4978.768154658395
9843.16362010864 2188.662658540008
-8938.574614235713 -648.2506350318381
4242.3649106187895 3365.498065346519
132.94510127632202 4703.298790545581
-3186.067191602324 3221.5299266965358
9990.537617826209 2509.1631842569786
4183.939914437027 -8000.0723386832415
-6989.436207123872 4778.320779727028
-4551.234981494547 8742.289377811838
9497.71552245301 4826.727523350935
-5206.16269553902 3987.6299123844856
-5757.938787475167 -4446.213687083871
2030.6402862830982 -5359.114116381025
-5169.891684135119 -7826.211771881912
5642.434885625818 -5428.88825482216
9591.352661230216 3519.1537054003293
-332.56939357636656 -7980.915570304254
-7387.4350289407585 -1135.6802729729316
3111.4312930561046 8038.557570575398
-6572.153351586691 5676.162441304254
-1429.7604735010937 8964.935986865225
-206.72919435784206 7778.863437521875
-4644.586593064219 299.68516655414714
-6619.301910733342 -6871.82419032168
1655.226089278909 -581.6973081442684
-9723.848579716258 5722.057294233149
125.972280981714 -9845.773730379524
843.8953743039328 7131.685472731537
1797.0457194331684 3580.576954289978
6818.17056755349 9718.892897367263
4286.491724211532 6206.163101879782
-2589.702353691643 5813.094683258401
2062.0189695244935 9321.714578440955
-9230.355268904676 4952.810628076662
8845.737326481045 1376.8363400751405
-7687.242232120207 4753.913036069622
-4750.829890873658 9037.704148860506
7235.698163677647 48.77146432698464
-1661.6303795528056 -8029.938434896473
-9049.553430270027 -352.51710225641546
4067.245726915955 -8588.395757787712
8236.990253786586 -9595.578344482743
-1619.4978331140082 3242.366867119428
-421.4928425969538 4230.363992009019
8275.8480280056 -7468.732116805574
1447.830475635763 5272.479303613914
-9771.558779968313 8431.485813513656
-3760.8336595348146 1691.5041826911965
-9881.197019857953 -4183.1164282906275
-2910.1852705882548 -702.5357755386394
-3831.286098213327 -6803.774243553753
3012.4252563177797 -7237.688244338767
-5622.108416462688 -4788.546061705958
-9440.89794808112 -5790.095839656666
-5432.469368823272 2420.839577745135
-335.54628051940927 8690.768715614926
4375.06426894918 1087.3388217703032
3365.459991012929 1381.1278396101388
8407.788290866261 -8662.976618953133
3771.817670068436 2302.696375807196
251.2707220880402 -6678.010958464682
9961.2007532311 941.7882362472301
-3858.247722484074 7916.665397770474
7399.657248761923 -4646.692458837844
-9149.978288298482 -9004.004874745584
3038.138653182108 -1832.7757099740084
-1312.4660984246984 -1511.5261677928556
5411.950385425493 5372.1662486396235
-4466.184035528539 -6833.427354983987
-5129.314837349084 2832.798032612949
1397.4951738169002 -6468.396005066379
-4508.022210454412 204.67789138398803
-2738.4479086581678 -9830.386063859074
-2716.7826966117145 2242.3238739400895
-5173.30121469128 -4400.583526854478
-5048.883071926853 -6546.756643476717
-6744.950779319439 9903.42978885652
7819.831956249436 3632.7217788061207
3129.5351691199594 -3673.5179322415124
4404.095332969666 -978.8108747033111
-5417.190991119136 8547.306565691306
-5305.3762321971035 6658.013323185547
-6087.35510250801 -5528.031624882752
-6611.1785636905515 7962.612180784727
-9010.864617763875 167.9962253243466
-1899.3976436822259 -8344.20957693562
8372.26845178079 -8047.475809804668
8008.919847970188 -4158.7454968589955
2296.740359357127 4667.280948010764
-9544.621399365016 -5600.721145476701
-4455.8564439461115 9817.795864067448
5677.097171380019 -6198.464284201424
2710.963483836573 -1476.2807365067165
3161.741227260354 3038.123526666359
-505.9260839906219 -8878.310144613699
7037.465719387881 1554.8710305135064
9353.726808930402 -2218.2910309782073
-7538.746073779954 -2068.9834169651485
-6722.699568052278 2642.5166517271846
144.94213601713636 5484.394859080097
-8644.649867259788 7740.991470772642
1958.9928699115753 73.30080653402183
-1505.2046998031838 -7594.865378131168
-3020.1441142385656 -9928.779333152565
832.3527470030403 -1200.2819158598759
4397.552928340005 -1177.3355138709521
-5725.396931824711 4958.221673304861
7375.883871124683 -4154.645693372152
-7920.631366853033 -7095.793944564326
-9741.553223690647 -5373.941120766485
4506.35606104026 1359.7984914607914
439.44390488999124 2064.397219579796
303.2943651730766 -9941.48905005665
-4230.980029447724 -2549.0376743378347
-2842.9083276283973 -4175.872788402648
8538.66612904003 -2676.8487717738317
-3772.197535524935 9346.936463344562
7893.009321612022 6624.111865270002
-5503.510152869371 5983.116601444113
-6059.931300685599 6297.260265109204
-2103.6624709938897 3922.6087484954805
8882.870469680289 2780.835206834585
-1940.339515480614 -1284.6529742803086
3171.0653209882785 5824.010746020993
6001.726242776529 -5584.757575953836
7971.99558170568 7628.098386873935
-2824.3950995686328 -1504.1443416859292
-813.5727704323162 8523.412073230946
-5929.4794747571905 -9788.781944684164
-7215.050089802986 -7775.596990961762
-5110.522946193688 -9780.207617931253
6416.825860881134 -2837.3116346193838
9830.20686372251 -6940.898596842753
-1956.1487397199626 -520.3484679884132
-9893.232962547838 -6546.921353708485
8777.578059204916 -2032.699633730057
9087.3976611285 2453.725572329002
-5850.98470602106 -8421.888334658732
-212.4667172951049 -9936.803141723007
5715.725581331417 6081.630268333058
8445.135705006127 7251.9632258649945
3211.996827757286 -1972.4027019503683
-9981.189402150734 -7816.772173179857
-3626.4344701886484 1382.4446777373287
8187.4345937125 -7026.685681703466
-4880.857249279187 5037.996274387955
9793.315274264813 2462.266367191254
6946.764218337332 -2151.7319901309893
1659.1807122918908 -761.5689992133266
1203.7958092249864 -8067.726680565011
6322.574231208475 3555.3392910822186
1315.1724436041695 -5312.209666175716
-7530.478468962689 6798.709174345866
8105.258179767283 5293.060696517827
5712.603754534979 -1194.048728367441
24.47570969462504 2430.430778798138
5846.865968303964 -1389.9321028464037
-607.3478612438885 6547.977267121536
7830.260776952786 -8925.62002417556
-2303.205749917878 2182.1860344195193
5473.617865274315 4404.043290934516
-2468.203265185678 -6303.211911769644
9188.395384360621 -8335.150916401028
-6051.632563619529 1249.8863990297032
-7871.224086167398 3209.3251559594464
3773.2277884312352 2883.5373201514994
-7322.076825474363 -3695.293006517675
-2107.559451824075 -6663.014817337947
5466.515869842246 3276.852359795377
-1460.516150088557 516.7753714494411
7974.951070031406 -9871.274024005917
-8694.516424311554 -3485.9938461057463
-4741.11473625995 3861.60161687413
9889.788271654947 1641.0081366585491
-8548.9264273709 8621.65866433467
534.8625627948986 7166.774390296363
-6569.265065597494 8314.190939410193
2640.243022171093 -4737.509107470348
-585.0312604167411 6472.1676867055685
-7773.9060927809005 -6874.44522538905
3215.0114887220934 2935.42000877365
5717.672295476326 2332.492771327483
-6486.580637192603 -8708.738097507929
-7052.198321613359 -5821.774566460403
6756.536055930101 1046.8778375570164
325.2269239182315 -2908.8415997519323
2119.8813298119094 4148.353407534567
-2207.493269378373 3170.6063379585303
-2507.605517814837 -3269.263157801932
-3502.1136930285675 7475.088602159511
6538.725392317556 -6121.926907945141
-1968.63217880511 5897.073490681481
8637.064483475664 -2308.136154590923
-9374.024430429721 -4708.233104253141
5853.279536963342 -2889.0442127803562
2901.0072361911425 2984.5823478596485
-5899.597928865452 -8304.630040504844
1524.825274792378 1863.9583096244314
-754.2046472584225 981.1368072211881
-4399.461995539275 1973.2194262427274
3166.617089351472 6032.723462312839
7628.698706026909 9847.202629136362
9617.460076159183 -9535.835186618766
8576.922371402834 -7203.581293598887
-4737.642950263059 4469.554918520571
-7112.884913477003 -3076.472452672563
-2663.413797580077 7298.075042332337
8176.785020345167 4863.956568726824
6142.031337497596 -8871.726259510964
-6058.316828372301 2074.5093522346615
-2056.902189570682 -7559.163383532188
3742.8072859998156 8950.855166790727
1818.4921430566228 -4241.373217372488
6161.58475747975 -9863.196209239084
2637.440572533573 9017.298756216504
1232.8256987487166 -7904.676378907132
1567.2052367597498 -150.6810914477701
-8884.177011496555 5343.271612037368
5382.043388479502 7708.7694308779755
6439.7600611572125 -1291.1499005286823
-3667.970228278543 8033.825379794893
-6939.640042703981 9552.825453849535
5443.448928751977 1538.3427739124327
7890.4984187825685 -3898.416445062103
-6139.263492838503 -5756.483547487878
-2981.7208081330546 5872.123022068416
-796.752565724848 2005.1020938984639
-5498.139896637526 7626.120422380394
6898.385276414174 -2938.775522071126
6031.083069696175 -6627.769306535763
65.93299478501649 -6479.669844751079
8071.764657485153 1642.8244650751549
5766.690346902351 3728.371359779154
159.26239269744838 3603.3814487629606
-9708.19243684888 8098.838807748434
-4316.26875390672 9509.806844367013
1657.4958373631343 7258.789495697711
4810.257252262038 -5389.0444123401785
-6416.940770475905 7258.558132664806
-7897.1670633438 -9199.312400085282
-8031.51030939431 6112.35420483766
971.9361366678422 3155.8058974758624
2251.141055668022 3081.497035486118
7241.230900397459 8953.264570777468
4009.2755358673803 881.5570433773919
-5070.283566657316 842.0540880440058
-2206.4294141449973 -4610.79006039383
-1228.5878286458556 5552.219736425881
-1594.065931707395 7444.143821644626
-9954.546572721634 4855.4821016615915
8708.282444157074 6985.884938277184
-5034.738172892124 6448.977236035633
-1467.8059753413927 -8965.05908693196
8176.221395119188 -984.3547402924632
-5626.350186823976 3922.1917844426644
-2162.91466965149 -2078.148759214245
-2704.6605345106127 -9310.003798118209
-6688.887742906307 5844.830109702956
8822.307949104397 -7267.001629753198
1668.713534238108 -3920.403105561436
-2395.019851795457 8516.16228310687
-4995.822378512411 -4643.015916574931
3236.9022336807047 -8397.90517910859
6994.81249823562 -2288.5015263903633
7852.805293944861 3239.237383886899
-5818.362849370828 1269.7384887486587
-9004.118152008405 -2592.9552675155883
-4873.476982242444 5787.1114102719275
-1268.5484439649772 -7516.194522217736
-1098.519277787078 342.6571612313637
4097.468870252986 -4402.717139993509
-6708.444856421041 7808.79158284438
-7279.394060239947 -6762.118624654594
2643.5868678978186 -4455.17649356804
-5210.071200093893 4858.595623352112
5468.863935454468 -9779.86954443995
2568.4689679862513 -5044.499376546587
2708.4863041104654 8754.9055605469
1236.259346150211 -6482.898497602725
8996.028596619963 -2926.574848872614
96.70733596510217 4750.372960731003
1302.887821583241 -6303.188050634117
1041.4340630723327 9635.857705272265
2027.4619787125794 6159.304271553823
1657.014644328403 9133.725303460124
-3109.895561734168 4814.069879469798
1470.3142422288238 -8242.780729499927
-8078.423670940074 801.6387011569859
1567.4096026246607 1749.4573306459533
-1616.5102194285955 2786.0507076589
184.36400571127342 -7755.925247995459
-364.97026332110727 520.8613358764887
9856.396699904344 -8440.260930097294
-238.97933955516055 2389.1621525939463
-4674.712476018821 -9826.914309269732
202.17303945875938 -1231.1826266805874
-4356.88797081849 -9065.82868234524
-2320.8521168452244 -6593.859407746399
8773.714509820933 -4266.94970341207
4377.8337188095975 938.2749191053372
2481.579411290997 8095.636656188788
-335.9620087364674 -9713.43882991368
-8588.939487722402 -6918.479220358693
-8478.451353364788 850.2191830717056
6997.2056144447815 -6624.0367578430105
-4541.668295033125 -8738.305465899955
4212.685330726508 -6387.202414529714
8801.381465853567 -1077.9478767100045
-2856.365400399741 -6265.470125874939
9101.549065826683 -7383.165064686267
-5999.5243741036975 -3409.574347710669
-3204.5595073625145 -9780.17069488465
-8591.91085909072 -5007.065337223306
-5677.74383375913 8824.221804291443
7682.976091063632 -902.6850983255299
6569.233368633373 -4402.350276255964
5293.323774674149 -3761.146721829212
820.1301771960952 -5760.313762294438
-6188.804590729082 2256.6191701866046
-1693.0314601221125 -5872.664725115406
-3595.6874913037764 5852.210438767712
4016.038301705692 7066.136914057741
5278.20942262429 5676.483723803605
-3425.0558879929204 21.513088819638142
4467.800162826599 -6393.205956112147
-4151.739339044176 1287.0244700962394
1990.6896766761183 7071.8016719250845
2295.137287721758 -7746.767504919021
7612.839729523133 -1699.570197134086
-807.0193618222656 -2727.106656371332
-2659.5200850390866 9016.093148152631
6507.124356279168 -9924.757799021196
1240.4391117937066 -4633.152002261609
-6512.832230114125 6764.161455373349
-2695.653846508523 -223.36062102924734
-4003.5399128060308 -7357.951426640044
-9189.555157263596 -6077.635147912328
4131.978050604317 -7066.758943115039
6000.026337551288 185.99072293767313
5867.6296596064585 5937.881649917275
-5126.209832630036 -2299.4992448513776
-6745.203110267175 -8770.867078440908
-3473.296428537784 -6497.021135639678
-860.2871426512629 5213.697369017289
-321.7748928127294 9327.66571141651
-5591.950264313386 1707.6130172042267
-9081.971225348083 216.35507528330163
-1557.1264878449147 6136.334746752784
-8324.340684607729 2393.032625734455
-1217.094841073651 8550.1445822438
-1964.1854804741279 4744.181898545488
-106.1927804752413 2852.957831292013
-740.7558650618375 -9234.27373909818
5515.996452093659 7474.631316769846
3232.5323119676777 5982.097334513461
4228.266419159547 -3826.0951114785494
58.31051122415374 9612.449818886227
-6332.71748444477 6741.1438654527665
8610.729258519747 8653.58797395376
5268.793033263666 77.07360597245679
-4880.701142676598 7568.678621808358
-1552.8174197673798 -7544.257990948724
7707.495337986711 -2584.617439939094
805.7793937560691 -263.0401483543501
-3699.2044135515534 -5483.459987438368
-728.9041497339203 -6124.484050158035
3432.1060131987724 671.1016770451897
-4030.0157755843084 -718.5163078934656
-1789.1901236706144 -5577.4891116131985
-7780.555359296948 9417.974919165423
3084.960522829677 -3953.717352110686
-5825.368885467786 2479.721547570647
-8985.59178856829 -2311.9475657015446
4481.357904212497 -922.0951467193972
9285.947592552238 -5522.0952411465405
-4294.79105148612 -5436.327623101036
-4560.160775392234 -7533.68936153717
-6639.878645948074 -6045.174995147935
-9359.644521840908 4871.54775141782
9035.103665175957 -1612.8183123950494
6311.264148934581 -601.99501235549
-2581.4768527711476 -1405.8396811213188
970.4606131289893 6279.292456976404
4945.186920637401 3125.148134550218
-4063.769085238322 -780.3674162830284
-7657.786860555107 6845.2640597483405
940.9125183243086 -448.4917131114653
8525.479852678454 8716.141121790108
-6323.996820591935 7697.112314528684
9099.208103031298 -3060.5920347379324
906.0416467079594 -4584.36488790267
9137.028994380842 -5748.453428346052
3026.878599241749 -2662.0080012170374
-3026.337739431342 -3509.1284169084893
8807.218996636246 935.097539399052
-6587.894468642437 3514.3765770903137
2540.6194034983055 -9664.654924625675
-947.9670077978517 -6875.752679544882
-8051.613134953166 -8698.53387788163
-8629.13549664094 5870.856674094915
1912.1169135848158 -7803.51651787025
-7260.238781643318 -8568.904008279182
6477.889127063576 -1086.9990209239695
-9267.419640030783 -4282.072208643972
9562.417090539242 509.60748294474797
-7113.404131171488 1959.0710338482677
-6595.2728811400975 -3307.307491384412
-500.4091481820069 -1310.2262172856044
-6954.763347993025 8301.522515529785
98.68566524791095 -7063.362319283422
4977.361612687066 -2401.0678616217438
1892.0687962679785 -2173.4849731603863
-1394.9143344662316 6439.543669745257
1815.563604575971 436.5131638660405
-9746.80990984721 -2718.0663909545274
-2288.249728265386 -2091.8220433613515
1215.1289907573519 -5469.284366433562
-1269.8506922188699 -2319.044130172525
-6313.177366122713 -8160.96897278438
212.74161081800048 -8842.921828422112
1422.907990726626 -5228.52964421567
-5870.10642172286 9192.019239766501
5565.282514368295 7621.981189180293
-7442.468190744942 -7488.264808927014
-9667.950330475693 8200.85219963477
8737.18929118682 489.90623923180465
8118.2540471840475 5049.388513151143
7936.335850113828 -2324.5573559519726
9048.086295549667 -2189.57088882858
8627.177577373292 -957.4575810911338
6131.504542283921 3377.387085248394
3427.8939211109646 2142.6261089214277
-6083.488077420862 7964.022705818883
-1198.9303019872714 7169.495794575996
-4108.393652097293 -1618.304376395281
2679.8468090677325 4406.106885690371
3881.199016973058 -5419.629418484873
-6.88806547744025 -7396.634111499072
-8709.918808511702 9904.17614060524
7486.819750954612 1548.39840094166
-8708.697055749115 5531.862553564542
-8710.682385090482 7411.76941541674
-9084.904348740638 1217.0194091863214
3344.337856760425 -9579.838872947079
2484.7770763682165 -4287.54288393489
6136.092558270155 -9016.952213464045
-5041.174062390721 -2842.3186923085987
9056.690631486465 -7391.056836553114
-523.3753662096933 6227.919974042568
-5683.122388526658 -2221.182492757681
5768.627523435454 -7012.300443294169
5476.882569581534 6401.324463547302
-919.9895292697965 2161.4955705150387
7474.933814699401 -4443.506142674494
-9129.876518716503 -9071.49297524647
3456.7863060370237 -6058.401737201566
-9211.63854915638 8368.148535237837
-9239.605087053405 4764.909674456294
-7709.655466811969 6327.376331683876
-3914.37409027362 -3209.8894773825996
-253.42391144876274 7750.491790804732
8179.713197214482 -5183.847075755039
-8990.958921401087 -9593.385242147773
5294.914104777159 -1915.622614415398
6139.4713582225195 -8530.472933015468
-5774.377352583164 -2063.2466287577136
366.2979711004282 1549.1362903070676
-2092.027057289114 -5493.880810876728
-2674.4083322715096 -4456.6689007418045
9365.742827536182 6301.337712889175
7254.565603789746 2073.535923563284
-8787.844100313949 6257.319261056122
-5955.49791285537 3286.8000004018286
1967.954508618437 3151.8794674607925
4923.248057800152 2451.790214953935
-6868.097141269491 -1751.5511244893096
-2974.304253505389 -1954.414173861116
4240.662274481041 3605.672663765965
6223.9602347076725 -77.29063884839888
7080.747888449478 -9298.032066334108
5327.234066048906 -4322.651894491903
-5233.919400837272 5855.148024055532
-8875.41495844824 3454.269415211682
-3429.592149171678 2374.2393205443204
2732.251074173515 -8766.556222853926
5204.6585019766935 -1537.3367789021668
7320.253725079587 2007.9414170668497
9655.078157115735 -5401.025898065026
-6468.555500443649 -705.8188666483293
-6251.228330396914 -5546.615142206284
7769.37699667758 -1941.847535675698
8289.054912721276 9355.334932826536
-5980.325687017896 -7589.23535960188
-7096.188990837471 7909.3944953473
-6017.15248859774 -6680.005546786228
-7324.184716457409 -436.1766649022484
-8965.198312715653 7107.053703762722
4174.783855719537 -6231.861684484148
-1105.456720274984 -1361.6867186362397
-4313.3239302856755 -5186.92550944527
3866.8886036108343 -8105.739094364519
-2763.4376884127732 -3471.6500882656383
8141.2533204609645 4991.297967544217
7427.158295880501 -9279.31255776409
-9134.119209170443 -3248.287365635105
-3834.1058041759197 -1433.434950419858
3580.1528983223197 -2438.3033313996957
-4970.818768750493 -4868.79146137837
7075.905402082426 8526.803742678421
313.31123030578783 3767.3604245704337
-2128.0478122362356 -171.21424576200843
7747.212009405641 9354.403911284473
4224.303880139931 1707.2612567203341
-7606.946333946729 -2829.563401137165
-6042.154442451244 -365.78391133450896
2436.495900264197 7646.935989396745
9393.52590213398 -981.1469059187257
-8630.866391763975 6337.672525491556
8258.380698344234 -5825.14193960872
9491.489380830444 3140.576116340879
3704.0088786358847 1301.6548757112541
-7284.326620132655 -4856.725327070013
1422.3817913183593 -4124.220805062422
4322.626272555903 -6579.928002870496
7336.171430854003 -8881.98667691221
3629.6270265074218 5690.147413554505
5454.041022665664 6096.467696131285
-5550.463441245068 3953.8027869389825
2219.6395094651616 -454.68231359674974
5774.029199606257 9055.609625950932
1046.3139831386943 8623.437985905439
-2711.1534892527907 -7419.66257978069
8717.837900191182 -9393.285434100824
3129.8793717908084 -9430.41925262848
3948.7354926846947 -97.6664745757771
8714.683759502695 3254.0300337654753
-2363.937051586091 2792.886363796808
-2465.204064026436 328.3640575044974
4197.784981767141 -2037.33865166323
7470.012216164378 2252.7724045499144
3881.1732712536377 -7871.982446919332
-513.4350201009438 4647.149088759581
7037.927953248633 -3011.7250699226615
5506.921521306627 -4948.972132030373
-6898.9894358859565 6233.078686339222
6789.702343763041 -845.6383107105175
9361.451778567302 -513.2641992964418
-666.0009444516727 7061.277813178418
-2368.3155611021057 3839.545327373682
8623.163140252465 9230.981994823102
-9504.770346347761 3010.6763366432497
2448.902485856099 -3553.0053586665235
3080.8448747907114 -793.31384988428
-2392.6848905333254 8497.961070704663
1162.5308192984521 3384.2895194814773
3934.2672876560555 -7789.719520934655
-8124.93704321676 -4104.463059469632
-2551.694929315123 -8945.143370773949
-551.9931518666272 1388.0721204718793
3295.0658759849157 -4242.717596243333
-4900.5486195546455 -647.3080851758023
-1262.054576735276 -1827.1854396669296
7593.97404004636 4854.942181520755
-3384.451535537809 9144.522131834237
8957.64197085513 2757.03072876278
487.23997485899235 5145.021598176138
8456.120387108702 3130.8600825485973
-5886.110711140004 -1790.7483282821595
-2819.7454745836567 5582.514826591738
-28.31903338150005 -1002.2475656810093
5446.764153401364 -4146.922208732218
-5827.339881586444 3786.9748297813258
5709.973483410098 9330.168375121531
-1533.5659596292335 2765.1406233894777
-5206.218049046521 2999.1370916192936
3923.264377403757 -780.7540780422096
991.3606225377516 -117.62271754135872
-4550.455641452897 7030.790780533156
3943.339168661725 8159.746602313593
1462.44381637677 -2645.1187419923963
8193.533249311036 -9067.374727766382
8851.285837254018 -5560.63456023274
-5065.458321525087 -8011.338489037678
-221.0016428988747 -4752.301523628599
-9306.177476510093 7943.797085541613
3927.773441228197 7881.265413700297
-3425.860857483567 -2217.3123603926424
-2531.1708865237215 9753.920339708104
-2849.4498248909103 -2911.8323675658075
-1663.0256408491296 -1946.4684897148363
-5760.601303582673 -3855.0595273436184
6316.440295109878 2232.3561318891134
7493.033634933905 8622.20791023612
-4004.7701875779103 -8899.90833752252
-8862.719922409273 684.478527857369
-9178.979424397803 -4449.504372579001
-5843.040523985945 9149.331427909154
7292.427339184331 2034.4793893160859
-151.96559901257933 -8294.559043736968
-254.7703515230496 -8400.366606572166
-106.75900137115241 2223.7007778656116
-1756.0684185943774 4648.147495285764
7981.350647517567 9838.810092922173
-5235.186317959166 2522.1519876661405
-1521.516683996415 1748.2292703246057
-3842.583751967776 -6392.4984146253755
6773.175792968661 6569.927801167709
6297.1761411690095 -6145.910587704153
9655.190995588531 7619.8926522538095
4392.708411264915 -557.218375977016
-3548.6642281514632 3614.8861832266502
-8412.969481480432 2786.114171473764
4629.832523571911 -1924.5184953471316
3792.776335074821 2131.9123900858704
7198.077988577144 -1901.0756687574994
-4872.743474209055 -253.96775058828644
3456.893220151187 -1809.0803779774524
3363.9861491159354 -6017.5508811449945
-462.33579041638404 -4510.052629901449
-3506.9138614862695 6505.953678302609
-9362.961825196848 8987.269878067378
7783.750371511629 7514.745888784964
-7022.86381213991 -2759.699490786149
-4332.2549316955965 9017.243459791367
257.5128057635029 6596.555116650114
-5686.307151385752 9049.467530539714
-3271.6181895525006 -4910.0798338467985
-9062.325583055377 8176.377207825011
7002.903954060923 5940.51989338249
-3303.5410733320505 3702.5754472248427
1339.6212891841824 8983.984299398464
9435.459427318168 -3275.1667198953373
4364.387477188673 8375.454199371263
-1385.7091958860892 2490.904100108184
-4935.551811261689 -9441.807195192308
-4591.4163219301245 -4513.858085014724
-3624.4134061368195 -2243.792772321751
4287.496134409976 7251.462870030864
-6203.461297221149 -855.2015260184089
6292.141746494668 7143.216733546593
-5796.832011966096 -5627.481874533866
-1209.0655525360944 -5922.418908107213
-1601.837964844868 2252.513259587773
-8336.367290165384 -9240.903276726642
-6079.701715533736 1210.7844908198604
-4333.35247759872 975.025757008163
-1749.3847192822614 -2526.578478266819
-4842.04426242524 5244.217059522471
-3208.913437042611 1994.392725994694
-5589.247531685628 -9558.788084110745
4854.705380849555 -2229.9861754357653
4420.737446484629 -5026.654625122937
-1605.8619432961405 -4544.25781804831
-4587.264582369595 2670.637213404909
4309.408253862237 7095.477874568318
-821.8851958064406 -4244.707853189658
-2086.6536589910265 -4706.918009474767
4925.254306944258 89.65894974436196
2496.820373757948 -1699.638191116126
-7498.903452475767 4358.537625212093
3924.0436444190145 -9734.71448446239
7642.590587105009 8923.744950121185
1801.542285243182 -9721.254916011841
5342.631520732537 -204.11260253228102
-1997.3605803032715 3877.693687169085
9465.86385083101 8500.317679729222
-6807.396482958353 6307.0317260351785
-574.4938451799753 9571.285452586078
2487.871426081423 -1887.8584289260034
-1966.8565918099694 3990.3194596182857
-7503.932363665027 528.4956797831746
-1440.804232223125 -908.085425552239
3721.788880419459 -9345.693559902917
-6407.425774513782 3291.625223547204
-5313.5687722850425 4536.70687546406
-6536.201387555889 7448.70055770631
7098.601912392565 71.4897629296338
7796.646638530459 3757.423369913018
5024.948535930387 -8989.044617429545
-9820.826671460563 -2231.64739038858
5249.513454160633 -1606.0353279628998
-7004.267230734462 -527.3057219422135
-9126.99386436347 -3643.1966870060633
7137.405298268452 -4659.939247376632
5691.665862495513 -4446.983624629408
9609.018311664579 4781.908682179501
3008.6699796988287 9304.890932198523
-9023.26715613325 -8280.02411443483
9269.32093691983 5128.793812160438
4150.947102444574 -5228.928551164946
274.5308283866507 -2578.8827468685695
6175.045802484463 -1983.3999762957565
-4284.59839138615 5861.098974222925
-4508.68704603367 8407.238166668201
-3615.02437358505 8481.323210682887
-1418.90230144003 -4439.79283989631
-2338.4766486640538 -1623.7539488416805
-8072.883686125771 5038.622792781443
-7278.994683259845 8663.602608780202
-2078.459378172737 -2840.5757942141154
9424.63181720236 1583.1059430236255
6644.314715417517 9958.431960023467
5940.727403126137 4511.363424498228
9361.92060383661 -2851.9053137773117
1898.380262001463 -1808.53274422311
4147.590096436157 9735.539570251032
4233.649263816222 620.2677905153014
9199.74960467876 -6574.450563711432
-122.63122368218319 3805.8339424364567
-4763.7417743373335 3015.1371288254068
-8953.10915742764 -9997.826312668378
4767.784899246588 9693.413676713451
3142.3647310381475 -952.2091457363622
3104.4491257757945 -2507.524915470045
111.45091505602613 -920.7982508040513
3625.6365940843843 -8907.931693327717
-2365.357304219784 9160.057513923784
8143.6734500563 8762.827202901834
-9403.355188246083 -5738.94367536635
2117.831232938057 -8560.103565324118
8047.552957015461 545.3549674349033
4025.9139838819065 1750.8011347799365
-3779.1598041691586 2058.722556394305
8376.456543393197 -4721.560610100652
8163.456745414798 8693.213924474283
2645.3538006445215 422.1190124233053
7146.618462867624 -312.33540160167104
-153.49201885469301 2926.5826562881484
-9735.855995289008 -3052.1534893452044
-9503.123779986585 -3519.006529823616
8488.484337552858 -1886.3477520695415
412.0700219045466 -8253.097322899272
-57.13429786908455 -9429.792989879204
4069.453015510555 -7243.776034883411
4261.249893181899 4494.339173508657
7201.447344049684 -8172.702792598092
7646.099343911683 -4452.631160541576
-3167.444427713046 1979.1395397185952
597.2139299041519 -4030.2837086140735
2149.380789184539 -718.9804176585221
-6726.820453057613 -3397.661190066532
-4606.296197061471 6656.514243075424
7060.272027280342 1754.5701766361526
8394.465776909023 -4631.746265164603
5161.910690917746 -6142.564229959921
7405.283796960022 -9258.426544904805
-114.93207471030473 -4513.933365485609
-3410.099240610931 4642.337962520196
-211.70605091985453 2604.3628810120263
8798.761677662496 -1193.7759642638102
-4030.676215477196 4779.585592752417
-8794.308710347002 -9676.218122809792
-6491.509956726835 5634.087951292851
2924.4095919801057 3417.632355152011
-8552.532420707632 9945.933549956062
-8099.564349929131 -9894.818294632383
2671.1424217908825 -7420.331317791182
9174.677416467843 6422.267182566946
3673.6845945730965 8823.060485823145
-9959.187302438811 590.1788202497737
-6571.812280824348 5725.138293922222
3669.3319163687192 4840.54326167066
442.51589986296676 9675.398676663513
5446.901895295019 3569.5665246721164
7572.277153367391 -3266.4159374276715
-419.51185063295816 -2924.8155124966434
5275.134198144207 -886.042674514285
-6558.543067500044 -7662.3119718197395
-4271.066515817123 3747.538260994932
-324.3426158963557 -9863.56985534336
-7400.5832062077225 -3009.706718647576
-2718.737544900856 1252.2388334882216
-5768.42819211193 3314.8076264285173
-1343.060247663232 -6412.784212251703
-8348.060031864761 -4782.515544299799
6048.690093381398 6740.601425243494
7007.502702365888 -3407.128274554272
-2125.517522442575 -9088.55269338697
2930.026874475474 2471.225763290842
3081.5918030995017 -7044.157685311842
-1196.948488927963 -5715.036326468979
-7.668846115153428 4008.495733853817
-3978.0346563392422 1724.184775314352
-4980.35761514404 285.48666714969113
-8924.090848962474 9760.973563321317
-3815.199568519499 -8482.960467165394
2643.5260728889516 -7433.272475420751
-3454.7357192098852 -83.79332457326018
-3117.152511947592 -5183.716560429521
3441.483386667638 6671.375218236466
3708.905188425417 -4732.851478933598
-9102.740820587083 2657.539353038388
-3909.0798222810145 -2478.3271662500674
-5440.966467412964 5393.324984408882
-5735.784752581763 -1475.4701280915688
-8764.733436407007 -4772.236199073945
-2759.7258821063915 6617.409805822397
8397.834725262383 322.8665149750177
-4888.351777544564 -2132.6520821483828
-7066.821648099683 2205.0618172152663
-2613.3011812953937 -8095.3407954680115
-7018.3090162449525 1490.6045592143564
4952.440941548573 -3349.037735959586
-8120.3635261663785 -3152.9136098032695
-3747.964889624788 -4912.671392822638
-981.3403250797019 9335.216750250514
-8123.239582289099 6607.100997821468
8863.730161174091 8982.064179308178
6010.571538120275 -9482.521267172066
6421.149799643474 -9231.005408327892
8028.641179942108 9898.478014488537
5124.028289653346 3174.5545871254417
3039.5515034733526 297.42489942591783
-8596.585059455665 -6005.397598140269
-3725.904830968283 9631.657882792988
-860.9371918798097 5368.993464295178
-7038.082733861202 -6808.349492718584
6734.563651109307 2776.18661654105
2700.5193064474406 781.3013399205665
-262.6024536871191 1214.1447954757696
5309.415504853208 1801.6622486470915
-7274.790753352323 -4132.049062721943
-6224.46990859441 -1521.0885328808235
-4394.604988845749 -5728.4156150947065
-865.8128759162992 -2543.0906330158277
1525.8929529023244 2303.3313655362253
1993.3421387512371 5619.204843993177
6270.818889943617 -2688.655298884044
5896.9715184770885 7274.889662060599
2315.3953691652987 8247.888249167365
8836.82671826777 6737.237120380512
4640.389787745902 -5102.161508085441
960.0436605506366 2843.5754423406943
-42.93501367755198 -3880.953450264724
-1116.6377093397132 109.40536667726883
6169.420741481055 469.1946504851603
13.017054759115126 -5020.728160994056
4701.293170803665 1675.8075669920709
3882.615634029946 5031.451724142715
4741.65763760642 -3886.874715162012
1759.6277941849967 -5986.953803504053
-4487.746522984617 -218.4478469365822
634.3657050952861 6226.592653200427
337.4509268834736 8242.45106396146
3193.6349981606363 58.84378512970761
4597.033656150574 -5456.931065548263
-8505.493108173323 2336.902324582037
8568.380931901022 -2626.588905529641
-1208.0478779887108 -7283.584413313897
-4284.712388315588 -5471.0731706424085
1337.3454408776597 -9548.926293728817
7156.46448195073 5209.878291630925
-46.85453969097398 -5337.807378998343
-6152.473122234223 -1229.6828172103596
9802.325567467738 3621.6779934787464
-563.9340840148507 7236.610819892634
-3990.584622092235 8581.21632219874
8800.182596103034 4247.493896671673
2653.2988820887385 3325.0529381526976
-43.36234494326163 4024.6607158190945
3140.187202417841 -8106.735948037731
325.5580145891272 -9435.068934035675
-8921.528295461643 -6183.054655386353
-7735.581995672028 9452.06535116459
-7484.555253251045 -1273.7122478600431
-2665.201242025885 2518.329627253748
-7240.849990870904 -9662.97378212115
-6058.794723425028 -957.053425721002
-6003.08195281605 3590.2909660042533
8782.007003306262 -3743.4073201635165
-6464.593412201755 -1884.5879730956285
8978.342602797293 6628.144826715361
-3274.736797004629 6204.771022136099
8797.62219108985 -258.10303756067515
-6503.20073532463 4134.309228203683
-7435.974183666256 2530.509645955777
-7078.6515637353 1932.850567187419
3649.1933617995655 3210.9844669401064
6326.261917612397 8597.912978875036
-1637.9277966360532 -8522.024509742407
-3770.2194673740632 7275.224496424347
-6892.327247754643 340.8024172862897
5725.294309012101 8063.683591995134
3360.2677216019656 -6552.458236661833
-9067.208704976987 -5122.955468842798
3797.3460556728296 5821.610379570879
-2251.424091272842 7188.122275679896
-9633.58337801822 -4356.707915623714
-6637.390024435903 -2499.1308689130683
-2892.463420314668 40.68377454380607
2876.1286682843056 1040.1752221995412
-6769.774768755971 8811.566167618854
-8159.554659124222 5418.804119917846
-755.802933254965 -3420.2577557269205
-3348.8465178290853 -5064.609878353867
-5130.861981228992 6096.41712189676
-3529.790852506938 6676.955602790353
5999.52268604886 -6770.784098031834
2711.6648484037123 -6256.050750842399
-6823.744529594866 7638.4781141629865
-4884.904705043394 4685.323087080844
-182.29701514992848 -7777.508821286643
-2955.9490026857047 -2374.295160675805
-5111.545872228014 -879.6396704907875
-3114.8519277191444 -7413.742485633683
1734.944966916939 393.2443787403554
7286.681765597084 6145.3389596303605
2492.842041133539 -2538.289804912546
9463.943153196084 8854.60987992675
5771.887023350144 4959.003017860154
-4088.311048643105 -2279.220293965929
4249.662394700408 1867.0491414975586
1602.500301701608 3582.6902301995397
8356.530071997553 5634.046483950493
1113.0481327243124 -3642.009282869729
2409.783469811937 -6570.477770060674
7108.562023157654 9903.17120822096
-9644.187663789457 8774.781474758995
-5770.916741490983 2625.2647869190896
-295.10916584317965 -8506.32033625188
-8340.642430512034 3.052510201852783
-5706.049606109811 -5739.287158373391
-2472.481029854328 -9179.85770208417
9188.507554479274 -19.58353046848606
8765.975357849737 -9818.183600041008
4335.674268672021 -9185.867669618814
-8818.791033051675 -717.9160864811183
-2494.024542721171 1877.1948135606344
-3782.525016739666 4406.896753825422
1612.479045186019 461.6573218999929
3262.6607545679162 5804.019592477036
-3328.4909211543854 5096.676771831133
9332.859649363148 -9180.411942529096
-7529.980262840639 -2159.2643439083713
1585.4852376805102 5095.897552919547
4430.460842568902 7906.886207994608
-7650.965315607543 -9355.480043500353
-7785.226470573805 -4945.749123029664
-8779.103287792754 -9746.636853594226
-1715.087467872243 -2863.965716902033
-5727.1242022597635 3955.8185668500155
-8061.906410585376 7776.342641468695
6517.38382047815 5184.687544167518
-6739.275405044114 -2644.8776660516905
525.5385556376787 1753.0844682001261
995.783188535157 3312.579460882276
-8548.318057975957 -50.924847080423206
-1505.8376320969674 -5758.541716831435
-3292.8784445165184 -1199.6903705146615
2721.307921541449 -3682.403717581904
7139.166838350629 5959.470705492882
-7283.76938952664 326.20136084276965
5809.824761109581 6680.858868394822
5950.780873763715 2873.3297584036845
-9668.200720679084 -6997.004013252903
3712.8352885516215 -3670.930338311502
5207.711157179752 -8478.360862965597
-62.164306935010245 8630.976972662062
-8268.256103232874 -4967.864201087519
1838.9029509162156 6283.327254806212
-5248.790540278592 5839.586258936501
5236.520777292901 -8280.20517460978
7948.784095342835 -3320.19732021694
2664.57857860092 9654.181644652832
-7705.52159105021 8963.589876406884
-1869.6676347022503 6125.874637731484
5929.662077689343 -2548.5957007523093
-1168.371177862673 -1346.286186281095
-2016.2467549504818 -4515.0204721334485
-8814.480406722047 -3755.9894815161624
3687.469837240582 -4452.966340150526
6198.174934006805 -6044.534165896224
-6365.191546870566 -3810.2926336719793
-2493.221738557647 -1694.2136316201522
-3840.788615944617 -1733.0819031993178
-5650.117837677549 -2988.187698218292
8527.653056678864 925.3374746541213
-8726.535266377272 9387.013326413715
19.66369612919334 -9046.762184587886
-3444.271428034657 2177.2401337184965
7946.589118474236 -2144.0198800407798
2134.450440116316 9697.634338012434
-3720.336334880166 1421.4518985149898
-753.5227720251278 -3159.3383594729894
5793.757327856369 8558.28850239309
6039.745873194244 8857.225116329198
-5503.058176583184 1834.2486313103673
-3906.018289036686 2769.8852658096057
7604.291243618991 3411.6442707269034
87.01618468344532 -8140.784223951807
7427.630866546893 -5028.751013484092
-3230.5569120985074 -3128.630648089301
-4708.789819094994 6735.6587477130415
-6038.887046278796 5426.959579758381
9946.573483135642 -3152.4149653718614
5458.750245196639 -5431.615037644877
9948.17275838578 6128.1139024640215
-4455.247272248226 -9535.22945691209
1064.552291011356 -7365.516238702243
9213.023644560337 4000.7114815678706
-5961.784121286422 5456.46628753197
-6721.542184844111 -8692.94172419223
-7129.430181061893 7834.974033322651
1212.4891931811326 4248.990277092775
-703.3927320013936 5956.039617061662
2847.8930618264676 -2531.3189399617286
-4772.697624354465 1667.8482383374085
9021.806610036532 5786.861486010224
-8324.068570082512 4888.037101313959
-9223.279204396113 -1400.351327989234
-9952.14648953193 -5386.999040936004
2914.9800229401953 -3635.9897461472283
9661.539077355574 6210.485653876014
-7496.905293126178 -1652.70867084169
-6018.071625936296 7071.265329354697
4347.971154845547 523.2422723123018
-2714.5178676357773 2715.250388424056
7517.925131042342 -2170.972091884698
-6660.4392069988735 -8908.116112981652
-342.8555268706259 5954.724927815589
-1832.9393679549803 -5915.762965215256
-856.965733983001 4418.853242666963
80.51034337183592 2120.7239908365173
9061.666299504268 -5109.496672562464
1908.105270269867 -9682.093762965436
-8472.668444765535 6550.671537752576
2697.4610882044053 2722.373871702599
6047.983528993313 3742.429749403025
-828.8803223252944 -5010.7687785368225
1439.1282163983105 241.5994338536202
-9178.855818779299 -4770.758544768958
7214.510363115096 -813.3754236681798
6768.414067451271 7776.21728371051
7432.722487571889 -1961.6326030015061
-2624.4933860202855 5270.777273620093
-2345.35978794943 3897.5957845833327
9090.344067573391 -9273.887652270645
3967.3762099177893 -3910.0616506450488
7111.05590854098 3135.9512037075147
1956.2181744856662 -9864.857948598587
7200.791284365401 7704.429281057452
-6943.192088770593 49.47474883939685
5344.504075774548 -5077.893415823222
-4104.41187934274 4387.162529902533
-8071.999836892672 -8518.087949728582
-8972.668198768784 -4491.225030134933
5732.83363790371 423.3144453074874
-1095.6491696222784 -8728.497921102278
2278.905753433344 -2087.4379202302352
-7037.240948891775 -6331.693233608819
909.9136547674061 -288.6445724589612
-7613.054427562096 9899.95246439429
-4494.931117630805 -8344.1441453239
2414.197175740501 7945.958520383534
4813.789297446618 -4637.544152454465
-6032.807379754897 907.5387668025251
148.35170363733778 -7103.721077305163
-1047.136257908407 2227.640974231712
532.770673567431 2282.8966963659223
2741.9128153861 7350.2113616817805
8394.450871133537 -486.70592632296575
1144.0426226345662 -3537.1465552890504
-7501.555701086496 2086.627839796176
-4380.248309806145 -2325.9253547979397
9062.418772006284 4154.879729576422
7520.310491158616 308.3518363937292
6853.7342607651335 3978.007546664039
-176.66337102824582 3959.271531051061
7558.296176718828 -9332.245017551353
3132.1514980386837 -9476.965908773105
8824.138702771801 -907.2053022180589
-8367.113914707925 -6358.349431373976
4120.980930072392 -662.5811804880213
4254.0942298104455 -7182.828995552167
-9079.738922816776 250.5181225913293
-3550.6005159657807 -2084.6559030281187
6688.457679698018 -4608.870937369196
-1175.5112588786124 -6140.89078057364
-9200.231202208475 4071.346988987003
-9744.446170874917 5019.376684712859
-287.48598894627685 216.94781618208435
5197.049866284984 -5857.430883800507
2616.9000805140568 -2589.4122635700633
7552.429834194318 -8388.56638845648
-4749.930375437879 9751.972841190061
-3217.7027355043265 -2582.335444702686
-9312.35629264592 -4936.063306758402
5850.191063909393 -9568.088825276152
-2340.762185550895 9492.885374979618
5157.00842215364 -2611.233851454158
-701.2813898551103 696.602692317374
1790.845012679325 -2538.6230629834627
-1771.74681351224 581.9381355703827
-780.1829964919161 7382.336955596093
-2511.5245233827663 7949.439405976547
-1018.7899444731647 6774.561252476378
1065.3820429873904 -3578.4929734838024
2971.079478590471 3687.864215016145
2627.849510369737 3675.1997770354737
-7385.78920968155 6294.00893158785
6577.9450508951995 -5729.668973529916
-504.8699483172677 -1724.9906968270752
-8370.514793822285 258.04317711307704
956.6285373729606 -7353.48806487397
3868.577711058748 -8725.431899483887
-6276.941110767604 1590.1068313094675
-6386.83787679154 8969.419739195891
-1218.567653141612 8325.453001318216
8376.850048878092 -613.210021579458
-8445.870948900323 1135.1319448004942
2855.6408784506457 -8686.542421911441
-7177.182869013759 9362.178860507163
6094.374471662852 -1373.9577042608598
-2086.0389854275472 6532.263605748296
-4146.937633760517 -9685.023697304241
4332.066969844209 -3290.464524909218
-9318.477234111826 -6867.908100148221
1327.6131590443383 -3222.830669599017
1324.0168929878291 8703.252086726574
8812.378403514787 9540.68410795074
4813.881626699787 -533.0078618020507
-2414.3249691487626 -9615.863370642246
-3018.5854061228138 5944.660234964738
8010.76190833257 3666.325739761709
2086.5693319897764 1617.0836094475344
-9918.49243238552 4126.171406636797
-8098.720367928358 -8922.681723478407
-5754.853613850346 3273.4605360090336
-9195.464646198936 -7851.437165991766
9397.748144667159 -8926.803536814099
-1683.4098405228633 -6699.139560401682
-7855.181575481349 -811.1983115319999
5986.97758932284 3969.737069662051
-279.7911885410649 -6368.531576239533
1664.296821410342 -2725.543444603629
7882.312066954393 -8130.021770412135
913.9896165033279 2153.0981757670306
4657.292584061677 -7712.659280680685
2713.6377608859893 -4923.7846645890795
974.881298218641 2327.6394390112673
-5456.427492469454 -9729.669973473625
-9956.947861642282 -4241.5044367770015
-9396.124694705239 -8222.91388717244
-1266.3243968510978 -818.4023241535906
-3872.866709037792 -9306.613897948535
6302.017111137537 3255.775980652039
-9380.414446785979 6582.3869223165275
-1561.2505371288917 -4945.87223064775
-6648.407474185138 3314.7516087092463
-2046.090265671277 -5441.265279946279
-4468.380959422267 -3505.914027045098
7318.02182558053 -9496.452566309688
-4663.769023991143 -7859.975179670426
-7163.614708615749 8608.029764930412
-5668.139425295995 -5553.040230788928
-4591.6819451415595 8701.20920736709
6812.395017258601 -5794.067263178948
8623.907733320357 -3682.2100196995143
-2810.085388954748 -1128.2475984754728
1376.6200784636476 9055.025253776905
-5185.809384206941 -9723.08290712457
-779.1026095330981 -1688.919536866746
459.8375556369083 -3361.5352251550657
-3620.3604918154224 -7017.354460308891
-5791.7134459226945 1773.4029820885153
8607.271101198476 3281.581147311017
565.0432190980337 6332.889504978408
-3960.146986252249 37.42697036921345
3390.955103792272 3384.888364351802
4714.4972395828245 7684.619706313697
-9410.48840315515 -6180.469169070586
-4383.88781182909 -2409.694495524015
6480.474546533853 5820.968957016959
-9089.70464905366 2460.6664927263064
-1596.5851665932005 -2955.9814324363324
8446.96376028956 -7729.29966618184
3333.0174211517606 8153.429476118432
-2329.896079625464 -2505.5666971771707
-9848.702450948114 2028.1564898617435
-7255.205372980611 -3630.418328393963
-6289.851250822347 4202.523029725227
2013.4392776246987 -487.3122713597604
7930.928217831526 -2989.2838897602724
-3181.064674090905 7407.817972220084
6926.063630692592 -7579.434095583119
7283.271696665997 4123.913113878887
-4509.049420386979 -3312.88867717658
-2194.156277884871 4072.930698920776
-6697.3164552998605 3725.971484105612
846.5460146610385 7702.9430123783895
-9224.542413337258 -6498.924544023123
-6015.509837610911 6727.385426492048
-1239.260296726079 6740.848605048723
-7706.031492732593 9823.687201494991
9143.615526243626 -2058.539439247462
-4244.922059850232 -4308.462588521451
8874.968306975516 -5114.709380529359
-282.81339998493604 1943.081576396613
6092.461266824908 -5202.705665356347
5359.215406847477 5504.364738343818
-6278.457972501968 4781.475256232236
-3358.5140161411873 3039.380914752479
-6689.001071736798 7324.211379062392
419.66686817009577 -1634.8947629413124
9845.86062788033 420.70885253580855
-2807.8696264427936 7907.926092775553
6893.719072564414 6275.385994285669
1377.8145445409082 4958.929237365672
678.8338379322231 2546.5307237666475
2072.4698180815794 -1182.4983871492295
-8458.332241333028 5750.0920019772475
7906.942790215227 5869.770762727974
1729.766133182242 7707.010798424682
-7068.06062556048 -3769.5809529792186
9579.19049500673 -7186.983648006766
-5620.515848005132 -8216.56015852263
1883.988604928887 6429.357030305207
7702.078375453217 9289.443895690023
8614.4717277815 2837.4473842195894
-533.6593029583983 5684.1449456688315
-2866.6582417459877 -5030.032049943602
-5521.311026366858 -8225.307325866333
6672.001604198198 -2474.5338587234646
9946.4137833094 -4752.451913855378
-1932.3454254090948 93.04552716804938
6528.264936745549 -5766.372886096192
-1374.9095003911953 7558.26532812872
3804.4615135294043 8633.476954955702
-2544.6740891200807 1330.8967009735588
5996.81161238845 7987.267374336265
-7243.444849797201 6829.717310890297
2695.41242690752 -8118.576948857519
9241.148356497764 179.0549939851935
8899.183715837826 1715.7518963084349
-8724.29194396685 -9783.675159427894
8853.259884874937 -8888.055034383602
-4710.509098205458 -9320.664782051283
8967.066179815374 -3673.6295871885095
-6380.234497618411 -8163.334387741128
6522.659595575387 7737.1059101559185
1200.969363553766 -9156.043886795527
2933.722187242269 8807.185380523635
6367.809291507365 5753.472243079064
-7008.641541280163 -116.92952228869399
7530.724944522928 -626.1481706436152
4833.634072665054 769.3842911901502
8595.418873889706 -3928.542859672415
9301.580006712888 8227.98420560217
7736.443001573749 7124.297700104475
1895.1604683599799 -7618.531558757873
6498.103457578574 8384.018925720735
5718.486130019828 9458.259289674323
9184.232250628029 -2229.024756444149
9604.338510045884 7398.418085262325
-3888.341019597483 -478.05012907837045
2033.8473662243487 5546.397024545768
-1459.512904823303 -2870.3980101185934
8517.95105094478 -11.049272399144684
-2042.4283739671691 7557.267152235621
7783.041291734196 2053.4656986484206
-2122.1337294617924 -4417.749677424925
-9596.012151868114 -935.9984000985369
-7558.402313963937 9015.301237693777
-7546.493025751895 -6340.638014002128
2823.502593068477 -6936.519213828691
6287.626183343913 -9190.451407729197
9833.640107809475 -4751.8424910985705
762.7799423244323 123.98275903652939
-922.41986428768 1059.4165798750382
-6019.151889730059 5126.908748700485
-6342.950108596202 4922.680407556403
-6915.770181288035 882.4268708205836
-1369.6089140888216 1072.879474553316
7673.832456480806 -3316.369766397979
1315.4772944879278 -5423.95470127786
-3901.369710810225 1477.357854209582
2006.0090542919897 4007.717597833229
-2833.7658473386828 -3721.8962491793864
-9214.60569706273 -5807.896682553106
-6250.314509272472 -9968.35157256637
-2139.3036944416544 -74.55393018663744
9316.484695964424 -6778.977462605682
7202.417945660385 -248.4008245922014
-6418.369281204235 6964.4325382905445
-3735.8280057459688 -7372.671599064035
9287.23272765107 -5563.189109889002
8169.557848296641 -290.6031200743073
8537.045991763953 -3846.3065640597897
-3008.1305433554408 -1484.9775342522844
4165.052124335471 -9011.853080137449
-8384.489697169553 -2648.1742575626495
-707.0075253996456 -9251.493799020509
-843.6985542518742 -5817.086549333352
-3467.454923338564 7726.711561789376
-4968.87223881548 -4012.715540008382
7213.60955475349 -8165.932753921579
3505.6629998893022 2195.264593028851
570.9608492069765 -3226.7237258189098
-87.81203301136338 -1076.7818199464946
-7002.710722048259 3152.6287708262407
3717.797835352707 9501.305278311887
-1728.5424535688508 530.2666695328899
236.58463004059013 1182.5984345672787
1096.5541648835533 -9916.532744199107
8017.6461815925795 -2058.615816435292
-1666.8692922957143 -5070.080273869997
-1195.9303308913113 -5086.968566612908
-5011.229535309165 -3914.987228804307
-2553.6909607161488 -8702.688048675824
5325.935907223911 8621.161839781591
266.66550032537634 -4558.383592612483
-6624.19009777232 -5197.742394807714
-7890.154263410635 8340.017654780939
-8303.370967154122 -1201.668228424116
-5322.119771957967 -71.3182734633101
2390.798382516452 1042.5756067736038
1735.933654452694 -3672.353630304652
-9804.153795773345 9374.87768842886
-9611.154443501031 -4426.476089488476
3890.063070225553 8823.07447345625
1866.513701813834 4407.218686559112
9304.455199944896 2205.1450507292575
119.50059342591885 -674.7291503616198
4908.4143704499365 9692.604481020542
2014.5493684758621 1372.9823097240223
-762.7030732688181 -2942.611134811
9032.95313584439 -3947.9989407388057
-1644.1193638819277 9531.552591240248
-2886.9813848169006 7234.576726005016
1102.4462672766513 1041.1298884224161
-1358.8618180799058 7121.235069914015
-9965.975769309074 7032.544391608892
-1415.730442117214 -6951.863231857798
-3205.887819146067 -6808.017214066284
5369.900639776883 6344.933905643815
-7950.0386091633145 2065.1772896350467
6357.862334974576 8463.460973012265
2197.3101185113755 -5082.922230812934
-2388.3734035196767 5242.120305825714
7706.214070711907 7127.915611342196
8165.020216904453 1440.3719010784553
-8717.576800193092 2004.2068446825506
93.54788292818012 -5427.747274566763
-2055.4866186877825 90.26342695330277
-2562.1794574539126 -412.61328262270945
3667.7823816219498 -1102.1896137404892
-610.152274876953 -5907.519564907216
4421.687425883234 1428.3518628717666
6141.244518412595 7575.829819891187
-6771.610036362949 944.9403799569864
9405.68610808827 7491.892619549584
9295.751803750274 4157.055381834465
-6133.787856194904 82.50983891867327
328.9090614175566 -4685.6867785679215
661.2793484249596 4455.903057907737
-3199.6705259185146 9661.767084825944
-488.2675261881286 -5285.914508277605
-4740.954075111658 -3708.410541652718
2204.148180434442 -3186.119546949002
6685.527937697712 7632.957798430707
6884.2872876258225 -5633.754552712778
5449.452352505852 -4346.005897214349
9977.669298838864 723.1583940147157
-5396.605084985921 3306.644083829515
542.5749468270496 -6529.171675403642
4046.2665852446826 -6172.589713255127
474.04540808231104 1842.5470886561416
-483.92116090107265 213.8862058262548
-6784.254226868376 7584.0087243158705
2422.42514611329 2529.067485361331
-6500.168745557462 5448.472952778056
3204.821749434326 -8357.55030822675
-8876.758127826479 -9231.331884273493
-5796.1349476026135 -5401.047240421523
-7117.874226447471 -1553.1340421212135
-8042.096396205147 -986.2554847641786
8524.379140320081 -9775.914133475177
3388.746035124963 1723.0631136667544
-1056.430531310336 -4766.070086608099
-4484.329786811145 378.1756832754709
7825.7875103318 -7383.935382027551
-5862.188254083322 5751.634124831908
-8425.738824254708 4358.910966228637
3350.7636682672146 -2767.972244145498
6574.837189088852 1560.6251440039687
4814.023012982601 -5684.54048694812
7728.725730640221 -2058.0063179664876
3361.6852269696956 -7140.996483815281
-2332.82128488753 -9285.614954216158
-6150.421002814757 -3556.5654267950777
2176.0560828305006 -9199.551813395161
-6942.190021151276 399.5507944170986
-5903.482712465427 1924.7568673576206
-9981.539646988911 -1115.557243010906
5331.352280960695 1236.1575828789537
-1686.0148070083778 3851.093640181607
-5425.250656744552 2893.0828151086116
4692.610990428677 8836.717581637746
-3003.415400400706 -9562.356391499718
-227.16758996078534 202.29871713018292
-8649.415632859786 3803.834663119407
8659.890307301233 -6212.208446661092
-160.9906574104407 2449.721090480496
-8027.122712393606 -4095.4995834389374
6554.779762982278 -2626.9957772119205
1081.9174057150867 -5831.822753626552
1435.2501378241104 -8336.096814717539
5280.637839427025 -4116.593526430907
8400.110428980028 -8231.19464079368
3169.930966253285 9521.883434194828
-1290.8113928274488 9782.686023681264
5704.792246308114 8294.214586346017
3564.200120396905 -9142.180957874618
-5843.204914739382 3896.9094763143094
3591.769924801465 9210.832513563812
-7329.451018399775 -6776.7398170523575
7083.34116053427 1229.7004768660936
-7856.731956392938 1158.8308409925194
-6269.138365813542 4826.784367054166
-167.64869288327282 8539.324793070566
-3914.5795070211207 -9546.423624268187
7396.6704214718775 5930.608387776709
-2920.714010794867 1087.325234369915
9003.032176686309 -8902.274979856234
-1309.911677990789 6019.25603464051
680.0628221328025 -9138.259898662503
4189.150927577228 -3581.375840191594
-7722.446757600909 -3499.6894718035355
-5595.716987214339 9416.384126523251
4190.071854456852 -4070.1134404600125
7040.601879191738 1846.7743446526583
2429.4465339281687 5614.496850260428
7341.245965011454 4804.654852891743
7681.482832715719 -9521.908341576422
8233.128309272393 -4179.033285802964
-3341.91270941951 -8945.54497473121
-1408.8561430204063 6728.217004249942
-2643.277504773696 -6309.277424543576
9367.539599329059 2182.408952345764
3764.921433842106 1827.5822310818276
9071.432420727542 -3672.605809887633
98.36107828708737 -5788.745780970826
-7553.259857467058 3232.12517964757
9836.773030827855 9349.38659647269
9185.075717947875 500.8439778512511
-9377.240717915061 -5394.968764737733
-6876.5705676659345 4850.756325951123
2514.3571735514506 3029.8982897629394
-3385.243879542126 -6528.719649853232
4132.977097079382 -8629.885508336898
9622.851507529223 -4376.512120117297
-1075.87741865524 8634.743792231195
8581.195372375609 5207.887541599226
2049.0806073633303 6199.361052949884
-3831.283894668176 6923.2293876674485
7351.550394423539 7624.001265437582
-106.29192027440331 6158.54564096397
3393.963590495674 9196.837267009501
-5259.57860091853 5905.169254251803
-2265.9699613386656 671.9648308790038
3121.1212666550255 2745.000936951017
-587.186675217752 -248.28557665901826
3989.6969468544175 -1634.1631811592742
1051.4447390448695 3570.9396944314194
-7788.822381306666 3074.0920063186604
-5995.65914923244 -4227.2502688041795
9144.799856856553 3419.7834858899296
2692.5838365823947 8722.201745447008
-4113.449759216727 -2681.823705879582
-2458.0914748190307 6986.495076220926
1730.380858709108 6947.023079305367
-124.49072926815825 -9582.768805001348
-7854.4058498915565 2217.8593931494106
6662.67109078612 -6997.65132922072
2931.1516473810243 5764.344243971502
-1799.993355846258 -2887.637027152108
195.96128836417847 4160.17430563698
7602.861759272804 -8152.422397372303
9427.474212191715 -526.3725372315657
7410.236161915211 -1100.0355092898826
-8850.804816211616 285.31781163284177
5657.343553953629 9675.436380904754
5531.002176533606 -8059.711993138801
1445.7172892169783 3379.275593777689
3804.446501725617 2075.0800512526384
8341.556068300106 7349.5057588180425
-9551.508864552101 9354.971873991733
-7141.232066800534 -1869.9713903562533
-3150.5840717137844 -9123.912888792747
-5166.021367861373 4607.37797506503
-5498.087363937034 6831.625585522026
-3323.4788849478236 2991.9781011809846
-6193.335417207531 -189.0166649318362
9277.233932064857 7506.812544365086
3132.9889370403525 495.0733044581648
3785.650219783627 353.463745947769
2053.4065992123287 1530.6789591360684
515.963359698193 9857.485907916369
-7479.723215461465 7011.214843634862
8917.92176656261 -3347.8677766143774
-7757.082037203487 6260.785174007124
-4150.409167234124 4341.466375724074
5636.927622640636 -2487.019440512395
3314.704849837004 -6709.060106747311
9455.674901015034 -404.634061005725
1378.106511650025 4025.5282838822186
2577.243088024652 -2124.8395741177383
7148.559919431231 -9827.433830129281
-7591.639763654257 -5508.87239358323
6518.994159932885 -31.55679374527608
3980.1566340895133 -7708.764316162915
1780.0323245383152 -9944.64136942785
2048.851149022532 -3084.8262542356288
-4726.578200343736 5626.361994626437
-8622.236438417422 -7894.661442754361
6927.777611144342 -3066.062472249362
5865.322137935791 9599.449055969992
-8180.170308368333 3759.4217614794907
-6702.975808534193 -3147.5385731102087
-7169.861515628333 6647.581189936453
9237.580949129544 3354.9993087624225
-6986.9666456338655 -3457.3061853601694
-9057.233221597047 -539.9538317422739
2476.306236731525 -7080.475697363188
-9841.231869155996 -9600.832811980661
5366.970138510649 4584.60650893775
2290.113261477298 -7435.927487741279
3985.18372255173 -2969.7185353457153
-1344.4585881849816 -851.1444125477174
9099.211391732886 5555.961557324581
8414.454897557087 -2107.224908731635
-1789.9201516504254 -5671.860813505794
7234.87362462821 -5067.018937235621
-3184.629927974338 8132.671955136582
-9112.898977070176 5671.112946979147
-8352.640039015507 -4220.078574994765
3685.5834336883418 -3922.7624732816357
-588.474900705216 1955.3443812849018
-5935.272756435499 -4000.887331171819
9727.17390772203 7765.170777782747
2562.7304208223213 -185.69504680370846
-3227.2141042616267 9308.834975120692
-8899.254445435125 -842.7816727913632
-9435.608038503484 -1683.1431610215059
-3317.003976749462 -2527.382930787634
-4153.871313337414 9224.896733394293
-2493.2726914671566 -3208.2355471466626
4247.868746376231 3011.747730570136
-5040.825126600783 3396.822949971911
3665.6207106767706 9711.051449371134
1091.995125905696 -9066.297902646678
7746.1631213443325 8713.561824163684
-2098.098239421235 7053.060221228199
7908.1667421336715 8808.805481604493
2109.5169021604997 -7196.295790022175
-9492.16211731044 -1627.9713361632366
7116.742489291108 2772.1686745540555
2557.8936277228677 -9815.663239001904
2436.223518379009 8356.76799779461
-9165.534694030874 5080.982810618219
-9875.230765169013 -3416.0304006277966
1257.3061970017334 3954.7760489491047
7615.8728302419295 2519.44959396555
8104.4613447564225 8598.617383937806
6834.747329839742 -5404.267664207742
5923.333974062471 8453.211792355341
-9407.40907032252 9072.846764065354
925.8761462637667 -7466.983002671992
8995.058105790067 2367.9555872724904
3206.394748550463 -6364.461242943325
-9036.790173033995 -1865.5402401080792
6296.264148087612 5396.103569234165
8953.485170095093 9740.590510583974
6370.602628871182 -8167.723939795826
8576.529120258467 -1807.9433695592943
-152.24022296130352 -6270.887230935882
-947.0167706093744 562.8255225029607
5173.242016440927 6548.485064928096
-4692.371004050686 -5357.339268452226
2255.480971223342 502.7275757877087
7991.562949160005 -8220.437626093462
-8678.36472716978 -4985.097822026032
-6164.647856916519 -8210.206252580334
1887.3926558143794 6994.998481134695
5474.40753298337 -8672.295228198074
-7914.472544193864 5193.424017223484
-2748.9095811000916 -9747.905203224605
8773.743005946424 1350.16891708603
-8513.64623347735 9295.389546999257
9643.112766878472 -7059.94254342784
8326.990719447513 -3263.5595568431745
-25.785985094500575 2021.5352906953958
-8487.141575069434 1797.2785187144182
8738.831599785746 -9971.53171020987
2271.711273016008 8128.694079748184
1420.8918994787618 9301.463931226292
4037.5748911794853 -7980.957605083759
231.05612700337588 -1262.7492934072307
1801.8533901419723 -3144.796005168724
-3684.797116052163 3141.6935875834843
-8355.33092036291 -2115.840222912151
-6892.204153092656 -6295.958959253591
-1642.811883984832 9468.181717461084
-4843.080850466544 -9532.956752173312
-7946.007789184287 796.1520283919654
-7451.454649987401 -3250.3968011578845
-1712.1883892693095 -4591.921391616272
7483.378553623988 -9814.34325003405
-9582.754954948068 -5090.615326497729
6610.400511512988 -4624.989429332598
-2158.6547240551754 7896.094232932461
397.0278229786636 9098.8999325131
-796.75051808444 1381.5619005434
9116.564921507092 635.0460183559499
-4221.689271910116 3909.931351679874
-6040.574178307561 6914.047307418343
-2999.542784278581 -2938.9726009569176
-8674.624110619274 5090.949364605152
-2556.193485446367 -4804.067891336849
8529.82270758929 -6437.1249530524
2564.8222317907203 -7937.986845488094
-42.02712318830709 6545.638298478352
9123.603410945041 7270.714872320645
4126.447554517394 7029.281918933768
5441.156254010968 -4319.053993712989
4162.732480461091 8264.517664955183
6512.7945835835635 8365.434835062417
-3111.3769145663373 4889.077462710811
-513.902942414923 -4893.052222197598
-1005.4028598463901 -8614.982489126725
6125.112835973712 -4734.196229144507
2717.8390506696996 7765.045182083937
-9379.18572905175 -3620.3515283230245
-2012.580839586335 217.97142615764824
-6528.946243400478 8000.978496689855
3175.9015551622488 -2099.5795053203283
-4858.424720825643 2047.4392490745468
-7602.547563433825 6143.9679533888375
6832.9156456961755 -9665.542539380656
-6281.709385901808 1053.8958333890114
9916.29510779224 4979.28841101736
-303.8956164394094 807.797482453765
464.89608141462304 -1989.8988882803305
-659.1536299989693 4919.288913957178
795.2028831117277 2783.249038258251
8890.087760295923 -5685.881686377958
-3953.646232137642 1706.4060869261193
7717.911035302506 -7727.008220160443
563.7405523411544 2284.7804643116997
-4752.915559429493 -872.5286906624751
-3783.623729505781 -3347.8471065933427
-5089.948685236963 -7947.672153307714
-7234.176371624552 8518.007320865756
2005.0547139582304 5379.762198707798
-982.2319072108094 -4143.437663160518
3719.4825603317386 -3432.056054651429
2725.5905203843486 -2316.9546662792227
-8356.685550463852 -1711.6580019373105
-2921.41177420697 8907.069794426214
-228.67119945870036 -1946.6415238268573
2095.759337232117 -1477.483136580995
-5706.497172082463 -6612.194643377403
-9640.63868978257 -6712.1407114676
-4601.167702563786 2754.793716727205
-1739.2754636888858 -8429.622230881403
5868.567891898516 -9721.361368247819
6294.088413431695 -9827.728026783927
-3589.3521837890275 5764.417120926579
4922.512751855542 726.1867855148685
-6512.102461444527 -9404.164434310716
6153.181412026042 1642.2123630845963
-8181.66339833877 -5199.885563781006
-4802.27414601911 -3392.0614556724795
-9223.284396490752 -9099.392251135348
1456.4441510618599 -8712.3099864596
-8397.802220178119 -3865.0782878626133
3553.5966819915193 -3863.4146793195077
-9382.13127695771 6198.320407689334
9264.231672257032 -4860.395664363457
2593.545771395835 879.2406658829059
7911.276413493586 7805.373851299639
7934.13599274859 4785.768631984769
174.90457274557048 -5111.086318130174
-2448.4227531997685 -5181.038948972594
8244.489294656942 -2912.878142179942
-9920.824067468307 130.92800719948718
-2143.2915544448215 -9654.699888577372
-2487.065429693811 12.619114349099618
3001.6699678729583 -8567.441911069154
-2584.754988195239 -9511.701210098996
-6057.798725105222 -6911.533946201924
-7507.893270098598 1350.7096774150523
9679.71301267578 9312.852749823276
1655.806268021537 1952.9723762803987
7113.357992337664 8265.180686858963
-9389.220978311574 -3719.7132606229343
877.4578337894072 2759.461983658597
-5448.844433130406 -4343.457668598043
205.46895751615193 -3514.7965434700336
-9265.732133911977 -9102.032097579546
-7842.962828936395 7854.411336370456
4495.192232893423 4807.986493761258
-5842.034407273049 -7230.791932396787
-1306.8427599332117 -9385.525910934834
3041.2107260332923 2624.1452967852565
3631.4569795187945 -7717.355341941745
2640.294256399855 4501.838098196995
-7831.733006817629 -1406.1725476489864
-2525.1915454258597 -3209.935881914894
-6963.441348160557 4462.417605690618
-3819.03690883292 -4656.990628330884
4317.075343118344 170.33105049095866
-4921.586187925895 2828.8763537012383
-1440.8749208986355 2030.3097506997674
9627.888444915552 7050.590983592658
1219.7223912350128 -3553.539809429969
9522.404795071103 2795.890846859891
-5107.609837485751 -6577.552719849069
-8231.834846475444 -3832.4093025798893
-6777.282301133795 -4725.2179906719375
-4650.517381258268 -9635.626820398475
458.55264433687444 1640.6852649945322
935.3850484969298 7526.963046386998
5258.478913900015 -7172.963675152356
9573.813771806628 -7465.909232469865
-9316.973418518553 128.94113381993338
-4567.370084662867 -8472.826843150115
-3781.1753626148857 3953.4998406151353
-615.0958876334498 462.17354326453096
2236.707197666423 -1583.6297792770329
-7400.73688312722 -2868.364624331998
2460.5465825496412 4535.759136183919
-7715.661952196331 3869.4133717670848
5824.383015210393 3230.515862315113
-4650.355829777961 -2454.8449025366417
5521.190921496864 -5963.9871132199505
9983.502505343513 8475.127501394003
-9902.58727490983 5783.549606084143
-9988.105783106297 -9479.504592433983
9123.162994116901 -8553.964250374827
-7609.577373064056 913.7129191329805
4268.795163158295 -9065.261375505946
4294.833247455334 248.19857560713535
-4455.705635812921 2838.927190537521
3013.8329183640817 -9413.98561932508
-7991.242145311179 8932.253363836699
-788.7828307320815 -7217.216729491671
-3567.0167320437067 3726.762936436324
-7887.3887667255385 2898.6307486113237
-5801.012720259815 -4562.5520971370115
-6214.6021861035015 1958.4426144468616
-1853.9544969649332 4427.284397250942
-1081.303211160097 3344.2879228337006
3123.6273645853 -9465.261879853364
6373.533525660501 7747.369459974776
6687.391422246601 -8357.255810105074
-738.3769789845464 -3123.6004308404163
-4324.830797313905 -7569.802222755496
1424.471490782229 -5986.162564861413
2325.6626529934438 4454.0355082140995
9922.782750808565 -7969.0565167734185
-1846.6404464560983 6542.000149803949
-4490.568614251842 -2382.848227186143
-1031.0586244255537 7933.229283021767
6047.558406674876 4248.775838760386
235.2527620306264 -4314.167980796246
1448.6092691673985 5816.609346948922
8374.674870714975 -7422.354762997674
-7056.565076527677 -2148.489289776685
694.5284311257274 2058.403931588755
-5637.165575014251 3931.5808888508545
-5727.081217986532 -7231.42026448482
-1407.7723839498703 -8875.907963667478
-7551.798572185138 -3277.8216785216728
8478.39644221199 209.8463125459857
6481.046422927298 2457.8187732544175
-1795.4569050597675 -6042.827251532599
-491.14882556479824 -2705.5544837150846
-1486.826996159305 -142.69061561840863
-9911.970786871234 -8714.942045285214
7144.6044791464265 -7497.558507511184
3420.494272025884 -456.12943997270304
4472.182971697153 5182.209403867575
9786.428868331615 9329.35467917566
3553.5603146032663 294.00853874581844
1756.2204044228329 -6402.366727017455
3680.682871924906 3806.966114702751
-5569.78627001208 -6302.257714231067
6999.406516149065 288.9819210609203
6255.725553434406 462.2944693393965
-1117.0547740785987 -8099.229702421846
-8103.464164357827 -4845.87772036581
4481.6435728056895 7280.361045688867
-6819.1394633138325 9561.498977679625
-3765.172258266063 4386.056114690367
9329.584245586331 7991.568716063855
118.79699310489013 5135.365250983257
3467.321894925475 2993.659264197786
-7981.728040266971 9071.973469010154
-1155.3548828735147 -8648.836007114467
9846.920995079796 -1687.6690337347063
-4749.388962010421 -2787.271633664943
-8094.15233085568 6667.9852723684635
-6229.509550395718 -4809.505981491881
7457.216546905118 2109.29539766384
-3655.6129628997433 -2164.8049411102456
-8396.527400452136 3630.72204150831
5508.223756309573 9104.923943029862
-6699.1163862069825 1097.395174014635
9249.333757282213 8276.424116383449
-7300.569292528329 9797.20783831683
-3915.2952645610094 -2795.2135568515105
1989.3361839309055 -9807.793029703795
6270.673423090815 -2080.528833521802
-7452.185759148411 -2242.4089835326604
6478.679259086046 7251.598830888393
-9582.098133781004 -2183.8514420877254
-2677.555519774224 519.4865045619263
-7985.487545550444 5920.502880394073
5797.739285614787 7256.440827873324
-7558.864920371296 -4394.927485295326
-2003.3257929113834 -1453.1541420406975
9913.880354640965 -7775.835841227366
-8615.763220771558 7743.616278705402
-8472.134224048588 4112.1729811575005
-9524.430845733063 -5827.876785056745
-2035.8020213005566 -9553.626723723388
-5071.7191385548995 -7117.280530691989
7724.107500352173 8962.332182246842
-5135.1546276585295 -7403.964488634147
-4909.940899580693 6066.494090609163
-5334.062639091395 8692.238115478402
251.95433109014812 6910.031124710407
-6473.6708944088805 8427.483081768693
4899.808956912422 -6367.430521012211
-1259.2419509042084 1517.8147305889652
-7927.411434330609 6253.9495500636
-4012.0508330661096 -9187.18895156836
5166.150367898563 2586.690511021752
9806.76722201012 4988.286963788794
7741.524373445005 -8938.617317619775
-2990.7541397738705 8019.415406208427
3138.0573628471084 3501.739396521609
5951.026805946716 -1347.3581203219946
884.2121131688909 3655.59284761864
5380.524072757196 -2823.1796822875776
-4487.896680674604 -8317.366289993837
-1986.0936936855642 6500.998959353576
-7379.870421418524 4819.230209034051
6033.7731688878375 9878.352015828896
-3108.6556329606574 -9914.797849613069
8385.18458905274 8572.753068508824
7263.485913614855 -3833.0600496003053
3043.4793705184784 9346.53299689637
5559.874746676394 -1494.1927323452073
1354.1048962458444 3855.0009641704346
-3371.3404570694674 -5859.714765805548
-3904.5436154205145 -134.68092968719793
401.1804239100511 994.8488423159833
91.5105325068107 7674.375582209392
9268.4986905779 -9921.890922067534
8001.816237939347 -5817.687068312791
7788.417035407601 8447.264988529903
-9657.814545045414 -8214.586087616111
5973.608365693968 -4184.538653451535
5840.212189398915 9584.0677355841
2274.736232026118 -1676.8342902228433
-4094.4738397245683 358.5804678763834
7860.747768670528 -735.7852509275654
3295.4698677148044 8347.614185969753
9911.786347026758 -1548.2862571639616
-4017.332835459222 71.0794576519038
8378.465423976359 -571.505303597176
-3218.261941714777 3271.3343061624546
8024.513093620117 6871.38428965216
-531.8133817154558 7503.569472961051
5558.094055909736 -4691.950856413878
-7076.71860308258 -6011.697855637685
270.37951415017596 4659.727264564455
-3735.4819221977077 2045.914541372922
-4161.767933566099 8142.684018470009
9972.04236999655 4765.224560340714
-9188.85823692276 3705.7554608335904
-9302.808154068636 -2484.9079348161004
-4209.160259153057 1450.8857407779942
740.0923462777082 -509.90018383235474
6425.2926444984405 -3621.9163949593967
7109.030264146662 -9311.614611888555
3077.064374451744 8315.761052832724
9625.103658980857 -5448.278098849424
389.30635712233925 -958.0515911757557
2711.4264787073043 9954.98344426983
-7039.065484082079 371.41223870873
1306.9626124220995 -4685.841106312476
-3044.1918606464706 6378.2251987933505
7770.822271003719 -7710.886703814057
-8290.963522579805 -2057.1177256214114
3693.6508125010187 6889.320922244195
256.7904954864789 -1542.4238485340993
-1791.477329520936 1747.8317411424196
-6795.697570602546 5792.784558366233
-7305.48187745546 -5089.243392017684
-3539.995982998794 7522.8476512220295
-9308.037804783544 7696.6001534785355
-9897.964103996097 3927.748934250665
-8600.926995300579 -2988.213154273485
3006.649695366481 -3567.1555034462954
-4704.450439281751 5965.766804985104
-4143.702140379472 7917.80834028867
1239.4172736640521 -9288.883257052245
3758.4898624954712 5720.609648469148
5809.221944234543 -8858.917827871664
-1055.2214545597944 -1818.151888255048
7714.448191731055 8409.038000717796
-6117.487447125085 -8780.674227559299
-7227.175232680512 -6808.624802470748
-4379.71698812216 2692.2451024189377
8253.949120478504 -4802.644149209789
3301.266870547661 -791.0278148626567
9314.451213216398 -3363.492777251565
-7483.050193633981 2551.822078223762
-5199.295973954921 -9813.842845900937
-7463.0001663671865 -8963.141029239812
4870.855802622533 5458.740947534294
-4560.666356491792 -5103.7585799372055
8688.74945373469 -2949.4454801111124
-222.28667735531417 -5834.840787764772
6868.078777631981 1960.6368112478867
5662.472408231248 -7425.038944338169
-9604.102370241802 -5499.477694290939
2993.274138492159 1598.5743641150038
-4559.600359279032 -7227.389275644607
-9928.933092288253 5063.885151264209
-8251.351074782197 2376.9541420797177
5929.69475333837 6645.244622735263
1265.7397602618894 213.27403936315204
-3534.103792084413 -9937.178395000708
3157.624508920966 4077.067229793867
1809.7128428191536 4964.0418536756115
1595.6545921606594 2205.6820894941593
-9634.404660602644 -9769.112931529813
-6538.360042673073 -8987.72305581317
-6432.201045282518 851.3627435230683
-5441.9760447905755 8952.615313724815
-5368.082536859111 -5487.03039877972
4958.548711061725 -198.33434676693287
-5552.294349557239 -279.453228022634
-3189.426689842916 9574.020339562026
-1753.392271877423 8510.385959334086
-8799.026088869425 -2095.8257988152454
-2209.302243786564 -6272.950960739345
-5376.645701365903 6909.730422819583
5568.01702085467 3348.8488382384203
-9864.93757835328 -1607.361674515536
9842.576613256937 -7507.511776466314
3468.29946152889 3690.598725249907
2395.57076864973 -2503.1217602612196
-9839.621768898895 9572.79592546884
4407.6306623564415 -4119.301935846571
-3806.013305478613 8281.161594115983
170.23008657174069 -9012.226673561756
-8310.933792228652 -9849.611506323037
3177.633447697137 -9221.096311444506
4863.7320856612605 -6803.038400730746
4639.059982780203 -3501.7241956701237
-8217.595555624328 5649.487545663505
-9435.983542041773 -1162.8474802992132
6335.136410895193 4599.653303271116
312.0363988031022 -3262.953289860373
4442.877806697956 6785.159971398734
-3138.6601732455974 7119.119442742049
6659.2148102784195 5973.016602740661
7039.213206944358 2596.0839189204034
-5860.106247489752 -4506.388660205805
8570.187863338106 -1382.5847772083107
4377.228811298783 4183.00434175657
-9963.623081951835 -8481.796410421188
5147.263349764093 9322.920036354859
9707.612882701167 4586.522769829671
-2206.6508210327647 -8875.052007585482
9687.31007281415 -9466.290563431832
-5729.423840030799 -112.50663211896426
2933.2520708130232 5646.484431180066
6301.275166602352 -838.9547278526315
2450.794795176138 -6580.620547071423
-457.40555107170076 6089.369988115082
4319.245771517182 -6389.535837463014
842.9319414402962 -6448.741887730481
9200.474351694564 6432.889949594202
2464.786599061483 7809.49337075682
-9407.92417865288 -9010.68285430003
3577.373994171936 -9919.259175960899
-7674.29684760602 2075.803704927852
6373.131294965055 -9227.921849454739
2674.4566401200627 -9873.720471871253
1838.0197338055805 -8913.069099987057
7921.5061662396765 5338.249987018444
-1493.688090596641 -1714.798043553912
-5644.603637534775 -1085.0839321162093
6456.337477364952 -1910.5823223719344
4395.77624953381 1878.4165371789422
8354.429830157897 -9439.261849856903
-83.4391328433594 5053.440594236819
9530.11652948265 4225.723537958736
3821.8331916456627 2589.9817242152003
-133.64071582386532 -2683.237757115353
-456.9430536741238 -4211.459339981687
1714.4404321548682 -5303.883706150052
7364.4659728107945 4010.6124713328754
93.87225043267972 -5634.446486640505
6346.768812529235 -4898.171402444817
-5886.510923828081 8420.580138807389
-8892.40857385486 9024.650353800036
-8149.3480053683015 -109.68478807855172
3830.365824872508 5292.044840836061
-5148.701175569173 -888.9300796791686
3611.6434970398514 -2686.88957384867
2964.327244430293 -8886.254844361574
7620.108628622078 4906.135874768906
-4600.39787676179 -1037.8270202428266
1528.8288252804086 4.124862806116653
9699.6480715092 7061.571307800306
-9704.417830670076 -27.661812401929637
6740.8696423335205 -6836.694442325804
4604.365376253112 -2023.0560990541699
-3069.070610305649 8124.187573628187
-6855.525419737336 -9511.613435968009
-9555.314192527507 -1564.4333344131646
-3608.16596487032 8272.633769115226
2641.885966676329 8119.507237040085
-6329.471234965582 -882.0262261880889
-5264.42325701267 3796.3732937931363
2010.7659998691197 8064.581259172155
-669.012608271325 -439.834753097839
2682.7986382439103 -5951.410618995678
-9369.579554917842 -3244.9922460929038
-725.4084344091425 -9358.054331868245
9900.453767728162 -2171.8130733678763
9794.322987935677 2963.8589172947013
8223.561332524194 3142.19551227599
4517.074477262804 -7140.831487412184
607.0177386574724 -5039.742853195481
1158.3508598367098 83.5103995071513
-1802.2474120102343 -6223.158816314515
-554.640917613915 -1495.324367218942
-1347.4160973055023 -1253.2929124102848
-1729.7591850799672 -6775.906840082171
8639.05901655016 -3826.9510608544288
-9652.246284437975 7041.896245100295
6992.899450151457 -2152.6534787997707
-8336.84083143864 2833.572840342902
-7766.167341314518 -5509.449920222551
-4015.626476690375 2175.714933634663
-6057.627112179136 -1372.7306789993945
8325.700903944868 9952.929455719885
3925.9002918108017 5931.66388158277
5488.7710784022875 -302.5053003804205
153.1575202121512 4415.753123908769
-3330.4399928880102 -4942.118664918158
-5887.922409099721 6787.918784452104
-7391.32126284991 -938.2139836866227
-9453.372838495508 -7108.622276498783
-2124.625444563042 -5266.138601391599
7454.137012252839 6339.452728625085
-2386.013828486788 8147.8506204156765
3775.370732477575 -7703.506895772076
-2555.1316104601747 8137.371409873751
2385.360711274094 -8189.674178564836
-6799.919841283393 -4340.874730634341
-3206.169614974743 2184.156180719743
-4212.579190103227 -9803.164553430857
-8610.207703715367 -7417.136905529875
-4285.32979073683 -9386.249231635704
7115.70310299132 9400.662533234168
1669.1785285662463 -6493.915661703873
7132.324838705397 -3125.842893285715
8036.224582818071 -6620.712824878103
336.2404057102649 -4993.200197185543
-2647.151381140334 5863.587099301658
4517.7376005258175 -922.1460347436769
5432.145488267941 7704.749873906552
-4502.439410437304 -7159.0537940126305
9256.28475622437 -4589.434573911974
-6243.180653559754 974.3461116293711
724.8025039979493 8203.075953000793
5875.107984916647 5427.141279609317
2958.000277761048 321.10356247846903
4517.691744639633 -4987.500233295903
-9906.446240251526 2737.164368827125
-2236.6246971078626 7931.250676558513
6377.729741374924 4997.390049106247
6240.465806260796 2866.0396371432926
5840.8788334776345 -5837.400520138684
-5160.9780898074705 -4131.648622175219
9960.162826228148 9723.209471360882
-5306.649023043677 7467.717137211002
7450.746795115279 -9119.809444253528
679.5099178929049 -2735.5356428989116
-2310.021635031283 5728.81163305104
-151.65419272606232 1724.3872621421015
7267.34647987859 651.452192922834
-2984.62144553479 -5024.243257908299
7766.302498415102 -7379.718812799019
-4845.365565331676 2116.117237621518
-7877.697129930328 7130.146768292147
294.29256701028135 9868.340359629383
6764.714123811787 126.5367903676979
-6712.18741157217 382.45610489248065
7238.505028897569 -6436.981220385234
4134.976329291427 561.789453874655
6114.92624669496 1117.080576721568
-1546.9342887886814 -8501.016253316904
-6261.330683766464 3112.8420551467298
249.17223176028347 439.50610381720617
-5277.736721760284 7843.624485080221
-9679.567703790863 1147.2719407376571
-3913.234733007138 -9743.093448028867
-4590.264222772294 -2370.9452117519895
6561.066315395019 8358.71945054485
-329.731373875833 881.3754991071492
790.4280110637392 2714.0703448909826
7043.002530103298 8655.595667503516
7068.141826317878 5064.510566661571
827.0454797894836 4193.983248764765
-7307.520599929938 -1646.5001999524557
5023.544260239565 1471.5316226511113
7164.390397772928 2344.745272838405
-9040.402089998166 1685.353021176952
179.68812738793895 6538.226664375266
-7750.553401916327 8565.510095311402
-1267.2715661885322 -4766.842774094384
-8674.042980740283 -1461.8477892428473
5636.891751760864 8356.641339766971
1576.225393161154 -4146.111042666376
-9619.561878708371 -3928.6469404384407
-9459.113523887032 2501.333285239194
2474.601523201809 -4804.947287811891
-8312.487844556392 -1942.1995500260628
7314.062872890507 1109.3266277427992
-5055.7519205472845 -4413.831956928347
5058.222011235475 -9895.562768119154
9480.633967263406 -3731.063720127112
4154.979539856362 4001.7230182773856
-3851.676565214668 7677.5638913940675
2867.005391087687 1414.5023994904113
-8454.793228566701 -1592.8232643891733
4523.767734395611 8152.982148266528
-9157.784397215619 -4736.211229083056
-4789.133125554459 3048.1883973357053
2312.875916895844 8273.1930216137
6221.502636559504 -5135.518007620674
-7068.545345079598 -6512.270955652293
7833.188143941057 989.7370439701008
-8543.679367613639 -6100.85775407905
-4163.901966975492 9236.810808471
3090.9353177992343 -5277.194366419922
-2272.2708314941538 -9640.553702175137
-1884.3471178327545 -9099.414400307625
1601.8219393178133 -9219.7096511398
5809.308107811301 -8123.325340560079
-2502.219227820866 -7451.757382675058
-5469.666020160091 1532.7508040934608
-1659.888000083236 686.8742062694546
9002.9507966181 9625.833547868326
-4414.326583866419 6865.191936466934
6654.732112723177 -4845.7331707613175
3309.8146569014043 2716.5532665423107
6277.645930415043 -8215.737120351498
-6299.224688440816 -3848.9269304128857
-5664.550929812382 801.4918118205624
6794.971258275389 -348.61816268322764
6916.086922160102 -1990.7752014543712
7774.103220785157 -9188.856307959075
-1371.460224530536 7576.564709301463
6258.281504133798 -7729.740147964289
3669.339780812008 8047.3466158384945
3767.6643121305697 720.2183891849854
8834.74769894715 -6447.700319855043
-2111.6384096598085 -7202.409768096553
-6569.613277942326 -3275.889722899523
4666.6662839434375 9453.187281255356
6830.883477694497 8897.052684882401
4368.930577135337 9778.941291739535
-9132.128576996392 7879.876180197054
9982.707715819804 -9705.901856199825
-8724.527349485874 3922.68510894451
2698.0412992586535 6336.83014309516
98.17738071748863 455.5651396013109
-5903.916372711664 8476.93038224876
9266.794617858752 -2241.2548896316493
885.4888979699299 -1240.2372079640318
-5526.04071389383 4931.122962681035
-5234.674794502347 -888.8205410613991
8031.436798692976 8355.997006739282
-2643.484771296611 7377.651504316735
-432.7433621578184 -6680.103649557914
8132.103168762373 -4754.6152494577545
4221.4978656205585 9522.420149536301
1889.9379034048306 -3323.269616797844
-574.6903431634146 -9077.964799349862
-8450.386123483344 5521.719583227157
-6601.448039610751 5694.804172973198
1918.8304169226412 6607.101504576443
-8822.79193292525 3040.06060563983
562.5801857285969 5874.771208084128
7282.509112202628 149.06430067821202
3021.8727287718284 2036.0309154683073
-1930.5079417451525 -5140.288016394264
-8633.013388640838 -5272.364426366618
-8656.509533526396 -2647.596253683817
-2566.497823091072 -7699.877182679504
-3991.1626628498207 7699.202353883022
5077.678257721564 6138.450336607246
314.8507152284001 5160.445252368167
-599.0112858030589 -2190.506226672135
-6310.059546108781 -169.99064888477915
-4868.058560802966 350.49499113204
-5794.536494424998 7562.457760091213
-8783.441467254734 5657.077198324092
-8613.262050783766 5072.32040899264
4157.201864662255 -3801.022465805515
2389.4005783171997 3677.8072584190395
8752.691109885069 1186.176543273954
8485.078936153517 7368.266115958129
1630.9524926314862 -5172.36270742657
8351.130396906236 -6293.251284882013
328.7150820695624 7469.396687793214
-5165.022043338561 -5463.943253703416
-1338.9511313803832 9168.285266273098
-7335.642070897242 -2461.307540704285
-2263.17008238941 9652.077764205907
6000.573538142282 -591.8441800066194
1214.4862869033914 -1363.586747233643
-3217.369105493628 -3278.9352502023394
3255.672685064923 6113.35600917786
7485.914969019337 1556.6109101845086
8122.789882664456 -6504.012704368561
-4780.15885612882 -4508.111701003497
1479.5618055648174 -6602.026070714697
-1985.2929603700868 7808.665865828818
5192.142874539179 -1653.4425330514168
8698.741267958176 1579.2094900554403
9791.538725033992 -3128.0271297807376
6942.132734426399 -5244.217135936234
-8253.6280063817 9185.809510818064
-4154.394451122214 -7529.503283934029
6308.333583130718 4055.3808882530775
5876.881386563804 1459.1980128403193
930.9241106065056 3500.6773933558597
6009.157586847543 -2144.8668481260393
-874.6216519434274 2585.03303698721
-408.4928017508955 5555.134894984825
105.94847782495708 7840.146607865132
781.8896920046736 -6056.867887715034
5689.99483517706 9760.64099131224
6299.2425086870335 962.7987312022324
2656.6229191036527 -7677.1263119608975
-3198.097814348519 -9636.805119804523
-3869.1166862331957 5627.239435849438
2375.391756078863 398.2834507839034
7548.832572793803 6532.741496092272
7413.383379236508 -4656.757414391788
-627.9693738363039 6547.135527541348
-8398.569037456322 -9102.491463918452
7958.342054144461 -3744.5169597554177
5763.856736321679 9876.5424661129
-4140.82738664703 1214.4854323847048
4009.9340690586887 -4448.6857957797765
-4698.424546273552 5509.491749327655
-3083.676712592629 6576.55487438427
5726.923661789517 -3934.3794793121915
-5591.540259026733 -344.1579260868839
9996.134160300215 -6676.05336239895
-8445.581796726627 -6076.375209454223
6234.713678909084 2038.2548204369305
-4339.487330375827 4481.320791142778
-4720.826369666864 -282.62032472081046
-1141.2872740483945 -8393.352665805363
-2700.36049931625 -367.31009434550833
6801.713139618303 -3137.611023022091
-4588.230460402252 329.80321803242805
1132.2825981626793 7662.824328414143
-1045.627620223113 4228.148372298812
1069.2988710884747 7813.071544023303
4597.393992021605 -5838.470867700298
-2246.3328132135966 -6881.354566117648
9558.235561198704 -1392.6388317035162
3923.074876083456 -1630.45721214667
-2057.3726961629645 -6128.194632708377
-8964.649277000408 -5164.7862633762
-1410.4169858068253 4642.529350432691
-3864.050207475835 -4136.202484667031
788.2309555847078 -6909.615525813872
-8434.118340987416 -7738.957994055741
-7152.401755359352 -8904.211336065586
2032.1760740149493 8831.352440305913
-2261.289640736899 -9804.834530385251
5613.7620110726675 8795.443827432002
-108.35171997958969 -512.6990552610878
7951.417448769105 -6243.890013598608
7718.483943469488 -6990.982267511196
-7828.771797904526 -6534.353725399546
-2453.697040467542 -5015.901196868557
1016.7745859941842 -8144.499382036841
-3617.209070885201 -6131.076288096445
2216.0497601628886 -6379.2509308863755
3300.1616249684703 -5737.195242475986
3284.8889557292023 -890.9616279503043
2211.46219617345 9520.558522901218
-2230.5271003218177 4345.652273809397
2426.5971959196286 7299.354108279731
1356.253883328327 -2266.5953305722205
-2386.326946006241 5291.437992424444
-6671.574046314639 5298.08238584516
-1345.4457885183365 -4961.155342494508
-3476.148556521317 2307.1958225665585
-8628.187104545477 7995.749804974061
7250.123667921434 671.8363409834365
-3782.4848566185046 9898.63794535767
5538.249410353232 -1251.5529166199249
3752.586226156631 -2975.9942821979266
-4332.81431401914 2989.374041400155
7108.769923558109 -8942.162656042376
7067.27646175152 -651.9291161004476
-9386.522484262128 8070.62875009554
6511.397146452578 6426.879067044749
2371.1085045516993 -8513.731873503402
-6071.59983192544 2062.324943844047
-2167.29833593122 8952.606014413457
-3775.75942051126 374.91594776055535
-8750.939780137182 -1333.914402315133
-3828.0613700264657 7267.439702632102
-7609.232089942261 -8027.667729296903
-3267.684748251756 -1062.1902343291804
-2968.1905516096776 -4040.8673221656
5093.224186042582 -9820.471054558355
1431.7743564632274 -7722.233920527186
5265.77746851094 7074.869163469793
3414.9091149357064 -3426.8220558869025
-6748.150094616265 -7857.09183652237
-4367.427587664527 6673.027061714922
-5402.076802688025 9086.580763298363
-9791.083088477388 7080.152392016007
-9423.881074458068 -1010.0535447944585
-1792.0913592692814 -7667.443708832838
6284.038028230334 -9851.100798912394
2223.0812849487666 2439.514877510326
1630.8251154641111 -324.42364030129465
5879.6852504712515 9871.966985401927
-5522.362823714498 6598.759439945174
152.20311840042632 -520.132069833393
-5873.511150729504 3389.5875778691316
-6861.54895906883 228.70856441302567
-7097.772157354699 5673.932736247247
7294.792552954343 791.95464279111
-6251.829440960743 -1650.1717723282509
-3874.7414748085803 9805.671988247228
2556.710530622766 410.3542631155651
-9069.347013726552 5986.15102630269
5381.99434605458 479.4394400401743
-2537.9948499798984 3330.857803222607
2732.547907874752 -9599.95519197658
2186.0109492631855 -7732.409057131539
5817.496421103828 5171.247388678672
-1641.6156457563357 8886.234361246112
-7079.169821255988 4112.757082407632
3214.322556890216 -8717.958864714483
-1996.0697937609857 342.441391689119
9323.57526181258 4558.911069039454
-1812.6477038760931 3484.4629505542744
-4479.123126941878 -5814.348604317643
1938.6552365520874 3982.6563667047412
-4189.204888000555 1167.7495124257712
-4406.162211759641 -3524.1838610513596
8259.324054521214 1891.7094614678808
2265.7239619974007 -5601.409487316378
122.83174913892981 518.5413357996877
4243.429149090232 8303.70569027603
-9671.748257025052 2447.5213602648255
-2337.193448178902 6358.28201346336
5906.695920566823 -6359.128003357097
6528.57107426881 7049.033382159243
-4904.063174754058 2494.5433644884633
2094.5640763405245 -8661.833155455155
-3434.497192447856 8459.80419259115
-6840.58978378411 4343.837676388423
-8418.607694570135 4764.892982829975
-6989.394748749837 5076.0457995432025
3915.7176204963434 1355.494865508228
9550.837293578319 -3159.1161413276222
919.8431144226797 8567.359039829182
6566.148593091351 -9366.913456935814
8417.8906274361 -7936.117588706411
6146.300146101668 -831.1441013226649
1940.7465773799904 -4783.958599960041
4943.51280309848 -9832.021475357096
-2691.0042654903846 6371.557552844322
256.5050760870072 4076.2632828828882
-5313.5123607402975 5354.739642914914
5852.563933581434 3626.379226490104
-8035.485174264864 -3942.0462401600307
1991.1370049764464 -9532.802991083403
-4300.123361076696 130.2222879939618
9288.239620859647 -2451.2401060718566
818.374679192526 -9462.026197985113
1861.7251738349223 5032.0573816285905
3908.56348968527 3167.495429488523
1623.2835582674325 -7800.208245540705
-831.1235682174793 -341.817193843086
2633.771654258455 8176.372153348289
934.5087227729091 5300.198058509239
2114.304383769888 222.38519568525953
2198.735287502128 -7900.310679119742
3006.276103998889 -49.15879135858086
-5343.378473704143 -990.7482762859472
1899.2946889064715 -4980.485585641383
2537.352112982526 -1159.1586678556905
5696.775970986297 6685.724398858332
-145.29699898661966 -5477.114896898025
-9435.274037270756 -7933.047625251086
8693.452347609757 -3867.1378391666476
7510.031556725542 -5967.301256986099
-5237.192999327156 -5468.839309305425
-9639.649143883868 -8639.966163545454
5686.207762498483 7441.550056125034
-6031.52411219378 -2882.685435699761
-2639.845456966672 9468.130280306614
3139.834689602305 -5802.419024402127
4202.970982209461 8808.167757067047
6082.558061444459 3505.1685831337836
-9772.280625245801 314.7385525323989
105.34386481974252 -7493.889895407216
9611.743816910606 7082.646581148016
-8160.892982658519 9684.927559351614
7798.613672716816 875.6087487182613
9434.211463560303 -6092.551200984193
7156.511256023317 5482.229673154228
-14.167370139843115 -3228.683518855073
4830.397276412077 -3517.173987242517
1865.809631703365 -9267.118808288185
4663.558147740388 -4071.319983820492
-1309.9007315569415 -3868.791679388306
9927.435112625215 1079.8498512806273
-673.2481367560194 6186.958342257678
-913.1015216938067 2617.1764969754113
6650.087975215156 635.9303965976651
-7058.5706637055855 -361.32289546953507
-3327.4495396741568 -4135.912879421768
-1779.0596150784113 6270.027352799285
9236.480768567013 2242.9194473245316
78.2504017398187 7863.3846433202925
-8376.146076357261 7821.027807315248
-6091.484822963506 3528.320268633879
-2757.2178214197374 1609.843582718322
-4460.809839127571 6133.170055120987
2975.3882080083094 9408.42651573088
8072.387092393263 934.638302924408
-9177.586539757778 444.32515608774884
-6475.23417806058 9638.022663919419
2155.7312168177414 -5935.495855915622
-2101.61825166141 7959.964039950639
-3809.3055587001954 -7707.621298247925
9429.198014427002 1660.1444879980845
8216.038658748334 6274.030198437704
-8501.756094709024 -1472.09840598528
7669.847705641514 -7531.3000845808165
4053.68538617802 1954.249158941855
1325.8528755967654 7895.703343840469
-9619.63913624623 -4510.668139983429
-7344.857397744912 -7168.079133005341
-333.3955082248922 7179.863025381645
-5145.885596272275 -5938.933423185035
56.47179751556723 -2499.359976670912
2080.3061810573963 -7892.036600690882
-8261.241260648969 5338.751249374483
-8886.494059119212 -8151.921867966299
-4887.514215628672 -7241.3753859310855
-6039.669682438533 -2535.386795986481
5181.800833540319 -8829.40136764053
-9153.751370178214 -67.53145069244238
-9928.460881192816 9045.227863733078
2589.7906537831113 -1959.562561578634
8917.953524815151 -5539.93455460837
-8470.51743424025 -7579.995135234596
-7622.586375098947 -5464.799923435677
-9025.184590962801 -3868.8225357441006
7609.155338093678 -1791.6536385345353
-5421.652584297816 -4937.21435317926
-1173.5619397799019 8819.833154255462
9076.8135785499 6736.731376442505
-5626.246442333571 8622.354403757949
6524.896695797408 7062.699016677088
1776.006398907768 8599.879711645892
5446.104298827242 1171.8622242411911
-6681.126921520099 3874.6596467304753
4250.965916173525 6665.160370421971
-3542.1740049668933 -2499.212591409052
4823.556152648285 -4556.250277896798
5716.582059718456 -6412.696459161771
-646.8797582926636 3746.2579191476507
5724.033437708575 -5536.622696379008
9288.373573263267 9099.512262838307
-1348.0174563111595 5992.613978426509
1717.8085837552135 7596.433641996111
3554.2921421303945 163.07812218918116
5530.149402466233 5246.826120185138
-28.650788877410378 4724.148975108263
7384.846642035493 3103.8216590904467
3652.0024845018397 5910.8582091349635
5823.311672414189 7450.765226104086
8358.442796772899 2190.891551004932
777.3556626827558 -6459.630317900882
4457.749700864446 -5511.033984919019
-4717.916483149324 -5790.015911451665
-7632.876130381343 1487.822643063606
6376.280176721582 -6846.133109500245
6908.110970065969 7374.615074937607
2974.0921792212503 -3284.6254633984718
-2761.6161842025804 3795.994781844154
9917.613124107935 -2230.989999234909
6267.950924203593 -2195.2704563608313
-529.2615762534479 -9405.682780390032
3329.93377875284 3225.2314268384325
-5809.551203634913 6600.619998689996
4364.327453806054 -5865.120756259667
8412.465446184266 -2656.346966231855
4986.461093149337 -3947.4180047158034
-486.0090401189991 -6517.849608209456
-6449.868164313228 2945.5326579605153
4667.040229473438 -3845.4993818080593
3678.6863674473207 -3690.3480348938465
3971.6430003933474 -9287.40337922655
8725.594736486433 6348.745943457081
-3341.019966506893 -8167.9535649571935
-5760.654794181876 -5328.068320552497
3480.3013412530217 -6275.0565363067
8745.774520244886 -7051.582257980253
-4551.754244186166 9513.42508207538
8024.218038537128 2603.2588796436576
-3227.020576972828 -220.7317325654676
-6457.841034014024 6907.233376396573
-1863.6721508716691 -8113.171577887592
1826.3316044994917 8708.526226137648
5372.886626276399 -1116.372845619131
8286.502933131269 4573.423885607204
-1822.1515306093215 -385.0470178192354
6371.465240751642 -752.2283345903961
3637.0883819859446 145.8511286174362
-9074.97511491236 -6879.5372556043
175.81105378005486 665.9225676847582
-6776.926249234337 -235.233968336388
-1052.1306817119294 1759.3749081915448
4411.095984695545 -9347.170257007878
1738.6107207171935 -745.19506791801
3924.7643276865 -216.76947406205363
7129.928519176054 -2173.7780194896786
-35.46710003436601 -7769.0373628389225
9976.94131040945 98.84886761355301
-9791.5545862449 7523.805464927744
-6828.471703187777 220.27600897009506
2685.6323551272617 -8731.477084537533
5218.720355768171 8689.567561099622
-903.7267997798026 6594.89504457064
-7672.27519192764 -1306.0425314642125
-4147.935325107357 -9244.898490890884
9520.15483816398 -6715.206462729124
1724.5254208591305 -8389.484677862612
-8316.199424175615 7431.436085400066
5226.754075158997 3757.4906423349057
2551.0748293165234 -676.1726916434618
9717.519947781733 4688.268522750139
-2742.968135056345 -8748.500402431793
9704.871441714287 7652.642135228449
-7567.3395930182605 -8031.19271242632
7939.708885719025 -219.43046703400796
-3285.0939438204587 9663.205984231354
9628.060644646372 1545.4414861897294
-5894.313885487463 7475.428002621724
-2545.9258328674196 6792.248730429739
-7212.077585089495 1977.4451942037922
9094.029047404369 1324.422367301564
-7192.592393102124 -903.875220904747
7514.940890219968 -7562.343136778242
7455.098103424854 1677.5329019269284
-6410.376592776331 -8191.455249702806
-4764.784799609005 8218.857443348723
423.3464720926695 -209.60014680462882
1980.3016578935076 -6748.037529672796
9275.516014410528 438.161743450677
-4024.8182004475884 -3555.3874441693442
-1926.9221641116128 -6521.181342894904
2877.5421861712366 9692.439884204832
-4749.370729256572 1963.3017843384878
-8226.372316355772 -693.2464048228867
4015.5109788038662 2480.3541297607007
8883.3435111385 -6139.671123478145
5124.419233150376 8582.39082176413
1229.8250068414181 7335.3393491400275
-128.6269625745008 -2532.091106235357
-985.6859186382007 -8075.373310070328
-774.8535280689885 4984.536810457479
-7512.024329932458 5169.539485605388
-82.44729631798145 4661.336176289791
6788.056923957312 -7925.401857060648
-6227.740312934202 -7251.492738683299
6506.577521305095 4421.272179136855
-7322.913888657697 3137.183263674302
-9314.473561877605 6710.197234760031
-1658.9856775948847 -6448.483044601951
8483.307922827982 -9006.817515501516
3340.440023069068 -2450.1898534410784
-4067.027421070681 1313.3892060590679
-2052.548825754261 5640.9579055259055
5013.551712146904 -7445.901895490408
-4153.780413036939 3217.009963262388
7681.581763043199 -1796.4865344598093
1081.8636415867404 -6977.806408888423
9560.697677731947 -3124.923971721034
-1550.5758682637133 5523.257029526563
662.9566850863357 8379.800746628149
18.875485328526338 -8184.458049539029
3816.3238707806067 -3270.8285282350016
1605.377822414066 593.706827152806
-4601.455176654381 9654.172536192287
-5267.745385536824 3235.571987380312
7528.403771710982 2058.051686417364
1997.45998680891 9192.072398556738
-3958.850372093332 -5722.547320113514
-3257.4112101667115 7645.843095719989
-5624.3453242703345 5108.582938602904
-8463.245366902955 795.5028608673438
9926.647133921539 -5737.891969832994
-5774.053769689868 -857.7956409265244
-3533.8493696007145 9242.509500281041
-4838.244557365248 9799.59012572539
-6085.970374870089 -2395.349723260134
4711.64984318893 5117.786356538494
5038.333955542226 -2877.6430230550413
6266.240244915603 -9193.374484906479
-2408.0894357653306 -6389.180449210466
6697.285530454654 262.80645704768176
-57.46319944217976 -1023.3210376945844
-6416.555744739924 4950.234296383953
-1570.399058642297 -9473.324762781904
6509.074037774222 9452.315513815916
5481.151090826268 6647.774428350276
-1645.3400597814689 -5790.486745516745
8950.899750838737 -6321.276920091463
1735.726350833651 -1024.9967838786852
-4814.434678177601 4125.002439848855
5610.382807501017 5665.791724387898
1008.7068104519967 -2673.8017972115967
7563.913745003778 556.2014838611503
-6892.01058372292 -9733.183613472338
-1607.8676734806122 -7344.849112215153
-2761.402793963499 8428.630300486882
-2656.530338267493 -2371.8056295854303
4206.30323934479 -5585.356125048104
8743.07278978486 4769.811773512838
4769.469300905073 5531.8214992092635
-6289.54056496968 8300.972518148923
-8599.955824337663 -9398.26239741691
4295.555423631042 3661.532874714774
-8730.595748076645 975.3504756347338
-8403.77047198258 4486.549423786631
1875.6623597113849 1060.1217169194915
-5716.288524111213 6600.13005779103
8404.85120679807 -375.2569797836877
-549.4278461123358 -8370.031233715672
-9780.829562735995 4728.760621317362
3809.217439971273 4740.249692186049
-7208.7317731495705 -7668.581986671108
-9992.873372987677 -1499.8747301524218
-9045.692938407728 -8533.930485006647
-9811.638304039227 8049.5194480354585
-486.6545222223176 7323.546765469968
-3080.8632217499944 -8506.475668580555
-1935.6502060937619 7669.8994402589815
208.53119495822648 -6148.800206909422
8292.931344947174 7730.944673737107
-1406.2967854556555 -7095.890707234503
-5924.313372076628 4008.117167568649
-7877.748807422713 934.4634671682161
7382.7893568304025 8447.117499567386
-4447.361120971925 7612.272496785186
-3718.7123805134333 962.9038997471853
-8793.10498128375 -3814.572991376109
5264.309106318868 -9468.402835794594
-7351.93375531966 7646.187203810856
-7317.809241482929 -7108.097784313419
-7281.804451614966 5692.056395689966
5227.300692656907 -3644.320318869676
2460.8718993247585 9068.574570373341
5225.130600209182 -3690.667894365869
-8934.321808058754 7276.080562931616
2909.9894662339884 -6305.2991330334935
-8789.848658414488 642.0366567193705
2914.4349686239275 -6909.797312859007
-961.855165661691 6405.025765953749
-8122.655973761211 1969.9652813289522
-6498.2365291207425 8726.078755268016
-7623.68666779458 4300.74626524622
5907.330776913885 2437.505001646701
7315.859170800668 -1156.5346217674396
7244.118203328551 7858.945598792088
-1546.3350044022663 -4641.804485487506
8237.85859789191 -2845.1154531879074
2922.916467819634 -9631.49919391326
5059.3323428939075 -8522.601534197915
-7590.473018004346 -1776.9664242676645
-7768.3805212116085 2532.449752516135
1068.8547259349198 -7100.661435805234
3517.863877576625 2227.5552087210854
-9682.709206511548 1326.840080095315
-8565.29900448899 9703.203034859445
1309.863944124887 -36.97560018582408
-3475.234954603994 6319.91947727021
9215.81343705971 2938.8538039266805
8634.988196052465 6067.407109802294
-2670.1597652052133 -7703.516379499768
4185.665681097556 1381.7269741059226
-6392.457484029257 8674.388228821335
-4221.434244747308 -7498.989265928853
-2610.6830620271285 -5747.974568920946
-6519.378325133829 -7740.2710943473885
9877.787181689971 -1151.7907636104628
-9266.957484899816 -2383.9265729475364
8359.604504088165 4774.381966426661
-7926.052048383676 -5773.461471979138
-8786.74629698545 -3623.982976108944
-5274.07633214976 -8973.681759939054
8420.256300101337 -3847.591800658901
1588.1637985874913 8043.672126825724
597.9772985349337 -9072.858977060614
-713.8393178846109 2570.936647480439
-1502.008722665736 -1251.4399633960147
1670.1733770839382 -3665.601441121973
4464.767349960981 31.587970401744315
-3483.00575457213 -550.231185288183
7525.199149431617 -5090.715319865906
1177.8090970754347 -4280.466686076985
-5419.701016435194 -7155.447639288708
-8471.771182908718 -1777.011765190804
-8403.853349163779 -9740.558092566192
-2185.140352583221 4169.292565503896
741.969776386668 7271.530769821864
856.0455711594004 -6371.588842481761
-7900.984260381989 -4416.1139731057
-7457.289490585679 8024.340933950389
1864.6490610294968 -3842.848484804249
5698.501115044362 -8830.44034641373
2901.8975304447195 -2500.672092781644
-9903.279018328496 -1860.8502283256857
8035.446483303771 3240.8520523465704
-6205.185259721269 -4572.400218860799
1670.8649239186288 1119.606687515081
1935.460328535215 9600.79805464466
-8885.377332811644 -5417.473847847856
8776.586077503962 -8949.7158559701
5398.251145334709 -7082.504515291421
-7049.065320332797 4476.3361174912225
6460.765512125221 -3838.7313599005156
-9180.942017849618 -1628.9807341283358
-4780.74120178788 -3013.834808614759
-1732.080604553148 2041.8388026795383
-6641.638913410339 -6649.662195474122
-2579.4446529897104 -9388.814867489535
595.0223243176806 2903.4287435707392
1460.5331450896065 5946.273774635974
6725.882493942387 -7028.532423645138
-1861.7783282849687 4618.833138102549
-2059.748395222865 8401.897551153583
-9485.829352638499 2763.3081419985174
-2317.481031017448 -6368.35532999209
2108.1800620042013 2096.8854662142785
3773.5824252134444 5048.169043179283
-7139.0793649807365 -8615.817731883992
5551.675584753808 -4954.511400556507
2178.2421279254686 3273.9596079133844
7468.752747822848 134.17150730229878
-4183.401341156454 7704.768399541754
8879.36210273224 2046.346033714055
4481.291006818399 -29.052544232157743
-6315.2621851031545 -7016.20603269504
3747.513096756011 -5940.051791949363
8045.602091006269 3989.233978725437
-2722.533996465695 16.469248454483022
9552.964665828666 8877.924148726644
8295.093834876257 7858.4285150534015
-2953.016325202011 -4751.2455745397665
-2106.735506079014 -35.668344118095774
-3300.270891665702 -1198.9811507546456
-7013.493096607459 8871.119012136023
7028.478126552869 7515.101689316147
1585.70035594179 8066.110428541448
-6818.052800179195 -1787.668895040495
-1440.6185951416646 9626.202124445499
9142.651087214384 9591.292978436224
1159.6308491675518 4451.986751979159
-4585.642425890539 3044.924578688091
328.7700806378125 -1635.981914408103
9314.39009271303 -4605.256137283096
-8833.615200488508 -9527.041226816227
-4833.6934795652 6135.592557891334
-6075.5246334581025 9004.885685033278
-7510.724269516271 5866.314562010815
-4488.187198369223 4157.558482865003
-8293.763230712899 2288.8112432719154
-9273.142037958782 -2417.0085576319743
-1056.2776647847058 -4510.048145545958
2301.8885705744997 3736.1910990803135
4172.006974636211 -4822.1485788185855
9329.258124969918 9599.46573235028
235.0070549840184 -873.9491156929053
-5246.017099840144 6186.229967405163
-5754.83342760549 4286.173879555317
-5644.845386277979 7747.77429371632
7369.319008427938 -138.33609458648425
-7998.065557726921 -7249.014237767375
-5792.689528540487 -4907.768382580056
-1041.8170048074899 -5535.451138956105
8765.951983473838 3580.6800906536755
-1376.950059552224 -1614.3198268233064
456.63721411268125 700.8061448455937
-7666.858928314632 8758.983415581475
595.7621164723114 -9042.900877838978
6715.146061976724 7083.545096339414
-2437.1594244555 8124.002860540229
-1433.8940237386087 1773.9178571184584
-2927.979888271022 2574.526715991802
-648.229024660659 35.17349110260875
2938.452427829594 7415.027588551577
-1848.2139296118949 531.7372319610131
-6728.218920585003 -2124.9835648567505
9243.72094644478 8574.247541564291
7204.769967365755 6857.872688539039
8506.237408770918 -5681.7885516715405
-1934.1057497240736 -6359.619270795105
-8565.016605049672 8862.769538222485
-9669.51740209674 2416.036162187789
4803.062093775048 3157.3975047587537
-264.2149671463703 -7290.901316218213
-6138.772504392103 268.9191818756244
-1378.8656006010133 -5356.600660994166
7461.222307630855 -7169.268601987799
-8144.8759279519 -1368.0555389444053
-5401.031747531338 -5609.337721692657
-7362.462078143475 -8739.614180981629
7612.58749384373 5893.437547514801
-7985.480797999074 -3030.539214621508
-366.4702497413855 6678.236164852613
1121.270615026846 -1401.4672309701855
6877.344452687652 3141.3717269594435
-9032.6543028146 8934.403690440042
-26.066340233310257 7608.639966656916
1005.3730603977692 -9883.410647647559
-7224.606962390044 -5018.5640800691635
-5225.153010605379 8082.283924983192
-8057.166513848215 -4634.752873890117
8588.381359428098 5191.279796171311
-3898.145613794146 7158.67557674272
7528.626469919058 -4246.874875866447
9469.626150440035 -3024.3267793516425
-8050.189390719524 -3614.1551666368696
1594.813627532145 -9706.804545820929
7228.657925244952 -4032.4261709271595
2214.859455967664 9861.021429793505
-314.77832900276917 8399.493807532323
8223.425340523161 7680.014499105877
-7605.063433330512 -4519.524349332253
-1645.9340130405235 749.6262986530928
6038.991886663538 -3099.1109243026413
424.5047483597027 804.9841857277897
1990.8998412919318 -304.9537477140966
-4150.857561966801 3908.4278445083746
-2487.0856490900132 448.7897819842565
-3384.2693116201917 -2970.1037191140613
-3763.259568188606 140.76977583836924
-8964.592843006107 5645.095014588969
-8971.245113039267 3702.97589170219
6313.584087440189 8899.905490252466
-9109.264582815937 -5781.8670283104875
-1647.547931512032 7034.029200550631
-1277.1129887574134 -4871.415225435469
-7815.8509746015925 -473.6071891935717
2576.719813023461 2913.3409185071832
46.92250593917015 1819.3666687477216
-548.8664102735747 7396.97690509359
-1645.1018205262571 -6501.610172959733
7735.825334552614 -2813.8820256659055
9675.342162417302 -8551.890133242781
2081.936215074262 -6313.737478062547
-8684.407436622572 -2224.302326103116
2780.615432212424 8733.737907802304
-1764.8849512656943 4186.509594489904
-9344.016161015978 -1915.3901625492354
4736.414522749523 2016.8144963872128
-1970.2656865087856 5834.3947483872
-3248.1763934305554 -9727.175724944716
6490.416175375751 3299.4632120007464
4531.462559688689 -7205.1929339606995
3001.200256021708 -26.95376531774309
-5849.047668279152 -9940.417364947394
7305.735942008665 3875.792033361915
-4504.263962379624 1154.245003488728
5642.4649488239265 -6047.14831860774
-5757.839623378178 -2901.5288879286263
8453.550969602416 -1873.5002412578615
-4156.273432627602 7962.324177653085
-6924.630684248132 7195.333014782373
644.2269737895895 3120.9742362246434
-3676.7309298189075 -3021.883905022458
-9022.253341099204 -3492.695265653916
6434.112640639283 -1067.6211398702453
3478.7953845190696 -3132.1072692344205
9005.87548539844 -7065.103738990625
2814.123317382613 6797.389877739159
7374.365597213986 -5006.780016119638
6661.042641756376 -6279.138232842279
4292.9129753422 -2635.5459665293756
-4004.626689961381 -8986.832867764108
-1168.3492912014008 8889.502977603308
-384.603827895271 -1911.0003669209673
88.79600770374782 -691.9461394000464
7316.49269978574 -5433.260152705199
7607.118605692936 -7098.420391402198
2244.4241188625765 5503.801649138009
-2685.4264056186785 4018.6841259508183
9693.481097372594 -7779.32530392063
1358.8354096173298 -130.85308011633606
-3020.9728434308045 -3624.5801254168628
381.28043104167773 -5569.958831549935
7002.228608737867 -6280.115563191029
-2423.280999156401 1389.3547593724052
6738.05161541179 -1636.561777622459
-4689.015818814109 3759.5436070764936
1115.8881644191315 -1610.4192226021114
7119.238752334939 -6874.489096433341
2625.450662888077 -684.7252677649631
-9416.328608535166 -7551.491784158624
-2531.141325445543 3152.412588942585
-109.98962295466663 2929.5068630842597
-9806.877251190084 -2274.658069350088
-9211.918481082315 7642.606152283366
475.5075077572292 -6582.080608738807
5232.405986129394 2481.0851476232237
8097.545865403325 2668.0760158793655
-1845.3748506202182 8415.727655915987
-4868.2513523017515 -8702.574362153367
4620.309961131999 8147.086127836719
-2021.6627243746889 157.9728004567296
2048.506467557574 4940.383705594839
-3872.385884616161 597.4978258218816
-776.8620933120837 1763.7799235382572
9386.860092673425 7889.751132972346
1501.173988076387 4807.7591921860585
-9201.069310372726 -6954.908104590222
-76.74639186237982 7045.428459251936
8593.006810843312 5311.764297341653
-9141.769812176699 4700.555781257966
7246.2360864351795 5197.514285610343
-7636.102166677632 2322.1865437950746
5098.278637512827 -9014.206924692377
3621.9161512753108 -9378.261126834208
3949.0572096307224 490.32455763289363
-5394.235351977203 -4689.523166893181
-5316.709124580463 4186.3372451067535
-5433.694703597782 -5117.67987027111
2203.6713714016896 -4123.699580421494
9970.34280959444 -9381.039801002922
2817.8248441379037 -7307.464821267755
5203.32691219437 3051.296084346426
7712.482184803652 -2491.4079791611975
2648.149414602518 5693.226379251388
-2738.4429630421337 -6274.1634936377395
2677.7415054641333 9070.871473530326
-7346.870612221394 -5078.807540817261
8649.983050764175 -4097.67043899012
3683.5825748039915 -13.450685251784307
7169.20045988854 1740.0918300149442
-5444.5379344549565 8159.845557544471
-320.68277849877995 -5529.703395923398
3128.8667826407673 7742.3923615606145
7879.506491512369 -9229.995412309217
-6685.5029358826905 7316.520684704643
2503.9629325392707 -2044.2705731664646
-4840.257304938708 8922.170941266784
-7316.790063123457 5613.4844143925275
-7332.511961503381 8920.574633796838
1405.1240400769802 -7017.371781665777
-4499.415706808618 -5832.292072380674
1519.6524406078097 5272.838595521678
-2536.7681543251592 -1360.2701142032365
-3718.0318595148547 4925.561022564905
2013.7776009431254 -1202.8512226588027
-1395.4011099124436 2288.319988895426
3051.7372789585534 -5256.010281039312
-6010.156991441271 -5747.696472772525
7835.11452536668 8632.77097700497
3539.566928861488 9110.674251649667
-1877.6226596751667 -8214.377975431866
-4509.742361008751 -8772.925545979533
5496.737976633682 7646.418654843172
6396.992363210626 60.84573034400273
7318.654666676273 8948.32677650571
6390.758643152643 4677.492617946651
-9134.239976842793 -5624.309693710172
-3140.6526068624 7079.966777945625
4957.7041379273 -7481.2760675697555
3452.8215028749237 5528.377625356323
726.6764019752245 -935.9965157660426
2490.337316201607 -7527.247346334234
-3817.3453168029228 6933.277161083006
-5354.112715684924 -9194.475102385168
2835.7094217037065 -1522.3411106445237
-3783.694996580136 6847.433176824961
6875.978336354619 -6146.218320168804
-4674.336729481732 -1187.4288213493946
2275.194680570923 -9646.963198767338
-1904.0355256678286 5455.338969384
8661.951388411992 3724.5445610188326
8114.820946971435 -8815.91357132142
-7063.853829963542 -5572.9611021399905
1456.5882510864012 1133.2750974445808
-9673.64893134875 9264.376701494832
-935.7936284967818 2518.006325204391
7957.116825634235 -7996.086678351151
-1525.2225817662165 -2948.200500678291
-8018.48665296091 -4653.474739064769
7672.697703924863 3290.5396344764795
7947.484476183112 1011.575890537968
5279.934448731823 7472.535285201524
3304.877226965782 4719.670680710611
-6656.173136081018 6756.668101758529
-9176.713041473173 8500.562779089152
-8341.433022214364 -282.3578063979112
-7820.85873012601 4023.1133636252907
5857.296367280502 -4460.630005654442
-7916.270952622046 7538.733379647827
5437.5466083391075 -4445.428329709209
-4937.8451104065625 -450.7266187786445
-7566.488561739439 8610.685988777368
9356.491672950124 -9545.150421264694
6624.447800602749 -4800.772572391161
5414.67298916759 -2793.367687712427
-1030.7437870565464 -5632.241910862183
-9960.038841430025 -4615.842837701376
-8616.907133419332 -7859.337046597706
1514.0939447909768 6136.235661883069
8022.6375586745235 506.965185276822
5870.509696011193 8069.095733996135
-9077.576199353256 -8009.5664938266655
-17.68736111285216 -9565.11041612418
1125.420407085876 -3600.7246419808635
3242.9485160323693 5868.259432877667
-4623.165731298573 -6440.26548731397
6355.806311771694 -1561.8324749148323
-1999.1175529254642 8669.947927928315
3112.281544593947 -4073.266506467059
-2243.9245165864977 -4632.554456231916
-973.915811127692 4016.35827885425
-9734.691650010323 -4314.295092344902
9304.880555201195 4460.933852450315
-1957.1260925618271 -4217.789556561697
7878.622676263778 -663.5195461268777
-7808.74460330297 -8347.503937246462
9067.210650929741 -888.9238152360085
-7483.627127011911 1.6720420431702223
-6041.589326009371 3543.4818820681685
-3889.2918544203158 -3973.011583135036
-5319.770380222011 -8685.609898762385
-1620.4652814558103 -7928.006928386421
1490.234697550719 -3186.2422369362293
5036.253862131836 8944.8988927235
-32.41521850344725 -9347.780060164712
8768.616574164247 -4849.215752677476
-1418.1807326958315 -5765.894079979858
78.39709426269837 -1630.70190633743
-9474.264809124224 8124.116407833735
-1777.1410706266306 8216.563831685802
7937.961345889267 -1040.753741169221
5237.1458590252005 9662.009430505761
-8495.877333370134 -9697.933083674017
3692.497879920207 -7572.119774789041
-6086.231230019907 -898.9681048081857
-2854.013516217801 -6718.768848513317
1763.5148914987149 -8682.032776057438
-8836.764730000094 5335.211320312106
-2764.8595866137903 -2197.5264719030083
-7653.621475556462 -8691.499437302073
8240.649566135602 -5362.52328178904
2975.2891001216703 6148.777079579038
-6285.395564671523 -9050.299201019669
9670.891125123439 8508.13291409699
-652.7002668420009 1573.373511436008
5915.148433443965 265.38369457823137
-1709.354950677629 -8025.006609068934
-9686.891483438783 -1377.748890674553
1231.892383173512 8491.537225395547
5158.157405929442 -3742.575985643184
718.6378917931397 8203.996219471359
3162.4246765503285 1604.5412475666126
5731.79464770531 -337.31854681301957
-5859.943403543885 -6472.834138139442
4241.525468935455 -1799.7474875973312
7981.860363148429 -7504.147907151095
3844.404608212297 7712.966901762866
-4564.39766107668 3829.4429436589653
3568.350227744537 4560.175537710607
-5992.981479400174 7644.760813033172
3545.1629632792956 -1373.3865217991479
-7277.608214545799 -5134.116601544383
3488.775984673299 1611.5836873258086
-3455.690668407885 -1023.7573955876305
-4219.387102582248 3253.639492025526
-1091.9804818603534 9153.794117043893
4451.7210692953595 2468.9263812531954
-853.4326767222683 -7988.444631709075
-2535.3623444143113 2275.8553263357535
-9501.314379190013 -3627.170826336337
6436.225720789869 -5101.67554321413
-6055.813712747527 8342.469157856733
5305.991096926824 -3415.7690416299793
3287.3892039180246 2392.565716825573
7442.683204103989 445.5472919096155
-2290.102449834377 -1737.0280236960061
-704.7428606630674 20.76751348396101
9439.820886520429 3184.11491450038
-2067.444157495428 -3719.940284654217
6235.313033817012 -5738.4337036761935
-320.64380042204175 -3562.0046375835955
1056.090165591997 -3181.1115294806377
-2455.2982919154883 4208.252160653423
-5402.636441201198 1077.2874348858313
6251.724258746763 8029.223134365337
-9713.593905957025 -8242.349457742557
5416.440468504292 -3691.0091578712327
-4107.244232311716 3022.5687332524612
-6213.70676235655 6882.66507313323
1078.8375119192424 -5367.023380473673
437.4774260117283 -8355.397546995806
-3981.43335204461 -5723.92292344343
2443.39250039328 6712.569171712195
-7362.721446275524 5728.245469459005
-7235.184709898356 3500.427630487344
7077.111100531729 2848.6429578261996
6975.701511971638 -3279.52663644316
-332.25357859782525 -4643.708183211015
-7073.223256827947 1606.0614134328862
6983.199597053925 3925.412942124036
-6437.624296839767 4539.713248996526
-508.8710497219836 -659.1629273794551
9844.265701410815 -1208.592364381435
-2148.088314026697 3287.347096557285
-1900.5305408920976 216.30550579106784
1100.5204313945142 -3196.165427221569
-5902.61488513705 -3469.324535803984
745.016844671034 -3484.8141854412697
4774.78499054677 -1820.6643223119981
-3758.7470642627377 -1538.1576825034263
7765.5465104815485 8827.438022742299
9354.157261899858 -5320.985588352556
8755.269364709347 -846.0283412351782
-2408.234372901754 -1365.4419655935217
7169.186886938274 8893.880265401243
-9801.071034925226 -7783.451122011347
-8184.913184130381 -1029.7727539224288
-5876.574283425204 9168.635368037798
9841.222949590028 8077.364833225751
1917.974237606024 -2296.737030677432
4732.484291216993 -3779.39234177636
-1282.5715047231188 -1520.0912837773012
2056.3685761789093 1487.4312872927621
-8768.77751414518 -6782.508206500959
-4716.409982026901 -4280.249485507521
8116.905148414124 3917.15132806938
8246.435517884118 -223.63405663609228
8151.395332125794 -6996.373141218586
5661.251871589453 9719.198791572042
292.35908181268314 -9349.508647324184
8629.748143686105 -8473.542148324796
8022.904897637956 -2863.465388087412
8147.056075994085 3830.425063937555
-701.4427711407789 -4712.388205646498
-3617.2070222803486 5697.069056920433
-7033.730454450009 890.3177534434308
-7135.360278752403 -390.7706112127362
2701.0007942123975 -2579.1410854793066
-9317.770185737321 8584.646155905717
-9693.826485215672 5514.550911281689
6442.432712193586 -9245.35749038441
-8349.895266500287 7308.380118651738
6945.389779397468 -5251.20541758261
-9438.708414518062 1121.1077247873764
5413.942782475549 -5124.543707746543
8681.201931678293 2892.4273423360864
-9402.617197345688 -3642.4563201380342
-7425.989279738107 -2615.286844453044
-6816.282749645806 7777.501891595337
-6681.493405316145 -5642.064499060515
5692.945381103873 404.92443825509145
8358.162222525512 2760.337630117474
-5612.894865524685 -7775.190069193373
-9438.844053709747 -565.4836617423316
-5278.855010267694 8253.989297222866
5242.904253594506 -2079.4354043012463
5471.939447942221 -1872.2296399897932
-7670.543450834755 -2355.021420240455
-9078.926936353391 -3041.6057475353564
7890.867206841693 -5883.948776731294
5330.270292388628 -3888.5822174160785
-3050.536568246822 -3296.486615294274
9436.651697629342 6815.670730189719
7768.6914988024255 -7837.786011848569
-5191.72770430363 -8583.02801399157
-3245.9898556684366 9266.657343843879
8638.670640394244 4605.312980406732
-7351.913184285715 2755.2539451699886
-1077.5496904688025 -9910.246644078923
8878.322545232237 3240.165609467431
-2057.8082009975906 -3035.1964638050877
-6284.4714826067575 -6179.340760193614
-9389.731450531182 -5593.400516951872
9328.335781678586 -6155.079929473857
-6552.563808337241 -6643.2955730129925
-7131.27305758362 -4402.702860676746
-156.67216105747684 9495.911433356127
-4600.159439293046 -9355.00750641198
7732.284156877246 3079.9374380510635
-2222.01453446901 -839.767917811525
-3068.780432948439 8103.449881618682
6526.589052471445 -2259.0069442292024
5124.51105872351 -4221.622621089407
-2709.422462169504 9085.385755047519
3844.175508032011 5457.007641588389
-1364.5270386565135 -9668.173276360218
-1218.116217194296 -100.1128336800466
-5243.733243744302 -4040.8307119145356
-7617.357738559067 1183.0872866321843
-7913.084120977241 -4152.017311216063
-9091.754223904103 -1441.0835506397125
1852.093189415964 -563.787332268239
-6978.094429668394 -9771.298397665334
-1721.412462312348 -7140.51904680529
2433.7101137439404 7255.787664889653
484.55432762567943 -2451.6897183211486
3259.8871669945493 9741.430184287627
-5009.421945911697 5961.603510333613
3487.092071368461 2905.8015327139074
5347.301648976383 2967.7182749921085
9296.242234762783 -6139.152014580549
5550.151852550998 -158.46563597524437
988.7005368952323 -1368.7249991356603
4712.479828235362 -8072.0828811474
-129.122993787827 -6625.537744673549
1894.2034135544382 729.0306156518673
4691.618101327922 3769.651249940778
2033.8350938207986 -3495.0262703943745
-3909.979602291851 2191.2696526462114
-3392.4525001430193 -1565.7480089601395
-2000.4091983548487 -6449.207766291227
5939.7160343539545 -4037.378542960295
6067.963985223239 -2413.9295800301006
-5984.838314501464 7175.8765509301375
4889.653033872135 -2103.409466310999
1194.0890387017243 7864.188256255489
-1787.3935434490722 6167.656915763309
-4593.491375750149 8402.620568698123
9267.618295275599 3796.019498589314
-1796.3001333513093 4654.49508733953
-8017.083304171393 -7475.9945048219615
-1529.933835365935 3811.295236605414
8084.550097859363 -9291.255709785544
3649.501596961083 6414.84606551726
9946.44880427454 -7502.4060483941485
-3983.8157455685932 -8235.482858846228
4542.350715655073 3450.429943039284
-179.52536147112005 5494.247158149783
-34.96978340266105 -1956.0287243165585
4066.3995730125425 5311.2080000539445
-7283.420127188813 -7987.145097022668
5227.963968731687 3719.961987238501
1336.7483193674925 5626.705668890896
-5612.671824484081 -4987.004017983412
9924.64118398647 -7228.028632062995
-5921.339076157686 7890.545259092494
-6277.638649830635 5101.8332471143785
-8452.734849936296 4779.656635075689
-1832.5516949606272 -9462.974484942813
-2815.6493176998047 -5745.532702794069
-7315.7426553045225 -8955.066479672076
-426.3879809335267 -6083.293808313426
972.7075624382578 5893.8698475062465
-8113.448277412709 -2322.538293661527
666.0891457757116 3473.958107078386
8289.262524938993 3588.282445088271
6967.934830836821 -2704.4116546715786
-6425.823109799527 6201.717839484643
7241.20343005034 9920.935044638143
-5593.936194013074 -9101.569713490895
-3488.6656624687703 -7646.437370091959
6372.331179582174 6700.043688225804
-2542.0000380818065 5805.6756005444
-2546.512373899639 -1206.074839445726
-7291.337323326954 7782.099081477503
-4419.618025020664 -7671.873022373193
-7889.665588891099 -4935.392414482516
-4379.370292904732 -5008.25070681983
3144.2049668963464 2449.751228715577
9437.419091266685 7478.011592509065
8761.098112289881 -2012.1368834417844
-8410.33905050891 -1865.6453053478135
3653.988074360843 -7009.5478655445
2793.234845274681 -9064.07349600632
-2652.905489443653 -1782.2618753057905
3438.8654288777398 -5624.166396656314
469.35321550950175 6427.5858811430335
262.9425417394468 2947.5788097167406
9193.34134987825 5861.6600498370935
693.3765856964365 -7397.878716935426
-7940.982519097641 9264.126738143888
1443.367627728585 6894.048205621984
3264.9199874801307 -1327.2227080698049
-9398.252163307881 -8511.642348770103
-3002.256236795555 -2508.033677144468
-4230.672037490797 1281.3982280232976
-1515.4995558069932 8251.304029628041
4716.478115570215 -3403.4672004313406
-810.250624252425 -3026.446387567503
-412.0671626478961 2747.1339842500347
5943.662828696197 3219.739787140088
856.6138189659541 -9283.460840607084
6774.975377941319 8648.977207788561
-6970.976102239024 5786.633780508131
-163.8546151840801 6325.092145073639
530.5612253156451 5653.758502371169
6046.341082500003 -1978.3914027911824
-750.1155266233 9902.669613120484
-9058.861243282703 7421.226893291536
6897.224157215573 8666.305485744866
-3293.8887258092154 -6624.560155451504
-6367.657892826648 9881.156597766563
-8515.24432192467 -715.5314918100757
-6656.400982292978 1755.056081943656
-210.50042801170457 2177.2298299916383
-4489.613830163957 9896.242279571212
5207.7991073285175 8215.57867967878
-2243.0492372418767 -2990.4175474734384
-5416.3679629261915 116.59589561352186
6.430566343578903 7147.867106977439
1467.9548858568887 -3618.763782694654
2569.69165857987 -3786.8766485372253
5869.998481878016 -7762.8369134310105
-7445.656728365544 -4265.074659318469
-2795.469697939674 -2151.8546842549367
5655.091899476603 7909.710574598004
7818.514837547293 -9388.089030605577
-6312.633109073624 6467.140246206625
-4406.128358275248 -4737.106428050779
-7848.0562141433065 136.57830514582747
-4138.679690257823 -1984.1726129750705
6669.059879183162 3318.7883548226764
-4776.42489589371 9130.688969348077
2296.308985138605 -7975.016528357759
2874.438491600862 -7950.993401182965
5545.377697916076 2227.3960291206477
8613.625207202236 -3353.9032256361616
-4661.534342205203 -7527.442141273226
995.4224384861463 9163.309956863544
6196.021606662498 2940.528067775869
-6087.418828884921 2028.9069017367947
-5376.808323208724 -909.6845321716664
-4594.8881697327115 -6954.2843109567375
7963.183159014043 9613.79829133108
8596.935419200352 5318.247180489276
3911.4981894677694 -4372.550869847334
1401.6277391849217 -3188.5164603156445
-1564.1981812641498 863.2288470798176
-998.2262243870719 1578.0806766229944
-9978.05427319713 -8922.971008798086
1094.7270195743404 -6539.738714681038
-1032.5316147908889 -5024.925385176091
4510.857475629022 7467.200865246734
-8130.335887345162 8665.739402420539
1048.643774646298 -5951.7499152773225
-6493.905227017587 976.2476472244998
234.2543321842786 -2873.1471755481434
981.204652632161 -2069.2294355115837
-2798.4590403181064 -1970.4343355054752
8313.476427164624 -8731.538546212612
7001.643794365224 -5660.890706194504
3563.344216056781 8086.9950503560285
-1610.2984860083634 5219.9085740807695
-4847.127759218306 -3470.78051762236
2499.421900189962 -7090.877829813367
-796.0283721749438 5887.551363995462
4804.576567565651 3835.6782763239808
-4477.271595158317 8582.777293059062
-7620.271673782025 2224.377240753636
-3716.8211851499673 6180.963023834374
2710.8235420321726 -5938.35196726898
8514.666735893617 1944.1951785612891
5169.522877429377 -55.927125219850495
9172.680716390707 8367.912197602793
1753.4536290022352 -8399.66748167932
9873.868531184493 9739.618027739034
-192.16354886583576 -1228.2463966083396
7301.692512428017 -3039.200195172991
6182.216250011297 656.1661683260281
-5160.023566648994 -5294.103346871122
-360.6787148455951 -735.6802440254578
-8832.614949850653 9449.212454804903
-3678.6559955507482 -9192.374467283385
2346.634774925791 972.679481352694
-8307.777903227201 5630.539164906668
-4631.954020379989 -325.57767515588785
1612.784666608235 -2779.587998312143
3157.8011663960533 -2669.8973144469965
-4931.100371786894 6472.185832671712
3737.0715020170246 9916.046456073473
-8438.95343053965 8654.825942908661
-481.0491588243476 7685.200357040383
7277.025671948482 7420.928145739155
6655.912218190115 9893.986952249175
-4092.2245573671926 -7279.545276849395
8901.2956433808 9410.157579931758
2329.5788564290415 7624.099426887504
-4375.900379946988 5888.7825821795905
-9635.80365623838 -7168.698368223759
9417.14855950202 5285.537989737773
-558.2383933708425 -2967.534487262593
-4835.523138418458 8183.490737992768
9229.542177958388 -3685.524056464298
9484.554040734809 -258.3956416587225
6152.968603087154 -3556.8788949092186
-2858.237710927434 -9969.770793210666
-8776.409923392457 -1874.4224543515766
9319.311589794564 -4899.138448849074
4701.927302849483 7250.637480458114
7572.56415203389 -3655.499566804925
9861.438604122715 9623.889065050222
6832.516882291689 8524.944124162292
-4516.861687205378 2859.5898791030104
1004.9781036029417 5330.423707042366
4698.64244451959 6860.515328281832
5511.745363295142 -4631.025520556629
-3587.2606920073104 -1288.418355443544
2545.888147038633 -8759.997426945243
-5225.165294786662 -2167.419145275009
6864.003036195078 9646.51876416005
2031.9165602856756 2879.9004384756536
2614.101296079616 1469.5479793806608
583.962579606261 -6843.3799997442675
-5001.428976379374 -2691.7399758408437
-8824.006716826107 -5815.0762491885
-5502.570099809159 6196.384908885282
5899.256522095786 9614.281627891854
5927.866978395727 3037.5210126310794
-2962.687549305676 -216.5985694326082
9791.862780339332 3758.9688214996004
-4218.938491710971 1023.469660470826
-835.5532049548092 -3734.2463683278957
-1549.9508921707238 9184.74065275201
-8199.06459896929 9983.534734152385
-7904.344250539465 -4111.944451961837
-5807.720018364839 7111.1281523265825
-3774.935087252198 6647.418513611461
-8026.567971391196 4660.402733386605
-7126.821271483183 6279.271040972333
-609.5893314340174 7943.338743894241
3362.9418655693153 8908.646328638846
-542.4554443238267 -6626.930547291249
6832.798843887547 -2598.07778109058
5987.140445322335 1277.759501163977
2973.31347738146 200.40769620277933
-1150.3926184187512 7883.205286458953
-596.7620907529781 -7701.459233914212
4622.852005344348 -297.9323506288729
-7271.382927831783 1505.0043850710244
-3784.459073554687 -6725.312680714775
-8433.214671316835 -8855.402203057261
7099.60219043239 8538.462006063412
-319.6012625862495 -3996.775192898339
-1536.8742981275664 -4940.212406001894
-2145.076185422341 9587.910676737789
895.6047559536873 6944.607535775696
-5733.709705298748 -2331.7351879587322
-3856.7722561017463 4450.646249854144
-5176.311708056413 5585.362329553618
9022.733981460977 8156.417834433101
-2664.2163034038076 -5041.471470287209
4758.106421029039 4999.154071427794
-3663.110457761063 9190.059455135892
-7194.831893113265 4575.81397897476
-977.0671990423325 6562.426330545521
4654.928552170779 8808.36518843499
-3014.678600818297 -5257.944445549756
157.30178177227208 8406.577688593854
-6705.898776555257 -8851.696260794042
4582.60986352172 -4481.4294238559405
9970.082602550166 -84.23377152907597
6939.051425078469 3541.423971052798
-3001.116611859178 -1927.3790945205938
-1009.8861712957914 -7728.8464562278805
-9221.869516633718 1077.1935603831116
3966.6759775148366 9403.421184247192
7252.328056887414 -9000.490536384714
-5855.670631755929 -2146.6476529270803
2978.2004176664286 -595.9062487661267
7257.242755386578 2444.8799611870854
-4023.4188245508994 1384.8298115531215
3145.6522372670006 -772.9397977773497
7465.20986138517 -2777.78966735654
-5915.139261115271 6006.839673627232
5430.08193646104 -6222.143613699813
-5080.598140678616 -6355.22155052189
1481.2709197782751 9010.692076439078
-7573.195105657038 4242.274627572993
-6447.571847777255 9893.716798098463
7261.18517316358 -5444.14432308884
-1258.555281963001 -3470.1703032598034
-3622.343007370041 806.1452386264682
2953.0446882778615 3409.7036079667705
-985.6510638301443 4506.134066123475
6992.352734834803 2524.2297192994556
5109.593824769945 8015.422489875524
-7628.22731002855 2438.5922108478626
1457.6292199903764 3234.130256815901
4331.777024353967 2454.55499426827
7956.938293182266 -2817.7960832553354
-5560.490372365856 1632.0834599348673
-6018.861500971826 4166.873631244183
617.3688098700295 -1289.0499218204204
3203.1053227139455 5823.056127032891
8567.021617874994 -9132.501019022899
-5871.198697467364 -2481.4747078781947
-4707.403072593306 6761.2888589322865
3148.063285262446 2447.695991081355
2790.0558114582727 -7529.1472704771095
-2914.6254904462585 3194.91121482615
7958.056049573952 7687.351473698902
3034.442137104521 -5369.851658483313
3398.8750503039737 3929.4251007716975
4686.169963069089 1707.0828636907918
3016.260058625963 6562.076387202858
-3589.595656631519 -8934.502765104087
-3819.656074808102 8046.964188074453
9027.60907503064 -3702.96258786446
-5281.951305509869 1120.9927431360538
4507.411129870206 -6684.642859195254
8100.685605488412 -2505.3608413501215
756.7311219567418 4478.724416473768
3938.7294195368286 -9819.02635924339
-7788.993455750462 -2054.8092035100244
3257.0402116034365 5710.868703427994
-2882.217630381023 2197.456330999081
3012.079794620544 -3740.5760569006134
8202.741584826184 -5243.402142596512
-8074.054855421884 1103.1544469717755
9834.009961623527 8810.8543335508
9950.339609730952 1847.0383514559762
-8148.6306272263455 -8182.301749481906
-3463.135283756378 6505.038251074606
-2097.2148227607577 6094.45266061318
-1621.6895358075508 3787.242607498627
-5568.569801236714 2994.738682129404
3398.894709757951 -9158.685956957373
-4617.815387367932 9475.085321555653
-5490.307513214551 -4784.547485376358
7247.354588456194 -1311.959306425737
-5991.236299468476 4954.615337433708
9247.147185335452 -5304.818777710376
-2506.2153175868552 9511.273325643393
-5758.788884389281 5475.423633963246
-5231.740401430909 -1453.4961331442137
7393.340433499638 8111.092611030392
4460.669207955461 5716.760926369052
-8337.782578571596 5366.220198299587
8939.20577543616 186.18749414207377
1866.8517745751997 -6171.417868618294
6593.0085971312765 -126.12563424104155
2376.149960591143 -9630.984037068854
-335.8902765522198 7339.988500169067
-2602.157483689438 -4121.408541719529
7552.576087999067 -8265.758092767235
-2607.235176863541 -6923.769284280621
-2119.3912407004855 -1625.3121135624933
316.2732811730566 -1363.5794726904624
589.6532883234522 1294.3679166521215
2189.365301635222 -1031.326838116478
-6042.15459450675 3487.8740882512066
7927.8405742241775 -6312.5616042349275
5663.408030868803 -5390.598877559716
-9591.363847589102 -8856.809173782503
-3117.1160022325894 -3481.582881746095
3428.240457127653 6342.451914765776
-7098.614091210662 3338.5961827013925
-7491.129465490125 3166.5397290919373
9825.30755938351 -5409.805102968648
6433.889968612621 5.8602543363031145
3726.2410091639085 7475.586859637639
-8055.287295594122 758.6017664150131
-4091.8900822542882 -2457.8040802174073
-5792.774318662428 1599.7123710437372
5977.822198509475 -4283.3989030027
6456.546473461436 -1991.9296523491466
-6986.987283526176 4098.125164779336
-6345.291901673547 -3753.194854125696
4358.750164076275 2919.7367478867363
-2953.3518152072365 -1176.2664368262049
1448.3316861378607 6728.636647559255
9175.657984445108 4415.932576406609
-7468.394709950979 9108.431079899921
-7779.765932450679 -675.5235218614489
-6692.4860708407905 -7840.683602671707
-3559.954263502791 -267.57788815914137
-1804.1507955067245 9472.242059840562
69.52564263768727 -8128.868920913604
-2653.5191361122215 -522.4555250757894
-2826.63847346436 -9342.921501281618
-2527.3884499345204 9818.070819700079
5778.955140285549 -3556.70378447438
-1792.1143806500877 -7208.641830311271
-4973.309250764477 -5763.338757887164
-74.54099712703646 6924.944945294232
-2870.3583929788465 -9935.749748746573
-6179.573172754603 -9606.559028712993
-2389.880621319003 -4870.9820127215435
-9454.721758486037 -1744.5024973487034
5581.257129266711 9977.091433644513
-198.66658585874575 -2616.6338406557106
-5232.406383599637 8106.003651826988
27.3965962065231 -9522.746752084082
-4490.58808602994 -8724.784864383102
-5309.852709732159 -6298.785906491126
8171.361565245512 7237.307464407029
-330.94118199709374 1246.8612571983322
-823.3183232133342 4690.269087976294
4841.931203851927 -5474.3057180146025
-7685.882712363236 9958.311630481378
2215.395171892411 -6289.614428855377
15.403843062058513 5240.701270279167
-7191.973577781862 4989.89235422885
-8023.021291940695 9225.10989065218
-5018.000259175877 8172.791153506809
-8199.638309209991 7444.027719835958
-1967.5194949523793 -3832.229517354055
6251.415098972391 -8040.191648975046
-3417.7570314183895 389.7386956393766
6289.493520621039 7795.947592981625
3692.2786227104916 -5715.456385831581
-5806.739174576063 6989.234019840671
-6412.552389657735 934.8248211429582
6910.737786457921 219.42841689813758
8509.49525779378 104.05901346361497
2186.9294484039074 -9319.821652749826
-1551.9492222511817 -4904.6189264298155
-8926.850367415047 -4813.113369058008
7363.495719427945 446.30073358883965
-1902.0397571308358 3474.297775193025
-4996.123968080677 7749.96570821702
8680.406774413499 -1781.409918948335
9531.31250417235 -1211.8515469941722
2292.0194261118486 -4474.203044872671
2911.6434266295437 2680.6701645764842
9424.837337569938 8460.405032990653
8384.31922754017 -3099.4899404123653
-9401.519447188259 4645.020961909382
-2682.1592899640327 -9226.637233416106
-3559.912854626342 3044.013324919726
1369.3282030044647 4474.961443847753
9296.7115878511 -5248.91858348838
5105.0774776973285 6558.99733868349
8890.554450071279 -2067.2725595395523
4102.239607972313 -1306.9941215218987
7203.189685965313 8036.6385245409765
4040.05785322659 -2450.884605678383
1075.7183895598446 956.0242053604779
7402.358627813883 691.0937479946006
-5062.4253834249685 9047.969754699006
-3848.718878632444 -4181.345465276511
-9372.514560325128 -2264.0755581122194
-8904.482094835017 874.510982263464
6445.859031652355 3883.441948739437
-8335.390384881695 6289.205572638693
-6621.323283491087 -3791.654010413188
-6585.87816539846 -9966.724681420767
2858.7233857230003 2713.521610378033
4824.8211793110495 -8834.172408354674
7480.785018196504 442.5477407690778
-177.76472224505778 -1786.841568177566
3763.2254777743274 -1174.5587922082505
7931.271654190754 -5019.446230056846
-5650.877476519804 9461.797612800725
93.85275948791968 8294.956815102149
-4034.059347746217 2395.6477435001307
-5084.204122727058 -304.28538641567684
9013.486397365785 1768.3867249195864
7472.462524561157 -3764.8557974389796
-5174.317818107128 -7806.840378095368
-9209.031972336894 4320.197271968833
-2547.5315634120934 -8723.88817620342
-1259.9645940656883 -5078.9773947049
-1766.0688684254183 -6583.039994570254
8296.850258152972 8491.769815727486
3489.5310878108667 5353.354931096508
-976.4380261600872 3593.500132706062
-1678.9098241933407 -5129.455506097042
-1925.6497097355978 4478.597643481442
-7171.0247737721675 679.8835983576464
167.26448950672057 9790.625038201997
966.6970765179176 3676.7526592219583
3693.317960637507 7053.070913823034
6809.927838936153 -2379.5035788916284
6498.607281682696 -4235.007908376238
8191.717211123178 736.0100616311611
-2136.498755077896 -4308.92759581879
3456.470381391893 -1181.359673215884
6816.230430706371 6328.151164347908
3511.038489610257 5131.100593901261
1156.4886183252438 8549.811696461977
8402.035504286592 2713.121755165488
-3572.066790502593 75.14649740698405
5324.301312628051 681.6003990938207
9566.764090426866 -7322.65250846498
3266.1942602537856 7681.038990958918
-1933.1700689590134 -9057.6958293856
-1576.8209882863339 2851.0903769839497
2239.9977501026933 -93.07798469406771
4061.967001177938 7510.06417473992
-4486.19311308903 -7948.6015217911345
-1306.7599174668012 9210.281654066996
5696.697413108421 2889.2404943160673
7211.768303596047 3903.187499730813
-1245.5992087677023 -1206.6803536112056
-8911.482661971151 1659.170585187423
-4120.654152707954 -9284.190618191686
5750.1261365102655 6719.066276736146
4498.226967592722 -6895.6325112244585
5956.9032224064085 -6388.645467528045
4351.15289327867 8586.466461212342
3291.290228461763 -2348.9111584898455
889.082908710785 -4111.700157324776
3794.503714424798 343.63020501156825
-25.462134113719003 -9025.77291218792
-1660.1392415240898 -1951.713102828723
-9766.153345314988 -462.74542927486254
3507.070805979747 -4286.002390664216
2397.480345801994 2740.566433515576
-3477.4448410504147 6581.2162497160425
8578.303517246663 -2495.323794031343
-5743.360125032766 3451.2016759250528
8675.850425440487 7654.26929705888
-6680.752119619011 -2544.0644940662605
5958.019254736517 -7116.631441857957
-4028.5022501283966 -3781.07149767142
-640.1433324743102 8766.965407413216
-5128.6019252078495 -5120.7947750282765
-3847.612884248053 -7058.202048282223
-1402.394748133429 657.787235052112
-4627.27581857796 -9901.513895936167
9445.998706639999 4478.030685353364
9769.974157753717 1571.7751190103263
-4830.398647021408 -8391.802637996341
2009.739436628577 -5914.848469755332
7133.165177310053 7376.67776224425
9493.291129334928 6600.640865923811
8779.509308833687 3717.3122886500714
1385.7782417757353 -5755.87026377315
-9644.507349348198 7634.284033687432
-8688.888230523604 3921.07176173018
-1478.7243701724929 -6366.900583292747
-340.5534950076708 7506.981746128382
2767.307467218883 8746.188501127173
566.4659615024684 5391.647212722983
-5510.7352175628475 -9011.297318866229
361.9557174122492 -4324.478978667185
9121.933639034443 -87.8903574657761
-3351.57023615904 2461.2853794503135
-3091.170989379634 1380.2162579125015
158.86083853741366 -9546.886258051993
3685.102643765382 -2225.7064556756422
5155.8416726843825 2470.6858701049205
-522.9090788297581 9540.987798797858
8372.785952493534 1504.5428259631535
9772.631831462684 -5671.243385023259
1361.0664995284515 -416.10155830763506
1992.0485372162948 -4084.4181573357782
-3404.7422256969394 -8002.439233569332
-2009.5040625388274 6712.750139973556
-6198.064824396252 7303.140293359251
2348.1397186819195 4836.526677016298
9715.77878271119 -8920.741770355362
-4244.58760476404 9571.56924381648
1829.9787369326295 4519.997127744826
2976.387127783255 7506.969189820917
-5303.740090322353 -2259.6287405317607
5674.074032517226 -4292.165140154069
5943.090315456982 -7943.88090915608
-8192.755007839769 7992.362028302319
8418.940539756615 -4479.34611822977
-4640.8535828064305 -4283.630663532276
-5269.2649709034085 1646.5475113025313
2834.2785294795376 5424.309542011362
-9064.082313371458 2508.437613018399
6260.157624852658 -7692.207358614638
-2740.166599454945 4318.793831435254
6356.798925228073 -9380.302726154428
-4551.584472726826 6087.508392280386
-5912.59172568614 -9976.03350203489
-5270.55777902341 -9879.206909170784
3979.5750417818363 318.22924115622664
-8656.088948428507 -3115.577708331878
-1592.97918868345 6048.406113763056
-9777.63838228554 -3849.138151514455
8447.754436223564 -2758.500888276041
1619.2525212556102 1369.3844150002697
3985.2584199160865 -7185.208843321853
381.7903048834287 4842.780371165649
-6604.888860296218 9176.716983541679
1017.8806845413346 -2436.182146851502
1460.2368630879519 8116.692807539679
-2158.8474393094193 -540.8690889556801
3083.7502426212195 5288.223982662319
6209.296443908281 3307.748148923247
-80.84945761628296 -6578.3477301164185
-1764.771999934792 8746.007579000147
-2786.6080461763913 -7140.088529332942
-5661.119695997745 -8459.874479395086
8959.147254010204 6092.725032528582
-9379.300211313333 -2297.766638064453
-9121.638845208683 2671.6733507212393
-8723.794640026168 -7954.787765872972
-7190.036754579259 -3779.3765655140787
-4865.742119439418 6416.199641445353
-5249.594137937072 -3786.980560355484
-4110.042949156711 4118.160502261178
4096.457073103422 3769.5791293827024
-3283.628415932234 3923.4612290288023
5565.474046132245 -7063.031886838818
-8322.40824754897 9602.903085403868
9819.157590945524 -3259.9496006596264
8728.862227193367 9038.20719254706
1992.565216530109 757.3523012333862
2077.855034175891 755.4836114428163
7130.954586081018 -3948.596782942619
5294.39931656895 -4888.269792680057
5962.791734750097 -2007.347578716849
-9205.711773286637 2385.9537066860066
-8511.94083648231 -2152.315699485077
6186.047831791184 671.0306508063932
-5463.232692187148 -40.50565048055796
-6542.155427869018 -7268.0436442611335
4753.354796858559 8929.616698182657
3094.985430289831 -7109.33568381747
-7611.545803139026 8418.922590909151
-8043.2583336580565 -7482.875182512978
-4169.733704574245 -3984.0586354503785
1104.520929499049 -4149.0283971105055
-16.415641594949193 7078.5907713217275
7761.676382597405 -3352.577971500379
-8594.728669608201 -5462.770845618812
-5801.46134694244 535.8082353358368
-2469.2066458182226 -8646.022920811056
-4425.4732490356455 7998.5440095578815
-622.8192728547729 7665.286844538907
-1367.515042381132 -1477.09610606744
9783.576733815069 5591.763650965646
3628.6608729134005 -2252.488538434256
-7448.690962748398 -8718.712874806311
-7004.964018876516 6319.967468541017
1771.2075772295138 5958.496021394925
-8031.011180122511 1701.5770898607934
5176.665620550364 5585.742443978896
-1211.4390080366938 -7700.3235056172725
536.7304144367226 -7802.3483509145135
5039.870889383383 7077.572396147549
-95.71508047198768 -946.5525704926185
356.50771390318005 3186.6642650848516
2960.1626100517005 -3541.7572718870097
-90.98764383597882 9184.818943873855
7744.82779563572 -4563.478152260398
7985.839950432255 -7950.365118658599
-5254.977546526707 2398.0746965609906
-3544.5268579735866 2464.7276872608236
8603.572460680272 -481.3299740582843
-6987.353716182123 -5248.269988334812
-9353.682126693453 -7235.208535833946
849.9092798497077 -4659.786096995468
4970.924935805562 2323.7882506860187
8759.050917592776 6812.273302373789
-8981.892284608042 8657.824746669168
-1344.819891082252 3328.0526559644004
6346.571594506931 -8517.95781589134
-3870.4567974259207 -2366.9848297966946
-5241.223195411544 8674.380764212237
-1124.5623700740834 -132.7037716196519
6975.397910742788 -2543.460900645531
-2305.1378694486857 4042.0064478905315
-6267.867293638387 1142.580350277216
-4718.169384237931 9316.8836593401
4473.302972131585 -8666.276911100056
9091.548908474899 -9891.775340801345
-1257.5356347573816 7644.889155773806
-3657.057560401242 -8424.43870915869
-8078.971932154349 -5119.386572675761
1565.302556177705 5180.0714099490815
-7858.324844430531 1034.9472892506983
88.09298122236032 -7222.752701609463
1004.1287621783904 8572.016179370185
-5513.743144132317 -2899.118192130166
7146.6262002391595 6150.93999521946
-4768.376873898465 1514.9565692863143
-1222.781550848882 8290.827893760616
1664.308977064129 2554.5499436968657
-1055.194377873784 -3571.3781591900442
-5113.704950658866 -4953.583328645852
5630.596258847092 6404.565198902423
292.61736015750466 1494.4153696521407
-2333.544439417188 4617.126923038033
-5806.075734173291 4934.500066965837
7037.402361011853 -2078.766372486123
-3652.5979865139125 7608.518929071641
-1698.7224649410055 -9199.316025596323
8201.377085740507 -3424.408456806432
-3340.5925728686543 -2572.3258943323453
5272.168234376331 -8225.63085198313
7637.844560991169 -4070.6318659576837
-8689.948308071715 2069.024208569863
-6610.425024809885 -2486.5003117729166
-8225.520690551904 456.3253074687418
-6696.159250990954 -5937.990992794451
4626.972156961103 -9119.296227638133
-90.48546580794937 4383.7557607615345
-2436.6003483335644 -4001.258165795405
4985.259027783322 1524.3824589571977
2545.6167456152652 7754.044473053058
-4660.048611364354 -8636.575216419558
-9144.258172943493 -9232.016145752508
2902.677572552695 6185.809788174531
-5115.390328397014 -7678.650664048853
-437.65977224214294 -4003.098205573916
-3520.7644987037456 -7903.552926905626
-6377.259635753922 5057.292472798561
5912.39869735818 -131.2494729770333
-8210.253179389225 -8554.432443082555
-9599.25852269782 -18.296401470339333
-1717.0302371924008 3414.301513063334
-3413.955979580316 7707.842035840338
-9034.879279551582 7886.578567739587
7507.646586404695 4493.900760754699
3308.0319002802753 -6352.647009084804
1332.2409842279412 -3392.8740318326445
-9434.914049291452 4616.006919146894
-3529.448273619316 -5155.464411279034
8695.58471440689 -2956.5097865436037
-4301.290939576789 1736.396485434363
5387.376103333849 -1440.550919236981
515.385679695919 -2930.2675555677024
-6050.171316754058 -3298.1987725965364
-3795.936767038037 -7422.808536685745
-7099.965903805154 -106.77219443916692
7933.067883072625 2281.14781520848
6740.889336503089 -5213.909566733041
-1285.7023020578054 6252.431287286336
-3269.4938503972717 -9520.680215938204
1154.8457781890957 -7562.375747754104
4368.154137273381 -7682.162294397026
6674.006801139392 3728.372920252441
4872.754251988044 5817.125354022703
-1778.5711284546433 -4409.274944940229
3105.689382627639 -5287.437295038255
5520.465229528458 3342.002087357634
190.50877711793328 6215.210356451817
5474.047964522422 7557.269752992699
-4492.1380480875705 -8737.274447290456
4608.698190246172 -8893.00664779212
5794.790738334283 7886.1428527216085
5295.564810912929 1971.9934897121857
753.2914021853958 1770.280213244734
-7024.34072806722 -7748.645179839006
-7126.1745088028565 9667.551664376282
7729.750679172801 -4326.536078061487
-1894.7408231936279 8532.019056353096
271.6444867330956 -6560.107243687184
3553.474836818332 -3927.4709966335067
-193.1297474574476 1376.3690525709426
-1433.307471009466 -3119.1817612992127
-812.9277421637362 -9865.391169458544
6366.310678374082 2372.505793437149
-8596.315871118572 4583.3127386973665
-5192.139493831456 -7514.081348080175
-9297.254815152424 -1453.8301034085107
6907.457332093298 -7584.27879465736
1466.002628072827 6689.232039713494
-5555.106512516161 8615.368318549998
-1508.2767971401427 -3370.439813659649
1255.3257942218406 4884.413069464441
-6578.087337494072 1231.571208885758
6747.262875213892 1563.7441449800735
3800.937229551293 3577.051802915277
4735.366022178179 8693.855009842177
-6386.195730984027 -4760.671867288282
-2147.662650171127 -2551.7188521736343
-2859.341239925948 -7738.38572834932
-6395.039021564362 -6763.637060120442
-8422.681293200265 -7365.894809808455
-5434.854118024812 -1423.459675075068
8109.960315513479 -5916.113633432645
2237.5886443581458 4173.39810484082
5995.349339048544 1636.2894260726716
1821.4715106895237 2588.727939179518
-313.71556014361704 675.8406571181167
3384.377689675761 478.8903544803161
5155.212881478697 -6870.521636038023
3892.39818351547 -7422.196504082465
-1692.7499582279506 -8085.740626478668
4091.178981513298 -6563.09161611393
-4262.879999672571 1936.2884233081077
4408.439287188305 1390.493205309751
-3927.181306472203 4697.1527804850175
-5150.719742213954 -6703.202503363883
-1237.928663343846 7958.663309229614
5281.369717525142 -1687.6649653649038
6395.951322470355 1936.239104677743
-5442.111019903402 -5711.081964152271
-3472.6996600630437 -864.1915386561486
9601.890266197723 -8660.111913811308
-570.1296921973026 6218.615864644567
-1123.4915442274705 -6295.900774234522
-642.6069889224655 3172.8795103967204
-1408.7551680795295 3243.2170574185184
8600.06322954049 7590.745075791303
4545.327624819018 5739.942612549543
5999.201616523851 -6.454982604611359
-2315.0797231876168 4621.791820657811
4569.144027435839 -82.1236323175508
7251.758989157683 -4182.9052357066175
-3511.3123109978715 -8130.4454267121255
-8173.453097731986 -7843.084289740811
-2037.2962065610209 5272.038383891546
-4378.7595394342225 6068.614925270316
1317.8094393884385 -6819.569701282531
-4949.865419497494 5263.815550951902
-2815.730511317054 -9198.283905850045
8910.430091257345 7705.564884030344
-4270.414830022729 6756.412374861062
4428.760280931758 -653.4895575047576
-7352.497638472877 7536.34304792836
-9019.079956655061 961.9430250564292
-7030.543394677573 -1242.2184377374851
-6532.163485876952 -1141.4066224692451
3753.7545066562525 5578.7355869284675
-1868.4094345151188 8322.091462729346
-4678.92893506543 9043.682633147622
5021.08492613907 -1626.956547235557
9943.115490782417 5138.587465794806
3367.735250327776 -8266.305199956812
6754.620550111977 -1016.4240045314637
8807.341138743614 4864.196342882218
-7852.934154181113 7860.158604046665
4685.074913810298 9509.504924250326
-3984.1536126124574 3664.4400930597185
-6393.689253044837 -595.0004109851106
-4029.130197891859 -2102.726710703866
9946.790922875025 -6379.093641435631
3983.847947903445 446.8508170719724
9211.412255171352 1482.673367610243
-7066.169529927714 7188.762001787214
-4068.2979818230833 -6913.544460981367
-5874.186527071918 -9176.935165596582
-1782.1822263577742 4135.908208911649
1095.5271768811617 4387.466799681868
4131.707262724591 -5841.484162822328
9876.7997529093 -2469.773041182213
2723.8285976198076 -6883.28369241277
-8603.831849715643 -8104.067336789342
876.6219942355419 -6988.890372141221
7772.686289870802 3871.83040761996
-3976.2962074691213 8280.070427906445
-8960.823382925311 461.91978728667164
-5635.46924674196 1632.1218885480594
164.4266672321719 7200.55766917127
-5629.9304802311335 -9595.551016840918
244.14186920165957 -4213.151955170571
6175.784213850415 -7377.030075854578
6341.725886103286 3515.6157739416576
8884.034229997604 1646.4125000283912
3698.252321921129 -3399.688558381841
-151.23695421080265 -6391.130915636869
-4105.7346509477275 5127.705764321889
2691.130753040263 -7167.657286399621
3034.341073918449 8653.78049044362
-5904.467394147006 6962.822925492186
-6861.39887884611 -1655.2596950956213
3361.218308861633 -4209.538691917678
1663.6727657086503 4086.6161692747883
-6764.4807152310495 -4453.545876195555
-3561.1379332992547 -6868.560457298822
5730.460849357147 3926.2576117615936
-1708.4175722934833 617.5290374287724
-7574.6748942002505 170.81010573447384
-8750.628147743551 1695.928248715938
5183.511030166463 9244.44986087007
-9555.890431603471 14.596594635846486
262.8118485927789 -519.7383607400916
707.3194772821698 7956.459730978437
6474.025907979834 9020.60561559485
-5666.26076292325 -9703.02471179135
6343.578893861677 7962.623732264376
2603.60277005056 -5158.606724251172
-1838.363340990736 325.5425156335641
-7607.621738566122 1121.4230844279682
6347.9551846742015 -7211.377702291764
6559.971745252646 1375.547477756265
7743.498265081082 5605.6413660342805
4799.697616921449 6806.763793947808
2236.6391856713653 -4816.171072154681
-9759.404186023145 6506.053384958523
-2441.4568978502866 -2477.811282595255
6334.954972095267 -3550.5845251685205
133.09963639964735 7036.196028996117
-1573.8201946851914 1620.839504441994
6542.568997049184 -3747.121899989612
-5119.566119692252 -4416.892602501199
-6529.124400558865 -1557.6911523373055
-6221.247656761809 -1287.1361967364355
7912.275405480945 -2541.4008542136826
2904.616493135809 8835.911918509759
3983.888152488591 -3104.5173838177443
-6874.744438685115 6143.226986027981
-2143.613229283592 -5881.373378552544
8253.218666351811 -1962.2829114308215
-1882.1000101238524 3818.836100854249
8088.056569664826 8956.282928060224
-4688.023432998773 437.35037863932666
5576.210145265068 -4768.737979659017
1441.2381139331828 -853.5467595510272
-6109.490492287885 -4300.118708975425
-2095.877704545437 -8974.34011655863
4718.947657162134 -4960.139307554947
-1367.0878436181574 9655.771161578352
-4834.311253854488 -1296.1434392778265
4127.01581429802 -6439.888632844899
7405.542852615305 -4155.0549930897
-8373.750678401377 1754.3105801735965
2596.42400879476 -230.0992309070898
-3155.3447521059843 -1876.995179254368
-1457.4069276008322 4226.540110469974
-6513.829703678218 4423.8798720046525
-785.2421711767365 -1774.0692871136107
8189.237641021849 -8573.50544646785
-6528.602373157266 2119.8121847043967
598.2359093101313 -6974.6280492700225
188.9505965149492 3298.088570155529
-9064.612009397253 9123.855919135895
7496.785031159514 1140.7985861732468
-9252.416329871437 9667.283299260642
-5073.837297235881 -2246.5110377882593
6428.33741380287 4411.036250617981
-979.3229871730309 -6465.543481770915
-334.11677449223316 841.0792103104395
5318.932330023636 4766.848828997807
4144.185637690725 -3878.384560963779
2608.514585546087 -5801.849304521283
-6375.565816209708 -1973.4724216297163
-1036.4211581449526 -5035.886983494191
-7039.635109285347 4518.296895784319
-6683.33201746103 -6766.295291310085
651.53102457362 -8029.868889568588
1178.653154056632 -4403.786714699243
9214.437847979556 7984.0589523025665
8608.96274726096 3481.1402764004324
7952.220779236573 -3660.221043408834
-5348.433918405731 8796.071701626279
-8370.65284237676 -1183.910923348878
-809.5650173999165 -7512.764799497096
-1891.4207574589145 1458.743306529168
541.509338788539 -9128.010750603113
-1816.752736879348 1325.625447105398
5086.45535820931 -6637.982791483173
1638.6282717516951 3822.1477644404513
-133.19370354091006 9590.530475541556
5002.0409661995745 446.83109348522885
-1704.6652719671765 -6023.677437329776
8492.021572592614 2099.0314092857025
-995.1920814622772 1402.0362153180722
-7647.255260326502 -5942.1693401930115
-1657.458132036536 8953.546006233744
6060.623167612435 -4676.867478275477
8132.463382259011 -4438.109739764369
7815.810152258466 7217.023823099473
-7935.340552274041 3908.704221707316
-3717.897779014008 3975.519311858914
6435.689894148225 -2899.3385646192846
1714.5258617143845 -8482.18906459768
-6048.801534878055 6387.9365400814095
9414.672438637012 -337.80851985866684
-7084.33341344455 5596.248289888275
-5120.3761869126165 -2235.147774643243
8372.402770161007 2961.574761527838
-2938.902517463129 -5910.224971808717
6620.176857944029 -8298.850791542294
3827.215439498146 -4825.016539579503
21.159287853748538 6923.897333080287
-7979.91102106462 3042.440559374134
5128.12359464735 -1622.0138092630605
-6571.815964549785 -4694.085080453854
3897.1507825975787 6052.702872903297
7543.223774785274 6063.16674082805
-4884.654339384293 -1203.5947445142338
-7852.844029140606 3915.8400046220395
-8838.632780033979 4881.8184357215505
-6424.49908735967 7542.473057316653
-6170.145718585664 7844.4794811675165
9929.176766766584 8957.075125108488
-7810.899501108288 939.675869880477
-7442.330402351314 9917.748743999695
5304.62441451688 9207.735702729275
3812.2199163416008 -2093.139984611096
3149.556938482119 -592.9240180533106
2368.4469877935535 -5313.694842256773
136.05153651678847 4968.937879765501
1343.6471705713448 2638.4387781643745
7440.199328447918 -4352.732548179983
-1015.2463462640953 -8064.730913669984
-7343.783163083733 -318.2567615579683
-3121.2495925859594 -4964.448441530882
8303.95635465017 61.46423757919001
-3561.9050728572347 4091.450364667724
-5672.933668267852 -4128.635946636235
839.5008073586778 1553.4575886703024
-6042.587450149322 4722.930052160575
6645.204807984894 -5405.6961694469455
7184.648823729218 2915.352810890692
7011.623086207575 9929.616379785755
1558.116134136888 -3757.2509682678383
6691.087653233171 -2804.8874184099404
6161.518669555213 6257.642577004299
7958.130789822437 6247.154803028838
-8660.884340068471 4320.41371105954
6142.57178424011 6585.515993087865
4115.443065181615 8908.961354310308
-6372.56481375461 5554.238641275369
7238.864763209251 432.3501707841133
-8029.488125636446 -3941.4909884988037
-1607.4684181582106 2186.751208198477
-6765.834004890443 4242.480377675323
5354.609363097607 6111.509236736161
-6341.246490939106 -7094.961879610113
2752.9146998603646 7647.711393780279
5490.817532831936 7387.502248139128
-3452.613074270156 -4728.8532745531975
-3922.00605120977 7249.315874100834
-6512.90601005142 -2833.902693293542
7268.350615887717 9254.786175909576
-5473.237881695212 25.916698598310177
-7297.341999623528 -4974.0168785611695
3551.0953087194866 3110.8913602414123
-4236.124129400636 -9826.071428132042
5743.426532070422 -5536.592871923889
-3251.0815921811354 802.2406655181421
3548.5424425912934 -4425.019259059722
4253.542086217052 -2015.5703183655423
2417.7780085012764 -4180.762684998021
-7188.016904535072 -8851.923349159368
-6612.21877427175 8609.458890363738
-3491.2478695200552 7256.142764680371
5032.618423257149 7508.846017376909
-3419.226242855837 -5742.283956847702
-6557.8244104991245 2416.179853723499
9953.838558096788 -5512.49809133542
5618.08501515844 -6530.906943019765
-4791.87576633739 6525.415363880125
9041.70571812653 -6548.308865421357
2643.3135337198546 -7515.336550033449
8156.940852732139 -1737.1970868813078
5914.620937077398 -8221.274978612377
7123.986042681863 9395.66421269775
4136.82952118749 -7875.322133522611
7438.355171783023 -7600.63094944158
-4595.792047300509 3872.352682652212
8872.83637739193 -9063.041353991779
-4650.0341923559145 4705.818321936093
-7311.706336885551 7324.550320454226
7669.68935904506 8345.743322080183
7172.522589283075 7330.430718109081
7458.972396929574 3088.1968839756446
7304.643930423681 9532.581310853031
-7233.75352069956 3847.5059637954546
2705.799658069529 -2322.3746165107405
-5062.407549676631 4827.783717318473
1025.2043931347416 8253.72217413285
-5868.903504954986 9029.812737895754
-2476.1242474651053 -5115.534100805244
2804.0922758374018 5506.963999576166
-4143.342467142978 -3829.6282548947593
-2972.5780922856475 5615.890879280923
9916.427051034756 -5750.927406482327
-6843.382489054211 -4535.251095825727
-7907.343794732511 7614.871414293553
5690.691169071835 -6656.262687139482
-590.2140443049466 -6367.166941934035
1075.00852325933 -1870.2244531312954
5749.144661162745 3702.1240171496847
1755.4938566950168 -2510.820715033995
-4278.571893404339 -2832.1517897588765
-5032.806176956037 -6840.79237898543
-6254.9574485560515 -1149.8506077311577
1541.0245738248414 -5328.595722724585
-9501.117515358377 -546.116483971593
1438.2866144759137 -7413.324656655735
8156.41311274605 8141.7078729108
-5226.671034194002 7644.085494296392
-4328.810139600163 -7802.057779465356
-239.48286238733635 3182.3716508220896
5872.244851555586 -19.888870287080863
-7677.554712591524 4775.230184029007
-2758.9606089667404 249.5947935613749
-3977.887036037877 -6771.5699917012735
4979.969860679492 3492.3479036131594
-4467.438083195694 4918.87127140144
-1654.3025532604315 -1014.8157311309915
-7966.735184987601 6912.712241426976
4208.839592247265 5132.648368205111
4723.318439036739 -6618.2673066563075
-9585.13482565113 9994.031402618573
9067.295282010971 -5455.869288519204
6759.291502910131 -6060.384594398727
9440.374122022935 -312.0160022907021
-3746.416799175853 -2980.2303885521123
-8484.841967422397 -8207.375545146026
-5153.576031847449 -99.95778631007852
8033.369470776393 -7154.773931195706
-6121.689701435773 9109.931082471358
531.3909919159596 6156.923289635199
6285.710348182278 -5127.452937940815
9139.403341785754 -5185.18852820717
-5065.700071317343 2926.9082042074006
-7250.348468756973 -6136.7833191847485
9449.072135511662 -9475.85434244509
-7349.8443754270975 -2110.355890040656
-3477.5965786868164 1173.41931031489
4145.955810096877 -4602.141762720733
-2080.5631487099527 -7267.111490521085
-7259.225454900035 -3317.431607380823
-9736.58180431441 9085.599159852245
4127.7468778747425 2877.2266554532725
-8828.086713513014 -3090.311327222599
-9461.34035887061 -9571.516184027496
-2571.8876877800058 -4053.1567050477042
9926.9209828309 -2542.1300405555594
-7390.303805070622 -6307.5379561803475
9010.258421125429 -3696.6969476911763
3961.047782696902 -6424.471661245792
-3625.0697136128874 -9.939143909999984
1282.8373556290317 -534.2906875928493
7644.009991975388 -537.1202358978408
-5773.672476748239 8739.735437334642
1138.093666159246 3117.87917690663
-1382.0014613291714 -8841.340490560977
-492.4476739855527 -9494.966075841043
7303.388823286179 -8547.902730648264
-9508.763661249825 -1971.0401948203034
-3512.6786450529626 9775.108277187494
-1742.6751864952657 6057.797431091787
4660.974920567105 6097.900744527216
-4292.216421786634 -5942.981367082972
-2055.471817096548 2108.0620099241223
7678.6876884355515 -6802.994731916588
3037.4014461299794 -2650.4334402616123
-4855.562841147363 -5659.711759615842
6956.386917408698 -4907.668726348235
-8665.31732777347 3396.3566333420476
-8644.750223707922 7820.627154020749
2098.553390763156 -4261.012087113773
8457.661631527833 2248.1806293694844
4901.563426746401 6713.073227363377
-4501.394305480282 9412.335705147158
3516.355102069516 6214.949703735463
5057.676084858751 6669.173351242145
-1230.7835640612557 1912.2768902259086
-219.0229604167016 -4693.976314229185
-369.9055008850355 -2123.4699245473057
1726.6087419453652 -9992.673342236143
3484.601652525569 3233.21392304692
-1067.9967706857733 4554.339174763038
-397.69910231462563 -1108.0728109859956
-5210.342887726185 1908.7098378108385
-4383.666619931561 9500.448733860343
-568.9035541262328 -3775.517899371319
-6744.771084582513 -7525.965881750909
6557.179197517988 9352.604018916772
6618.5308758695755 6283.156079194812
-5983.874565303085 -4953.427960102738
3963.6388833009023 -3860.052387832391
-8081.045821122683 -9652.647467600875
2272.060188074014 -3194.369481700248
-1804.7250025012017 -4479.73689175519
-7210.965545845152 -551.7377647148296
8230.673855463501 1436.026434122361
5281.292987164867 2312.1427983325084
2590.2062876098444 -3567.260667929575
8933.474115816403 3417.271743899508
4820.799665010058 -6534.970781856662
-1395.488495194977 -2410.7315070230607
-61.361081913366434 2741.209359619279
6591.095445001138 9827.202909028518
-6554.097688708969 -4931.236655126115
-7903.924643560682 -7651.188390739257
-9415.518370007569 -3226.969825914296
-6724.535511763943 -6390.389948540058
6022.615402255715 8323.490816644458
38.48666217950631 -5825.554644201938
-4716.362849345724 5696.581499008787
-299.1193878359718 -3472.9512058980963
-9035.676449467272 6023.504312827812
2142.467901281556 -6264.794546788339
9153.608436325456 -2783.9822728265244
6295.762769676125 5346.162512490495
4450.714105136172 5032.740670371753
5593.187275609847 -2031.0518038167838
-4404.975670531977 443.02100048052307
6426.240818648617 2707.298051492651
-2041.6871829844104 -4835.0442449027
-9279.25383359055 1938.9070087582986
4013.2170404906356 -6101.31757899004
-8591.923203340208 3893.7822519095207
8380.131564201125 8045.591466530044
7873.0636087926105 -4933.531207937101
167.97261340019577 7598.635467776192
7385.038745381928 -2296.0177374820387
2062.553356568884 -4591.543545181571
-1930.7230123793315 2443.296206465846
2979.5806757264836 -8825.436317983727
-848.1404123840493 -5370.7314847317075
9087.577828594614 -8719.655114992558
-4988.216700636974 6925.920912634334
6619.306867352465 4985.2128049854855
999.8969451414705 -9458.980418558367
9128.5531851788 -2493.2775731863703
-8964.94774644504 2715.9331684587833
-8287.584708309283 -3829.9689297704354
-336.37672889411806 -910.2218992697617
-4792.481148007384 -2928.4020062829304
-5430.673233249135 -3871.110024926341
-5518.135765172945 6598.556062390337
-553.9254469109255 -8980.307022269422
6682.28613653225 4664.714134806527
-8302.654152115076 -5744.929701805708
7660.800856944097 4668.686596663618
4601.374890626816 3601.368511706709
7791.378618133709 8949.17326208889
9382.206471017122 7215.201793170549
-7998.02025922647 -2093.0531449045884
-947.5307733571171 8386.24954463762
-6915.040873899221 5982.630381524967
2944.494815016629 -5285.717953452271
2212.2308523782413 8323.88734331117
8522.183473723988 -9514.338941768106
6069.869047511736 8245.174427885882
-4633.188934247297 -7403.379598336756
-3859.9019262772135 -2522.2690530544733
-4844.257324440188 -2422.3670559488864
2396.902800543974 -1272.9748535980743
1003.8078785438483 105.22680833658524
1044.78325006486 -6800.603120550073
-287.1340025526388 1844.6321027156337
-6081.555742036539 4529.167770309652
-8724.123021763364 -6451.330855178876
-4225.493966221366 -5067.969082886854
-8592.429174690267 3045.330063136742
-5055.410702277354 9430.053182327141
4924.596991119215 -2921.470822634442
-7317.579720904566 -361.8430194096909
-9526.198064092197 5923.526638621166
-2974.12037381398 9871.486852244576
-9591.91899064564 6280.576072356145
8108.196524314604 -4772.416325818176
-6464.979151084401 -9842.645020428778
3590.773094008273 3816.8346856947373
-6985.665551060298 5282.788967492055
-4746.589727111259 -6540.811558249935
-3144.129123496935 -3948.0996884560373
765.9755011725574 6934.663860884328
4270.761850891651 3083.346473883701
-1721.1497707039161 -730.298821402157
-2445.948658030843 -5821.6540535247095
5707.758366155804 -4439.047996242982
-3772.063982118774 -198.28463941560221
-8548.124676743399 -1517.3836343041821
-2149.48247384966 -7837.217716900588
-1227.6133873526778 892.9844174969003
8195.763516658342 -1444.0417694037715
-7828.051463715527 -9149.64219924288
2436.1390680893583 -3172.204188363261
-9146.211453596987 3868.06571329749
-1489.8336540078853 3669.385734337884
1702.4645922161526 382.81798900051035
4032.9379980492613 -5110.032270695532
2216.576429442206 5180.170177664906
-1091.5943951749578 -9090.317184629857
-7562.991980631419 -84.59762242356192
-2771.9702583739236 416.40469515261975
-5847.434329611303 9887.6582662617
-5908.826334108826 463.6284248906759
5528.1525364906665 -8130.302036699988
5658.395872637269 2243.429989675258
-211.1045752666305 -8934.818675614295
-5950.421843701277 8350.533580433854
7706.940505336781 -7840.104585416184
-7375.387301402523 9560.555670548692
5375.891024227751 1952.9020731020828
-8264.855004614721 -3022.4677445399075
1121.1595115014534 9198.087962505018
-9788.341951040682 -1137.13675511166
-1617.2142186645578 -8943.848976028079
3650.960960125489 -9460.165372925689
5020.539468147996 -5048.429609553242
6994.924075221057 -9525.08073917106
3729.4299219638233 -351.34723110513187
-4057.9111601478044 5969.081787918076
-6882.996453464029 -9994.730427113067
-590.439629770075 7849.346633297224
-5517.889698120975 6132.437390626021
3563.368945048338 -4867.08154697926
-4551.910973588809 9582.420803066088
-3138.728509507462 -2156.8199560673147
8341.606424852365 6707.567811240639
-4897.256242739023 -1011.0869181006292
-1428.3302689645225 2476.625979467415
-4343.305172051067 -4824.867362475109
6251.607461022557 6804.807115792046
838.2208259992058 -604.0534339472688
2920.099865210159 -151.58808584585677
1831.4845541494378 -733.1106090872509
-5544.382875373583 2734.3490688440615
6606.607868446674 -713.8003528027803
1141.9095799659935 -4160.584852857436
7954.223559977356 -3328.4353414846346
-3669.5311255918605 -1996.2607116095878
1062.1350288389003 6900.857087146134
6259.170443145826 6957.318831424938
-6015.707756899494 7292.44180363731
5324.57516661605 3758.110443854064
8903.098998394169 4792.660691831128
3468.6636727500136 2184.668519855315
7261.817407399161 -2404.8832265012907
-4670.95619627863 -2204.1432924952487
7644.647975961663 9298.43323368076
4414.970057329019 764.6869050829482
1707.8231230075926 9016.180067421854
9809.774230920193 1612.8730611618412
-9484.16483327009 -8815.305204969443
7763.609502909992 -382.7825270098365
1312.7179870877208 -5228.444173119038
-3971.330047202917 -71.51784567662799
3059.0617363101483 -6830.496737465743
-5097.647441991173 -2662.080644006479
-2008.7693498059343 3267.6210229525695
-4317.916948544662 -7853.819574935481
6010.042132944067 5023.638856122925
-5401.1659086113 6733.840217421293
-1118.0706105470308 -8681.764162162928
8284.625041341373 -9797.682611838796
2036.409267883495 1954.2595050984237
-4557.4119531505185 -7151.510695685536
3169.445491030765 -4629.192529069202
8626.458998986978 2255.844719165332
8913.086059192163 -3025.848127708906
9899.632406627763 -1570.4611590311597
-6492.472270548038 -6055.490623589232
4632.207649931766 6672.250678015047
6712.553196980913 2959.7043918333547
-1192.273285041052 3792.2766456234876
-7878.949164514037 -516.2127474801
6949.592798084355 5754.813073639461
-8411.8697524051 5100.723396188707
-9859.570047723339 -6968.063794537902
-3334.8969950107894 2830.269766201287
6595.940630773031 -6323.713239823932
-6271.5969159919505 9445.222721301405
-9131.918739387485 3538.028731460341
-4080.7173580097196 -1483.7845177190939
1990.672010034721 -1935.839196588753
2060.9169951174626 -1757.6925815285358
-4256.170328456221 763.8017891179625
-9604.679999326743 4082.6153219518656
1701.9008094988912 -307.3988409495287
3283.2617556705227 7786.27823652995
1842.8387645190487 5203.950069690001
7936.157346813958 -8374.919023321663
-5764.724946365536 -265.79002188491904
7799.676503179249 9465.08242030238
2682.7868934798153 3533.701854874673
9384.608220707585 -5229.360950692956
1193.1718487758062 9024.723192525122
141.29429605534824 -283.7659383318205
753.79591315383 862.4107628856855
4399.721226503656 -711.4399926000187
-4867.61332585125 -1206.226825171645
-3551.843267482064 9593.332678447816
2285.905019624577 -3945.228588516552
2498.9753374861575 -9461.655448203135
8448.425191092032 -2685.159639690888
-3408.8786642720434 9646.298638065608
3082.2192092857276 7072.786946765176
9404.427224831572 -4042.0066438228732
4614.539479799689 1927.5204764255031
3511.7829949929965 -9181.540981397004
-754.140747413885 -1708.384135026583
3770.944304905206 5795.685611850569
8103.621779162939 885.2290326344701
7358.54215227448 7063.598798900042
1628.830318710261 6742.419668623759
-5625.364183010115 287.9889062794409
-5678.9177091589545 4481.473142820232
-3003.0615093564375 -9613.887390552394
-2169.054762691616 9235.33505892089
2839.619351797699 -3512.26921305575
5876.843643660939 9907.809800188283
6472.376406418389 -5992.626127121068
-9423.084191869433 -2684.2966183653207
1981.2406560885229 -7055.350676350376
6524.567999650528 9296.621719921717
9003.371303430264 4361.451946443185
6299.750081830007 -7993.328359326073
4843.872063805404 -4558.045041966503
9096.246566584938 -4598.1702795495785
-3916.564906464064 7623.298714629524
-7241.43559656995 -4708.702054458989
4511.419448991139 -8008.075917380175
-1239.725498103655 4370.670225432566
4269.729494788771 1472.529432871539
9518.952463056667 287.2856906831348
9768.655749327143 -9706.347683158692
-2068.8609643243326 59.66535096075677
-2763.385100882483 7795.928360208822
124.02416874458322 7067.464878797
6691.5111045705235 -4143.911928616038
4158.843052558763 9347.902090151732
-4327.7859868061405 7031.796680266583
-215.75608006826405 -3920.8445340729095
1244.4437682065618 -6010.522502476132
-2673.812361111419 2900.7559572474293
-7403.881508627597 -140.72839069762813
-2585.8083237252667 -3884.4707967365875
2963.015131069993 3868.341859842765
-2517.953883252757 837.1751563514063
-3323.6355300932764 6935.742088296203
-4155.623152565271 8792.100532142118
-5200.206239689677 -2130.8888725761444
-361.255720435709 7753.657507684638
-8876.201484197383 2385.4847424267373
-963.7803932185852 -3518.5326715083165
-788.2818000461048 4385.542719529878
-3138.3202020700282 6558.0393257285505
741.9645188721697 1742.6465479911112
128.3372542566649 5659.431308169891
-4432.9647592006795 -2674.951246169974
7979.301917819113 5566.224458825689
4710.628122966591 -9948.304941109547
9142.251870473257 2615.617846353076
8949.946237119537 489.0543256784349
-8758.421391598435 -1685.0203118482623
-2318.924963595732 828.4687422147254
4175.643923280062 3481.724277364847
-4558.916606686405 40.516872033340405
-9744.926973297159 543.9153078977506
6761.295198212018 1584.9448477819042
-5088.713602702724 5530.519557349518
-6048.061087773347 3261.7254232293562
3522.7586914650983 -6200.215315831605
-3030.8095186994624 6620.853933898026
-7730.23034647319 -8301.27907108956
-308.6225780568693 6805.511733342915
-6083.306107632394 -9883.778534576419
2731.9210384358666 2785.2651797156814
3034.1585930871424 5286.872109246209
-657.6494505420196 2642.9919433517007
-588.3166141476886 -2777.9605497158655
8009.521564628503 -1088.732714879312
-6725.30990299644 -3210.6491239209363
-6973.0560909805445 -5089.033553508589
-8591.94717890314 8731.225259422969
2620.907797208447 -5373.129570370911
9401.652167091532 9807.624165409183
-6862.122689300736 5862.104805649269
-8028.343950234766 8767.743303932839
7350.403186103329 9245.252750119696
-9325.444130892094 -2000.1159311811634
-4885.413778190721 -5878.962419255194
6319.246276508016 5478.280067648217
5412.905906576241 -3562.5200618718964
-8004.2655003380105 -9979.815814535415
242.00752189492232 -6550.517935051057
-8122.6659649369085 -7113.946098665061
2855.825103859148 -4609.18290480927
816.4904657927273 4400.202414912497
-4449.803757180131 5223.52483077316
-9757.344950686696 5538.814216981342
5475.909373159124 -5844.235125768147
-3016.083300888168 1326.7575435700346
892.8973777534629 2826.1882338913965
-6627.625906604227 -4595.845359023243
4829.090553020484 5884.938002400908
9356.514732546788 3268.2007934863686
-1716.8045727380377 -8841.593095029692
332.15133748649714 5465.264163422697
-9088.52477674849 3666.9186603878643
8016.739986873919 1402.8101333096147
3564.3724718375706 9471.533777778386
5930.195356203889 -529.7521540915986
-5910.40240233264 4658.199684380064
-4091.4076282380775 9802.31164941658
5494.0946078457255 -9275.491312604783
7565.425858987899 -7711.871242967729
3858.0699281481557 -783.645612974844
8728.38408962049 -5676.347054217082
2320.053512911074 -4331.194936522078
1617.8737466653856 -9675.326126128275
-2997.253058515599 5737.548708621498
-3103.1959119209578 8162.153019620873
-9074.813296987084 4864.290583626722
5709.442596639707 -3548.849894746598
-7252.463597804713 -3098.4754027147683
8440.405535960479 -8980.845375566183
8620.60667457764 -3170.884029297911
8163.156349694549 -1100.846973985399
-2537.026336103505 8027.180015070258
-3389.3545456702623 -6162.695985450439
-7335.643615637226 5526.764371868374
-9010.981656068778 8574.618799444659
6514.691259321775 3241.8689553605636
1068.5949798667061 -3943.4202385551
7584.121409431864 -4606.614811028824
-2275.394574251779 -5755.845424471846
-4170.094883134776 167.54642147637605
-3536.550756868426 7344.204029585322
-4617.9782465555745 -2891.4678679636863
2458.5257106493063 -9953.194558229148
760.0429403188791 -1173.1148209193543
7232.963236587668 -9248.450789592853
8699.609320223379 -7687.560352701142
1364.8617866379536 -5215.610809083251
4817.64185310221 5472.489083315688
-7546.066434758464 9251.177027456353
-7978.805234117634 472.95227614372016
-6923.276686375532 7443.516535302282
5865.636522321376 7042.324577850122
9570.8543919162 2607.127332648148
993.6307935565619 6105.2412453778325
-772.9603967112871 8402.428479190963
-7662.8331988942255 -3055.5002138741293
-9169.125228413588 6531.5816367209045
-5059.327229201207 9547.428358645062
1484.7094273022158 775.773098194386
7064.025061478482 -2125.4855688868893
-8746.822806870077 -8918.965461908945
2650.047160951648 9495.240313532999
-3585.7585304267905 -8649.554162469283
1291.8753854519437 -7631.897297706066
-8039.094732018355 245.0842351026131
6511.349095592217 -9501.174415876652
-5512.99896870933 -4434.380994506346
6460.361955384913 -3207.1971139929346
7703.767685613715 -319.01651848341317
-4917.105039999816 -6375.148817917829
-5427.800466325266 -4009.912892919582
-3673.7652120215516 -518.6355960197216
-7600.563310426438 4547.059339013353
-834.3455520102652 -6512.990203086013
-9764.261894127188 8750.049968861407
-2992.37807513568 8710.132483682184
1521.8743034790805 4388.141745448682
-8537.612190955553 9848.057757719824
9175.04344203655 -2639.5377628089545
7527.564750269521 1225.5257246799647
-4835.293800169263 7026.1135739733145
-5099.883232590901 6996.513274001965
-7881.9881656211455 -1586.9304382852115
-1565.0531101852466 7021.733820624533
-9392.231754598939 8408.717582396737
9694.043064160218 -898.8623669703411
2514.190774561106 8574.263175515549
1080.9445368014422 -8927.236930986546
-1785.0476784161347 369.73575912571505
-5768.9460202429755 4746.323595902071
3346.3207357322644 7345.870352634007
5129.113013825921 -2278.05096926234
-508.5225034550331 -6746.326664185595
-149.06957277772744 -1148.4820088404413
2390.3645904190325 -4957.990674937884
6877.246505783682 8432.070081038451
-8871.290875756806 -4641.929725374485
4603.384009444426 -4822.199487094663
-7747.852574399552 -9564.861790115123
-4030.8725887699584 8599.176594520766
3864.6497119893083 -3853.438675631466
-3940.949299308747 -2375.2499563746323
-3491.266236868835 -2475.5876274333978
-6925.707139571434 4133.268164744759
9988.23232725024 5185.817437192423
-1747.435583417613 3520.7138031459745
-1717.3357982112284 -4120.514709513723
-3886.0524869593746 -6491.057011226831
-1684.464830040126 3759.485616785307
2835.835003367136 7109.61377316092
-7422.8189776931795 -5987.128037921691
-2388.862184176357 5989.138853186358
466.0455478464173 -8887.742543438855
9519.6570399989 -3562.5899798958226
8700.562238471473 -9765.996779839312
743.3253269532688 1725.099537697215
-2732.9014134399813 -7722.810451738005
5881.771748678302 1841.3456800452896
-5892.305917321683 -9561.907173972517
6675.473244255776 -5564.317056366064
-885.386899342071 -560.6000900201998
1619.5142188092996 -754.8979799312256
-4012.9957597521425 -2717.0547441471317
-9248.222365510188 2369.1434223184624
-881.7469135253614 3789.2676373397844
-2674.842935830573 -3537.012107220472
1920.8814995594985 -9793.171708842221
-9875.835495490448 -1749.49434631023
2859.1377099691435 -181.74201030153017
-7137.906105890628 -4283.716495266152
5947.705473407015 740.5325134335162
-9604.319513841889 -6082.33610869565
3588.2230351703784 9010.502052249332
5419.969993292732 -9435.129286946521
-8646.385110144018 -7433.251479804048
3856.9034911296912 349.3228809817956
-3306.5149281645436 -5116.751433470849
-7673.101922638505 457.26962201063725
6522.135574808763 779.8817273904715
-3106.5103662448655 8787.912928123304
-7735.973655139485 6329.324669810285
-1303.1243912535647 -8897.78883935593
-4830.204418523825 9799.432744200687
9142.99425184356 3660.5970600987403
9579.229156559493 -8785.283867673845
-5009.464569468123 -6135.137418026561
7295.85022808925 -5609.9354737144895
-8020.917421523342 3001.502609718491
2351.086536035711 7184.4042798499795
-5432.651264208592 2390.8425684178637
2174.246436201114 -6758.51078911909
-1098.7417908664902 7078.295613220551
8547.827043215835 1629.5807703985702
6307.410193153062 9661.139754742075
-284.055786470768 9561.286452059321
5408.233112681237 926.2263254755671
3626.9684450846235 -2230.641809916796
2380.926481184708 -6318.93386227044
1529.7278029318659 -1866.2038566389883
933.0677776441316 1492.7730375253996
1005.9159846552084 8800.115667284444
6243.53641323044 5006.370359777073
8009.628364782529 3298.191236614377
418.2012189730558 5096.004005496015
8598.237130969435 7065.589572557572
-9064.416541746108 -5690.370032353898
2777.079538465414 -2701.12839299159
8108.5013738787275 -4100.216665104197
-4756.264465791204 200.84477815508944
2763.4740547256533 3190.0555311810804
805.9377340335395 -6538.705939034055
-8859.544537060941 1108.9538913735323
5860.4451963628 -8796.751683509658
-9558.766864620813 6429.828554450582
1558.4874566713243 -6353.632931082924
5505.628609870018 3587.609223867197
9146.677267290084 4383.56675532565
4770.396071325265 -1099.90719791218
-6539.4422964495425 -5563.464100654165
1966.5167036694384 7603.589508368892
6661.240625630748 4150.319112786901
-1063.6469272906706 5319.733937296902
1043.8749511272326 1506.6827128960122
4502.915389023956 -1597.6759219386113
-2890.0434155354105 -1419.495307162917
4499.2737805076395 -3929.9345448265412
-8916.221376541453 6632.963865642068
-1133.0704704391865 1313.1407959020435
-5333.395770630145 4729.832746927512
3157.737176354947 -2731.453579925438
-939.5800597752113 6792.713897694295
-6175.243496271243 -8908.824584765944
5156.409427208082 -2364.4187599253173
-636.8079881978192 8304.659272487715
2271.575548466466 9808.537413162841
2663.3544158563363 7197.999545373063
8930.209393929745 9965.204027489268
3863.3703506994716 5041.070978959715
-9074.804206358489 -4010.2827154315055
-2459.8662024217274 -4275.90723184315
4257.417035597182 -5736.18195865808
3252.785833602269 -8116.798828824854
-6460.1876715124545 -9775.940357333242
-5746.211498461862 3656.2907844396213
-9934.092734835303 4753.6914329201845
-4391.569533789159 -9079.676919057247
-2019.0621206936685 3973.3054258776447
-9985.60323703418 -3806.6781255148617
-8143.047063520561 638.8584583082666
-2711.1929458294744 1341.3246424697372
-5538.42979783236 -8374.76911256133
1790.911260281855 -7187.429445214073
-376.66337864360503 -2132.013327796032
-9025.586380559607 7328.252141415105
-8165.063226059932 -9344.437188840051
-2185.8283164754557 2791.1829504371217
-8401.24381456356 1308.6193867838847
-9972.190082988009 -2369.23964516488
3507.6013403543893 52.83157895691693
-186.4462756313187 5884.644867976578
2666.660372458675 -5714.075824362426
-748.6138875239212 5024.59767098802
4301.053517810891 -3540.7084336700855
-1434.6076821314055 8865.955283458585
1256.6280313192929 7439.06397218255
-2879.034621653236 -1142.7500159005667
4589.910766774985 -7518.972610393835
-9668.70769536373 -6371.4813689194425
3556.424960374052 -6151.6789044540965
9573.358532490016 8883.865147533154
-6955.140255074612 6620.378014310776
6764.458234111149 -2444.114091300966
-1132.1439733299649 2386.101035125641
-9573.999758608226 3596.5878899447907
4308.455480051502 -716.2014104131576
-4137.831154403808 -8138.535739735935
4934.54549148261 6244.935150946691
8506.788934926128 -8749.57227707902
-7068.092095938343 -5681.713793421656
-3457.4844202470613 8601.322816334112
-2930.2381412613586 8595.611058175575
6572.259806347214 -3211.215768747933
-99.02089451790016 -9470.50295471178
-5576.463531316873 -7936.779735846544
-87.58175944900177 -7671.444931684872
2092.207828758883 -7128.244298391977
3079.119798727066 -7365.323809557953
-8617.133603582733 -4765.025075091574
-4360.626353846291 5831.593518292324
4978.896867308258 8210.35682186997
7895.96225804371 -3896.4728661651416
6476.028670438383 7055.31070725992
7462.152926429324 1757.211250484468
-7661.031310886528 1409.7676815968298
-390.69567611161256 5340.146863051596
-9208.50171620702 1150.2942013388492
2236.223148281668 -9267.557133418051
5326.185416974278 -6475.255276737362
3468.7021766728503 9659.14982874832
3820.65301673224 1758.4934510813728
1010.935041337174 -3035.4884089342568
-1826.8752576945872 -2469.6908307784925
4108.799482091077 6509.104753233765
3920.74439656329 7547.984844961469
-8651.728983481678 7695.347641907516
-5520.042281948845 7910.84938548864
500.51879860400186 6396.414874107395
-9550.987735754245 -971.6716188035716
238.51093216974186 -6541.894138346244
-9161.570807920973 -1429.2468456707757
-2211.7617680671356 -1037.2432059916737
146.0637905425101 260.6390885873752
-8559.048406149117 1088.8137614437073
-7130.8303412702335 2269.6990151746195
2341.0814623126244 4669.215533777167
5346.648587875299 -9431.121713662531
-3922.2030250713515 6446.269284087706
-6249.538281734625 9785.730543473092
-8653.559893957354 1540.2278308411987
6595.948823543204 6955.493209067925
-9690.652157485052 -1206.6845845578391
-9683.412313281797 -7990.760700272564
-6726.136161344929 1420.4702370436735
-2750.4868507660403 2924.5252531074566
-1081.3831344091177 -6207.382046246468
-3196.1197952216326 -6829.019532661605
537.4290455994669 -4802.194005121323
2634.9582698692866 -5584.686864898907
8633.48939620061 -2929.931053152397
1322.6043253734097 8407.247060517737
684.7242589847301 -8554.572902659374
1353.5611552614628 8549.920308722296
14.560917939834326 5298.943447940905
-4867.2054322947815 3865.327763971245
-2559.427764014783 -2063.6925524991457
1299.87301919116 -4102.597649290116
-8263.227306273535 -3242.068049061062
9802.17318222397 2552.371454394908
-2066.391987022651 483.09532738172675
7977.471065838097 -8041.947248277958
-3907.029204374512 8316.175410940032
2324.2699850602185 4130.78719077471
7433.850225372233 -1443.4280299116635
7688.980767302259 -1429.263882293666
9547.512581913066 798.4277440068963
-6725.123884128974 -8136.700405710398
-2070.6222743583803 2135.799825408296
-6821.509814423192 946.4482603593333
7168.051019558257 -316.5316094120917
8084.951034539939 4910.78974591252
1870.2462563052632 -756.917604543487
4304.480907071878 1031.2197819669564
-5236.387278331232 3088.8953500798816
-3491.8907007661383 -813.9556462703986
7407.765704038939 8616.86474400503
1321.4032125263911 -7098.510628834316
-2442.896176630591 -6004.585434608196
-9639.18595915115 4966.536016503547
-3542.7369940835815 -3024.297334449031
-6651.9827808135215 -9104.926303283031
9220.363290949914 -1336.2369314529624
4613.398162918187 -5530.637449092302
-8087.543550649006 5326.414865613055
9600.627767099308 6180.859966823382
-9900.110407887745 -1802.6213630603506
-8089.956986764568 -2408.527767729751
5339.565393668661 -6230.447454190944
5969.336127505312 -7529.659856536597
8461.365835583649 5203.949049945604
5595.835109230982 9018.291740384291
1479.2857742384858 -744.6901650869877
4515.434666049967 6574.119882819115
3581.111245076372 2508.9618911431135
-8670.970677749712 -5096.106355998866
884.7451352910157 5742.99560136457
8468.067985832939 -5493.480745877187
-5487.421437569049 5874.3842605526315
-7643.358066007096 -7674.1832117044905
7023.57515194251 -8782.802013955195
298.2907063292387 -1158.6012449684113
3356.0271820748094 -2324.4112772092067
-1468.5011589833193 -282.3264123005556
9172.215238544213 1013.7599556166842
-4551.364878601014 8022.326334751382
6859.492356690978 3489.6627531641934
-5851.138424491802 1482.6613136837568
-2569.4176273461735 1908.697364256097
9296.330366314582 -6669.781802038464
-4820.816892550446 8548.216666492848
4680.762825723088 -5008.8872790115465
-8814.77643703095 -3576.8196427309504
-71.71738826845467 4211.575508260634
1627.4245593366031 -3992.1829911120412
7486.167418774774 -6834.800325386134
7349.081769183536 1797.7023028519561
-5694.0496850603695 -2329.5617097094537
-7763.724304194581 -6008.824254530095
-3424.907315650529 853.9205017139193
-294.0036785348111 3088.566771245427
-9601.76298966929 2427.18982513035
8964.94585287706 3352.214624658818
-3495.194794892731 8201.499482852876
5688.067902459034 -5160.187871821533
-7139.472824241861 3547.327920733882
5379.1354334854095 3118.129538594061
5486.224147056828 9212.314156594159
1914.0045201545981 -9216.301251576142
4837.987805735769 -1756.6658831716159
-1369.5747947250038 -4438.414563814133
-7221.345118813944 -1284.514740618064
-5183.414759957339 6022.889592232579
3471.2649534415305 -1447.2378765688209
6563.83891758875 -2143.839203097442
450.97817225308063 5932.24780590469
-2312.6450243426452 1147.44125285255
-8317.304660723588 1595.6737211812651
3781.704345911983 -7731.830013377545
4587.418497008315 7849.229638239551
-9533.317513431442 2739.7381550505106
3821.1630330017924 -6885.457322415341
-4508.057881130277 -8162.014069079053
-3983.9830832364905 -9399.23406725537
3607.3063568146954 -279.51164605312624
7743.722052264031 -5000.2416653625305
-7031.104633896816 3503.993364272801
5637.93579186888 -7936.632500663718
-7660.510073030049 -11.089217138302047
-9087.888542737817 -7496.154899411225
-545.1571958440927 -4377.710720912666
4435.716739700731 3865.4783656642176
-7334.086917920111 -3189.7659613906562
3082.2901918670395 1847.532034504702
330.3021892192646 1835.2651543932243
-6761.3798331981225 -3984.3641385384944
-4585.573810003778 -596.3612118858073
-6834.889646668027 3920.7892034306133
-3618.7354813062766 -1757.8131569674351
2323.1697139283096 -7647.833241568591
-323.2105270152424 7183.761351587513
2836.264038519188 -5218.035744245273
3991.4705297754917 -4175.095836016476
5927.025027261168 -9982.460017482972
-8038.475253735022 -7891.11168903627
4473.615147212879 8658.135741558483
-8912.132358149196 -4918.187811852706
1754.3108138974148 1160.506622695144
2389.0023593204805 -1411.0359798270874
-3999.9426000810126 -5850.1876977797765
2667.3596359654803 -5176.81222944316
-9449.471275877768 69.14253773376186
-5743.110173396129 -4593.460177133553
-9789.994072590467 9343.106926044507
-5267.015315045347 -7918.97087120405
-4174.832945433842 3937.926222205737
8304.088112719179 -896.2135928621155
1157.6650305157182 6532.50153410374
467.64013697636074 -4913.475148193229
8800.150460969318 471.9781110456188
8001.275353182893 -6711.304430341495
-4814.817999374803 2257.335116377948
-2526.519721697622 -3731.731335019819
8662.235286924224 531.578337722889
-2803.8072324682516 -6686.4040519865275
-831.1785962509493 -6644.863208144556
9905.116057934385 -2775.642488421897
-6802.509835877957 -979.9050632284434
6441.787330471958 -9220.890857330292
3561.2823846008396 4734.930605180958
4324.736294376362 2621.489127370485
-114.01865144624026 -7781.553490704949
9335.341338478058 -2683.328765603809
2808.2810255895183 -426.3655234047965
3107.2759198641816 4974.184300572235
2534.7868019718644 4769.218974222615
-4803.284790546593 -7897.259096838572
717.5294068769217 7638.680862810539
4223.762852323907 7257.2653421589275
-6472.533023274138 4513.571301783773
9413.825755245045 2557.824369735179
-6641.772707074519 -7560.017411351993
1230.9605566978516 -4695.291044899246
6768.113184033413 8384.043742501006
-2216.5153745027455 -7316.56088892275
7069.199432791418 2914.3697679525976
2295.434160619596 -3051.9998897896385
1398.1022488584458 7556.402703109146
-3824.2753239338253 -1509.858346642728
-5846.1974047723 345.6235087862933
-7919.834022237804 9847.115994991724
-8636.315857089116 5063.644872409957
-8150.262976671201 -5030.254284975009
-6160.282108506553 -3776.7737880603927
5321.8463666897205 4967.259639639913
-9087.481665070853 4075.2788042279226
7749.544004411382 4064.8531725544
-8918.231250800243 1742.9638435159231
5926.96205324613 -2345.5299485952155
-8902.702082276175 -9954.978091328258
6107.533337867952 -1911.173345521437
-9214.123337178453 -5347.507012916364
-9585.192900746444 3263.236955130247
7364.5711416676095 -5069.973858515624
-7316.018165922227 -1950.6754027891639
-9967.713707479697 -5854.99268890769
-464.45584101637724 -710.7606284100257
3306.899563121471 -3315.2378529525413
7970.6836680913 -8671.47228271912
-4123.818277337928 -495.8764413831432
6891.44075913903 960.3386646286435
656.4664607957075 -7767.3112951203675
-3313.1769619124825 -1826.823011576892
1303.8232165014815 -6796.886798535941
-1610.5975676438084 2238.9463318107955
-9401.73197698667 7118.829933625631
-8104.799291257361 1447.5552073898398
-3077.678638967156 -5838.394918888142
1352.9290790938994 -811.1038734948452
6481.009750559475 -9953.6181130308
-4933.046184361849 -897.4711903402731
961.1864321410576 -8137.117652704884
7121.622795418043 -2340.058766858675
3003.830892329557 5500.483363430587
-1577.1202288872992 3813.781869902108
-4836.238619608522 -2965.097258001443
-4033.633163975105 -7756.997045677165
-8043.015128110483 2662.2664550054687
879.5034986742776 -757.635836225747
-853.3200071182473 9598.16270844997
-1851.69351678961 8449.30072124182
9594.601651404679 3816.313758990682
-6071.998630425545 7370.676732250311
805.463846901237 9583.532137700236
9949.750150023341 5066.476922069027
-4282.347608541626 454.65402021935006
-1225.887723023845 6367.026212790433
5344.38664681071 1723.185745812816
8505.121935344916 -1355.144848550426
9545.244588391099 -9719.589835959532
1067.1618873036896 3431.8619908173932
-9491.266880055264 9417.754466982304
-5739.913805693548 -2933.053879163832
-7547.623756680108 -6685.765979537
-5453.6785855018825 -7921.164964598691
597.5743574268126 -1217.1761013141186
-5113.026297339731 -5846.665680639396
-7347.737209657561 -9693.3509986315
9932.227999848124 8303.79142953856
-3164.814863428038 -1522.0999450565778
9484.627743341287 2258.062496195891
-8098.623486043531 -8340.574952565687
-9607.909125660039 5094.831859333295
6679.230326173281 6020.975275243036
-3109.1971769219736 4806.645414982031
-694.6894559288266 -9940.888870015086
-93.58737862915768 9736.55946019911
-356.15811196639334 -3708.1882860129235
-3064.765801720826 -4270.163641232823
2303.6019432348403 -4974.146054249815
-4134.5599689853625 -6638.354354738323
2215.716109236224 -7072.928467274857
-1538.491019096702 -2253.7306576247147
9911.632679977978 -7419.379807867301
2223.482953392502 7202.829608557247
9441.3506413648 8310.417925551657
-7054.142847450414 -3552.8990423131736
8297.735105280633 -1766.0431275842366
4539.214897279264 4998.487535707185
-4236.448273775448 2860.712076621001
-2459.0024211861582 -7864.213419338986
-6226.371078298123 -3500.592832474147
-6769.912626001107 -3995.1105501623415
-7314.669262760042 -678.5711609467435
-3626.8493533748633 -3623.901972726034
-6723.68597299399 5134.708426165722
6368.979630355294 -1931.7314504463411
5839.321757185558 -7245.57735831707
-6079.645744264914 5201.527669002493
7419.540708393732 7313.9018798724865
8351.21025722212 5209.833334700366
9040.84036450646 1941.1573232153169
-699.795229146881 5939.188330202085
-3807.0129173974456 -66.52726279854323
5760.033658642347 9176.84186329133
-2097.2913566375073 -7105.460404118487
5295.141337171441 -398.65511169951606
-7612.734294980494 -8744.351673560957
6758.750103235478 -587.1332037912489
-9410.025810755114 -9815.534483179928
-9056.590678123786 5797.692114561818
-7177.113886173456 6091.9817327306955
-4662.448998341362 -9099.627191770443
8292.64738024135 -3219.7813738050327
1523.820539330598 2121.5151233775214
2461.2962754030214 1730.3421915278414
-3256.7746993012415 -5671.262742843303
-7005.419933561568 8112.835537777173
4762.436634794598 -5037.152585126123
-8523.870750029204 2808.4374490655773
-4580.148829060444 8040.8307722261525
5116.611586664811 -8939.432342778446
7089.302374075705 3701.7603455949484
-9637.218231003402 8336.998441483462
-8211.398290198895 -3788.709707303148
8612.10750023853 3560.565989637258
-1226.6473192221274 5234.899459085633
-6835.5547681155995 9075.740327430227
9194.785409628657 2709.606731223601
-3906.982610043313 -4450.093166164368
1763.6179333686378 -9211.59923392449
3892.7189427162793 -1534.7594924339865
7350.247579431074 -4898.8501908577755
-8435.426899322907 -3060.906181484306
-935.1475931867863 -8029.689696296354
6220.926243586069 5317.84066225716
3599.258089305522 -1760.7407581871958
-6653.242803002577 3321.151544573866
9475.715586401773 -1984.373496571634
1528.2638123191664 1470.7153780280987
8336.012073183614 1901.523778068884
4760.659577114338 -4880.558926608472
-3482.3796393289213 -8822.901319159855
5372.902545948622 2604.2166292396105
5901.865233645369 -8076.621386976896
5157.856943751329 -9122.678385004605
5382.386314708578 -7785.101058152575
-2527.828957201097 5428.632662244443
-2709.569168529002 -717.8646232919054
-1129.0682718668213 392.7831425147124
6726.814961960721 -7061.700820674181
5267.94353181455 9442.47576389593
5988.662834897488 6584.583711464969
4663.258164350076 8401.174137818602
-8857.689616315969 -2247.52641605567
6155.356854485815 -3534.5686478154194
-6717.947837761553 -3588.7227005462028
-6743.817012063031 4509.149343769177
3127.6801445657948 1163.551339713309
-1547.015542515417 6149.086000122121
-5647.943232456196 -9029.362756277787
5511.723836651161 82.9645591944136
8393.229671851583 -6804.949790231025
-3807.4117239276693 -9331.431232201137
-8506.10526186793 -2484.0061401546927
8848.906717797694 -2205.7591811810307
-6675.718758783769 9668.808977416695
7806.576913428336 -3201.776993300902
5782.821600706568 -1021.3084140657575
-5528.1258862525865 4526.327229431083
432.24550886509314 9303.547510796918
3791.2950192733515 8574.436007654607
-6482.976461914301 -5729.613736334655
2987.8864311017132 3344.378993070961
8621.362576998967 4584.180015788126
3424.264971367975 8748.752448206102
-1234.7595883102458 -2292.3457172791987
-9006.661022582655 5232.286892064489
-7900.7566366497595 -1644.99735408147
-4386.489617379059 2234.397073601711
-1652.743598709636 -7987.956711672499
-3794.0794017876424 6299.574915699281
-3240.664436507397 3089.88624930723
-6042.914631392841 9749.32884191205
575.3717101302427 -5661.316204726494
3721.0443538052114 1161.39202156572
-2136.562026913937 4792.593782278924
-8909.067607291821 4858.9553947580625
4084.9912097684537 -213.40397255129392
970.6642987675368 8194.727377346968
7852.387905794512 -1519.6487674781347
2403.1954548955764 -7378.373343135942
8082.442131654254 -8156.194485163724
-6037.383358841955 7373.9713507903725
8113.048305258202 7203.792624514426
-5806.886323455918 -6959.957166568476
-9661.838998878477 -5779.599276079836
2378.598897283244 -3611.0563039712824
3529.71854180027 1556.411973403554
-3647.3786977631244 -2478.310202906797
-5746.638526227978 3522.65564116683
-3891.0825784630497 -4251.478812238174
3648.094449168435 1626.6363525611177
4648.774253566737 -8448.564505684719
-8671.686117792106 7221.340899791667
802.1289970049202 -1427.01518963755
-720.1003451599772 8345.655772222053
2685.136259441164 1779.4100487620217
-9639.635306629389 -3632.6499052413856
5007.698372724668 5778.211451847888
8376.32076273721 -3815.8725383026067
-1379.7590273950955 -9272.707984380268
9699.814614506202 7507.762641049227
6489.799370437682 -7645.161892603185
9998.360246242031 4150.882652973913
-3278.738840262974 7316.130467940173
-6108.219581229908 -6744.523176304536
290.38457596810804 -4554.479288867945
-9787.756366328542 7046.759567669498
8831.008974428187 6418.821643710005
1032.1757687803456 5965.526198973825
-3880.3572555969267 -76.58663432538197
8737.997079276382 -6073.309145832369
-4173.610689313101 -4359.627334072984
-7834.080431156281 3971.214634382801
-2348.018697827394 2174.9941115033016
179.32430233254672 5723.165451609804
-5853.566326452442 -7470.928786598667
-944.4879584535265 -5166.811339769089
1305.645475612111 -2209.6374414097463
8662.909865234924 8984.19148844147
7468.038799603168 421.6884391559197
-8351.906235043072 -4945.424583088434
-2915.892594208227 3864.1291148475793
-284.7331046840536 7678.8910700380875
8607.539401186452 -3874.1586842864126
-8430.882117646319 -9284.69080797127
-942.6526409796425 -8389.970968529236
-1794.737371201607 23.841493166262808
1726.228091151519 7642.637680831267
2970.756830202583 8478.773192321925
-1938.848398877346 9992.380850702379
6180.440924684584 -7716.703128949638
-82.03726017268309 5132.727331748169
-2936.827544808116 -8576.120604457086
-5807.443653532987 6077.515770579343
-574.7318765530435 6496.409326159632
-1743.0243378004252 -6671.108468783129
-8343.229580986223 -844.2837435235306
-8320.445845796432 -7191.69995461542
6569.429295937145 4084.580307219114
7384.012816951963 -1401.7160084172192
-7956.43149324015 -3352.1198912881837
3703.197100072799 -95.11635811109772
-425.70246791176396 -7707.9401535451725
-2291.071706729226 8857.460021517734
4545.797502444471 1269.6270399028726
-249.78496660404926 8594.788478418814
9425.701675699715 5412.926548750756
9307.860627916154 9543.313309172467
-940.1329212557303 2450.960337065868
-6925.721669776186 -4124.5277019432415
5861.117688077071 -2242.4337222603062
7593.110715034538 3843.042870250656
1923.8164075489913 -6561.215829823643
-9155.974014547246 -987.5156657699208
4959.4112819898255 -9688.218414552597
9833.853066621752 -9613.717401220563
5436.375530912566 -402.755577932965
-5444.011396103879 -4023.65430924863
-6578.750292849069 -1958.3514905923112
-7394.199366853764 -3397.4901603969874
5355.764798591948 -7294.61102798383
3290.527282131512 2521.2707435781285
3368.3185243199605 9797.253826949069
-4752.049379094867 -9053.136218753409
2706.352600309625 5705.261933528711
-2611.0836980156573 -8391.136172541133
-3510.544562219775 -2231.56718216224
-595.4668452495534 2197.499773931977
-8778.695489619768 7353.563408641807
5129.690776479749 5879.909153861325
1361.8389604431031 -1554.3642924055766
9730.292159908917 -972.4031886646317
-3250.6632287317607 1230.0031173367333
-17.60731744703844 -1122.619376242239
-7224.65288942637 -7960.958796458286
5837.221652637341 8055.151880460955
-46.285464713933834 -1444.5370758999416
1016.8264375721519 5723.799465440921
6888.215718751977 -7690.945316368405
560.8807039609528 -6426.318750558576
-1368.3986164996913 -726.8993564704888
-5954.035244467122 8956.061443562514
-8957.877280064251 3761.300956447556
4624.413693503586 7166.95539409326
-9018.093647491707 845.5219189447398
-3919.384805079897 -9779.138579443854
-7935.1825705867495 8159.248407372703
2778.400756784995 410.89106030497896
6149.732454955252 -778.8657725297671
-9326.014101077344 3533.8335893694566
-8111.572713011201 7307.58353902712
-8505.336298110411 -1134.2717938325004
-6624.432886998537 -8577.176634392847
6734.264367263288 -9194.45426150806
4311.560919178599 -5940.537560835701
-6707.847254083288 561.6139798202894
6077.332944735974 -5787.938448621763
-1616.6607333327665 5337.454394308961
-8266.663125485611 8500.76548569899
7773.035621826501 7180.7198377947025
2193.4242725734966 -1718.411161832957
8439.792679289141 -6009.033496662497
5687.459414930778 1264.4757125801789
4447.11991952105 1139.0176851185024
7114.853605083947 2429.774145114987
3104.2807261807084 -6267.289821962585
4.469973275448865 -9071.685254226206
7422.727976600756 6770.838310742343
-9465.361323302395 -2830.2001656282982
-9574.564223428217 3259.160913811711
-9569.70448909346 7448.749729523031
7042.154437577505 -1180.6609573665119
-6457.454792972943 -7773.221922786906
124.40832905885145 -4596.266003471618
-470.7771675488457 -1415.4949968606907
-1460.1740540038227 6436.002853016227
7293.320881632106 7375.938319962646
7356.178944253021 1029.47237184189
-9300.581249415123 1262.7022302929927
-7198.7076568119155 5892.298967348164
9576.537653119765 -8925.000990886463
7985.758762016307 110.45663988928936
129.12828715006253 4840.749181000188
9301.174947583924 206.62169408217596
-9383.827947047388 -3656.143222888917
-2042.5869938481565 705.0594430933543
521.667674228911 -1782.8918301562862
6298.191006508596 8889.642744209617
4428.045530240859 8344.71384778522
-5664.976523520617 -8475.826854178124
-4582.656105545692 -2255.935798387023
8365.385705838355 -3988.806391377002
7063.252272717229 3115.7704553932217
591.7192157553236 -1202.4706516548104
7940.420057371772 -2104.3772151804505
-3666.306637359922 9791.805960724676
8065.696079135156 1911.6058674830747
3726.898950960858 3141.2428591313947
-7200.740903806369 -8356.343578808099
9726.955460882746 -8077.962767855724
6471.868953695779 -9396.625045450779
-4211.225950617434 -2870.302375159963
5367.762250538095 -7504.568629266187
-3233.4841857635174 -187.29737653116172
7680.98330598955 -1408.0559542972587
-2619.449030350822 9274.907987111797
6676.233180366595 -4854.3661505384625
-7976.47724877657 9979.141740929652
2523.597430603617 -3312.9092218464493
5728.382693206817 5116.470828363983
8139.790882234658 -3303.9755718163933
6797.062034002789 -4237.358133992107
-5143.152509014688 -1594.10727719211
-5110.787264243572 1125.2418266777695
4852.45465347742 5395.843812751871
2296.2416143693063 -2407.8541001086287
9014.41927421367 -5856.568569070318
676.6357107060994 -7876.143700629852
-8724.96812496271 8856.095942927048
704.3613259790418 8989.367436779346
-6560.621247277921 -7331.062868796116
7882.90266352192 -2072.780340302096
-1855.0742509212496 -1309.1670686081325
-5796.717195071177 6520.439964886449
1827.990994333737 9400.494612674258
2375.1917217629925 -93.90473214441408
-5564.007579006662 -6461.432070933277
-2963.867411308379 -3102.7774998689474
-1887.3525002657198 5911.442228416321
-4355.728763396995 3176.9133596102074
3196.5740096713016 7416.937010993792
-9313.54020498965 -568.6079213738176
-3387.9659580593025 -9878.41738173316
-5616.316141760624 5120.922426235415
5093.829376050784 -4636.258913672211
-2748.0280569792367 7044.439899528694
-6323.343744329775 -8373.666341796386
-7322.431262785605 -4064.1847772503215
8492.48751469332 -6682.510924289102
1090.9794079142648 -5963.296816507462
-7842.1468859825945 -8383.05505978053
9375.25342329322 1922.9482449238694
9896.151209849326 -5809.4324518828325
3819.6662599585015 3818.556839850795
5028.421053772625 -8155.098713261619
-1769.259746484653 7213.282530726028
-6420.725500342103 7088.161189687791
2738.3193202909606 -5193.116552284345
9482.976353592945 -7916.354989082985
3385.2055390309924 -5364.830753971346
4237.938162677467 -8373.947872136829
7764.633035291918 7689.95622394545
7846.174801068239 -9459.268278642965
-2229.3533758598214 -8572.891344695608
-8512.450696410884 4300.42114222869
-3047.773378688101 2263.853632179518
-3383.077637630534 6673.555703908249
7012.791997902128 -9501.398682224552
-9964.409108603237 -1137.2258339798955
-4327.518008148341 -2956.469677887965
9976.694847440922 -9138.237489691479
6411.407892605057 2942.2220468935975
4357.542409582842 7653.122921158356
9537.845922515611 9851.67393105324
9090.09238680781 -9610.524005344543
3576.119380684553 2500.038304836722
-8295.896418980208 -4155.459740460903
6144.704816825104 2588.470201774995
-6474.240919075273 6190.464431001543
4295.8744869974635 7687.502824840696
2267.8365156431046 5552.218010365421
5713.969418736393 -1614.6028429959315
-3874.2142594789493 -190.62659989744316
4220.1793118174755 -7722.0636784003145
337.36167095334713 -8239.845090205114
5707.4875207044715 4346.1831525238085
7651.725035787484 -4967.854540749013
-6069.7805805741755 -149.2655961095861
-4732.775387519439 -2981.4090612048185
9498.412029359592 -1921.9559641820424
2535.3427843126356 3638.7550282823413
9978.007259580707 3106.4206591295642
-3908.435953104643 -3134.67645690505
-5826.349664746877 1216.3305069270264
2062.231864393236 9731.383125046028
9471.661190984025 -6348.3302577813465
8609.699754027799 -7075.9768957945735
-2453.4849528294653 8145.70791199668
-3683.5900495704927 -7908.8430438383675
-9215.035632309095 -7042.576518533198
-1228.2271723707 -4367.32476221605
9457.710233106838 3120.994052758959
-8785.968717680431 9016.578251294213
7969.3059283367875 193.2317315612072
-8807.440019617416 3555.27757011625
-2557.231390957675 3990.7815637625026
-8045.667079493699 -4903.234206195752
-8553.85455244144 -2359.061844844905
-3378.4165548528363 -8770.089328626877
1844.0697943003506 -4273.034476790589
-784.0574306532599 4372.637675133667
-7441.881860342672 -609.1676187583016
7197.647913700195 2506.3127335693443
445.5650584030809 1963.3089586910373
-573.3269601825978 -660.8408271816807
-5443.091190130993 -5976.594439803719
3315.924703855715 -8673.920092945373
7708.329886521766 7746.161102227408
-4565.071502925373 -9758.221349755468
-2393.9839333960754 -3020.1813062859055
935.7093808155805 -3101.380947756149
-1314.9255922025004 -8299.536112876742
8910.846818825277 -5879.823367017909
-9623.46357085068 -6675.777005299486
-6843.019972819007 5225.9785457066555
-7308.270115614863 -9185.837713896588
-9194.697535031146 8052.458953473051
5814.08999320753 -3398.954023322034
4893.878364164348 -6070.320424013125
-3185.7549692133834 6044.152344112768
1194.8955255708352 -3947.09056684593
3655.013563473445 -5509.622985663736
4473.237491163209 2332.674611353199
-5671.290979778089 1946.8811641390967
4841.055370941869 -5923.565665103903
7269.947833007263 -3035.4281137561557
986.288728037418 -6250.441395904611
8112.930328243801 -1463.261191079986
-6208.625114872208 2582.821654431318
7412.939005176428 7649.202441754267
1221.6604494034145 1938.1561863003662
-5872.403832039794 -1424.6503286301813
-6648.688097776192 1113.9377978964894
-9545.814538763676 4091.479396787412
5007.808100809354 -1334.387939149794
5045.137643756694 -1505.0983625402132
-7245.6278123099455 4336.992313754665
-6325.446405386032 -2360.7331990725534
2792.9860509309055 4342.107097518319
9104.423142708736 -3841.36614357891
6858.907752861247 4006.9865207019757
-4800.019847069341 8633.821693946735
4290.899128546802 8675.325996801348
-5730.592078203018 -6338.393608168844
199.64797407150036 6301.483107320806
-8846.099740999198 -2380.622356790692
-7979.851180229227 -6701.195157184096
-7230.136844826878 -1625.1228121874465
9722.094771389602 -1019.1899881114678
-2394.189147749419 -1727.3046017381585
-1434.3947312235869 -6672.723191694509
6102.312250578074 -9563.787246850903
7527.9021496064925 7826.831932812933
-105.89410942696486 2755.7173844708614
-8610.172342916192 -207.85253766943788
-4430.70602613028 9890.460828768915
9959.36941931921 6813.408589556333
-3098.6969621587205 -4805.565182112313
-5977.341110761942 9910.220178861258
8435.082425936085 1682.69877541208
4351.167059648609 -8538.329150654681
-7140.212402728059 -6012.896283834933
-2542.8809029005415 -2861.199734374849
-5224.013161781684 1707.2980168731938
9777.427669678938 9833.232796446857
-5733.801368733027 8644.933935903013
579.7201652852273 -2029.7000494427666
-4896.642494170968 -7883.984555584134
-6877.678582808581 -9385.529587727133
-5517.415332946341 1868.3694808427244
3463.334879690814 -2580.5287939231957
3837.419483385871 -911.7530976569615
6802.243216373488 -7255.010735569281
-6397.550392585783 -7437.9066990055035
2350.734109945599 156.38869755005544
-1289.936806233538 -8733.43724997155
-532.2649336106297 6043.4060615289
6159.8175869293245 491.87497613005144
156.9254787194095 -761.6882266860212
-8825.285083990866 2060.650636615208
-3986.7281744250267 -2716.4295048311196
-5740.560073775636 -1713.609221565086
-8681.582789464122 -606.4529624376428
-2098.5889128407953 4022.793381302159
8223.032810061392 1174.3517788975114
8706.269199352439 1487.139723157714
4817.5273509756225 -3189.5609176350727
-1564.7948042620155 8498.003072110507
2380.781978160463 696.1122822375
5712.327590116474 -7650.4221995169955
-5790.130947529022 2384.611665178547
9096.025688204722 8751.940021109465
-4828.011820975064 6246.99937509285
-8240.909470849114 -1901.398104920051
8483.135246819205 377.586759109834
8198.118881495055 9779.73843405141
-5793.694306280686 8052.172963263576
-5806.484083190943 9341.500967193479
2575.305503000405 -560.0937045144565
-7332.806634144813 -7001.132716616263
4488.538351575293 1289.1005754246617
135.83619838675804 9341.503170509633
-8619.598182305885 -2048.1211894163007
-8866.604430281319 9029.146305436916
7166.22041397803 8382.039419454559
-8722.751187865824 9855.047656532628
-3930.080137628782 -9364.92016060474
3578.2411664836964 -3236.95036593052
1881.9272266560129 7918.835033293937
7145.618551296378 -5764.104415397826
-3441.9415889584707 8387.72901332744
2613.624097322114 -8070.587925813768
9058.452259887817 4643.158183394236
-5582.671596283786 -6490.781524979831
8938.869747243378 8297.067787335247
-3528.9648085525705 -6646.326045322481
-6555.029756778954 -24.69528144648939
4853.391963204569 6118.776785287575
-8276.535645819895 -4218.134031201242
-1220.8939515032907 117.78090530031295
-4747.694420241888 7514.690015977107
9437.96263510751 -2949.677474416192
9705.384192927791 5818.178440435313
-4792.39058060458 -2177.1322084735575
205.44794933442972 2977.1509554433233
1297.358839751343 -2965.6524148254057
9282.278915700514 -4798.518707354576
2056.042926231399 -2842.149844575517
4841.415957215329 3020.1925718412604
4977.732240556403 7531.299217916825
4062.002448341231 2798.3065224074217
-3135.087096619671 -7022.949540550343
-1619.3789805615143 -7590.703058679047
-5340.497776185813 2202.39672651014
-5418.7394362656805 -259.49414477588834
6127.851905931586 -2910.0191579194297
7499.830106254041 3978.42325568432
8886.686786162463 569.1640881412568
-9035.068202308907 -3484.7325334035695
182.6894988774111 2966.4113213048113
-4665.126574686911 837.8188754312723
-5610.756032955357 -5435.189972026668
-7645.812588378953 -1095.9929301809061
-9640.396534385021 5559.841429602004
-8958.790773886596 -4717.726852689923
-3423.4354379874967 -6319.420031118794
1931.534690691211 9723.262361979592
8464.47686067719 4452.512114041725
-8759.523242819745 3852.9351178908164
-719.7752592710876 -589.7974278003276
1370.908238705002 -1679.285171847052
-6324.416276095033 3525.0697756687805
-318.840160707563 3005.8193294188914
1324.137070355433 4695.555446897228
-6459.062418283487 4779.462084220744
-3068.268287802416 5354.015556503024
-3558.515215337643 -5159.872763033309
2500.213783587915 -923.3205525349786
7289.511420274866 -9216.330324310009
-2110.016577027538 3540.0647123363633
-6997.314592818458 -2660.491715871245
-3472.3214431492397 5249.262710666349
3137.7672893494164 -5901.278212349927
-5468.916675633533 1170.5365136671662
-5479.252918276933 -1420.6170391278702
-6425.860703191562 -2267.2822580396623
3711.6271148420437 8618.99993225496
-9509.28659258533 8618.90204615214
-4375.231888958122 -646.5399235740751
-83.43956412083935 -648.014334244599
-2260.9891469956065 -3063.5845236317946
-9805.293289587227 -1115.380557375849
1070.052891461959 -6327.437028770437
7320.24648985119 -3763.823205797019
-8559.153533507893 7382.816880119288
-3123.6604044750347 3676.3718481155756
7574.070516531327 1588.8994340210957
9713.972249042847 -2962.808387534861
6144.002015874608 -7500.600255817002
-6446.173585586194 -1558.15773070445
8163.396141054407 -6201.105928601353
9739.37955174541 7071.4305901084845
5944.2716803892 -9113.75722829544
-7953.85048710556 9547.14552714394
5359.766509508634 -7522.289107609438
2752.765133542187 -6912.272769196817
4247.529416817384 -614.9009162132243
105.3397177278639 1809.0432686317545
4533.368908405766 -2201.410525272693
-9142.61081300218 -635.3721798475926
3017.1872856786777 7548.55869289285
1743.3392124742804 9583.066279544288
3751.4942015466986 -5409.878865753805
4544.422121765332 840.1390217974167
3556.0734947242927 -8651.280827326642
-9168.430752909788 -389.32711456258585
1450.6748468579844 -1415.410194773527
-5479.335624988659 3977.074679239129
-7349.139516596615 8078.478689443364
3051.326988598239 -1171.4381285895888
8260.435424515024 6710.50211593492
1301.1527388934792 -8932.87985769923
-7092.832812007335 -601.4164835651118
-3726.8614231269903 5343.271836929578
-5693.224766064382 882.4321122375059
-4855.210007858621 8676.745028637502
-8896.539702367665 -5516.449396449899
-5556.807754162521 5774.187055513785
8323.519877080358 -258.695929523974
3911.112643579774 5938.083186252599
3391.8796840404666 -9780.405209457014
-4945.02574722363 7168.075348016897
9899.651699888826 -2201.7577202676785
-8583.671044714889 -6612.087593446267
1174.1093878817373 -9592.32099881932
5284.238181583296 -3311.712572950236
1190.7549662067831 -3564.890702472012
-6133.251539286484 -1942.1471970794864
6480.428136247698 -9075.178672350956
-3134.5712764791833 7281.736813777385
9422.698898066745 -3785.144252370572
6947.729036015437 -4481.0903012056015
-9319.946229321238 2796.77480955618
-5212.318290375218 -7473.210960424103
-3484.322083611768 4954.814339876963
1146.267359234791 4583.490818109713
-4649.086973012353 -9864.788418375687
-111.46464358790035 -1134.8161468550297
-2843.257204215457 1016.0562633246554
7885.355984387275 -4631.985765654634
-863.038075837816 4892.5315157605
-9576.534888708202 8421.115122246738
-8351.062253794422 -3738.0649669825816
4048.233014127298 6419.240894329567
-578.8229722637043 5387.4271806082015
-7310.619215371253 -9389.405316135766
4865.179668300956 8138.948607679027
7470.6495351491685 -8392.547207562999
2642.3480603134612 -9445.6790770666
-4219.803880314219 5744.2237888691725
7634.995638314253 -4666.9627409545965
979.2821411364712 2489.5991374167643
2083.7922736431374 6869.808129121509
-9447.391257664493 8826.499438073366
1892.2454816610516 -3545.5515428483504
7554.407213743387 -3154.4596208244457
6962.119415806657 9909.222024103929
-2119.79086457059 6754.775530463285
-4088.041544988121 -3795.708830309636
4194.973674153489 9090.511692696327
-8355.830056912708 7486.458089303982
-3725.955788248217 7121.010143805583
964.4044885333569 8475.90264411108
7064.189832618416 3266.9347433357307
-1179.7505013718528 -3669.8329505782176
3947.7578557363504 1819.4211035972749
5714.52856107387 -9155.845012038442
5493.754342999464 -5681.30469263308
-4538.205920630129 9249.456744821986
-4594.555710325627 -6336.8282271831595
9694.868510935452 9895.830427593613
7424.854191283488 8351.02257555685
5391.575353315187 -5257.783243272877
-2369.676031394947 -786.7816918417411
2180.086196122633 1854.1781066078638
3864.0559998058197 -2420.916309668857
7294.58516797224 -4000.803285751098
-4047.6231834642194 6022.43897409977
-2208.76366997641 -2049.2063278760916
4932.212235047113 -9331.572294812122
-8002.280112105431 1256.9609421453679
4673.058452425506 7498.170651013221
5157.891730543353 8997.932275076058
5084.514412189677 4170.399222435937
-2153.61711044427 2452.8454609530236
2525.217380266591 3586.279834188388
9966.261974631449 8614.388931052232
79.81026494025718 5755.645318094819
8006.142093742041 4135.041637509545
-1953.6550988254357 479.8928129432861
-1278.5845954613542 -441.9325522994732
3277.3144406073934 4948.848079972135
-1482.4428615888664 9580.93205048142
-5056.721446958243 7555.904429079368
-5448.254498941307 -7381.635138324654
-6161.162115421017 -7932.201231836578
-9067.692441229736 -3923.1972800995327
-7473.512889626084 -5257.598422253164
1383.791719101342 -7478.506961817568
-5585.341231334338 -8930.056609206824
8358.743581067676 -3687.9410955486837
1292.0586949238404 -1479.8852594971959
-2184.449712577134 -9698.132792684735
891.1605744904318 -2990.474013957083
-1255.0128284392395 7841.065188246739
-1270.4777350846725 9761.029988337268
7016.397137800981 6592.682643207416
-8221.63638634276 -6191.549686423163
-5772.295797903719 -2434.260405969686
-4566.380287865272 1607.284132181163
-6018.2562866692215 -4711.193869050588
9815.475446867342 -6956.012710507815
374.6793970798117 -6807.97532028253
6598.161963927239 593.4672630328114
6470.556314790418 2035.1056624688827
-6627.421115876103 -543.5435325029011
-5850.688205974095 -1386.6404562384341
8970.08706443329 9215.459084507365
953.8634600435671 -3006.6518644335847
226.59480011103733 -6120.001679381384
-5574.839852708069 -4825.721770546563
8341.851694951216 -6851.07627301968
-97.63015451328101 6340.781493760125
-8710.36945072762 9299.570543526756
-6121.338181360052 -4232.736628975764
7660.274554796386 -8679.413087067636
-8258.688631713649 -8046.464001485447
6867.852555779729 737.2894511141621
6088.152051032179 3715.9723760213637
-9170.03738449184 -7964.578198205654
9800.668159286408 -6272.0384814582685
-6971.005988071425 -5328.758800244677
6667.305530176691 -6602.031883928823
2289.439116809657 3362.869023027346
-8411.132745889667 -6006.9684955635
656.637005209177 8689.89031438412
-7738.873614829186 -5439.923066072083
7438.104168160135 -9014.788883739446
4718.091703326623 8466.934854670708
4769.384626949848 -2914.7943715461633
6232.6134501420765 7279.497743283828
3992.151443664905 1711.2362749535005
-9190.66792946117 -6789.016788035522
-3316.9517733219964 3087.6375274176335
4868.222914920689 -476.2133316322688
-652.4384476186515 -4141.693901024308
3705.29369200188 2033.957727279776
6593.981607361384 3446.0590032013934
2930.2568257710464 4262.847109283035
-5971.698020714684 -3294.04445295234
3319.2943055212017 -6199.9805968125065
-838.3208699636616 -3944.190970332984
2384.2982231118385 -1913.9567273868233
-3702.140307633952 -9775.845453413946
-8551.729660380348 -5906.6895188797425
9668.769075950695 6337.9515115959875
-6870.1784737362195 8277.567500280315
-1987.7763548730345 -6720.647849672183
878.0215533455976 692.3669609486751
-6663.476741958308 -6927.117196238249
-437.89940871767976 303.18524763809364
6792.452657691967 -6478.574604292935
-5891.1851490955105 7307.477018962258
5374.008716446791 -608.5910497638652
-8206.458289190155 2661.479550122467
-5405.05543530992 9154.665826300305
-6970.523187524289 5034.094832868221
-5660.991400656017 -373.5798729313083
5362.565323109191 -8947.275657128988
7757.536301665248 1795.923298116193
5868.0959144086755 5975.452179481677
-3611.1671515870066 -2271.7190947132067
-1741.8400260772378 -1181.4901862607767
8599.562292078204 623.0291521977742
2747.4608509160134 -1512.5195570357828
2999.15160166681 -2052.9250067737203
-911.7615922049245 5605.24274662495
3653.9866505441387 1016.6316383469293
-3826.637960065995 8499.170945158046
-271.03566664721075 -6515.190186892978
5219.913223026975 1204.6520390751812
-1390.2531538257736 5898.5652244040775
7783.8772118384295 6361.503968254541
-1390.1571409208427 3820.7277665017973
-5280.174903856771 6524.4177317263675
5042.423298583519 2969.8740099058505
7687.770696883341 3678.0638015198656
-8262.438327099026 -3587.171201445125
922.6429471926422 -1357.9449253429502
9011.365546887515 -3948.379137668174
-2279.8743290767006 9570.468245165634
-1355.748490652748 -6521.255589923878
3455.8629422863105 -8104.827584761259
-3398.6014460418155 -6268.393481923482
-5056.657299423199 831.7392908187721
5029.188852065205 9559.081585446911
-5450.968781877145 -8038.765716447709
-3512.766323214307 3520.116110254601
-3278.381666038217 5420.737600225662
-4573.640780785746 -9433.6406488949
4455.517373917819 4879.948906990465
4598.710398414043 4717.831819601912
-6302.958898525457 3750.7873526332132
7386.9091824599855 -9977.329709374753
-5185.041003873894 7971.408698893367
964.9917131690927 -1800.9784890119972
1995.420013847388 -2774.389046761994
-245.38294791476073 3189.184515754885
-6215.492609381497 -5396.891831756155
-6184.159100225088 -3686.8604813946204
-9010.024677635834 -1524.2883529597202
-7387.493725223156 4790.62558820248
-8233.005957356912 9758.962877886312
-8981.895786795285 1107.961810314997
7951.016314223769 2748.311460553379
1478.7268572452122 1037.843491129981
1564.1514064996718 -1636.5453566458
3925.5202263165065 4077.372173691996
5909.729500431467 4903.985346926047
-6670.172180845972 -8348.395838632303
-8217.000352357372 -6685.967290754457
-6280.01145224165 5636.942962911711
6064.204502405533 -8526.893741502861
-2970.4505842156777 2590.7300690359207
7323.5414328021 -4825.114484592521
-4677.584780073625 -2469.5871070831354
-8944.181538518369 2225.2305484460558
5741.255600712755 -4812.292071676092
-4224.129122590625 485.21949539169145
-1048.736201829941 -3629.794430982458
-9555.889699184043 704.5487073596742
-6097.863487990322 2394.892512681101
3554.8400870208625 635.1638407783339
-5593.05940910118 1515.1021162125417
4708.264024741857 -1815.4758691434527
-3662.6992928212494 7844.432641949108
-9399.606872683225 -1737.5746941333327
8160.127415565254 -4511.799281463953
-896.6704461396985 494.847457286558
2091.8876754017583 8425.041311143596
-2528.2964422000196 -6877.178923961717
8322.201228026639 -9861.721332107625
3699.302814116325 -7826.17038131838
559.3219914380934 6078.737965565579
3663.230281154314 -5612.185182627607
-2424.144380612159 6747.694054019481
931.1949192463435 -2600.64049515212
2483.8335302664746 -479.31555508357087
970.8294825155517 1322.1778213430553
-855.9470419972513 3289.941651962725
6988.211121767137 2151.5516189492264
3415.372408387384 -8414.756355822665
-9263.966910722464 -705.0968066016594
5875.430962422506 7039.9925391073375
-1629.8331613059454 7060.207985344772
2195.041133722805 -7098.616244967932
-1203.3689213480757 3076.496340355856
7524.291439886387 -4259.456527954757
-60.73693371306763 5390.2174528559935
-7950.832287351453 7600.551622164159
6971.674769126497 4375.7674702405075
-3696.708749146742 -4472.702640314019
-4204.649274814574 5618.024253818352
6870.148007548625 -8239.85730243272
4909.032015541219 5569.252488742675
-4213.033934609883 8816.403694108034
9302.806101220729 3052.2813625008966
-9737.819353607862 285.6915742347901
-8876.38781101496 6576.383684585995
3244.20712092726 -9642.818979381613
3597.1393236730855 9951.81976819065
-69.9812455914107 2934.9098373091692
-2945.607393709309 -3166.462368935814
477.81871597595455 -5346.751628634385
-1100.5316719366929 -1405.9428958593799
4988.863150466581 -4813.307617163314
-7031.630494263077 9320.087805512216
-6750.7181352754305 2955.1896811253173
7966.9768179806815 -3253.026083542308
-1226.473506361719 -5341.781504826821
-460.44445201943563 -1410.419735737085
4366.84633367939 3027.8764704754594
-3992.5153502780986 -2.227777555885041
-5275.012788898274 -1226.7214810589394
-6068.84844181209 9759.164196191054
