6402
9006.275322549092 -2862.7254153597523
-3623.235261728113 -6640.705508783549
3336.5360936572033 -185.3421361632336
3037.7003071933577 -9355.867132823088
-483.47171011063074 -1537.0364520950661
4465.108963305303 6409.4368899790825
3192.672016846138 -9963.150146811342
7612.911240312635 -7138.199882026471
7710.954678058384 9552.397654154924
-2221.996552749856 -5675.026381255732
7663.217298374566 -316.45121609329
-8146.150399727556 -3188.3696370969747
6391.051286786464 -2597.7532698432724
-6942.136948385758 5243.387202805565
6097.826456530278 -8721.38229050771
-5339.959080727183 9015.500048236703
-3495.487172010945 -2001.0746947612379
-912.0221109945815 5606.540562299784
-6604.8747326420635 -5274.548049041683
-4243.964644008695 4062.2873097335632
1932.7711280808544 5113.851888422358
-3935.901941393543 5436.956125625507
-8712.559991462807 -8880.061741910797
-2765.9851786846666 -4346.194906987464
6901.826021141973 -9830.73271375661
-2000.53465043891 7751.059551649432
-5368.362255427597 -2170.7125322491775
-1362.3412423396494 -4891.993357137281
7031.995625622574 9815.23567720344
5428.921858758016 5000.00821898731
6221.688097886366 3977.3578559315247
5352.895277358279 -7289.901243784311
-9957.799937290154 2858.4486570166628
677.7088547052372 -9571.264854035133
8638.584145029523 -9522.89953820753
-4928.838540125708 2302.170551849962
7124.420465146864 3183.465954369336
2960.5949236900706 -2756.169563303565
6653.236905910453 -6249.25418441753
-7909.200635675223 -5498.018056763203
1003.9430132905 307.0075179285832
5576.946580905518 3480.8842113641895
-1302.0226600311198 -2721.6370983392117
4222.20991792677 8941.52120672513
1701.0189693501816 4205.930823328874
2467.3718890764667 5461.919523634979
922.2840424873266 115.40934144822131
2062.3943660955483 915.9655496736468
6009.568775023019 -3940.4866837208165
-3602.4355766304825 7733.535498007346
-7651.632276258084 -3480.0980115777966
5404.503507669804 2833.6667367147475
1708.5506036426232 -8453.331970933405
6034.965459132942 2376.3923192696293
-5357.769782846289 5829.8318373594575
6548.021569760371 5857.786589050102
2521.619792929343 8338.713627703717
-5816.124851482396 -4423.346312498253
5015.828652106276 -3268.551285348378
5275.211055178015 -7869.790071607786
4840.70327474964 -5571.672923992724
4444.6381621175515 4350.022096091814
5775.971031252604 -4940.962583276824
-4740.557712307509 -7031.647223094102
2229.1176631464477 -1064.6958028311656
-1437.4787003522997 -8691.014324555917
-964.4406061491372 9266.817170876464
6671.029964764759 -6574.496035411441
-1280.1483102188358 -7970.250088394366
-8268.080874378304 -9636.099812067976
102.81798082294517 -7286.419427836541
-5253.789871240601 8605.307375618708
6924.63971089818 5613.325368803509
8121.503196896472 1248.5378807832622
8064.1185597617405 6900.70610578324
9084.870180524333 2121.0308827270637
1969.4501041964486 -8600.820734630503
3885.9436364775884 -4239.279327025924
-2923.9598234304376 -5195.839442383552
3442.6684755887236 2090.2239857132336
7272.01751489317 -1968.8188207255089
9929.832180508532 3608.671319971152
-3117.7213788025956 -1558.875322662343
-9216.837167611302 -4944.590839918963
-6822.960657902988 -6116.908187904131
-8310.580193381133 -9246.306077077761
-3928.9647254246665 -188.14056020183853
-6644.427875192009 3221.4210018560752
-5535.337108421465 7178.285734066183
8197.810438518158 8139.827707934524
6588.510309958467 9357.444629992417
2563.798186058604 -4599.979557823266
-2252.1106024918417 70.65690437789272
-2300.7810823726604 -6298.920071387132
-6975.876789743791 -8925.992157641298
8392.334431362691 7052.40810150023
-5225.481789994573 -1672.6668586252908
2077.9322034371526 -4463.122503840143
-4816.9130843261755 -1575.9227411450502
3154.6814229150805 9820.266292189124
2649.258394151191 3253.8183411853533
7367.5901890238565 9146.351683871755
-2538.03741345251 185.67346533968703
9329.899509877883 -4064.0508800401194
-3008.3694097283023 -2497.8061651632343
2606.413321494567 6612.091785042001
3542.8148882025544 379.7750118035401
6252.918915898252 7902.447957784723
9045.283251902281 1403.0025997857538
4304.004291640102 623.980133955356
-78.40208803993482 1416.774913132249
-4575.761550017998 8833.75815022772
2754.353710831896 1461.4347518958493
-1214.6554249316832 -8766.256078050452
-3213.606721751021 4602.558176586594
9204.628891877408 -6153.729503483995
-7177.509115932829 -2341.5475120752662
-322.3834836370461 8230.845307935815
-238.87229527147792 7144.822172040189
-7339.525835047131 7891.8144134083705
9770.171711244991 1197.4644108871598
2805.4695033667595 7030.3310992521
-8969.606775494205 -199.73290006004754
-6674.626648731521 422.973792964769
3005.9348428548165 -662.8145287922925
5760.359582029418 963.2734860182263
3360.996592295076 -5696.720285865331
-1356.3757061385477 -7718.693818430828
-2072.849594233766 8951.303333876014
4409.587764441543 -2139.577044144731
-4464.136701221897 -5283.262296451947
5861.219738560807 -4800.913853702214
8065.960840317148 5455.574738531821
3610.6581848567075 -6180.302727453774
2715.916621535647 -8154.443749285938
-5870.023686683497 9305.197643532218
8296.010592376751 -1257.0191416689468
4396.584485566507 2048.1361391620394
245.56354030902003 4853.604916208871
-6409.575235839033 9025.804749571384
115.59205504652891 -7232.43999088604
-5102.230389255784 -331.05799803694754
4417.408988043069 -775.3808017820847
-8800.916019037599 -7229.579647264583
5022.831056843046 -9582.445983704538
-2733.91871935406 384.23318833284065
-1288.1794202854053 -4792.271491226934
-1934.2555991327945 -3205.9985783427082
6998.5424202696195 -9681.521902663178
7866.750857482199 5884.136838600287
-973.0241297778848 5888.2334095602655
8066.388836020509 -1374.3073155704205
-9887.628413948332 7206.754292509144
-6996.282571685957 -6107.1561983066895
-3584.9909320654842 9024.245057147575
2497.36811782352 454.85016452268064
2267.8553601402164 -7485.477972901876
7444.048243553676 5742.251017329141
839.8908943022925 1789.8255119867663
536.4672039088709 7864.960000642637
1102.0232921880142 -3193.7426559014166
8007.05122694762 1363.8172799748972
-5527.341930905971 -7434.75649983373
276.47750096497293 4306.085337549439
3055.1645469640425 707.8237782798369
-516.2858771105184 -5410.74402986766
8039.621790325073 8914.97429849047
96.90374802153565 6696.463718549563
1626.3855027012269 5968.578513055034
-4847.911171839048 6650.692287308364
-1260.8171356880175 5894.069507734128
-4860.56671673218 -7456.1216210477905
5830.5836829011605 3297.162602488268
-845.7524236673344 770.9087192366424
-6757.129215020845 3823.522553426319
8652.78635326109 -6022.567721297715
-5127.535999351287 -1388.405719487293
3000.437717562265 5734.2986821198065
4296.240527327203 9675.249867559738
2972.5816950960343 -919.6551537875621
-9946.781995422873 4344.298163007068
-6533.941069199418 1329.1659245375304
-5564.754602729121 1207.3194020326537
-98.16976106016591 5914.4007186421295
9925.497320942912 7442.686831606239
-5852.915008216619 3551.978751942126
5333.713295256757 -2009.9546158619023
5257.692800631348 -373.3267181333813
-287.69876410690813 -9294.072544118211
7939.562427481436 -7535.781696485135
-3702.4467704696563 8463.581411942385
-2649.876894589045 8029.14976218644
-8994.593814882985 9098.513966081697
-7291.1991211826235 -9407.563356172903
421.31332698676124 7167.627372600466
4158.01636626035 -3958.120072037772
-7241.0397757908895 7681.268939403119
7413.890929589201 4762.153321254937
-8077.2811833976175 1283.8848146476485
-1031.5016820245855 4390.276494329946
-406.1299020767419 -7199.593708187967
-9046.834137463447 9256.213457160626
3170.8134685557525 -9368.120613440993
9244.968820975424 2947.189736216198
8428.601746470933 -6824.729257255116
996.2369910136513 -6811.761747036542
-5076.671357301563 -9741.222328952965
-1510.4672992024553 -5889.615448179661
-547.9744076659299 -7474.612620119757
5068.225732727431 -18.216918502019325
8288.905962681521 9763.824030934633
5865.441325011418 6606.039948585611
2453.924614524223 377.4419106756104
1151.8186467377673 -8154.1637150434635
-8070.199697404183 8498.019282644356
-6654.832996321671 5108.902323069899
-5471.206575484902 -7307.182671734893
-9927.230654763627 -2862.721236802977
3020.6829929553733 -9220.326183313267
-4850.263155666395 6069.710867610605
168.55752665093678 -1043.6875042035463
6934.471266127039 3500.936431631684
5479.176850265616 -9733.553598635835
9244.95395906963 -4859.474269863866
9759.827417201115 -2633.3335603480255
3867.230731353542 4677.83922497851
-6016.25751002918 -2375.489621218443
-4339.874348847637 6588.58038926241
-2498.676887637208 4769.515494759755
1357.860849730674 -6127.679038734843
-2705.4561982680816 -9364.540467538565
-8605.070690030678 -9910.71545030989
4757.0892728115705 -7026.59246052544
-9574.780420251243 1568.5837261450688
-607.0812476480314 -9118.4161382394
-3319.9654013393065 -4710.996360598981
-138.87644890819865 8089.495247828192
-7092.672736743389 687.3466377893037
1955.0751996615527 -3849.8603876733405
-7642.888379849759 9528.236296286032
-9610.949898636185 -5464.461293894984
-7874.327508633008 6973.210550029151
-3324.3577959817694 2697.2400725011594
-6856.147860410504 9115.818756923774
8912.455066346858 -9655.160529446097
-8807.651084941537 7503.358405001487
956.7014381154622 -3488.0137304987466
6549.620584921737 9544.781260432734
-1748.4844660598246 5420.728217553697
1225.6326068757626 -4791.780038248717
-4522.082292138972 -2278.5271330282785
-7792.632881014366 5040.47569436103
7241.544291790648 -622.7613571321199
6739.6349866104465 -7705.27566266643
7163.403466821626 7277.281990240004
1387.4262103875699 -7168.39280487102
-6970.9251312563 606.5845458991607
473.6523912579505 -9537.235830514
6060.931717633617 -9935.898974075937
1458.8242048774573 2534.791165162731
-9086.8876793103 -6785.931565757135
4926.838212424567 805.498562704639
9649.131735841831 -6428.918258414256
-4936.279334438458 -3956.743650706433
-2252.823217060016 3461.051846483333
2863.8218107242883 -8715.880628147732
-6911.715159212983 6266.569470510482
8770.61219909344 8310.32988668752
-82.23907469201004 2356.59799615042
4056.8990872577415 -5332.295144112156
8930.350625690306 4816.826710851721
-9028.083467368864 4418.316487217988
1914.8299711573472 6038.431090883369
530.4220509570623 -5171.21459514192
4803.846683008162 4289.375860907445
3791.5716681772756 -6676.592202442358
-3490.0135403262975 583.8209925682713
7573.009728691457 4285.249694076567
-7410.793872269912 -9518.415305290919
-1231.7343560836907 3667.239321308707
2557.927369540843 2891.0260986021985
-7216.7956703497475 -9120.790736891178
7600.238785913181 -1484.8766769963004
-8920.07110205482 -7954.276641144289
1436.8162303127338 -5728.082137800152
414.2046966530179 -3516.543122965574
1287.3213942070906 6836.912816542721
-7924.890318605675 -874.217367171239
8143.1970946039655 8396.412232303559
3283.2915681718896 -4373.867057685614
-4022.0598555338993 767.195577862547
4876.857810813126 -5999.389468335954
-1942.92685359817 229.33366618673062
-488.4213791332586 6924.231311421339
-4829.7859515542905 4735.34778748192
-7175.25072324283 -7825.921684187134
-4607.221840272924 7600.333270021172
-3640.291266198503 -4783.431565684477
7895.019029413335 7344.060881457615
-4479.337753698165 -2435.078671438
-5648.738652227669 2047.4904457887533
8425.124228735764 7286.841379471218
-9337.6583372946 8402.519985815452
-7756.056020034641 3921.3232149121704
8989.4184361052 -9424.778761064392
2466.5339549272303 9067.395553292798
-4492.51171648672 2069.197175089892
-2498.4143917347756 -3963.4720446967185
-7177.919291619994 -5032.882152233973
6121.200757432516 -2785.666547922061
-2347.230109731533 -4755.107304104318
-1520.9680795728145 -3843.901729401693
-5827.696946216241 294.34323403241433
2780.6789028645326 2944.5851263554687
1300.2902010371618 5356.64366189246
9157.248027853992 5967.4548244745
-1714.437086328051 9260.211405194477
-109.3769355569766 -8974.434119697384
7071.46608297979 6673.126357520072
861.6773564421292 -437.69013774936684
-7776.497933088558 4021.5700062350625
2940.2917347738166 1808.048293568394
9608.897728507614 -707.8210415654721
-5991.297153424375 7762.631947473044
-6447.165076696583 2127.61653656389
-7592.622155935602 9192.87125698727
-1143.7808607035422 -58.932323221588376
815.2450698271332 -799.2432236062214
8845.046174895251 -1783.22786853445
5923.783342735189 -7577.88942368754
3531.550911149725 -1269.8784999119744
-6262.8772987478915 8544.27551625716
-6997.4930120160025 8112.235431937897
-7072.0346892722355 4585.341733068442
310.183049649997 -8999.636550645766
-598.2062918897609 7256.32384316672
5426.628264283572 -3043.1575804717804
-5930.516683520405 5731.609372873991
-2767.8903394201116 -1594.2425844368172
2801.1088033759606 -2718.1062622827094
4043.6847734182593 -1972.1397465570863
2631.3644119956825 -6522.259184142109
4850.0448841791585 -1629.2983705222268
-8490.29985576772 -6949.201186243623
3203.926450040519 -6127.662440729031
-9764.082277839134 9003.618308530251
-6366.462106094839 6063.391251253082
-5305.373457891506 2187.9144934015785
6469.607826515039 -3596.367498925528
4099.622614315314 1325.0397121393435
1144.8209481236663 -1974.3267629688144
-3318.0933418821533 321.31471396983943
-9692.443188149791 7599.75256008056
8102.710634319705 -2265.2049871360623
-2497.991833614461 -8399.977027345652
9845.562195513863 378.9415301180816
-298.089043401651 7444.123626437715
4939.073390771233 -6697.423125023128
2645.2738033098303 -705.7369995785775
-3415.208016803109 1764.4166308640124
1702.6455436497326 749.4144296553786
1612.114338422758 -2675.643056333339
-6078.366496818328 2224.6510938522315
-4845.088968169851 9802.634562053729
7925.513449003036 -494.95461191603135
5542.176493454655 -388.1531362891037
7503.955967181006 -8222.036182162392
9117.669347120795 845.7542735371189
2019.0316922617421 2389.0017935781034
3551.1626905471367 4512.677359815947
2159.8247910602586 -6366.802684289727
5176.5844328136245 -6569.785672508695
-6885.86970039763 -1915.419141264987
989.9832456232598 5551.908533363905
-1114.118965569156 -6716.485410141944
9162.906887312918 -9124.598946859818
1272.0919914647438 4042.6920958160827
3274.447187175554 -1414.4897651891079
-5076.729101163475 7199.059676310149
-5062.154275088941 5714.5909609967275
5946.410685673962 -2669.656017989446
7095.227598709698 -3643.5768667197262
-4330.18359021343 8771.266340790124
5976.677444899406 1348.7935726323412
-6525.810867394368 -794.0685372337903
-6432.4763572824595 -7656.161104439949
-6995.453854086276 3179.288104165751
-5599.631391216093 -8685.879699563418
4612.701437929836 61.961867205960516
586.0431031903499 6796.3147154079925
3540.2004831628346 -9680.83037480284
7220.328051265478 1553.3021061045001
8136.7492832073 -3624.169639911878
-3349.0625951838892 -7160.649974450739
5319.341393629413 -63.6118143357362
-5438.0768954323685 6081.98380748917
-8487.56701948676 -3690.7170486358473
3430.3017700008695 5548.055981466177
-3530.310239384151 8102.3905211815
-367.6218030544678 -8559.580002269304
4662.961552002382 -4402.816596801984
-675.1211206427124 1875.5307972152732
4334.319802489723 9175.746143188524
-4801.316202540318 -9678.807451316063
-2157.8667476081255 -9633.789716416388
1300.5806339513183 4327.58061207961
-1407.67403268027 2388.548802924235
-3658.858630582624 9763.583156218112
-368.89776838629587 -1475.8847414259562
7254.460573497327 6274.3949449779975
6885.599490465851 -2801.318568580031
4248.16559904259 4305.217174120171
6074.064990787509 6360.158590457919
6179.754081989975 1789.8180545668038
-3532.670469935546 6548.581719748781
817.9735850909728 9481.611449117077
-3031.5139459443217 1997.352486861626
8395.621170137332 7908.828093176635
-9612.140632937544 2171.1223324622188
-1167.2172969945623 -3935.7559571233587
325.4892078626817 2337.137953867541
-6892.793269090598 -7806.144909281649
-8266.479517643384 -8916.764383117512
-2528.8565979380337 -9572.223085625765
-8983.958670187276 5137.116112372349
-4438.34738946832 3500.564408850252
-5565.929323644634 -2592.090532831555
-2075.967327585391 -8562.946528201355
-5381.4488646258815 2862.4621639728484
1065.6771362959607 8833.723141484257
4154.360384623758 -1334.8230957456672
-1119.6698808474139 -755.5049361614238
-7516.490582470361 -48.35450119919915
-1869.6440035167998 4183.784595584761
-2214.1470921059117 -9327.27829075708
-3352.6932983848237 -3611.4740808847155
9030.794746769017 137.08159839678956
8008.722348944826 -7765.193012766509
-4946.377438908813 196.73354919967278
-328.25386207361225 6583.643302033881
7295.270759487987 -4538.6591348275915
-7108.183671652983 4834.337463600534
754.4566086665145 9493.627333337372
-7772.674990318443 1592.7702914341826
3736.2994492248454 -6370.459819437658
-9971.192657946043 -6884.11749682198
1141.6854379249125 1883.2591954565578
7033.882146572305 -8427.497861139174
-1673.2053483519958 5338.536511962788
4036.8093408765944 -6835.408218396826
2972.3675826962044 2494.2617382466233
-8425.806061849544 -718.1183243174564
937.4429689461758 -1776.4404535713402
-5333.975773419715 116.77849257808703
8732.451217814862 -6677.878452418618
-2126.1169767265064 3545.3241136118922
31.714387383623034 9062.89358151775
2285.8274729017066 8583.906340456859
6555.541269957335 6740.628913982935
-9489.907051325337 2360.3176181469516
4687.289088614096 -9118.753305664472
-1642.5702191360378 2291.66068057777
-1649.1084698739014 6607.317553981244
-7385.459697042235 -8959.475977200138
-4040.472672124105 -3407.577067401613
-6841.266535499786 824.7326828066252
-5343.743871263591 -8896.472006166488
-5363.417271087338 -4215.0946814243425
8602.600982046184 5821.927353130399
-1972.9872315852144 -3632.0551277833665
9731.213649118745 -3550.2886347504873
-4368.083146351071 8063.499243484912
9163.920644222799 6550.129039342915
4385.040240559158 -1665.6651475696453
-4593.402206641906 5636.6050404128055
-8157.459483869873 -9789.528456295287
1467.4770168232571 8216.60253538053
6816.28523240795 8770.831675025209
-2794.3436300550675 -8687.100014812215
-7666.405327289318 7615.068976229457
-4498.278609839066 7926.281322144605
2454.8121633419523 -3567.8593825532153
1252.5631294275045 6970.03021472125
6452.720105315875 7901.096601312471
727.6157304053941 -3601.9656148536415
3955.496723807848 2413.468895680442
5483.908836900235 5564.702293177495
-7122.454942075018 -7514.455522378696
9822.47105441077 -4703.690218798087
8310.194359584246 -4767.286412444847
-6321.205829633083 9719.798391059423
5016.934306638135 -9093.005986069857
3875.202678168269 2586.4507404916476
8775.476976549518 -1747.2636046853713
-4176.846334965891 2644.2715869127787
-7468.374525258328 -6685.581191528996
-4951.373470203704 7554.3247837292365
2177.567290897783 -2665.647367194284
3323.9319514689378 -6087.341864819131
3739.8677498565467 1507.0169352897447
7724.421984580411 2130.880480670974
8860.09972820884 1610.6577248146623
-7411.263111683286 -755.1619470060887
-1326.2958372193916 3915.6866775078215
4146.384369895362 162.26294197924472
7540.3222461455625 -4726.6842273194225
-4513.4000727791035 -1573.3391499550871
7551.507667726088 4916.786094102994
5577.59572676525 1266.1108663094437
-7660.624118199986 3261.4371990070085
205.46130709508543 512.0696914872042
-5567.594819982644 3868.7843967963545
4987.1329525805395 914.6583370186836
4252.267143519808 -1256.3319115500326
-8977.99003164531 -9552.66082112221
-9181.792589457467 4262.446268716911
-7718.054064958495 -6614.7291041118115
-5676.83337903109 5284.118982461405
499.5042779198884 -3741.9365336313067
8968.479994128476 -1624.840067348212
-1900.4753471648182 -780.9634449396872
791.6532545912232 -8417.244702068323
-7370.807124226963 939.5085560660027
9694.367939679862 -2179.9545188067477
7176.981743639368 -6171.961258615353
7475.527654453046 1680.8751904589662
430.9648631259952 8190.960274352306
4396.806962100978 5380.462174206103
-2687.821395330945 -1108.0638442890868
-4344.170444147939 8522.302843642105
6528.8556465263355 -3865.3070510368034
-3885.25182203274 8520.539742032448
4932.513330720156 3184.4746041721664
6729.670731728391 3760.916299602246
217.02916429595643 -1839.8188010948697
9349.010800490461 -37.638510434164345
3287.0049624252624 4470.554144868269
-2103.479613583736 1705.1403453272142
9531.863554689164 -4965.821484099147
3427.4010876618904 -4279.577101492849
4277.288326362732 9114.479438213748
-1856.4416259145755 290.0266992878114
-8154.23319638338 7417.294735204498
9176.711136036272 5983.990095667235
-56.84471916160328 -8959.98380267477
-3204.270458879497 6967.5479896064135
-8501.654890014559 2927.688772903459
-6332.768547296082 -762.0170722900712
4618.25560589986 -3317.1220985777873
1896.11766503131 2405.727023169089
-2019.4517286723194 -3107.4944016945747
2795.394325180865 5013.009841421046
3771.597076692993 7576.272374138902
-9317.732032194459 -112.76754367850299
3187.4236194525984 -9072.313813508606
-3529.8194193398394 5655.178564839025
550.4521472677607 -2789.874315801604
-575.9184063199227 3298.058939272756
1255.0904408311308 -1513.2326503074983
-3831.090116402218 -7493.695427073723
-3959.685490766785 3804.6175897068515
4888.907005928804 -8403.076410094403
-502.4244988436785 -8480.698764347218
9628.038073368036 6885.147740616292
4257.515485566275 5638.643748344761
-5300.5454761362425 2655.997316151823
-6040.876454060933 7379.522269483339
2434.5934628793093 -8739.701578142498
7890.1344342657285 -9426.162724414751
8850.156719473398 -5636.399690566016
8097.610432572699 125.88015129920313
-8716.127827382112 1005.3363539431666
5802.8231059341215 -3585.2263350983967
-352.3965719078442 5879.485741761931
-1885.313078171116 5352.067133179093
-1330.9855627672277 -7873.1037082646835
8321.174106665447 3745.977197967608
2340.670069211572 6933.336667648418
-6551.723239095141 -7309.833914645112
-6231.9053748838305 5356.251701131447
1311.2532613096373 7886.364332707013
-6294.0264547432 8057.098524304685
5943.0476982529235 5126.541167671699
9294.345268964891 -8004.946454374189
5069.920217038973 1601.739962021522
854.2703911252647 9641.77774470982
6214.494112485005 9271.098361283312
9075.140248185122 -8094.156607070482
-958.4266754469372 5215.977709716866
7523.4295051603185 -7290.674550252245
-9277.757405985756 5720.539911798203
6125.361742462514 -962.0333003696887
8376.925106442512 5761.504775816364
-9876.395881865343 -709.7634150058711
8068.211562134187 -6343.76110424046
-4019.22017734959 -5120.49077385343
-6650.546858267019 -8190.278545299783
800.2208767899847 -4702.5157865951205
-1964.7492896760778 8817.355130453729
-4942.937109201195 -4774.10936440492
7645.134315257506 -4378.026694937467
-219.57931771428048 -6212.580819522826
1881.8846569571942 -1010.1749535697109
-1199.9472471399586 655.7237747006966
-3458.898550574041 -738.2913716782368
4268.571991323806 1498.2556081926687
7408.783166936744 6151.839739181816
-607.080295326743 6104.583078099058
-9011.163921507676 6308.439979534553
6156.4755740832115 -3443.2283107443973
-2687.4139532777754 9416.447246633914
7785.8291795893565 9927.292829334649
-1382.4700246106331 5814.13983425136
-4186.100234840562 -9756.15450712236
-5657.293580622542 7911.895504067987
9813.745322116538 7839.369630197016
-2326.7632091763835 142.68809228248574
-5774.942993996051 -9290.544597366395
1776.7355647221466 7740.3474037668675
-8832.008735969159 2128.2356231502854
4909.440007200914 -6666.990262548425
736.6537115130996 -8472.230184976766
2730.0818228989665 2155.588136296452
-9012.805701447674 1524.8372655336789
-6555.338601703993 1626.5088604110933
8683.140501527156 -7017.0545625381765
6815.455272547002 -899.6495707396207
8833.244222693236 -7873.713948723471
1602.735750201722 -7200.556824950307
6154.780673785868 8976.267307996794
-2332.161718515362 -4756.112751827388
-5182.117238422435 4760.151657468734
-1248.6229224476047 5940.848662833101
4174.167684391501 -2554.7481873759816
-149.44680594191595 660.4111677855253
-2354.4478041732673 9181.027040774032
-845.3392505474203 8316.651174039376
-453.18348412849264 -2814.6659494164132
8658.063527768329 3289.028935437129
-9661.86444006285 -9510.000909729135
-144.95398595225925 -9039.421058433023
4651.448821044087 -1035.2280006202582
-8668.87245707512 7315.794756091775
-1592.8041798696158 8167.64093444114
3600.563783202688 9632.513283311313
1435.6031302781576 3823.3859986840216
-6800.074194210469 4618.506797324442
239.3605557047067 3111.1551875549376
-7167.20181046198 2784.890703730134
1882.1907554090285 6445.7616835296285
7270.799937386801 3414.875957352615
-5539.542384782101 3066.2930248565353
5751.282157930385 3177.788157163819
2212.626442727089 6499.543379617924
-9227.785517310544 3254.6849868664613
-5955.956645853115 1844.6752425559625
-9530.067029470592 4783.316455448234
3092.1521731266657 -4170.56538274907
-2824.428209213177 -9503.431353110816
-8070.067945402153 -7282.865619421357
-1718.8422468481713 -8380.056401391743
-6897.01460299346 -5602.456345441556
-2793.48893675778 -6589.962089198676
7918.369474816984 1373.7128557623328
2043.2439842581043 157.37524634378678
-2249.082000375329 -7139.314548872793
7362.304324911856 1043.373677354537
-8394.541317959332 8840.931862117268
-9293.32655196615 -8067.383357706257
1270.9807442097444 4675.276343573014
9450.983901698572 -5001.985954110102
1125.4738148662382 -253.03714340516126
-4005.0307806482797 -1982.1572382449485
-6502.1917197828525 -4379.561026360725
9667.825633406937 8250.059875528153
2465.6837867620343 -3674.6760134271026
-7744.284258736118 1980.6960774589206
-933.6699561435325 3629.945226701053
-9275.19502818556 -9840.47329713941
-880.690791065852 3547.726870003733
-4502.634393885832 -7022.353090279949
-8791.598574335943 6823.623820966426
-4451.337439910927 1807.9631205478545
6842.242441783954 -4223.3001902769065
-7372.536584834699 5621.029646085002
-2588.9876958349105 2628.8538977548505
6063.194804540384 -9194.933775447129
-6720.853248395155 328.6082335063493
-3092.0890923452935 8260.389349760539
9201.690449642509 5882.771402156011
5571.398137218761 -295.08681066607824
7224.570591228388 -1662.2957471769896
-9357.101481232083 6318.758151424228
-6673.271298581382 -1194.1839880518437
-1746.9075358718892 7172.439727735564
7284.69491841926 8311.826280887322
1115.126812385015 -7675.510463801152
6587.859532142862 -9262.76189748961
4293.649368322804 6040.786432054485
4705.338692881489 2770.3688310388006
785.9451832632567 -720.7272483865418
1602.9983028992629 -9476.80634538045
-5840.552864613035 7400.137345518637
131.84985340691856 -6644.838831567737
7775.030827476548 -997.044402655647
-4243.310895571671 -551.945211495191
-9464.321680421364 4858.682638504393
-933.4905507741314 4804.86435624677
7635.23314060074 -7904.201730406468
605.869868916936 -2400.444364588061
-8557.86048227095 -1883.6808410943613
-4210.935544826504 3183.5210480562564
2438.2105657788215 1158.7816035147462
-5993.416355894811 1558.401379062023
-6957.379424482302 -8.274053614008153
506.02573641698655 8753.882617744111
-1813.5168859958048 3912.6011782298738
2227.2653801508604 -3697.0334142441616
-4336.474871612421 -3956.570178967493
9494.347139391892 8886.132928431678
6567.524449512148 7855.964816392763
4314.223521408121 9219.704248009428
1537.3422349187458 -9074.507675310771
3005.1169592863243 -8607.35906860491
2065.5219780241023 -6896.177292330816
-4025.0558855665395 -890.1046142376763
-2213.3988460638675 618.438936941835
692.8832741509941 3679.361545452093
446.4259995142529 -4953.845904410709
-4755.155378009022 -1916.64011501411
3163.922019624013 -5323.939795096042
9336.236796381552 8104.512090410059
9631.918300393998 3467.93603185095
-2796.904829408105 9229.753798373342
2063.803257608188 -2371.2959303512807
2615.283013452474 8935.150728602555
8977.915733354213 -229.08141543481543
-9996.857681044088 7958.083771716847
-5678.243440872706 3683.6891774476844
-2288.380330943276 -8707.721623347126
-2026.7532406470364 -1062.16903855919
9483.551435801543 -104.9449710318604
-5683.576747291432 3863.461289881383
-1503.5478984114889 -2524.908117403659
374.11396679125573 7879.645169573654
-5375.2015469836815 -6767.115079307353
-2109.7065297061017 9722.119749762973
72.46681246011394 -8944.987536302746
-5210.024971065135 -3193.479966290267
-8882.368000002862 8417.202492227018
604.653453569661 2780.938054090175
-5564.909732239563 4130.115262941295
7736.463608286667 5263.0556219148875
-4691.3652519392635 -6934.337052993804
-4155.613281217163 3823.5017656767195
2018.756733013348 8130.58238041151
-9829.023440508594 9468.473300927952
-4211.3933901577075 -4992.101495548753
6288.253978762154 1191.0930300848904
-1106.1877064449054 -6434.191931250614
3526.5532608141257 2602.3566855364425
-5110.607188870755 -8662.567707290105
7260.277391415093 2218.9441844523135
-5620.322778838893 9103.780088036783
6259.66821036773 4676.574217681482
-2645.2123243129818 -3633.8183069758425
5477.850010105993 -3046.018470804066
-1160.1048194540272 -4626.643180408001
-3072.4314714161947 3634.006569690355
-1548.8659887201302 -3627.828333459055
1712.2024126853994 8294.694713196572
6424.68860514629 -6119.92290197412
-5189.227116257831 -5685.294283180493
8783.245212153277 4031.0890996999915
-9123.153658505396 7693.742819668991
2526.6518650540074 -3573.8864306337973
4096.366611297131 6930.112300773453
-1918.7272025983311 -9577.702940112744
-1940.3769902211825 563.9378187272996
-9284.795910292594 5425.005789538191
-7362.292393335007 1685.9541060689007
5224.148735662118 -2500.0604495466723
-5986.02364613231 -9471.785165277119
-1084.5749274313584 501.7905765318774
1306.177911222403 -8805.549964264641
6765.224828522994 -1080.2409159479812
-1374.9156000136954 -3345.7744269720943
9596.902527894286 -8230.838490792512
4950.596316238081 -2683.553270441701
1225.7317975655915 2112.2479776439504
5866.465895811505 2814.174636142867
3738.2130837465884 5170.275235081122
-9020.071456384696 -5925.889129748388
-8578.311456933552 9492.76895015372
8762.693736508958 3310.5259840929193
-6667.337847892039 -9721.165159085805
6584.906304854219 -6725.194338130047
-7910.117121826186 1699.258922579762
7873.831888330937 -6091.798495834493
2200.912957861876 5947.073759901788
-9385.806861784271 -5513.229795489038
-4921.451902890057 -9251.853613860983
-8182.769829269089 2413.901478151576
-123.88071232174843 4192.265253876954
-8879.28735316715 6007.233974908255
9368.36279068872 -4000.891095767456
3342.297027341947 -2056.8330250081153
-1672.8034380967856 -2287.6203967784004
-5406.230859864092 8463.584689930336
-1810.5997951487325 819.2917260826853
9473.873172880925 3015.811125770022
6285.853390083563 1421.5210464467582
-2107.4152050007424 -2311.7783864252915
499.6442737078214 -7162.386965253429
-760.1628758267489 -2379.6521973843783
943.0049511923407 3395.762578819378
-1103.123962593094 8507.7118394143
9090.708904589716 -4320.213804911841
-2501.4391169999526 9388.035270727723
1780.1976607548277 5620.005138568764
6890.099072497676 6086.87967193447
2586.3769015417765 5074.674540635604
8381.848120067065 9017.167358395374
-3698.3295107451113 -73.51013012575277
-1309.017653595958 -3531.544867620344
-6400.416071112023 7222.615174382219
6868.971190646331 -4911.77013676299
-7567.3281858034725 9515.583583667947
-8451.021897080574 -7051.101847508785
313.47984554320465 2316.323001121091
2007.4409703174897 -2589.4430252901348
-2650.33433613751 -8550.533745534223
8819.254245675227 -68.96404435037402
-6247.81747009727 1105.0166817780319
296.1274804875866 -6958.898890225764
7508.043105900877 509.34171734181655
-567.148632706665 894.1279536284455
-1993.1430269829216 7392.373405996172
2746.3597786866376 -5884.050995387136
-367.02661616029764 -193.19825563621816
-2822.368628398166 2121.9883569041813
5682.739379243869 4358.954918494941
-5863.369615113327 -8364.791364838811
-2560.989594351253 8539.963025476944
-9194.356704562284 8829.790810507504
-4167.26348111311 7599.713632607698
7976.526609365545 4341.887143361704
-6155.9145378417 2285.0049979799987
982.5275407178906 -4669.8211541393775
6643.219326955972 -7232.7812666766495
-4304.484903555525 6835.391047420686
-6556.4873426981385 6213.734457079665
5094.587848592593 -4120.690112146681
137.63935343011508 -9288.784873450215
-6427.7910468336595 -3939.732130100717
5009.623175842813 6627.799378237778
-4070.8449424168784 7843.4531803354075
1163.5955528194008 8005.146643262477
5919.732005326403 310.8191208127264
-1217.3342516002522 -8799.82286126037
5243.864079902576 3826.7707103826415
-2071.032647578928 -4249.73127678002
8042.816553468205 -107.7948893259072
8318.586310186678 -6685.4337252801615
8240.475141407253 -5599.094780195961
-3647.2473370637945 -5452.026804775458
-2517.7471034533964 -6421.3286183551445
1659.3207860157163 893.2996595055774
9958.859378272911 8077.000658957473
5496.220065319865 8530.947547388867
7062.317310115952 -9990.482321236557
-8408.7775083597 -4895.58803519633
-393.22627363253923 160.77514802793485
-3659.98392729469 6343.803970374369
-1743.1968457553176 8163.436418193407
-242.75219781462692 9338.47884355656
3841.0572663548264 7131.280592520325
1172.8365522635322 -8036.210608809031
-1610.7180529740945 -3948.1544022240178
-5611.473206850981 3845.8602489588775
-4984.139003508685 8183.966484923938
5857.303950896749 -6747.785984302003
-9816.782858265657 1771.8396795615117
6420.946528035405 -3575.0348205520613
-4586.449204258513 578.6750357546316
-7761.340739384437 1127.2124286168655
7177.554910301784 -3940.6128851051417
-6237.63628567438 -5447.830480898119
3473.8965922560856 433.194553663383
-7038.0936558151625 -2751.5277640023105
-6476.5789213393 -9516.605683561016
8476.081703415224 -655.9896272651877
-6962.82039777639 5602.9921083412355
5963.026348573105 -6895.452273782436
-8322.4546126156 421.26519474659653
6646.211387445674 -3257.7235048178154
1616.840041869662 2287.755227129859
899.8889489429439 8393.38831904628
6508.038497883001 6956.579193007976
5690.539792787626 -3687.3735902956414
8717.291664185992 2005.364404125834
-5211.512163528142 1586.7024081010459
-671.8512709635143 -3160.4852975893746
-1113.4631990491143 3047.360520524122
-9787.47373177859 573.9215533279112
-889.8792147582244 -9431.21229266952
-9626.37799262683 4650.640344704076
1876.1173891797098 -7437.038917955654
-198.86651056473238 -4257.539792071101
5655.14454270741 6240.444981559145
-6760.710815545756 6308.699365277755
-9085.207347271118 5083.039889818179
-6446.634871578301 5110.963640382657
3368.926220086001 6978.609698999986
9790.50912195587 -1936.9830750858346
-2369.172849909136 -1402.6943813329653
-1434.1400612261987 -9019.687019942416
3465.61531770265 6842.316548614985
-934.9114311343474 111.14763590996336
-9939.963719795745 6587.186053658796
-8260.333374942154 3772.7937382813016
-4924.634040750795 -4584.368490757034
-1318.694705865959 8982.394173808374
-5278.164876562195 -9291.277347228868
-302.8257338558742 663.7817745065331
-1309.3717454155321 -7821.83284156702
2267.66101262709 7827.819525842002
-497.8193489811274 3823.3674715459456
-4146.4080618219205 1065.2378584610542
9677.139110091732 3293.8163549370074
1429.9880345237489 8757.378491923027
2109.0179896424834 3767.3036138501266
-4341.411012387559 5601.633203116129
9115.235131511752 -6291.682848420234
5771.531556644128 6364.794426546912
-6134.135549708763 3249.9175999208946
-3976.2719571706584 -9781.06919800039
4237.110636698153 -7553.712798296745
-518.3596824629658 6580.801920063484
-6390.849796359097 6272.045858892232
9951.314880760066 -7932.750136928681
5725.652810944923 -6001.658142991693
-1991.3194687325595 -4.612780865687455
-8545.051433976156 6454.62478006192
-7619.712448723346 8797.83593751266
-5859.533557491432 3688.925726328882
-6667.193433209753 -6210.353958251049
7200.71135105806 7668.35982457317
-1735.2271009234682 -2085.0373054563634
-7263.270341293908 -84.51544085158093
1354.2108874432142 1417.8853712126202
-6872.359686236941 -7644.9474804980855
-1099.0657730610928 7823.391367886223
8942.489374921155 -8850.403952476929
9912.473753435199 -5819.405304069272
-4030.6786818588107 7931.196812710215
7517.733024667719 -2787.989900302954
-8239.964656297932 -9409.307778325987
-9047.355410405895 3828.913428414382
-2187.76190105745 6664.480481213039
-9852.765978970578 4414.281442762453
-2643.034460402425 -3637.007222028321
5353.677160378387 -9658.78792728309
693.8010402771961 -586.1937993373667
2790.075141895981 -6613.879604209469
112.57804162377579 -9853.72409490193
-6065.160125407849 -5987.575844473255
4663.505308595355 8623.471097941692
891.7285026574791 7941.8301895119075
-8614.790251399701 -7868.885559228156
-6844.2663563911665 -4003.257533186833
-5927.1445981728775 -9037.886715006605
-7854.821958571792 -9111.280758494853
-6733.856172784336 -4810.802780700198
-974.4645137003208 -3555.6885901561627
-8140.333869134418 4997.064642914362
8635.636791866855 9701.023368214752
-414.2796158369183 6149.363591351075
7737.096281158509 4372.5380961789615
6592.383204660917 4294.72535798438
-657.0680646680321 -4626.236920423144
1437.263172498253 7069.97917185631
6541.519650504048 -1587.3515279686417
2040.0288157494615 1337.5927731363845
9017.179588112118 6097.1530411748845
-515.5421333582563 -5601.730676465957
-6621.162288735687 2572.110962585668
4033.413460334388 -7351.439496424584
-5556.624473699061 -7607.80274536941
-9682.198578299969 -1092.756352647095
8780.424535304275 6153.555261770471
4383.230863635994 513.124105340301
-5889.470384490661 5348.088978303642
-874.252826319922 -5699.165009022274
8558.754560139365 1970.8094991346443
6620.66249247875 -8309.895671866401
-7699.039835792924 -5397.959852679905
-4053.825117973608 7377.870898312081
-9199.85544217815 2002.6841563797443
3326.1143372859588 -1498.4699473335459
3615.387143756825 7702.173471106082
-2236.1936522581764 7645.513975195536
-4323.900931170253 -5374.880144276332
-188.28084902831142 -7307.712079469677
8949.435576549855 7494.088705413538
3719.192679277243 -727.2140348755784
1588.880772409846 -7437.664113690709
3923.218929285422 7450.178521668062
-1062.8192662626516 9171.742088467217
-4305.099753049321 3274.806794647855
6166.938068168298 5697.592269496536
6726.856796785512 7976.994045071799
5877.363580301897 3633.252971417154
1544.5197589532963 2818.370981900078
5625.809701232682 -2115.800303945781
3846.906941076899 -3998.7509378586037
-9842.109325395386 -1217.7306688430872
3230.118496157047 9539.485366351895
-8989.868297766805 -8102.604648503499
-7780.536734172803 -1376.8148402162387
-7805.743652116066 -4584.48590669281
-2866.229281394164 -6236.500655072683
4832.376160181631 -8332.283868640316
2028.1095937437567 -3117.3226326034146
5897.5006257834975 -662.8615600045978
-1191.2207226407481 6518.441886813449
6623.940393973306 -4063.5108001848375
8587.104756012897 -5559.338246287788
-5312.662113835447 -3659.4928405252176
9436.224189628749 6232.1999393768165
914.2146994860759 2474.0667740542467
-6062.301306138705 -8235.278474623246
-3933.9271554758734 1698.038486923253
6252.456128258596 8004.1606931528
6153.256923756357 7001.430005223887
-7076.7911145727485 -3790.561364723566
5768.93304982152 799.72930491847
4213.1632819224105 -1658.0606456888654
8093.69146338186 5955.788391314198
3508.48380342623 3382.1549380087254
-2493.5534480250208 2580.982937522929
1159.6341564475842 3253.819809947352
6147.463471828376 -2759.2044305367417
6109.373031043648 -9815.248460361934
-685.5205302953109 -7619.627954396826
3752.84313451076 2587.5356460560015
6233.073472382481 -1897.9871595367022
1697.8347648528525 4922.083375587905
-7472.4329626328135 -4132.043609485494
-3559.0152086163826 8506.011601966493
-1371.089206536246 4268.237249620219
3448.300779226014 4867.686753517235
4391.163737304983 -9315.219029770595
726.0788665890268 -9009.30603582128
4348.322496932491 -500.670101912674
1690.9282399314616 -3322.612194674979
-9671.569549862757 7434.18427881907
-3004.72736579513 -1736.9059933071512
-1447.97227755542 9681.156689465195
6937.360080512866 41.43658867639715
6877.187656782371 6665.536083890234
6182.46480684973 5015.168063387155
4513.516353663768 608.2782288698854
744.6201998999459 -34.20864507294391
1312.6638005092882 3491.030151549836
-6474.119452691573 6339.1623628519155
-3346.950471024852 3595.0074867607545
9182.76862211322 -1926.8221271487682
8971.653090658641 -3523.837808652488
1687.2123350999973 247.54487012867685
-3844.1117634769253 -1944.5407212570135
-1328.0578685456312 -1685.4491417528534
-5706.277563844859 2444.512937338701
5497.965351654468 6673.6488384958175
7690.376307902505 5193.222541599953
-1045.5964131062137 7481.578077488586
-3404.924021000508 3837.461422311977
5598.61810808749 -4156.34327675092
-9258.499972986634 -8058.7251625894705
2967.225280035311 -4089.223291706192
6590.716468826198 269.45625893887336
3236.2359361578583 3910.5454353276764
4075.5540956740824 9292.765446646521
-1618.7652442239068 8769.92476095472
4680.52223051693 919.4698358781243
3486.1526857570043 -1259.3812444859886
6851.5342353528795 -5836.706514348946
-9428.155563271932 3317.3725239375235
-2985.1396604956617 -600.7440589763664
-836.6460718212693 3743.253698510469
4894.881547253031 8925.306068288613
1787.387063019707 -7475.119437611995
-9644.626914815852 -2260.9575745493403
-7310.822246423685 -7365.513203367016
-4350.787827855851 -2244.7616721924105
-3719.407257329155 454.6049121160213
-8253.451348684304 -8868.72281492468
-1821.033687156355 -6974.942295306761
-9678.359466136499 3934.02434201956
6168.821130497387 -219.13759490839766
4013.7114547010606 -9926.940777406498
-8983.712976451843 1723.5469736568593
-3262.65971229607 -2758.3975830361205
-2211.321876760626 6847.293043736932
-6896.945455083034 1547.87410979561
-2820.6450489755116 -354.7777345943141
-8581.047103259922 5586.036470592815
3310.6462350885013 -5349.952259313282
8279.334158193662 -4112.739304559989
-414.728739056889 -782.7753592150148
-5593.522920538172 -9992.113044576172
7379.34448125181 9137.628921125546
1196.8582159464822 -9046.964021626192
3717.7165560318226 2170.717090879147
5333.262015776878 7200.445462102009
3545.0530432037904 -781.9967853334965
-5140.6100958644265 -9719.297542113558
9803.709671927627 -9389.379165779328
4273.727570973395 8686.466591830875
252.11928832166814 -4136.381944783594
-1515.4067934237119 -3175.3418245378252
3805.066721523355 -746.4347248337599
5878.439640111077 -9207.981458816463
1149.874308080014 704.9400746873034
9288.642869480242 8945.841657532404
4490.184522843274 1724.6743149240647
312.1628293502563 -5441.9225064094335
9491.685637207785 9503.14725801134
7206.625521337963 -9717.565195385516
8851.76665952304 8803.81744366372
-489.48276441711096 -269.5093117163833
-8612.231685561846 892.5937883998649
-6435.640955216959 -9855.757623618674
3136.125100613399 1511.9469640881725
-7729.136521973967 1968.9331119795497
-2322.6199037341203 5783.677017106451
9717.250219026202 -3928.6162159645464
-8250.322136042803 6928.149625887527
-3306.958597962893 7415.487601467285
9186.029093818644 -2183.270788074956
-3328.1797373033896 5197.910922148594
1308.2692423597164 9628.03506453554
3485.587949916091 3763.461828488058
-4866.68676324219 -9742.441100677053
1705.5193387600884 6060.988496398564
2094.9385902315935 -3365.9129113257477
8653.056787733298 -8032.918657197232
-542.9791226037323 9725.2705639159
3000.460396409677 7496.2513244225665
-5808.242217574999 -1231.3951710922665
-919.931985831483 7732.671995825585
-5180.882547621472 2142.97872849988
8306.690282354302 -3740.029851164557
-9448.629951535095 -3700.1466152490384
-472.2887145417717 6931.964513218129
9059.238425402375 -8697.944539851851
8650.629539482285 -9981.349874613166
-5726.151941278124 1772.0553038916132
-5442.073638900078 -5921.858755654104
-6138.679866150252 -4569.478187841553
-6895.697449384215 -2653.3170545186913
-7645.498269445892 -2090.1564264079316
3901.488427723745 -1994.746464345385
-9601.010194112525 -7843.783266070719
-4369.01845228256 1372.6843556275944
-6831.744133860709 -6512.197757017053
-5214.778837300744 3891.631096972593
-8274.661228686686 7255.367518606887
-9977.1238719567 8715.134307750737
-43.77325108052355 5055.722359621315
-265.93674424025085 -4232.085659005817
6672.7074342769265 7577.184144710882
-6053.515503965646 -9652.046559915772
-2419.879358399755 -2589.8088565738744
-6636.385520544225 8650.325253497598
-4971.895905999746 3535.1053068705187
8111.238221452371 6036.630887401754
-5189.920412663029 703.1493829330957
6678.783897476504 -5560.185519925298
8749.882754359856 -8444.681955155267
1577.0619479586949 8985.538759433366
9411.597606061103 7078.032145760939
2394.167344731797 -9272.305028480427
-1008.692776137892 -8126.820787007318
-783.5268628807298 -7662.951564762697
8297.138797055428 -5275.874148919836
-208.22159263858885 6648.400916734805
-6303.375588300355 2068.161444426054
-7653.147628257167 4163.084161383898
8.07164804601598 -7760.238882686832
2631.75750336674 4919.986924662282
-4464.728411777483 -8272.048595024968
-1451.5027664050613 2589.7274625950704
1792.555979303068 1194.9695154735746
8631.685229182534 4212.999180551613
-5060.155461174012 8632.32045800177
1684.09936910314 7695.507405660963
8544.999058192589 -215.7726333361261
4030.1238278259207 -9011.661544543818
-1986.5505575625093 -8152.601931609358
8135.258503154033 -8176.005453385962
-4127.290286921217 -4540.086626965168
-8249.988993210842 -5055.256732997086
-5927.933553314064 -7879.029996099891
271.6627327962615 -5048.670123308161
-5444.625716411824 -562.8969282859125
6677.535176719975 7216.517093639268
-7412.45506028471 4969.4255527293735
-6831.437578993156 -3250.692955896421
-1337.0181049691728 960.3279440886654
-3427.889174373815 5462.1251091828635
4296.861321946195 6846.983415076877
5588.156740533761 1984.637528004043
-5402.181129323895 4222.919934774678
-7876.915261223814 -5015.715809134315
6243.260320828887 9787.812887951564
1240.5233172159788 895.0231511660586
3326.1634949686777 -4170.428850190077
-5331.204793700846 22.172710779575937
-4485.093669445586 -5088.313293463436
1339.7131520376697 -8817.339309628196
-6934.700399722309 -4307.269766539365
-4906.391478842836 4356.3843109497375
1446.6689490112494 -9816.22215997057
-5529.363050018874 -6734.20075427608
4691.480935322912 9253.461467887868
2418.5613169924163 5367.2508308384895
-8949.330955057296 2819.2388404327576
-5217.632133844308 -4571.015186348508
-2865.5335730015995 3917.39360849438
5601.229621254672 -9312.840667435934
7441.210570673524 1723.1723169290653
4523.483370000176 -9487.39219257135
5024.250396122174 -2403.6228023714993
-2939.5499561317392 -8412.511160328511
6019.718939931407 -9643.363054233427
1935.074963326353 -9217.61724542556
5855.620206796213 -7753.512944779339
-8558.473953215644 -7759.2113945035
-1814.6838964849321 -4580.7037528146875
517.0491980590577 -7380.614697316734
-1063.8442758496058 -9707.020698702521
-1862.4730177040137 -1001.1694694946564
-2663.341642259061 1739.3463436714883
-9316.656783989109 7671.271441717814
3383.3044012593236 -3167.157261807034
-8917.673296458564 -1172.84886284797
6930.651968247377 8761.342597056584
-178.3186142091672 2105.3012430931412
7436.152181458478 -4494.440539168625
4330.988093969017 1036.7140825081697
-4636.313795854851 9022.553441133667
-8226.50001552489 -9396.203357056214
6347.518225395728 -9077.293076690996
6943.129143317925 1453.3174088921332
7440.994245733065 -5991.53675554164
-8250.340504406153 -3257.345473178688
-8878.005903920463 -4452.983520838831
-4315.1077349157995 -6834.629298700273
7199.779921639838 -2221.95060923688
7697.577282514732 -3606.45938009937
-4634.440565426589 3911.5279251105912
9065.143095295 -7009.337373427181
-8148.275834121919 -6250.537882825287
4135.396781510115 5790.393039534711
-7487.610753831757 2069.4504463234443
-8778.481767614061 -2197.24718520671
1610.5057234044634 5036.730360512693
9468.826122600396 900.8537126670199
694.4897470653395 5165.366065702252
-828.0400700778828 9857.604236501938
-4830.048366200337 -6271.88723587281
2806.266047750458 -256.7400577915796
-2480.224045749197 1018.391508671506
-8052.655464029417 -4738.9139870838235
5598.453064743446 -503.26874834311275
-8712.146372987387 4289.814473899454
-7975.774564603335 2607.931456741364
5120.846714178304 4717.969816291963
-3584.7387201596102 2934.0996146430425
-6055.951354261355 3596.564112590535
6063.7272129223 -2647.356279334769
-750.3443719049956 -9296.954523732977
2614.2946931116694 -6002.820695026054
-6900.614859859132 4800.810454867453
2411.2535335289904 6073.242600954101
-4255.334396726238 194.98237659789265
6401.083864648979 -9040.413348986935
-662.988472942292 3626.574889339241
1824.978712747561 9529.762605691136
-1316.2236268365486 7113.557340744628
2408.470339573154 257.57340658401154
1039.6520870049517 -8961.251564938435
-3647.028277269277 5423.9146048622715
6084.416631640786 -6399.122174110076
-7843.30412945157 -7378.591125020906
-5477.395247293714 -2313.4557519240225
-8859.917588506753 3757.1507796934275
-849.0747468619902 -5712.774256793574
-7476.502521040009 -4117.211651614707
-4225.59367694344 2776.8861977587767
-7997.345272645837 -6564.9302988479285
3012.4073304810845 2682.1425283203243
7989.839381576112 9848.890293441444
-179.21085558030427 -981.6499981446523
1036.6840055634912 -1991.2159944201949
-2533.303141803005 3831.3848030985537
1426.904241348364 -6366.292231621406
-1272.4451342149368 -9723.709827117918
7525.046475461251 3443.8738059750413
1246.046340648867 2380.3770641605497
3189.9695537647203 837.2852941424444
-5742.014117582861 3579.768519713687
6409.428326952537 5807.557098577587
-1679.830956718566 184.7759870922946
3284.7911803741845 2963.4754890788863
6200.425587951931 2120.91939418901
1592.5737029612246 -8235.304912132275
-247.73734000255536 2608.7878319363936
-3627.8731555564227 6466.848328709293
2381.6496887027315 -9112.631828388861
-3663.515529924206 9773.260858411042
-376.3665905749931 -2348.151974493675
-5623.986297250327 -6180.622676045397
1381.6521005364211 -8431.667358454675
-1977.812889263697 -5130.104871885559
8542.550674200938 -2955.7008093078666
6461.434447595002 3987.523111371058
3965.4723014429183 8375.031695405949
9536.701824350148 -5063.822041640622
-6747.047164842135 -6547.314808032394
-8853.007539450113 -7289.654843744096
-5752.310700713312 -8583.976910379435
4552.829031674071 -8663.765357851817
-4141.363946332089 -7064.707152093743
-9681.779511769013 -2030.7374907791973
-3394.7940413809556 9268.10107836163
8967.387624791983 -8183.6922250266525
-8821.458859398985 6788.55843288128
-92.85082692821197 1040.088505638385
-646.0507069249343 7383.373459459723
-4236.477905823026 -1443.0864194660353
5748.773096371375 -8075.026848045767
-2996.2369613608034 -1482.0302637087807
1205.1124043847067 -6026.852811638825
5562.710043946499 -731.785056955885
6986.971291750688 -6076.896928000135
8164.963556929091 5705.8465790364535
1516.5632274871896 9.242252755484515
-9867.912922212481 -5780.770334707817
-3965.3385533454057 -8109.643946055865
8686.66615213696 -3242.9336351265592
355.0405473717692 4983.366390002528
1112.7257820669329 -2908.497023071177
2793.20633349974 9279.11876875502
7604.6604540912485 -8037.229210435641
-615.2281651344456 5065.168700857241
-8765.518830755855 -7452.133462567125
6668.990981697796 -203.11721799353836
-1810.147241769897 7574.684024835176
-401.87453062397435 5299.600420284973
283.03558281085134 -1593.087488801917
-8456.544415406433 2550.9975418047143
-1296.4819318417958 8553.927759666909
-3096.0646769240157 2484.2082004342265
3084.7663047224723 5313.803320062223
8483.61084233227 5568.659569142559
-6821.811126697006 9636.482622158805
1589.112509712826 -9633.017346869681
1775.0597768380503 -8201.954200266922
4708.655945508841 1832.7758344823233
6989.802226254156 -4894.069591887964
-7330.8271152017805 3805.38944410765
9615.69821053043 -2391.147995439398
2328.322757213462 6974.321199457598
-3013.26847275241 -7335.90835056767
3143.309256463299 3527.2079215182584
-1373.056460935184 3218.7140460052215
-4631.421829756475 -7238.189228840776
941.3280076447973 1790.1922034420732
-2830.3751762051425 8133.797567388618
8299.943741849453 8385.816848379323
-1399.6999985424354 -4471.477901931735
-3910.4018291426864 1979.178611606745
5176.160825251163 4986.427238340373
-2344.914845947954 7665.912779944807
6686.560039169086 3678.0813495789516
1524.6408414626167 -8750.191988849238
7923.339831356079 -3383.719221275618
7911.92011202241 5764.283384048282
7164.132734799692 -6590.951740837252
4209.466057647605 -9686.859158270516
5533.447978515353 4298.770843239921
8036.287736562041 618.4179798296173
-4225.139676531185 6799.115910267461
-6625.170856519162 -7207.943084773944
-7497.212438068262 -4567.214311940626
430.2618238411724 7102.0258635235805
7662.494205843948 -8610.44149412518
-6932.3059994889945 6882.422941828168
4712.114492777713 6365.490783752208
9030.539920713618 -758.9870770284706
2950.641736800939 5410.54424389172
7615.958210134748 -1153.465386349082
9450.997849055333 -2696.686265681178
-2919.08872047971 -6167.953600091343
-9782.561597770113 -2212.0534116898207
-224.93275173525035 -6270.54059809022
-5528.283825686415 949.7336105701088
6844.416726050447 3354.3336952605678
-3617.4226392431683 -2927.727600584293
6322.128797057509 -6311.093701846208
-2911.6780578000935 -8489.495476732238
-1479.1658875619923 -8934.764773275603
-3477.6850093877965 8430.33320943336
863.1727836599403 -670.7580499595606
-663.5038574147511 5706.934395249529
-9364.890607792291 6170.345429506891
2128.0812891724563 2840.2877926459987
-1380.8376807185923 4430.287617800928
209.81978787936168 -7562.154967335768
9162.360879772434 1958.6560980417962
-8675.683403373549 7630.677697013991
2956.394761050993 -538.4888135290203
988.0856363801649 -7269.161224122594
-2344.920735206144 4793.438394733148
9561.165726467148 -7495.917454773591
-1573.089562069641 4272.249107070638
4673.275292146198 -3376.500530699822
5638.151986788953 6849.458170581671
-5702.354241146188 -9813.981290636053
84.53619320152029 -4651.424666971116
-4451.171296473733 8615.146325179681
-2462.6665026866394 487.1548142647807
2190.9223048355852 -4160.29227993133
-6157.810519561519 -1972.5533883931548
9877.829878730827 -1670.228748175783
9406.788673999527 -2845.5887614624207
2307.3097524235236 -5612.661836587445
7636.066440191764 -941.2491176297663
-6244.267288664711 -1969.2165632920687
5721.331956861939 -1293.4662533686733
3870.62866337426 9878.448469441151
-1837.659858670375 -94.12392747579179
9133.25028706502 -6371.816440710456
-6501.009783794507 -5964.930761494911
-7936.46074106052 -3953.949677729216
2951.993755369529 -3824.5675513394035
-5974.957557400086 818.7969374195127
-3980.4876304159634 -1103.9121126414102
-9602.52075393888 -7808.873794808242
-7450.587685453802 -6433.248373816452
7919.8110896682665 3000.187237112137
-6595.548180005759 1828.5526367859366
-6833.168372210938 -6463.88380870398
2560.3618452633764 -4268.217866069887
-1592.5576034952483 -7401.124271779756
2324.4454778099225 4053.4002217111283
-3497.0571482141977 -9811.973549999591
-9665.02598575398 4436.013724960099
-9961.188252558573 2453.494719334696
-7900.686200485836 6243.962663077225
1543.621858078015 -6148.217224377366
6051.371486539272 -2588.9501160030995
1433.8805889285777 -1106.504464913587
-543.3876887430415 58.34932007016141
8233.742913116945 -3565.5501635362134
-7034.453678781836 -5710.543598843083
1653.7107685091596 -6845.961075884925
9214.249960587375 7324.417108744499
3272.5742976456513 9680.94764619314
-3406.8708628482573 6012.51246599496
1852.0178754513745 -7232.309205920379
-6847.191212298542 -5232.044025622074
-9276.53577090312 -18.113000929637565
7588.663609859748 8101.4830617950065
3221.891424737376 -426.44630482791035
4343.184282868473 -2825.2906711936257
-1198.4973412474192 -2505.853122860999
8088.017624306278 3183.044925586515
7253.305330263553 5984.448454848061
9195.17302376116 6876.858477217433
1354.7860030520533 3714.823468541792
-3720.4443715534844 3159.486790966632
-682.9530440147664 6152.783388780974
4492.632174759103 -7545.403442893119
-2445.0859708958133 6649.17186794072
8969.693230569748 6414.309771709199
1590.682975454858 3675.7283219742258
-8319.16151496783 -5456.588969901996
-1687.6649240568604 -2286.8342231444003
6908.461416475355 -9556.145585306249
-3657.804456107141 2480.3169869584417
5671.665854043415 -8362.290064916764
-7067.823270801703 9511.305662635685
-7359.2915669292 5305.575958798656
5586.90537411257 -7470.889320772973
432.21312459199726 -6218.593973995335
-5473.8291708510615 -1369.709587923142
-4351.440885163902 -1726.403138511003
-1866.684630549973 6987.04301154711
-1377.4956987206806 7036.091469535513
7696.31663535695 2589.1890478749556
4550.758954685662 5092.1597688711045
33.49125600836305 -7509.934018688
-2452.117725305514 -3382.575770475116
7005.889388720265 5086.72471270721
-8875.470896828629 8217.603881468214
9453.610334170247 -843.7644789995175
8691.730617166115 1590.353896084689
-246.56682324278336 8686.309724306484
-4084.4447237789573 7439.494000965231
1980.3003051177238 1979.8482522472605
-6905.863069215632 -986.1917648073068
-8434.644673257526 -920.5553486215958
-9798.263393655545 -6728.4758329041215
-2621.6050290238527 -9750.738793909506
-157.86753744819725 425.46896174864014
-1677.254115691303 -9931.884703657188
-5923.680645347862 -1497.1803435095317
3815.7312975189943 6629.018299841337
-62.87301920335267 8557.260247131511
-7061.9410773442605 3406.8048560864154
-4583.958332369349 8300.269832482078
570.6094226437945 2546.9107137814754
-7194.833077815494 7172.175632974337
497.261507599751 2644.754401650016
-500.09091938685015 -5747.497048297647
5237.548593217867 1526.5885506342001
7715.63982677559 1913.0658191233288
283.0967493587759 5109.089097048756
4044.2351475276373 2746.146294312357
-3553.0451979487716 7106.360010723405
7374.052623428721 -4945.982085119132
-1804.931594565096 1169.439870881759
-580.4377204983084 -6935.022193683453
8114.332064514081 -3015.207067431411
5954.503951778521 2044.944002139193
-1918.2197965438872 -5075.314141455029
-1184.904169198382 5602.608299468489
-3765.3416780373063 -9966.249985552908
-1162.5161054600921 2740.0076623534205
5501.256272812598 5452.437344925598
8116.270239975045 5579.312765180242
4237.552398061342 -2180.5183436200214
6318.615792936695 5200.518385901221
2424.8628899404885 -7238.108471062259
-9738.923460615317 -7346.361923973365
-2081.141193382894 -2727.603437798136
-1446.0263319800088 4962.906869558559
-3599.5407328077754 -2409.3193092340234
3840.774362338965 -8180.59392170877
5964.271025562297 6146.143726925888
-5992.404565897129 7662.418720231053
-7309.598982586427 9186.337781607486
710.6134396705475 5978.75112106254
7080.62167482897 7906.6231178435555
8666.818125508002 7903.142103867769
2900.024769224672 213.0110867201147
-7623.810347880642 -4418.201342636541
9750.46513013355 -2308.447732928751
-1708.9376735995156 2265.0016422905264
8612.232945765038 -7075.958492327248
-78.93862457075193 -4276.3738020032815
-4374.425993129698 5981.2178559005315
959.6865114729317 -661.661879820891
3543.8088210276783 5741.040522104811
7241.249843410369 6089.119959111824
2574.97847339864 1621.0319090718422
-7815.45927757078 -5323.298612437728
2739.0860819487025 -5619.917782120436
2352.25090500411 -5863.640009485595
8403.169678911494 836.5182520615763
9852.839542975897 3558.481533484539
-7683.406675377253 6665.642542554833
-3465.8197385249996 -3090.845870730778
1254.0964041813131 -6118.641464743008
-8734.01307348849 9448.002586954834
-1715.6923034113752 -4827.095023491177
-3919.323569477515 -8130.652543858381
7716.575773336033 5959.117964679248
9539.968219862905 -8953.294838048514
-2060.869486036683 -3160.935868483274
6417.194699307962 -7860.467483188058
-5353.254206142828 -5940.722490068378
1632.9432783631928 -4174.960826654217
2366.222492635785 -6315.7548579885915
-6645.696948843515 6546.785048256668
5723.1845862658265 6348.199732578998
5265.6597409108235 -7074.300850005344
3553.812763403217 -6217.332182373534
-8758.381158641861 9858.050621242437
-1249.6802506479726 -4244.351103840453
7000.315144897999 3328.8174604118976
4639.113498808321 -3375.3177840600147
-7211.99757776504 -6402.197083986795
-5274.246830551936 4397.494140162436
8743.48918482201 -9830.251575696742
-3199.0353966384655 -7989.705975807106
313.6353170274924 -7161.389483989231
-5312.870661038822 475.21861434670427
4938.775837549092 -2899.934371079411
-8685.171775033825 6614.8146045388785
3199.6109146841573 9355.218482582626
5354.165191097261 -5707.137985369442
7714.73501891661 7582.393055556633
285.7642447529088 -2632.7499317137535
-8699.343804600732 -3467.2105068672417
-418.522884416805 5032.015393612761
2253.7939416779864 3009.705895192268
4575.010228431902 -4217.937107415814
-913.383815726871 -3580.083978924229
2637.8179469130173 -5074.497309498874
-352.2805213960801 2539.713462979169
-7564.214179501869 -7615.074041556569
278.32158009098384 4317.031799761038
327.3588448674964 -7529.632593525068
-494.71262059237597 -7465.043932743816
-2626.044355777344 -4626.903585932254
-2256.533958812126 1290.8526751787704
9968.635862378076 -8679.212603637858
-422.2251392860435 -1500.7570050680588
8749.167857544693 2651.0326696532575
-1581.880017104524 5.464211767017332
246.78732879965537 -3498.44755507601
-5332.099519410715 -2598.950389147909
-6367.9045757484555 -8618.116433240208
8019.501855108312 -5739.313098810483
-9045.292642907192 -5417.2832792198915
-7912.165610415159 -6725.496435795672
-6566.590977521419 -5804.5333790880395
5315.635989639615 7628.340957763441
8638.742646061186 9456.064501557055
-4068.0913187366887 3988.585997195036
3820.1001562544116 -3806.6295099897807
717.5193270087457 1577.0354409308347
-835.4503094939264 -9645.997097578822
-2570.352493105681 -7924.833128797004
-8565.214372702347 -8108.201879825198
8959.422983086548 8476.110095952085
3218.7489581753744 3751.5121039631995
-6355.253471723088 -2493.494478949543
5933.612975871716 6242.781698289235
-9367.04679958522 -130.6493700982719
5761.992997357374 5791.779477582537
1785.6215223863965 -4687.160424089469
-9141.603591223746 8874.38809804053
2340.4986877072606 5409.105665133329
-4550.926141874303 -3123.862475485793
1393.1597351170658 5930.685161852494
1858.6050584559016 -4309.452412149511
233.68546508178042 2841.4274283982068
-4968.302629089787 5058.9339637973535
1671.286794272466 -8827.523856095977
5778.830856130775 -3028.875959539654
6702.468751727873 4432.865162842816
8759.551602551295 9887.961186897224
-3774.0146877278894 -6291.834826379741
-872.6422860822859 -3887.1449087735236
-5019.518029521868 -9770.468020034912
-2204.713844335506 3331.0640265480415
-7521.613219588578 2949.4138530039254
9441.463024137083 8151.786594365491
-8567.726848953705 3539.0727976499675
-340.9633649811931 9429.554994679598
8017.554854738752 -4773.004772198772
8065.068253390888 -7792.174795153574
288.04984948105266 9026.15750863159
-7281.888010163109 9319.063238563987
-8841.403612464159 1152.0336858435494
7854.371576757945 -3007.9622434948487
591.557948215579 -1187.8749116486706
-8262.52347747705 3258.4357902208176
7971.719645570058 -1948.290801249961
4327.0818628893685 3517.3154526258004
-9873.276648122797 -3030.597064429204
5506.643229645428 6307.326745948949
3047.8601248623545 -9629.952444606042
3770.8826340132655 -5846.963841075676
-3911.326252401459 -2198.674782441941
-7441.386903099152 -706.9140525227194
6266.5087513352555 5924.424270505968
6826.748142852564 2164.3444543067253
-2735.2259356454824 -1702.0211654570885
-4003.5240291953914 1707.5859308464587
2831.3594498177536 908.4084361772348
1062.739147383576 876.6745336983931
7491.295333263948 -9841.301459914699
3443.3068837770425 -1825.4002424045802
8839.404165248925 -8468.436082165766
1053.9018665437688 -3393.8543979048854
-4848.656718188846 1771.8370008320508
3130.973306358941 -4871.634634879336
-350.89739964169166 -4813.153469588023
-516.1054314275534 -5503.5536395297395
-1520.3290167137693 5542.436845735721
-7856.511455670634 9343.952776072547
3313.244769886898 9036.205804612437
-2216.0298075240134 -8597.156263881565
1440.0032355040057 -9041.574429172511
-2169.473096528456 -5039.933921633819
-3657.85876478099 -1094.9683818974063
9824.933046802125 -5036.067392918364
-59.50613914360656 8785.964372931405
-1593.2672894842053 634.8987508453665
4062.7553941985443 -3623.9425692172535
-2822.2962023323125 -6998.24413821464
-6847.057739346323 -3215.4316488551094
-6247.555375541775 -6524.32649888083
-7160.588651104605 6973.357567758903
-541.8893587873044 2390.917951030069
-298.601984598321 2332.630490577292
2431.4591311454096 -8617.511680146683
6421.698729641328 -2672.9474756759446
8271.533272833061 -8462.681259732046
3485.772264378111 2353.969400368771
5941.463745032152 -9552.907979579346
3685.198312346267 -5790.645180801082
-1726.9721698340254 -4392.870521794019
-1093.916982972647 5936.027707051702
6212.7574035032285 -952.7826243078398
30.65561886719479 -6667.423328093973
-6141.449071481651 8646.640222862534
-9747.03539656898 -9969.655497456051
7370.888726677833 -4722.900557790533
-292.77202343167846 799.7256230283492
-4997.080540625707 1733.600094083804
5030.057538525967 3625.9327711497026
-2221.163368366645 9354.794219510164
-8674.573584608119 -4901.686603460109
-9239.883626943458 1300.676564403384
5973.910348431551 786.1749130560038
-6625.646605857196 -2353.0659734680758
3825.383093984612 2528.004569994284
-6058.421628880211 6771.6591805647295
-8462.985449058993 7939.8754843393435
8318.102544477904 -48.46302195903809
5166.061013839309 3952.721858096911
-4511.9110084157455 -8348.967115491288
-400.3973005889675 -4182.913493855412
3968.209157174775 -3320.500358558207
-8998.95747555059 -4232.15246054314
2050.894982182448 -2792.4547169354355
-5824.173341209112 -8579.669097006017
-7803.144929674104 7575.3939822041575
-4393.489750807913 -7026.869171501545
5297.683004784092 -7107.608305957987
-120.05084773099043 -9578.143738799423
-5935.462958670001 -1381.8000865617287
2327.0502294152975 7241.938785177714
-3540.9715433038727 2632.646937322819
-6081.831421500992 -4622.4649203876725
-132.38394667306966 8742.589640471018
-4195.094331406113 -2122.5342201101175
4630.951812874997 1140.563377312783
-9628.295971592992 -9851.95853151297
1574.7860610503194 -6978.6035429412195
3258.301388275371 -1453.4690894252126
2349.2006822474505 9379.36582448018
-3463.235773167524 5917.929260409379
-6331.921977638713 3949.892379728217
-2925.5363476098164 7681.594929695031
6950.889852933244 3326.1635473997394
6087.028967132228 -796.7658125185735
3404.035401811485 -2527.5089653850764
-4017.0363327142722 -4558.396124636399
-8760.885609677924 -4827.393126215713
-1175.7405375692051 7238.226727825397
-3489.321368373561 -4607.485660605575
7075.010457140255 5122.306014468741
1966.1688078562493 -8896.085854647246
1782.6767614712353 -8868.058595126018
9335.883242563334 805.6344772922985
-4065.687369569171 -8093.349366822842
9650.997060226113 -5203.108710389645
-8547.282648819339 2185.104821150351
3462.8030081141533 8197.628364663313
-2854.860941551864 6845.901722606737
-1753.5092673894105 -9222.428289459502
1889.8025607071104 -8241.909256789579
3807.9567050322185 -5152.941059652976
2443.2020048459 -1037.9104508238506
8172.2713515406795 6779.0977182029965
8473.742362936162 -9919.476821654944
6217.607002432402 5173.515560906526
8774.986021695182 -6637.574740192873
-8771.428640202339 -759.5235853554441
2084.3972242336968 4393.158292912176
5578.05380773336 4672.036323619661
-6468.848037515864 8256.301064451996
906.8474457496795 -8913.176343476138
-6540.773801984586 -8187.335526231252
455.4692405875612 5074.3346175514325
9219.634510150325 -1234.491850332075
6612.745388898387 -4068.267858898822
-7501.654044029228 7309.92646528938
-4719.098221526141 7377.460920215526
-5155.934300169994 418.28667007183867
5317.042512447206 7842.378577099178
-7717.279839143152 -7807.495940687586
6096.06437713462 -5619.48218118306
6253.142685399944 -9782.155707265732
9150.198080533657 808.0055400501587
-7428.885247462467 -6518.139011300952
875.547371565599 9370.058528525627
-7273.429707654915 8175.957790357614
-7543.874935049608 7052.394016717637
2541.431845660909 9576.000015275964
-9558.936042805211 2594.7915061330805
-7936.802052867746 7202.288942890726
6820.822708705691 8330.954340591998
7542.059151754795 2588.1176276728584
-9016.630794029896 -7829.782293748566
1436.9822706812683 4240.043101505162
-2408.5171357868185 -646.9343208485916
9618.848369191397 2751.912700697603
4207.463248212711 -8946.177964674222
6286.394181055484 -9461.418740005782
401.7010397997128 7470.2788108773275
-3416.641291257085 -4715.829272600904
6116.715253619124 -3268.550724090429
-5497.101038257346 3953.6290376928864
1218.417798308128 -2228.9827299008994
-612.0178725770656 5095.2453094735065
451.5279319772271 5255.484695369274
8184.13514419378 -8834.30702805503
8426.209967589759 -2277.602292866958
2573.5770506039044 -261.9303069651305
-2201.834969123828 -3724.532027659595
-9782.586640578085 -7292.682161539213
-9535.435391767644 499.78919359443535
-2444.757496698433 -4013.687266163217
6383.373024869472 701.7614001591865
7959.164136572414 8689.804189276758
-2466.247036855875 -8855.249649247076
-6488.154725486525 432.3172943725058
5570.417536220262 7642.902341696517
1275.9562503014404 8120.0158033468
-9115.064900834614 4691.9519608691335
5644.935760792772 -504.5670762571135
-1927.8389376719333 -7742.7401482628875
7212.715339932307 9697.899070697455
8210.117084688503 -9594.275017535667
5572.673308583058 -768.623498617364
1896.8050831634828 -8840.374111634603
-1446.2393230639136 6985.341471979264
-1352.4135039256107 1266.8480369602166
3624.384035508463 333.2441694284971
8041.927147123606 -2976.640609626713
-1457.7064710035374 -4163.008974665301
5918.4530142294425 -7149.791821835427
-2198.617470030793 -1285.2026430278584
-5047.571292934359 9018.716175348822
-976.0460458760845 6983.665203519668
3109.915284771285 733.9530353534465
9169.673107667808 7066.648456155548
-4241.969883615606 727.9812963330514
-5719.9230601181835 -8341.028657789455
7620.883336344483 -9419.237372004112
8450.166345752936 -2224.0252351954277
-694.0763604921285 -7821.963337307454
7816.272022758538 -6840.2322125082155
9785.577581503065 31.86713851056993
3572.0258281480183 -7399.621344033827
-8995.772705823982 -2369.0160096380005
-5628.054171146026 2231.0834821192966
-6309.267348360272 -3445.5701486079524
2954.776501414848 9486.526910381865
4491.844568423967 5773.447095419158
4416.402250739122 -833.871632201468
-6297.969780377619 382.9291446881307
-5715.202229642007 1924.1894074369648
150.3744687624967 -6054.815227982482
3397.13538032028 -9487.981289428226
-4784.6158557652525 6695.155016875866
3551.828113360225 -8773.699277113354
-8526.320226302209 3047.633351255752
3005.9476773923507 -6728.165919665729
-6851.295972767411 6163.453886105952
4111.100025318061 -2874.3233991842244
5310.751541583824 4773.004370556455
6728.514007142527 4493.643651630473
6689.762454263277 8021.83967806054
-9463.260928286594 -2920.998453435511
6997.487730727444 -2205.431777949425
-3056.981785164112 -862.8830823777826
-6184.207244481708 -5210.400574035439
-2967.9542873212813 9668.719061041702
6393.012208822212 -5441.261966330852
-4166.5128077190675 4108.346798625362
-5899.562658039997 2792.019296610957
5162.2866770460205 2493.4474686809936
5836.161099339337 5319.592549054163
-2616.5531308675027 1353.5143932098854
-6676.324013810345 7618.853454487144
-9324.377259124252 9937.544663822464
-3962.2403872920704 -8943.550869253639
-7284.474171311966 -2097.98841865747
8400.357829088261 -1338.8363849860198
4177.793282956471 -8789.550056818622
-9075.686223284494 1915.1240136339893
-3957.369763823317 5749.6568370431905
-3857.0387341090973 -8132.849940143112
5426.18998520115 4046.4246100594573
-2551.2539745861477 2813.4928702713205
3496.318312394531 -527.3826692098046
-5625.792271999721 -5142.395501482255
-3991.064270905811 -5544.681525121576
1383.7935475315116 -7148.009545821284
2097.994315395159 4462.677000482468
8905.153365188453 3541.606294225312
174.60090710334225 7914.9891530979585
-4886.300603240701 -9830.340448487657
-8861.448991853025 -6325.539756073353
4894.385985597073 -5626.913075096844
8578.179309686799 -7604.008698680238
-1560.1810097995785 -1113.6127378427045
3232.085194226329 -4224.752217586736
6103.948128941256 1388.8891146159858
4708.948207217358 8609.171782348214
8415.770656247067 -228.0553479148639
-2690.690810018091 2588.0037360816586
-9432.384432521725 -7831.054046691741
-1234.1614872557257 7866.787750997661
-772.2556354868047 -8717.539801562656
816.2853484367788 8718.241370929365
-3812.8477408421095 1859.2024169224278
-1254.0611001434063 2947.7745617084875
-1864.3876507418408 -7395.0529075107825
3384.1072484215565 1255.3511775256284
-5227.8282074264325 9397.90862902418
-6488.238897326872 2357.79077156331
8490.445179106482 5350.51467294414
9235.153919147146 2439.017400180288
-1960.7746949499515 5085.903550731775
7602.888335071933 3374.6622223821905
-4155.9228664899765 -4463.113412089879
591.541160745277 -6818.654068430378
4085.7418901730707 3641.521569320692
-7442.3640066646585 4269.851730430104
-1833.6685576964219 2500.8474643466725
9351.393499764661 -9664.667477208997
-2145.549136171765 1880.7405232890414
4510.344344149249 1096.5789006130908
6185.542245254444 6381.25096513511
-701.4336464193257 -4399.707117256524
4103.904007439343 5163.200206987902
2829.931915097921 -564.7823632224936
4867.986063131144 -9186.795096915694
6111.438813462484 -1045.1215986003335
-3599.2712033989947 -8255.283699898644
9565.333908952944 -3513.4099464640567
-7948.139021703664 2474.0664410365716
7436.402596942065 4508.308756620918
-9350.765540913912 9176.909079325596
-5536.548174299829 -6096.211019405744
-4748.573534639258 -5878.133525347263
291.67517882118955 -8339.560076325322
-3326.004239053288 1894.5809472401943
-4674.765409710182 6753.150298200628
-7353.062251433628 2766.7922037276567
8067.060118263442 9461.294823792417
6371.040388002943 -5868.540099453227
8465.521989413475 -1005.0011989707546
9275.993735911929 -383.64779597845154
4385.277971947373 7060.6839226123375
1943.2673546352253 -2695.0586664596203
9042.27205639772 874.7964287117229
4441.927787328757 -6565.156978319559
6090.495728111051 8138.536309322495
-7264.285292417479 -3989.5584263014625
6020.798588158155 8615.315815270784
-8645.136503835965 -6042.243943642494
-7370.3216995242765 2206.570206476392
-5813.691125954581 -8233.995663061625
1538.6420724312375 -8199.536921713861
-4978.937791917837 7001.732281214383
-5907.612218295333 -9328.07462155236
7407.717349063198 8647.769476113284
9436.703636494814 -1158.6231766393848
-603.8145002776128 -2089.2959870508703
-4825.346153626664 -9446.61465458565
2915.9276837326124 9956.939696869886
-7277.7417079510105 -4084.5728642951526
-181.90110581130648 4978.842753924078
7332.542344211382 3740.8099336890446
-2978.817037100749 58.86400216822767
4729.484389037218 -231.25980669594173
1734.8443570468098 9490.936971344105
6391.045622604288 4688.406814342716
-5603.106991401114 -9465.131973843514
3743.1227218585955 9772.873316566562
-8256.602431896867 -5979.174458918821
-2126.079721989342 4432.467478322034
-4657.848353108656 -5212.54923623898
-4149.102120585473 9626.265939905894
-8045.151013465482 5628.518022664732
-2679.90218756613 -6175.812789699989
-8746.520278600858 239.4771116250722
5790.324074125821 -5908.911511064463
-6298.380808785906 5596.615423093055
-2147.7092346396967 -6131.7972949022305
-3178.574467702125 -7732.011143999196
555.5198457247661 1156.1210562275173
-8397.65561544179 -7653.332764654728
2263.423522593095 6057.464951766795
-7532.361937266085 9013.259797937615
-4470.340313588925 -4983.722846208725
4000.051333424797 9176.080644423324
1886.5090312891916 595.0734295770926
-4461.949517130772 -8796.278623338181
-2091.3194243230546 -9740.591839485634
-9210.75056025045 -6543.782760231403
9513.59659931509 5393.702801057276
3767.785568238598 -3862.6207339159027
7181.881455168146 -7348.995214197289
4647.560257531542 8932.29029566205
-1370.5794981091058 3743.237268484412
-466.57873232287056 9960.353116782771
-2564.9769479381157 -3092.5773259999387
-3312.48025155316 7765.698405487321
6225.366676022741 -6462.753091786544
8408.227908491652 -2616.8429128213647
-8758.429597334849 6848.264415066864
2544.163310900558 -6040.587445220888
1459.3894608672745 5948.925172557621
-9463.984874877644 -7024.648302878356
-92.31108801864684 8318.529737902169
-85.96501572801935 4807.0460114371435
7427.499687841817 6447.113677970869
8339.202234142434 3179.1880748723324
9836.630787519312 -9728.829228851255
-6438.76898782522 -7993.767686333453
8312.450863217538 6043.040770812844
-923.2535834482496 -6817.125614359862
-221.87359161732093 -5599.328550565996
8806.112758987714 9076.932538386307
-824.7551039792324 -4341.600159564136
5767.546155502587 -2205.9191066984304
-1271.5856613299256 -1281.723524007175
-487.6890646048905 -3274.7000381126545
655.08932938627 1505.3850791891127
4994.949373030369 454.32044700614824
-753.4729205786498 5459.496519217049
1587.6443552751862 2793.727318795296
5843.42410092052 4369.320940880927
-4892.008984503646 9534.818907142097
5952.466119128661 8714.513712973214
8014.57979903552 -1562.3007423100298
-8402.35542518763 -9315.497747763733
-6665.017174207382 6054.506788940074
3972.882930012971 2172.113095152077
6425.8590369543235 -2829.921969342835
-8439.850548926413 8293.870947088992
-4674.918308855868 1960.7533437094753
-2900.1027650895558 -7632.237286813044
5240.916756406174 8413.443674020295
-6851.664920759726 4783.156659647295
-4366.5366721282735 -6886.5284752350635
-9571.326784717117 7826.471160248249
-621.2882787593626 2201.1189527017104
5781.161652673774 -8719.893002439698
-7334.278715548566 -3886.7850909740146
-2760.618144047189 -508.9557722300633
-8437.39600309931 6667.497196217326
-7392.083761940878 -390.5716763751443
6597.12174952434 3113.8978525680996
-5110.827667748424 -7173.633691228445
-9767.10673201959 4968.304639858918
3004.798563274546 5694.063611918562
3782.3375734594556 -6239.2458603447885
-520.2213019699429 -3009.664460799564
-9917.347279063391 3271.419422381201
8104.955263288073 -2906.5615110006447
6171.28260239221 8394.169426845503
-5933.61447472156 1462.069222049342
6232.472475572546 6458.868571946918
6627.5841859180255 7569.286975784817
9246.678823049442 -8339.994725102122
-9826.621395206927 -4481.985071026355
-1940.247150538712 3180.63660554108
-6728.262711665889 6569.698322552784
-3001.027202076547 667.043662571683
7382.607189857405 -9053.418112987792
3698.154733404319 6900.902752270875
6940.445365263586 -3478.004590404853
7454.23314404799 -3167.8244135000914
759.7774848757817 -6608.072699921945
-8777.151594825777 4577.336402448864
1060.7909046050263 -4174.918811416808
7270.651644414793 5553.956531752328
-9115.392115759401 -7282.484657933159
-2462.827619026184 9614.070922119845
3265.551864379362 -9568.132339510064
-1080.7293444247625 -7144.839983138912
-3749.6291212220094 7780.077659796338
-9023.662775638752 728.989160219282
-3297.9565882212337 1912.4228220464956
8964.56789412761 -6865.053217481283
-7201.5596368647675 6004.597443961698
-1356.2049982182853 -6624.063533313087
233.78235539399793 4888.452013728915
-9039.485737911222 7171.28008266303
-9646.521648836655 3150.947247424241
4495.896936491608 -4637.507388427455
9800.598182136957 -8270.25581613074
1477.7413072804084 -5485.791031504321
724.8772994607043 -6337.200520225381
9190.469933793644 3303.9239368872422
8202.816174997082 7403.20412124744
-7222.5679584224235 9410.64719292811
-2759.910189043073 6989.437522313969
7714.933784310808 1553.943703969835
-4424.861241677431 2365.099233606563
-9352.431118070705 -5598.729628940165
-9524.531077751377 -9728.906306037077
5809.582714671877 -9747.098776936076
-2184.1519864323964 -3612.8546482846577
-9082.84264561806 -9269.844999130763
9950.238378602491 2778.4362007891214
1201.6597978588743 -5865.967950787971
-4763.043146698902 -8792.949549334353
-6835.943803228665 9707.791963499727
6549.2284683011385 -7503.167955278743
665.8459554382771 8728.386105871796
-1299.070140732796 -5105.846864007543
-4867.967946720413 -5831.910684363513
-4560.005414927091 -9753.989442662338
8926.791020845067 5609.062891117021
5509.604997583323 5820.766590665657
-3627.326580164058 4159.995950275268
4249.942020340546 1725.7514050535774
-9580.688870861195 3315.3803135831768
-7689.065614354653 9129.86795978482
4627.775924081703 6014.3703261100345
-3730.907815564966 2878.2239667693757
9921.874985017668 -4402.400392502282
7289.175472837371 3589.7446140844313
3467.8382182384485 8926.717050155854
3444.102284615292 8957.602973385088
3079.007595846364 -6377.1711493587245
8904.150064557627 1726.232351697543
4702.2807176111655 -1803.5825490152893
8929.173212005233 -7302.420289348673
-7171.762849272338 3782.738114404465
3445.2044888087967 -8876.83750728508
-5922.979348387296 -736.9196455422043
3959.467947090139 -8032.593063204558
-7252.7960533812075 7743.700872171026
-1334.5082378684838 9781.650690813505
3775.027431958515 -8319.364525958386
8812.66018571097 -7692.913763431526
3336.5610658358473 -3620.0018775409308
-4237.801525695162 -6571.152156241635
-9764.523841301221 -2830.200349095042
-7375.750646721462 -5267.665675975868
-7745.704310274481 -5769.30148805338
6968.346338300715 -2333.2243547493345
807.1338485613996 -9110.468647661615
-8177.746784515718 4199.951171778384
-5482.9151913951855 -3879.152512453814
-8978.210514211389 2851.8804219593403
-2248.4006644832325 -9931.891120900378
-8053.082617526643 -875.7906572744378
-6315.679677775858 2587.5899385254525
3777.03492147985 -5404.080695452884
-6887.980939925988 -865.5476904134684
2621.053063768468 7334.89827980725
-9959.573321413995 5751.845201735641
6225.511537944576 -2221.185984343734
-7037.091511095279 -4509.6886305924345
436.63834759659767 -1132.3596033875692
6791.091293225087 2276.167682629786
-2810.0933894709287 6964.089154885427
-5443.298767707743 5063.951026168723
-476.6941641988233 -9022.890106815454
-9710.962695718734 -4950.587885855926
2958.205753830709 1107.5253463396057
4882.650981642686 1785.9556569424203
-5435.666718459635 5763.775163127468
5304.9638228545755 -9761.169105328407
1123.0512360448029 -4550.350655808844
-5846.285853991729 -9872.225501471064
6025.777793335816 5804.793779235075
-8640.726749804366 1350.2277426081328
892.0479271180775 8482.687438520352
2737.033094453178 -5156.360192199681
2364.3623550571465 -1820.3198213216301
-8869.779493024693 -3063.2062324052267
7134.64295289393 6882.6064920474455
5043.651608502618 7056.477611016777
-1020.2487979070393 2281.3766741025793
6954.09704066463 -6402.7505491210595
431.20132763842776 -3703.130900963467
-1106.9209757619956 828.4363599293501
-1323.1651267657526 1803.3462725404206
6433.085797373227 903.9190819534542
-9610.09561780973 -9121.4774223769
-6131.662202476793 -643.3369406863312
3403.646428348149 6293.320163668166
3166.40345144437 9901.359802790706
4497.09549529787 -542.7426234461182
-2822.8894751103753 -5065.0554158436225
-7969.4567885753595 -7335.68327981704
3620.3617578181274 1816.1752340986586
-233.3016937409866 -8761.952395954795
534.6186203677735 -8178.154013686789
3936.2683475051326 2053.5641267699575
-3847.031358202513 -1381.3661022352262
9454.330277298563 8918.007322597423
-3416.14640182369 6155.9669361273845
-6833.47647814513 -7580.05517845776
3208.6929936135493 2076.7195786939465
2101.7428932756866 2112.084407180013
-1631.2159281521472 2058.9422873744043
2930.6792998287583 -7729.405984566307
2699.0261503883394 -7056.7618384566795
-4822.797424528951 -1021.7843731531138
376.1708935966235 8066.811338289048
-4797.760812403553 5907.271516509101
9584.452558997324 6916.606744455541
-9422.547611269478 -1067.4276532113054
4661.608627124091 3030.383118145137
-4811.303939859937 5583.133313218757
-6326.532778209888 9015.94911825849
4256.8610191236 -5654.482618362098
575.4178800522386 5625.217652783838
-4563.608952785656 -9039.468766729844
-5345.745048131194 -6988.87822589469
7249.404018776357 -5891.100732210546
-8395.977366576952 6611.854859897914
9336.012460601334 1260.4595325519294
374.6644205225566 -2451.7011506404533
349.0839440486452 6965.31178712186
7842.4229383507445 7986.909984386355
8794.351260848623 -9505.718649857534
-613.90574130809 -4388.262656521447
9714.427976216153 7489.938304358988
7613.404716857567 -1834.3370967499495
5837.944537347268 1168.3489664552599
3766.9240460499695 -1037.6533076367705
-4337.318279232467 -7384.389312391704
-3250.904900171301 -2663.228315762931
2914.2242449963887 -3147.842493924073
3241.107300562262 4193.696698914329
-8080.676977672392 1591.707291699051
-949.497494080344 -7870.2788125807065
1655.8049064847783 -999.3580009705893
-3392.4402508527774 -7953.926545863048
-2411.4731407192467 -2732.4893158521045
-3559.343996172106 3735.6497598959686
4873.529162564309 -1578.7459852347183
-8504.039858689204 -3380.7763459671714
9110.197853536385 -8409.343403078947
2326.97496612332 -1377.8350381824876
-8456.101826177215 -3223.563425715308
8464.593459109943 6124.4021620284275
4469.205482824225 3211.292846669654
-3311.505863126178 -4017.2206960153735
9556.51186580726 -1487.8731508256024
-9544.138913112383 1816.3526423540206
-3077.5631081664696 82.57896154932496
-3596.4381407729197 -8938.408014611185
-4012.856214168716 -1397.0941999937531
3625.0798965185077 6745.844309760403
509.2980682471789 4948.146598405081
-666.3510468513796 -1506.163266898293
-337.92309557855697 -3495.5737999815146
558.1994309680849 973.3897036052495
-5388.709650074568 6607.14746511916
5678.878091861867 4802.926352239252
5779.322894562687 -8296.261058404669
1894.0578007997683 4884.769660939564
-173.72053076646807 4847.517623587859
5120.914892480452 4194.615727535898
7352.350178616431 1258.14802837991
-2633.1931824627563 -2751.0079642459796
2423.090806290489 1938.0746063238948
3268.8316124598987 -3211.092821267689
-6758.049720383378 4713.210723269904
-7715.875852703875 -340.6975585997934
9642.049696260976 -1429.917966396868
5923.57557765053 -6569.670998979931
7541.860465248894 6790.51757646777
-9543.154458210623 3997.8799708458173
3107.0946510147915 -2861.1010907897
4676.668879797999 -3782.7971028917864
83.77237022954614 -6764.128364944495
9595.6347811091 4564.840493115647
2615.087555682263 256.344258389021
-7641.242686829828 8890.536049538303
-7172.64900711122 218.49127646457418
-9809.678743854753 1512.1666224974433
-2432.0538327674003 -2615.6031807518666
1853.6423897257337 -3776.84869536133
-8099.112655824368 2671.867143181891
3887.529530566393 7223.202009037319
8313.225806824237 -2519.138207665792
6793.412167329057 -3450.3068461045295
58.2125721561315 -8033.110872599409
-7617.778577508423 -7721.681532920686
4658.769761601285 -9452.38055776101
7650.305177461563 -3421.8774629035815
9317.494307024666 -1692.1209016371322
-7161.216858583002 -7352.60328038232
-6172.94098702454 5972.092771358093
-8259.075769984607 2623.332341571895
-1452.4550131489123 -1757.8536358150432
-9142.7245126708 4749.735682715776
-4885.114871595692 552.5504007742056
658.4303583060573 7403.509287876357
5767.263952164794 -7326.306932750388
7000.478306463989 22.01899781957036
3523.9681420200177 -5902.129297489769
3648.3412814821677 -3460.138887775508
9923.839642331266 5771.697084780593
7897.346167561449 -4365.037472095243
9628.148178502863 -4507.603419840924
443.5543656676309 3900.3411435243634
1915.3365130429174 164.39173606913755
-2061.491013726284 2999.270482204205
7942.774880727669 7116.501726729104
2074.229934908535 9927.990228403283
9623.290772705543 8808.976275466193
-7420.561415110647 701.5192660947705
-8938.083011921884 513.4952235145502
3168.1455255285964 2094.523184685426
6720.942984309302 8928.170661157543
-733.0974529327414 3510.6043204823764
-8170.978658636359 1193.489332143441
4257.159468162748 1619.7852501466186
22.72850132168969 8404.051112033001
-2995.659489152953 4095.360851625768
806.642916175686 5464.853320298813
7605.399308455981 5597.700789622073
-4859.346662843407 19.782177840974327
-9428.22751228853 9093.997441028161
-8689.127670602544 -2816.1172073742828
-4925.193850872016 -1330.6562493939618
5213.18016204716 3939.8757254634947
415.8840367226603 -3824.0419443029314
9276.085549947798 -2686.694569831132
1543.6556397971635 -6616.251296847906
-7527.752592483392 3819.601358188138
-5774.107929945162 3736.8429547397536
-9784.356996468647 4180.2500766559915
2393.6844620903703 3387.0956795033253
-2585.948016272381 6934.170177150012
-8789.166116228904 9867.008035908086
-9455.845095139752 7324.302608169168
-1418.555920486795 -1419.1148839363304
-4660.787817594918 3718.3204251337684
-4906.105931985389 2234.474459164683
5526.952673106436 2826.277461670168
7809.506874316958 -3610.2676121505265
5027.942909740548 7106.926474874002
-3160.6010735483906 5522.766153733277
-8877.624931588714 3008.3227454924327
-4686.847151663671 8279.410605996243
-684.1349626203537 -2932.73687068893
-6871.901725457117 -1935.6916131904136
-8017.495416125123 -1604.0066793046644
2778.1600728830563 5665.756714333298
-7663.925093575334 713.5382022787671
-8403.629644042725 -5689.996638732011
2877.9771849778244 -5167.093948896931
-1094.6787467832746 -5644.925825038656
3193.0989017974334 3394.3305624873483
-1145.0402370741012 -5224.383532424948
-4187.513225244954 -6361.385259832322
137.3160001772012 -8343.341247260325
834.3554066044162 -8856.446089152661
-7697.1136649752725 -9894.409799673482
-9907.385519779957 7700.316419281142
-4936.439272534889 5308.060274027284
-115.24394260511872 9885.566337662185
1752.144011892644 -9105.080486369552
7618.602499231361 -8610.976027521341
-8981.338256158693 -1646.279272335516
2210.06071233866 -8214.939914161636
-8121.184157544807 -90.29571535146897
661.7024542881918 7190.827640005671
6390.097184022037 9117.603818713447
3974.6244607136487 4132.348735420406
1516.2281494747112 8347.010424344182
4393.721419713847 -3056.134664481995
-2849.2459074011904 410.4415907947405
-7040.853831653612 1154.6825103090687
805.774373333812 2774.663500388013
-8565.613520994208 -9428.364802764678
-8868.059208669963 -2887.7702321728502
5904.059420593259 4144.209965551467
-7778.973919556798 -5608.402976462199
-9317.839037411117 -9796.731331310464
8552.504569423734 -3729.411658700408
644.1787847727355 293.2192892587973
6480.7612131460555 7249.384179826695
-2305.8699064932916 -7428.608580087717
-7680.320851504878 -1144.3819891989333
2800.231673811755 -4372.723267517656
9366.536752264634 7075.5741167955275
8880.586062043829 -2421.801101634999
-3382.7171278899314 -2688.1251846096666
-8207.099495066024 2426.89286790609
460.42141503505263 -2660.536496746091
-3220.067209988835 -4079.6328850668287
7296.897287004649 -1951.9092676893288
-4055.0012703694756 6528.337915976834
9818.523159168079 -5799.08074460044
8679.540256675777 -6336.570522398242
-7412.350698934085 3005.2615375500627
-8562.591143992027 4894.2328160166635
3595.933225257935 -3017.111933836214
-4151.830011828246 -3343.7622550639426
7640.220773711309 -556.2713383290557
4884.40171841747 8844.539218089645
-5361.291475733192 -4191.788836190131
5645.598155106398 2676.1401471591253
1420.7121510188917 -7910.116661044451
4293.968840750056 -6661.422095611849
-941.4782981008102 3041.367270665356
-6224.94018265062 -5804.505700084821
-530.0152536961559 -3216.8907965333847
8178.7878933601205 -2301.3040153098464
4805.60351781439 175.77843028068128
-1055.8573021300163 9660.142445080492
1044.1072354121643 -236.39928022224012
7583.44757657242 8166.208351339283
3255.596589690149 -3192.7095019758035
7199.751193389522 -3829.5206903018016
-5848.471565770375 -8258.329825293771
793.55833823389 -2319.75925815521
-174.04368404344132 3334.4669867195717
-1797.2299532046945 -8544.274038704603
-2997.3937509863836 -9110.822511441507
5492.372129021873 3270.0988514719647
4637.513407853259 4026.309403440182
-9291.955336207076 8032.04844432083
-612.886772081778 -6106.2989143489995
-1869.4619499952105 6451.786224560074
9236.82833119949 2098.037553659995
9515.316886474855 -2564.866467119731
2495.347263215681 -783.9187486040119
-4725.3839469144095 7019.299688275234
394.96266835436836 -6564.451537694815
1156.727096805971 -2582.1433407824343
698.46831961938 -8308.044741204101
-3300.024004141118 5621.321332244908
6998.292187327403 -9390.81484726811
-9413.4849447953 -9996.340431475066
-6196.308920683949 2617.911668322771
-5006.29236122089 -4486.058986812116
1046.9823071798091 3817.435274278796
-3861.457284815795 3286.26873621688
3299.956316263273 4462.8903855952085
1433.1639687875158 8880.025258742575
-1223.2404616382664 -9598.814097963266
5017.267395918803 -5133.626262620912
-8890.297007255489 4345.450665422797
2905.7653744462004 8105.863122340408
-7080.40503223395 9569.160906983372
-3412.218747869002 -184.10414053136446
4362.371192306793 5417.532305526103
9635.686311668942 -2594.287239057374
-7881.069762100076 3975.1649849509613
5730.553618802991 -8939.531020802564
-5294.741372868683 -9704.660479928862
-1516.9436935661288 -4815.128610128257
8515.070881639916 -5212.2397044596555
3526.4938092358443 5070.757183222435
5667.354724485973 5677.963944641229
1581.2902280450817 -7468.100609898169
-483.63281982935405 1892.9957761357655
-2462.042020050172 -9246.763631019096
6591.77726548427 -7705.618223785072
-4921.81778747429 8230.615112762745
-5228.184696811848 5870.8226817258
-1048.665520738672 4431.063858259478
-3347.559203793913 9319.440456691547
7746.383087092749 -4317.505118487233
4360.696365770604 -6614.183733326636
8846.820713205416 -1194.3380812692358
7470.575078882179 7399.469158474905
-5771.1122223193215 2130.0936944534897
9214.882137684013 -7367.175804870074
861.0260946510116 -1210.3656913369414
-2153.275259651188 9428.128033622055
2685.155977731283 5572.120679206599
-210.56706285905966 -9521.821565451042
2508.0193246841936 2101.652319861354
-876.149975397826 3213.1330182649745
-8396.504012516207 -239.21385606913827
-6002.889664696149 7937.0836194015865
2424.4505487930965 7513.925112708443
-5302.842428515175 -4825.5319754318825
-4454.671107493377 2672.052042724832
-9577.569349414109 -4372.184489694379
-4195.630531849512 -1357.1176752975116
2186.285449670504 -785.278241035343
4586.967312041614 8839.405231390952
-2169.1126275295965 -4156.651652876216
5289.365627190811 -3826.3032896299683
-8214.535935589422 -97.83438170567933
7224.524246774323 -9058.215413051521
6988.958212100737 2881.0403999055598
-420.344614955171 -3590.7319115717182
-692.716722315392 -5892.798293053056
-8492.41538252651 1036.278833673634
-4189.463010697809 -1728.9991624347476
-2968.2562708204396 -965.7031988894796
-2564.3130858166032 232.8053242500755
4167.2620276590405 6826.228682251636
3845.3975596258533 2543.763790903604
6508.2805214235195 -8014.933081552817
-6296.1793305697065 9179.585451775172
-7495.737834129166 3355.3526580165217
-2874.668369796178 -9822.10831321576
2745.7400797830087 6315.572309799611
8712.356828643307 -3813.9098770019327
-1197.4155295941473 5518.524413410572
9383.571095272659 -631.8598624283641
-1494.4516944106308 -1049.3996979905787
-6896.071183810468 -2315.018453907236
2034.4812369218398 -8220.17686418667
-9336.869667344685 -6745.201732996771
774.2822360695027 6216.406493495315
6809.284828131309 2315.7044350272063
6622.301768461588 -5511.513515000166
-670.3103281172589 -5745.1598161306
3278.564890775029 -3960.398148840425
9080.803253470443 -9765.726835201936
3022.8480498648732 -2816.6109875174343
-1495.3589788808913 -1864.4930018963769
-7419.713598561561 -8295.122536202542
-7171.018330212751 -139.1950687364315
9899.86284059965 4276.669089497358
2933.929827582093 -529.0560852143735
-9982.233305900505 5062.1921021851995
1777.5321351027687 6205.418421935285
-7349.720202776578 -6492.866296612867
7308.3082491460555 5122.521486414575
-3241.5025814073097 2074.047810528238
-6047.296944677174 -86.86692419671999
-1950.1445235749125 6554.0601258301795
-7949.366735215306 -2616.5381663350963
-5770.925331051249 8593.477040317695
22.454835662609185 1168.3784547776595
9783.813872939416 -1797.9715679732017
7585.826836715256 -6571.603618215647
-2812.0435354892943 9263.372362729526
-9998.883699067035 7599.756702436262
-5371.875017587726 9447.398062838169
3109.1320009124647 -7291.518563723538
1706.670691420606 -2572.22890525653
6835.141493494913 325.6674636499265
-5952.95836399062 -5062.935355834553
-9131.721428412904 8932.694121713626
-4674.911152174017 -1054.2635450592443
-9614.403036992573 -2718.568166724189
972.5236964389314 130.11368283000047
1975.1975517039336 8275.936348427404
1646.4039584490965 -2201.5546510165887
323.00139194910844 7968.530816966231
6531.16983886735 8573.004820045426
-5237.105194109934 454.56888388738116
-3362.5766174919127 -3619.8829008348184
-8549.854862158529 8766.593531179053
6484.283473201114 4678.898642382263
1703.1187664715253 -5689.996955496339
-1100.1828841926908 8363.402903791706
-31.487718787528138 2948.7471981699473
2146.7021209222457 2401.7667348617942
5900.4447989298515 -5459.025680161547
1177.9300758117333 7029.866913512858
4203.9308230770675 -5459.030323517757
-4449.990796641831 -4804.103172931733
3178.398629552732 1225.12082560188
-4631.200284419226 -3043.82412085572
8307.078836379867 -9833.946248505923
3615.7526371903678 7651.4255212772405
-9226.751832907128 -1229.5038871761153
8299.988200434502 1946.6287051358304
2444.464019537958 8012.820201248222
1104.3048403017983 -5803.47807261645
8651.08269394216 5937.636398356732
-9459.132337993064 7102.649866769789
-2004.4867517858675 -1928.8011540977077
7104.976771850121 -4743.155588174697
4463.812483925582 3572.810701018683
5512.975363151632 -2080.1313624850827
1271.385550145027 2773.8019300377655
-5166.98132748423 6262.900490810038
-1840.293518882554 1693.0764817307754
-8834.934483563125 4303.412703979258
-5728.858924159082 -7815.380970056556
9499.132496775725 -104.07045815805941
7264.096179401164 -7436.232069147243
-8521.515128503088 2392.038263899338
-4009.1114203100205 -7124.543804015908
4017.115143095267 6962.93851286795
-1154.1272750932767 1409.0411401978326
68.49508868631165 -7918.273772310074
2801.5340005057496 -5369.259673468774
7315.265669527322 6291.510154029989
-814.603708661245 -8603.900720381218
3147.165885059934 -6860.638596414337
-8589.237956217785 4121.3244475770025
5017.173067414213 -964.9858996472103
-2840.5491401945837 4533.725740935346
-5886.531324351798 7797.128310212185
-7075.134840943476 -312.0947912465508
-2742.4820703069845 7778.842565528721
2358.8603239171607 5125.749710200027
-2963.8111154027483 2718.244221908337
-8473.94147983367 6374.688418889549
3398.5062256271394 5838.29546169941
3954.4012869397684 -2579.933978403952
1295.2879902481945 8224.653702905605
6280.890782441795 -4646.07668043999
8412.563005035652 7138.741622778845
1326.6250445036658 -5906.1616266754145
-5352.663392031083 -2322.6874627446878
-404.6106263691581 -3118.068862043022
-9303.088156564847 -7931.318010701069
2475.2272488977305 -2784.4911981436235
6980.646247545526 -5100.316328518035
832.5567981202803 927.2508527127302
-3914.3355761013336 9696.334130753286
-8776.421506492328 -1675.7615284088079
2025.720601912104 2535.0717357488265
-1392.1553586892533 4611.530545225229
7825.042043732854 1740.3724570820796
9234.049098020798 9267.406103567431
-713.3422706838737 9228.419803595349
278.23143946292294 -9396.2107927345
7277.361339393428 -1314.560826063036
3849.748336502975 436.7868650911096
-6540.878845522404 -1476.80638507195
2140.532741000712 5608.669777826555
5119.4005043103825 3433.057800171513
-2221.695316552914 8044.037894914898
3600.510505781189 7363.981541684461
-1145.4410552357094 -6910.685908554353
7800.777846008201 2878.572795858103
1633.3134293748717 -2923.8826908499996
9317.95373737299 7095.42702718978
5606.7547546285 -634.5211281681477
9027.9647686454 -7195.26256647816
-4650.925782222071 -8428.743246934577
-3760.2548542981904 4848.131166357487
-8470.056564428387 -2772.4746098182477
1039.5574277664236 6482.578974322132
9484.243215852042 8856.117771224563
-1964.140873007971 8202.135154207772
7894.795256483565 -3793.1021012983465
5438.434060773445 2370.1631328609055
2430.0303684260307 -615.2433195264457
7253.157477688757 1018.6225050291578
-411.3452213071141 -6356.274008083457
8346.422686945887 -8700.116534919009
-5461.441748099347 -1179.9856398485827
-7769.079666626187 3330.4547929707824
-6602.658243858615 5692.167049365475
9647.10096510886 8544.904070432967
5187.0149147496995 3997.9712902557567
2362.326445808665 -6817.8273792480095
1605.5595611277877 2404.121975112681
1082.3596083007942 1155.3733451585613
3793.2200526194065 9416.077844434654
8967.502313778532 -6689.916237084617
4431.528732770012 -3968.0594633143573
-7031.652581748789 5955.041797228909
-9201.763542456456 5885.593164992786
-5956.230407315992 -9446.936813235769
-188.52267306691283 -3309.2506301421354
-5703.572300108808 -1411.0969991097918
9631.642364019997 7988.957676955255
4158.718196169835 884.692410840018
-5950.393590169531 -5478.975534682789
-4015.2312619325794 -987.5139180048427
-4324.901729406105 1982.7184122739345
-8248.280535435604 -2042.6381390002698
-8150.836880896177 -7507.97265444239
-7953.8059266311675 3813.423431432644
-6760.170924900482 -9213.359901164662
-8890.47992454697 8048.959064588722
9240.236505345154 -1013.2564136528254
-1562.0816115193302 755.9180145205864
-3426.3533914557584 -2300.3813478426264
1281.5267498219746 -697.2281438016107
-2080.087100796859 -5691.066794644251
-5641.207493199297 5938.7365068717845
-4086.8619748533774 -4516.969230507965
-6799.584574449709 -1848.7698194374634
-5479.592939881195 -9747.070662879247
-4240.317430325591 8957.35575384149
-5403.353823406809 -7547.863884790178
3273.6897038361494 -9185.89401967309
-6679.2041319456375 6876.805296758765
-4167.390274795519 -3539.1226898274826
8253.666384944823 -7783.836437991269
711.8071901620042 -7238.191685697528
5917.98139408488 -4380.466214385259
-7755.725350066576 9494.349924910326
2086.2814209204444 8707.70289420681
858.5073270702051 -5965.615895771465
-3627.490335818291 2902.7692191039405
5879.592789319737 -4982.885420807688
7258.266105534731 3142.030904463718
1788.959191341899 -6693.137599285599
5344.863458395466 -6642.130669653723
860.8606149929219 -3012.2016180729424
2407.4802125737115 -5453.01132916969
6441.357041397907 -1408.4422182079215
1737.8630593597063 -3181.21013893123
608.1860862768426 -2593.4145089755666
-8702.819953196333 504.04624704068556
-2452.4118030094423 -2532.036228797092
5360.792845288252 8221.47221866612
-293.19832318433146 2705.3891300181695
-7378.133965707334 9741.169913817965
-2371.401496192245 4730.858893396444
9130.881829934471 -5449.651476836455
-3653.1117635912387 -4123.452645687888
2983.303703285943 -6781.876693274946
-8679.92107802307 347.2480567257826
-5672.23605769915 7972.593310703451
-4898.469417913862 -269.3308299108139
-947.6698233919487 5344.824571877427
-7705.898677689187 -4387.227836381074
-2583.4593648624414 9300.743784102633
-5191.5616960627185 1674.2582794742775
9932.076252463976 -8026.6149464036735
2042.32479410853 -9601.799854451565
-8044.929428062961 -9075.688530397694
1321.0462722256252 -4602.265352509285
-4261.765476959603 6804.454496539998
-7213.600196704159 9376.63557652093
-5898.881928828315 -6648.981653771418
9894.626394150513 -135.5171964706915
-6588.010846347001 2848.4978193565676
-8218.805366038097 -9877.934973081046
5234.972987541025 -5501.728484799491
6973.035984636663 991.5499040902469
-4218.763271240342 -9417.370514522529
9276.469514925422 969.8625790349124
-9786.819883525191 -4124.4882890224835
6141.724613758115 6412.620830389085
-5114.273248404326 -556.3717070792227
-2597.377880670486 -8470.113542185309
-5231.006963167375 -5201.948639488856
-1987.3753538348774 8713.889622296821
5581.738537763878 4297.759055758281
-7753.868223950902 3742.79039378937
-9424.815035383255 -3226.9638488116743
-1193.4483435422935 -2466.537580179275
-9558.07199308106 3528.02683033623
-3619.676750310503 -3629.8338488085747
1484.8340658362758 7198.148645251764
7398.742767094904 5914.904806096614
-8034.037546016734 379.48613559007754
4117.081451273605 809.1557824763422
9465.715652327679 6513.679407522803
5593.151791214543 1305.569170134071
3117.5736747898736 4203.234843856651
-3254.8648948243117 -8877.851298858484
3743.9224339600314 -2051.403745847134
1391.1284818944387 -3409.6821854940918
-7796.348747119948 -6760.2900238822895
20.540287364307005 -3827.8087437843224
1672.3361613217949 2001.2297876599314
20.10956191495825 1551.277277211777
3111.000272875008 5581.919101391797
1174.9834996401823 6754.735970251331
-5160.420568090367 -3204.798197337497
-7512.055187759648 144.23676168661586
-3083.6065372120183 9959.228299498642
7707.535343943091 -4383.649475398832
-1064.9282610258851 8451.228585647565
-3571.519024104393 3982.3280813347646
5885.536517266441 -7017.671683027493
-4774.526879690895 -6748.979938689692
-9114.187871456441 615.4106430121064
9004.030778769702 -2582.399838427942
-4123.425631043407 4490.011647266008
-3400.196736459311 7364.655881859566
1780.5168651175736 -2715.3518177163005
-3369.6458546412077 -5388.87643139424
-1836.2334522885803 7638.377843684091
9701.10328327541 -1101.5530566878224
-903.2653794368434 -1930.2032880196448
-8710.22928465842 -6017.756676658892
-3303.05058894355 5373.096964969092
5981.316059666766 -7498.327552494326
-3253.4337543995816 -9962.807004693208
8198.034464290635 427.6060819127488
1812.4177069712405 -74.64483250095873
7167.108857793923 4344.601045993601
-3543.3888086240286 5269.175408902163
4590.59266365578 -9299.40947894576
6410.845785598172 6972.106830590539
2330.437512606026 -4837.893569727096
8997.770769754843 -1715.775975546887
4393.852979777619 2341.761198351147
5617.873619367541 -8898.74411223613
2601.9259123437405 1418.6166343630775
8780.525104422602 2457.3434213060027
-1452.9105592708765 -8449.026913536944
5942.98673983566 -5777.602544015854
-4207.301300953739 2485.0293524702065
331.31917683492975 9581.314888996614
-4259.39742291853 -9608.248627303154
-5047.68996468145 -6436.2606935076055
8190.2825294928625 6718.214026069163
165.67288195541005 1709.4435610286182
3335.76819068242 -1281.4285121576268
7470.942878490187 -9104.17184023577
5794.2041294324645 4333.726297614481
2573.6455804355246 9420.424605621709
3232.5952729497913 -8782.332915103314
9330.460445411074 -377.28728382619556
-7743.085061423353 -37.63860333392222
2833.282132118218 -4354.0470283206205
-7549.581562940018 4951.98303397259
4677.206758005161 1381.1563349601565
5795.65731717609 2781.169522442933
-3632.341470444727 9201.702156801777
3187.3488128011977 -2199.0909483669575
-2142.998221746535 8788.538872665835
2340.908221132029 -2890.440062397508
-2638.84215828992 -2837.7021633018758
2124.1124937616387 -6814.587627948289
5891.892407459192 -4019.941641529236
-2812.9842365025315 1361.1169862705428
5350.600099965732 -9779.089220257185
-6262.104431760913 -8530.806991699346
2564.566887632047 3575.869782416963
2410.662334145589 8241.755496177364
-6693.150762982194 174.09265085556035
-2608.1732393068814 -6573.507620870798
126.06171328848723 9718.775697260735
2322.769546448515 4084.8362447275103
-4277.4746698682575 -6327.517444283295
-7034.283135862013 6167.177806453732
-357.6166180637538 3823.103078727243
-5780.518188012325 -9786.125537711341
221.4442162628966 -8621.99430567606
-5206.312668598099 6909.7233771211795
5995.673346481795 4675.38397612466
6697.842769057672 -5776.546143111747
-8794.589802678252 6668.193017982845
-1325.697115685969 4992.721744106568
8555.536262654936 9527.467692570412
-7198.206233607345 4068.9855411026474
-946.011477557653 3028.244897865132
-8281.156063987994 7515.542145300977
-6463.840254322466 5822.690520448443
264.12367804995665 2855.926282478462
-6607.118273591264 -5728.5372181560715
-196.66348334813847 -1001.236596402674
-945.1460750907554 2195.7285361759477
6109.985988846511 7219.084580423187
3946.530699644549 -3271.324128946553
-7610.0335919950885 -9544.986869327064
8907.625748663831 386.75337042232786
7887.617343665992 -2817.358343108256
-2509.425149278226 7547.286345847493
9483.504564955012 -1739.1761322288367
6077.423927521062 -5289.4774326650395
8791.874841136683 -9608.492331832605
4419.7879154571165 8240.559129522997
488.36561199752396 -1779.8523323177324
-8009.326210335393 -9278.974209980966
-1053.7762681993063 -1395.3578377853428
-6552.884720109923 -2372.218343366133
9731.929621997271 5210.139106167813
2537.727058723185 -287.68583551073425
108.79533447183894 9340.964602332275
-2050.55617466247 3305.915312924646
8419.743153853957 -6200.155498261577
-3127.145082646274 -9303.869109903033
6068.1425095661 568.4725076897485
2475.723159273184 5793.368633069247
-2211.7668164005845 232.41254743559512
9.403555590988617 6496.980690451386
-4005.682579514818 1327.2030152535172
2933.0649188899188 -5513.486821813831
-6779.44040867011 -8838.541975948661
5225.744292492605 -4394.748684544265
3010.898474802236 -3823.3465234646765
-1033.5530912911709 -430.4309499283554
4091.217337744367 9532.197821749862
7297.637619115692 -3570.9817390225853
5253.585662900612 -3641.7080237143855
2047.645033802728 9018.48468941237
9105.035301352636 -7002.00920948657
2572.639824086862 -4414.844993518792
-8319.002406685951 5563.78039011036
7789.018746916558 4839.43538172194
-8103.824987491299 5262.9007953882465
-3097.827407116929 6870.3765098779
-96.71368682470893 -6800.465241342008
5997.774908203477 -2317.4350307490513
6652.770741903492 5740.910175615758
7446.888563421926 2552.8378128822187
8294.203660056384 -6961.7518714477565
6986.336222893919 3971.6004080213625
8532.825355543511 7922.411179263865
9370.947119602752 -6375.084354855804
9652.237468781841 -9851.995935015299
7654.435728349257 -5310.045123450029
8636.993112048058 1838.592588665424
3440.8365346408827 657.7947314362227
-1323.5565181175498 3989.5986845738516
5858.568413200652 9963.955780934077
-1696.1276920464188 1014.3570058940022
5544.358682987488 1898.4889253340916
-9477.395152672369 572.7040327643736
-3415.5822852656947 -1416.188276263454
-7506.570142850545 -699.6126453112447
4145.404833085151 -9750.085149639264
-7294.667613782882 -8438.506514405855
8437.887828212202 6602.952844192318
7024.19009786527 7974.984806024884
-3309.849488331156 -4225.3481026786985
-2388.2572705237544 3220.354698533685
3970.3641936494587 4156.362918510347
9429.803803857936 8506.312926007333
980.2879680845363 -4636.996572422383
7892.33003943304 3090.315103562245
-7646.173313761961 4638.530028200832
8200.632226415928 1365.6629517151105
2528.9255704396 -3794.004733835114
-8005.33918427077 -2713.1946718263152
7921.44160122834 -4618.3549369506745
-9824.041879484384 -3717.6278375466663
3914.7805596726575 4713.925589440569
-7894.482216755505 -3690.612227349481
-6910.741997460405 3974.6636907967804
852.4658833158846 -5668.986022669355
7150.28301946291 -2478.8984538897175
-8232.887026245377 -7745.930688200056
9174.631694689993 9363.868659739252
7374.599331058944 -2758.505422160296
5079.226875798182 -3782.6219425748504
-4566.998189544292 -4681.170917219477
3627.0028343523663 -8124.45446689106
8972.432537041022 4322.667980835937
2819.5811647617193 -7552.869887918121
-2770.6851201920244 2492.98494457334
7186.651782230769 1301.407082322583
4612.673730614926 2390.105701696688
-4732.903362701087 -4983.716312625115
1186.9417330288034 -3678.9795189820525
-512.9394473316861 7187.384057318803
-7371.569025634355 -911.358573282132
-8324.67444111602 -4351.976351878641
210.28325267689797 -3368.497757556981
6616.498352205577 466.41055752470857
2093.3609605254587 -4999.684043317434
3327.6839613948814 -4972.1871553829815
6048.203797413325 -6878.29194526927
-845.5338359079433 575.8314074280916
705.828302665288 -5071.654328120663
-4682.8190893609235 -4221.659089844951
7532.803683694914 -8311.405548282923
4198.615740726176 7200.047094308527
8948.69860087962 3747.7423137020487
8449.434659106832 -5994.971216272748
-648.3602097813691 -7603.2743011051225
9897.772447596722 779.0357420442851
-4709.6068964633805 -2786.7880475310285
2284.6102311726318 6052.7168461715355
8619.019165209178 1973.7926133332294
6006.689986688138 923.3636552348198
-7807.173097293711 3114.9473765362854
-4666.1060110152475 -7885.842221998464
-8488.010898968274 8724.342902722197
8978.154372982044 -3123.682797966776
-2308.143450812745 -6827.049137947963
3426.1362989964146 3330.943070263773
-2763.3515927896533 -7247.650708694504
5108.06921533097 9163.778149752874
-7684.1363563949235 -8939.492630121402
2260.283658831446 4027.484445669772
1590.4082637173015 9383.240284853768
-9750.857493442805 6572.469410189733
6108.095968165888 6947.429184787146
5159.229169263701 5718.677780244032
-2614.176041653329 8676.020885522557
9608.804738878582 7597.192563666566
-4481.602069055328 -6046.293800444633
-7959.298630101322 -5468.126684067321
-5998.376345136747 -1083.895020496282
6146.977804456217 497.6872479843041
-5070.0554142769815 6904.176451572603
-9379.179527651862 -1316.2224807605107
3326.5604131234886 6979.483281047258
-8910.676843938752 1105.732440182339
-7413.384083361156 8774.850965572019
-4134.054563246701 7652.912909531544
-5638.289819407773 -6541.141758482858
-4928.405798914677 -7476.882219857956
5686.6263957209885 -4778.4872744995655
-1291.5616077500054 -311.7437053019603
3746.843317556566 5442.364293628423
3430.7176786017935 -4148.889224611887
-5591.956030626248 -7418.7846645164955
41.966419964250235 -705.3130467891806
-5523.5065814580885 -5164.498885761058
4158.225565434981 6092.0380523441145
-368.18517701117526 9737.30700434975
-8988.026393368942 -8664.133458625207
71.34696891796557 -4883.093528518411
2031.6689664671703 -7636.382330732378
-5872.0753475174315 9238.606456752466
5616.941152250542 3395.171088945839
-3529.419569579626 -5581.410365912189
-2560.365209917357 6566.654844668541
1970.3189014121945 8063.353574132307
-3363.935583439179 -6964.689876062192
8910.772913935762 7821.253547816184
-6584.011829683532 9646.734987192132
5946.210159271412 3418.5582393157565
-9101.02741464278 1597.250160552454
6057.010453451418 -3244.668027756952
-601.0267914752512 9590.533682339305
7725.391454328801 3965.3783836309576
4913.11075172872 1179.0690973919063
-1348.182062867254 8398.360395097516
5230.7862044588965 -9702.625607238168
-9444.812638100282 -8138.853611000681
6864.417096787129 6435.367849595954
4947.534560418248 -7040.686079056373
3913.2594629903306 -4533.350197785193
-753.3361034107511 6008.669330454797
-3993.0881642839795 7837.864718982411
-9812.236358311384 1740.5299083106347
6635.267015147503 -3358.2572246896407
-2782.277000079099 1903.4336854433113
-4543.168045180619 8037.794206472867
-7596.4809271009435 -6132.153981123139
-1412.5118954625377 -448.9366898101889
5358.706615202029 8469.331203669146
-593.0723396610229 7970.739198149189
-8210.307161767845 4579.573986005436
9080.147675429329 7886.83075073576
-7513.863689947649 7273.5364148291665
776.5523295462026 -5655.478939556311
5927.472578682869 -7035.061872890352
-5520.640568229358 8662.224042940561
-7849.7876046347465 4511.163345849356
-9686.832005646473 5150.765995983866
-1881.6706857037361 -7957.400347795665
-2522.2990147848104 8287.527364901747
5561.696862000506 -8849.684317301155
3160.8911444055084 -5159.2151384183135
-8904.798827274311 9069.897432248683
-8785.363322344752 -6494.104743834614
-4596.193382824545 -8371.832067826108
-6088.295096791964 5806.380180528306
3376.504709726172 8973.420766207295
1762.4254939523234 -3670.6403414953083
294.7444710972377 6488.695544017297
6154.963407337029 -2193.789750884778
-9471.413889805994 -1208.4475899729168
7493.126819138688 7115.708209261331
4666.482583885676 -647.3220112909567
7540.809822925337 -8021.661774354072
-1397.7500351565886 -3980.407510926385
-1157.6610774136534 4926.85575230189
3825.4393833861213 3610.606013327104
6373.138150805764 -8920.418054244157
2008.9852127002323 8748.101110189698
6985.288734868645 -690.664125480469
8960.659448515478 9229.111557384535
-9252.282576711688 2592.3008459665616
3102.509404214612 485.07431823331353
-5059.101289897157 2637.5351779913944
1865.131557287781 -4938.450982155582
-3748.8884268064803 -3660.7620255336706
-4268.7355647706645 -2447.41400214874
9619.461707462568 -2839.7024572434048
-5864.132939850378 -2946.6472472818887
-6763.988657054288 -6752.959194944244
27.482671431524068 1948.5155807520623
-1670.4585109900781 5891.5227294530905
-9381.640378331344 7732.792210879328
9688.608683127448 6899.092989353852
698.4493119554754 -2436.0092680325815
-1740.274851823886 1485.3837455576377
1861.0575809137645 7377.756879068507
-9296.361498039125 4518.274653727287
6085.589597519071 2647.1659184470227
-7549.142267972568 -7763.212228498001
-4654.528685325347 -7750.813973779264
582.7085293624568 -979.7188591362356
-9742.997609575266 6403.9649903947575
-9225.622227946782 9347.708795699851
257.5377641511386 -9718.220540594875
-1428.452925579948 8778.122719835617
5399.062920354645 -7373.588490088301
-567.6182485615282 4600.008857142171
5565.872406875318 -377.3952814562217
4251.792569182586 6738.429949168138
-3227.271408745154 -1760.8275758434247
7495.04441919642 -7424.613375580038
-3827.4711026540745 -9591.768589231358
-6397.052921980883 5530.191836118633
-2499.8381484471174 -345.06222549220547
3991.0126973224233 -3436.9376877833056
-3098.1034908735646 -4828.984288823479
-8249.87741717926 -9793.448672330824
5447.30297992237 4829.266062251201
4066.4085850064876 2295.834832908691
-906.647229334365 -1734.8406766587304
-6586.798819779163 -4739.71874687448
9468.014388431304 -6094.48635905903
7728.056868914737 8655.136128558286
9563.304854859281 -296.8294542965705
7073.038746165166 7553.566296906378
-2724.5771122118167 -3659.5164325893757
-313.4324698524797 9485.698762393618
6702.239349785712 -6206.650497977884
3870.3336510421504 1802.7181447291023
2206.0828576272725 -2598.59651010349
3814.898044616035 5660.471400814675
-6527.593926981372 7968.923244858463
-2747.214240631879 258.44774264823354
-8857.412488394823 -8075.125289226775
-9261.985112379301 -8463.595923527715
2071.762858518916 -7800.541696294898
4386.171618574577 -6777.6848933696065
860.2537334474255 8228.403045444644
2069.2903172208426 4941.72400537978
-9970.195852711942 -5624.828232628989
5344.962710020009 2039.9920960161144
-4936.499031805343 -9934.852792609294
-190.7541504365181 -5164.665571571514
-7499.099540203375 2054.768025201336
1098.1056632275395 -8788.048414993647
-622.4448417831918 9512.500556320021
-5577.721350227603 5778.955313115786
520.7711343355913 -4032.573421921712
-3694.4013919600757 1262.2153162803716
-3438.900152627338 8685.141492393668
-9893.010446865756 3362.6331704504864
-8.282441684448713 5659.564914538898
-2058.5217556435473 -994.2164433624257
9205.496651197915 -6836.83628588982
-9224.259255455763 9724.246124413265
-8837.757892117803 2677.0014159208586
5758.8525492013 6855.371835224163
2186.2074983004804 5025.928924386184
-4740.934463761501 3303.628061669817
-6633.324298463596 -8326.855180930357
-4387.404064037921 -2191.9237548904903
2132.0350293932715 8382.248881085896
-4749.442175259282 1971.935465717057
4790.440226208591 4833.832369297517
1655.338358281082 7752.601082434969
-3822.18748393814 5287.536545313236
-5492.135587891707 -6323.114617479968
-7973.42932137338 -9990.556062814325
8422.367408612095 1737.6615122149306
-2733.8348008730136 4938.53992924247
-7174.5929726524555 3744.4861846688746
9189.121939322384 7944.918553256892
8821.075052936932 -4157.801835743302
8263.970087362468 -5963.706222558984
3294.455295932212 -7022.113548130368
-8650.913040732647 -1001.7075615287649
9040.566412526809 1288.0212656621497
2159.1362654401582 1207.9061107274538
-3633.8184833916466 5693.971532413758
-7941.551852761635 4738.391392071564
6397.062681277577 2435.5094414604773
603.3331988973405 -6622.192237027335
9233.316258245668 -8161.673006036032
-272.0126032006374 -5187.704726373168
-8869.280983229035 5302.995243961277
-1933.7074877347595 6979.091625641817
4046.0339967906366 -7680.806389081927
-7375.515859407358 -5526.794198327807
8169.482192021882 -1749.548037447159
3867.3043206547773 1895.5615348465599
3477.691828395018 1701.0475508148465
-2747.0804307436665 -6840.663551124748
-124.38385236705108 -8531.885182383765
-650.4614916786213 -8974.87637481885
-2843.953842561631 7398.41833710299
-110.68076611778088 -485.54300276811045
-4209.4808117650455 6910.659583941895
-7537.187220436907 3355.136657844878
-2524.4261772148184 9510.581976027526
6029.851424272656 -6759.290701953107
393.45276729584293 -4682.440322621317
-2979.5694260951814 3440.3513161038463
8306.520921867552 -9562.257728010485
7521.814286968722 9174.32486305184
-5110.183219952267 1960.253839810579
8895.720356677626 -4825.936828766904
-4883.692862961464 8419.336378028947
2142.130118389572 -6025.129780853007
-5955.412416675685 7756.74173090058
-3576.1073285764924 2743.1040965857865
-9981.095795572883 -5864.919264969441
-4611.025418351144 818.638881202387
4076.548446651743 -2605.7605873146404
7274.848104362245 6657.293107640078
-9732.17726276079 -5490.610577011159
-747.831925926841 -7513.178611165592
-7371.066131208288 -8899.486623435187
-937.4440253822249 -2256.0201006676907
-6291.674403299148 -7140.216686893766
7727.947010210326 8239.073304674395
6832.119103207642 1704.5246517351934
5956.629896895014 -3001.7019647863826
-295.5070671203557 -470.0795950669617
-6156.248662938937 -5136.88782698928
473.97081322297527 3627.0000054821994
-1438.2732641729272 -5820.244155667862
9056.769754567606 -7852.128749247371
-2041.3594671081037 7290.961399169912
-3706.508458553013 5441.5654996730555
-669.6089246297561 3045.7934542720814
1425.6129548228782 9650.260165665786
2104.9745553746125 9172.471005436993
-5586.619380240243 2647.0568806665433
774.9751497338202 -3887.0765635726175
-6223.130007542084 9212.903427146677
-9863.025178369187 8796.739929403135
2927.1339226303753 -7708.36136028711
-1255.7485581610854 6836.087813277922
8364.508689269009 228.56709967525603
-1548.1999532010104 -9247.939269167531
-8343.687906394183 -3910.644987252319
-1969.6471868234757 -7903.149159102969
3766.326319981272 -5527.534891605792
7048.751278644737 8715.01718438905
-4906.40228940636 3669.735666943292
-7428.345758184827 -7108.944600924967
7488.264756272914 -3403.8689247571583
5692.2428919823815 9759.356965420287
-4452.731513421497 -7398.913653532236
7517.232075509655 -3893.4317862595735
-6347.049843901856 4090.2814122721757
-5055.848652768653 5575.2629025920705
2502.715167034321 6828.082605454729
-4581.482292118167 5281.735932610587
-5711.913507130051 -9142.701433766242
6831.181010072829 -9010.347097812615
9216.619448754722 164.29824173873567
3813.7733889863703 -6764.820188048996
-2269.667706430263 -6466.042279400801
-5087.142504574331 -4821.872899519599
-7440.572117067408 -3519.7123975591203
-3528.9841300825665 -5542.444047241879
-7339.725169827678 4705.0242099753195
8515.788279741824 -4040.8083960601934
7121.739024362338 3227.8514378081873
-4444.985748335235 155.89886046678293
1284.1378389757429 2148.34301592092
-9100.199402194585 -7438.61711289703
9600.233680119589 -58.890800318118636
-3016.0198617170563 3841.1807799270155
-9822.161646671097 8252.048940234523
6121.595026931393 -2746.0821134619873
-5521.231649187482 8355.002245591619
-3758.413551639803 -9650.290800888879
-7690.974404897286 -1255.48013219952
4361.53148027016 -8768.507182345955
7020.263356887317 -4218.146025905363
6909.928067467459 6188.98558556422
-1247.278168265595 4877.700373958187
479.1739421737457 -4856.139925886591
4585.003507907812 8386.611799391761
-810.9427316930869 -5901.347631580756
3616.1908426217633 -1795.5817625065247
5563.2203530846455 9660.802511315891
2290.9814661871897 -3998.6049463117497
-9331.283233004524 -282.84534274343787
-9311.33730661796 -7909.6793328179265
-3758.5543839694437 6463.134622720336
4031.9077721679732 -4880.022847401504
6617.893358424521 3244.737303129905
-4668.465945747029 -898.9452598648713
-8483.724957522094 -4949.643682027014
4868.510381359214 1712.8194065400367
-7942.17859336944 -6006.594269810208
124.67380423195027 8405.31722074901
-8108.381853221705 -4244.424152402322
-4191.24948855236 -9496.708481061596
2884.053917711779 -9285.52304532108
7784.455988451387 -7665.60278457195
556.590984808432 -5641.659452772503
6992.581076658851 2345.696601223144
8303.237772794153 -4405.6619561401385
-130.85147071814026 -3761.1600388736833
-8608.256614018996 -1314.010885087604
-9703.131899514063 6345.726357704938
1850.2044410826584 -5190.950392479579
-5212.723370582837 -9217.146436250658
-6436.577000482633 2594.152620588242
7376.107493337728 8363.976042231523
3251.011707420128 3528.4051671176912
3624.593588769625 -9182.91614478196
7471.901295844593 7717.034501530725
-5845.447033135918 2543.138134189836
-1602.4413877631578 -1739.9149617125804
7305.277824418252 9970.386486804735
-8181.119520002496 -1621.910558689373
-2214.611187385076 7499.505676856497
9699.392001978045 4424.516018814556
3602.9841960779904 5101.214125974553
6560.012567364345 -9948.272339216433
7092.565849987815 -6180.596221370672
-5921.656273795279 -7948.923737150273
-2482.62665628405 9749.252493702046
1508.0521118541255 -3233.330563986099
2510.931439900194 -5498.820226892878
-9128.392508276887 -2513.7441115906504
-6468.253903298433 727.9190861827865
5352.2701115339805 7841.573242422106
-3459.7273858008884 -5016.623649996779
6908.892472787495 -5995.586555997781
-6732.596766150562 6998.365321455582
-5140.249269173829 9343.57023767068
728.9024721864698 4399.7072750124935
-8970.727030467133 -788.2634537538415
7050.36197507862 -5034.413134853295
9024.19970541761 -9339.683587362657
202.40934130754795 -5298.530601651237
-4696.642048351451 -7865.952440624444
-7093.949174848418 9337.287495211749
-2072.113483993636 1576.2009344434882
1753.2025786710365 -711.9919631250632
5226.413935552591 -2120.931262020491
1497.6035703921589 -6313.893822730286
1082.3451737245032 -9756.673965799866
6506.467506902605 7785.865108206086
6148.053558183794 2763.775335907576
-9476.611497027909 -144.1581674427398
-4986.53699506931 -2562.1100401064405
3178.1673843137924 -1382.7658947464934
-1795.8756612474608 7797.463172623458
-2910.614223949977 352.294559806036
-5143.423235217723 7492.59564864192
2940.7077341088225 -4001.6539258163793
-2983.57913058511 -6588.849035695066
1572.0464311551605 2859.352577664664
-272.7979599867431 1295.7057608972918
1911.8924389493022 3008.413813503561
2425.8413661545383 -6676.049085483866
1487.2518125523347 -8979.050837602143
-3366.9732557781144 1747.3782047185796
2282.7975054238104 7369.75443393378
2524.6185263595107 437.02086820472323
-1118.9944311238723 629.5094597527259
2692.7861724324866 7063.897577283344
8100.183113057232 1579.7236062556567
5253.2490516453145 -7354.265346906097
9757.475615666364 5361.523217642125
-9572.3512208925 -7679.563497247653
-3280.925826256351 4035.0749312718344
-5172.259989505847 -8539.313554580744
9060.017216011282 -8799.144877103596
5890.735957827186 4622.962740689687
-8058.870430797282 -7210.617323549471
-4737.190636727994 -8671.83883527967
9720.796788104868 3690.429235768246
-5599.597844407594 2299.925597117539
9854.431335424702 8584.141462403124
8256.652118670794 2540.689565857605
-705.3525520868752 -2847.0970692677192
-6357.09827078831 -6495.659954394256
-6609.691551725569 8794.174438243714
-2297.088320688461 -4371.680116046814
2692.7748526743926 20.964304066741533
-1089.938722864119 -5383.103124931173
-3387.1665172349385 -1072.0279773581387
-1904.5367738042596 121.22335932128772
4531.945098486583 -4582.128115974085
-9762.409738299131 -6159.274532690615
4756.605757090712 -6676.409485556973
9091.654511193821 -4425.733160808605
9614.77189660195 1128.8624084520325
-3790.3497057306467 -9621.571866751166
1028.4519323598215 1680.7259441453607
3499.6119503390964 -2255.831259791077
5056.7361227867605 -1895.9454046563742
-5804.690807290289 4582.017826290912
-3811.331145010835 3069.602751908589
955.2471053148929 7809.873207643879
-7424.442800459341 1633.4709459387504
-8217.496389030059 -533.6210931830483
1927.4290328759962 -5942.714042138859
4554.584409913545 -2473.243777904925
4458.542401987323 -5665.195537251213
-824.8605205713993 -1023.1182668229358
-5948.018868099585 2592.0574534624884
2707.0370332161856 8205.299234678369
1723.5411468234197 5094.553365182508
7318.948840374302 -6598.231780021184
-3499.736053275513 4286.467314861082
3475.2545674927605 6404.849594916144
-2010.8733701528063 3103.150834207743
-8478.266043576581 7319.943162351079
2196.562209126685 2739.6973397377405
-6332.833696672751 4233.092474468876
-2430.3694696508774 1124.7145078180602
5333.618021285631 -9525.216450398526
-8235.172394778629 539.8511358419801
-54.150110556336585 -2858.1388494818793
1310.6595553853258 7142.037841368594
-5547.063520069218 -3035.393819625351
-3884.707678279362 -7413.194272463082
-5777.153989506032 -2890.0886049768615
-1319.290143538592 8517.453567978071
5423.380985997743 3140.405951741499
-6080.001954446659 -1623.7593523119704
-9399.457229192667 4103.283108370155
9634.515095193125 -2189.811756182642
8888.032834719324 -398.50544549789447
-7.135392245178082 -5114.522753962838
6129.262487302514 3703.874198578398
4763.747021692227 -5609.1599493675285
2165.905200772975 -2320.3318106018432
5589.925815302122 -3298.253583428712
2644.6657878776205 3796.85237777934
-2749.3101118825016 993.5945189856902
916.6189493906804 -4197.479821562216
-3354.6422951105305 -4966.485058170003
-8048.895026578993 8207.532410330692
5140.526485614051 -653.183545961243
-5341.159858177047 -3873.4662084489255
958.9194607498412 -7754.507320025281
-8383.448178441222 -9821.664605426788
7447.844759117113 -5977.369805835586
5908.100576223256 6830.573695976589
350.4380419702575 -6442.0520386569315
3644.717634179531 -6423.530615490731
2613.004725394323 -1353.8763470103313
-2300.3715580335984 -9539.598039134378
8796.95810251113 2550.9514831603283
-6709.998713323766 -5277.061454320368
2823.976883976944 3604.7920004472726
-738.1855482191331 3714.844922119959
2568.1833319940943 -7885.820503601431
-9719.120048297968 2733.52417483096
2719.2919953656474 9398.854198264682
4605.9376984879145 -935.7633090617637
-6624.168156450021 7482.899106652767
-282.62666200329295 1262.3461187549892
5987.711479010259 -5226.938029242731
3797.775259622913 3591.7618857963716
552.5348660351574 3000.756201223272
-5091.7918129789 -461.3590816538908
-1619.742141585637 -6229.371981144313
-8323.277074024327 -4551.6773737208705
3275.9012178963058 -749.9991057855186
9413.299413829904 5587.378475291776
650.2206153402076 849.8982736406797
3788.0488421509544 3311.5599680804626
-1146.6292894842154 -7810.2362997298715
-9442.815381301843 -475.65999261420075
-63.235487499019655 8204.394550280322
-5706.091223709537 -760.3551661882739
-1916.5137401133943 -9056.981628163674
1679.0258227343456 9816.282219122808
3107.7690087494393 4426.848375329442
-4371.253553814709 310.4747284114801
-6290.7937846785235 5872.847441793365
5384.811130682037 396.8192452489802
577.5209087667172 8657.858755785634
4664.7006153742805 -563.107067076302
2978.8799785223455 -6411.357318942839
5067.378667804771 1528.6376081726066
-5885.117834262248 -640.2111485913738
5152.650284072739 -9251.441730200542
-9669.479806367683 -9477.14154985774
6959.886702371037 2302.676789990879
7157.566154888071 1856.534765732311
1204.5183474224814 -68.90847877950364
1214.9848958415314 -8281.048802631416
9988.356025924357 7664.896769512514
1148.1388229387394 3779.7890168684207
1582.4583403850575 -5086.878323783526
3073.7051343430794 -3528.8773643309423
-4311.08836790085 7861.2587175333065
6407.3752001335815 -7437.579570363028
-439.44418235992634 -2708.1444451230573
-5513.424221452672 7456.4931451576485
-4544.657535401522 -6808.455775942233
1060.5922992554042 -5880.398496215568
-1875.3424860836712 -112.1975209082284
8505.640403990696 -4999.662612458606
-2617.3855292671196 -8037.365666659286
-3467.410366656516 -3141.69902348886
-4724.0334613597915 819.269342482321
1190.188711905348 3114.994821456048
-28.050080316364983 -5468.117149849682
-6873.187136900691 -9844.224832733642
9204.019879572916 9487.257897968757
1358.8957397581325 -1046.9076797847229
4963.107476831574 -8668.805982744423
-5795.624767040044 -8552.326114118467
8094.672611241054 4861.391089529934
2574.6310024799586 -7684.305587726274
6559.484188953396 -2237.554266937751
-7521.443371837113 1066.3949390349917
-5661.27539664665 -8542.518081827078
3377.5529636140673 -3143.9862734661265
-688.3373042442181 3854.871538644069
6940.403139864091 8970.302569083793
-2093.2021172577197 3397.3849307021082
6782.12308558049 9619.29939797119
-8074.964895649566 -8424.968930800831
-6068.939469309868 2504.4457974069282
-1343.8931484772893 -8058.254539567335
-4946.341118401392 -9440.464431327311
-742.8828436144304 7679.99516318876
876.4556961009093 9333.390963214304
2334.7305580876327 -3113.726851618375
780.0561951516702 8673.569080867892
9770.192618098881 5004.3650423867675
-3800.03914495183 -5313.197507185272
49.027286482114505 7212.167540068393
254.29819238416349 6393.295367803421
-9295.100712166675 -9928.240346287083
-6071.341411379878 -2941.611872551651
5959.804088042643 1381.3182631443706
183.38442255976224 -1123.4758277623205
-1759.611346334701 -78.61403328199594
-3491.1633512956787 -8501.156312242021
-7027.128462935047 2666.9047497629417
-6260.703313087292 9837.153949395197
4906.684453766482 -3959.674427464268
4346.336466812036 -5356.588036122974
-8810.389509509327 9910.025310478442
6967.634922008703 -9444.722670784831
1514.860698254808 8292.157295553134
5587.379069689867 -9385.309339803065
-1116.8294464485389 9092.969943760945
1569.5426691688372 -6292.157826602966
-4129.329187344902 6732.542756114581
4655.495759128871 1941.3035367569373
765.9319487440844 -3880.224818422651
5072.546842410695 -1339.5056726321272
-4462.755561588631 4202.401599057146
-6939.814376530735 -5366.928088506804
-6686.151745098998 6194.674610067534
4405.940754191775 9861.229433895154
6912.485189699026 -2410.701889014017
-9007.070526614893 -8446.698887674935
1913.3021607647152 -9810.923041733222
3896.33257821193 -5023.52649902974
7886.7887331996135 647.664301959685
-6773.821157820021 -6771.187066160643
-403.90666104182674 3387.6944836115144
-6301.015814753577 -5589.778174139484
-3653.2907253200974 6268.490264202628
-2169.049909787089 -9761.654606927077
2128.1895416782154 -2995.552562296455
-319.4328493736666 -1153.1429889635692
1790.1972463050424 1089.098091829188
1228.6492572312964 -3680.0502039268276
-782.1425091930596 7858.765701942033
-9231.042557929228 -3541.7203028146087
-7680.965658623356 333.62913111552007
8092.74503624305 -3661.997017530276
6608.808687081513 6602.918591904832
4785.699609801204 -3584.038128829139
-5725.906988237761 -4225.1267867324
9615.926390552442 8250.468485027137
8823.975965959235 9890.997347355558
-1223.240545555078 348.565761879865
6779.03897511477 -5291.943324789041
8658.35846230153 3217.0207461216105
7325.552795574502 6880.165362515454
-5142.80773063235 -1614.2619671938082
-1541.8894473288929 -7172.782924707233
-4707.328941032545 -7011.3301465980985
-6143.084832261942 -4545.1818921649465
-2414.64527734931 -8571.285613303306
-1406.4079563762498 8894.797651687422
1261.2979855175163 -1280.5001065039505
-6267.945349891921 8564.261092382189
3882.280769830024 6288.352486746759
-11.389364482081874 -5904.928600008836
6861.7956972193715 341.15674689644766
8838.144983680835 -3935.4582913947643
-8488.15167849172 -4668.773627478684
-4199.118641762778 -6037.96607272691
-1224.2346477387982 -9359.299639964194
-4883.129355281042 -7544.942833331956
-2862.635343450819 -2725.603450202716
-2386.9780185620984 5772.380770520853
2357.005696097898 3182.452400303322
-5709.863672002098 5900.559011919435
-29.812678812586455 769.4917637243325
7005.067578401213 -705.7998588902028
-3105.4858488445025 8214.465803907766
4595.790389848622 8929.188502634257
-7973.981809481723 -2583.2811303259205
-2105.193492847643 -6217.997703336524
7365.971739448676 -4299.76524562705
298.98135688870207 -3802.844258003289
1004.482813340077 -4150.567808185333
-8088.437981614103 9108.710690481403
-8802.670639244887 9616.27622093233
-5255.227954741981 -289.2976451074519
-3192.371008476629 -6470.116894882485
-5930.950265292058 -6074.756598528997
3544.121368146696 2656.204127805566
6717.642764215019 -3104.0440158791307
-2287.0356855278096 7896.774823333926
1002.9293992821349 -1261.6937305307238
9610.13573543882 5481.9244524031255
-5126.499748705791 -8092.684348465884
-2783.339509624727 -6494.74778164332
-961.3210967843952 6797.022513600867
-2480.941139257753 9662.571578383802
-9990.175442060963 -4435.013161458612
-2437.448801641791 -3200.055350041511
-5644.58251656623 679.0281561735064
-9745.271974030902 8441.817926901462
-60.42723201503759 -5687.709122642673
972.5392332939391 5161.694760566308
2511.2999909040354 7466.653112374272
185.60910944263014 4474.17316865232
6734.469532732626 3583.37451097749
-5405.945580467896 -8131.412213203633
9596.1086739225 -9596.183476790404
-5310.871451851182 -1329.0945129059728
1103.3073282995301 5971.945256343701
-9819.831918473315 3611.919557815225
2276.6669095210673 -75.7421689197563
6391.485938464499 -703.7923970529246
3670.880905560465 -408.34142230808357
4518.003312448271 2207.7149010311623
9000.70028462782 1941.734708631513
6538.567182191793 -4545.771145521089
7923.179583423149 7018.777289139722
-8378.937226997174 -2855.5682060394092
-375.22949688070184 6292.803230793859
5013.587397954183 4107.603941296789
4584.470051387967 207.7353029820224
2701.0931449757063 -9392.528225541153
-4268.093820706904 3222.8169140837927
5517.088422167122 4768.100073184471
-7808.11963187195 1770.223609554685
-5064.882342522396 1621.118686126616
8904.555248841305 805.7601620918704
9424.913116092852 1000.0076182792454
3633.1281038398083 8008.426581821164
-4956.7386761592315 948.5377449754869
9218.48618709707 1188.5436515193487
6839.783538366417 -7123.098196422779
3413.000183856302 4093.0373683895123
8692.988833248062 -6609.54552903354
-8776.740363609018 -1449.6086462066087
-1647.8910752070933 9532.396240726572
-4585.776940063195 6776.669590267182
-8254.612665364559 9123.141745214612
9674.898973394022 6667.937338890861
-3974.353786533855 -4054.4834248451807
5918.339558410062 -4966.704553834506
4359.111225729779 -9283.664420444957
2286.3818653186718 8976.661609365772
-2876.362582118896 -6898.68094519666
-8347.777462077263 -5985.664064676941
-6032.379858318684 7471.711286530339
1761.5803027735747 9019.289220686547
9091.054185682515 -4332.62379296097
7625.844537191118 2712.0251070214053
-1854.6666343712177 -6277.462194725891
4378.271009131775 4171.774932332317
9308.567736245848 -3673.2403645772174
-5473.060643039486 720.6744927968957
3378.324256064232 -7264.858575684057
7385.846247405319 -9462.49475465335
8133.874961767935 -9091.861004339102
-9561.83612127732 -5513.537538257183
755.1810425795138 -7147.200511996989
-7516.6570988272815 -8099.666038678069
8745.999928144742 3453.627013407384
-3357.595143919154 8436.37659205672
4593.65862794269 7522.690708203667
-2356.577616250517 -9372.917924568615
2308.1999211858038 -4635.00696948961
-7718.164147931164 -8623.071416179575
5018.745810935352 -4153.470924512432
4547.920295229469 3410.127228190331
1965.103172058265 7768.869428941107
-2363.6337729068327 -6446.729150750916
-9492.225196926625 5295.501881971622
-6099.404151610131 9740.703842808936
4189.696827685613 -8758.418981409472
-9212.903857510182 -5240.661969312988
1418.1955164910414 3230.139595084318
5882.699834076 6003.541109968934
-9004.20933913374 2034.2129464873651
7430.4071164006855 8889.639155319583
513.6425391924113 8865.745694029963
8016.994574325741 3083.4666524091663
-8468.405989688144 8938.55302507534
-1391.6864291444326 -4676.6743859701055
-8496.084960224323 2324.0042244273554
-2294.1584953940337 -9625.405462509487
6570.008944617013 -65.4749198155987
6120.696115079596 -7468.8409657582815
1614.5009451014175 -7588.605177967804
-8291.010017567587 -5917.272294700755
4411.286528091929 2759.742808834877
385.04900745768464 -5703.995914834128
9201.266080045392 9765.041752702833
-173.31480108046344 2711.5995899354584
1713.6579741546539 -1458.1931430149216
-9490.641780160775 -6062.528075580751
2425.9323112377388 -2993.384158329016
5053.7262573343505 -2376.4228960697965
7767.567149623683 -7366.02941595208
1343.7409074867992 6931.340963561335
7.976559800155883 -7455.077455200419
-2529.9072577643255 -8434.549789527211
-4270.863667824782 -8205.196368213623
-2723.528499962702 7314.37455204143
-9931.436450887973 9667.792203668723
-5866.227517599489 3049.9384490305292
9328.481998550993 1852.4684826120774
-2459.986257114928 -1734.8331235386795
8082.15264627893 -2436.0961999790434
2241.4101722234464 -516.4691526426795
-1431.4902854395732 4994.24672448913
-7207.309688145178 2251.6371216814405
-48.61027381644817 -4084.8326588848067
7822.40165717544 6931.291820647479
2929.813398124781 821.9324426415878
-2258.387838205529 1135.8018495708347
1220.917115223483 -299.71498435043213
-2767.9373622838675 9409.254110191247
5597.30340704724 313.7173853261338
-427.50926170613457 1626.444896870853
8445.725805649323 -4149.881215000022
3709.4937660254927 5595.022570603185
7224.186189559117 6833.200076017958
6951.962216705306 6470.3137048915705
3729.6715237134867 -1604.5072549267588
-3734.231941271749 -4152.77986021878
-7251.076325383625 3326.1344295630915
9368.04466249753 -3227.533104059421
-1550.2180282129666 -6251.949974093814
-6831.935462872085 -2575.6066068318532
9780.79767319413 9845.551683772854
1574.3559360147283 -4163.604994342662
7181.983235154123 -7245.211160980667
7285.377445390906 -9205.99441079369
2069.699569937893 545.8710550021242
-7096.284827176895 9914.545891675283
7843.862093817046 -8833.087808193974
-4438.582045348183 4922.145485404981
6575.776089848798 -5713.363643545844
6216.757897890719 6259.869426215873
9070.099233567198 5163.601126816124
9880.342918886774 -5565.428363727587
7654.552760466122 -2013.5088434670224
-3748.8205908554373 -6130.981195510312
-9163.809456310259 -6428.649077401718
-8409.073750578627 6539.7206015437805
6873.160936841177 6868.025096626174
2137.244088242731 -2692.178264595821
9346.084193988358 3419.484435296703
-3045.193569161075 604.3025012472372
-8026.70805308324 -9265.88398442035
-6154.824278859518 -990.3433887209358
2199.3618543687207 472.47531214382434
5784.429768468979 8272.110110865142
-6503.490858010477 416.38723821368694
-2669.941709350547 -9562.648159547818
-5146.418532134109 -8620.298336455848
-9463.684113323932 7016.664784121072
2587.5311280681526 -6463.5871292194415
8139.8743935093335 -2500.7659482548706
-5602.584546216105 9083.254431228823
8125.269985511906 5018.327929847052
8491.12664855953 3720.290609724665
8252.298078184256 -9390.0445753878
1650.2019008442876 -1875.5677849530139
1725.1676298928778 256.49551900879305
-741.7675430551935 2407.2082011228504
5905.877153518635 -5213.281447627099
-2396.4625883944545 1489.5365140724189
4821.938516017002 1707.5107558426644
-5823.073545761093 7392.630656758105
3191.2234035925158 171.5283472934898
5220.536757642316 -4364.395043955767
4784.369773775814 5538.911346100884
1443.8786057662892 -2753.271447248513
1167.8372652491817 -1629.9083699079893
-7391.616612613603 5336.695725762123
8218.358677142416 4190.6403868826
-408.092707313519 -4251.319373818512
-2727.80729479591 -5002.003256147094
8579.794605013936 -5008.642958835329
-4629.764827720493 -8766.154493314
6189.262569720995 -4522.536305953282
-5217.292785919758 -6175.211082457515
6619.03037966396 -1968.0978107198753
-4155.213669477136 9897.891852892011
2326.2626434105678 -5300.231078545968
9107.221015151204 -7093.427621993205
-1731.9353140104995 -8923.88422486043
2903.5967284847356 -1843.7901699755275
6404.910257760788 6695.655824260197
658.6105541485704 -1902.2335904626916
1948.5517625935008 4462.017805317939
8609.340587722905 8261.609295473412
-4252.889317754922 5662.580499851825
9084.164689251818 4332.6310116899695
-1764.7957478001645 5806.307235879276
7081.646083719279 3621.6791788753344
-462.87888173306783 -1661.5853133018572
8614.340153955436 67.19695403518381
7596.216951216116 -1772.884370294758
-1869.845605419824 904.9016986398146
-8386.149016123789 -4515.915453230968
9296.532609546772 -4727.780694208619
-8383.648506589105 -128.31117230703603
8530.403286933837 -9731.89613289349
-3371.3596403559995 2366.455755230956
-6120.521481215092 -1632.2168704563355
3718.3167384432218 -3610.3722741639594
-6791.844425736912 -8404.130055607682
8084.146039268795 -7617.915298195097
5113.918644084382 -7509.816751779239
398.0624251413192 2992.308297849
3597.8038842763835 9642.5454300282
1769.9498018315426 -7037.534184534029
3235.145405339861 6481.703347264764
8989.614154745843 -2260.8878956393537
-4559.531952758256 -4032.548962961034
-6889.472561019361 -2098.602947957035
-1606.9385265715227 993.9233247126049
-7024.924540346876 -7308.915104860851
-6712.582117008783 -9446.062911446032
-8058.8102733027235 5245.090725176971
7795.371089467888 -4904.824468236211
855.4189133977416 -5427.347689799837
-6025.55857618928 1002.8969306135386
-6772.370744437661 4885.651869208898
-7670.468663144865 3772.7750912630363
9597.696656769833 -8417.980326007608
-3667.212374367412 2191.371738410169
7244.699359348011 4998.5514634665615
-7570.908438313078 1720.6531323110048
-1325.712621576682 7990.875500780297
9402.30345573408 4286.867842826598
-2269.958974549735 -8535.280760281294
7950.036992715512 -6196.987086974652
-4290.185851816131 -6825.972655453856
-3587.6036534898703 2008.010162824714
1528.1901364614678 -582.1191309308524
-8177.2279419902125 -2415.3606912070245
-248.65119969159605 -3290.4030869000026
-3203.5603316506304 3022.160470139679
8240.79180424694 1057.76231290746
-7754.638613373312 8318.48089297774
-6822.46407619962 6190.393095941952
-6494.743467481481 -1629.37935543393
3398.5364134429346 -1130.2095444738752
3183.654008684547 1781.1328522502517
-1737.7450117467379 9387.093550855465
-2114.705042275835 2812.0533715807633
3670.4556096339293 -1608.087345990998
7943.921110107312 -4653.152734927031
-591.5488708708926 7403.857820112749
9387.128370152517 -2025.2635827241747
-2373.8058097687745 -330.841488451877
5583.625851885459 -7309.3083160616625
-2932.2449419044624 -9533.002892158387
-7630.096737658716 -3791.7175146886902
-9433.11623465302 -8463.42678468377
-5074.047817144542 2511.4844870440793
4361.519195061008 -7012.674671437689
-2732.642301117001 8025.445410221171
-3059.751697211239 -2128.855894075672
-4056.2788603783774 6665.128387038203
2418.89570293802 9536.816409432173
-1618.9605021402367 1024.6394763758253
8855.56012289981 9953.344604185233
-6721.683950807414 -1901.0269042847349
-4552.419011423177 -1619.8059046655871
5566.343752695142 3183.79842838737
-5785.922499548666 4078.9262519207678
-8340.759193380556 -6022.174596947383
-8447.15226846074 4202.079984406848
-7923.000135572276 8416.194256738501
2970.5825883236757 8561.575988987755
-2010.0603532464274 -5607.7657577989485
320.49809386363086 -3329.6824505149107
5833.629686243061 7278.846943781118
5041.650969194252 9267.069572272121
9865.499751190579 2039.678982596617
3179.3542551070514 6476.109644973269
-3617.9964769986555 -9275.855193149238
8376.271400957525 7819.543772255885
-4712.130867168121 3269.2806251925813
-2441.0843955205764 5491.584423396218
-5193.381879204957 -214.6965056009194
-9295.553086916716 -8379.488154592964
-6655.800930810203 -4119.334814940443
857.8075260405858 2685.4159852753455
8865.221750146033 -913.7097245637888
3479.398054812653 -178.74867450361126
-9386.04142295952 -5932.399723542652
5238.6476815077 -7562.87026324519
609.9124550274464 -2933.170987801739
-8471.004868938606 -5610.820457616918
-6929.5771020184475 5897.034334638063
-735.0516808548564 -3109.284946669968
-1239.569153970504 813.1292946439098
-3067.956345803029 -9591.142912756291
-1757.821429884365 3714.159042449268
-2604.30831084516 8988.164942303916
3095.2811094466306 -1615.057837314902
635.0473143615436 4758.226139124879
-2599.7396825499645 -7135.874560921986
3353.1909845631963 7823.577968309764
3126.2904347344647 6529.585447720972
325.0785079602283 7300.725808945157
2536.54936822357 9121.031149760613
-1620.1325194767032 2958.4375151663717
-1677.7497821314282 6673.556507576097
8074.371041232029 3733.89633320931
-2100.9460528195323 214.8114489732252
-9600.426274612908 9338.70051916039
-7852.75358816703 -2917.6465182948696
-3727.728543977946 4235.105779899017
849.702000037074 -8153.346168897701
5099.076618154104 -545.6852296650413
-2820.6813435199238 -5920.8588308067365
5360.1676179859915 -2954.9830897441943
1810.268832312342 3583.564479773151
4945.334546988122 4381.797065891338
-6424.938927580386 212.87356670627742
-8114.981651641601 -8870.570501951946
-1937.9375808011637 5022.70824698672
7154.192407186409 350.48937513157216
8145.79943379508 2266.5081258382197
387.1162995724935 -2939.890657461421
1164.9939860283575 7616.150086207937
-3373.88846304248 2473.123064874724
6310.96371408127 6995.931366602817
7637.699362201129 255.24180994201743
2761.6606393225193 -7453.377022177208
-5135.427454504617 -7718.685843772388
-5805.715687737758 7490.222412854666
-7257.955557365681 5720.128143134278
8532.060346413371 44.94298953861289
-9107.234461491627 -9293.381977485202
-6871.56800339555 -1956.1201021607367
-8376.338269816293 -1571.2496955372844
-4935.433807364003 -9460.295592240001
5184.196029936198 -6852.239610227261
-6166.264613185924 431.63776257659265
-594.7798362145822 8486.828998918612
9408.789303786518 -6970.129632891456
2622.834009023609 8264.679755135348
2536.5916904565547 9476.489583824445
9201.825048212337 -4782.996824281958
-3924.0535150002324 1070.8920631304427
-4491.57374415492 7139.9994256203645
-3706.798614816531 -9198.441869802871
842.2727185144322 9306.753122355243
1252.3662850768178 1764.9783828593318
2622.6033977629995 -5551.443902994802
9784.248672120895 8656.420395454177
-1966.0877076935885 -2840.309170185311
8991.752666660443 8146.138160430877
-4628.601329330342 -1724.3886290598002
846.1573488830782 6708.524956546327
-2513.266402831465 -3409.153849494779
9151.835371928773 -9649.374017875245
7019.811218600094 224.36761655846567
7004.539606228813 9690.321591188105
-1487.692412510447 -1993.4283174556122
1841.0281013561544 5963.411810879543
6034.033130740256 -7546.581699979586
-9724.528579862117 -1207.2732594890858
6613.208917842021 -9790.306737171308
8140.722850153397 -5068.698966680489
-453.0306758727802 -6715.247450875548
-7499.788701733094 -1304.444966632871
9578.536705417744 -5029.474722772516
1868.8437551106363 9433.33041474517
-2037.327995736613 -1977.0572646824648
8478.994711457413 -874.4641615208911
9601.170152159408 -495.6138360018449
2150.284475118222 -5900.935968070807
-3284.6837212560677 6626.137373434292
9169.523800476152 -1167.4553860311407
-67.62658001165437 996.2278053307164
-8440.142624527924 -3034.5860758885037
-3801.6570225438054 -5130.511431466618
-7784.2208247692015 4874.67025563638
-410.6226599437887 2313.0119479452187
9603.375708018266 -3437.3870406978076
5879.390933113551 641.6322868462357
2072.779804140344 5102.747766487582
4631.571273895233 3044.4549472423296
-3697.5024957218984 -4480.037280864757
3616.646414810186 2014.8523193345372
6992.915277706008 -3265.0221040852666
-479.0823427780215 -4987.2336236616975
5648.951330527239 -3918.0210180017093
6192.233011440574 8729.55172830127
5139.475400880616 -1087.7433364691005
-2917.778796835162 -3607.992288132169
-6306.225142855784 -2074.4333026101303
-7921.7319814576385 -6266.347040203049
-2906.9993467758095 2124.849082048393
578.8782596803394 3577.6938066654475
-8962.81435385609 3668.8412197766065
2451.2090724413065 -3582.4410940723283
7016.081004641215 -7598.980287598467
6419.729804266699 4947.265000336638
-5515.28593387 2462.230526122208
-8529.88276573144 -5814.708221530141
-257.77143716182945 -6851.746081531224
-8987.360452573877 5652.051534748063
-2364.7797282206184 7052.470267977675
1834.4613108102494 4002.438948654577
6054.443642681379 -7462.30815767383
-9719.570282307368 -2418.640831470635
5166.416961453919 4710.131895734186
6637.088273655136 561.5343864435235
-6580.893560883618 9322.40017570206
5354.79287043309 -6360.701895349246
583.5354962717502 7411.295556916459
3527.9838185422395 2705.491294102947
4440.814638886828 -5019.8934202144255
-7036.192028098605 -9525.020196167867
2196.7432361536285 -8335.998997427723
-7795.55013647486 4749.7206768736905
-9696.205764669021 -4928.978021929469
4028.6852102296907 8806.70990732401
7092.949527164896 3370.097293344348
-8756.677121156717 -5656.447213351925
-8534.495373448137 -2298.623680554737
-1014.6359404538161 5480.798414548935
7867.622649794917 8113.122304105946
-4709.142984103647 3511.5942443009135
2868.07137071523 1983.2908010358533
-6653.411100108142 -3594.3830217286086
-8117.762271864007 -7737.175376892103
-1374.0988563815717 4515.640309782739
5933.160079179192 4381.614681210709
-7979.909555584038 -5498.479262505407
-2187.01180859519 5286.968828296347
-3888.011753781633 7177.765121844572
-5394.072645592971 5838.349523242299
-4101.50644876776 -8192.7299358182
9256.380638756804 -1338.9634122627813
-2446.0308781962103 -694.7752753016903
7713.666872727106 7565.285572766978
9236.580416473862 -116.43497535944334
-9842.662496802146 1766.4542850056569
-3525.1907171101075 -3142.211896110145
4904.7777272062085 8395.476834828947
1331.528086801296 7654.329570795278
-8174.562352655066 167.97168641685857
-671.8209388404775 -4501.875656833454
8433.680730292439 1584.1773184751328
1021.7571855165061 826.361689453608
6304.914667480123 6660.813857294739
6162.458946719624 165.87349257979804
-1942.694529842679 -6050.130067929742
7520.00110478291 -7972.0219688699135
5864.041697545099 478.2378477005841
-1248.2141571163029 -5683.975657778699
-8691.222752339756 -4753.99918845595
6096.2333031626185 -4192.719577596473
-6630.477361467814 -4949.891840820506
-2790.235498100402 -4537.78001368883
6413.924154667533 -9345.94183566792
2126.0725407947575 7630.661309477415
-6688.477371767465 -296.8686953681354
-8898.527346127084 8665.625249884055
-9883.767324408804 -5711.387863487454
-7979.71046467673 -8977.816565464767
-1755.0448563998707 5693.354979205838
-3930.622313194037 -5390.028650638048
-2324.126586015849 6604.9385436346965
-5448.953953231022 1984.4512395948332
-9587.345174598095 -8038.421140159515
-8011.19960645162 -6096.588885798306
-2691.5733328384904 3599.8630893088684
-8909.517427114773 4841.601103815101
3316.0589308423187 -8997.717895679165
3668.5372360800375 -5752.198517989655
-3671.0701022804715 -9303.564051956393
8277.289388482175 -1354.9632993558353
-7000.9730491325445 236.70547776619424
-9887.717545624848 -7883.953554695131
-8733.129880600722 -796.9259185421215
1626.8763652011112 -1717.4662504582757
-6189.584215592569 9280.70822758566
-6643.54255304523 5578.119993529925
9217.751143782072 8237.789956038952
3600.7767522585727 -568.6632766254934
-1588.957758563698 -1501.9750311647604
2900.087111248755 -83.60477503559741
-7303.141741771138 8.132259656609676
4650.898417490755 1495.8778956934475
6790.654290421782 9229.548214440172
-3257.660041393955 -7329.0935263004585
5260.84119184235 1337.4663747126378
754.259070322496 7670.73875579426
-5939.46209533921 -8910.739826910914
5043.359622133721 9755.167199052146
162.75030782775866 9328.215883799432
5953.820903142227 6269.479854433235
-8212.617139775935 -3282.55831556223
7424.01187377263 9283.169439514491
-693.860422537924 4052.69301475835
-6578.9431486294925 2459.9661116456464
2634.033296924623 -618.2176385359089
-79.82538022148765 -5251.810782267865
-5236.128576940701 -3837.8578677677624
-6444.132067983013 -5453.189479705174
-6927.250177699676 -6182.989876143049
-7392.810522413276 4194.027423901536
-9872.760779684357 2304.619861266021
2639.4801357231554 -6058.436872212374
-6063.397735497167 5693.680732569839
3910.1108968913886 7019.299984254274
3951.0415043410685 6242.340867433009
555.9458455153472 -7038.732217450516
3574.6280497218395 106.73403552770651
2615.364424371275 5055.418017890621
2560.2256069119103 8559.10766363432
1097.8715517428282 9596.013080660028
-6623.630501415993 4474.454703397099
-6400.54858400217 -441.1307445681214
-5516.270744178615 -7151.5448928231235
3372.0008597389624 3386.103724532688
431.42546419034625 6238.45891755786
8290.316415717534 -9241.568263000525
3781.1445693853293 1273.1355568695708
-2179.7240992152238 1549.4747057257355
-2910.3665625479143 -9244.670559009703
5877.007798921502 1597.9458151397812
4527.828953666352 -2613.4382063136873
5372.000331460073 -500.0241351272507
-7812.482904646092 9770.526941715478
-3716.747779168696 2315.267582587221
3724.0901666944446 -893.158725672165
-6757.266262516076 4897.148793785058
3706.612288560771 -4134.798957416235
920.5718290861005 -2501.9736767824115
4894.065139863986 9734.021950474802
-4104.4622040909 -631.8756222277407
7629.307189055278 3266.528818037721
-7763.432984165684 2256.8181957924226
9639.92414212196 -98.8219923423676
-5319.79941549483 -2957.734821592492
-7242.183700255704 412.2007843773554
-1926.0100566753827 -843.5485527225956
-582.9796758378307 -1650.0452865456355
-5333.933604259431 4039.173355191466
-3738.087427172314 4659.685233397709
1856.2335554503788 -7454.122399490179
4795.61309899638 -5578.795545767756
2184.091036699132 8050.698310119649
-278.9538694470011 -5469.109491108028
-5385.1367536066255 1927.426446195388
-5525.212070685375 151.33478927206852
-8406.246004345192 -7842.442249938742
-9573.527505955584 -117.14705335383223
-125.18693239977983 1005.9734725567159
1314.1972527152375 4864.993299922036
-5209.55299039471 -7978.793202010949
-2290.9861035533695 -4604.922322989089
-2587.126504774282 -5941.334539770928
7649.251820739446 154.71676814262355
-8031.034503894916 591.5749574445126
-941.9167084054952 7764.15151701435
-3094.905721595651 6265.825276133499
-2844.6198207546613 -1861.8315809920086
7158.7317714302335 9471.296769592689
-4202.410282934026 -8003.741123607912
-2521.2686723649776 9643.664127120443
5526.988695299811 -9116.415645973899
-2953.632273269791 1077.0623747502923
3084.356858003226 -2811.778754397289
-5815.64405176608 -8780.57247747975
7236.742987367223 3894.0655758300654
6601.249311466192 -9261.288417432723
3994.6742156176733 7187.687464914441
-2596.2447708710897 -4910.406479361007
640.7961604275988 1541.322873023033
-9980.336971011326 2876.6978117570634
2464.6078093805827 6523.101452107603
-3790.7466341554973 -4998.241998002164
-1304.4112738833883 7339.519459390955
503.18979000789113 -9601.454049409496
-5150.303179639395 6994.065498170097
1690.0673797547897 -899.1787769823641
-2448.152453328865 6949.817891207527
-2613.055475551413 -8545.072034148689
4869.66027348947 -4687.264505714632
-8738.666580047338 -6519.889756064576
291.4049574823257 6806.273325625018
4133.2940662220335 2695.9855268744923
-8296.263559073239 7186.860388037148
-28.578568850518423 -3821.9438959856197
-1927.5323577858035 6253.6800909100475
-4293.322907953097 -6831.481743040933
6002.283981688281 -1764.8988109507409
9823.169158547073 -1738.9478578046565
-4051.0443297684515 6088.0164627387585
-1154.8473478346805 7994.670306043732
-6419.732053256308 7125.248825530423
-6875.347173938589 -6366.8794681099225
-4370.46126290213 1390.0926801594542
-6255.695498647169 -4027.268676260709
-8441.747040774559 -8674.034407882024
-9114.873498078863 4213.008510681166
-7558.00268054398 -8456.955139737123
-9330.878341407459 240.68527166459535
6716.535788663019 862.6824545006602
-7728.2478926198 -7880.656391197053
8768.527291390441 5324.285656621199
9.48195677728836 -3856.8731205298536
-9171.968268730974 468.26428522736205
6142.746867161446 -4495.531089866522
-8782.379965079543 3962.5473169900815
-705.132495528007 5442.17307401996
-7264.449259518493 -4480.917998295457
672.5676241729434 9677.583924281713
3798.1376348046742 -9949.365905189085
5683.929731391729 1012.9908252435998
-8060.917660851055 2147.106810033023
-7915.235073409996 157.82089518494104
-5638.7876409145465 -4795.484055282606
7444.536068871508 1164.5745495818628
3458.7119955288745 6918.654051792804
8508.127948972437 -702.1266668844601
-3424.4089413652982 4359.382095711204
-7060.082721912169 -2273.6145751703307
8738.801554543275 6470.4060135297
-28.256828268065874 3118.80883068633
-5297.94646188162 -406.7161009864376
636.5461362034821 7041.492164798958
-7640.947616851865 2493.3318083208796
-9445.405115835018 9996.688165159994
3432.527766815152 -8631.008644289668
-1350.6318676766587 -1993.1742433832314
9318.078307830685 -7544.865863792003
-6294.665541320401 7841.615148059584
59.526958392996676 -9915.315176418077
7340.009370003085 -3698.8192944644707
-7344.886589408952 1451.8453542117131
-3252.163820369836 1409.8450358384907
-8758.464588607178 -4175.885794148797
3483.591715930079 8941.583187686178
-3824.519877705923 5579.201023588523
5588.172385841481 -3610.429252799503
1629.9635201628462 9196.840117694832
9519.773089949336 -1691.3414933604781
-7954.55955542612 2214.4117259160284
5638.627945410495 1901.020512281104
-3376.6956385775247 -8840.806643435213
-3596.3590010971 -218.38964340897837
8022.060954583289 7598.960570609488
-25.61839353958385 -1948.5154398469604
-3485.893247230203 4706.5691093164405
-6427.911018627093 2123.450099487278
-5916.294665937549 7113.052996908624
-9261.522032274059 185.8977643446342
4294.40299976425 -3672.3153774022685
4541.291399809592 -5242.906523707391
-6773.2037471103795 8632.339587414976
-5189.284622529828 -3526.394461411297
-5614.797795414867 111.42615722737901
-8349.090623621592 -8927.051196389162
-3805.5472510038 -5642.460162676637
9756.076633855773 471.93558115390806
-5444.316074369653 -7603.093944598793
-1529.3502834931733 1908.6297220799606
4902.644189750999 -8492.407486189153
-8931.679506298047 5307.202610964599
-1702.2851670265209 9857.361552907441
3384.8029109424333 -1658.5940320696554
-5670.525741735235 7266.956228390063
6724.372336643955 -8886.234137359514
9921.309887010088 8908.511247806804
2870.3839974538478 7934.028363368001
7633.227556058078 -1622.3172725535514
65.1226038950972 2371.7740832543805
9636.66888084995 9332.006371187941
7984.501329904797 -6425.455075559383
4264.801951298423 -9233.105280595122
-2981.7278963139197 -3215.7880135135383
-9111.591467318303 -9995.412145929204
2576.5807611231976 9050.737874548624
5840.14540596963 9600.285826362084
-1321.1598958493887 -7666.1193282008735
7207.615455236883 9623.586485080108
-3258.9334379947795 -9500.19781245073
9538.33486530586 5152.272243456135
5262.965812070168 4160.935352042441
-9152.649529618857 -9680.617929655207
-5973.773863758586 7873.896789720435
3790.9068531450066 4883.420101308704
2450.621989467578 7901.603211359485
-9532.779195725547 7045.454866931897
-4085.3143354423046 5562.1885974974175
6028.081975893596 7115.772303358521
6132.875925822234 -8871.293028024227
132.65227025577587 -9363.354351694274
-7908.6868419661505 6310.0126226339
7247.489849514313 -3303.2986333808485
6579.309514350814 -465.37540866576455
-3105.5165116761873 -2573.7436679837037
-9985.910981597426 -2424.2184162661642
-6828.962900736995 8041.9133787839855
-1958.7650087691363 9497.300684382
9214.505158660828 3312.611849444482
2303.570899136934 4466.26065621327
-3244.472222193107 5948.224086781956
4806.325089756872 3669.9402414820015
3502.5752297562994 5165.711164494487
-4533.404799596546 -1609.1623296050766
1822.6745301141655 -433.2592766312482
-279.7164115182586 -8764.985309117947
1030.9280611942613 -2535.4081536487065
8469.823928839669 -4424.587116543493
2574.116258245949 9927.064179357694
-3808.8162029816085 -536.8107304692985
2491.3070805564967 -2943.9717944217045
-5321.2211918014755 4576.53222743623
8757.071226709293 -3596.856213029402
-307.90395882881967 8217.818291461339
2460.546038051263 -6074.800829409885
5677.971520830006 6936.389500120986
-8753.749250766276 -7488.590694309252
9777.63243613001 4045.6129561972684
1040.2192686113776 -9131.06168581641
487.7661545896226 119.32333817167273
7807.655394084213 6431.798518018371
8630.031648524433 -4505.879015169905
4935.993366640294 -37.80092208190035
8693.594805084642 -3129.5663057469783
-6190.115935820426 6642.315606335251
-2849.5888089873515 -3703.363117672662
-4757.70274411704 8708.35848187586
1003.1518280231994 136.94172037144563
7648.5756539549475 -1942.265305034698
4610.808907121398 8065.16795761852
4197.9426125652335 -6236.018212231067
5747.18903268177 -2307.082667846521
5649.611106039933 -936.9152282809573
2882.6416370464412 -867.9189905083585
8178.313263406384 5128.676320306762
-5160.455983221362 5608.0047637676
6216.700785097508 -5167.470968095747
1257.2052553271187 1181.0606213022238
9189.75655972975 8690.65974601161
7712.018122315974 -5299.236317300513
7988.980074512088 7324.272325893398
2873.8391537213756 -9692.008991483413
2131.791623985735 18.66162666415221
6739.734275527193 -882.7442729513568
-8225.759055507544 7342.121227124189
8771.383681531592 4152.402941915969
-9907.231487006438 7290.793232321401
2672.5984920611972 -8824.498961897767
1023.4237383824657 -945.6858406418141
578.5516795565982 -8259.903352598121
-5055.401292354416 6251.001897891763
-6411.510202889436 -8383.572650714943
611.9934984781576 -7639.742724055325
-2141.157827114642 -2322.4277785487084
-4497.8163281884445 -4916.261797313066
5883.803086673308 9401.939631508583
-1306.176560983551 3495.782784856692
-8874.37951204837 7338.894705427781
-9486.838556848134 2097.4637308294878
-9183.02719110089 -9799.267292993625
1393.217189203022 9267.557514630993
-3457.0117602949704 4685.612393786971
8743.608578401578 4107.619198274013
-4879.404713812832 -2297.5268074489422
-4899.311013322454 5307.268100733596
3328.0699875152586 -639.6419474202448
-6574.695250152756 -1590.3194446909201
9197.785454601944 -3099.022792546267
-3861.8717711226354 3736.2071602156593
9870.340452699758 4694.756838698153
-6669.796574965547 -3767.070742202889
1418.383010053345 -6512.995008165462
-7441.027221895769 -9369.118679248368
9583.618649256674 -6727.733725069527
-2262.280646304873 -9434.439111247548
-7969.362073645241 8491.300807716209
7849.021451068802 8680.27485965603
-7493.647328318148 1686.572220282229
-2439.5372661241317 -3758.2468918917393
5204.001212453146 -7681.499092442885
1293.500402962587 -4574.615396435653
-6334.181339768946 1136.166339641155
-105.94791008313041 5181.326798027287
2718.641784236286 7312.538687833621
4776.019052238566 -7528.344178939097
4221.864691051891 -4504.269348629539
8256.615617695043 4672.614974107848
7817.319043501673 -7005.835403118106
775.0327893475678 6064.946232833319
6405.8164060241725 -6495.045492102945
5783.6224175124935 -8410.82592510186
-7264.768705565912 -6888.786062077523
-8676.558291887734 4421.637291811916
-1729.8229331159237 6715.404670495711
3643.6559032413606 430.9535411746965
8423.470335234426 8642.240881535829
-7303.050393468316 2203.521198978244
-735.2586183317671 9836.083221067427
1940.762314444266 8080.5581483865135
-18.296005625481484 5894.149295314786
-4403.193911801273 7528.091897009417
-7345.248235260351 5118.285776474328
-4631.0051842799485 3165.219152732272
-3684.2897564019904 -6165.558761840524
-4407.440561609271 -8095.144456567853
5796.71891162895 -2579.6039106661747
884.7817886573357 -7084.894116948455
7535.39225673422 9798.70821351105
3590.445341189714 8488.296007022178
-5712.463010919429 -8406.766773875264
9662.739949657142 5408.599352427069
8608.89610929408 -2286.0042852554943
-8906.966699760538 9038.115210459782
1002.508317991651 8826.584575287405
-9399.438355934837 -9904.848077913242
-7211.54383342161 7978.657663355134
-9984.240743236825 -5022.629399056497
6037.917237364787 3597.5422172750586
-2361.4017090204607 4486.364873303759
3323.595368697059 -6860.668875852784
-8174.033583539537 2939.1428338063015
8573.763109579246 7861.271587901683
-1840.2332040228293 -94.10206389478844
-3022.697072967795 -1494.3418201392924
-4229.916476034518 -9807.650754686243
6672.289323881101 -5875.16034730158
4735.403737345116 4188.845759731899
-2139.1838064910544 -8156.629104681783
954.5597652642882 -9662.66365129992
6027.922877756928 -5955.28054631673
-2517.310476299779 4221.201483135515
5102.63055831125 1286.377727422152
2046.1880699507274 -5338.129941134562
-6315.738457896913 -5811.393856128581
9299.271947943329 -3789.970573554502
2867.363690371838 -4391.537606298939
-6642.56743354823 -451.8459514302813
-2266.2781512492547 -4397.837884010898
-8759.287621487343 -3425.0155039492383
6240.096635169015 5995.231916607396
-8917.601630399055 5321.494494511426
-984.520309147736 8821.319635195821
306.3770093368221 -8648.21681210711
1491.820915380058 -6543.070226351102
8449.05453630763 -3068.7549566061325
5827.3291426528485 970.7643937306275
-3100.597779094969 6998.271977254797
4241.612211773037 -8977.25285473449
3553.344047364033 1854.6477231699664
7667.077133049985 -3410.7735398636714
4226.356324843278 -9506.296804952175
4031.1572366893506 -5142.750766384687
4640.8064032872535 5614.203480556205
9019.110159289005 -1177.7963198948673
6902.223615170198 -8378.148785128946
8827.26138104457 3439.5500912162297
2601.329555902914 -9700.812079004567
9201.748141999906 2622.738488169887
-8973.662680041778 5328.58963067022
7967.95733970057 8945.851591502505
5442.665555252759 6481.948763379718
-708.9842035291258 -3399.12010719303
-7005.11873290248 -2955.4417740434856
-2932.155170666004 9975.981917393612
-5491.669045130465 -6080.402841554187
-7863.547567183465 -4837.549150883047
9315.592371318085 -1136.4573504131422
-6601.720035473797 -235.45124710021082
7205.514285060988 -8568.270169810668
6484.593093133768 7577.7463741497595
4690.284203202231 9467.18978761301
-4741.951570486663 9017.338232525133
-3991.380167115106 1344.7988085701472
-8774.264767219438 -4379.210675437015
630.8167437971188 -4313.311250253113
3850.137286031386 7513.5854133168505
-1495.9268322991684 -1106.2433768532555
779.62459892884 -3580.231553377942
-8125.861304964317 -1407.9611791782445
-8819.76238245616 -6385.26653375828
-1757.9923327973574 1971.602517597219
-2364.318780950758 -7840.719299152332
2862.029684749741 -8000.471813679488
2492.602238018433 5820.316739469901
1160.4638903165724 1617.453233427832
3063.390360793661 -6724.992611297623
1551.1614349146403 6288.055660198461
6758.877105483865 -4488.412278532232
-2652.279097142582 -1366.2326499060764
2008.487869595494 6781.44742472635
-7180.892830939747 -4585.0919517991315
-6264.458751642567 5023.509198400032
2908.3912533160983 -3276.6614658045382
-6809.44434425502 6373.3281918057455
-1268.0767551291992 -9978.36613143545
1105.572503669975 185.7445977529951
1698.896171473516 7536.696966773201
417.66612499116127 5941.328796877879
-2061.0696492426105 4520.621443943908
219.9680637261863 -8526.733528425233
-8302.046269704511 8020.530576077454
6133.683724835675 3142.730651327025
1460.3127389961137 -8946.977764537829
-6045.258250313339 2907.2073195591493
5777.701759209953 -4542.242254756737
-6786.133874139826 4667.626766107893
7133.167751598772 -1791.3682459349566
5199.027157621367 -7153.417012829792
1641.078265443255 -9410.12242362971
6024.37395531065 9841.310795326754
-18.37275924709138 -2601.6395735843316
-510.0921495371749 -4188.494164511431
691.0869629696499 4212.2185025935705
6761.326684897231 -5796.524420810505
-9223.323863547519 4769.919416495086
-9690.3996858584 -521.4795488262262
597.5779673196939 7632.711776678279
8085.022679741134 -295.15941908110653
-9948.709193762847 -8442.660077932822
560.6178548782154 -4011.3171814859543
-8672.847668672972 -7615.18117663669
8064.950132579608 3161.8375215154865
-163.4696427230774 754.9582487413027
-1265.4640594924113 -8290.991877634351
9401.839106510713 9585.229894278484
-1548.7858082704734 -390.02236972210267
-9615.807352127602 -6993.510199848456
-6710.012688178238 4587.911233196968
-9847.85310034997 4326.963757718235
2288.004175699907 2196.5243015273427
-5858.324837846727 9599.811919022002
-6244.491590111683 3245.270556469186
2730.1307116335447 5498.497037967538
1884.730206267468 5253.098598765704
-5755.347037919935 5458.089297461514
-7927.131723449165 6937.731399953223
-2351.908623664669 -3580.4621137099457
3160.445553313315 2188.841247700275
9793.205376869795 -9982.142132056344
2696.496556685628 -9460.119415703886
1608.5360186363414 -3315.9215902728547
7377.189834687739 -5155.244271856092
5177.015713891322 -1115.2977655799987
4964.6445906417375 3681.915752005474
-608.9767431567816 -9398.651264543574
6277.870109459291 -4050.1416586020687
-4284.732544487752 4157.137637639233
-3742.1066057822427 -1815.5664994269882
7561.516055192806 2625.292086685653
1644.3100904318999 -8680.23939181546
6876.863163094113 -3690.6608862877065
9460.648922101824 2930.9590498476737
9769.871763147548 5163.19551974798
-4708.910866353853 -6561.693255507784
9346.589403606202 -4476.6722030850615
-6758.765909208421 -9681.149936958715
8401.090906065569 9154.090780991199
510.79631336533384 3062.8929115053743
-2797.1435467479514 -4638.755640219197
-1333.7902387181948 3429.190625954705
-7654.048269246869 -7192.439619838205
-9013.670862122168 494.09679843469166
1472.632368288665 6668.340552113656
664.554274104119 -1943.6954234596951
5656.6513254252895 8893.5649780042
8185.85282688482 -6849.767835521297
-3670.798183439645 -5402.696218200837
7857.316600671045 -1262.484336717087
6853.087619151407 -4026.074454351651
-6743.943588672545 -8912.533117488863
198.3703030083616 6644.547040149304
-731.6268494562573 -7076.225663216555
-6354.60690346672 3966.0747543781363
-5570.679466658761 7106.116875550415
-961.2583505191615 -5410.914775864108
-8568.083141367635 -7568.22089993775
-7161.639059808058 9429.71597073715
5960.427991785287 3083.7513593619133
4061.693087394704 -1775.374163090437
4412.295627938063 -3681.7822646040077
183.37518186892157 967.0020803900297
-391.55929728068986 9175.726103586148
1156.670310144198 3775.4964600651983
251.8330731823844 -5683.247094061951
-56.519640688415166 126.8673002894393
-5320.633181292959 7523.776101430005
-5712.565854623288 -5112.964362054342
-7637.751806101749 -5021.624487214722
-1062.7940149613441 8204.133888321798
-2354.756684553334 -2886.7116163723304
-9875.126107538312 -918.9276013345843
9375.30796540952 7655.753733008209
-5173.219420902517 -5675.981881703378
7355.261216874049 1419.8814493251448
-3817.9760973435914 -2432.8841632604963
1968.3317114475249 -7527.801115866652
3416.3522110368776 5202.664432998385
6854.556532065144 5485.916072908622
9716.897404213149 -8700.113014454813
6180.1730511929145 -2584.1214262079884
-5274.155806269001 1974.3263317129004
7826.290945839519 -5932.435593534656
-331.2298733820244 1173.8082950256594
1733.3058840834274 6699.898131012833
-7393.927141943872 -5524.174561855461
-1327.3512363415339 7493.059901723114
8893.535027774713 5245.087860246356
8877.641546280385 9528.872284210436
-2339.2530386525714 8378.911626472993
-7749.62331408297 -3127.248158086806
8963.757251057217 872.0079047603376
-7728.3057855969855 3412.622834496957
-1759.020020025644 5561.143283502179
-5723.512601206211 5301.595501064601
4799.045996683553 4664.058687706833
5416.7292900156335 -8832.385694408977
-722.0668001659797 3105.9250387762677
-1580.2442080681267 6694.69471762891
-8607.621456188725 8130.53285202909
-5840.485626325891 -4253.237724130508
3719.2227922521397 1322.3159311393883
-906.3704648268358 -1103.4704609288547
9897.994746935165 -8080.794561506918
2779.2969821922634 2038.2342714520055
6334.70893810252 -3824.7613619085105
-2033.8179204389426 -7295.511742476646
-4653.512144744923 6535.728142949916
-8825.362292357053 -226.12848163560557
4657.296462344371 -3483.2816173639158
5202.732348031139 3447.3327678461683
-6747.281527742933 -7565.635021325472
-3334.2795614429697 6687.850985636098
-3175.6324250141834 -8491.235290386203
1456.7515814129747 -3240.780898607729
7382.177057140696 -2629.3153408100898
-1072.232701246241 -3933.776383030123
1085.4775217774022 -1371.4649719813024
-8375.307815013211 5189.89923559654
5941.415973882782 -6093.154940951781
-8428.817244513646 -2172.063291055133
-3258.0661103444245 7646.396538558383
6380.352037672483 -2708.266665744317
-1541.8191890927592 4960.089985361192
8884.047250767311 7277.986615192447
-8716.116037259353 967.511584874841
-7495.592530032977 5824.127938797759
616.8642123254613 -9714.917260296532
1252.595089358534 673.3060092156848
3490.538771524607 -4272.42249818649
-1975.2616435143455 6716.03477883399
9314.90464214787 -8219.297485365769
-2224.70857613895 1742.0260738389825
-2740.842215981509 -1966.663388574053
3183.1649691663006 5427.130937699709
-4794.239972046288 511.9312337045085
-413.86035687757794 8296.730515945688
5928.4146858560125 4738.492357476713
-6755.767297020388 -7651.696730640482
4994.077662338339 -6662.550720396603
-7597.157501941494 -6917.670593473493
-8138.222712168521 -6854.354708011037
-5838.3456635740185 -6117.932213838578
-9251.315502827762 -7966.428257375928
-8184.560520577528 -2000.822357688121
-8943.482313468043 4024.8844575645016
-2881.9494419779694 -9156.458599614525
8499.030384861966 2805.148253462783
-168.94832076675084 5842.0605155815865
-2456.01145223765 8339.650412210201
2953.6030404178273 822.6010604083858
-6619.304860386279 -925.9516532230464
-3809.6488630333233 -1304.3241922153265
7346.776124993685 -6929.500073023145
2499.249617476393 6147.844237162566
3595.600466551663 -4564.13996112447
-7028.613948766935 -2872.7655534719097
6758.368713753913 6527.3970968043395
-6169.956852474163 -5907.017029509569
-9547.459537087714 5675.429675443822
5996.384073450914 -683.1966698856413
-5289.040352146566 8541.152699240403
2454.3058532897794 966.2954148504396
-3246.341224843245 2731.858960758602
1557.15925278766 4266.020256802001
-6002.993299947583 -4075.3582431665955
-4545.805089746433 -3276.2411016629576
-9207.498833604706 3503.5954199343687
1974.7458919583896 8225.80113570203
-8889.82034095078 -1405.5822894006978
5593.313011122897 -8253.512310587063
8229.262786280422 6384.232354668176
-1491.1116895794585 8483.666883286827
9471.315412199554 6743.357183676639
6406.982509352973 -7576.89529927775
-891.1430393877909 -5580.352459521851
5133.008433451012 -6348.685496238586
5805.009474625045 -5545.050876790066
4290.809567835837 -2822.331910791185
2287.435372636757 1977.1049215417497
-8309.724415716291 4593.056628029628
4432.465529295068 -9850.13576327385
-1396.8310143354593 9583.781534873404
-5467.024126543356 7816.94542188507
-53.594386799635686 -4864.244053343834
9246.23176972883 9255.421640288478
5797.224953190942 -9794.49158766404
6565.569432662294 2457.4871057156925
-8945.185812212472 6700.879556615051
-1867.5551351564354 9488.584015332206
8598.121835562833 -6194.279723335592
3303.0312582880433 2723.7678091961443
-2050.2514529680975 -4000.705558180942
9606.210784630628 -5856.901361498339
-3759.039616031195 3562.5006226942605
-9422.545962854727 -8629.252652793351
1183.0206063159912 -70.56329318710414
-3574.2571408494396 -6228.580693316666
6785.198690182991 -1065.7702800595107
-4411.658413330221 4671.598692103898
-8280.027876514469 6819.4696741485495
5950.88854470303 1652.0239883568229
7521.08449195297 -1186.02181215153
-6642.070902581612 -4138.287172383252
9210.289895667476 8154.066594069485
-7988.339051674025 3432.7600942147346
-5516.2390239563865 6613.82930203266
-3545.6629509628046 7329.039075293367
9249.302442068096 9926.43233196401
8052.4091176773545 6340.840095788724
-2909.3400119508915 8919.760825493573
-9751.836958314641 9441.391706116843
-1854.622218442334 7756.197547040309
-3682.7537233024495 -1649.8885125826619
-1082.189360317143 4357.706504473399
968.151026144671 8901.341505459855
-1290.9484749028852 -5086.193566793926
-7157.636691416634 -7303.7709643007865
-9369.306237053612 4311.424595673701
8821.556032678774 -5480.677939085763
-4420.492574989461 -2607.97695805675
-6979.148416145123 -1869.6501154996613
-3914.745444332306 -7867.199729981884
3444.833302047771 -6704.427131566943
-6395.963230061665 -4834.8190165488395
7505.661093941497 301.9816948329699
-2385.2861484118184 -7514.800724094521
3950.2700677536814 -5298.4541029228585
7786.100704625747 -6223.195642930786
3216.3193291730786 4661.603344593712
-8482.209789522984 7460.509988937509
-9165.80559364784 6051.399942977967
8317.622906462955 -4603.778123968258
9215.030752126324 -3726.3111854867857
9763.966257906279 1110.486313683301
2012.3789578711476 6854.207475657782
9211.133568687575 3484.7983122759233
-7782.208009032929 -3069.245469637056
8931.419367781153 -966.9733726862032
-9751.731878281096 -4962.500053553327
-5952.606834752971 212.41282594754375
-8493.862015621238 4959.058552597404
-7606.756886287203 -5345.99385194834
4239.650255412431 2932.7764111490415
-2645.880817594206 764.8063681745862
8005.14749719515 8106.572926558532
-3232.4140101725443 -1154.707595159889
629.4048226132982 5913.597711408856
5131.442056920847 -6317.580771908462
7293.335606291352 4903.85952157155
-1352.6690041211878 -5480.431805278081
-794.0544292330378 -8423.102227551219
3039.7136548819344 1371.3538766945912
1310.055764398363 -5111.531861138375
2624.9388619668316 2842.583210670169
-1441.0143384808744 2358.1263640170437
5765.294680051509 -72.92312305827363
-1473.966174011217 3083.4876636554945
-3371.9132966312127 -7296.5333760225185
-5543.748950388403 9470.863375878998
6079.946282952033 2411.4912873874964
-2657.333969369549 9120.870382501835
5581.718473286368 -9916.284007507558
8206.764904187396 1061.512845211235
7109.450024361249 -5275.993707223268
2485.6981125492402 -3599.8413979531433
-587.8611449970176 8965.499696193074
-2723.670184757614 -7530.2857459622355
6327.0789312657125 -1792.780157332214
9158.915594646805 1673.2350314034156
-3591.228717408115 -9580.117242043489
5420.833708396991 -8514.90949006303
4787.55080247896 -1872.1474945963992
4723.470333329969 -9554.274978731208
7959.21039056472 1515.6169763049675
-5396.999898750756 -3509.0410477119804
117.08367075399292 2173.544295187743
2668.464282689185 8585.672866987537
-4326.814143689177 -9310.892536838643
5958.212647796216 -9614.367305099151
6775.177277027455 -1893.8504496602145
8638.41837560341 5530.119523656438
-3088.9292330624585 1216.1889138024599
2075.038329475381 -1828.07223054928
-7896.247466434268 4712.149518102646
3283.253897808141 9480.204983549338
-267.44480034786284 9426.33070558873
7856.067765418837 1105.5169406181867
1679.2655300813913 -4809.191067608814
-8303.595433250859 -24.578677145724214
-6718.889750319863 -700.0977844923036
-7775.290929587492 5292.741634041906
-7516.57268546788 -2879.2976506692876
-5793.306901242033 8237.641903174954
4619.8678142206845 -9910.884186017684
-2056.450886206693 7628.509883974904
-2591.8478878533087 -1854.7660062227123
-1710.4138449649345 675.5493075218474
-1965.458186531424 -1396.7194358910147
-8190.084223444298 6964.91334843549
9610.356422704972 -8482.222373273391
-3636.5333346170846 5940.090029442379
-2180.9842898313154 2798.983636741683
-7505.740916785781 -6598.823155382945
232.24223944096775 647.0594417452412
-763.4660070919999 -9078.421057949612
559.222455767298 -1684.1694665639607
-1713.0183235505083 -6414.428186779804
8002.676249771477 6783.410947365832
-30.029806424054186 -3920.9203715467675
7930.935913173242 4598.368429238788
2019.341726490782 -5080.079573495126
4235.304668718676 8986.515588638133
7922.983578896721 5492.684345394919
-3972.891622144867 2244.811657395796
5424.0514416935985 -3442.6918113306
1739.0169063336907 -9484.725276327037
-2254.6299292016056 -7970.679255305166
2230.370416067075 8223.203631742155
-9798.800512328251 83.63964096933341
1156.390120397251 -9219.58224854777
3083.2037059779414 3012.706889126288
-4353.674295221872 595.6316956501378
8055.120034407661 -2226.348407083953
-6754.2642466800335 7000.480665637602
9763.287689079298 -3211.916375534556
2113.2563470398363 9391.126958124278
-3032.1660925203805 1312.0180449331892
622.3751871351051 -5298.219934174833
8221.994190299301 5572.346291389626
-196.12552338900787 -4732.1324569296385
-4025.313798042469 -1129.8332627595391
7474.770830912792 1203.0052618509162
9944.108640552411 4980.202603781418
6434.736072608757 2605.3159712231227
-4292.190439603858 -6570.567003318967
-9228.868719173302 -8774.944944440444
-2322.6895549147785 -4383.0211738708
4098.950264807896 -1333.0892601129326
6973.030171908329 241.17781980778273
-8527.874937159253 8766.743176746004
4187.917342565748 7128.705397917209
-7262.202482840121 -4526.056434966655
-5374.151475031958 6314.492436677654
9265.319065049498 4386.997914600768
-676.492699866596 100.09892228939316
8266.897569745783 -3968.7619704296458
9012.117782378373 -177.8829612727077
9336.97155027981 2034.1821565427636
-9851.94216257824 6191.070921822102
6372.535013305087 -8454.736364471655
-7760.957278654021 2315.1963622141484
-5303.193862211364 4563.15565048047
3915.2132427728557 -8097.612419741178
-2006.2170704804275 1275.3062193822043
1542.1282165734483 1637.4984694917093
2571.3848727471996 2080.7070434894595
8645.316743434549 -3638.8949384108146
7506.037090554226 -8341.6824476183
-2986.303515979461 8429.722846870074
8381.712881822506 -7740.018463739231
-8928.17460547133 -1483.5964177558726
9621.595935628022 -3651.9261232014587
5958.607278652291 4114.517455808047
5820.697054883221 6764.524404739121
-3277.2661292662006 -5863.551148897028
6022.900755267505 3809.2666469943542
1142.792962255935 -6747.161246196656
-3453.9199247300885 2922.5735298744585
1902.6343132019301 7996.902413956599
7744.07383421333 4107.145838487346
-4799.753342041837 -1837.7285094934832
8004.480434295361 4792.215673476194
-7658.963521498048 -8348.292420028505
-5683.633251541453 -8466.64883613762
-1535.9181849760098 -1312.0632180044777
2902.162285612372 2758.0403861516406
8272.569232633108 2176.7767881355776
5693.153140121747 4708.543661086744
-7512.714245650552 5016.612868328712
8838.153407151007 5799.912692817377
714.6982167257829 2277.203663963559
7970.084573133143 -9197.526559888807
-3481.2003256674125 -3575.3048798377067
1615.3486863192484 5574.488457987003
8708.570445671565 7148.6254754311085
-1083.9578456910513 5512.102162794668
9200.541876082094 3850.6180604222445
745.2112866930856 -3549.8994201301985
-7711.3750123633 8483.359685450407
4330.499095525107 5438.406058254213
-7248.99286531719 -817.6347782413159
661.7057826460805 635.6382763560359
946.5857011072767 -8988.05536880692
1242.9252624379424 -5497.511073473785
-8098.9390873714865 -849.3096491692304
6160.08361578304 -7455.954921274031
2355.4637035261476 1970.7010240274067
8969.862445519506 -8958.376964974952
4847.556126734724 -3281.3190044434796
5576.146367942874 1531.0624155183468
1119.1943398550611 -1114.0531664268565
-5954.7163335266 7225.849893882594
8490.398466210932 -2141.719613216602
221.61480422732166 -2850.1587268484436
2313.536474133549 6065.486272954369
39.87345143742823 -2564.2401422639114
5218.681267682494 6604.397905456044
-6408.776630632146 6062.049560791245
-416.14753513119285 -4811.999170606225
-1715.1518045082285 -2757.9196951264585
3511.521458271165 6277.236116677546
8857.171816177717 -5253.905463186204
-7434.598733311937 -9619.037091782868
515.9396917991435 -372.30433735908446
9619.2138472343 9763.451101683928
8166.549924111125 -2856.9050720948017
3391.765254261789 3177.701971562381
-546.8257880709461 92.72083438167829
-7409.663381623868 -3253.2225036046693
-7742.626307800926 -8618.781627145629
7057.035611337124 7744.245677012968
8332.06410121655 7283.2612805908975
9910.424856696372 778.742567155783
3908.841662814819 -5280.9863933258775
-4602.615221494712 -8233.438423886833
-4598.158555513043 784.4760941480945
6017.844812477888 -5919.907761336846
3741.4505055966056 -9151.635807020346
-542.3532207712469 3388.823517112727
-5593.641038364403 2718.573000974271
962.4891635457752 2963.553255689567
-8117.412988357526 8697.680852293997
8.532278624310493 -406.67243315947417
-2936.720805267785 -5211.638092221465
-8527.081620692548 -8231.43830483716
-5986.777336705469 -3124.0290338723
980.1053040038641 6412.6868114610115
-1442.8167443849125 -2593.01137332925
-8302.423357055352 -1801.4223111274696
-4688.660298455103 2898.3947049098406
5577.143266262623 6364.923145490506
-7937.783231622495 -7445.5247507059275
5885.704306123122 7951.610165871771
-9192.292147165086 -8666.055875556416
-157.99412998791922 -6497.914740184354
-6690.094681207089 -2998.3074744559453
-9726.430180838712 1534.5862269881036
5669.639892221741 15.866450880692355
-6569.358146883584 1463.017643613477
1217.7580881626254 -2457.610621576334
6441.65339282489 -8847.82459954217
3928.3531022994193 -1544.5453631453038
-7632.648754085745 -5079.094808444466
5594.290344504767 4873.902972949974
-6591.599284671123 -9439.289605357244
9165.556013163397 -2400.1659916405924
3543.936412121193 -183.78340793224743
-2063.9169784666246 7767.1755137431355
-9273.826830739266 5777.810871553653
5674.890910072625 5074.367339954377
-4271.1387991772635 -7234.324292611583
6332.512889567075 -5833.295383519528
9845.021365668366 -461.6450136168878
-6386.145376657823 5050.302856547249
6852.04327591441 -4962.119604094249
493.77110178137445 -9138.952979652999
-3990.094093170671 7387.406259853415
-3338.1792144485935 6878.293608810687
-7669.090765800075 1486.1984345521887
-2082.203979648243 -1635.4928939748297
7956.990555816825 8300.733227013068
5699.7942662392925 -8371.591004806416
-5796.668232948712 -170.4347928566658
7211.752262004808 2650.630433389955
7674.632171414021 -2276.4617790271923
7027.515455742381 -9322.733867473911
-4166.921374146688 671.8025346374361
9583.671585723267 -9621.871749977507
-2505.3072644962085 -4081.9718841452986
8633.5449593353 -4517.0929364153835
-8046.603330550013 3650.0927009349125
4519.884134855232 -750.1395137226627
6779.799470613172 9510.443238433505
3033.951886758954 2688.0419040241995
8814.351366083625 -9896.776079050049
-9336.130187523497 145.50035679592293
-4527.822966364978 9128.179209894963
-9804.769215133321 3692.287642334588
-5800.442902015266 -2349.7597385076106
-2087.851979544952 -7331.497429228337
6769.675846255355 -8982.383413914393
9057.069355392217 -7165.971791342862
2077.9134256971993 -2929.888483366157
-8257.168184223665 748.0064664979272
6194.623677352629 -4466.707091332829
-8829.400096814767 -6677.486245798472
1655.9768488438076 -3126.9408226598143
-4207.52232141127 -63.70467255373296
9321.125879001913 389.0348667707749
-5032.250942674008 5060.835336923808
5596.592608148256 5954.154146055904
3696.846365703208 -6957.56440418609
5426.434685827786 -8438.320927912053
4177.318561453298 3500.3868457287244
-2830.5885539412575 9719.817120616033
-3788.7917208191575 -4257.276649735982
9332.017896722009 -261.9935514373701
-1096.5792345742884 3667.4528920552275
1098.915721777621 77.84042741506528
4625.812847055784 -1191.434510912004
-1300.0504161559838 -4804.487667878164
-7118.110455290492 8502.534650119716
7875.580841123512 4681.565655475595
6492.151024490449 -1407.587892334319
-949.7514714396984 -992.356608914708
-4569.703908933724 5653.050735548211
6295.795651972347 5818.833040125439
4675.630263399047 -7587.62608104798
3764.7865822059302 -6535.882944807627
1607.19581436328 1860.0264447764766
3996.1673186688113 4336.332328566092
5750.294486103216 476.14731534214116
1343.398462777086 -403.03932663723936
-903.7768669075376 9079.407401868048
747.8380514450182 8989.97807958696
-1248.7923340021498 984.8676586099864
7177.808479915348 -5297.1194253004915
5330.6706752224345 1478.6125742568947
4276.434882901156 -3388.062509419483
300.12893143091424 -9942.47751401927
2109.010020629403 7752.601084071521
-6625.8319721584285 7448.960468890484
3373.27882450359 -6515.068233038121
-2879.896094748611 3116.54357990439
5033.712543056741 -4422.212607925518
-9926.909254236267 5774.587195570304
-1936.5204874616147 -6685.561617910125
1954.5967689621466 -624.7920495368289
-8174.510026439834 7726.181452859557
-5003.677642853055 98.48380146625823
-8403.459068582291 -7810.581627963038
3906.789403059549 -3932.530490799433
-2163.7525103641738 -7124.419544151859
-6322.005139109905 -9173.720836805758
-5974.900891629393 5922.194672200556
-785.3319308169357 4060.847161967966
6243.6389447998135 4697.268716393703
3678.83328507861 8608.389730957195
-7862.57890729408 158.10638516118706
-6522.466924634935 1492.993632774249
9510.053557057847 -9940.451226325267
-3018.271837883477 -1458.8344596172137
5509.290435015628 8645.56185753618
-8650.459583890055 7072.575663617288
-3781.1966279330236 7461.976431403735
7237.1619368506 9227.654233592912
-6559.101206248457 57.11709436205638
-5284.082763907967 -314.9224656809438
553.1284834661037 8590.937930044041
-4625.887581734028 5838.610269963898
2544.3740999501224 -1247.7920978160855
-4632.5364635314645 -4055.8305748091007
-3316.345051248659 887.1896323386827
-7907.937579697217 -8685.62848485251
9747.569824921447 9872.152305607066
-6811.027117111364 2329.2521195159025
5329.918955905923 -5984.015447236837
749.7364671990581 4848.230537823143
479.73669196888113 4158.05743994202
-4122.808760282473 3549.8122671058645
4761.5938182884165 -1869.5865857246517
9166.19028164231 -8208.072279865191
6804.7068903850595 2882.2496998722254
1203.94415635913 -6222.795674720232
3505.035290139909 6818.580241637581
3849.8797425878947 4123.883527504833
-4732.791890522827 8283.856535322895
7840.054559440065 2384.494143579419
-2979.22373321573 2625.2462841603356
5171.33309387569 -4379.1953566297125
-782.0558436101855 9899.16239975053
5755.674969239379 -9165.01894637292
-4382.407230618494 8038.555273596736
6995.052345445089 873.2814635460036
-4616.945143881712 2177.3667949966766
2212.6630996490912 2360.0288110808706
-4131.231745005275 9832.478429397226
9286.266605198543 -7713.994155693223
9443.586782074304 -6227.635019225423
4364.622126852657 -8933.1746196634
-7203.821699157588 9655.591173972454
-2791.8335874424874 -5796.767887677392
390.603161816176 -6098.817577823907
4480.230562692945 2116.702057943412
-4912.175657375797 -1243.1831590702095
5225.23749042435 -1699.8914085882661
-1578.4544181692709 6159.681904139818
-1194.5072963284783 -385.367329560042
-9385.560739150043 -261.2436575226857
9728.328500023574 9380.501313140849
-3856.5126901268077 5186.172449116804
-3919.4759882735534 3850.540511357867
-5489.209634183543 3229.231777391673
-1302.9322119310073 -4278.060002542145
-2151.105415957497 -3436.456711788389
-3273.492982909669 4533.034796180513
-2912.697573850105 -7638.333030942789
-8084.740312583392 3108.3036490497525
-3370.4799591208694 5350.547998721513
8718.43850687515 1656.2074292476718
-6162.368195011827 -7045.068128108531
-9745.112271386402 -3309.120121075335
-5905.940616187606 3632.864591549016
-8840.71235455685 -9359.89305598909
4807.8106234308125 -7716.726015323922
-2455.660620739237 -181.5845540779228
2455.1902488379255 -7515.444977717209
1571.2002443366164 -6614.4764601258685
-4407.41260402941 -5673.036737926726
3536.492036562544 3976.7869122439406
-6248.376376305742 -1269.4484514501437
7919.368678814273 1883.701629989282
-2775.4075547338043 4394.2735138354765
1492.2726548078663 8978.915017186817
5970.785436314647 -8099.2082316935175
-8615.811487336032 6021.6124821371395
7221.947537424308 1005.4308063017033
-1104.6780585292508 -2454.450572006519
837.7644802759642 -8233.37008931784
-9102.663621487827 2223.4061982838157
-940.0494216522256 -2070.8572340201163
4813.3872755913035 -6582.453571077063
-6963.86151843206 1850.1499393344511
5457.386450009686 4568.671293606152
-7667.5435485539965 4262.349283586867
2422.06947067321 -2859.735431670496
-4373.686568676736 9297.000738360104
-4759.408142524606 5028.126037959837
868.5793238346287 -4556.19788915413
206.54857883956356 -1339.2915755578833
-8573.000835297247 -3496.6158438733983
7522.4589632019415 -5542.633904706913
1070.3427167269983 -6907.884214435858
356.9116233089826 -9121.96238798092
5125.438876217499 -5112.180991709769
-1574.2631753083697 989.2930710146247
7736.90400824901 -3441.100089512037
7872.708200991969 -6711.929256465359
-4117.968206052143 -3801.6969763203324
6510.449016968341 7465.851334039366
9640.970574671526 -5912.39118604157
8892.364441861599 -137.59003926560945
-4805.04328083674 1745.500751694397
-778.4120929403616 -5450.303319560725
2123.046904278941 6468.725323387724
-8236.931399088495 -9697.19065728338
-209.56240904636797 -5047.414475626943
-1789.894742682658 1156.4174999003062
-1030.8809879795936 1081.9112523122258
9366.76636894749 8811.410571202472
-5695.735406170766 7612.350825793979
-5457.186560782084 -1152.0553221001537
-9162.580189500906 -784.257624876569
6217.87992308371 -482.52502939518126
3520.201686098555 -4757.773834491188
9816.831879368987 1827.760314981142
2499.8854907362693 4555.659745174973
-1151.6167102397976 -7298.766931615426
-1069.0977373803453 1927.8183221011204
4194.197042676864 -821.455672740196
6163.937478557184 5730.753789262271
2995.8568328377823 955.480048246327
9386.963680723049 45.60008956060847
-2627.736429144381 982.875119014896
-6859.787612000549 -9189.982346467024
6110.14136964647 9425.537496603876
-9400.264640644291 -4744.622623657136
-6494.476029059073 -5032.388678440838
-8878.139320489086 -3361.3162993726146
8694.225009344751 9268.212944111448
-6736.482710279619 -7846.844253276011
6094.465382280914 -4687.419823027528
-658.9556580468688 905.2750137470466
2994.9815773380833 8470.375963563485
-5437.2352894588885 975.0311448439315
3857.096032073574 -9735.798799979286
-1131.741074462505 9829.9925129732
2559.3879086610887 -832.2216973548129
2829.929676753027 -9257.266807383146
3598.7591628650225 194.6604150430594
320.10085697849536 -634.9306094782678
1171.8431954085554 5604.745604521819
-9880.438317753351 -758.5576253647178
1095.8662970200166 2747.270208629083
-3758.8944869972192 -7202.290553057293
4688.220800363593 1875.360595156817
-7535.708640057815 -4779.493627997475
-3990.8289511538705 6708.636800391243
-9574.71422481634 2646.2387997770275
4282.268718362304 -6413.234262618533
2578.327615462773 -6792.313754048331
-8157.794932418227 1248.2556205046058
1442.990134740361 9740.09633836336
4619.9916307406365 2585.212830198425
4774.085810182782 6327.548643477281
-3039.4894160370995 -7833.834910018824
2638.7102192832735 -2625.709838866317
5477.635949809308 -1114.5227284593548
6857.578094978253 7514.634576826542
-2312.715561943919 1789.2843077571797
5865.459939388391 3428.9335971733
318.9029010869617 8944.272062560169
8768.18753376904 -5487.971451331854
-508.9329820085386 -5842.946929379927
1221.3497194828542 -1655.4974974900015
347.01476552775785 -5581.726837807719
-7271.547203156984 -954.0448524814146
-2718.906479519276 -7862.992968377392
-9946.012899366891 1843.4281779662451
-2452.738435352224 547.3982736151975
4669.485212063562 5567.023159953909
825.9378335097044 -1889.09193786156
-6501.679525804929 -3711.3513254355703
5235.648095379927 -1696.0536499858918
1697.6495733105912 9948.746559360716
6311.07405168301 -5127.944082315885
3813.557978975885 -430.2455599972636
-370.72737912460616 9448.237964118725
5368.125874896417 -6466.0353470713635
-9949.023761144535 8374.406786091535
-9215.217059773406 5407.343174576226
-9045.942428883965 8631.369044329618
5530.984116364742 -7080.210296443152
5371.385173818084 -1025.874138762978
454.8902835231329 3966.2122504685212
-2394.5416558506195 1685.7138005657453
4515.390687518626 -9128.29613865804
8677.367313033345 -7195.8089727507995
8452.471411331047 668.0168248221271
1877.7769693100108 4243.7930679386955
-3582.4240551117346 -1242.5703019936645
5722.789192757828 9922.684482156608
-4818.72787567704 -3905.987089195546
-9222.297598097864 9826.139272026161
1258.1884930302003 5891.2049706192975
-5903.170028650439 -9124.612253230493
-4863.15443818548 -5131.484525771479
-9562.292958072176 1538.7782671636542
-1225.344499932382 -3820.920797552276
2943.165615899403 8313.305413862701
-2383.9700412056673 -3586.3075409268567
7644.918415115095 6520.957612399205
-8385.819031637398 -2544.1371436999007
-4072.560761654853 -4694.245607885686
1084.8703626929273 5466.323468357099
-2998.9024540187747 -2716.2577184118118
-7306.998859281573 -6095.649884532379
8468.64885003343 6989.624181322972
8470.617236610113 5247.145642839765
-2770.6562937564104 9080.105435122023
-3512.4729741481733 -3052.555591501343
-4749.922082264102 -2804.548957165569
-4356.582037098034 1173.412036735659
5143.153939069522 7447.138677034953
-977.0036472228967 -4996.193052147868
9025.389410260199 -3309.0778184754763
-9646.667465280963 8005.288460182495
793.4589796284472 5061.003613529825
-3674.7429597733735 7497.656375584847
-3264.4878540706522 4682.434176818
3888.297347012469 -1683.2869554311728
2309.267399704886 -7954.741773624632
-3898.68403535629 -6486.653508359186
3951.942961290668 -9784.664064806779
2718.65839082158 -4818.656542620321
-6052.468300779874 8873.169893437927
2414.268109326651 -9514.661614019677
3662.0903820839903 5113.477272408507
-7606.0940420016705 -3035.7823382060697
-4132.126314149198 -3995.3444266541437
-1881.7635490071698 3314.204231918002
-9587.716534158062 -4901.311221459943
-9042.772459177813 7109.751210540864
9147.78480274314 -601.541546647828
-5181.052349880369 9299.278614872754
5824.070752093912 730.8177993575719
-5856.489711397239 6816.7000984935985
-5446.06796001142 -3959.798869641151
5125.567791855088 9278.584074074428
6499.438800999473 4808.948422301688
-373.5847808465878 -6509.293051899696
8585.191497358817 8626.925369226348
-3040.57988538895 366.65880137062777
-9669.432045186253 7874.425681229346
2580.1478417106246 -7134.934338392971
5303.034124489925 3548.758061296994
-5314.784619368844 -9319.089358518904
2229.7555480686224 -1543.6879827971552
-178.44709738802885 -2319.679622977884
-2535.106694394225 -8691.683741523606
-3169.5827273187624 1447.1186323206366
5295.131502441305 9699.900828848691
4798.154781063675 -9186.674035839435
-4523.86699648243 -6481.516097744277
5158.364083422855 6874.712339213998
8427.78595236965 -981.0885757283704
687.770501252473 -4253.597263969504
7676.245384931637 5619.181616680999
4860.77817132595 7192.450668658541
6415.944417210161 -7588.008152822236
3875.320613423124 2267.1954755646875
-9525.0984408145 9453.756671222516
635.2863868322675 -4764.87479994824
-6498.199221733392 84.14897180893422
-4927.538517090819 289.87824464443656
1853.4833093631005 -5154.3841763449545
-1586.430319407933 1971.9164265619365
-3553.350910085209 -4986.2573788565205
345.6658788660734 -311.68388149998646
-3252.2866615669564 -5684.272000109642
7505.779849635321 -8632.978165917071
-1890.074175744152 -8894.346880812456
9318.374656636122 -968.1804990179098
7827.018614883371 81.6211600004608
2926.8331396381072 -36.811171188617664
7557.796276954719 2571.262459079153
2812.845680436407 -8885.89351487484
186.24717171729026 -2521.501629777905
-7329.777019517889 1578.767717097031
-2283.093878572311 -8824.136882810799
7197.32769768234 -1833.8912345142862
-6534.641808866227 -6056.902718830721
-305.0427480688577 2508.919983278556
-3411.07754869594 -7005.8773749990705
-2295.82228795435 -5356.765370474765
9912.722269046444 7700.919671172196
-6608.736302272817 -2378.4006956701423
3041.493493964532 1314.235363310736
-2015.448198266181 477.72468353239674
-8092.354119688245 5297.455105957606
-9709.325303617308 2738.9332454602154
3191.2473117678455 7331.374640359027
8165.295827705078 -7313.283030401647
-2542.248276586545 2114.0225423684315
8786.125619240102 3694.6309731086476
8394.458226733423 5271.079349654588
-1326.3463896577705 8226.652211756355
7186.8347769272295 5008.857056581519
7627.684689597827 7458.040906162394
861.0014343031198 -6416.8023431672245
-7904.571890992229 -4015.3583407475835
1328.8250014544574 1224.066567602602
2959.5448481833864 5715.483492828233
-2092.7726268294646 8847.012027532925
332.20886166677155 797.4206654660284
-9756.523033616235 2699.079925044505
3663.8995620864807 6299.48556718396
-9136.625620349996 -5971.831209306589
9323.300473941948 7388.518070039936
6969.413907902312 -68.78146646334426
9777.32786702623 -7143.460762335442
-348.85193567020724 7728.042956749065
8597.97510054219 -2885.7380104595068
-4669.852757326487 4524.005879226164
3745.316689541487 -1855.989877617334
9047.092048957875 6066.157163792586
7923.665380000679 -4590.750747012995
-7891.295144944057 4563.852942171392
9280.537841362991 1346.8230989442727
-2352.6255220088824 -6163.717658059156
8315.736709906341 -7178.09957132387
6806.483370827373 1965.734009099915
-2409.4837737818016 4804.546658368956
-4450.385206255256 6576.845972513453
-325.546315562935 7530.731701953184
7501.955202091205 5928.480588530554
5740.302628013944 -9460.495224166336
-8232.620489090365 -9803.727000932862
2314.7678094610255 2231.9603349500812
6324.856156153726 1640.3226948809515
-3084.216700688844 1976.5360467448409
-2607.0358221947054 9793.8785613707
-5345.445718975148 -6710.922200837664
3061.473515201762 -1624.7023960318202
-2646.7497011388996 1245.0312360320477
-4475.904524457453 4316.9493812814635
-5673.077590702443 -4964.9952213125225
-9593.335597117326 6121.152217280001
9700.853919269764 -2546.1302657740052
-6029.827718408547 8694.626266085455
4982.217788034153 7117.4655622643695
9378.227473860195 -5120.634753099646
7577.5681571056375 6329.881150830914
1753.6735394524494 -9910.779763074484
6045.353159591694 -2221.8050211455175
8409.252229018279 -4222.086280661046
1095.288033320032 6610.458051983791
-4577.643023667384 9905.586519796845
7694.082946317816 956.6116696143708
4634.073909769762 8137.4086690440745
8109.6877791443185 3580.9435397130655
6187.873083258002 8199.176240747216
-1676.1497972941033 -9891.422145453906
-9116.545749171511 1631.2243708367896
-9034.534301121112 -4852.579575152687
3906.4221248142076 -7876.598761367721
-3235.1675669690794 -3369.129405010236
-3095.3829120171395 7680.246727103782
3501.594442937132 835.5234557123385
-1082.9254303673679 -4943.076656598746
6516.8068332216135 5781.9952900694225
-1678.2365784336343 -777.1337979316559
-1917.7890037790175 -894.0952180656604
7753.384347942323 -1948.494827608798
-5732.531594771329 7989.957020524835
-8147.3120713827975 3000.8407699649742
7418.761389901072 3376.972476359735
-6256.0833315906675 -9758.958905825853
-40.18848113338572 8437.623011237862
297.1267398289492 -6498.349753876279
949.0363788290597 -7854.470238788016
-1482.6803484280863 9852.393342494663
-9325.78164683288 2816.2961472226543
-4187.546741121932 2697.9732792425893
538.7099634112365 -6404.057936935003
5427.558680872833 -7541.3357021939855
-4409.1377409760435 -7861.871506948288
-5007.638474015148 4724.906138679875
5271.017743229078 -9911.549248931746
914.9428776087461 -1884.4815549516688
4298.062173598388 -5502.004206431768
4264.143919515713 -364.4497462919189
90.19309071193675 -7082.7352936831285
4818.569008297212 -5978.80677918447
-4287.791503771059 -3324.5397332709435
-879.7974515282531 5375.595834199927
8064.288744415975 2729.0531961616343
5655.8043331658955 -5659.189380573191
9874.885678466791 -6532.553310257721
5699.413497635269 -7882.475493625472
-8966.99327240227 -4007.5408685883103
1884.4374295547714 3835.625045759045
-107.18284661300095 7642.256556146276
-1766.0317719535306 -1904.9460282624104
8406.16493669451 2909.270038304825
-4836.8828421685575 -3062.1769903537224
6286.258899878183 8405.543963889795
-9122.680509779486 -8921.547757796407
8878.422262318636 7157.85822360581
6625.712528900654 8911.51149080709
1011.4626477009042 -8731.117666603392
7428.855903765667 4631.350270986724
-5174.110753726662 2859.524335463915
-7814.792766591257 740.503267537084
-6577.160659645942 7211.538314105346
-2529.070568431138 3289.666078122167
4150.247776324964 9158.365484144771
-2117.2346829854623 4383.543637719509
-4559.557479564953 -5973.909229846846
-7566.139054709376 -4196.719335901417
-663.9942208419543 7805.295419745271
1297.5863811872878 37.58697440277683
8188.400317382104 7738.50688235704
104.55183562602542 581.0777673821813
-1513.4882456475625 -5863.1643041676025
-9966.824083944479 2049.758156766431
-2630.0811684716455 -3006.6904681287806
1094.3198605278594 -7520.019244232599
8104.354960797376 -3160.687382316325
-6704.344149710036 -4881.380015288679
9644.484253251514 8294.45441017369
-4218.406407651987 5078.6066049500405
2381.7732671611375 6889.077264942483
7579.746437974034 7425.3716341175095
7272.884872021052 -5007.449724297763
-4754.919770173882 7576.164740828226
-1233.302690948316 1059.3728075413655
2478.0295172722363 -7664.3964176575755
3295.681953254425 7909.0352883635205
-5296.9590131301 457.22800049604666
4570.055199661214 -9615.516160934756
-2370.8606889772236 -4687.763405799786
4510.753469004945 -9512.052836427878
-7025.706854606984 -937.0091775517794
-5620.0408650389845 8971.780472513536
6820.48380051901 7680.264386541916
-5484.4658530369015 6365.902610240626
6476.5653845626075 -790.3463071220522
3048.4054418084943 3552.289687458888
-9738.860584661123 -6116.071693264539
-5920.424027194415 -7749.08380521455
-8722.166330639006 3994.5479155050707
4016.1056847425043 9160.418147455672
1040.5332463579198 3876.9503486876947
1113.0605079893267 -5999.318304838345
-8283.742692731988 -4069.369059868437
7741.080826863661 1333.4480988482574
-3211.457737228482 7286.447328277758
-2503.120143544317 8790.94206367794
-895.6550108342071 3549.973916953677
-3.362002273232065 221.43667930831543
-7447.36806409938 -9008.849097283708
-4960.085486901695 1264.5700195237787
9032.978320887927 -3383.1287352070412
4804.3566482355545 6998.1371180073
-4092.334610265655 6754.558192850749
-2170.8633006228047 6551.989115050204
-9209.094176797333 9091.191089054802
1767.7133312216847 -2036.4265031421037
-9686.00331070142 553.6426103145259
3238.158925270549 -1946.4419582057644
7415.3475726391225 -6017.400335156151
-7428.0392881726675 6728.889193858271
-2260.512119534097 243.7432410408128
8859.853253703044 2874.5380365104847
9889.324802050603 -763.7269904079694
-3584.104440197125 9874.095164543323
-3438.9409290408594 3200.2607479111593
-2371.3284135333424 -7196.719392673738
-5998.655648477135 -1209.2657259418047
-858.8655429170758 -3530.6539198078353
-4238.587790754796 -9422.212468208734
-1601.714555773122 3723.2457545289744
-6616.939813863191 -2051.5683848171147
5824.524671183213 6850.363773273515
-8563.460807823949 -172.7071878450679
4240.1727284097815 1349.4892472066167
7240.541424158579 -2800.31410807442
-8400.684664719125 -8961.361160001172
-3370.3487672169504 -7888.013060718335
-4271.220078659168 -3819.767442482762
6294.764174783424 3640.633725415717
-9529.286743723193 2197.0305955229596
507.1462285577236 -3737.500542691283
1478.8778246993388 -4445.849115435658
5446.961248366199 4125.78617483645
6891.448044667795 5511.393102418286
-2107.7574320366984 -4088.0198200496734
-6799.258770189645 5703.993316688902
-3315.550428537699 -704.1620418960192
-137.0283674148377 7888.852087322059
-4828.095688851362 -8548.237582475133
-2461.2232706859395 1697.1719052595
742.5572996713672 2621.3383790531516
-5672.080890998208 -1136.6426628608697
3592.68424545802 -6551.79269714258
-8040.778833880997 8153.932953713196
1038.2858088035355 -6397.137980564074
-380.54778682600227 -1900.866249428046
-4038.8972518373303 9161.35211243285
-3047.4625376234153 -1366.2540461758854
8391.32006369868 -731.7053212197497
-266.8847534592933 9882.660255720111
7764.198940785431 8805.992706237721
1816.1343476967413 6580.527794289112
-9951.981776118242 3107.8680010559037
5186.822508972251 9993.796938300591
8725.869236223814 3195.8237277242333
6283.031811958999 5717.329179945646
1524.00873753421 5587.557824160003
1234.6086587189911 -4653.31115382704
-4185.378432595697 9411.254021347497
5262.099845020119 2781.1120625820786
4781.009838722057 5381.4804362268715
-7800.2378549666955 -8208.930056035411
3718.373064660027 6131.538641491148
8955.493033730581 -9511.763173983101
1253.5081930225497 -4536.092413772246
6692.967301362314 464.5928522593822
-6198.089023097155 5271.833138315249
-4381.092166496923 -6378.711228534857
-6759.087946475135 -6798.476743005802
-6518.915066160278 8086.80739811037
7562.647733025828 -8434.19014478621
-769.71029579479 6127.867861274915
-7819.189841083001 8586.553031908617
2772.187903265678 -8414.583259416537
-4399.71140249734 6734.455781495617
-667.3918640655193 2121.9654555994475
-2681.041856866269 -248.615555964152
-7317.51384533688 -7554.568137081487
-1883.9573323916748 -118.32752752182387
5316.3325659006205 8678.554235261741
-6708.3806330589705 9905.309287950862
5650.756947541451 1171.8527479802015
-2042.9994163892197 -9242.68558107997
-7592.772340991818 -6687.98361351824
135.88238796660153 4834.006134024796
4565.913697874617 -2743.4995441480696
-7778.70147651287 -2471.722115680317
-8374.900089716839 4029.0337075258212
-5756.415189227387 -4897.601355215551
3373.3338042845226 -4960.377689230857
-6560.294288406123 5698.2755489253705
979.11121051595 4846.567246145532
3774.4632002828566 -7898.501752647324
-8074.432604457326 -9143.100964394725
-3650.7543748867647 -183.08461351733968
-9834.7061335382 -5334.451511261802
7044.156863009448 -7920.122360567599
-156.9375779461916 -8137.521723719121
-8725.511425260122 4618.712705065207
-3968.113259715431 2390.9077729451164
7402.692480960315 7300.377275342456
9150.518044656394 -8081.342755166949
-9867.868643140198 7232.658099352269
-8921.883282216226 -3811.4313498578103
3119.068610987417 8462.689372416986
-9545.496319445272 4942.838774504133
-3925.503561720784 -2897.0337776151964
-7747.943952061636 9770.02626994707
-4212.428942229436 7532.431270031364
2427.957000821989 -8897.607394704924
-7212.431394070655 5261.633041546918
2313.1739518543454 -6404.858059535656
5771.441560463785 -4882.660282443816
-632.8039958851568 -3751.9620022961717
-5540.7980103601085 9593.423059537447
1025.2114045220042 3883.772681451057
8199.52498974623 -8468.791198650097
-3412.9342373920827 9976.377555943196
2433.112559186373 -2266.084493817064
8445.004192992325 7326.8662849963075
8031.518240362682 -4313.801234245047
8419.840808685585 -7287.791359840308
-435.70846309844455 4241.228448659382
7572.875852809411 4387.642638048179
-2292.548470674742 954.1341168711697
-1416.483277590345 7201.231967146679
-1708.5414476535625 3682.052359171428
-1369.7689002618426 -916.51160588528
5897.017685269195 -7862.572348197101
7685.109951149439 -5196.213389706106
3442.1782084137067 6272.615514923458
2229.969123449726 8139.190367832121
-9135.613453366434 2690.2441827936655
7624.591225754124 1980.2385978588773
-4213.729044700356 7715.204275769338
-6294.656961132565 7402.128630250754
-3035.8830750839625 -3669.4675966939094
-2334.9187095913003 7358.639654315415
7353.137918403903 9870.86582978175
-4137.102472177438 -1589.9368278058446
-2216.1995805481656 2183.555205749879
1934.9287971237445 4775.2896913637815
4528.628639442219 -6091.081610721216
2425.0953205034075 3002.1278119725102
-5550.9416683488635 -2402.463681908871
-6872.7001729416415 2678.823616671456
-52.926686017666725 -7426.108787857682
9428.272148939373 -1136.3352322289993
2606.5153853206593 -2227.948964151634
-7837.100067292151 5288.449659429729
-805.8949425787814 -6789.477141767109
-3158.462174450862 -6104.477935343602
6600.379994665491 -3660.2134836992554
-1418.5404957400551 5896.961121899461
-6664.098021747511 8187.441396840175
7672.2471347522005 2298.4387028603887
4358.249869213731 6042.297176239686
-8572.399775092681 7709.1503951591
-6709.535393135919 -5639.851730548819
-3176.3288453168643 -9736.85860358925
-8498.227153728347 -6359.622767177712
5396.7147595246715 -7393.752404737011
7056.567250400218 8213.93831546039
6970.487183578167 4156.7821301056065
-1802.2127464184123 8199.679952171296
-7993.523601583111 3227.008336686453
5815.990030242618 8327.372151674332
-6282.278982882741 -903.6660635973985
-2734.4379929646157 6892.203410105834
559.6145258368506 8756.07970478815
9924.677772237199 1796.9332642231602
7308.756920070726 -9200.420346352228
7055.770431870529 7454.272478659208
-1336.430494264503 9810.265218875898
-9191.568834883328 -3736.510270977904
3148.0456112664524 -1395.6884857490804
-2383.1872032046704 1441.6369917796928
-2927.3384866617344 2813.3126322000317
9778.769353699587 4181.18979015138
-1595.862026809462 -7453.633361522623
-6335.879493611112 7422.320423230554
8618.389736231104 9249.857430401069
-215.4185477432584 -9030.589532760423
-3041.339052842469 2387.127756357153
-7131.9372473247495 8247.828450260698
-4006.5030794149516 189.13708305069304
1115.1931806152934 3688.3921465091626
9966.869732862418 -8518.887107723189
2976.080673601964 1543.359931700963
8155.412854981907 -8530.892729314995
7070.477284262382 1879.1766874415225
4295.395286447885 3374.2736490003062
6284.677418914596 -2442.3671966987604
-9885.289275611258 9931.585721793566
613.627235496082 -2791.522023593254
-3897.185469623514 -5976.3638925146315
4976.884551797586 3512.9547529764077
-4125.799791455022 -3900.9586778935154
8022.223621943489 -6440.889345145997
-8171.332217329062 7528.9014460442195
5840.833037761275 -1403.8364532598898
-715.7249849559303 -6316.336481625404
553.215550714458 4206.59686369958
3856.5482856147028 -1733.3631320518452
7885.05148431968 8731.061354564681
2580.149897244475 1319.33072206631
137.443643290193 7722.584033077339
-6883.109721372951 7317.675580152529
1366.1209260202195 -4727.031904042152
7366.6044002570125 6907.1018573284855
-9880.670219364314 9245.691621937687
-4104.9226338390545 6078.359243462297
-8255.695800990132 -3233.9822925402514
-2184.1353401468996 9964.861232529009
-2942.64474374784 -1239.5850807232891
-2889.5013315808064 4946.2420838494345
7082.781732896416 7903.8278652804365
-9155.759651470726 2371.7374524613824
-5399.042287935096 3024.709920957541
-2667.821470949272 9970.87890937156
-7593.8862587597 4834.157677549931
-6966.848777183619 2897.9234212851643
5459.468961897435 -7213.113351152388
5796.602648262506 -4639.66813137769
-466.44159673856484 -9051.810905192586
9060.16051508046 5910.5200904334815
2478.715583765521 -8067.567606963479
-3306.634627572378 4734.011787663478
5902.866465131343 2295.0505765150647
-8594.35708161888 9646.032044642747
-5159.084438387078 201.39358496251225
-9015.733775968507 -987.518678222772
900.1811083770299 -3237.7897314386582
6100.714093389257 -5559.860780536421
-9596.514145823414 6116.935249015045
-8978.52183213742 -6165.148594792274
3211.6624706855728 -3837.6357669150666
-5717.956067499743 6305.366733931924
-9807.605381361982 -8234.28744810574
230.41077990626945 -5605.617709012052
-2287.528819934534 -4632.557633775785
-5680.819936890298 6247.281155072889
-3934.3212217985847 -3929.3300299722914
5122.900500603191 582.9309458222269
5408.727754456373 -2369.6426038881827
-5719.995131731032 -9290.160798770139
-2437.249322522741 8196.898272988485
1906.3426452687145 334.85475101587326
4948.074032104632 235.12749433457248
9499.953847792287 -6459.4915907937375
8955.12271045068 7731.173038853714
-5045.599815444519 -5938.992239007282
9214.465256713476 -384.01119652984744
5020.617256928159 4865.788603433184
-7485.827378168064 -6724.197633749833
-595.0926049771715 -1936.5541221087715
5522.814959371857 -9913.871437067768
7663.354186771139 7267.763079881763
9011.57434325483 6097.39930338729
5150.59519705632 -178.52533941733782
-7070.881867973065 -4683.3378607187415
-2496.462999786595 -5347.705515146319
1468.0195983178182 471.22051690433
4488.266860025653 3039.6544874742012
-4828.320248112667 -3293.5202741505054
-6488.940093027891 4199.499218751793
3165.857373107765 -2638.322368876462
-9307.957005691287 5348.3975364985345
-7240.932554000308 7783.585868825801
-6877.269961473269 -3212.877353466728
5941.2709727715355 3079.662611524456
-223.69563894150633 -3452.2222908478107
2720.4235510242634 8778.561905985513
-9487.831302973666 6277.436576983533
9771.625274204955 -442.7029497015719
-7286.042173160087 -9714.82470400295
-466.250454000794 510.7650874794217
3322.8463544074 3058.2909782679926
-326.39863777307073 -2119.2528251668837
375.6505667461752 7057.387792288584
-4252.199949729691 1727.9065348077038
2629.8810129330886 2228.939156725839
927.7492221573539 -8278.288096211227
-1544.4476703079 -8572.174170075396
5813.199811410614 -960.3854941761674
5896.215903802344 -8178.7380411364575
8645.080593549741 -7691.776165534873
4649.339363155905 -8650.573620563899
1638.4183421092694 3585.6225886969914
-2311.188649553833 1447.0219954295808
-7308.6707692698765 -8424.622808356897
-4649.999443875039 -7516.102431145926
-6613.778557693044 -6420.8016176137735
7920.469902403318 -3238.2386224124284
3984.4996318119393 5136.616810147461
4127.084645367409 5407.93248858028
-5973.774824151131 6866.444984985963
2382.920774707627 -9864.01903238493
-6818.665686940994 -8283.795583511343
9255.03094849209 8597.006180084172
-8840.819074335806 -7357.906321283256
5336.789702224976 2924.2177633890296
-2231.6797567685035 -9316.503867181531
2556.183842467228 -4922.61144180596
-5371.389012733097 -3537.5841884159945
-1075.9216932788295 -277.35365085536796
-1427.1368263174809 4329.647021522827
-3175.858055277825 -4363.006127696072
-6564.57444023895 -2304.1183477896166
9168.777744994215 5.833101709069524
-8289.749074124982 -3472.625045441353
-5906.95405920705 -3514.306057165324
471.1410411802135 3552.1833400166415
-6668.756134903853 -2466.7364287326563
6982.033030982144 4414.406033357474
2018.4424555791993 -5744.282284578377
8585.32825217006 8830.258796965041
8381.954615664312 2916.2727689428993
8741.445084809711 4741.225945787217
-9364.65435544485 -3767.2342897281696
6502.912730017859 -4474.071492366136
5360.279170561496 9735.998035192162
241.49165264731892 1523.7644033780543
6759.118255782905 -1291.539729964361
8106.955568026366 -8560.220499360537
-616.1185490042317 9602.984668330606
-2518.6712467263405 6641.631829897327
8294.801736686084 1344.7603326470235
-6397.464696891908 -8074.08128002419
-9925.617708087108 6549.0650302706745
3566.555137362664 -9977.454869765703
5720.520563699252 440.9635696285022
6077.361561771608 -6077.781950652677
-7835.092445807681 6142.13996768473
-400.95003775101395 1053.5520249248002
3010.57919288025 8993.9223811409
-8025.261565821493 -3597.3174342034927
1055.145684381443 -285.5159892686006
-6888.028408270997 7859.693312474079
-4736.1149947605145 -3557.905944923672
-1005.4912665225529 6392.558474249316
3079.5406823946196 9095.201846453921
-9934.447708364683 6090.718654283919
5303.318476093964 5984.059181066859
9937.602027477162 -5313.186955662146
5254.242339783979 2237.459764163128
1419.3063810814892 -6143.515037458867
6511.670978189864 -7637.875694629457
-3990.1902977506106 -9587.391485447066
4268.44552046131 -4868.882069214095
296.2778184299259 -5548.340010580703
4169.788584236816 8001.63859617048
-1899.5857339396234 8576.393195377797
-514.2651669515417 391.38644843366455
-9245.041956086885 -6489.639951060844
-7437.472771575127 -9603.351895159198
9551.296898279921 9736.239932094162
-278.9333842528722 7914.135373508489
-5815.509627793714 2231.342234665459
-9881.834509817229 8632.513369401786
-1067.8493993217126 -4059.9506525409242
-1440.9904997113208 7988.476434195003
4338.7939920559875 3314.379915573958
-153.11770310056636 -8063.8853092240415
-3662.5828556929373 -7929.747951742809
-2021.1276533889813 -7742.753821379176
7025.225803413505 1248.4423203012266
7343.9355270660635 8144.269486962967
-8279.416933010321 6735.626172845707
5052.336791509604 -7083.9829177812335
5463.412702142843 3592.3104193781255
-6376.838225428941 4980.9894830120975
-1218.5505126493317 -8149.139261593677
-8520.769197498104 5541.253978609813
-2670.13118253814 4888.242614090499
5046.423569850278 -7965.800987333607
2922.0093512816165 5044.489062636803
-9272.944139207688 5938.250240155503
-5495.965962523413 9849.330041160203
7614.628341938442 6322.541742522437
-3213.4502920065215 4035.8130328417665
-7460.095984434627 -3600.5360962806217
1531.3511591879833 -2538.8484253770002
-2114.0544338642094 9342.899925800302
-8098.389007574482 7121.451288840406
-417.61764912267427 1763.8760978455284
-6180.991389400488 -7361.635987240414
7786.846828370639 8489.253943602696
-68.57983389751462 -1087.8737188020968
-4015.828578380867 668.0037388112742
1579.9772571758094 -2923.1509946495235
5581.589141495842 733.4992372118868
2064.4334185005755 5460.325506372374
2550.84518359914 2379.1839343787797
-9459.042041520492 -4057.9601588527757
265.77652640104316 1458.8592671512488
-9953.397848230074 7919.452625342201
-1593.4238570023626 4601.76310578397
-4570.124311194479 2034.0569523996182
1649.6140837026232 6336.501618781947
7376.9939275606885 8875.100340038523
-6165.654051327309 -7353.1933723402235
7258.535844558548 4070.273021157236
-6603.513560350604 -863.9980003623568
4181.395062810681 -9510.932262306551
4079.2975205332277 5355.963337536605
416.07333678669056 -9274.064498896343
1282.482689621349 3360.2628012330515
4279.511503068805 8596.743099581185
-1119.158662133461 -1829.8991363713221
-9411.182904837286 7073.472357024933
3942.4948054763427 595.5245630497502
7961.401663758035 -8101.514237889775
7499.1485535691245 -1266.6528343696245
-477.8043355573627 5061.102130148105
-1631.4879228431291 3467.0881873060625
-1011.2360225717257 385.624301453523
4001.655032062139 -4576.848593989309
7640.309052890581 -5328.624229420997
-2574.2624882695072 -3908.623443540364
9336.696297113886 2141.6985201987336
2575.1975029462737 4196.999099494988
538.7917686415294 7400.278050597772
1652.1530816128434 -85.04257463697104
191.5694143674209 -7340.428105063026
-2370.5882603698283 4146.4016617680045
366.5905643631668 8697.506314286537
-7392.843980143535 7831.154302869985
2720.6179840044315 5815.038237981873
8457.014103998845 -2851.2143806674812
-1887.714746544475 1008.559294630797
34.89260721957726 -5535.127589780877
7128.893647328256 -9362.453301060008
-6783.4046767251 -7992.091394896692
7810.573286929015 4059.255988743216
107.91537418832013 -4483.741466622697
-6480.809350584526 -6981.33009759434
2003.5435188022711 -1526.5760255961704
8684.548391350494 4023.310914852038
7016.784053190502 -5946.170245715179
3070.579652522567 6498.944264884463
3774.73474063687 1530.2219110032693
6239.39082775407 8213.593043271809
5171.244101789767 -3352.3174233843074
-6948.833849329421 1273.7020718120966
6892.60191819771 -8651.827714871531
8323.10329719667 6937.688019476063
-5721.402083308111 7233.421752331935
4180.705462177981 5558.522420621763
-1945.784734543472 9282.88953349616
-2830.090096156572 9158.395888872896
4564.900622201076 -8402.577440180685
-6141.306165557557 -1545.0714916576835
9370.999207022585 -4681.849663270319
3441.946985856397 3599.7817062288395
4404.602258480545 -9625.942057732016
-6226.434895455713 -1543.0483358421807
8364.708283776221 7340.586897402991
-6715.13036752885 1939.4110903304045
7624.262739825652 3445.5142408635165
-4591.385612876759 -3260.808755461624
-9354.714236696653 7637.278994483935
4413.000462360475 5727.389447933219
-7254.0357604756055 -6365.184244419155
-8039.724598119294 9366.993026547145
36.235311399854254 -2993.1271671739723
-7760.357157458053 3672.834990437097
-8563.954863660545 2582.693640063975
-9815.621872434436 7569.370895596632
5913.1248305382 1874.8491184226277
-7931.814132013211 -9061.590815279756
8424.780924244616 -3301.088236208243
-9313.993012703657 -9784.700023311214
-7479.148817562631 4803.568229061146
8359.625218337653 7083.523585700001
162.63905167037956 6078.683408884846
168.58997736818492 7633.999895935936
35.289519988482425 -6212.2861319900985
7092.124976718551 -5703.137959750628
4478.72966462453 4274.801418532159
4157.841179571551 -9080.156675057136
2134.952816433375 -9274.23767468279
-7771.754131850832 2558.8248420729215
-1492.921525115613 1816.1035944513787
-6283.822020537264 5862.502087347697
9848.284571990353 4458.104843831379
-7694.535444488158 -6625.462745561599
7146.348645009733 -8637.096142022758
4663.250182762831 -4357.033870886468
-3557.785988885227 -1237.5591732103403
8165.607513432544 -1281.964314109795
9318.631205850601 7390.008737017979
-7181.812995870956 1436.0567215768751
3117.593323321573 -9302.923910392623
-2161.1721566855713 -3171.7387301460185
-5707.06150210891 8287.949246438839
-6220.794174002347 -4939.942871095855
-9722.853590231021 -317.25715036600195
-402.25279121918356 -8502.513796800864
5339.014042627354 -6226.952126875385
756.1971954043274 2814.0885164616684
4131.551221727945 -7286.428664829407
-802.6115764545175 6492.7943990298045
-7022.907111713939 -4503.048521661741
-1028.0904581097475 4643.855076808526
-6590.717380060809 -3912.161500799418
-7683.474807696102 -8248.752677799272
5089.234329743345 3746.2502756622307
147.36909503715106 -2223.6184695423635
-4064.159327797074 9049.11433139666
-1783.9285925805216 2989.3516454454257
6157.84957305647 -1877.1903261738053
5587.147904915086 -1035.6266143861994
-152.01389720323823 -271.5641267842311
5630.136949033244 1367.4639159497929
2897.055036153275 -4904.560535955476
-8619.88738723443 4480.817898627634
9208.61481461269 8778.129280633362
-3094.6232872922174 4849.747231130843
-1457.5304652450777 -9686.4715177284
-5768.7237370645735 -7995.5458177768105
8787.886194062816 -8912.090109682726
1404.25131857196 7900.312580256279
3065.0864921118246 -1426.73479731507
1440.3793958845763 -6463.2578248444615
7776.243229120824 -9026.119515219207
-5812.167366423367 -8843.834337882512
-8425.158939243984 -672.930140393335
-6457.176243635497 -6509.056725863174
7194.93631932827 -8768.94303274281
993.7733058858521 7717.585129869138
8179.501059675662 626.8685379515246
-6871.416186490706 -8906.047972558114
769.6859769120128 1440.0414928237096
-4474.932368439068 -2303.4426054153446
-2435.4940635482735 -608.1754523895324
-1645.2750596343794 -8758.507861933262
4033.1012152250787 -4081.524902262119
65.23025413088726 7663.895279745331
-8440.624643806523 891.1642273806938
4667.145253964936 -7052.689635601806
-8578.511623377528 -3292.1129577064567
5435.512417614396 -3364.3404512637835
2956.3165441960773 5332.710258677109
3247.1760729403195 9526.98558958144
6131.663768717115 1986.5700779388026
-8690.212212983603 -4760.485975166389
3846.654815377575 -5552.244686700916
9698.657248733169 -343.013501467829
-7496.595287884194 5299.109731811008
-7097.274678309651 9701.639435233443
-9259.290586127287 -4037.101794803979
1491.1177080322723 -6550.407101394005
5693.160564219092 -4006.817038648969
5046.883450763435 7294.8249266879575
3736.7443112473848 8849.46747289005
7674.682975920012 2684.318146185198
-1595.3552378718068 -3745.736340116501
-325.6597952049415 4888.3684937761245
-7995.387042532778 -2758.8411161638323
-617.6607276897867 9336.44428792849
9441.942115229936 -4871.153061441806
-2281.507192192089 7240.408694642254
2849.72648407258 5910.509552203948
-5364.827476114642 -8456.696048323194
3850.745386957071 4926.830410597311
1451.6454071754888 6673.314275868233
-3377.0280467143984 -4805.163199511131
-4033.787072801143 -8851.067334298721
-586.6432626006226 -9606.334255651665
-1725.9846837385758 772.7518461397594
-5257.801023369293 -1737.73837478325
4378.507428463727 -8032.2861306308305
-736.9311886789219 6042.913197657532
-8030.22012543837 9751.064031824772
-6909.095573961897 8608.44921848609
-1846.9532676202016 2907.6422310647886
-4616.439403774902 2039.8197016328304
2445.787296698858 115.5775090664356
-1940.2573492800948 -9325.315829562338
-9977.830645467613 5093.83215580119
-7241.076717945522 4026.5512691601725
-31.438487363895547 6282.467832079268
7496.477958778272 -8522.090026824548
1224.0700747726733 7132.896949348065
8939.950800136692 -2720.3046211411856
4915.220347144927 6776.805369633876
3830.0122902648145 -3856.6443333652196
-4045.96454487572 -2341.1811842109655
8792.311018019256 -9409.333058939621
9053.93629583703 -3340.5899855229727
-8365.888453826825 -4769.6232862757415
4728.0360148005075 9300.940370740234
-807.7717555111794 259.639903996409
-630.4373269376756 2821.1343583125345
-3103.5491659030013 -3257.867501797391
-9825.705701390369 -6785.29991768244
-6564.699677008914 -406.37217502197564
-9549.947548169199 -6214.794469712961
-9741.39179548864 709.7267875589205
-6231.543803841469 8315.73531853869
124.07754047673006 4299.340978182034
-3550.711154228883 658.249414919761
1492.6320557930067 -758.5636144220389
7027.992943770725 -5642.01758320698
-3699.977989469294 9161.442876792295
-1358.037447124494 -9129.381046241624
-2520.1958176547178 9927.653571801166
-4318.544942947014 2996.392238659202
9585.481165309346 -3603.1669639473575
9586.110091683895 1346.6563561761704
957.2255810940569 -4507.835278655823
-9671.79511903143 5974.892562854417
-898.707623985043 1075.5784079452642
-91.05319144765781 2745.5107745810637
-7702.150178058877 7580.392341409341
2104.252432618261 4580.219206862088
9925.650399281421 3999.124337364454
-1268.3863939813673 -8586.861859792223
1589.5876701743691 -2424.7736547788663
6869.821968645374 9502.24022647645
859.858692513897 7426.400466953808
3748.4651594573206 -9313.89245401567
3279.110895664993 2331.0665843164516
6434.269035082714 5241.4002992170645
-9733.4116020592 -5961.544430279355
1976.5247815131152 8187.838935493262
-9354.023576346337 -2283.296198977716
333.97736870853623 -1796.09140222954
9746.274234059805 -5467.757749974624
7190.7302742378015 757.898123646426
-7627.30138705571 -2142.3361467266823
6678.8597290663565 -7374.703485646132
417.2709452243598 -5765.823895671938
5060.595481384813 3654.9722689660302
-1523.6060544487991 2968.638648311684
-4416.9140792605385 3462.968691169879
-8434.60864758609 -5875.903310210832
2003.9108377053508 5674.1534622185845
7867.62248635124 3666.6323627117126
3695.667002418222 398.37297278895676
6428.458447619341 6660.251762862907
-1226.885070730892 -3180.8468957405503
-5197.948262108878 -5344.5573400183985
3346.5143229910645 2089.4167589420776
4881.487061457237 -8204.065628845605
-5210.047833985163 170.07250266059236
-3509.432304063569 -4327.89377175709
4823.605212417848 4813.749562107667
-2211.869622334956 3578.3926215512383
-5755.950376364794 4587.356681315932
9133.460072017057 2585.9335646462296
-4703.124393255771 -5356.458218427587
-7215.991834804676 2720.6436450517376
9971.03158326814 -107.44778676307214
4644.300081056148 -3459.2461646379725
2904.466219609316 -2707.6197565917546
-3742.45500198463 -4463.191249920266
6125.8049751107355 1166.5006900927438
5329.146253999288 4030.99816507212
-483.0519469651099 4774.911263103108
1293.9441250154487 4631.601731743085
5666.630529137667 -6194.416576698744
-1213.3070517593442 5802.249784392965
695.1498365349253 3019.850737206516
-3652.0781671350533 1734.5910541160974
-6334.38701194822 -4023.345496345145
294.99358849576856 -2533.124468923669
6357.217210647224 9576.987997414002
-5589.176357117139 -1930.1364483338302
-7538.766022666092 111.27230085766132
-5049.618791466921 9725.375925103614
-9329.478971480523 -4441.190361025984
7437.753890284501 -7348.286503851189
9668.54494327707 79.87085129488332
-3175.7916573640423 1084.07025067034
-5315.951981081322 -9042.631880309626
-4199.663102373031 3896.9809498010145
5062.65850602172 -4313.517145461367
7403.039119008568 959.7441794223305
216.89222737740602 -2522.982383886445
7530.740545757217 -5055.333619599027
7351.149529001148 -8875.35455489027
577.9091964978925 6061.887841834217
8518.476455532447 -1976.3543415157474
7122.582987282658 8073.4453100125065
-3148.999175453464 9035.111635870697
6448.284757717611 -2056.856016523696
-7783.872669224301 -3008.975925896276
-1345.6513134917896 8607.708631877715
-4914.285517184396 6805.997258464962
-8793.655604415157 -5391.404247811782
-5934.371393087227 -9515.097752735262
-6999.058465594583 3702.7534103574526
7318.212567923467 6755.979591654923
-4632.793089283278 -5925.482521804319
-8979.623821062281 -9374.529453245636
-6101.005184941748 6399.748457278696
9035.156066055039 -3158.819963828654
-2389.267716035115 -7232.789606403447
7134.765522095353 -6931.180239716881
2631.5694974416147 341.101138716087
-7601.698491899145 3526.354924542142
-3499.481009453467 6652.556935053788
3817.4289288634645 1888.0155951664965
6097.85749973316 5536.848662485421
-6321.470632997905 3461.0132644562636
7345.725963131361 7986.906486413078
949.9525089683993 -9045.578017771095
-1966.4757687648353 -9427.298954565485
7688.156350777674 5601.096978024989
-3528.6619509937345 -4420.070367650109
7386.697627635254 5959.888516965746
8147.309294281273 1650.3564776117055
227.16882066302787 416.8390082292153
162.50669594426654 1460.0554188914502
4351.350935733299 -3779.5625859386846
-1060.489736526808 3850.7226898968074
-5441.003541120739 -2172.571850607581
548.5866490504395 1833.1255626744896
-9754.175760249213 -9597.935733782942
-5032.021591599767 -4989.342557417458
-7068.551038664142 503.1077448853757
-4307.503928125447 5224.884426121056
387.139243107491 -4690.71186760057
-5672.750063917698 -2396.1366193810245
-841.5521562040685 4175.3286152403325
6151.022513191016 -4302.068899198963
187.9099130771574 1877.0659915199685
-2893.5674704192006 -983.4435175148592
-6721.828482552805 1595.584999008459
5271.700791631212 -5966.236407965489
-4703.943240229769 7506.705149505855
-9408.517767087764 -4391.463059099024
-5696.757108812978 -8216.443299241055
5491.890732998545 4770.528482992435
7209.373083018021 8886.392063040657
-4022.5126705348302 950.2827454251037
-7921.41891616813 1205.1833973328976
-2094.32497900161 1987.1172472196195
7880.571066109271 4436.967144620017
6356.585174346885 3626.694358116725
-5737.454241498661 8521.295041808491
7364.204053131958 -8275.78173349828
-8171.57029062861 -9476.432262507713
-9252.856918013154 4998.117457829678
-553.001208368998 9547.422677162762
-9624.886126060808 -6067.039790429331
9270.67382365168 573.7645037920684
3929.8204377381935 -7690.7369453913725
-7568.097300844023 4065.4203046090825
8066.643034258359 -8158.231803466049
8794.201755354148 1242.8207160057082
6856.142389746288 7536.652694813496
2670.088727958004 -8872.48875925197
-8517.932852881493 1632.0572286512997
3078.2980666330204 4766.689413275462
7395.207505231945 -2634.782851849597
-8102.183729707819 4493.398698218931
1470.0869727104619 313.3880336345428
-3813.5551809150666 1643.3855122735768
-3815.8442758550955 -5315.33279247308
1966.7435452758928 4841.053576955077
-9563.217902470042 -5311.288256754942
-4057.6363387725296 2783.3488772343153
-2651.979664560371 6996.267526107324
-1107.0534466478784 -9608.191379094611
-1775.23291678014 -699.6730857630882
-94.0906283482218 5269.427541259676
-1145.40924403616 -7879.366238386667
-5861.402245852237 -7409.613916571356
-614.8329324116712 -3752.8254356379584
8464.44541900916 867.1049811023604
-7730.090907846172 6597.181419048662
9141.937450325648 8480.482542793434
4108.042987807294 -5235.902732317037
3555.3184654291144 -8574.403981818306
-3319.97258646147 -2834.151102932954
-5888.835621976314 6416.53219953708
76.88445134934227 -6546.317830543516
-3464.933304134561 310.4383772799174
6544.647973188392 -9278.27791391925
-2902.1368617162116 6752.280492755344
7512.80742821324 -6938.6766474345
-6289.023931252725 -5991.798653569249
8248.276135331605 3133.185258503443
4365.599589423993 4146.786237832319
4674.065402264565 -7315.8844818531215
-6949.380480556703 -6956.060983517585
-4885.4945859468835 -7685.781106298097
-1930.692353790735 3128.483675647467
6076.514880531982 7304.215455473801
-9415.00276477058 -3647.984942723292
-4350.936063735849 5941.476479619367
2261.089516066102 3557.9224867575995
700.6500077617675 9537.28847914701
20.906923792224916 8240.918313287628
-5222.756031968123 -793.2415995523279
-6761.938092095252 -2370.1832864440457
2450.833923037597 3486.668709061083
-5921.834080751314 2092.6990068817904
-7158.656927601168 2995.5162934154505
-4752.138249867757 5055.025859312544
-9867.645132198313 3593.857374745994
1067.313600679594 -62.35054859588854
-7876.26041913696 7882.001066686345
7567.45065894266 -1936.9087905175038
-788.0738115775366 -3624.015109693837
-4776.584181854329 -7955.145259085794
5661.22602926527 -5668.307419205509
-6029.174416008327 -7134.046822616
-7372.7374360184795 7940.858050336683
4311.5990561256785 5669.232699417054
8116.23054182333 4501.625228692483
-9398.718421935677 9223.477935038984
2911.3493672509157 5170.22330844534
3019.9364763803696 -2904.2984795763723
-6529.455401346573 -3970.7592886834145
-6736.16841535424 4751.413319825242
2897.0379365683893 3461.86614765559
5655.315507332527 6121.082607767625
9307.189107669441 3200.3928235688054
-9846.578409588406 -4387.597871278445
7267.585603732507 -1078.8265189944304
-3342.0951993697927 -2885.6213123581883
2446.0355770724345 -4112.876224296742
-8965.438019209902 230.67681410803198
-7781.231065711447 7892.784009001538
2449.8539472737266 -4203.956505534825
-4301.182263411707 -8354.156131437781
8887.996607300778 7671.061755752296
5498.194538756854 1722.9527271827537
-6866.157567131015 -4123.128969396171
509.1484665148728 1366.5365808466886
-4959.958419307575 -2677.092728044712
4087.4318878607955 9643.251083189083
7557.111671422535 -5302.871399827678
-4756.827534646631 -6136.388202841476
-6209.784850426432 1529.577223150598
1792.5926393178197 7666.23210583223
256.5961502061273 2006.5605738569866
3896.481585025831 9799.036536567957
7552.7777145482 7804.122268546584
-5991.016855575082 -3616.3184414729585
-6199.213815998392 -8974.115746232614
-5017.090593626376 328.3660594551584
8527.821069931484 2271.757201838016
-8074.545208986574 -4441.916603497535
