5108
67.6554325583802 -7588.725424255999
-9782.46472687197 -8965.994367092595
9661.018824471968 -1053.2288696654687
1521.9308516928995 -1432.4696477857651
6686.272125090927 -2181.661159157531
-9855.846660553056 -1631.7344858302913
2551.042899011467 5230.535293415547
7660.881662199525 -3248.6691434998384
414.5413354826924 -7028.74318400982
5048.487428731478 9705.167766644885
-485.14845430975583 -5602.316144043407
8982.458725785313 -5391.4563721616405
4738.250153518682 414.7716805369
8261.969034733058 5448.704154116544
6748.5391315425 -2101.9361690268015
-5640.785753334241 -9435.27441745238
-8236.082495408362 -1186.6053547335832
9175.195545610055 -4446.6132146997725
9463.45545249241 4711.823949970181
7790.637406725982 8213.182313089925
-7475.2523305912155 8328.928696750805
4332.766364994082 7265.357473350883
1938.8686941303094 -8306.634731739134
-4964.28450365944 -7920.851964425419
8518.281245770453 -1549.6197861687324
4154.34085575107 -3258.329827583617
-7092.123928047098 -2968.2502224882755
-4401.728973851704 8551.201717921907
-6071.145895884977 -9145.608333001785
-4014.9569436214397 -1624.1298906127213
-1770.3023750460998 -8094.313584541873
3268.210982847084 8308.042001008183
2988.00059302764 -5125.683234980001
9178.335214254148 -9342.001034060055
-2198.5318526449737 -9588.774737874874
3421.808671349032 -8431.247161660624
1925.9182519296155 -1843.9387241849327
-7085.512381126053 2397.1486859419983
-1337.343079089038 2840.2782694176294
284.14283246695595 2494.675761052853
9967.122687553809 78.81729341625396
2457.769312493414 8134.687749887486
-8754.761869806416 2388.097462425567
-7643.178517981885 4071.0223329223154
-1176.582230961627 518.8152211031902
-5444.514775841584 6576.286216721044
-9277.258525722507 367.83328064510715
-785.8888627971955 9796.346129432222
5137.30309272155 1534.220497493572
-2318.0179306352857 870.8676960552748
411.3009398489339 -9989.703900153934
7870.60379352688 -6491.999793995277
-4671.050615100438 4549.291736077012
7830.75288267052 4564.606951548314
-824.1659196192177 3927.0497122627494
-8076.462897280654 3671.7087771769693
7299.860366363235 -9384.061221123658
5557.758800209975 2058.100851411007
-205.529786569492 -4685.0400451500955
1672.902350088374 -6536.628825803638
-1553.6504881987803 -3669.2063905702125
-5020.9006994633 -2605.1580533648685
-9765.642950516847 -2019.6794422415196
8422.455234731955 2971.2314221915203
-5564.041278452727 2985.9259202563844
-9573.848840126964 -9790.887590865928
-5208.030918220515 5260.688194458047
-8835.232819709607 -5153.468942648207
-1800.0632410649123 1531.3238795902053
1461.3062871128095 2661.4265673060636
-2948.956474739004 -7077.455217653012
-1146.5727377262192 9730.77360788986
3594.9132624232116 927.271743534182
-8042.575030637029 6189.651543128846
-8388.733014939684 -3887.083815943315
6465.531734593427 -7212.271955025031
3186.880076277421 -7535.259462917618
-6055.860091221681 1903.9215623087275
-3459.1606122731864 -4556.930916418826
8057.5815231317065 7668.289941656672
4610.619732286665 7631.923301149858
1924.1289225792025 -6546.521429163199
3506.0411868365263 -7717.583769480287
-4982.0879970076785 -763.6689267663769
-5042.3088128278205 -7894.960079255963
-1637.5174027019202 -3806.4376709324406
7530.926352862687 -1659.2516007033355
-7281.219953374718 -8616.340077622403
-2353.8892889850385 3441.528875313681
6052.293560829907 -8519.527069082227
3340.265817851503 9616.923703681034
-6228.76331721776 -8737.78109491586
-8775.156157185982 5053.763890419603
8059.592024204529 -77.06795145517026
238.87178239484092 -207.8639592629479
-8914.0939678403 -3738.3581761587584
4566.236920769083 -5958.593277712987
950.7511274121807 -7582.130424607356
-7519.579746124458 -6854.11131483175
-1057.2012893259107 5060.298407168766
7899.516173340751 5460.531819209626
-7994.5131097880885 2798.7579446508116
7078.903266558289 2072.7970433605587
-4726.718590692436 -922.0489189522505
4138.47140478763 607.6413929342943
-3881.417886293155 -9075.379651019673
-3984.1705063937934 -721.6502826692922
3357.332778619433 5658.14591400909
9956.459264779169 -8103.301551642335
-6906.547373883168 -9962.163222320793
4796.307234793596 -268.25481763702555
-3860.794908312091 -691.5336913321717
1061.8414966560904 1907.302712162953
-8969.31373838631 -2781.122773614773
-5692.876129365032 -7546.062152099505
-8635.38161368997 2326.7733186235146
1126.9906207396689 -817.8658224923256
6514.6772869862725 -9233.92011398696
-2070.0446803340446 7219.00946436969
-9257.382561927909 -8858.44405189359
-1176.0157412853969 -1648.2103475746699
-2698.5200405218857 3328.6044110809016
862.8268911652449 6247.000986608484
1335.2061951778524 -305.480067349994
2420.111763801684 -2834.8649080991772
8211.010338064138 4620.687163832608
-6397.04912558555 -4033.681080574005
2377.8937519372175 -3806.4653671206843
6386.326134662304 8003.301932503327
-4073.2833957578914 -7454.686515862892
-3455.9334218781505 -1076.1462108382784
5734.27230325548 -5435.9306290839495
9471.751615717578 6455.452444710529
3405.8456735008513 -3444.554346511315
-2358.5940740673304 -9079.080746657743
3187.7553455729467 6927.2401825946035
8697.39024362532 4534.433828146059
-396.56813302949195 2080.921454078585
-9902.586847127497 -6546.8438021738675
-1226.405370555889 8432.590715397797
-1277.8656846694212 1110.4527703866224
5213.129910987249 9849.151113413307
2021.3397714956045 -3467.4907095465187
9354.311430775164 -9226.260876846018
-8965.774197741206 7140.8930257812135
-9871.981816910713 8927.739903414236
-4984.1591806128035 -8030.5872590009985
1641.6551324793782 5715.0055976960575
-7578.726886665603 8274.397453137735
-6675.50150450982 7317.157776974513
-6356.298247569772 2193.3051044086114
-1131.7754654424843 4957.156113814381
7171.964294242865 -7592.653543549006
872.4172914649625 8921.583161896167
-7272.186498176174 -5310.401894799037
-4688.131390346879 7670.379560901478
-7537.412189322797 -5229.1491597397835
2774.531118427969 -9273.952191386834
-5562.475387770955 -2868.7712922541978
1875.9992908692166 -7977.373463948432
1381.4995559520066 -1873.6100192711283
-5661.556213664596 -991.9968938992679
-7885.501739169629 -6717.089977431281
-9071.065649999242 -7968.562448162742
-6955.351428169468 -9351.785930907017
-7215.861477773751 8411.433421272144
2791.193984980282 4756.221449265215
-6394.6007723209195 6067.376863585829
-5744.7047944351825 9070.642669675151
4790.231486453336 -7288.349861703158
-4644.898528819552 8693.643364372416
7773.313473174901 8337.208163039391
2161.0435797257524 -321.62120385456365
5682.069812406549 1098.8763069217785
6311.851448473313 6459.681970187728
-131.01605016643043 -325.07210381353434
2361.312710091668 -5282.033573110558
-4035.196633499383 -1191.2395063869535
100.3305919628292 3417.1915500337855
8803.832401040072 -1031.2124652339244
1918.372171485793 6808.51349438545
5904.546386683691 -4072.062953831346
-4087.081822030951 4867.0309542738
5145.778191582996 1552.4248805686748
1725.0685839821454 8929.811696718054
3860.7684780403833 -6797.237426065516
7973.981678336593 -1770.8266655059178
3778.4093327446153 -4111.767397208894
-2317.6363960362132 -7434.032135438954
9073.021139967503 -1320.6525065980768
-8770.256776051136 -3456.6022454808135
-6758.942609420177 -5128.909802953952
5139.81520588262 1582.6852353028662
-5394.855779120709 -5996.984131413656
9402.651293747342 3367.6830367808507
9952.907746583402 3080.576986458678
6052.11951193763 4416.3056423570415
-8849.938693858896 -5794.690435255725
7363.378649016195 4152.435601950177
-9475.733378338773 6309.803827345111
3304.8457005787695 -7847.252455936191
7398.300835596048 9806.669795816833
-5226.4276244303255 -5831.332959005837
358.1132033609683 -5301.026757710066
-8337.51710981888 -4925.537625880458
7673.358661906099 5062.916107470775
-7047.520711223349 -1931.7413090043065
1745.0581382663604 -4198.192717754859
-208.07398463307072 -4746.469422116573
-7462.9654752645 -8816.350829397797
1920.5768853965674 1154.4240365149253
9654.836282475728 -1087.0419441258528
2814.5295760981153 -2230.9722858865343
-6932.137824688589 -1649.2985495121957
9573.326689661815 -2559.493047110801
8427.457505266248 -3015.468861945087
9839.847783354948 8126.7827315393115
-5484.238098900649 -4635.235936400375
9938.18330682467 4575.231530632651
7567.140011597556 -2540.1547105722575
-4065.8107635344877 8459.65179627825
-9963.96287772063 -9251.688645929155
2467.9785648012057 712.5333016939585
-157.84659417677358 -1647.4480066208107
-7022.887744506237 -9913.561130789825
-9794.15693529758 -5867.053117531426
9323.807649631002 3404.0963984185237
9893.692534996757 -9100.757436315556
-1141.0144235162043 5007.578213679171
-973.750669975534 1759.3029386856088
-7399.456977115628 -4407.281431641914
6556.912463384313 -4886.332031672671
9472.734423492024 3915.715546067244
-7886.973993174466 -5082.3894339153885
-1551.8998044847085 8784.632599087588
-2902.7560225568095 -429.3084768719018
2952.9063509596144 -6700.698927543159
-2220.7273897861305 5157.067589346696
41.579507164065944 -1521.0919866767272
6565.119823866673 1748.1063062206667
-9384.827450979787 9217.329782823166
6713.0199407572 5092.134895191328
-3646.5909715108437 -8067.9415407421
-9527.769367080658 -9745.563894095016
-5950.6041239486085 -9676.65343269027
952.9251933225623 8633.876984525425
8680.620037101184 -6664.023280743787
-6007.556439115829 -4729.1498862115495
-7180.6137715519335 -2283.1551794944453
-2134.80974234489 9474.477492223385
1880.3651345057806 -3512.6729168367583
-4109.499929351923 -1464.6872910605362
-7777.5268291781695 -5799.818388292865
9824.824882381836 -8346.942833009958
2266.821928522355 26.516860356918187
381.62484116595806 -802.9063724161406
5562.015393523123 519.1382360951939
5304.380024910661 -8969.091234757407
9122.594583759681 5324.37334953059
5125.165950120159 -3130.232536340558
-9614.024420414293 -8834.755394550642
2073.2761881546685 -8495.71306871205
1777.740816419302 2094.6511695807167
-1444.6062988444883 -1789.1789107630502
3144.6860594432455 -2682.0011734718
8210.856089865512 4782.870348952158
9209.556156528852 -8189.506560635289
4752.584349482873 -1644.0013148193684
1720.926533948421 9505.103554981579
-8363.722624202639 7562.020080835209
-5883.770804203618 4002.973050808734
-942.4920984072778 -6463.490323420678
-9714.557328688483 -2441.155338530046
3858.3814280079805 -5083.0356556418565
8417.503369478025 5519.842440513576
2632.455928626514 6207.221067682593
5931.028497616608 -9553.26188080574
8648.65412853 -6252.967998351948
2135.462715740492 7822.607524514013
9171.919181415742 9013.96111000051
-8461.699358525802 3554.568414336869
-8659.589989641134 5098.059797021397
-7391.429246588639 2400.062993024838
1966.0555660964583 -1071.9398803615986
4326.282137062095 5999.946325768222
9457.319381280919 9191.095768122927
5992.087223167582 -623.5979033684052
4520.061993599431 -2123.7471556722685
-5459.0697463873885 5554.506842322169
-9625.590892569988 -8014.4694299968705
7997.985425555966 9392.035289538566
-7067.417831738154 1194.0668551199487
-6265.272603297567 -6247.12210478469
6714.656493084494 -2895.223991052365
5827.496242000509 -6164.762135122217
3236.2696403135924 230.82032012316813
-2909.5401363515602 -1233.4633494001791
5184.305304465235 -8047.384776227455
8249.405297480625 -6497.247843993441
-8096.362557574037 -9565.639957252137
9242.314376213486 -1379.310148722101
9550.027695383273 1848.3549872699787
-4222.7728841390235 -9232.529749749867
-7278.6862159125485 1243.6573103884966
8047.4092753100595 -7667.708176676513
3461.0552710449174 -8991.099457795704
-2101.620104663669 5331.32144791242
-1764.1703894351904 9117.392585018988
5760.894920265682 -8452.668876790214
3819.4082632692425 -5794.121174816664
-691.5115197375235 8641.491158069544
-1025.9304298453935 26.6488168030246
-7932.258779580637 255.5109150822973
401.3426261587956 7925.934814141838
2103.9384117784903 7048.091738678835
-1358.5007675267552 -7260.156332860881
8424.340434113612 -4839.552949769847
2433.1456646061724 -5137.669719971516
-4114.193005636269 8781.41778397082
8501.305912943539 -771.9779386308855
8163.046888141569 4283.505213105194
-2175.6004423575923 565.961184771877
-7271.700821881988 -5173.097358633385
9137.571459655406 3518.634440186859
1812.7860740506076 6379.412877858893
-4238.156760001748 6083.927923500021
8964.803614083856 -1224.0935742859674
-7194.399500321071 5325.927941428639
-7911.152229183862 -1258.2458222869027
8366.95245091915 5413.77808035574
744.7093483863573 5730.460508723518
4572.535763040749 -213.92873807792785
8004.998481507599 5976.491924796594
-7879.632331453135 1601.547402220709
5314.091806986975 5340.089661688873
5451.379064058889 9625.143858342177
-7438.971123458325 7321.624733751858
-5243.707429870761 311.725663236306
4973.406003629407 -951.1588492893989
5731.546429003109 -8911.890210283556
3458.868699924067 5091.116483198199
-1670.014565197971 4697.270293213307
-4334.696777633977 6630.642409541724
1709.0814632055226 -43.09716278587439
-8699.608165379352 1821.2157541104898
-5838.525675157031 397.7951878767053
7145.702401720533 2091.114056076458
-5980.349172771394 8985.748419267984
4720.031317472303 -1302.7048223693473
-9641.381984892821 4494.0568289796465
6691.236197165665 -5986.033416875847
-9222.549465424681 -6918.152105417563
-3094.6615263116128 -7160.670625547587
-2377.3652851410625 -2753.1350167789296
3296.199819727608 -9569.90517649812
3723.1426192117106 3559.5455556698744
-7041.394485701713 -3975.853962343541
4039.2293433940595 448.54264119854633
-5687.870965104611 -6712.4911981107525
-9416.050455717797 -2203.88849493861
2552.6745907251297 2422.5636257300685
-5441.559639413398 -8784.940067866552
1483.125435868882 -7399.781499254037
1849.0373741820986 -4382.741816363793
7334.065911894566 -2070.447845200669
-4133.667705605799 5046.964142402519
8330.062974915876 -4645.803897437091
-4836.70086287505 -1259.4811741671201
-2473.459085503091 8665.532493958981
-7648.341308253983 6987.238173205249
-4163.205984116534 9248.544709641308
5542.677297984841 -5395.38798131411
-2811.7664611495875 -8773.05396663202
3870.622677928901 -5295.796544075024
-1608.5169198186413 6349.9993388449875
4614.143176050498 -9087.081893746717
2575.4687302278217 -7735.786741760296
1012.8546354893406 2327.6004055712
6936.193254804879 -3261.1201952112424
7083.457773344915 -7780.8091286791005
3066.3960026875284 9965.214737522656
-1428.2602988035815 -1134.0368240808857
-8722.151482667921 7224.624418151747
7633.841831925431 -5116.367230853713
-902.4384933917572 -4977.587982680762
-7077.788537160459 33.424627954429525
-1486.301712432749 5209.029626008349
-3541.3199671472184 1727.4537178607497
-3433.45222192698 -6338.265671753722
-5990.853210419722 -2685.936642143687
9524.409099892968 -7224.6789064014465
6631.3816418144015 2714.042763373878
2153.7987998486533 311.3618588183617
7649.476240481174 -6908.070856838633
487.90717280555145 1081.175542977484
-8484.472568526313 -7015.123353287405
9016.761787280513 -7511.475499488145
8851.143643826359 -4325.134939159234
1367.1007930096057 133.8267455812911
-4581.580327899102 4578.287588093259
7309.468842278402 5482.441601184264
-8147.966386806491 -6959.745559705161
8324.601671186578 4025.375133160862
5691.170832010233 -6840.780468934709
-1019.3194990179454 9411.532808377739
7581.997761671442 9130.8173124965
-7982.425962198669 -3293.5740695413697
-521.5535617457354 6088.094415966809
1303.722513920413 -3766.9811663412165
4251.099125240904 -8471.423379327585
8725.836745537796 8376.187344020498
3320.993715786746 3156.9163849262095
8591.13356291661 9283.040878418506
-8232.79638043813 4335.130625670632
6266.34103725161 -2432.8592534920945
8814.07637292816 6320.734444568923
6547.255104541182 -7074.577530331334
-4313.957637478309 5086.34089355588
1647.1505871353293 -997.5753272966995
-7475.054785805928 -247.40597813931527
-1288.1167204604062 4887.19752887464
-8603.132124665452 9529.574831778697
-7585.950098748886 2304.042927446313
-6627.536690807041 6550.099876397482
9448.111842862472 -1140.9654681633456
-5753.167088070281 -6908.378450808874
8642.902171696944 -8369.970468014462
5672.018527897366 -6578.287391065127
-7072.509624938712 9938.674771207541
6307.215674477158 2865.4019758500854
-2469.113902171711 1318.6940710167164
-8951.159766155864 -319.09027687129856
2565.6182360160874 495.513536577133
5484.611671126071 -1056.3905477602257
-2460.2667841639204 7618.0731633464675
-2577.1477994904644 -8123.668754894214
361.3082075127604 9034.45131341977
7680.226851652624 8927.39323019232
4044.0939089984895 1578.7084892084422
-1731.8165402018421 -9613.962867453754
-9407.564631746765 9637.135322173268
-2299.613832383636 4438.220052056748
-6561.845615034627 -6812.116495329539
-9649.54083588653 -695.9992007672317
7321.602316595468 -5441.280756196176
9621.392937779572 -6538.9673421051975
-2346.3709328974483 1823.4397231942985
-6854.995653180225 -4053.03505633271
-9835.25790394049 -2441.7348215845022
2311.8539104471874 7346.831297545359
6042.258285847081 -6894.704692944933
-1860.9225528429915 1309.7814745129217
7775.790087908092 540.9152362239529
815.6028702841231 6302.805590997839
-3424.069796329012 7222.797726529658
1221.2633551743183 -2202.634851271341
-6499.461373754179 -8910.04810993015
-701.653825070538 -7801.859123234558
3317.555816523305 8816.026822061762
-3638.850153710393 5561.381672073478
2652.8120074447543 3466.8797041980506
6261.149806930918 2513.619984199224
-7884.179415292034 -6510.81594937348
-6217.589842504778 -6230.1996751178485
5866.078480561033 657.6474194663679
-2276.0989879261588 4263.153957165465
1476.93810880019 -8965.820367857676
-9167.57622954439 8137.427243429414
-2026.375179390181 43.13779430359318
9081.865450732606 -8284.644636541665
-9433.468957313278 -9557.443195580083
8751.548765785592 1045.555827284159
6870.424525489558 -9727.948218827178
1338.4599693084874 -3256.707365246527
1294.7633182280624 -3216.1346504688763
-6454.818162931413 -4421.149448018135
-8190.18295721587 -8085.692863709257
2417.3793527404177 5630.5356442074735
6437.849916709263 -4971.380721249394
4161.72663047244 -192.407538221687
5588.128322175884 -526.9170402578948
9257.186883351511 1161.631413543646
749.0684105891196 893.9569484291369
-3820.4076575809713 -7356.589182548556
70.35442103487003 7333.628922635617
1391.5033417274572 -6174.874031817981
-2987.6022343437917 3790.1326824988173
-5793.647669126376 7596.625746647296
-489.96347823372344 7226.970529428756
1717.9169408767066 -9042.742029779618
-6008.092415979633 -8054.0363126015645
-8806.81279409236 5763.3306930737
-8883.552252623122 9786.627234916868
5158.737951520836 -2345.543311886695
8230.026407291894 -5208.644774356694
-2132.267232630882 -5629.6704717404
7322.222070993521 7776.477595234643
916.7257251714236 8282.757564892188
6647.811515318983 2675.0333472574002
-9511.535443116392 -7793.932596015065
-795.4541451940149 3567.8893154466077
-971.0909583786979 -7587.728926982949
1900.3433264060823 8995.605612094714
-9876.261353038251 8265.665887762207
5513.0391849234165 8444.242859645117
-3078.371767435553 4004.8236311327964
-2559.6237778848163 4824.077463139964
-8341.38329085413 4938.201608486266
6757.452753023146 6310.973191654986
6669.924329309179 7682.897479135543
-5756.63869701941 1095.9501972451853
5732.5972191461115 2064.3394016682596
-1191.697168078963 -610.7472011663685
8664.396980776386 907.9946943210889
-3853.025164609944 -1548.9779160837534
1811.3824800261355 3192.456350149707
5463.572033093189 -1528.5583898528657
2388.658624921658 -4103.451480269191
-4241.728080723597 9799.019025640664
5595.803172377298 -9638.62528674164
-5565.402649803186 5316.433964556843
-9989.48991295993 -9898.488193173025
7881.593325419661 5689.183909962989
8971.024301088473 -1262.1650751046218
6204.275709817561 -236.98323299715412
-6510.038339174575 -912.2585777239183
2420.346969154738 -2438.058042909239
-4300.838152757363 7436.822928225243
-9789.295191799212 9139.375097494965
-9092.776495461765 -9370.693218155535
-6294.205497517871 -1039.2277436813765
-8941.569134496463 7852.891223096529
7809.394670600439 2546.8640299576364
2713.7928354212963 3856.848960776957
8205.961064109553 9782.412480808394
8631.952994419047 -4169.41225514659
6467.161602526998 -2403.8291436012923
3609.763691868082 2283.1109440706823
-2432.1982013341103 -6356.486288020875
-7550.6545388909635 -997.8798212514048
-5359.1595834370255 -7826.001457010898
750.4788488674003 -5465.229616602081
8945.741247464357 3441.8784725211717
-2315.7791111311153 -4379.616611325659
-8206.062220101698 -1181.6103037597786
3985.6539775662623 1618.6908047301695
9569.715496766017 -4809.596779375065
-1889.2822460177313 6215.472945062225
-6995.654868104517 4280.817842552433
-1165.9011501191599 -5449.270661060095
7505.84257365204 -4798.1480030609555
-6477.809944783734 4402.809897470899
-7383.75480729222 1853.1723028673605
-2102.843708734057 -8824.791574229757
-4437.1551340201895 -9297.418864255866
-4684.81904032432 -1828.9994782293743
-3610.6690407048454 9037.759442383765
-8586.008717835008 6003.197163041228
-9702.65407271259 -1046.6494764579584
-6558.196226916857 -2022.440087265929
-3401.5343035684673 8138.448514220669
2661.845397821411 -8102.29307973767
3071.173340736952 -5044.666581068773
-7066.344256780044 -7019.38087137135
9536.904160152651 -7648.917954233083
-1095.6090758757055 -2566.058624909757
5113.783893485332 2819.4598699333164
-6799.608826161878 1734.7463977476145
-123.79181940193303 4931.282413867899
-6408.696733563662 8762.720045927901
-6457.055029253098 877.2166204892947
8306.076526557881 8679.001944463605
1335.9719243133168 4017.7735145073166
512.1831578563178 9805.197150675547
-9703.210834005196 -4388.977699975442
-8573.5446708343 2745.357391776657
8116.488919884578 -9310.656042271672
5607.942068457642 -392.99097896707826
-9069.624728492618 4482.311665648978
-8309.755773277479 -584.4035332802559
-3452.51474331987 2833.582465369287
7142.7923057332555 -9320.033611066281
5229.869814485724 -7264.550371957816
-3392.4103669750157 -7445.165924930002
1406.0374805142928 2405.5007264875203
-60.0506036643892 -2840.5777586859604
-3402.511289551846 -5744.402643303943
-1711.195618321577 7349.764660275767
-3643.190718237106 8654.176921243754
4384.186898237433 6605.439159388145
-7839.692314301969 -8441.337628564424
6656.516963568225 -9320.22323596395
-7032.273755196004 -5104.459616472954
5894.358832994169 -5724.120760958962
556.0808915590787 -5008.54851137706
-2145.6509753019072 249.05140896503326
-2245.7857393488803 -8590.57549638323
-4430.983374799515 3699.5430417086154
-650.8169323028796 6220.153313559624
-8944.744053644112 -1192.227868930102
-8294.871826778408 2039.0126624982113
7708.248702831854 2377.48320555228
-970.1947105090803 -3914.721762800311
-8127.354861505595 4790.57426625267
1743.49432395636 7070.801169884548
-5085.1328876337875 6440.615142985243
-4450.474829799365 -8098.824672880005
5577.40910346188 -4299.651347422775
-1424.8050936616164 9973.202656457153
6478.06051069167 -6908.245224305829
8346.384384117206 -5721.742501872287
8323.985665795404 5565.541210592153
378.7116855498425 -9428.077315937793
742.6478714731929 4660.200517806987
5812.585589756058 8546.05509750883
9588.57989201468 2799.0547717654827
6789.064892430764 -7759.7778534721565
7167.047648624281 -6903.005922289591
5157.948324801047 855.223478845197
4022.6688878143577 -213.1070218057448
-7370.937388194951 -4317.797155800272
-1226.90162631565 -1261.025244029328
-1377.7627070335348 -5963.367402980744
-4075.0883713713893 -9465.33679653064
-4159.007847000183 -3112.7689599664072
690.8446846896968 2169.763150965553
2989.4950148908283 3295.661665136553
4534.598571022874 -2299.932559989017
-928.1266580160172 -8166.366152854883
5501.423124211102 -6994.209411191206
-5642.499839154231 -3180.1777133747673
3349.751726992312 -4660.499364047508
9365.403285801025 -4480.218085448771
-8918.83486858704 4435.500205397093
-4884.521678032752 -8622.16197937418
-8326.985730041382 -1303.1075695661912
5413.715677965791 7900.69579420059
1650.0499266792904 7339.852835472942
5083.189369013102 -2011.6960570579058
1588.4443778583009 -2637.0985114190607
6822.077191954402 4308.289307015752
-2272.3778195358536 2822.2512685695947
-6235.481397611074 -2263.9501606704316
8572.342696359286 -6867.3969956073415
4839.651631049403 -7066.613155990124
5699.51297636456 -3023.9844203032935
-4331.308776913632 -7185.66478724757
-1058.757716297965 8889.785576356753
-990.5484495513756 6947.625088979923
2697.6746387368803 6717.53307841087
-4347.7577543409525 2870.99899632734
-7659.825524040358 -154.01762220238015
9190.602208446911 3843.381612268822
-2502.535790435707 -9486.795889764524
-3765.139064154737 1736.689322364322
2474.3495179910533 3462.3654927645694
-2593.9479832743473 9569.837692854642
-6865.301189116593 2828.316641805719
3842.239658788627 -5386.703313741996
4287.367336032818 9382.627892427867
-1031.1618957064493 -9956.685907030944
1945.8032233513386 -3874.036139842674
-4070.9530344762297 800.7198789529266
789.0852272629818 -4295.027464939724
7340.049658775395 -2390.0034697654073
8734.183795108842 -755.860345314104
-4064.8444512636825 -7959.913910414718
7736.27348850176 2921.3436443955416
2171.600192789714 5039.182567977252
2765.9402198358475 5979.132023648213
8028.243256336627 1551.5487405718613
-630.8266085811829 1852.0123478726928
-5013.058584665912 4625.163539460127
4298.055109607762 -7296.660412022353
8585.900029030585 3844.7950365730685
3407.092847748536 -3096.343353059292
-8047.158372163687 -5024.116491504209
-3657.824267330434 8845.637065737938
-3629.6403045149846 -9619.620511968198
-1493.841506780138 -9020.95582435785
-1804.6456787555762 3066.4845608464075
-2632.882142041941 9062.415933068678
8348.984275864637 -8839.987142482381
-7617.649854029471 3366.458762731614
-6886.902937406816 -5864.130150955171
-4356.786919964983 927.4206115172037
-6886.375355278702 -2676.0648424582014
3802.945457860602 -3063.0164251156566
-8859.02307275553 7004.412609520365
-9068.369986703507 6968.514007202393
-1148.0164351153671 4833.488588016042
-3350.5036068816116 -4022.227233457518
7417.473773554051 -2609.0700913245055
-5778.210611983525 4879.484844089646
-2175.8928214908638 4317.0236613803645
-744.5353923244184 989.4332056394778
-7191.384022965531 -3192.949620121546
1219.9991157534114 -5264.963571724564
-5702.875440572579 7157.259320956149
7221.638704729226 -8224.356120586652
7741.771394660642 -392.9021627381371
292.4363602235917 7037.0664543400635
7891.368416510446 2898.224489097027
-7087.538517031369 -4846.864109346207
9302.375510400867 -4228.379226649672
565.6007440188932 -9579.622062298173
9290.99550910321 8049.90110563549
9836.390302016422 -1389.842480649957
-8953.274357904047 -7997.31529097595
-9112.637699994162 2845.9337152518747
-9727.765649192994 -8631.297797325991
5113.412870069016 -3758.4460343930014
-16.036392196010638 8709.0617241781
5351.729042841551 -4890.213597435689
-4997.615127847122 5691.902244997926
-1767.149928052413 -1711.4204567260567
180.37439062895282 5459.434584619181
-3909.5373131733013 495.80951199429546
4562.695979309612 1404.1465766363672
9304.56471527771 611.5732812579263
-2560.8775449073655 -7518.254825800361
-965.3360417360291 9400.347165832285
-8351.756853826513 1614.1683787193215
5006.704087718472 -4576.377294488121
4508.553105056459 -9213.19162697918
3349.4526012751085 -7243.081311348343
7397.933914134119 4119.834465727488
-4566.899879657547 9613.333198612843
-8727.81603648026 8494.322133786776
244.86993274433735 3089.093277843709
7307.768056223562 239.6457920856701
43.453410959573375 1984.8403759074063
9373.51053703389 5939.3908738269565
-8133.874083902657 7019.663436884999
8180.467613955985 5588.818615556256
5919.426243590755 -4256.820850150589
5728.751392093973 7137.693977950119
5966.31667243274 8064.2429501555125
-6935.3816842853375 2878.0717423487295
6529.766536547686 7553.141408077408
4380.655267119331 187.4217450545475
7064.7390180751245 3537.416444724873
6136.429091331742 1813.241777088244
-5792.408121361914 -500.25701959733306
1146.5032469769576 -5813.895833842484
-206.0751821772501 4399.556930193527
4477.250148636247 6173.853441686924
4542.956629034059 5278.430479150731
513.4198299974214 5240.454419734164
5138.520699877745 -8127.551952239071
-1300.0366698384987 3148.7738898067
-4106.17397508342 6943.145558783424
9234.126461471853 9147.360071621042
-4730.861247047553 9651.826376526336
-622.6214897350837 -4992.933988983264
-7781.414810183182 3540.37792430242
6076.257473055917 3324.136861828654
-2325.696099448589 -4455.02677337476
-8774.247715951264 -1817.8227490734653
2433.203857523511 -2042.6713423252104
-7821.631425197862 5566.1782145298985
4293.620443678847 1361.4815490083456
1996.5640494392028 -152.4200155210001
-5503.811868255792 -6687.690023624828
-8534.242309765008 2210.119674905467
6355.285702145153 -5114.678718010064
-1970.3356072918068 7061.993859208465
7424.435775052796 -4784.49387747111
-4420.776934216364 3280.651260101511
621.0730967107811 2756.3280193145492
3420.926855481288 8562.312255124085
9443.129476555012 1228.2231358783629
-7230.108889026281 7199.088434318754
-2258.0881428170405 -1910.761233096383
4757.528871363984 -5717.640745289967
-4527.216451276937 3848.7443114417147
5213.229810984836 2631.84557313597
8427.186443761606 1658.4066765767202
8373.980284243033 2675.601504877146
2156.5780557962116 -1647.0712191593084
4195.377038731209 56.919795866477216
8130.883611808025 -9523.691757892044
2082.0349221493525 -9080.059380700677
3631.0989534423134 -8182.334005146726
-2375.0901101266227 -9373.480058657811
5957.707972158492 -7406.020534728026
-1672.4042588759494 8082.709459888061
-3756.3890594918266 -5344.6804771454135
9323.176470303035 -5096.035191810466
8492.293530121573 -8048.502691539161
727.7566125662797 -3675.9995209640974
5418.990394238808 987.2805462936667
-5453.680909270526 9052.97008679583
-5745.361239196267 -7893.3613798104725
941.0875432141056 -9783.55307181533
-7120.560125612934 9184.758650416872
1192.1101488980876 1057.456299669062
-515.1172798758926 -7330.1667028939455
-2175.6976220764136 9259.585859407376
7420.111716605315 -1095.0650892545746
-8855.270792965388 -5450.002077552352
960.5561566623401 -2726.4556841411495
-4171.5742418246955 3666.9250666642292
7443.7647337380295 5950.5981729953455
1210.6020980107132 2827.0398927871356
6549.42557073514 -3095.8024920865037
4587.5887007186975 -1496.1593417526583
8457.578118139929 1281.396824516265
8098.433399045203 629.0071928100206
9201.058970439099 -2575.2177632226794
6653.573592596989 6254.430238295299
-6264.749413047976 5504.82174053095
6896.548189053312 6263.432073217868
5080.237976577897 5116.252258223269
5329.239904114049 2895.4446636018383
-8652.494563806866 -4824.944167504135
-2499.3221442746117 -8350.776736352524
1545.3392147586437 9065.850754192168
9553.948286742056 7555.426482843624
5764.130588680537 2227.807520992359
-1554.6921944016049 2860.202780451531
5674.811881749609 4230.484499628068
-2205.8869835731484 -9162.823018629852
-2769.324357258218 -7120.745827262751
-7408.283968251315 -1253.96338636361
9044.877255604712 4003.270705890942
7892.008048882075 1881.680087692328
7122.93306958042 -2682.776298029994
-5874.176180363435 208.68177489367736
9461.572715310336 -3888.617158894077
4825.946663550887 9251.60461777795
-7517.673092637822 6512.739034700906
-8681.009921071549 7712.474945377013
-4649.734705598274 673.320610221117
3334.9651782328783 -4287.487929790676
-2064.665837266657 -2519.9566457239507
4504.865068397541 9605.991314636605
3505.7646358735146 -5756.2685617855805
7361.135032391678 -8010.104528375219
-1799.9322187324487 -6686.756507269378
3725.4366408565384 8833.794528026338
5906.152177193011 8673.898059396939
-6737.377752753282 -419.82753781417523
9383.136413774748 9327.685363072858
-4500.607029138051 616.2035027754573
6293.4589659382145 -1383.9642014808142
8750.62884246595 -2306.2420285199714
-7730.080772299923 1634.1906013313437
-6834.082542215021 -1324.7968604844737
-7775.685551701239 -3500.4967312200797
4503.3329823887325 -5591.6568981315
-4188.630350558067 -525.7172323654977
-9742.942500629706 -7415.377843742619
-6706.3125449090785 -1192.9303745910183
409.95811025897274 7110.502738467418
-5989.522206844959 7644.520503237563
1351.7746327390669 3822.702538411386
1234.8532014189877 -7520.649406414086
-6601.908729335191 2303.7613339930685
-5588.481276098681 -9661.927599734836
-135.18658337919624 -6894.810356701482
-7401.298882865183 -4724.452978365881
-1202.6177802305701 9861.232980160581
1395.2054328666745 -7268.353340251825
7223.5107078734945 -3422.939848823352
-284.48461292308457 8918.603989705218
2192.7412883550987 -8199.026292472327
2482.877397796772 1645.9131259434434
-7114.335622351655 -6558.979075456949
642.3535980653305 8852.921393672757
3720.1650640676417 -9337.843089932836
-9147.153264386183 -8392.466396264259
9651.596680315317 -7399.098816856073
3799.1406194840893 -557.2634323526909
1758.3148614292022 7560.209687348004
2272.025816821608 7640.927169262937
-6276.470318622023 -9101.941311511808
7996.612502159023 8439.30762965795
7968.972426646502 4999.025619968501
9645.966842322785 1117.9017287596744
3965.400357901659 518.9314350046261
3559.230651606602 -454.9826311459219
-9360.505581484596 -5481.616126493931
3390.4302487097702 -6.734428249641496
-183.76081481717483 8151.85598867447
5246.18988449067 6902.530084062892
8280.398904134105 -5745.30165773413
-9172.38323600994 -245.44371693718313
2310.2423563809825 -6528.720649081371
-7326.351776045049 337.1195529287015
431.19900322642934 6493.221512686207
-7189.824937575813 6414.001206828281
7656.651167039796 -472.5149584632891
-1058.6975102969554 -4819.704077890503
7627.615876706233 -9710.170709119548
776.125055843444 7870.841909555849
7832.5783969735785 -7380.032717977198
-6833.564696680436 5502.85759537233
-2516.705015030423 9240.509537022484
2437.8107072765833 -5027.855862983925
-2358.106119658738 -5767.432732467323
7628.555627553262 4585.491886749387
-1160.854258394953 -523.3181078401831
9308.010930358541 -1399.7800994310473
-7306.697609138488 -7391.493846114556
5227.762781392479 1455.0473863525458
-9066.56421042213 7964.472087196264
4266.33482831414 -5885.215471224518
7750.7351226994 6543.4324731645975
7959.952920409898 7314.608213507527
-454.2383352940269 -3813.933021476095
-7630.97508139337 9477.974872893228
9909.179996362873 -1025.385419012071
-7888.000734688496 -9304.509726415166
-2931.9781419228193 9281.273351034455
3105.292957916319 -1609.6423884288506
6049.076093452943 2944.39927627836
880.0270053176555 5159.286265921521
8455.513595190852 -4272.592819975312
-2696.685453263479 4766.042369450006
9022.401174896171 7516.063471314887
-9886.091950164928 -1621.9143313129298
-9988.712460888142 7635.640416039587
-3110.9930207595116 9875.0373866687
-7976.432397274673 -3779.816519837269
7891.101770454068 -3579.008767319003
-7043.126162195254 -3258.076211470844
700.7142825323535 -1519.0370989822986
5598.2635176522435 -4390.353133889075
-6377.032050188867 2075.0634253218886
8742.513871947558 6170.617609745754
-5437.073555866829 5302.251784101307
-3256.645258489614 -3498.5693288415805
7396.674056037638 -8971.190560567713
-1949.9842572468042 3048.951309932125
8822.158112919584 8124.961682958117
-5449.023044757888 -4516.724710486373
5255.822016253533 -5253.652536978919
-9558.63527314611 2050.439363890184
1548.1073648668844 -1104.6764108584211
-8150.055798667328 9263.37199669566
1122.923909395744 3860.3716163529025
6606.209867020563 -5054.624616937957
-9396.775859849258 9120.151831768053
-2702.406126365702 -558.8034745539862
1066.8453443408434 -9087.961731271787
161.3500281571596 6236.533672341051
2783.8138603425923 -9096.760626547124
-2624.801733204019 -9722.392852926192
618.3463906465713 -3734.098325539044
955.3505711197777 -41.80250745305966
-6764.204449548326 -54.13495523027086
-7259.935214606743 7042.339500431703
836.8428511852508 6028.0248558839085
6831.409950487137 7716.647053073157
-6651.753021905466 -8160.46146669535
-1612.5482442702723 7517.012901855291
3831.5122305640507 -4204.61154253785
-4198.396038434875 -6949.778143719512
-9672.146994698907 7979.103951487159
2075.4208973233635 4231.784997623101
-6560.128192034857 -935.2793323758178
-4414.369331957706 -7812.905260518195
6657.394880644533 -7575.667879393395
465.75682431639143 13.772323490617055
-8233.049066873535 4128.883002331704
-7532.816413432603 -3721.130297105362
-7358.611230411336 6038.1222461845555
-2565.923727050461 4425.360072798741
7288.18599717749 8288.921486940828
6421.077500770367 5188.138634232246
-9757.986514085833 9229.442675076534
-5997.75047227602 3670.5348799758067
-4780.840846030627 3209.923245782218
4464.248669544972 7908.117511971726
-8591.553996081313 9629.128578253258
4346.262255821479 1547.3563213414109
-4144.691203420947 -9751.206748580671
9183.759613567385 9692.486320122196
-897.2736141761816 -3973.328236935611
-2667.3560523037195 -5975.302487235931
1584.7353978241335 9582.080961211002
4394.928903764399 -9026.439143876201
4225.285456233563 4896.1155415516805
8036.581189631277 5021.377211603451
8277.227888247402 -8038.01842308439
4882.715092624279 8146.918131503142
-3356.7465691897414 -9160.8085022577
8694.850459833928 -4034.1884326849067
-8247.362392325042 6928.63375734755
2179.4744670058844 -8699.397198142125
-6475.324768579693 -2726.186386313336
-6453.31356130981 6714.305394950927
-4968.2814036924965 6306.84611941551
3332.2239985132437 -1032.9623330994855
-6818.23663909727 8696.061083741799
-2984.2826044918284 -9593.885158776233
-2927.4320330287783 6815.364373775297
4612.529617126051 -5024.233875830931
7626.304085934913 -9156.228911682454
9686.089453822598 9833.399082195
-1304.2132363843975 616.8220102511077
7122.145372700394 -2514.8523200163763
-7959.648771584418 -9910.131762773362
1525.9019098602203 7904.190985102581
6401.481785651184 7636.4823559444885
6247.532103692089 -4728.865747755215
-5634.675941102522 8393.556573215836
6811.089562340443 9776.511078911171
-218.75557056624166 8477.906427523005
-8083.62254757341 -8648.747906056515
-6787.358940707649 -4862.504071563912
-9797.1393318454 -758.2516413977846
-6771.779381011245 1763.6727290361305
1609.2391407453579 -978.0872493586976
-2700.9878421431677 2179.0901635565824
-1568.1691965651426 -3064.5669871562077
7648.402959899126 -5270.734315631454
-6920.5533926139 387.18071201139537
4609.512411996713 -6555.986298359427
7041.9688441484395 -7046.470780581934
-7123.72963567865 898.2682434099279
8734.37412924162 2457.1183394785676
4491.564659281361 5390.095988872508
-3352.518810374985 -8547.633011429942
6497.8948071587765 3666.9731158772174
8631.218888727039 -9106.15965059139
-9117.044546689673 -330.3050863857716
-1844.2365928368763 9810.342837783308
-215.35313114378732 9626.54802285686
-5959.596185077387 6483.392622432486
-122.99132441998336 -5681.318352899531
-8590.461582422222 -70.48293016876778
6440.62076792627 450.86927099136483
8529.735233454816 -5588.408358330963
9828.044567259545 4800.15795347337
6701.311740939622 4255.220301274394
-5133.095570804707 -2821.840513587461
8522.435003771356 1421.9400754899361
7200.2433566172695 -8768.957709453862
3613.2621773096744 4091.812361448494
9645.82110233223 -4285.454249503305
282.17583766825555 933.7495921839836
6363.044951297352 -6880.367215014585
6635.70365712652 2792.6992055675873
-7051.732370386537 -2612.332730978371
5278.241712898822 -8801.407766382534
-3463.7947877075967 -2057.7095931518706
2017.2281423880613 -8597.250081094004
1567.2709601037332 3378.4570124393485
883.9452049665342 -3426.7910979497465
-5912.362850432278 -5112.6476356865805
5299.670528691082 9331.227949345332
280.89203251972685 6859.223627623713
8361.413071107203 6986.995840169442
3387.15830124117 -9905.590344186128
-6008.991441485332 -2366.6352128298104
-2752.398246799721 1666.1549295630975
5085.884575549429 -4317.803384580979
-5580.728108783784 4717.069976277478
4829.328115986218 7478.701405269807
-7862.751792328199 -8665.629087514977
2962.627184536206 304.92570409375185
-9641.892055444665 2137.3326131156336
90.97987752633162 -8615.675662475245
-7299.250780035609 7323.650420103426
-10.39020114005507 -2574.854625177125
3307.6452499687693 -4340.300342087584
-7603.954381329192 9791.11559905986
481.62835508599164 -9737.040734536064
-3080.9482875495833 5563.723606039557
1410.3422858568156 -6986.852959793392
2464.250433267176 -9438.850862404699
-8627.477928689257 -6958.103361491141
-4029.027585404854 -3195.303027764112
-4472.697083336197 -1010.9156713183183
9274.435738076962 3974.351380449325
1719.7825251881331 9577.197277591982
3551.8683219471204 2070.862806332263
-1306.9032196567223 2543.4230808649063
-2919.280366773638 802.5566292735894
-4320.699691337848 -1917.5986743182702
3931.6452831896913 140.82770220478596
-3451.632524738422 -309.1144821285852
8738.47722391829 6039.079784457759
-5473.3246535027665 -7331.174377807554
-4168.07882940382 5485.635323595072
-8046.65585399747 8519.668983957661
-206.74489411528884 5861.931041808288
-6375.1446839829805 2105.960719146191
8878.837087108812 -4996.90135370493
-8014.609082495046 -2345.398009266377
-7214.24514483358 -9591.202721387808
-2247.6279474730163 -430.5876775680281
1873.4916521861614 -1272.0351847622496
-9476.29037201585 -5503.091055074107
-3773.998636173119 -58.08120499575489
-9504.702462398964 -7795.47916540366
9833.128103358544 4596.031633910161
4624.331055127046 4568.710567855947
-2310.1707769404475 6980.980018272319
-1593.9546857567839 4333.776954874247
-8243.801637504588 -7659.653003036442
7888.509937000599 -1709.6123146498594
5490.807614655327 -8017.853438690354
-4367.854666396087 -6863.8373084426485
-3935.569325519743 -3402.38897150482
9027.655852919306 6518.931074908989
-1619.2712833491933 -4858.632906162965
-281.8901183769376 626.5397657221492
5675.020943983593 4302.9111937950565
8827.920779140994 -8824.600464577332
7731.786193600154 -8099.931307686424
-5716.475896290612 -9236.78747375904
9656.078997389497 -3549.0905980255884
-6282.430128792833 2289.620042131137
1653.5686282796069 4731.369342565287
-719.5189889976791 5511.791378411692
-6581.5502534453735 9301.610622210948
9140.263291342802 -2209.756937592467
5497.991336023613 8784.93432389923
-5466.514305359425 -1306.5231574163863
4397.037948257865 -4891.162157519524
937.3668410467744 7368.287938144502
-1794.7060483010227 -6031.401192371921
7264.958615361975 -8554.10602959462
-4825.240334736711 7449.534399848249
-2057.5767593986557 6742.299009914328
8944.225591388295 -8955.116750238918
-690.5446067104131 -1875.3972514978232
-8997.756688598229 1232.02313054946
-6009.092074892053 -6346.761999049009
3499.547213963293 -5679.472363923362
-5280.263905527449 -3526.597554709115
-6333.588715790633 2461.3462001529333
-7451.6117652324865 1917.2355712991412
-5140.0295485781535 -1492.8340560739452
-6532.197219858826 891.5646204484619
-1338.939849855431 7839.807462445173
2160.222236976322 -5135.6657342992685
-2540.337615842236 -7668.72939572601
1944.0342919312043 2626.1120076843654
7612.5720250503255 -719.1517891254007
-4074.087965357915 4491.336675855935
9526.441341489925 -3528.512118709692
-4042.4607257890184 5717.272178879382
2913.872879708755 3414.3753399725665
-6798.76158944023 7656.894169872889
-7010.217078181322 -1598.5085801985279
-3059.1410600362233 -7474.768604119678
-3480.2297358572296 -8838.329454583296
6731.3079045175 -4353.043880980938
5401.769806397935 1716.4789012296806
7062.1368560687915 -2333.6918297186094
9856.794674174493 -2541.995502463552
3417.631871403062 -1561.296201282119
3324.1038160328153 -7478.565263008821
-6052.113490625015 -5813.318674786767
6800.664387907636 6201.082083728892
-8077.638982610804 9991.097983611664
1634.3073771919662 -9540.711640658128
719.477356678306 801.7868640641009
6674.505893259156 -9496.559282566155
-4687.192967591292 5890.159794274596
-1795.7586594936965 -3042.91477281116
2046.4708650545945 4029.517099049577
9220.946902986732 3326.9312364032994
-8050.6301013855655 9677.11783871034
-1595.9418774953665 -1731.6946777377143
-8080.078267770985 -5954.659334107935
8501.216015488324 -1422.5994433064006
-7180.002424348146 9187.535990811532
-1115.2752868499101 5889.446998224577
-6151.220779298576 -1912.5247616012439
-2325.63413119121 7737.708734359348
8524.30901040322 9229.55619002026
-4907.768609215979 1929.0021664258147
9182.507222575583 240.2296320483165
-8390.250177183767 2117.196472033487
4110.493313951069 -8070.624180226722
1966.6160676812979 2006.9530488463588
4263.049495149735 1423.6481534563245
-714.1245755175878 -4204.2638305925875
4968.122460919289 1072.0876414716804
2278.926813346192 -6737.094395911902
2109.2680719480177 -1582.422687903285
2928.7591778002425 9340.48687613233
1979.994675276359 -8233.993539081283
2059.2517336947403 -9949.00343752257
9336.974285704466 5748.28104562676
5842.909896586225 -626.5210554132445
9136.136470027399 -8241.396201556961
-2431.0643759911036 -5100.310078800214
-5982.317654869979 9265.730684668946
-4111.938563589446 4068.1542544608965
-8186.911299481722 5732.184127382538
3270.111530727114 -2685.410446272569
-4820.790776688919 5239.694467292753
-3445.2159789463303 -347.0141305479974
8921.600277441681 -1092.5836474461503
-4754.326058474365 8002.39823858676
9651.242901954542 3802.747017596792
2592.0989830455637 8000.303743079399
-2874.146441836092 1282.8578186730483
9522.812053000347 -8905.85813588862
6959.00883880394 568.332688342718
2140.216149908565 378.45048292490173
-9662.649126084907 -1161.4153306358403
-246.76286302752123 1945.7859849833458
7968.154467267534 5252.001244890349
-7678.471618585276 7445.391257109957
-7313.417513828599 3032.061525384279
3703.2229017628306 3094.3716828474717
7983.982340640923 1123.9374224216353
242.97816814175712 -9438.09680658029
8175.602896574455 -5085.628395729076
-6993.417710366641 -4052.208202674965
-9991.84752497687 -5879.076155659786
6362.930945650271 -5497.527025754709
-4785.3595769235 5194.932054401746
5633.713464820727 -9213.66388116048
-1144.0201160512006 -4554.157110408303
-7824.3292203756655 6642.020676185537
-754.1349704943659 -3417.1776688052178
5529.831429814871 2654.1306328942046
-8162.546627734972 6482.860424058505
-833.3494568993447 -7303.4180152534245
1657.4388742047468 -267.1515487116376
-1124.4827207508606 5718.589423436291
6705.100241171011 -143.59809884241986
-9008.379265209654 4096.0672800152115
8190.977098135936 -875.5321768149279
1422.7037642292362 3676.0152027950026
-7428.177773109048 -4537.942958727719
-4167.2450964845975 -2932.7710213134096
5045.539294790511 -9798.299082534077
-3640.7718666137607 -1218.5363514386972
-5498.175208298979 -4702.468805261037
-9115.09210229557 8504.956671403324
-4118.720668692102 -5897.845375929267
7155.071370515769 7080.99991530447
7477.770901233649 5921.770806334478
-4074.877628227656 -1289.97168845735
-2074.1193313337944 1303.2807285302843
-5156.584161830169 -7575.522746357293
447.2761913735576 2370.386897437951
7918.513062806058 -3928.558386231107
386.8981448251543 513.9977819132819
-5810.361490087501 -3163.0492436329605
-3848.1217022034616 -7644.495569152117
-6386.346044864373 3771.449597150944
-6626.867674397148 -5860.202438800446
8201.371651594312 9826.866743960105
-2558.3984271979034 4578.159239253788
2080.591736736804 -6408.573333663754
528.1637946664705 6649.462159668292
5432.749773484313 4209.139170081382
-4221.761511403108 9981.367849145994
4144.611112079301 -3103.308301221552
-6420.829939848847 -2828.4791983717787
9535.974564602955 -8978.754934301456
2630.4831077832187 9771.99799063892
-9331.123581551996 7878.407527964366
-7995.850381933309 -7351.435774560111
-4486.682623847105 -8889.536633553258
9464.029426547546 9039.562293770796
6639.076749479125 -869.3126860489701
-3979.318934587379 2877.5470702613784
-7877.314250015528 5970.380946256868
7029.770120314999 -199.9410615583347
3003.19679776442 -5358.96729541199
6099.33777984779 3764.202517967007
-5110.119735484577 -4595.208755084154
-346.78837339131314 2292.9908482609426
-6780.458634676501 -9727.775705042128
7204.8891880789415 119.69053596201229
-819.334339155761 -5402.890240365141
-4771.761140294517 -1640.3227883116542
6466.13381664635 -3186.205794206887
968.4077987097444 4327.61067786523
7785.782074441846 8163.4325333466295
-3381.6519749753415 -4269.004969784413
-5535.381937766108 5681.20143741402
-6006.591001598565 -7790.5005533216245
-7527.981601989862 3767.3632509121435
5168.475314411302 7052.665222030708
-6128.2101392316645 2340.839670934265
-4500.847229135605 2416.9379620074396
-6047.521481724865 -7125.268947355566
-7969.450065971093 -7523.7857246100975
-8808.124744076238 -2460.999889570455
2504.2225656145183 -9321.600676313657
9729.159025036293 -8773.672790472789
-1994.1149100800494 -356.26493015299275
2162.6907276338115 -8587.088859799296
-4246.481030324403 -4771.047378316653
4260.967198088774 -3393.2149952898835
7607.5495390519645 -105.42914398020002
2568.801532722455 -9438.01173132571
-5408.217931942973 -5249.041799953294
910.3060659788262 6487.72455815912
8045.8263273621815 4522.047055124507
-7565.190612552419 3157.4088315030385
3986.7719505494533 5153.870379712016
121.34386831500342 3123.2933465430942
8839.896405235035 9908.380382387375
551.8917783162906 2168.1453724440216
-8094.763103113123 6521.278820660682
-6716.897982835675 -1323.7780799390493
2758.868792098414 5365.881759925969
1290.7161561061803 -8218.421417923724
244.78424369148888 -3446.6903543648477
6730.4817204767605 -2047.4763688606035
-6204.722453785638 2512.5877386155353
653.858899043682 -2903.186866888752
-2475.212213413496 -8167.485325320294
-4663.646024664443 1322.961303972752
2874.1780891978033 -9989.561466339213
-6479.1493390538935 2168.8266800893707
6539.453128392601 3241.3694456776175
-9852.160796547076 -4590.592575339234
7000.963588373768 2494.1280056569085
-961.028715244187 6481.571636925815
5176.163352899061 -3140.4882025794677
9519.902875836295 4114.219141788095
-7448.976037271232 -2481.242152036689
6112.924390935063 -5071.842235075408
3602.2385050658286 -3331.1647171183913
8199.389077707918 -2429.239829368994
8404.38117957699 -645.5904597435238
5946.512883999094 1376.240698153666
6023.221869416033 -9605.424105249243
3812.6179135682196 1593.1859734518148
9628.414317988634 -6544.230541670588
-6410.557344564747 -9103.26137265265
-9784.171237350665 4810.505923868714
5209.674514938495 -4796.374349828867
7411.809109182384 434.92621343362043
5442.373789134801 -9265.994601527444
3038.679027874332 1836.3640448867318
-7881.488770663334 8814.876464843564
5952.85302952149 3365.4659254763246
4673.3556372935855 5095.585078345797
-4876.0681898449975 -8244.35039410826
561.9897099403497 646.7460813546659
-7994.801115601877 7245.992997030771
-8501.24193063759 -6160.332548247656
2952.962427220902 4881.900232545793
-6509.014472427734 -6045.841119200341
7784.225856260975 -5548.801632817972
281.8321327594149 138.37799611636729
-8480.811558857999 8001.581468537661
1086.6857497525634 2645.1562185552957
2937.1211040822836 4998.604153270593
-9597.976992250195 -2804.979542931019
-4218.813318031213 -3078.283645419444
185.19868118595878 -2133.0857049256747
6279.806864205797 -4540.897661780463
2848.158511427222 9093.400057533301
4109.212948498534 1450.3695116506533
7277.601591068331 -6862.096015015657
3003.8377789995593 -4660.578075062911
-511.35904941476656 5857.3518711728175
-8071.7423564935125 4138.122720408768
4538.557989544455 -9395.681466305352
8056.3947443595425 4764.642662515225
6971.764237308809 -2201.4004383984666
-1239.2418416888759 -891.338818140197
3336.618506784176 -4001.105788849073
-8603.502232686129 2288.883060193679
-7790.71488984449 -768.9317268558807
6872.098134768468 2306.5947852052923
-5320.660231770671 -5119.751807186297
-4169.43185191291 -3337.712202644372
1396.3699277213927 -3370.221188304512
4722.006819972388 9490.640273466252
1046.341726978002 7730.858906511927
-6869.542737532095 1382.4376261645684
-478.9575498056656 1312.4464544332113
3425.0022018125037 3300.292656145117
9063.429949243055 6491.814158328965
9137.073301921086 -4141.69148576369
-7683.737430648374 -8278.091304288455
-577.0161609023107 -4275.896138111428
7470.906443095315 112.45212716077003
-6447.27183532986 2014.9065512227207
-2392.2488791966853 -4612.490410772776
1573.1129649207123 -2702.2984002199382
-160.80521862970636 1693.0186039524542
-4874.669658238162 -9833.301040798173
-1989.3043436786375 5643.564546750984
5854.09963505186 9359.667465304996
6484.907132262382 -5201.531007479772
7927.547928490116 -7012.030332098191
-8071.54038837494 -6816.9716638682385
5894.023026143004 693.3999580485033
-4959.527757037145 1521.5362127906774
-565.932543821109 -8591.774989939995
4806.412611127411 -2475.5067318886286
-7477.188638947468 -5116.90618486744
4130.454821086227 -126.8083177401677
-3899.9247921013684 1260.7730805611936
7594.017905069588 8470.646126109496
552.502946712535 -288.0513385347658
9607.690276624482 3078.623049701464
7144.08030561695 -5487.4014106340055
-5631.704872416965 -7363.701241423797
5988.416738999698 -5069.253423552338
7802.356775511893 -1643.1425039452843
-7761.786764096146 -6096.332668301885
-3928.214718602012 5124.130573826611
1874.3555591590339 -275.0903589395566
-4762.888303216238 7762.147570998022
3809.1156744247855 4823.773611839384
-7681.859540925296 -8573.743484149576
5974.966948974754 6208.170955498992
9261.421447957553 -1334.7452123612547
-347.4454687159505 -6744.933914894178
8218.470123859403 9629.750267349034
-1501.6093993096474 -9729.014162501144
-941.8000412975944 -3547.2519071629986
6564.8798027420635 3608.3693776672117
8181.558264402545 8004.252202735446
-6937.692634905821 -3888.2037230703872
1475.8909169016515 -2977.5566541150965
694.4527438697405 -4718.568564646243
3641.089951963957 -1950.2252989856997
9106.529353596998 -4220.709891052005
1139.1136865342069 1653.115079162766
-4683.827856697957 1767.2191765187235
-3337.0030050174955 8082.8449211017105
-1044.7587796653534 -9946.234551908572
-709.0038004378548 1826.5960936690062
-8267.781490868496 1140.3856945781536
6386.0601765535175 7439.099288629968
7732.030799017772 1995.734544033674
820.3253410748239 6580.398398219571
-5997.854711791704 -8249.958132902322
-9751.109564321334 -3629.543465236722
9330.822011782391 -510.11152076861435
-6073.363817274165 9968.972982364481
-6794.559048798903 -8053.054962776856
-3043.5957248986624 1714.9994803121463
6645.845989589063 8112.547481451758
1876.3632821442352 1211.7402926896466
-8060.312957628124 7673.241647638617
-6861.064424863394 3417.6836139874213
9263.767046714707 650.7234868164942
-8696.81520891217 5106.012031795379
4757.4349833375345 -3257.119185814863
-9342.908503283392 1980.00340313967
6821.093637432037 -5399.082806845164
6505.679758799353 5282.93063619012
-4755.069544938188 3640.8287157781288
6505.490033700462 1916.7366209991378
1229.997344919906 -6024.220929478443
4195.422071764349 7884.551373727532
-4554.189915498614 3669.2045130470524
-7731.501628436328 -8702.105202458753
5975.6639210234625 -3253.2447724318954
8148.644678365075 8240.191479674562
-1667.112213744591 268.4681193700908
-4918.903053470871 2454.0038032832363
5688.303152197728 -5749.15612466748
8214.588449920826 8120.173209189536
-968.8303582544031 4341.77859957651
-2952.0031440834837 3922.8386498233976
-5807.055598525908 -6110.409709317899
-6866.334696704464 -3854.917009876289
5495.207662730303 9410.653669001022
5074.133576621309 -1284.2606523509148
-5759.86538199464 1448.4408055679742
-8381.434119194415 8928.673404913821
4343.929980575202 1430.051303337068
8059.664195465324 8981.631159966913
7120.675349783603 4364.584469383641
1151.4254683660747 -4467.465195161127
-7443.9390626721115 7091.002888892017
3412.5876810629125 -7853.123757907046
5367.514806028425 2271.4060398304864
8950.184259061421 -7189.34371813694
-9270.732125039049 9438.917284563442
-167.87789353266635 -1390.9222300178772
6747.924501294074 -3852.325967800861
-5442.7418237240245 4222.005930581905
-1393.8520501808398 4635.683884034999
8315.954924974281 6062.966676678478
-7250.9173627308355 -7600.407302123904
8503.651744210485 -310.74525514659035
-1429.8092744458863 -1306.2974568270274
-1655.5029208967026 -9463.508048746042
-239.80848085677644 3203.8373406477185
6501.635031372978 -918.2353061001631
-2185.167297197406 8009.959371413606
1195.263750656546 -784.757616156885
-3845.7454102190995 9439.701990622656
3619.1094493473884 6900.974114146946
4888.734323485522 -7471.72359886602
7340.507018446035 -4866.677649530893
3472.6339710787706 -2461.515344202323
-2111.212438327654 -9253.703657773609
1320.4026115295637 -4642.138266611291
9881.225466762968 8808.806392024668
4915.518119059043 6578.233657658289
-2194.686377715656 1139.663086280334
-5974.7167176342655 7676.283554645255
-9029.32503190096 -3098.0966232580486
9341.421525156442 6951.977141595307
-6836.552534839637 -4713.164535460251
-801.5493015865541 2744.990301563412
-6819.491485586084 -7026.055579309463
3978.84383507836 -3062.4316417629398
-6309.560194281305 -7646.392795230253
-6603.9836263394955 7865.508564090414
2762.664999122042 425.33206116001566
-5946.788341200929 8497.265379211312
4925.717552299444 -7164.975427318934
-7491.614254347951 8104.435192464298
-3239.8623446863885 2690.5638143851666
-7467.7720901293105 -1364.8294581323353
-4198.984914101056 -404.2499439015028
4328.480490731796 615.3577315944294
-9080.2569045359 -9231.532536541443
8192.75418278584 7640.659164322104
-2625.937195089443 3159.693627927343
5418.064594510515 3385.821585562813
-9639.98206714303 -6834.242219378548
5212.354433841825 -9454.082986098376
-2831.0279777100477 -1172.9639184887656
-2024.716146187142 7237.471032169218
9947.365867124834 -1667.9421587692377
-7511.383019420649 -6874.283482614518
-1423.5708489749359 8196.769900550174
7406.553594810426 4907.488003693503
-3666.4149546456783 4664.492398418746
5889.3885986752375 8767.552239202207
-233.1687382169348 2672.8820081605118
6305.918737718526 -3960.5423090509357
8607.891875637448 -1840.008441640015
-8362.960331486844 -2459.7372152416638
-8430.512875514576 -8467.692417464033
-4454.991375199295 -8088.220030582412
-483.42129589311116 2793.4216128938806
4029.8889349053516 -6210.733937442638
-1228.994762141012 2132.770790129618
-1823.2905990459503 8731.756151573914
4203.417807047657 -6300.327522267864
-4296.089144497024 -6413.4707491681
-5714.000931809802 4838.648329338455
6855.68724146696 3323.474385527905
8423.943595693021 8237.824702475533
3637.8497800312016 -1636.6003427104406
653.2299582491232 242.97118857553505
-9521.120297207219 -9962.381415267859
-6813.259464530166 -4984.478820667313
-895.1296566139335 -3945.5772649212713
-1689.6857976798747 -8736.300233346623
-9250.91910866125 2711.327338126248
-2225.148161010906 5951.670242055483
-5226.136304630729 6080.272102470239
5100.121155805118 7692.383736050044
4364.752180240061 -9493.776933893365
8100.445524255185 1455.6015566934693
7163.537310970092 -502.08559790598883
-3538.0157440236944 -4226.6538816816765
-8460.826112682758 1452.7463653543782
2345.8536424476133 3800.8046249258205
-2347.5861845764466 -9353.86302352946
760.8534614720757 -9608.492428430603
-3447.9305048249917 -7471.092685751859
-9155.883352611172 -1228.6294434848987
247.86224661726374 1614.559258525358
9207.508751938763 -7553.022306695582
-8963.173083650829 -9898.410275023885
-7847.8484577274885 -9340.735005509563
9317.287636110872 5864.259877139857
4822.9672187254455 -1005.4606776965975
-4293.561599318238 9558.52890575903
-7730.325267315361 690.5550847785453
5484.604268491514 2328.1348629969416
-99.79884713964748 -1273.849890352596
1221.2864190515156 7959.087445404064
-1043.0004374037871 3958.718224878592
2895.1174572479504 -3680.8773199347897
-3583.7016798884442 -9625.411316312078
-6098.097365930424 8531.953010868783
8104.838419278694 4943.15324812518
6051.935769619642 8574.41042489888
8848.18406453461 6616.365357702758
-3010.181499817546 847.8902696471359
4109.228042716493 -3308.9756886672085
9427.045542149259 -1236.245614100293
-6154.96461277138 -8947.973059773549
3159.640117221712 5495.660049808997
1204.7116507579267 -6259.441112575899
-1949.8341058954384 -5209.963095689667
-3789.493209284982 841.9793220847878
-1014.5330770762739 -2910.7575311347646
-2291.1069116881836 -6136.075084570966
-7721.486452699242 4210.182447284104
5647.898482695271 -7424.047219238432
7064.781633052557 4434.482061672976
131.49586677314437 8707.814022886625
4950.597596640209 9104.563626485902
3721.3868786134863 -6045.765876838036
-3497.0631738978473 -8316.720133364279
-898.9506944692894 8409.85602204817
4127.17845728379 -9276.986036907076
5486.445761605984 8858.790756412243
-2538.6399322187226 9303.463166399993
4062.325552031829 -9731.015110608769
-377.49795693754277 -4764.41903612943
5242.580870484344 8392.415129096928
472.6055054547942 8692.45083875741
8697.652225454447 6547.8881353654215
-3471.048402318018 -3083.861753656647
861.5046352063109 5464.008225073912
6225.378745127882 -737.1548370345263
4025.231464007493 -8514.338885015852
3938.222719899766 86.98536035281177
-3856.124530391161 -4501.866020464391
-3477.3467446079676 -8171.932111815654
1127.580137131803 -7401.212095618031
-7937.83525071527 6152.557471289352
5657.726105683387 -9153.037743624605
2116.010326325837 -2883.823077327419
-9536.772483947912 -3651.4164440148297
-4043.598644691795 -2949.6271927679873
-8488.293279727672 1482.7341936784196
8119.324255036503 -6760.024062990597
9714.785014940702 3253.208181544398
9049.859638296919 -8552.659517682136
6516.267189454946 -451.1331886620992
2704.9168882196373 951.5507067890958
-2873.4776410073046 -7477.605320777349
-5316.667047040249 -4990.446232645576
3185.9031784205945 -9652.174527790363
-214.6903990774499 -9490.64582619009
-7715.433867222586 1292.9998089294404
8860.202143659422 -8926.300384364527
-6964.405574588956 -2656.109819485857
-8616.30449921585 8985.96257730891
-8707.144785822251 8543.514620641534
-7587.559150824383 3048.195954916944
5624.553222006978 -6241.060906507279
-9603.743788353624 1844.6361081592495
8297.969196293932 -1234.3478644602183
-4214.975053229311 4872.198729384167
1800.416365723966 -1660.6270051472675
9449.451539239824 7612.7967518265905
315.96027930942364 5471.14157917987
4641.880883012882 860.5897555323336
596.9987362044158 -2127.689188469122
6555.400859408943 9480.559604221744
-2685.687665711971 -388.14622795094874
-503.51136016864984 1263.0791801527594
4238.738641726961 4029.1732167872215
-6731.50786882837 -7347.563564277669
4502.151213400424 -7008.621516935181
7570.268271805126 4865.541203939065
-9295.04586959883 -2885.2118735509193
6046.328285370271 1280.3378037225575
8781.833435816381 -8253.815539156332
-9918.124551084933 4961.714921754863
8307.04413805922 -5699.863825601197
6518.150616499366 -6194.000507470351
6315.034492540186 -25.516306646059093
-6829.46967859906 23.38760197258489
-8268.25214424039 4916.863268601983
1363.8553359661018 540.958239861553
-6843.5335673770605 -1409.0746046254717
-4343.4973922446725 -4602.80789308658
4003.5990201351906 391.68919161784834
-2493.2688575483453 -7687.800898502639
5908.345526994461 9485.247085826264
-8158.11637000424 7356.139204065068
-6180.30836125558 -8601.170934912867
-6676.959326847884 -5998.395073235297
4348.738927290344 63.00035678232416
-7445.238210252492 5834.012148770544
2709.8844659265615 9808.561261499115
-8428.421391049935 1807.3277632181725
-7013.0887350714465 8246.490468141885
-7360.063469384866 -2829.2534767611287
1475.5737053299927 -1989.938586046207
4746.316929331824 8055.207447786597
3498.7987667065972 -6985.963210051175
-1900.714060729254 -6803.078032487065
360.1500787434361 -6813.371492371327
8555.27798771689 2388.368974660578
4995.736749556816 555.6951634907109
-8915.081588622885 -2014.5089775805782
2404.276144898582 -878.5717829042678
4228.749926328115 3163.1121252807843
-5920.438634791653 1123.555908682436
-4051.7629051697577 8598.86739879939
-5560.903419393119 3111.882006395501
-4640.026670648247 -2120.768343779103
1637.2163747764534 -3345.2490507225475
-5451.970195942279 -8840.497679688498
-4829.480754950135 570.8189603751325
9981.424213340404 -3527.119214732299
-1672.0149210302607 4245.285720561984
4020.7239957051734 -1427.9280008354835
4807.680186620666 -5107.475622372959
3579.8158461086696 6300.111652132207
5716.472670506286 5552.832758342225
-4784.079457471599 1225.3996766646342
5688.727879938686 5161.803434639509
3752.949410457737 2639.213689732991
5004.4706083233505 -2793.4010914103856
-4999.660809699067 7002.24199345681
8357.043577725344 -715.8109658873709
2211.532576711632 -6460.024613153057
314.8165082543492 2302.402609519322
633.2934578681852 -8074.941498014266
2541.0272537100227 -4884.585319751591
4829.0952553432835 2847.996785567928
-1519.6145289055494 8061.077506803835
-583.1728799001467 7765.894533090359
-2509.4272732233285 -2831.715674811011
-4556.874979059738 232.17208489251243
-7708.6666537256715 -271.66546763999577
-8176.368625023769 -2051.498853359113
1123.358313276336 1475.0542179589847
-5889.449862316223 -7956.5238986275035
-846.2866020629936 5794.200346539137
1305.8717053162618 -1929.1867115762143
-7565.924147341984 6183.463617469064
-4479.310153629838 -8166.8318532994035
-7887.401654468551 -5389.834384736881
-1011.9515462338404 2375.916290683037
6619.7234102618095 -9535.47402633029
-1731.1949414450828 -5641.447413401359
5192.827904613367 7482.15729664571
-3552.98718001253 2499.6249677670603
-2625.9102821667966 9310.220269632904
693.3647965117307 1904.4068096539886
10.50977665334176 -1682.528164090878
4782.269600232385 9822.796354581144
5804.551632288956 -3200.8072124538294
3980.162567667836 -3251.7908350489934
5608.393766507907 -5096.2137256442475
3179.6855470245337 -2243.493849252234
-9575.688965834386 -4591.392647731001
8236.400247382346 -1402.705564544527
8468.252787806527 1898.3712071947775
5171.732135935656 5288.207981023592
-2326.8044244749462 -6049.74106520398
-7762.130066561411 -9173.945644174088
-5346.611502240777 -9394.360863727516
-4202.614359510059 8117.010154235577
-2579.8495561938807 1709.0819637544555
-7447.644630569394 4341.311784691026
-8965.613172024132 5621.145148960339
-2135.1874428716465 8706.1811336695
-7099.4548956381 -8637.82327905791
2742.378483031658 -7096.002188015409
-2448.74558516468 3420.1679558199085
-9480.040444025577 1581.0233185565085
-458.5842193275912 8256.475185255262
-1649.580956175776 -1264.7525526332993
7465.055086519402 2968.995221844498
8324.180320670577 -4799.7729053508365
-7872.224467412372 8623.179088744691
-1630.273122796778 -7764.952210317273
-2447.8278051565576 -6562.960117207941
-5955.9810999386655 -3271.1583757113985
4763.114330718468 -5692.913368234569
-1096.142827770649 -5358.441355174377
-4805.675557339726 9087.913616583413
3356.275229469891 -8959.021344708897
-6922.788698424247 -3411.0619122385906
-281.9494448815458 -2540.767511592825
-5682.541240204797 6427.5744755256055
4671.481534052746 -9719.622674606167
-6865.6129449955315 6678.904344242987
9385.583548860646 -2516.1425341058784
-2867.355250954979 3687.6881113678464
2278.909162502814 -4693.041688471464
-3504.6786022427677 -4540.655710838723
-267.7848860314207 -8747.349822396865
3632.0947022334167 7722.308721102228
-3983.7640953098253 -4642.513491022089
5885.561215510357 -9945.049828145504
5281.855039860207 -2252.4791018706965
-4206.562268830665 -1603.9738509375948
-4333.00561540779 -2751.5301553746394
923.8386117600603 -191.58287042874326
8406.575262515504 3179.639914753072
8445.370970419412 5541.683336081478
-6711.068864932612 449.4227970843858
8363.33317561051 9239.7484091539
-4115.905502727604 6683.425697249309
3747.808499125573 -1434.1937700744638
1676.3956047200063 -645.3877558596596
-3701.00168212034 567.3341140145112
-2434.1419925405326 -9251.918353507492
-8760.335799187626 -6220.141456597259
-7840.108167346038 -918.5823624421137
-3205.9268204292302 -6631.080076630131
2858.8361922081585 5214.80943585079
407.3807147533207 9535.454682679305
9945.908018049344 -3876.5743411157437
6378.912420099339 -6039.408456072537
-4275.8276921961215 -1332.1833969456493
-2272.6627294263517 4241.650831794461
-9799.841044465884 186.38465077911678
-1124.7444616650191 -7928.095396977733
-6104.202507510867 -3952.7456958534904
5135.260629599385 -2657.555911361311
3077.3593945052653 -1464.8471644188903
9999.058050069962 7395.282912175739
3022.1429620432154 6312.19677772686
1875.7616428289275 -1667.4022987636363
900.6542036634219 9179.747287213511
-1804.984735317743 -6412.196365794103
1434.074549597377 8981.800070222416
-3314.8764138120578 -6110.076359298422
5693.837256995181 -5771.363540175758
-8844.101846615786 -7696.491474874354
-3757.831420837685 -6617.242916174044
2260.4688062573114 8202.144881045046
269.4704683407872 9737.393223040668
-7520.171077419158 -5165.649901796647
-3533.5360679183395 9431.177110105811
8968.424919751764 -3433.535103089427
-8923.95721160312 -6619.169207356424
7918.62308629779 -6062.091545844166
-6098.194429401944 -6222.9860855278575
-253.57738663143573 -2660.039062033894
-3992.7150873713545 -3723.24554921676
-4329.681650365964 -6569.997026956189
7421.909758385478 139.168001306527
-6850.261908354822 -7681.0581469386925
-4623.232854022672 -9710.553770864462
-9830.980071579974 8120.316879458078
-8574.723177941114 7659.387571974676
6497.420713107258 -9374.624749040659
9260.903176383214 7141.0114258075555
-6174.816339882501 -8330.831437678697
-5873.927396193501 6103.092166401471
-3929.7845649212522 -3821.470013838766
9413.493610509304 -9341.285588808192
-3830.534809962727 -5056.452786141165
-3606.8936136932607 1735.2490138577468
-3686.3819257619853 3829.9412898278933
-1045.0797482315102 8486.420523637957
4853.257332969293 2450.543241796342
6840.029271295789 -7300.583006070394
4999.176430558944 -5760.166641552758
-1960.87219473992 -5411.719102127268
-2040.9568507568702 -573.7034672326317
-6130.122038272859 7728.095534888773
6297.175430732486 2573.12504867982
-1298.487218596456 -1127.2296784855953
-7926.313611721594 7158.584527326671
377.0904620865349 7012.492605376716
8713.81769957985 1093.1345665556473
-2909.1537009026224 5265.220178018892
5577.788775794303 9121.18078414465
-8189.882992324109 9059.84540133064
-153.96422159808935 731.1193792800568
-3711.646906611656 4556.95761448514
1604.2359467492242 -4501.894751279249
-6702.250093791 -7633.588092622273
4907.052316159179 1709.7700690419915
-2082.923144253972 -6640.819375306879
119.05598675012698 -1324.1095033082765
-3457.6979899680364 5734.26291131214
975.8216212062889 8298.78198911867
5744.65018861452 -4510.303869955485
-6422.278526289056 -2718.006935311876
2182.753777020758 6059.996972217872
3923.469942556674 7780.634021494494
9482.600643440583 7120.6458313962285
5610.011084884143 -8652.528394382449
8330.996999341223 7423.50508963145
9969.86205694846 -1295.3021507465892
1985.3136570475745 -7984.659493042485
-2813.4352097112724 -3827.943936055265
984.2985853909395 -9695.091680634463
-1176.575803325737 -1492.1990665136473
8051.779534217734 -1817.6681494223849
9720.250336786445 7469.736313369569
7017.110536957316 4757.794934375843
-9642.661473517774 5579.369439193684
8033.24544036368 -7725.155239231182
-444.52778739113637 -4627.008378747426
-4544.649450007354 6366.881419373689
-8224.755282059506 -4150.721378738953
4449.907151743999 -6936.300974219725
3298.5433297845266 9873.791319339827
-2263.7213640176124 8818.220172276353
-2780.436915485553 -1023.4706846037643
4819.75213937214 -9688.161900338931
-1557.7554952072824 5279.481637637504
2657.093745272594 1910.0855027665148
6775.57437871414 4216.883856558436
-1097.3102228451698 378.5976399181145
8737.701958671041 -3738.302425350009
6715.37564032113 8832.653797507111
-3175.625858171791 -8952.421271337083
-6436.911851975316 -5118.168051257719
8766.70270149699 3076.4113335646325
5544.500321575379 1544.6104853643046
-1302.1702959439917 4627.243542802233
-6546.154659012289 3746.030839396675
7167.572509041009 8533.252174283523
-2852.8539416976264 -1925.1957084552387
7588.664133053549 1169.1503532895276
725.1178420942979 -1035.4547812479123
-7032.253063664335 -5707.784083592027
-7369.9734772872725 -9422.923503383203
8668.790907368239 -6694.081412571708
-8039.167428850118 -9595.951009819632
-5523.846033517599 9065.894621739302
-4857.035943609191 -2033.6123735274714
-7630.972363908479 -9476.20174279038
-4453.8922996287765 9979.363167382908
5188.537100312722 6305.347820645435
-7274.5644559410375 1964.369438212163
-4226.690230016213 -5255.340737961243
-2331.2952165089637 5526.765482028273
-3841.1575973915606 -6052.259702572697
-4236.283112301502 -9617.575521003962
-7919.4657354716 -3866.1895062267467
-9842.358645169614 -9296.087581142561
-710.2039246762688 3803.874206533881
-5238.25738818725 -3529.499364189388
-4912.849883144343 -788.2238938603587
-1637.9151122861258 2244.497110142289
-9004.203479451584 -6836.263488553697
-871.1849134831791 8159.663698252141
-9356.369047600027 -5651.852555595396
-7726.34287726458 895.7674899584417
-9308.756857681537 -3801.806756629833
2687.2851146457324 6026.593713146496
-7962.052671710824 -5284.355297109948
9095.269208214795 -2632.967240482022
-6442.56565632495 7734.945164057226
6603.324213462438 -6191.869611716985
1259.1645415975963 3782.5051670803186
459.6162163179306 9617.27883873291
2041.148772439481 6986.882439371602
-4556.078188948416 -9706.006824930733
3094.2962754489126 3421.3295747135435
2500.455500494658 2810.0227924058727
5538.048083558169 -6189.049029229219
7063.225154783031 -3574.201543836044
4011.531079415323 -2287.494908266852
-8020.2086517692205 8263.52645918406
2714.0133343340694 -4924.333945834396
2021.352022687166 -3569.4988929773917
-7217.036641696548 -7479.663413496908
-3325.9052838950965 2724.4976325451535
5917.549257085197 3715.3915267591037
3238.7971643699384 -3183.6125232267823
4799.950783156839 -4079.993960732664
-6777.319349841411 -5706.598742874594
-7863.623576837937 -1950.4893164031191
1589.5618172515005 -7940.262330375039
-2965.7772049803707 9553.487746943643
-9358.631546720142 6329.508840647115
9951.336751179573 -6055.3831898163635
8136.12647969836 -9189.711506436119
5597.867926744122 5992.543481568948
2704.549735806084 -4336.193094372178
-3059.256152710679 7397.844397492143
-1290.6032661322079 1443.6240472469945
2855.319696003691 -7813.077568734268
-2601.2080557562967 6447.894320256208
6988.289176221504 -9880.530369222668
1536.7415547763303 788.6084735365548
-3959.525691776673 4075.892615244078
-3348.9036051653584 5966.989183605485
-8052.353571230009 5692.9019635797995
3621.257027654925 -5142.00335772894
-5667.9446967706635 2441.2245783953385
4534.942430180468 -6254.828024674665
7116.883147298879 -1109.8056747497976
-3424.6297092573895 5410.344294260503
-3659.6405725882405 5079.757484259095
7157.238960828319 270.99115841285675
-5024.182048369455 -4278.8048855167135
7611.91915877875 1171.338656952783
-5041.499793694457 -4626.329054883185
-7570.691099446489 -3328.445780086726
6639.437046253435 -3205.531813911466
6395.823883473324 -2457.318356416651
1531.283648395618 -7663.416381714461
2925.032972649331 1663.2313812321481
5480.503433826487 -8431.894079362863
3459.4818868554303 -6373.356781012142
-3705.1693820990095 -7786.389896996379
29.273180552490885 -2892.907570287526
2374.478625394466 6068.558156945197
885.0062451161939 394.41689487827534
-2959.9204377150645 -3286.5032800529234
2579.710317730138 8497.208820541524
-2980.1131549759584 1655.6069944160572
956.4377157649287 -1173.6028270635506
2953.290837768909 7950.961598292433
8205.209402657638 -8290.060138486831
4787.2389860775 7411.604731772004
3485.0482544942133 -8147.494018857666
-4413.32485727359 -4822.6327480431255
-9436.153927291487 -7657.669191626242
-6450.350255899024 -6266.892517604288
7510.86953986295 -1079.3074589491043
3912.2793721749567 3377.843470339316
-9316.28547169175 8967.746600660459
-51.73079314237293 -296.973349805221
-1916.4348027489004 7021.734754516168
5412.242717487632 -1187.003397191309
5609.645739836649 -3363.1319773211007
-454.349743457924 -8178.579475591463
3825.772342579836 -3001.539561899657
158.56153994877604 -8416.680066980769
2558.9572536884825 -8047.826129482638
-9679.814865352895 -3326.9439251140475
-4017.958580948033 8967.519920933515
-164.52490278276127 294.4336227067397
-8210.638031127388 6044.0336745702425
-6045.271200771389 -4890.13962496687
4656.497116185697 -4318.167344401318
-1342.3930739685438 8901.282183079202
-3617.840842289699 -3223.4626103114115
4372.5354214940835 -9473.606626913024
-7057.660341358083 -2338.1700299239847
-1863.017248095127 -9190.589944159763
2143.8349530012692 -3488.812950534694
-2026.361384529183 8806.460097809013
-5353.67539768598 -1076.3737039241223
2652.0488512983047 311.44490108647005
-4170.805169839862 -3243.4275245639
5024.7923599475835 -7481.008513941431
6311.332825588279 7132.233700225537
7771.819932656417 -3563.0936571032516
4889.156051749887 -3967.837554796967
6656.103057434368 -3058.68256823113
9240.161551674777 7007.955182682937
8288.27494836527 9293.474985260622
-3053.6796322591854 2274.326406716038
6917.473712647396 487.9602007040412
2223.664928229082 814.0729107469706
-2089.866370691604 3977.838108059568
2201.4589622350995 6112.723954172086
-5652.006791538502 7123.064210928351
-9323.639453961694 -5246.036575229438
-2428.8653127241887 2134.2416403419556
6974.026214695197 6345.174917593213
-7488.616831824886 3334.601499236538
2882.634148282006 -4894.239992740495
-5694.062102921085 6238.871526127734
-8420.16498852579 -6060.854953631078
3950.637617204171 -2751.5387261156075
9056.666511733827 2922.687844964041
-2353.2187145730823 -3311.807857167095
-9250.986695069689 5887.9641621376395
-2985.0208910789243 -7539.43459293418
3919.201787404063 1127.2015625777203
5494.013701266835 -3230.63883774054
-212.6287713436941 5249.9104201882965
-9987.75120462682 -5834.88188153604
-1505.7105223722792 -7172.9583318578525
-3586.370624717317 5590.8528355776125
-5315.702278951673 8698.276213652178
-7860.132034323097 -9842.868445689057
-8170.876043541788 -5318.654997798167
-9685.068551221546 4051.4119234666105
-629.6817990810541 7910.548018561578
5647.481529276078 -5712.662847588364
-1659.9007437551027 -5855.0747162270845
4461.443778071534 3925.4569908074573
-1672.5643253542385 -3875.178176478442
-1315.5767979650627 4947.618388089828
-8511.785498851239 4418.853331740305
-3231.796491949235 -4856.9296627332715
-2244.6219731243564 -3808.4196674047944
3285.1130213658635 -3834.9158207562195
9486.947561462799 -4064.537557521415
-6661.447918101901 -8657.30895200943
3496.87879165889 -8551.043285607471
-2054.4729026260547 3882.9121379702774
-6254.274694054362 8205.90090271904
2193.5561375467732 -1225.3639322157687
8925.119371439905 5749.606466603465
-756.1517109324504 -4993.917413928161
-4247.885864488945 -9141.64064636773
147.1790871187568 -1366.4233391559792
-9003.55028102261 3967.322152743125
-8041.560946278616 -8209.871799430552
-6904.143655738666 7695.097518346189
4780.329912531262 -2101.90022122313
-2328.4802290425487 9311.503192618155
-7863.7502221987 9151.032574499317
337.87763033478404 2596.3916013695834
8466.91250671244 8755.467244848114
-5092.055242151294 -1222.3855797989
2564.7905755038228 7474.389893128966
5427.389663427672 -8900.464634197138
-3594.995969232995 1689.7098767848765
6427.627291031167 3061.75646826933
5100.795807562114 8501.958265813075
7370.213180472529 6481.011875469441
-4393.714830502901 2311.1752675285024
4461.862480991929 2267.4723057637984
-691.2988892672874 6873.736646006288
-4148.55224849281 -5830.0363075569985
6796.845242189473 7005.656362485453
-5322.6466910438685 -6267.085969694453
1862.0587633477244 -5096.325515169764
-1484.3885479575838 -6678.9109030715135
-3817.5082434031556 -2518.775827969941
3486.2558002236983 -6693.50322497739
6161.0217571711855 3167.157908791967
6607.377030997246 9375.08481840308
9031.68363773423 -709.1110734120557
943.3864369867388 -3600.8351247935307
6619.011225073398 4478.382908155514
-5323.972636524859 6434.765080149249
-7970.778555291656 -5590.777599214951
-2566.291174299289 -9858.608061455636
-2928.295699715455 -6164.252147330347
-4953.242179468695 -6715.023000948763
-3646.189918089358 2941.0518559111406
-2646.768092227363 -7026.955714216676
-2238.5424962238367 1913.3911693496611
-7238.050313691242 1884.4413977290114
-1567.3761094750025 -5959.633477178566
-2013.5598440934891 2994.230746676707
-9649.70516208364 4676.989958727148
-8304.462662689604 2157.6433922178385
326.0019946443408 -8882.450690300631
6783.379253184121 1405.2618705698442
5414.588646957607 -3298.0410556774877
7543.598231567743 1914.8918284894535
-3304.6079839700096 1413.0658651190388
-4760.46963679158 2363.84794397487
-8125.450243484018 772.1615084405203
8394.287975438849 5728.684597010037
307.6728630285488 5015.733366585158
-7418.411707251 5587.655745247477
2811.6628502161057 -8662.73360240928
8580.244896436052 -8405.50691282192
3028.977240877526 3403.693863420014
7462.274420042657 -6969.645230179804
-2872.8195335831933 -5593.131145821047
6516.592201268879 9204.096105314835
-5738.8546660273505 -7413.782326580849
-9132.692710219208 -4040.728186976352
1494.8117222033834 -8540.491285309607
2227.6590182590317 8659.589184037439
3773.9247938983463 -9075.536698726994
-1562.3413813072166 3762.7833028458663
2060.7213827356427 -55.29770614059271
-4734.450255582794 -6543.808588951272
886.0528051311339 -3290.684347114092
-4589.787304626125 -9184.431707025347
343.9710618008703 7956.117465802799
8723.680463141234 -3438.0247418609697
6948.335809252192 -4425.570837398729
-7620.0354821410565 2729.8495713221273
-7209.476910955887 5654.019043413018
-9951.585912000435 3422.649436049376
3081.8610204511515 2822.603716940501
5086.872417416493 8320.743857225447
-1566.064597542203 1015.1029891401704
4351.914935710485 -9280.491813949156
124.45427007613944 -9256.387607727758
-3569.5047033421615 8613.848989557719
4115.870236777311 -7512.148822180638
929.3485723282192 -5291.311790239659
2738.519654116526 -3998.388874806391
3915.5375320048097 -776.8068977433741
1719.5406450277842 -3868.473712246425
-1316.4453607079067 7969.841134617971
4633.379246663755 7170.253058330414
731.428539367047 7427.669964214398
-3130.775372585522 9816.936901580819
1160.3114998041274 8392.361971488168
-3144.7625246109337 -2506.368429138115
3669.0569238284315 -9725.915563044533
-6451.032820488296 2067.0928401705696
-3102.67437240233 9227.285187100064
-3902.098315883096 -7048.816769861237
6077.793811785896 5034.936250358935
4093.5945205130447 -1884.1211260726132
5790.064131527601 4032.984526452514
4987.377369056758 -9295.33709821702
-934.0829092985059 8349.063814677975
-994.8277126080684 762.8717521297785
-2822.4409832920446 5342.793721328933
1293.465590458689 8005.331940392516
9147.575774270972 5373.274928008814
-3951.974749787206 8602.424075322317
-9648.69380501252 882.6766204550913
-1978.513440315055 6639.470357135189
5539.406665204529 -4726.913455503741
-6924.553688871669 -794.8587075063806
-6809.613495615526 -3832.927032846618
1337.256456428082 2990.3480749020873
-4690.059701751139 4380.705677834831
-5958.778866011802 9829.874603000018
-374.0678026937603 -2698.9601336351334
-1721.5580768971722 -1205.2253390337446
9584.908484657743 3348.3677938995843
2649.091249711495 -6755.641421834948
-8361.937866139011 -7183.181405840395
-8794.587712403672 -7327.6473359606225
9011.589397658998 9625.16044572895
3093.284219522511 -8767.384164520316
-3511.58326032027 -1627.0476949637032
944.7254352981508 -2494.4345804338263
1685.311013786999 1585.4638528897067
-7656.771812227509 -6632.746442980082
-5108.591038989767 -6855.926587715992
5578.359483979259 -6251.1858316519665
-8258.764412404966 -4362.878573703173
-6574.413291984182 -6375.222089703001
827.3239156283125 1729.4932002528221
6831.824543313582 -6255.459134234756
1814.5529781624846 2637.4759638318337
4156.727448773121 2422.050716121981
-1299.6110142418147 408.714977003543
1014.2766963893937 -2875.4492183687335
-2427.7919618914366 4945.39003126205
778.7608116613119 -3347.985727311675
8544.93945195492 -8428.008147710794
-3536.2438829596467 2374.6699268439206
7519.284668121083 437.37895223538544
952.2634094275472 -4703.189680418023
-5017.198138824435 -4845.934500488675
4450.680550051735 4640.854536110772
-3716.823930951183 4815.978945166607
-4441.180990699953 -6803.588548669597
635.0299137467719 -9100.802401127936
-4507.285869079269 -5145.118764585681
-5421.340824794081 8538.475999569051
3766.496806575982 -9449.098157952289
9691.103588561378 -9714.372808878587
-1965.8621451567897 257.74331913283277
-5942.994367842415 9694.125927263161
-9188.603495384501 734.5194813112103
-7661.271771637321 1937.578901154051
1442.847185035398 -8601.12344992389
242.2480476934834 9157.977322935985
-7051.620678895998 3999.596335791748
5757.35399020369 -647.0585972249901
-9721.897336971942 5689.337672177797
1757.733730246564 -650.5612526694276
-975.881281911421 -351.48942607588106
-7621.4599850236955 4774.746895341728
1782.1555837745636 2587.0687348582887
-953.9190818265724 2923.7032086439685
3125.5841641977604 -5748.213178895001
1116.2886384808298 8034.575284938364
3548.8777274542863 -9507.639863001305
785.6731414209353 2724.1597815186506
7757.0957498640455 8490.459923809303
2270.478319267593 4196.003558988688
-6677.483534245359 -9568.352871332467
1206.810146262378 9323.916019030494
1999.0625169235464 -9799.166429247645
-8193.485801778246 -1173.7674593746615
7879.701999338988 6607.761768249031
-3489.360747289529 -2515.4421321857035
4101.539492191563 6199.754762918466
5714.323922041733 -5275.988041243409
-7052.166740309771 -1105.2366988026588
3594.0009234865593 7860.2705927183415
2965.7223958645336 -9531.467052614107
-9850.171178546683 -1068.0127715366816
-8887.037473485298 -2644.5258265280527
9283.301238282405 -4724.554814045158
-2033.492883268289 -8726.375640266082
-1937.9939936307574 -6138.402926694056
9670.310211279419 3859.8465830295318
3280.5475853913285 9903.89689638156
1569.237842430237 4802.212029089798
8008.671915871182 1358.6449371392373
-4629.469694897919 -9117.716346816256
-6975.337500380756 2677.8193108002415
-5806.229808331109 7890.79945740386
5864.114061094831 -6462.332792461348
8014.851534067628 -7443.958825710584
3671.211809540813 -8745.398930058083
5778.975471828369 7424.9497681150715
-4878.309080929439 9213.228500005072
9852.223511875847 8062.8335505278155
-8606.33991413977 7869.628203989905
3500.8057033408204 8988.29265713202
6494.528950774504 -243.73789233158095
-7268.413772628777 2435.7706433075527
3209.288510860595 -4596.803362886808
-9902.94805824417 -7661.0793405094955
2517.4404267328646 -6796.41219719201
9962.39409401059 -5146.250106884187
1532.8942701774959 2989.6639553370496
2251.9156879071616 6291.307048390605
-2146.815076041781 -9551.274458055188
4836.5163260867575 9505.42698406741
-3338.603396897246 -2503.0417182989086
3493.516827379155 581.8637507305684
1006.2036909902145 -7657.864676327131
-7235.361240712362 9100.89256223022
-4607.520211475145 -7795.422325631654
-8942.528848279477 -2703.7327254962747
8146.949595807877 1529.0039861587484
-1019.7067982542139 -3890.818896804888
-1019.6082047873388 -991.8004692367249
1169.6538990586887 9436.678631767885
4749.936936002674 7852.70666027912
-1235.3625039931212 -8200.26935171618
8632.025446281914 -4520.9771664221225
2201.278343248905 -793.022049015528
-4251.3639388462225 -8847.931715314477
-7854.884790707255 8165.925316315734
1746.4099162594175 3105.9783679430548
-9850.585041080407 -6405.85502215671
9910.342004177837 280.54559719699864
-9978.885890826115 -7191.156964382637
7100.7338971547615 -1951.0808342200562
5896.073486025649 -176.09518273434333
9134.134770025732 -7824.538285667533
-6330.246316868371 -8140.666600350277
-7813.97130101065 730.9258595935371
-1301.0252376244025 8268.767284481146
-1624.936988303978 -194.58643562819452
-5415.076011631255 1016.5470478560273
895.6315781112644 -4402.152602638041
5367.139565127605 -4613.41735486221
-3102.327234748929 2823.974600002839
6602.70117296539 -218.9485411169917
4769.5603899663765 -2626.799077063931
-425.58865405780307 4267.743155422233
-3437.9937317169615 -242.17219190735705
7266.265083983115 8960.645766093145
-4002.080587380583 5136.56304552007
-9235.949617412094 5369.146774650393
-2154.8022510778737 5557.439968746332
-9616.55495132811 -3472.9903684673172
-4613.535393525237 -9446.43278706052
-2902.488685695479 5013.060060897347
-698.2122174327778 3338.417992644614
-3269.98418288426 1901.306089841757
-6512.548416242267 -8414.359544651565
1900.5393485459754 -5771.008295256251
1165.8865306983462 4141.656947718702
-5148.129800493222 -6253.1374795762
8098.890529892637 8007.599727512312
8059.70202379076 -4483.285841257621
8798.304031684042 -6459.5849092757
8919.196197836194 1347.0602391850098
6335.337757837689 61.23768905057295
9822.49077296057 -9891.44877481856
6681.779199047563 8922.439074829901
-4414.220646260971 4646.550758684987
4473.340239897567 -3426.986468584163
6454.105744868026 -6690.944500308493
-1332.572067720792 -3724.7409974381453
-3193.4441228928963 -6966.07004693268
3774.6695035963094 3863.988674772101
7204.060065385165 -9509.792310624127
-4824.46232567809 302.7873730691317
566.5457708688955 7943.990113762255
5490.459298980328 -8219.88405999765
2035.72072104377 -8679.743810418448
-6946.168944008425 6701.335781597376
6474.285109051347 9357.67859913276
-6750.6241756579375 -1828.9799181425124
-2428.0847567864885 4804.323126537842
-1203.6712073200251 423.1874434486981
-1827.1140615356444 -8722.114402746434
-3967.0476479073604 -1854.6126218147947
2709.7271870218665 2714.90672387381
-9174.071039828033 8755.83656909614
9521.850858738402 -3740.813126226132
9941.197521252863 9431.092475495938
-6642.393844105372 3990.3968125100437
1543.8347520758507 3045.032811740919
-3497.240722838126 4069.6692394596503
1951.6215062547435 -9831.814300765882
-9252.082398944745 -2320.264124866545
4848.952763081816 -2110.2562488676795
-8198.039113289515 -5437.045672434875
3874.7897755577014 -9537.132610115805
-7221.942598196269 7011.347064110421
-169.61429509136724 -8362.827706166163
4023.3926186572808 9838.56346580205
9709.534791691745 4030.57411240737
2833.2533266693554 2164.4539844548763
6336.146516536739 -2994.0581952561924
8484.649104725922 5768.724480906849
-5399.046603363211 -8743.70131922152
5544.185682827167 -5679.080507840526
-6878.7817773773095 -4334.416087096797
1549.4299037216151 7969.770522143212
-1395.6882595114494 -9999.72444935843
3932.5431443962552 8575.72427619292
4278.0860546583335 -4399.5494019160715
-4550.5119858273765 -7703.76423494626
3457.982666099586 -4522.851693552803
-2602.3552740948007 -1715.782608145193
-5347.139324660022 -4913.828654912857
-4450.793644816131 -5064.214584188795
-4431.4582710174145 -4463.247564782362
4997.251491135117 8424.255490477495
9950.127812396058 2106.788744162295
7005.925395931048 2183.0984375396765
-6588.853681870294 -7325.3697376852615
3475.69166205653 551.3612740386816
-7770.360284928491 3040.687811046768
2779.1475729154517 -5029.166882612821
2548.3227159305534 9100.410198275302
-5507.572960592722 -3074.975672826543
-3502.0211778659104 -556.5441676961254
9941.745698721486 8235.794640778106
6470.287798016729 -3807.8264204120123
504.18097236068206 6384.269341719912
9098.316654193142 -3244.2166099008473
-3753.7051080790798 -9801.565059361297
6459.926485925298 -5335.072605603231
-6246.240485878596 -449.38228249229905
3601.3931037895945 -6235.45409470992
3899.6586591330433 -8366.194372848413
8685.55448462972 -3218.682052077719
7818.682573631158 5936.565617372624
-5099.156244592371 6645.178290120122
2498.953278244615 212.09381879777175
1724.5887589350514 6932.7068878298705
6172.76012748882 -9462.295390881678
-2784.0065946788873 6413.479218171629
-1917.9903600952694 -13.13936283916155
-7278.750828690055 1918.7275080004238
7213.725980930314 -7513.388302301615
-3294.7495830290572 -6385.040161957368
245.46757414615422 1109.109951077633
-4618.5762810697815 -2746.5407087783933
-9789.932728783326 -6653.370931112877
-5606.783047457447 -920.132969097227
-5716.383098134972 9845.314434179028
8007.808722565929 -9173.666308127551
-8379.834370457236 7623.6640730026265
114.64956742813592 4572.006916241078
-9698.879612977846 -6022.481376210262
4778.465196771893 245.90360568928554
6236.8770189441275 -6925.869783014858
3178.3865493473168 2159.4922984614986
6252.733872378989 3663.6488764513615
8471.904393141242 -4805.3995944664175
-7389.322361791439 3387.156266127351
-9545.626044386547 -3864.4636686281374
6863.157731550335 -7163.846664695319
-2158.168919904986 -8877.401973760498
7204.498885956418 -9180.812050950095
7586.908071423797 -3682.576903232113
5380.135665244841 -8782.903410810995
7844.67170707044 -4391.082038760294
-3266.6246523709024 -8640.893165978667
4037.232054113527 -3448.22396694656
113.93661360312035 2027.8346718919656
5923.011993267455 3717.893014919493
3142.0358030955067 -9998.007788679768
7658.590926195244 -2745.7520934470913
2716.3308951213367 5471.394634372758
-7451.937404845817 3679.1172658984888
673.5539160469889 8709.650102704025
-493.10524793549484 -4188.236754765145
152.20185749972006 -6934.315810619447
-775.7105371685193 -780.9890369623481
9482.191732134343 4636.036871809878
4590.09341613488 -6324.56709581068
-2683.099872409618 2905.657896465307
2159.3217280044755 -127.88575068587852
-4756.443031645852 -8804.304552923973
-740.597742541293 -6027.732638758814
-7747.516615088432 -9067.438338487587
-5197.727309420153 -4399.749196674549
9215.199621045838 -446.6592792825959
945.4958366769351 8463.81243535551
915.9545573556188 -1711.6172361435838
7453.589875880658 -2952.32753765486
8200.772004250604 3112.7072179606403
-9057.20119144702 -2320.1625465157276
-6547.376964870511 -166.36998367410706
7149.565706183963 7760.316230936256
-1129.1203170555236 -7417.208125218009
5944.9960933171915 -6944.805656895931
8927.726388471088 3906.5699301702534
-3975.3688339276887 -302.7011048518798
-4106.253928207803 -5800.386189961561
-965.1097230044106 -5102.02426105677
469.420644891341 -1597.957850884024
-8645.443594287835 8362.770662524927
8328.818014922614 8681.616330643246
-4168.270522969277 5017.098478763313
7776.278846659414 3247.978981421811
-4516.3135269967825 8886.257667311202
-6263.568309894887 -6503.161728917364
-3500.8701219219683 -2162.566128829082
-1057.5885422893098 -5642.243384482786
8839.332691444553 -620.3856859518492
4456.673752420074 -3980.0253094814716
-683.2812925170401 -1169.3845683384534
8553.343125288458 9136.500910942526
4236.450109835805 2898.7127657483707
-4489.447856580379 -9842.542245935798
6518.625282589266 4089.638764348869
4005.763686835664 8619.473413024269
5675.72049757799 4337.991592924278
8576.608351627805 -5981.319943347945
-1898.0596140458329 -124.60692273373388
-2995.7181820283486 -3679.33817589144
-161.82853929623525 3585.994614948053
-8503.903869798998 -8788.5166815351
4308.27234567877 5963.236177473371
2188.3044274765816 -1130.2995692255881
-6520.549294633025 -8729.982669341569
-2240.156592575213 3340.0435020350415
-7518.4756017337695 -8382.253675621654
9842.172728315902 -1484.7530449759306
-5073.114423113627 -1582.0078812962238
-4570.063746051993 6283.268872483288
9005.016197786434 -1976.2314010384061
4641.668106849564 -7427.061204325231
2882.448838224349 -3634.2672662193645
-50.66238088321916 7831.844584199534
2021.0759859105565 6001.891700508906
7390.0248287344075 -103.94680920186875
-9265.23843894637 8237.667640129457
-9707.42879335272 9262.042252587999
-4363.768199976023 -7163.531790820141
1696.5700052334505 -553.0011132084728
-416.75082409046445 -1670.8171425417258
-7089.403237943284 -1575.5756311114856
-8684.881451773874 7044.309904682741
-7448.888085801998 -8952.236304084006
-1822.4156141985359 -9281.299566611
2922.99596622044 6925.56365582463
-2833.7651581446034 -5087.816750677727
8747.208275307177 -6612.561773683907
-7024.463880975047 -6562.378586764251
-2989.3983850260274 8980.907073078342
-9177.33194652464 -2368.771867970343
6107.436020865671 -635.0498498657071
-3477.6463938119177 9526.25211964087
-2538.3093797676984 4516.906507493137
6620.915381484403 2856.424534606298
-6536.214331917569 -6154.8765177176665
7354.807588414184 1303.8415697968376
-8175.135875186241 -5899.4572722386465
2780.9275849236783 -480.7663559421817
8346.313308025172 3906.1973844938548
-366.9859835557345 -819.14117344238
-2378.2562398973005 -1725.634020397949
9290.495570053215 9721.537923238127
-5666.838752767116 -3343.07909562835
5703.166866961201 -8658.372766679895
6572.608381819515 -1124.8209438727336
2197.1099195382176 -3460.993783354691
-2984.9120832265653 4701.355630856438
-205.69441512942103 -4374.552541777055
7788.092713440103 4914.490242716449
-4989.585113080115 -8437.99651379411
527.6218100187143 4329.50818926015
-3947.763225685412 -65.66699693398368
-5619.923148106823 -9401.145330472056
2918.3829238992403 -8997.819954425626
-8396.03319810901 -3488.0842343944887
-886.2567532539997 2495.478330580483
2944.89119432147 -1931.7621215333847
520.3373725844431 -5807.1438375057
3101.785382770244 5776.314481030409
-9575.80129226587 8306.590567021602
371.959333035893 2430.5184986087406
-1220.0585073854309 3311.3298942019283
-6043.017161520598 -2955.489323245135
-1498.28283248367 3092.2089570279095
-2568.9951814468404 1670.2607076594504
-8098.713031259983 8151.236393382635
7517.62144273466 -4492.4170067817595
6350.95997632684 -8900.866360012804
-6409.050148724362 -990.1231992890989
9831.202005923504 4773.078950068893
-4788.918714021508 -382.45977873232005
-5770.276241936305 8059.089862004021
2523.626884320711 -9698.689605135178
-2909.095442050462 1861.0607520479953
-2502.3964874949397 2273.558487668599
971.4415310570512 5646.756196254861
-7254.571633162183 -5973.64015407039
3640.1266080592377 -6385.663115889711
-936.6684532856452 280.9240939228148
-7933.28701206929 8761.277372395984
2850.0235079358154 6483.770766627844
-1523.1659954829047 3000.8204660893443
205.98175906803954 -2839.1960684626265
7706.994584192365 -8040.611351317521
-4214.736732754592 9741.219457698578
1675.667322591722 4201.657830664815
-8633.735333987051 9388.975604182499
8993.571218997306 6368.277244846666
1627.3999190418144 4930.315694295477
-4431.771297108007 -1925.4947002251229
2758.1831970620333 -8858.365439478224
5514.940008709444 -6593.696253919177
3305.7455251962638 8462.74653005349
768.3379023664602 -536.2723239844945
6051.334934751574 -2373.5951452766303
-7504.279066841337 6639.7109333234
4730.89551486995 -6254.309991739981
7745.386531220982 185.64907072243113
-9941.663632997448 -7923.315005461504
-9279.767247166226 8103.443993274963
5779.64215325379 5974.617313259401
-351.08971520465093 -3483.0269441307646
-2619.493660593741 6487.4431259921585
7433.8479338287725 -9585.793267877649
-6410.29962802264 2581.618062979489
7087.508888711916 -4985.494705325166
-6035.080852630201 -8829.403558160542
1425.2543989572932 1003.8778954089958
4617.377150989671 -3082.6379396971834
565.2355034879802 -4505.702424795284
8525.965498722831 -6791.906317807546
492.7555742347158 9801.416837389766
-3088.700377033855 7744.834737368463
-8721.41663022603 -5001.65732343105
3784.5352139883435 8880.829504994781
4497.7238831558425 6691.377426901901
-2944.6613965258693 2122.9603555851663
-4022.8093046488957 1576.9415251986848
6477.957361721328 151.51004178384574
-7791.658904881473 77.15898605561233
-8766.158921176448 4258.244383989009
6591.393502201543 -8285.130164370017
8093.812143153045 -9720.396368175763
-4863.257680451058 -7122.87835756231
-5127.692688246235 7902.560294597028
-9670.25092608756 -9770.53177352586
-6719.251415583025 -1353.5061851220235
6572.69898922979 -2718.317476832004
306.6280340341873 -5124.798978480791
-9050.346983795625 -3531.218335101189
-2110.5736260923222 -131.03932192019238
-983.0455048567019 -5400.471632859188
6934.013958862666 7287.324643817003
6904.178680321653 5637.872677333893
3596.712773804842 -2720.877610667236
8217.34736929549 -8478.939463243943
3298.7382975455876 6046.917072068185
7068.262409109779 -918.5674594011853
1066.2527943020632 5848.951836821268
7010.839999170272 9127.205472274964
-4434.181000085955 -6777.602128640885
9747.360226273784 2350.818616455472
-1401.4559933924756 4637.500356068673
-2825.4183391961906 5971.706421093648
1835.766320343273 842.9942358384196
-4328.303998624423 -5116.3640656926955
-1776.3617934303547 3838.9528518680054
-7510.87093046591 1565.0314222200395
-3246.4815944838674 -6285.99537180681
-9320.763901204376 123.99789057137241
6189.592513309712 -3490.364879358085
-8783.048105688362 -8411.98528064782
-4135.307557051191 -1174.91708936543
-1209.4931820732454 9911.583126362606
9799.80150244616 -9947.897402056136
1199.3421132895855 -8836.64012267918
-5827.725188522426 -1070.3350722113555
-8621.61886083644 1967.616150448086
-2447.672555137119 -2465.563745960333
5774.863746287345 7513.129374886463
-1653.1241644261918 -7126.338337443001
3135.9643449886535 -5694.103333273974
4534.358611478421 -6077.135717543009
3722.4539442306686 8330.346713479685
-2956.326670255782 -9748.456541459742
-9454.301972826552 5397.00353405948
-9975.077599276663 7305.84379810383
1432.3097359881667 -2807.1670163457666
-1220.8281240120814 -7032.05356636529
-6447.189589732925 -6086.202427338525
-741.0297148277496 187.7165704835952
507.6846747405325 -7652.59383598414
-8179.099618560391 1282.9158926405817
6146.2389098903 -3113.6513021732662
6305.9692316532855 930.0779259910014
9000.717018315514 -9807.43386252226
5543.175604228558 6918.922184828778
6550.144660369486 -9905.59213008363
16.117932386034227 -9581.034158729382
9485.41502672941 -212.21032370810644
-2297.948040491542 807.765453432432
2729.152529819672 -474.43948273838396
-12.685396144779588 -5963.984528901583
2170.928610960338 -282.43372167713824
-2917.409788928935 8055.500103650065
-6089.567666101761 -2272.8292549778953
-5493.9971133901345 -5988.315506359596
6258.2256146250365 -6361.711175788118
-4028.4377687452125 7703.5018436260325
-6174.24568069658 3880.2540297460146
-2584.980228525448 2238.6904932351445
7743.304495781889 5836.1360473738405
-8091.27899270585 -136.20007064358106
6376.63835352945 -8576.601707507956
5861.569850188365 -1376.2254447606065
6870.062435589982 3124.064511765615
3169.7606764134052 7806.805961647893
9425.723782476496 -7945.141913749671
5878.450859039396 5055.920819189529
3435.9490019191453 -5593.964682549308
7434.091148450323 7579.5566506713
7417.486097949699 9940.946111858957
-2248.34235526896 -9930.843255357595
3153.526331791725 4236.603808723132
-1909.4483487214075 2732.600555133018
-1468.575454575137 4958.853205652571
-1872.512416103018 4278.0580244954945
-6728.936274423097 1703.995865688059
-2365.8117951503746 6733.6532151515385
7070.842194755125 8802.01043321519
812.2720523037315 -8335.916652815218
655.2892559460233 -9035.204969251823
-7392.779001749972 646.1433842933948
-3209.648008072292 2776.1314360195665
3217.8618925407827 6790.864581687965
-9460.574758571576 -5241.635502071626
-462.67198330001884 -1349.2220909002772
5865.22331099935 -8885.950291593514
-9594.0128450995 -6973.423158326608
9139.632422750463 7229.133729917525
-3673.6346205408536 -1011.7515914076212
9205.703567400746 8637.481054070846
-6315.3793006244505 1851.5138537106905
-1657.013139423405 -2615.131186623603
-1457.3470292604434 2901.2065570328778
-1180.5683530871793 6593.8343931698255
5709.468168650164 -1671.00646708165
-4329.886352222891 9519.053188146874
5069.949847905604 9153.630079341798
-2074.924523669046 5496.196847883299
-956.2895072540141 2817.7169557899833
-2284.393031728975 -8074.490665194458
2566.2451778399427 -3294.2906083042662
9520.312725294196 8794.618214692644
129.12128618713723 4003.7111470042637
-9730.6446198376 -9766.62371572049
3185.486056511627 -6877.6276226505015
5107.284134074936 -3793.183272105345
-4378.309784271526 3329.9727604840773
-6678.098591816379 6690.57666321137
-4984.626821968348 -8706.417256369716
4278.64009593379 536.437034069595
-6955.131111941164 -4098.055587385541
-5843.039269336708 -8276.105155686288
9684.341088872276 2044.524532768297
867.3116279629376 -3193.019953154184
2713.5701865115843 -2053.0549307783976
6734.220956323996 -896.2088762850744
-3409.14138710472 -4786.191916501024
-3636.8770682444547 -2460.4687196566592
-7117.952708050961 -4094.318971183983
565.5534717661067 1042.0760277342106
-1791.835158238995 6777.819105809587
6299.378018929076 -6997.5850697689875
-4931.23024320355 -2766.0376690307185
7287.75343755983 4550.571906261641
5917.569570840811 -5400.667394291301
-9687.458863962524 260.89419130347596
1511.4322551236037 7992.747109013919
-1865.0575431171037 -4611.112445691075
823.4471352614546 -9621.479674062984
1578.1376524471907 9855.04791173328
1705.2087583897828 7304.644229365476
-9486.248472176543 929.4263133842487
9003.03926417061 384.47716478841903
-3673.9969566725676 3933.944221915941
9977.389696901126 -6245.006392587542
6884.4132898560165 8267.75622547738
5644.20022918872 -7454.610870516413
9137.999329760685 4674.239002889082
1051.516793747036 3815.6526051222972
-5849.113608983663 -1093.5320932851337
7524.207802751898 -7524.531862746589
4731.329439344447 -3188.6770385126347
-4445.852680188163 7369.612221645737
-3236.8588647052347 6340.6432000419045
-1717.2393636760062 -3983.2191600653814
1930.5728726037778 -6888.857952029554
2417.3697581973192 -9585.431945199301
1734.723127297846 7873.0580388165
-4057.708018318096 -9125.905151916222
-9468.436249145936 -3389.1821854936843
-9869.80467491664 23.57227791546029
-1221.2686247333695 6987.250478287915
-2871.277101550382 4920.864911052158
6760.242230425774 -1543.809486903714
3791.9534448383893 -8359.110327238772
3765.3244402577166 7606.5715153921665
-2554.221834437478 3754.491220712782
-1970.397405935194 -4835.589511757265
9920.811901116569 3791.1850061352434
-1296.1132287613345 6567.348908778553
-7544.006148709601 5078.967775922074
-7302.140979357765 -5860.292929554871
-4029.4497912117477 -9719.837444349687
6452.979095705061 -4365.711973000768
8721.538716419262 2493.0453758152944
-4469.041248513701 1270.4496479778136
-3491.289048245798 4964.790585721526
3361.1947237696513 9386.232635206852
-642.0262141394578 -3737.955684646461
-5427.434110355336 9435.639808789867
3009.249733874618 -828.773934123572
-1957.9476591466664 300.41128742002365
3554.0774786941984 -6348.5719108120065
-9875.358472923699 -8251.052409147287
-787.1830182746362 -3161.4265245392926
9486.04342163817 7363.2980461544685
-5489.138623027703 6400.272432201204
1541.741796953207 8368.422537157196
9007.787031006068 -2533.4062680762945
2712.9652874469975 9536.207087003546
5252.897615790329 -2087.247523314859
-7457.833152359614 700.0052596728437
8785.165798161437 1945.4996199532034
5167.661665000147 403.74856886151247
6765.0864022198875 -2254.2285233318426
739.0738418723668 -8177.040073330284
1220.503048865001 1345.950927423186
-7937.703148669395 5333.272628942141
-2092.0077547978026 5970.856710571261
2094.6915970546706 -3034.6420029244255
-7564.073293153335 -6252.618953935942
-6131.714806203465 7473.422773810042
-8435.137646176729 -5011.5511560735995
6000.752503405904 -7142.2635525105325
-504.56658964805683 -817.2181971242735
4161.01048363442 -6080.073133318205
6473.46606787145 1372.7090222326824
1688.2717362767125 -206.94946627687568
186.55380279558085 7778.062931996919
-8979.554799925685 -1623.251676681337
-804.1304768438367 5324.968038532303
1669.7952108140707 -4778.945087684237
2041.51946332839 1164.1214467131285
190.80852479727764 1640.7264618261834
-4320.723780150042 313.94199479366034
-7082.754151727633 2705.2321208124395
-7448.94094641164 -7760.261635602215
3202.3824514879907 -3762.176894747311
6861.058872203586 480.84371906668093
-8521.511142918327 5070.393450566389
-2476.0561191676397 -6636.569257499963
8658.608071950526 6539.110193754932
-2228.8985640211604 -1612.4917519782957
1235.7439588469224 -4430.918209320032
-454.58731110635745 8052.385568082136
-108.40865268177004 684.6165483041586
4584.584887587558 -9314.337320081764
2508.9660074464846 5894.89328120599
-6512.404569873389 6266.596753497226
7189.14357506952 -4356.8387588682135
-921.6650937765553 -5714.535778955396
1207.3229744850742 -5129.145344206967
1025.067766935077 8356.332823791821
7796.479452881344 1736.3002085499938
4943.859817568744 601.4276409664435
-5768.103823463389 6640.967896490103
-8891.346477152003 7751.060273714062
-8104.304285142214 -2045.4961244084943
-4589.7978342312435 453.875645379856
-8167.277372276369 -7806.943154279964
-1649.3921251797547 7467.945858575327
-2233.8376691260046 -5606.297290094859
6629.733315337584 -2795.973919661843
2623.311098591401 -6958.9617240152475
-3725.6998541498624 -9481.934371933121
4328.943135096817 3140.3147490611573
6280.005359979748 -9299.14888422418
-8044.2480861650665 -9105.260007628896
7381.523774184821 9288.441732104933
-5721.62376470549 3932.886207250014
1834.8003198155002 -382.17335656475007
9359.548940593213 -7854.605720126698
-3009.440976272186 3978.0367449568384
6003.93896661245 -4071.531406739812
-2042.5107351332626 -5242.300562472188
5747.295737019804 994.9276314730305
2798.111392559802 5165.826685733324
-2494.4816463044162 -8098.145643989683
-2530.1686374866313 903.3982108501496
6090.325355925401 57.17879428339256
-2881.7455865691245 589.0793522556414
-9494.784131851904 -3794.1967187935606
5349.337258694361 9793.21060125759
8267.450855818322 2259.160556268249
3751.496077844973 -8790.038320419986
7958.812064570993 -7179.622665937189
208.32515143558703 -8201.6464376798
3789.931825591366 2870.498949970801
-3562.898995138208 6648.604975362348
3170.010792459758 -5180.489043749314
2707.7869629329616 -1118.9370816464361
1105.7823360533093 5489.170511169377
-9158.215841030104 -4939.252279967892
3710.596762841449 -8417.052225953006
-4640.805392099325 -3588.678339965605
-2813.4460145742905 811.66128511631
7037.913453562673 7538.083740877068
-1650.3802405659699 -4918.34372827906
-6832.625059716044 6420.358254222745
8099.709302991694 2015.6785000790478
4424.33361710377 2109.441557483853
194.7432965209009 -8435.138205370211
9567.567729826893 9869.039163560883
-5730.27918285485 5583.531597293668
-3957.055066776594 -2579.081315677463
4248.873546520756 9976.814737630793
7109.804340303064 509.27537557640426
1131.0126911546868 -8605.683333706256
-5755.842870552381 -8826.905845277224
2585.194567528428 3431.418723223942
7343.720715841486 7916.573246335873
875.8741234147328 913.0211237363856
4654.348002488277 3393.4485654593464
5343.741598049337 5072.843840438791
-643.0619741811679 -7728.146518310015
6000.469313113557 -2695.32223269483
-9601.554882354976 9622.11267102048
752.6281674019119 4650.254560332965
-8579.867527634111 -1529.3366542498843
-9647.934709524869 -3698.304079340506
-6469.237892602117 -5910.927812350954
-7622.940763954478 -2865.228710360426
-4808.082670841978 2137.901300277372
-1619.3893918566955 1652.4858369998037
5627.213122148138 -2039.0494187119466
-3200.7501604014624 -293.20646069671784
-3063.3333868470518 5126.193320727061
8297.777103156848 3979.512868903341
4492.025484292122 2735.500628764443
9932.379811676336 -1558.1881349190226
-4791.596691065927 3076.0268305962472
-153.3937802542314 6874.895634848897
-1067.9188978687944 -6138.07958313356
-4828.294897604848 -8977.172532761513
9453.87543784656 -7384.214476869138
2384.8686751303267 9061.680666771717
8552.01131416269 -5334.868427805733
-8414.047457618708 -3192.4890721439933
8987.948106990792 -9220.204070576783
3985.2737431467503 -3551.085227387214
-9476.832773407035 5652.131363125984
5352.122294421924 -9421.779090075379
-3205.567106890535 4222.519912248028
7255.648113752006 2908.64297884366
-9720.409040324339 9278.55303951111
-7363.175008391456 1303.0093793634042
7605.485229630391 -9192.986667600586
2582.2109174768066 3602.952243849837
-1905.8840248076513 5253.5551411421875
7127.275270911967 2235.739091522717
4712.687426610879 1145.7783613543725
-5500.931401830476 9689.191638374388
-1512.2806325190122 6461.166243001484
-9584.929361809145 3683.43587998958
4962.948736903909 -7327.8683758238
1887.0560740885976 -1768.5094749905948
4425.247584807235 -9423.788916260615
8435.875138398482 4769.002830365322
6392.344121605485 -6179.783608458591
-2294.950788209416 -3853.3000804926605
-6749.351552738221 7452.938733928866
2168.1410883265053 5517.422602121651
-2048.9829813727865 891.7820478848662
-1043.1292684653 2012.8834832829452
6314.82928885107 7364.483667935754
5793.984024313642 5593.567679636355
-4227.728507256121 -4812.143776673874
2596.9206781271187 -5431.5168191336725
-750.7370859062703 171.2796508910851
-9474.655132683858 1019.7488388283255
-4561.019885958674 -7016.566736593546
8077.648360519404 1730.280240224938
-5161.522262921063 496.5568575704765
-2701.4439031043457 -4798.873472123728
-5299.57018612947 5923.306361450548
-7758.001764811092 8958.28524140008
-4555.457084548593 -1012.9595044609159
6540.447277625884 5587.105166639638
6092.733406337718 -5582.8298431737685
7263.949467836101 -9204.32813810025
-3063.31619580205 4736.980902332209
-1790.897889886308 -7703.158827257848
3915.928875424781 1612.1081599059235
-2659.722970933305 -5588.112342741507
-8920.8496863824 8953.640988622305
312.4019031011612 36.98695411067456
-4979.10484114886 520.6059631063035
-5163.341322046473 8977.064004798292
8330.458744200703 4942.359225225182
9107.47881471521 9639.794672384076
7859.206379759704 -8117.797338341011
1591.252559902181 -304.15407698579656
-1992.859439353365 4489.3213474651
9184.198709158467 549.7096165770017
-750.9495738825954 -4663.089434359007
6078.870219750168 -9671.22373741748
7765.1116741997575 -4279.839088097528
6635.805470569823 -9413.429416086134
3310.3363621104236 1488.5279948815642
-7861.130690511207 3029.3488719390807
9351.800910939739 -7487.483932508929
-6480.154422732825 4313.5511305315595
-7977.881491424506 -2564.0302751554555
-30.104887125706227 9324.864190344259
2582.1478079387343 -9459.337472843199
6812.5031389729775 6337.957449838441
1855.457653433883 3350.7385339983284
5094.589056841285 -8930.794701350742
-5508.38964792749 -9969.642894589299
-9940.532372497812 873.0177843093606
5934.846782134622 2678.666146062851
5997.39586518248 -4804.333460424206
-4380.707643636794 -9697.99221532527
-9073.540711893133 3888.778383446237
-3818.670015287764 -6455.952237296223
-3861.4102404180903 -8902.047411287804
374.327959396951 6180.298864480112
-7147.462706822407 -819.7628116063534
4890.428965455278 -6065.711801737941
1047.6458500359913 4467.478448910204
3438.64084030943 1348.3980340644848
4009.3181586933697 -5319.156780050794
198.01579556896286 -1756.8002436684656
6199.085017365085 6415.0934646919595
9159.205055058203 -1275.131888925238
-8230.7751342398 349.47362796020207
-5112.753516160222 7751.059875994732
6373.911426304088 1705.3507396431432
-4117.065823816788 -7058.593438388361
-4114.103855218994 -6040.969465050552
-7010.31538204617 2619.564664216032
-7790.228283067148 4931.455931249418
2187.320724391049 -5000.4577501547965
-1410.122294298475 6114.769482950189
3633.7396352548276 7979.800498305471
-5357.0385795658 -1540.989601347197
6959.955107361824 4184.413873542073
-5197.2782573689665 830.48984447566
-3406.4559417897945 -8308.643447081127
-7054.599654628599 -9033.321047505142
280.0441169633141 7313.748655885869
-9327.378586334265 -7009.287135316907
-1008.6023193615583 -3649.294647109149
-2940.297370515528 411.90955028708595
7055.056561143399 -9599.824266290536
3634.6999186910907 9026.97039408873
-2393.1036655565304 -6873.02206834344
-64.5283031409781 -9750.178075558011
-9634.377510815126 -7195.0091246302145
2199.0878795367335 2136.3289358123875
-3754.1200715682035 -9996.746605010174
569.93553366583 -7266.600510049102
6471.807775140711 -1038.4937766743806
8669.903131830568 -1629.7230159086794
2622.317239946655 -7998.507698965837
3456.058035754484 -1876.8989281927625
8433.8918592384 7746.099757498243
-7001.731429923344 -5077.904043294828
4206.256041418634 -4030.760830216098
5141.240500194766 -6365.9742439199745
300.771157129524 4575.097131394001
-9027.515013475835 -3059.1532786346897
-2509.036953887038 7506.215337353322
3599.749759107164 948.7487458407777
8819.114893691829 6305.609666777027
4948.49052203837 4200.086803303873
132.37703976639204 -7391.069104541919
-8878.014313228257 6123.95452230286
4616.399596550356 -5981.548824906813
-9676.277373540233 3949.4551914990516
414.0019175680882 1611.4376765048582
-3576.2740805388394 718.999348479605
9810.942002479034 -6238.740671415581
-4042.479445838385 -8722.763000448702
3490.365526374884 8000.351875701948
6678.460369975546 -2025.483250266775
-5997.937874720985 -9670.051131345452
-8258.820923114527 3312.045047658601
-1137.8332897215132 9682.267227505403
5175.951141150812 -7130.799756305056
5593.497877422853 4166.6174570424955
1520.7912905535068 -1408.265354980971
-1463.7633915732968 5281.687476825056
5310.135039678053 -117.11604252572033
-9596.806095647553 6452.035182654301
4575.99462540417 -2072.3204505996337
323.43943443682474 3047.6001053863765
6599.497588983122 7294.0460169062135
-5487.404290525295 -7529.165493703665
-6142.245193093793 8092.537751168838
-4272.361064685133 4946.8187125679
3443.0436401194493 -8160.1358625606645
-6691.431102477867 -1672.4655126182279
4188.302919878843 -5340.377905493532
6878.853226021452 -6477.7838398781705
2314.9888600632094 2566.939509728656
-6328.928514921475 -8908.482584042813
8626.36017426151 -4677.984441019958
1963.724048586344 -5906.022182751465
8101.293769096817 7700.82571110503
1259.700447041443 7449.087074761359
6200.768058158383 -9980.460193308178
3606.4259831330783 9881.99627037445
5281.1739944014735 3362.47709685725
9852.246259274492 940.7316720464114
9215.654453287516 9201.716073116964
9653.13912651833 -7372.468381302331
4656.699619859577 7959.74610092978
-5311.6339736033115 2861.7154544668465
3330.2532494483003 6554.833414357137
-9186.786104808747 -3707.7307003247606
-8666.377783429094 -8917.941645901552
-3228.484935561991 6904.127554196333
-1383.4876455262583 7521.256385369434
-5389.854045452163 6412.888985691949
-5343.459503067489 -9273.61791478308
-9917.745171122666 -7381.4904536196145
-5202.392810753565 9939.091185213685
-9904.506045300977 2689.281115444608
5801.544219867412 -2317.3770512295696
8656.057239247577 7773.189526026679
8870.487262675775 -1869.6601893201569
-7221.137901758881 -2615.469587265513
-6270.554051052411 -9093.430762008553
-4521.2556985385445 -5310.557160663278
-1684.4176960531695 -3234.3332322318456
-5772.932148016472 -2885.210901878021
-4797.26015603847 -7291.491058981006
152.67309526467034 -9369.386611943371
-1903.209966491264 -4166.10210139418
5785.6309843254185 607.1700239838501
-430.5971008753604 -2414.35416546953
-2713.200485459626 -2676.690765648542
-5345.126906805615 3044.3855590276344
-9124.305743541674 -9996.218008607722
-5983.332473318399 -6473.559904358748
2563.746176067636 -311.1925321378567
5097.389750136639 4990.356277137213
5319.515078330243 -1709.9671400038824
-2.1094151462548325 -385.00160867332306
8436.994324401181 -1137.2124241209258
-5211.718724487156 3401.3722968556995
-9852.356923091907 425.32464647448614
-3464.358360595558 8763.635200871438
6411.330661904718 9581.518294513418
-8459.756854019686 -2186.9728399119604
6340.9123078497105 754.2660737315491
-8895.861312980613 9401.736440077078
7859.666100384478 -2987.3710462824547
-386.9941999448165 -9017.995205637193
5960.37602213249 -5723.472190516137
3794.1533847167957 4949.043119419068
329.36317480819525 -6891.419093695917
1720.64598782121 -1625.3758032733895
-881.6987551443472 4353.467793560105
-4536.487923666615 -5098.511063895208
1291.1850922426165 -2439.028307057256
2251.058469534415 8056.994263365828
1243.354803053664 4429.64310087945
-4423.682210455017 6357.704316817533
-3716.0008668187847 -6566.204867123375
9900.71074063793 2314.906965212869
-9906.892850553986 -3652.6533827239073
-9565.981846636818 9814.328112666732
-6591.642935850013 -7446.221183533792
2927.803833230335 -2668.4109023271185
6966.968780648767 2832.2815478691155
-2498.5560374679426 -1941.7651562303727
-8877.924406991717 -9264.071999244314
5226.969471094149 2251.444231995236
1572.6979647369026 -3271.496160493499
-3469.0577043149888 -8016.182944143089
1290.9462313550102 -2077.5988905399
6428.62349908382 3957.9028612515103
4999.592043485436 -5439.240008891091
-6812.267957070348 2163.4373918499223
-5552.304043670544 -6687.1629531172075
4226.102138689595 8893.50894117721
251.499385050598 7002.339157571067
-4120.395293360483 -0.8176587901198218
-787.674795003526 564.2665307074731
-7866.292303900733 -1749.6297934294817
4792.763805384226 3826.570150290281
-8505.905692193019 -2715.962812610126
-7173.054363313471 3138.724225907292
878.7865492836918 -2140.908030156532
4560.240173270422 -4079.915822869153
-9253.753734718055 -1999.3878209608984
4758.2491138635305 4876.694033726832
6630.967381532719 9104.324315616137
3894.4940603588548 1935.9722857661473
-1159.8982213183717 -8814.458617558894
320.72512148457827 5874.508639316171
4271.678762677089 -7804.9550688532545
843.3195317238187 -7835.041199757932
-7852.964818111679 -1312.3209745709883
-3726.2441597496763 8743.830158543286
8907.078664782912 -1882.2977289181608
2290.6943458227342 7202.717181506072
6604.054688444299 -3351.775822008909
5345.714587371964 -4668.668353540577
-6172.485731503793 -9399.653190251003
-1635.6997481160815 -6008.545182847962
8535.203548725898 -5469.112298037975
-8361.810759338608 -1023.284900371169
-1883.3566942803736 4415.872546278952
574.7334650501198 6813.888253741945
3599.17993782144 530.2390205356714
3863.4591907911054 2387.1787112517177
2113.3351457872577 -8647.504527301815
-6860.472506121969 5817.740294337775
4566.303206263419 7186.347683076008
-1631.6512213650694 -3793.5311377197986
-6070.517874238523 -9820.408382686206
-8054.8819801197105 -9351.126528941111
3627.9509220157306 -3966.1482374675725
8897.582037245851 -1643.3672633000278
-4773.156048622181 1937.0248007987211
-9400.129039371192 -8228.80376731852
-58.4084953542897 5113.571786226361
5049.76512264908 -769.3945949502795
-543.9519303303878 -3123.919094153717
-1968.7015012771853 7051.458890292764
-1885.4644610226787 8174.802088303768
6379.120805971841 2813.749201502
760.8791215994825 4380.144609254969
-2919.4067021512346 -3812.9307464828325
-1670.461533229378 -603.6018643911175
4096.09828184413 -1187.5274669450064
-3249.031992234228 2193.231353998932
-1452.401613333499 -9444.951572405731
3815.3665678529633 2454.7894800995455
7319.988775067995 5868.0577180762775
-6653.979320943265 6284.509467063841
-9860.656025169901 1060.256554814141
-3634.5370474393767 7767.039124733725
-4163.337101079334 -9066.186481146122
4894.704784912699 7676.93309821892
4775.272109144893 -8438.990880398513
-4392.163645236052 6737.081489144941
6314.56337633291 -5106.312223151419
7771.314770547953 7568.108815564348
-2297.7232911212122 -9549.787442327139
2729.2890327438818 -3166.7469434863497
3932.0757828304286 -499.5437376623504
-9346.649307872109 7071.528602965387
6872.684209566094 -2029.85916836028
-5642.878084611 -3674.74838675736
-3630.6035316466186 -4288.3805781464025
9683.127615962905 -7093.716100426313
-3961.706139339871 -8161.019329599701
-2698.568934193264 -7491.357813843053
-7881.966719147919 -1498.87313960153
1716.5411849597367 5363.393575558839
5013.614976313373 -1232.730332109566
-138.8722116349436 -7754.962308779019
-9938.946966632513 -1774.9406953136713
-6137.877539342484 -123.13072406428728
-3438.588010997212 4442.35091522282
396.8022627111386 8646.077017853328
-7722.7911957028355 3619.38862945246
-7486.506233990722 -1472.3613413532148
-5646.307629895113 -441.029403040975
-1126.4409925302334 2729.3290098666967
-2977.9298977363287 -3492.0574361618683
78.36325659614704 -7191.540057436905
-8538.742345130282 4474.142374555318
2076.9483785047923 3874.2425339161364
-6160.723084654523 3298.7034515745345
-7392.825733228254 3977.9406919707635
-6175.053771600951 64.40811697050958
-1794.883108983311 -2093.726072296382
7755.047679633106 -6653.442897849697
-3475.4592490753366 -7668.197849177845
8161.684980834056 -2636.390288231458
1540.3060837891753 -3362.68902425924
4509.064720068023 -739.3760620931553
7666.587101530793 -8280.504354180675
8758.489068182247 3559.3100103658926
-7097.180116362607 7690.519191488234
-6225.141593158103 -765.7039261619011
827.3256013342416 -9365.68896949571
2607.5174992573975 6925.976001628791
6590.587953196347 8437.741027567688
-7677.176733931537 6476.10255126097
3017.1893442938454 6205.096653434039
-2664.6763638494413 8273.058840203259
-492.54891042180134 -7122.433806727475
-5921.0170333310925 -4180.467230367682
8636.846879088222 2417.7116001168633
1379.4177164375433 -8513.910662787412
3183.2903455843134 5282.200273806342
-967.3695813627492 2589.9339301795117
-230.5691360572855 8894.341761728487
-9134.729499237103 -9261.084953956575
4389.128474197985 -558.741377839593
-2054.0247471773346 -6193.377480601621
-205.7071695318973 1558.8042055748847
2636.87977336573 -3044.7933594366286
5050.326709148292 7330.611078931299
-5181.087450568602 -3201.6837416460085
-6474.579035365681 -8484.041563689982
-2105.973137963497 -8902.642814706143
-2838.998541042557 6034.393613142389
-5937.952679440566 -4689.9712189876545
-7922.360589931612 -6526.6415893930425
5889.347736290731 -3139.1020284322794
-6597.212347447576 -3251.672808480117
4331.095021457893 8179.53957701445
5663.716018021883 -9966.7383408836
2138.344211120977 -9647.44413970028
-828.9280272512569 -5307.545544142537
-4024.2179839821856 -9338.427627587473
-7474.496841326876 -6816.871664670212
595.4581759853754 9330.081914875518
-3288.176241231613 -6238.571891579097
-5943.623447022428 3477.8002952327315
-2797.763419041512 9312.72997244813
4249.336909591444 9581.96687705577
-2927.857507236933 -5259.527537125561
-6119.031037066842 -329.1903417204139
-3660.88231934385 -914.0056396256132
3590.410164959274 1025.1808689931568
567.6551649344492 -9084.856432981698
-8983.371198566061 4340.139662965237
-4760.694793002145 8495.71153933696
-2596.0894874100895 1099.050043038298
-8530.116524696212 9903.013080109547
2727.567035975655 7338.532389776137
3362.4377442185432 -7570.7710386101535
-4658.544608951185 8033.403837142054
-2383.2955190321363 -4464.598539932794
2793.4207203721144 -5993.49334613001
1972.8149354703892 -2926.747081318359
6724.318627499972 1569.114647238568
-9350.965667351596 -1382.715399747447
-3339.2074243459983 4023.3932206593618
2140.3645969639347 -7514.109600785064
5031.518669185607 3709.1535906385307
7576.856176174497 -9606.500081839577
8881.167242313073 -6547.054295067121
-3702.4851019222324 -8335.948103744558
2525.8436887948556 -2921.709420683723
-622.2794783993286 -2450.625007368967
-211.67157259851774 61.65794284792173
-8444.89930754961 -2565.6627378281983
-5529.0584502255615 3469.5595458996468
-2669.1600993417696 2573.9057949995567
-6631.595477242658 -3012.0878558763507
-2019.5707147281892 3495.537798852434
-2607.3984999527847 -9844.380127533217
-7210.096715978167 -1686.389557986482
3275.664086645691 4840.081014176123
-9959.373473850157 940.8708640275017
-9162.652317423794 -3456.86707219212
-8902.260321318838 -9454.822679703408
8947.189510143988 -2698.2902073479336
4414.39521829122 6588.076162328798
-2918.5270296322606 -1251.7201541271206
5345.948777307482 7395.042897920466
-1230.4457161251485 321.9051233933442
2375.3024120357004 -5554.498227666922
-1756.3615702423103 -5328.448478996377
682.6282289164683 -565.9877385895816
2250.6236927532773 9969.052976998377
9949.728318541365 -3357.703885588706
-4745.84008397128 -2850.0742231993618
4871.3244924255105 -724.9409651491478
-1850.3907282657692 -974.009694161592
-5947.403459096839 5150.841510221486
-1865.888871483994 7764.565813466877
5804.323878396592 -5497.580343432651
-9481.497934365703 7404.757868101278
-2195.987154926811 -9370.45431232055
2037.364778260986 8882.160403908234
1673.4213203873987 -7239.884459192392
9608.004148165594 -3540.9391621284667
3229.9376812944865 -285.88041932407396
8508.699556242864 -3491.9691462751534
-5498.722926297526 2828.019441002416
-408.9101492450627 -7727.446538051348
-5449.9837488503135 -2914.5298546618315
-3588.903507601637 1529.1307088026279
2736.5002240715494 513.6002870870125
57.31719936775153 8001.084960236687
255.69267204084645 3642.324174140924
-8024.653716016596 -8074.935731279677
-6384.424090430592 -6812.536441477928
-6768.981225264428 347.0212912793322
-2818.2693069026946 7106.7173430943
-7574.897938665175 -6474.754729678429
994.7621742941956 1790.8168461346977
-6133.508846897944 243.77416832086237
4774.269451478798 6390.468794650267
2630.49156999363 -8109.672686903066
-644.9166591034864 4142.984965987645
3773.313782014129 2828.6586529895285
2758.535978012673 -3949.2341941994937
9243.421300096954 2896.0206852027786
9683.545075418144 8377.095784735284
-2075.080124459725 6782.2078807631515
-9590.65750590245 2162.9849534834757
1767.6944396156177 4597.433271238091
-2066.3068858504084 -9667.930088640413
-5896.458310219361 -1887.933605674808
-9372.509344152848 5938.878052063681
-4982.932119224477 7952.05005159455
-8231.354852698032 -6270.971290777823
3034.6612567129177 -1540.4121922496379
7025.208552232434 -3581.762198893115
-7585.625522423543 8979.480082815717
6289.715594028283 -3039.7433854536766
964.0852119483643 3007.264387104149
7223.747828602172 -1437.8182999845194
-5415.165259334695 9936.098730814243
-5546.236491352294 -4681.169423862868
-8369.226248639412 -1934.8897529181677
-9433.738175043056 8076.167826643268
2696.6807402101804 2082.7052546978102
2882.3849917355983 -7502.943672255768
9588.543693266012 -6585.8732076474125
3449.093739484377 9290.872542791978
-8997.775103305696 7623.323364041051
-1233.9230813342092 181.82177467769907
1829.7773202464068 9484.969868060132
-9525.402952164843 -2570.942418211348
8032.484658358855 3393.270658807094
-1433.5052996275772 9575.003182768032
9664.255040141365 4449.949483319677
-5371.386238619471 -8413.456382963963
-9101.492780892324 -6125.382726813026
-5780.065981838303 3667.0426469196027
-2193.7586948730295 -8693.516192663235
4685.7373742907785 9755.423876211185
2152.4979740341405 6117.167828199164
-2454.845372019161 4091.826417872271
2622.9482359079084 30.134874720761218
-6954.518238661282 2217.6386252946486
3661.8970153946357 4143.079414725336
8558.67721905595 -8609.014306335552
-3502.502699769181 4875.344570374704
-7797.513398442106 4637.033507281123
6949.515263804409 5413.251946998766
-1599.3245543804805 2515.7472192381156
-9740.484735336428 1902.0074202425549
3053.8759702996376 -2821.9677544913793
4452.861573470012 6933.609419674263
2574.5883051864894 -5605.5430601931475
636.473592977376 6805.992946842751
-6753.093215705266 979.0444612828542
-8844.215821848618 -6420.602469351473
5203.57840936663 7393.903008346031
-5321.088168586929 8131.751582671699
8770.01852685738 8308.734496374014
-8954.44859083147 6215.627676653805
6.960575614093614 7502.561541837869
8112.658475505348 -4054.877288141054
6990.421682895343 7733.275119306374
7848.4969892968475 -7808.218094053871
-1300.2726710167735 -8936.10574214881
-428.8189329389297 -8955.52429608621
4341.34033417743 -9377.282778575618
4497.354684854328 5788.919116912244
2518.2938051404763 887.8143825426978
7661.187807650596 4788.304149072892
-3137.9582748377043 -9675.408217936541
783.4080668595616 -8802.708724536416
-2424.4112072868293 7568.457561251911
2814.6045395928395 4617.400135775057
-3206.228620916527 -9667.127622411466
3646.578822459347 5602.6050226582975
-251.38306057768204 -5163.626582281473
-9119.94421170778 5349.735187272034
-6565.27983290464 2780.42866973164
9556.57981453959 4959.053091638862
-198.38426916356912 -7226.735490683751
-9593.026432103292 -8673.830219481593
-8542.844529768216 3583.086780027863
3438.256777753104 27.234365037367752
4447.9339053212225 7717.403374504753
-9424.547041619675 -514.8814886158216
4889.82748878577 -4436.571375091347
3594.247382075473 -4744.905408471711
-5946.244340919775 2687.843244022928
1724.9917160759196 -1555.7052335159206
9968.791034500853 -4117.550156457887
7078.075442646477 8080.0073377388
2686.7941756173605 7155.55802940817
-4564.773779760864 3667.6615186324234
5059.755499310277 9107.208541990884
-5029.185479562144 -8769.87623307059
-8786.915653053888 -10.373882716308799
-3888.2027076209515 -6204.288340817329
-9144.904561601075 -7757.420431605973
2014.4343711681795 5603.116632107858
9144.990323260947 -5593.407460082713
-8969.532421332078 -1782.7971548672376
9048.644743125667 3055.2517581499815
54.970596481693065 -3699.562908788971
5943.56595403426 -1248.8755024716756
-9207.385653589166 -9039.526298477498
2691.3956657099843 8018.079436539876
9748.624249289413 9395.219417772598
-2521.621756175163 -8063.902365932885
-2854.7739095898787 -9017.536772239793
6431.2365490682205 -8797.073935196853
-16.06631555983222 -7988.049126393353
-1652.0649849950078 -2629.7759813701796
118.52575712411999 -6066.437218397754
-160.15807588879034 -9549.884361558554
-526.8678878574519 3296.0321311702482
-4236.175930528266 4201.360277314388
-8565.656530974487 5476.420850295037
2029.8507650394404 -7857.377279782904
9965.81898920226 8851.35996626152
5701.706680676847 9703.60936087805
6138.372136883201 -8763.1704644318
-9234.550603831734 913.1219320284254
-4461.925648284959 -3775.951480992092
-2977.7250567845904 1636.3500716651506
9409.417070455693 3464.8140050697966
-5730.510970633615 5612.0246588844075
7410.132452362406 -5989.580497303362
-5734.690596191654 4403.311858479348
-9501.220915204023 9484.055178036837
8930.262323255542 7864.628110497724
8745.750511472848 2167.3852579943195
-5180.044409373139 -2160.1726362587906
-9247.114360077045 -7992.235635405483
1111.0607476160349 4545.497788196093
8886.388199937679 6103.350412747679
1174.3452849698624 2456.38067864012
-2327.697194463085 -3600.859128464449
-3734.355852308293 498.2152081935328
1473.3257655287944 -7872.247680377913
-6052.310056072614 9966.58066137763
1960.243035568892 4954.531144961349
3562.7378843397437 -7171.392690438572
5910.850874833808 6837.374525431776
-3592.0286270169545 2927.683383687294
-486.29234628248923 3287.4212076944823
9222.693564078887 -6900.406578745384
-3376.367305375674 8017.547036919048
6178.347371433705 -7678.21334677123
5310.373819356744 8891.384091088094
-3230.5702219373215 -1244.2392968973109
9561.40717539677 -363.63012798941236
-5164.588990363844 6905.826488494116
-8855.636168113102 -3039.8968587060526
-2599.217245444752 -9894.192339587968
404.10711107420866 8510.073512296556
1102.4127672970735 -6841.5055294894355
4164.014738550919 3542.6067576947225
-1319.6117386805145 -5809.029031574442
-6079.44576791382 5217.653192795402
8340.585532920515 9652.20480489634
8164.772543731608 -8888.172454053163
4754.223619413779 1867.5646264611933
8933.840200292383 -3157.1115904240824
2041.6845248499321 4678.236426053236
-5409.657157168191 6624.62129432775
6294.932803934929 9431.75308547539
8346.522256629065 4121.887412520084
8024.876024542824 -9046.827728470142
-4804.785420839082 7151.360692984988
3377.0576817505607 1114.6890080004669
8678.759942909219 574.2691068795029
-2958.9048218463467 -3765.2358124168277
-6678.312594174762 -6846.760646207495
9486.305365304332 -6223.864334925697
8572.514625341853 -3803.8857667064567
6488.002435726416 -6324.656641201905
-4255.473645408639 -5514.595820344603
9865.970709223839 -9875.29939420233
714.9374961433732 -6707.189978160635
-5061.343351101657 740.90874610621
-7963.6339019186125 -795.9607269951521
-7596.354134034586 -8207.194180455843
-3365.9231294852734 7029.910504027121
-9812.963070386524 524.0120849589366
-6593.002999068946 255.5362706364831
-5738.6663079484615 8594.520281399888
-1179.9825086529672 8280.141595693738
-3486.4664740782137 4278.565520496848
7969.646454584501 125.86520492560157
-7547.902929853297 5294.375481498055
-375.4085493855 -8655.328802442402
-8126.464503974135 -995.2980946353746
-5612.6053050975 -1471.7247348570781
-8433.633548042964 -7784.702273559153
-8607.227007217452 -5873.225232507957
-9287.762328175018 8911.804449281772
852.8348719675323 -6792.54539092296
6851.029193537714 -8986.228594025453
-2721.107214123679 3336.015866221951
-6891.203667753663 4587.83827921599
1354.1158262045574 8938.265336653818
5844.429097469503 -8049.633433924512
-2799.2126471953234 2301.0710874200195
5952.950564183586 -1296.8944833474634
6180.485237816265 -5202.811710811477
-3229.604885871464 3983.7525812048607
8385.014033178377 3969.322003150899
6857.2451388318295 -7923.452956925121
8620.458341618101 -5215.406959097115
-3105.5641878507377 4016.3224752050082
4956.258642111663 -3328.661977789893
6507.969050018517 -1067.2798402577646
-5194.260439973204 1875.9672993080549
-954.7934996358581 -3380.4474851842724
6024.05233816611 -4771.619310078665
-9842.056990877973 5177.575461890885
8654.022097275956 -9419.776087693768
-495.60410687870717 567.2274367361988
6719.931870471595 -5018.953080560249
3964.276450676698 -1478.844870100931
8863.78763220604 8083.213291112694
-4531.86362995706 3504.6453523865257
-8361.837153572807 -8682.819061933116
-3125.7799583129045 -5724.6573369350435
-85.76691014668904 9054.566748419904
5283.078612649846 -8918.0600071365
-4866.8471115521015 -7722.820259806369
-6237.7605358432775 5654.784023363252
4023.45303668429 4195.9942395687485
9660.246738855152 1879.6365734188148
-2073.3219535498647 -3185.1854711920005
521.4342286797128 -7590.889934181658
6017.992907783064 -2390.8381428630855
-2930.1973521878 4454.56806210662
-5521.949622376623 -3708.302741479095
6812.428629705322 6614.580669894396
8066.9086143836685 -6938.724006023409
1519.842401642296 -2165.7189040611293
-9429.650982900488 1783.5104407098588
-2827.1439328737433 -546.7199984945328
-3766.5476405851314 -5773.505094248514
5922.352015422548 1788.0489414638268
-4434.159286083723 4776.134539140283
6190.566377998119 -2192.017723035249
5797.509331601936 8981.298015272409
9249.4459289945 8202.62417037327
-1216.2847148696837 3829.7897755597933
-1556.323342017049 4500.82028969663
-2698.08789066154 -7168.06586328367
683.0147869156717 9890.851874320793
4453.259429278733 -5210.67883980445
-1089.4046346643008 1003.8735378332931
275.7569978379652 -8447.925657331905
8960.903266917314 8161.267893918128
4695.596885242121 7118.751166242204
4553.1406340615085 -3550.1907433991555
6587.846597580996 8108.795867476172
122.7500966201078 5476.809293591174
-5012.883857466252 -6061.77516004297
-7224.121732274123 -8229.304571209148
383.3859568112457 3955.019640617751
1858.608167650571 -5469.237697679277
1557.7132420330436 8341.474000623974
7464.80704606809 -7206.889118416402
-3442.9468211706453 9766.530972808472
-2336.5241561714893 68.06914049670559
-4823.024805475162 3571.921000666396
8308.515474795513 -8882.316983086894
4715.575264105031 5701.700177099125
-999.1427764432719 -5219.876427729088
-9218.574255390391 -364.4457864000433
-5895.0687967901795 -3388.829017928776
582.9266306889986 -3737.960646782779
8678.48558232719 -4398.824141421025
-2604.037863409978 3928.68990865253
-4243.205756411501 -9660.77561929402
-8198.714585717778 9831.709584198397
-6360.673883652935 -8265.52558298088
7802.605652980335 -1541.2409127581486
-341.02552808535256 -8232.059155658826
-9919.14082000898 -2025.8904418409584
-9629.01151209136 736.2715692810543
2409.6935391626866 -8763.767698989845
7180.759328471988 -937.6532468804853
6651.720958578415 -5436.329555920381
-8863.327702947805 -6014.189599488757
6774.629571407124 -5584.188659148334
946.2383073742258 6309.926363047245
-7029.236188026802 -169.0210552582521
4230.772552878772 -2130.5716930533827
7233.332653696791 -3234.9817490092246
-6384.092081628558 6497.326161639954
-6363.083818048401 -600.6414289050936
6462.26335167883 2006.8926170752438
-5910.506600993835 3038.295507374054
-127.37852517145984 -5931.642525926642
3467.725183671795 -6608.973856187364
-8931.00347901163 -9151.899564611113
6816.771374951168 -2165.245480043638
-2684.988287444865 5891.422800634209
5690.448458848343 -4319.042708395577
-733.972076691065 -31.736988630782434
727.0595097479872 -3482.311466681551
6961.505974021929 4464.490248679656
-6799.228563998426 8376.58078326373
8631.105049359248 3389.7033555055186
-442.0661157269242 -9226.020812419114
9068.064495840408 -7814.2577150417255
-157.72592771984273 1601.4293535423167
-3469.5646998826323 3258.387553997256
3432.422707730193 1391.5204136438606
-5037.235932761734 -9481.974295301552
-6340.222813674754 -6339.134183250019
1787.8663523469822 -1796.6801549561278
6644.209573473043 -4167.2162906886715
600.3511899081041 2875.21995360905
9079.690221500296 -8331.978484098549
-7199.404526330662 -8293.078538659682
4721.404643477757 -6817.346314264554
-7460.107181585343 5058.660682976055
-29.514964474670705 -2291.9422943291083
-4695.460073067575 6814.525536854882
-4777.994436463604 4048.6539074262455
2048.645980317462 -7928.2680512902125
536.4227712461216 -9381.112337966206
-2007.5106467475098 -1488.8986230147257
1714.1702837715038 -2008.308233749137
8035.27361013621 -4859.240386810375
5997.656765449354 -1533.5243697135975
-811.8338359966183 93.34709569210645
-4605.568515841627 -3934.5562462281687
-5484.467186301163 7770.329344538914
-9990.162492627054 1792.8419106605324
2779.3197485120127 4865.261981554704
-6203.0262634262235 -8957.489084570034
-6686.445298639054 4661.15149037568
776.3457330664678 -7285.102803230326
-3387.020813369081 9485.33744733681
1047.1014639300538 2905.4659999330106
7701.85109634497 2318.600840031837
2806.276836030189 -47.766769069883594
-8444.011366181538 -9706.522522027684
-887.9777448195819 2180.9174679955995
-2316.839746858097 -4819.945404632195
-3728.7004489561677 -5138.006363349004
4423.94991888609 8945.784004291443
4502.066891231811 -1305.284102894786
-7382.731766671523 6089.1555210939005
-9085.477924608425 -1441.0523289997363
-7018.29915662012 8685.328399198785
9875.474961887947 -1673.569818366137
1895.924183218749 -5054.877448355825
-3535.519611244249 -4801.104027453069
-3781.5511946273664 7577.033645775926
-5000.128547827642 -4658.786746482686
-631.0247171447154 -5644.764919544014
-3492.619405118775 1503.532388691052
-1899.3095281920787 34.79299338001874
-3476.444421438092 -7122.812445957763
2224.8495945368977 6118.618126084171
-2229.282354124857 7604.88186837349
-1993.9633248625114 2968.9495021994735
-8990.2684251827 9166.472515160454
-9971.491740948599 -2630.5518064961934
-8228.602943162376 9287.448487754922
-3958.9256985252687 7882.26333541936
-9313.200421302774 -7932.020636512485
-5380.007861433551 207.7110483438919
-9218.518475346786 -3293.810428457369
6446.380620715325 5242.488964283524
-3632.1578693044758 9490.098634648606
-3423.3062579214748 3645.6310733944283
5064.691293812883 9658.446550287426
-2708.1711706064907 -7540.311599852008
-3007.5801832719517 8281.40526409417
8942.468654525434 -8302.099406091485
-6663.218773822346 -5512.04328803208
-334.707044843899 1796.4081322422226
-9756.191861358488 -832.4944010329946
-6073.277777154426 6443.832864355478
3402.9190962169323 2699.067100452954
-5442.106573179853 9538.839179710336
3694.8009163883617 -9687.84507756651
3276.5909354957676 -110.43632412036823
4925.190899853182 -3640.71708520195
-9351.10392174372 -7242.908934107321
935.1990437065087 -2919.2377645315455
-1974.6578212296572 3458.4263202018865
1273.3596355970312 -9631.733255416524
-8806.603497667904 4982.701060570811
2134.117500740138 584.4178910521914
8320.12387637383 8937.627402416267
-7588.001571278735 6671.420250191768
-6784.086897017891 7131.503686683431
-6509.770107524713 -7417.439323242532
-967.8181158629122 -290.6572750110972
5777.127884424788 496.16954061546676
7213.010181814116 -5000.010265148278
5023.077008927097 9322.413533185678
-8147.327675007538 -3905.6328570891583
-2904.5204161835954 3689.0836225187522
-9431.916502973114 9663.272778675924
1158.5671696143036 1893.3121038222962
-422.8029821009404 3636.4323969058605
8099.5106912862175 -4768.05744621626
-7118.574690287769 2102.7940732693005
-6438.2124533111055 -4325.950507682157
-6717.815433526264 -1844.6706421579793
-6908.702005406167 -5985.1080231658725
-3581.2990917184216 8391.88964144418
-9329.741151383547 -3548.634255898737
8096.240045612463 6396.949732329413
-8691.570657304537 -6055.203060323331
-119.0441387357696 -3232.6583616688185
3380.751515693848 5787.703193157802
-1730.4086347126831 6108.379639339326
7045.028998277663 6466.930636871832
-1300.7180340960622 -7084.959071909938
-8657.208512036972 -6783.6454482494955
-2755.242216998826 -5633.835868859212
4481.026078334791 578.1141076180083
57.266358207405574 -5202.110032960841
-688.01661743761 -2157.8699006761726
3431.5616405395904 -2014.1253786450616
9172.809305280429 -4590.560010036753
-4155.648397140297 -6645.939143078755
-1983.730544680333 -3074.3355591307472
-2610.3871801845544 4841.094866156029
-6841.623801151464 5456.6968153636535
1743.2236290680248 393.74466617849976
8988.254120778744 4029.494704420944
1121.3877385039032 -80.03881329016622
5630.112331682429 3536.6282837069593
-4345.637665705482 -9977.489987801644
-2183.279398896918 4304.028114763967
-4820.9713450269965 -5052.628166179745
-3871.6758729366684 -8452.85584796792
-6339.126042886185 4919.399402810617
5270.457110084304 -508.4717201742442
-5712.007893246847 5400.998947700658
2208.645473480581 -5890.3883363665855
6736.731249470857 3797.882969125416
-9252.472065616294 226.24572642546445
7190.66197024961 -6250.779154938606
-1463.5522560286554 -4828.646461487676
6401.547553120443 -8622.196100554782
7503.103390968256 8208.812038073967
-8586.935838420073 2739.107043348711
9361.376624175737 2646.475342388463
-7474.992020696569 -2803.568220926615
-5891.015232073162 -4166.9698649551165
-1342.201682771216 7562.573307291765
-8674.858090231835 -8826.853085871157
1484.0845414990981 -5413.245579537762
-8402.061325336856 -4156.817715416477
-8473.683231120322 728.8386805580085
-1444.3176638937402 -1934.535009855911
-2123.839026493981 -3848.8739723491854
745.974971500058 -1400.023986489572
-2726.3262492919102 8471.302830754961
7000.833537909173 -7461.979337471538
-2008.8129208548544 7058.410475073928
-1054.3132719945988 -466.73514071764293
9298.87113018207 2516.977011683217
-45.377159065667 3281.2971703654075
-1754.0046506167473 2492.7272628915143
1123.779972574619 4359.6541479894
-7926.078038472848 -3953.416158165228
1729.3158542205947 -5533.977593966783
6783.898650089159 581.9381838618428
-5844.082207943675 4643.130374478869
-9785.235439599162 -2326.540349923627
-8573.658901935714 5254.600592851313
1442.6938186054103 7133.9952279177305
-767.9933070320621 1276.8307805838704
7397.143183527121 2269.378908848752
-6240.786685040683 -7102.248460784731
2294.204724497451 -6490.726396633712
1625.042183495092 -1535.9212573629757
5820.586074685385 2465.4269062292096
8881.587510120738 4494.4770081778515
-8041.522437277596 -6042.982893606181
-7683.352700725097 -4223.1854717425385
1923.6030702802018 9656.047776780619
8173.564219811295 7493.4854388448475
1895.762381614304 -6255.982219354517
-9067.573454413543 -9130.45639367551
-946.7678152181434 -1665.6084906630695
7939.369262405253 -5985.80797465444
7879.400915496881 4403.6608238516255
4440.25571691513 -9573.075231442923
2792.0524518809525 -7412.917269688514
-2030.4621418593679 -934.5696928700818
2852.7504029840347 7433.450871817495
1064.639156222387 -8076.872749841708
9645.794676821082 -1423.4596058921343
6920.724733366329 -2260.012939054337
373.26301374423383 -7230.845657961407
3870.2556599457985 3771.0843233502746
4794.674081275449 -8161.029565838478
-8533.733332031768 -8536.902606694355
6846.848925661219 3363.6750103396553
-6532.182114461649 -3560.2439890300275
9611.565916407013 -6773.84441119125
1170.6222310246812 -1626.982066725246
5755.649380689838 2198.79079727693
-5704.628615045044 2117.5431461007574
4650.153538907651 -7680.826156757263
-3959.1885619149925 7911.8041465388305
2082.340459770394 3057.8798155494515
3928.16125013913 5499.962891712785
-1193.8262490537927 2142.1612080914383
-1292.0144114487812 4704.41965436315
134.09733236736065 -8612.244838502877
9870.181914093304 -6720.279653304997
354.8771269036206 -5995.751959297211
8192.24658928945 -8195.701040957218
-7030.66132208539 6577.7357568732
3280.548971433376 -5082.7042600168
-9432.15831211837 6297.798189728721
7203.843489753854 8383.492800556945
6630.384462000104 1984.0812176308882
4087.8030485813015 -7729.8251643787335
5612.250345294298 6081.06929124578
-66.12775972791678 1945.513522716181
7385.1403570727925 4027.909264226535
-3054.7158595384108 658.847861912891
-2564.2296744827518 7273.42126182967
2287.6023754615344 139.01846519949322
5180.945417771829 -3305.271730460877
2480.6922553082786 8947.699074071272
9340.146934054788 -5708.799593470151
-8486.447686911268 -7749.561224007628
-8486.297887886309 2763.7042039665776
-6707.038093399376 -8781.083415139221
6946.648232072075 4952.42156780151
7181.446954119041 -4546.303123970834
-5084.588539442639 -1905.2121317239325
9149.579555767526 7617.541145371055
-9743.522396887478 -8521.626203809874
462.17405886265806 5895.124589910758
2263.244752147024 301.8304654539188
-9162.538439099071 -3054.2145524315138
-2490.715922675008 3420.2753960929494
-6337.134216604892 -308.28927962534726
-886.7264533289163 -1860.1906211812056
-2879.4760297075727 8584.746058032597
-3457.1103738048105 1339.1018902417563
-3029.7625026225815 -6079.193081299476
7261.979448258975 -7065.70794136784
-5742.934558676445 6321.630464813941
4357.36672237291 -4933.284710571453
-5644.701802486376 2679.4112409968457
2738.675641155838 8381.257947318703
-7469.907909673366 1660.6283503668365
586.584334508183 5376.4132937353315
-4407.433723101424 8291.157795516767
2431.960331991966 -9954.591717318275
9243.702424702791 -804.4475962858578
5580.34864814229 -7108.969462919983
-3653.0895220767334 -7260.8638077143705
-7446.672616235426 885.0898187022176
2638.6660802972146 1622.3657148568254
-1199.7333336553202 3056.712140467269
-6718.856022462194 -597.3357171949028
-2858.937518512519 4131.950531389335
6180.314962353099 6969.73522068869
-1767.5465322879318 1010.4867683731263
6137.49485980636 176.14430861557776
9807.545197343039 9853.460054793493
-2328.1264905014095 -4374.281142302551
6520.213510594967 -4830.236225010974
3746.077199263862 8048.123711307748
-3066.9151517429464 6526.413063661417
2646.3536826339223 9738.727827863437
-5480.187560168796 -6628.122686582732
-4086.506688422196 218.68133503332683
5509.416623207144 3949.548794879225
-3509.858154792091 -7429.123747602805
-2017.5264898580836 391.8063158802943
-1855.3182907298642 1833.275324278693
-6164.023216523054 -1176.5982050610237
-5248.605058887652 381.8508280420083
8065.71999985283 -9333.807228998987
1151.1483225483407 5411.166742428957
8272.09071473559 -674.4830634367845
6086.381034298876 4421.4230423839435
1377.1847650860254 -4948.215923027339
2098.694181896215 6046.548806386754
-5751.809004972872 -9990.848310661655
7296.882361404943 5608.728069233566
254.02037802559244 5446.422045687079
-452.22451665431436 -2539.491571239585
-5260.806255880292 3353.584829411415
4911.788063878001 9476.437221858581
-1018.9763021665858 6100.70895599982
-960.3900218617473 -1018.0603189154353
-5596.838703853171 9294.16872920436
-7234.0009277787185 -6042.054150042533
-3349.3858707287336 5448.471890096507
1281.1651606625383 8535.540488947714
-7411.6320129036485 -939.7640814616425
29.77722623353111 7595.708177513276
2367.774798245606 7284.146363407268
9882.144133527534 1715.0117254551133
-6588.095301328165 4648.996909110714
9141.65559043636 748.8339638719171
3503.0942602034247 5115.2170223226
597.1041766231192 2019.5874807040327
6112.937608977334 263.54697726274753
8098.037727224837 -2621.917491502386
-7302.9729396960865 8517.82405219374
-974.1804223092313 -7667.978514847436
-6116.249615949078 -2956.890788773736
6552.61257268985 -13.627989006279677
-5681.497732367595 -4676.327079140812
-1274.9719274072868 2716.1517590366166
-5618.3020733148805 7413.640309472226
-9821.28866345679 5292.932505272587
-3919.0024426766977 8466.368170121143
-3315.3235238839843 -5387.829001086448
125.18944266533072 386.9224130356597
-7252.278104776742 -6780.775597223814
-3480.7850335957855 1315.2926381477173
8121.793377605736 6507.7276047078085
-8023.167631868453 -5863.735074756951
-9623.299042308208 -3235.2477952643158
4029.4739600770426 325.1642991188146
7545.112677902227 -8837.018568930123
3916.85596127576 -2823.056672993509
7398.293959570416 5350.8940772671995
8176.950334656056 -1170.610132082611
8043.577779027786 -532.259790494787
2309.949231324106 -5520.5000158078055
8306.099239836938 -789.1244918126176
8972.888067772765 805.3424388007825
-4248.1570984713635 -8991.202404159336
7868.625600516942 -155.96947203949458
-4771.40683874772 -2595.9921116423066
-5175.0964476406325 -1560.312180716559
1445.9053642310391 -3574.3921208067113
-6483.7499848828675 863.5827417360106
-4615.253678760625 7032.322471615185
4863.513050310854 -7678.113618869076
-3778.0133575780073 1632.4095153240341
-3647.1532873873994 7804.788704484239
7974.454219907009 6237.721003133507
-3651.9955585347598 8093.990470336554
3211.793804039138 8984.932073506337
6926.81784771381 2733.8638294760967
4956.90761455678 -1442.2320431577027
2854.7818686278806 8384.869711410163
2287.279586915196 -4530.192746546
4015.6910353005824 -9783.915243468586
5170.025778354704 1218.251781224746
-6048.697880894866 3856.9817146530113
9708.031673580226 -7005.190528269975
8119.031824371828 -4083.1132595314857
6244.0816177958 -5059.362737099078
-7941.264037166695 -7806.182309472371
-335.58833815876824 858.0539757498082
-8133.368438439658 4432.689066484143
3762.639333445799 7842.5371523746435
7206.472840533308 -1143.8519206111523
-330.4249672995211 5474.271279277829
-9454.890212489885 -7320.409523704919
-7876.068656585784 -8990.67528568332
-4618.403689475914 -1564.8104949538047
-3246.512303551168 7436.289304798247
946.0450519453952 168.0420926846109
6555.801263518915 8315.015197750472
-8823.544944875443 430.8251639696082
-3587.9258562142204 989.8457519489293
1738.7692674154005 2491.6396772734697
-9262.663763670615 8070.5398256640765
-9562.542697688012 8282.99176297001
1264.6150179766428 -4000.1461182393823
-6429.060661467663 -641.8535655512223
-519.6883222414508 9077.534189938444
3618.206758043978 5484.372716758928
1372.5218333296525 -2513.75114474929
2100.021633721437 -6509.1208934377255
-9076.42245515681 -1334.2244710365794
5540.112226248721 7602.51086723027
-6827.384850334747 2807.5400512875876
-7841.193238409039 1728.582133387974
7693.507852278322 5292.381088076805
-7736.409348981517 4039.4710481369293
8978.027520561016 1570.1945651239857
6258.084705511286 4651.911147056535
-8516.359395805412 -6719.09602265121
772.9950129528661 -1642.8236631702384
3999.860654288388 8341.970010946363
5629.600609731584 6064.651022491225
506.6312098485887 -7721.557845885803
-7821.618103196388 996.5439953948498
-7157.282341810221 3247.3359859418797
-2987.5773882722287 -1342.1987715430841
4271.646698726774 -991.1043963296488
4137.255079750737 -6781.456100224676
-7572.762131738695 523.0935275448446
-6614.16200920331 -2815.3595627864524
-4859.678133418126 -6099.515783700879
3199.4018946126835 6095.307098341407
-6707.240841996802 -9887.672101949242
1851.9127528804966 5474.907161198995
1114.4086912160583 165.66456327483866
-7222.048286225499 3379.406851460073
6233.231801036096 2374.816396223552
-3129.171313537955 8616.21597432498
9308.23642423941 -2088.4390987627403
-2550.221178433574 2079.4399425396314
-3780.4904733966587 -9007.984943809979
2052.134052596546 6630.832526254311
-5440.887643486516 -9140.961674209972
9288.376785702658 9570.03105913545
561.1405013529165 -5855.249149369682
8705.02477514086 -9024.06161886283
-7371.210246783165 8248.546069690852
6932.328830686907 1064.3849053482882
-6739.209417958235 -958.2542082441541
4350.783204537434 -9804.495432162008
2449.11999223203 9510.850670855165
3092.4984925738736 6277.515847647219
2514.410694708413 -122.90864855524524
9400.501304992227 -3948.0958719273503
6865.025087545811 4280.789836760141
1201.0661010744989 -891.7302284294346
-6689.711119404731 4294.810173850892
5201.212805206182 6465.38180442934
6327.90360804844 5332.164495296627
6905.53551740578 9168.27823323811
-7919.901284645039 8438.615306217678
1653.5568411629338 6589.514283936816
4992.606620458664 -2988.0973101234813
5110.837716954289 -1014.0459303016578
-4644.920871607576 5665.004666270874
-2395.9004317168155 -5649.220413811873
-6328.901098065449 6751.614149947622
-1727.3477821129163 -4286.334875223059
9380.460458120928 -1002.1908324396627
-7784.558215121895 1780.3629022074801
-904.0628662865383 -7765.338702891906
6645.079650301694 -8833.795357818257
-7358.72569681881 -7597.680742885494
-9482.768555379995 8466.325668707039
-6053.313867205796 1796.8757997737848
-3814.2208345201298 9018.686786891823
-1747.340527795648 957.1197606718324
-8658.78926090966 8454.256392236093
7092.401107714402 -9360.959970908832
4821.704128848456 2991.9904659459044
-1832.200643006241 5001.751084330335
-9156.576964377397 -3075.460604398925
-1496.7031535755086 429.26267806085525
2778.56007801323 -5146.122027493345
-3843.3929449800908 -1661.6705008998124
-183.30033425456713 7974.3532955362425
8284.734057485522 -5126.62957023819
7677.105127435603 6063.908793095614
1508.2913309292435 5565.243812142375
-2003.442041080485 -167.46387093842532
-5713.356972465804 8831.444191583101
99.42380466385112 1890.2832975138754
410.9219781353968 8621.059214027424
-6436.3702281843825 8835.432364774828
-2258.485928815806 -6441.378665681428
-9671.706245369338 -8173.270054179278
6961.123348856814 7616.750821203652
1045.7514607924459 -1508.1450087760932
1384.074191249154 5648.2905158802605
-8037.22116987394 -4862.431801311999
757.019233029283 6034.391891556061
-4177.166793282839 -5034.717462033424
9505.78136260737 -7744.193362037955
3113.1583192027592 5359.07164335004
3027.555023236715 -4629.577340487578
8437.640874961475 5301.414833732035
4397.256602651591 -9819.155978252511
878.3367054706723 -7414.747356380729
8251.320495100317 -698.3759764804181
6915.606680588364 -270.77938067516516
-1368.2193777159737 1386.5193743068248
-191.15613895083152 7366.1973475240775
-6781.995942347327 2451.921883334955
296.80139452750154 4363.591431954215
7642.980435806352 -7466.5894706074305
-9941.443193899542 -4952.9265958796805
-9514.408478664347 -6161.856173241176
1583.1889801144698 -4362.266164452076
-7950.170405579018 -8893.414006010276
-4071.733207207466 -5624.062416094664
-1813.5506721429892 72.8606687749234
-6695.713587986207 -7206.57679458122
4182.088762797908 -4286.2169437526145
504.2182282550584 -791.5321104399409
3135.404246463291 8402.428433248868
3904.362828934318 9757.243542250828
-1740.6886534953555 3132.8502312058463
7094.74334338832 7137.740049879019
-807.0469266353975 4658.364621256418
8154.290788379021 -7269.061241052521
8676.53567434716 -313.4163956927114
-6831.884305178497 3877.185053554482
7836.723130553983 -3799.8260908437205
9791.183923849352 -5176.000829749499
5849.794552895444 9523.080448696386
-2505.2480796899526 -2775.160877987395
-7105.689604765641 -5072.2388562070655
9588.94256443132 4056.612353962475
4074.5638462531915 -2620.2652410842693
6196.881407601311 -562.9788611598779
6390.618589293255 441.54275463075464
7062.8319314285945 6061.095408159075
850.2741928227151 8409.001206246234
8408.81493618598 1839.55742866131
7462.825314980182 8428.393109100314
9011.21789923701 7809.942988630246
-7875.987272469036 -7355.947990714185
-2749.0690911168003 -9495.320186704574
1296.1016954706847 -5648.457555612203
3097.588064369498 -6301.389613889268
-7093.4588435580245 6682.4506918191255
-3179.491406450863 -3178.2740722372682
-9966.79271486471 7522.557388518857
-324.02091348764407 -9688.842764146
-2286.2517394634697 -9834.033225463225
902.5339954026786 1789.7571441447853
-7388.912248721411 -4366.47497469556
-9937.061209420068 1196.8766325396246
286.67435145519994 -365.33702775096936
-5896.403097589659 -2139.767228378065
-4522.401566728842 4827.567790709751
-5540.856453386203 -2013.9610316415447
-2956.782141629852 7333.36866135124
-8887.9873781605 -2842.148142619847
1141.482025897687 5385.812986434439
-2276.1974542626476 -827.1308422104066
3714.6608237238142 -2451.3235954076818
-5212.711410450223 -92.3027666033613
6508.721555693035 -1891.0565467928882
-3795.031256046166 -7106.115072214285
-379.86772131504404 -1945.423957038337
-1217.9400175999035 1896.8016274582096
7958.3937678457005 1471.4515504545634
3828.8822805458603 5029.724224612348
-967.8634096946389 9244.862694711006
5399.623009003177 4798.265268015455
-4888.845625758285 4626.724325953326
-9348.52744963625 -1041.4193756274417
-5913.729331389041 -1469.569361870901
-5609.811629922792 -1813.9571359242382
243.47029645035946 -3658.9169347948136
-7924.856008297284 -1710.6208802006659
-1311.7433214242483 -7420.411624995491
3388.9786462432894 7068.534009098152
-4699.269496763596 4934.905849202338
-8066.030466118008 8902.807743080102
7871.411910038154 4979.516835172444
5699.299704110612 3769.0950391046063
-6537.639439821747 9308.949306778104
7650.41691523758 1628.3408245627415
-7942.313824201559 1896.9930550705667
-3876.2947408620585 7981.599390425108
-2787.9386848942468 6134.0063858474805
-9333.264161044768 1885.3712842584318
-9324.611758054722 -6683.492301800907
546.3827489624837 3829.1732789761627
-133.6979476564702 3282.016478745116
354.1238758863492 -2383.4231218569003
-5413.27832312793 2433.899495468195
9969.884871091082 7754.2288291068435
-7485.81190756129 -5423.246449905983
-5397.196596889839 1841.6540384384425
-8221.731240633602 -9216.36666579978
4709.333001493855 6067.921920946919
-6678.1675746991 -4057.7739632287476
5296.131808721615 -8840.469330182363
-4232.4692377072 1677.844328711748
-552.7862812485873 5987.158523418884
1154.3538866306371 8026.897628114992
-8128.130347983875 6527.196458099919
1178.663103240524 9535.276240370695
4851.899865702151 8987.27484469751
468.6262501577785 -4618.128214352541
-8826.269351321636 7643.26428855327
-4059.4775296584376 7678.235536972195
6463.012455857563 298.5173024528267
9429.905364926013 -2728.8489523908565
6796.34129939006 -2735.600904804738
4560.15294073654 -7824.308901543764
6546.758283799176 -6625.557271722917
8205.45707101722 -9807.898986431432
6126.734478498856 -3217.2744969628766
1924.8393757646645 4310.635643404317
-375.64090020982985 -6839.626697706632
9388.314662079636 7184.2507670170235
-1714.5022023825932 -607.6459880718849
2085.847510763042 -750.1514309070772
-2623.295921428524 6990.020820893624
-2495.7153952600274 4004.5389185985223
-8829.289849496898 -7826.861574950208
-8523.022317552897 -6505.832810167265
3628.3475520514894 -3061.590719825871
9555.33181646086 7247.147905732039
-9192.218259342031 3419.796969148294
1021.0630856515672 8687.40710945264
5113.975838243732 -7540.77397576467
-6447.533956855569 4486.039456566625
-8791.670045082163 -3455.480206667782
-3422.47286556012 -5637.953389727086
8730.472437730627 7134.716582834299
6991.256316706644 1518.3202939697076
7941.213686039304 -3118.8129021144805
-7815.868137557178 -2800.1944873745742
977.7011086709699 8366.256874823725
2223.0939908418386 -3213.436048500551
-6381.151814247602 2719.322517074017
-4453.957780764515 9385.240092787746
-9708.862865289508 -6166.278670867245
-9324.662257298485 8058.211667585412
-1498.0678590042626 -3104.0890752218893
225.32851185852996 -6369.516827715484
-2030.5323620823183 -6448.221337427278
2873.4567173700234 -8559.820727050384
4425.70443544216 273.199773500628
3984.033487420602 7449.247539155884
8400.28782383713 1351.231333025582
6218.301179547643 -2193.2062174496505
5250.860053857465 -6569.387609475614
-2266.0708628914654 -5741.77356649366
-5712.980773811 4613.533536541998
7471.62683310176 -3280.8147340236937
-7957.749510984398 -2101.1015487555596
-5453.913113678488 -6115.992083170767
-2419.8277810530744 6086.606896150781
-8097.005426695603 2914.257260538545
6178.49199923692 -6735.354267887105
-6826.610321477085 -9946.36478170741
-8183.921285688678 -3389.9230610108307
-3948.827422525139 5441.365324301392
8595.603947028943 -8526.724467999427
-4460.894703810678 -2553.068185367524
-3433.776874236727 2578.062473566006
-3946.835265980051 4524.822671963049
-1632.188853279289 -5341.345343901423
2644.652853717391 -4111.279196357927
-299.70829673689514 -3032.36305954627
-1506.0063433050145 6230.362639838582
-1171.3754460452346 7827.438155525357
-1650.320727529248 4259.060755169843
8166.067574720793 7761.086546652237
5730.356174602031 -9986.319649876797
-5564.669202339296 2726.277951936463
-4522.420986067898 -8300.375529628924
-7010.700799605549 2590.0987110469177
-7358.714941821787 9229.180489467843
6580.017553361398 -5779.987416616046
3699.577010386505 8694.346260393275
-803.3392173409793 -6570.009120945664
-3241.0649792979384 9677.053125010094
1550.2549766346292 -4491.024266079997
3650.500767532116 5602.461344019026
-3635.064830978021 -9827.881252692523
8732.622136210892 -3733.1912057706913
8842.560940639203 3513.5335677852163
-3270.634398242202 -8777.939855773804
-9500.456099695708 -3097.4178478872846
-4920.76036925968 2875.386298106976
-6968.226872250991 -9246.012810428227
5037.903903867111 8962.290768943916
2945.5455541319006 9715.35469852018
-9826.825431581097 5477.975013785699
7399.457656355025 5053.962321142444
910.1527062333425 -6797.676335720975
7034.229866876558 -112.03910283071127
-571.1457992180676 3629.6590467317437
2524.472077472248 3395.406870476274
-9513.765531521447 -6584.788423520163
-1831.5651063325913 -8752.169985004963
629.0409874077232 376.02071725774294
8038.814061339381 -8746.672129046345
783.4535543000056 -1365.2326954261644
-1950.2908238175041 5557.4445955038755
-4647.9921125389965 -4329.176036555964
-9248.122666061525 3738.389211309568
4717.82707227123 -156.41849790156084
-1249.5599316344978 -5253.58252593523
7450.7124832119625 -6621.099298811212
-2653.7587337607783 9875.49343912904
3529.186411320992 -7139.688198453448
-2665.91356795743 3818.6142008430106
-9462.899805988973 6942.370409180221
-5151.88179070754 6346.479041891655
-8937.037667735432 9304.36090058607
-3273.3770054953548 -6737.549624514422
-8575.34083489854 -6211.6886398389
7075.583934896309 -7974.951707199516
9361.789499055765 8216.075330709926
-6457.661992702739 -5207.511892245356
1482.3500862041 -6443.9860847095915
-9732.282489866291 -367.935931051994
-9979.953261598848 5910.584186503538
-1432.9050744497727 -749.5435111419538
-7146.958578128279 -9778.06077964444
-3902.2280578087966 5839.324023531877
754.4642920449478 6643.407002988864
602.1957237756887 493.8195426152379
1489.568689187403 3200.5076111640046
-4726.4934588822325 6149.954841009894
1643.9189697260445 1665.9531884757453
9371.960590780502 4100.019968474629
3961.5478177695877 -2501.1603801672773
-72.20198440327476 5883.536596034664
491.54414577885655 9249.04115729851
-1801.8441918314747 -5285.48038767656
-13.937729260595006 8003.582382966335
8002.664974679894 3594.089663256169
1762.2798287161932 -6747.4426653057035
-7855.609037421887 870.7660201872441
-2364.6438032128362 -2022.0644482427415
-2170.1796826404143 8249.051633191299
8548.98602147556 2819.383625235918
-7666.387323229597 1110.204967679032
3174.652844958833 -3152.9897499433355
6110.8866299624115 -3502.638666947444
2020.2477309109527 771.7187324821716
-7858.18115906566 230.4708534924157
2483.222018637396 7349.643972134763
7500.390116321843 1354.7790468626554
7802.990820898027 -6712.084188217748
5971.117996126621 9489.870826485221
6011.8302544663275 -2865.2082958542605
-1005.3313722516923 8634.572699734315
3753.0407929249614 -1562.0383051143544
-3694.7399136133345 9596.29796191524
-5770.312779111111 -5119.372663113253
-2670.1950035830205 2451.685838608495
8566.744433595013 -3844.272530136892
9750.763976502887 308.68831329301065
5514.024555247815 -3985.5295615401446
2591.727348668186 6128.517323341897
-4313.218802493361 7226.106863304998
-2233.239051575444 5479.157304425098
-6564.578918846011 8111.670219252195
6241.584770619964 9830.440034331255
1955.2882882507092 -6134.824662453591
2786.6919412593797 7363.928947008215
5392.008687917678 -8948.429748494931
6759.537469390227 1259.179420856759
5467.426156979063 -528.5081366849445
-4565.032831973368 9031.192901312756
-454.3210767729506 -7991.321823704931
1110.0756137810004 732.1772591812642
-7921.490873657995 -9873.335491366037
-6458.272486766381 8694.00957083869
2013.4178753449887 357.1617250237741
5231.998100106734 6976.067852086933
-4982.1767601109705 5423.314768385189
-1341.177248055259 -5203.610543202703
-8733.108964863342 -7433.194131936467
1756.1763048668126 4962.391293827877
-2937.7393359096814 -8801.44552620235
-9219.86220122781 -4319.33139757067
1693.4043730943267 2168.546308179819
-1845.7782980195134 -7886.333289156271
9722.892296038484 -8248.893817048309
6969.389031003328 2664.311270396369
3271.372709403475 -5132.29287216812
3521.1914959926853 4207.95144331719
8897.60507276746 4120.193259527356
-5401.483619135821 -9645.739359825337
-686.5919478400192 -6116.927141855009
-2804.55049015881 7310.015187396602
-8557.07034143844 2004.3211531573852
-5100.2063118311235 3026.9610690959253
9230.164197188831 5589.9107087154825
7418.810369117531 7057.244185318894
2118.180982878055 1898.0741514609472
-2465.2090940300723 902.1820916960642
8268.056970096717 545.075759239202
3240.092119027542 -8371.586725060917
5355.039242407245 9025.059994966825
-8116.701121458185 5138.764869795568
1173.9885063934744 9972.321259623943
7865.205763018774 9723.438948750689
1305.69637309081 5645.116939247284
5755.357585881797 5380.417244659095
-8259.80698683614 2785.937451844964
6656.8944913168525 9882.248700705859
-9377.311099900135 9313.914910413238
7229.499319118448 -1320.3163829124478
-4817.658204143931 -6769.153724389532
7987.265840487649 -7529.119145999135
-2576.4511228839956 -6326.923783860326
-9679.659322533944 -6371.787918500014
5304.0191822156885 -5782.722691752813
146.22463488411267 -9337.047914713312
4893.390693672962 9348.936282501058
-9821.356059176269 -1478.5527249673014
-6599.296300335569 -3571.8541066263597
-7491.056456404705 1744.6063914355345
2978.5662069602204 7538.073306052665
-1473.0252948883553 -2614.1290793219277
856.3758239070503 -1722.7347837295365
-5834.5100183958775 -4928.92309712986
-7375.494470188674 -6142.270473388163
-4965.919046196858 2696.9162903164106
-7614.1248188282825 -3203.4904447748813
8215.735906970232 8002.985167434363
-3989.12451575655 5039.252861163479
-4668.885060684475 -1384.3186021162055
1876.1388036684857 -5469.9396822512235
4932.677736406273 6150.500815150057
7237.1755854683215 6042.675196844428
1372.830051264069 -6427.433894551938
7779.438403287895 2513.8564122793887
1997.2859275182382 9253.487568943205
2911.8974562650164 -9829.43393279094
4846.869127858792 6025.959293540409
11.744835857281942 4418.374156769491
5008.01815560079 9025.758660695952
-2901.6215855176333 9759.271900254676
-665.7219734236678 -7775.9021487524205
5309.346214638741 -8067.1377019137935
6468.109523782023 -9708.425974793163
-9929.537234402293 -9974.322374741943
1924.358973235474 9798.224978516744
2996.840245794101 6469.158684726532
6453.776565629265 -8257.507354338986
5331.108844668695 3647.607830447483
9987.00063485251 -3984.826420508498
8119.632161884012 7263.209249392214
3166.4495220916506 7642.7149563902385
-5652.943915337023 8655.996956992647
3805.600776509542 4517.497917994333
3894.0556968826786 -9047.579238689577
6572.16711869368 -3188.965512022728
-6547.316251996837 -2783.0460830245693
-9226.2909401197 9379.277078799834
-9571.751074189773 -7293.0366145153985
-6668.74824787748 -9792.470958875527
2376.1843899969135 7881.837954836876
-8141.482980482498 -9694.278696570565
1666.9055417079835 3993.159724168141
6221.39350067044 -6546.891958856171
-1158.8262927883225 -1116.5150019566572
-3965.6803546975225 -2195.3013653641237
7513.028475675546 7047.073546524567
6257.268765290562 5610.051574894647
8696.869823241828 5056.697293153569
-6610.931396384681 2158.310405110704
3079.811648101311 -8863.56824747691
-9290.18653793456 551.6579110377643
-3970.043040594768 5961.124397158774
2607.1524034739887 -4977.355223499567
-7974.229054647531 689.0000786021828
-4771.7143374450325 2249.126511770559
2711.268181944719 -2215.334543387088
-6468.485549507776 -2516.176695792047
-4073.7451705838894 -9634.462104488668
3268.2291091612315 -9696.194593147731
-8169.597677716907 6605.511754716816
-9491.749297595916 -6601.523858435874
6634.45492969939 7155.462291618496
-8971.524666802514 -2947.078555578011
-5528.588598965096 5590.956925676041
7216.794441737868 -8153.238396095779
3585.045981399122 4573.3365102921125
1100.301912274921 2576.9260147091027
4282.672609242292 3711.1002239953414
8688.828538282709 7526.064365029593
2993.5753106371067 -965.6821479716164
3031.873418823481 -1063.4289641516916
9294.076856201445 -1454.4322851677152
1219.0385283834876 -7086.5103542829465
-9095.270706379355 3486.6838352230425
4011.0928781616967 -32.1460926249747
-4565.343270967975 -9238.625164078034
-4129.159225768753 1025.280663210504
-2957.395708406485 -1620.4376614732591
-2130.0173116604774 -2037.058398746627
1203.778869810374 2840.058028415875
-3719.79873464104 2601.2869831585485
-8583.897514708915 5043.995396530885
5613.727439529119 -6434.788745091964
7949.025254546588 9632.197546042466
6460.680070567865 6542.6040393868825
-9367.42033636997 -8434.545525892274
5677.49833024566 -9793.475858365287
-4796.111173138935 -6682.54100907915
-687.180762331589 -2569.4839176708647
5872.870307729507 6225.936444116627
-2885.814491303003 9414.86278326825
-4461.589496161897 348.27672851637726
-8459.000834516984 8954.857010052132
9480.815683889748 -1406.2322204449247
3916.163549973895 8320.451507750273
8375.876897435963 2955.305090941887
-4319.103704332485 -2920.074932010514
2120.4162633114047 -6660.76618309735
-6325.783155585492 5688.493345719224
-2771.2875255464332 -7207.237541755682
4940.654780834704 1776.0672124240646
7453.7399936344555 6854.167307258973
8776.74489244843 7806.638055334974
-193.31912092668426 -698.2081082937802
-8441.089212010334 -8854.933409364192
6292.703120720087 1753.6153471980651
-6647.620205316445 -9444.685979550624
5450.529886038135 -9630.034356023873
4382.781050679072 6767.450273859926
7177.856426858809 -662.28988574498
4159.134591436667 -1010.9526950032905
-655.801566227341 -2134.943226977546
-3631.048502356489 -5900.151837225402
-4662.703286927912 -4908.127517254548
-1376.7913690051828 -9243.110567155458
-2041.2850098998379 -4378.7970504493105
-2289.015425079253 6750.52362893023
6978.830580237915 7303.469325473612
-1769.4205013438732 -5309.916118498481
5180.907338992925 2455.5882180759545
-4704.026510403203 -1538.7957213579684
868.5155521139732 -6126.950148260657
-9525.498721662198 885.0927099109304
3580.0552761818108 7793.767056232675
4193.666313489466 1623.3380221179086
4148.702763768224 -2601.711209254434
-2437.9659405601096 3610.1098814595334
265.60585502785034 2481.7560454785453
1881.1853437405898 -3843.105957341677
-5651.293890521052 3608.7580455261177
5082.736232670066 3363.1849376046666
-8210.921650855022 2363.0200309719785
906.4677878455041 -2420.158849730845
4541.2246068114655 3229.655371553714
8842.635099786341 -589.9141815767198
-2456.71680746341 -2801.5292177887786
693.5545112004511 -1903.576140417802
3597.6412318058465 -7647.388145840501
3066.610470206846 9130.018674033076
-3888.017787253304 2507.614717969085
4192.842632895257 -467.6386251446038
8495.32155471577 -8608.296688343178
-1827.6930815448259 -4502.6613214042045
4023.1112885445236 -3091.036912248459
-9920.556838041653 1945.0965274699938
-9369.956075105309 7702.7946998697225
1318.7074382395367 9027.367455678665
1358.692896654933 -7462.161657906532
-3797.2481398108157 -3262.7823864775364
3086.6775307237476 -8055.6622724244
-2067.5121075755305 -4485.549022327576
-6325.435999609752 -8880.305594743437
-5009.631883714045 -1898.8181839437975
821.2393381194724 3257.7467352489457
-2584.7166444343993 5890.378167401937
4683.042721382322 3277.082943514988
6509.486259669218 -8376.543247968515
-9292.549147124231 3345.4854145794816
-8765.01708295435 9531.281100617536
-848.340901741125 -6351.614422232104
-111.11916332410328 3876.2167261940995
-6599.074140610239 4524.977053187762
-3395.8134253204844 -2658.8461241847262
471.07709875318506 -603.5613797651931
-1195.3880833478834 1824.7106789760564
3974.1063557357047 1836.4737132321989
3948.941829907917 5940.101364319469
-7654.671728292017 -5314.823308527699
-8267.420747811824 -4121.572765282202
3275.0773906017766 4283.004329899566
-8629.106832587377 -714.5464340288272
-942.5141554096263 -1297.5840139849206
-7328.957430660932 5414.185907285953
-3036.6179546326366 5280.528346787847
-5694.039608854966 9053.865575041073
3763.9072525708307 9806.908758286329
3036.241431433875 -9400.7241539375
4175.9659257312305 -2603.5814005362454
3582.676168380436 112.52532165378761
9270.157662517398 -6622.212140070531
-9565.766110531691 -657.2301617251287
2776.37166111013 1454.4005112386458
-9916.691262432236 -7592.397048578055
-9258.24276989229 -4055.4696329911976
5012.082743323817 3203.1350996545225
3140.31143511367 5084.070269363876
-789.1083620746922 -4401.94299496873
-5197.139071880299 3175.561661428572
-908.4924162737589 1080.2687184050264
7430.740280489215 -9206.881401345545
3365.2847774244347 -2237.069186559793
4476.006382534566 4303.629750075994
788.1411249421708 -5479.915798149499
-3684.4428812386013 -1359.6158581534291
5631.3965947272245 -5489.742898344046
-5583.949971592974 -9433.928962973845
-2680.5043698377485 3459.767304990599
-9918.941784889119 -6412.136787290506
-7117.310603454116 9815.69989541369
5891.418230451358 238.09301097758726
8704.78494311533 -3758.165704144596
-3905.7325044804084 -7390.202303956821
1503.0885362815297 4919.059025289827
-4034.2037865044313 7837.199682616425
-2440.288942893476 -7274.8866299161
-432.73413647030065 -8363.031394359828
3930.4316715133573 -3393.2412770161145
333.38427897286965 76.88568111273526
5689.347771012877 4320.773875957453
-423.34635060171786 -2585.6774122271963
9224.569378464173 -8791.550968433101
-5739.15838059456 6147.722013226323
-6817.753394304593 -218.4701262351591
-2708.7422508295103 -5649.95140051699
-4136.745297882123 5635.844951698027
1089.0437797824761 -5096.039860716317
708.8863544902688 -9427.857160258127
8361.222503836434 1434.23726464221
-31.063652618076958 -8208.077938170765
2747.7819754030534 -3466.22397160115
727.5942724585075 -5350.652196712009
-3578.4033788474235 -694.7534554421254
7169.588768633577 5678.60411422423
-8263.4749003207 -8708.712745300822
8301.064003347423 2479.329664853796
9663.55146500259 -7458.104055706988
1296.6966942636755 7531.058215567642
9024.370992342701 -7131.54429277957
7226.591841443656 -5879.13063615803
7426.34882633133 -2740.3860654435384
8123.5277905914845 4306.729070677071
-2677.6854929283963 -1014.9852133149052
-7816.839251392198 1202.294839554179
8763.186795004345 9088.670198061816
-2653.191531432981 -9142.769866731753
4180.951647413698 6774.5323207238325
-7401.505829294469 -7379.648760880029
-65.9526399437782 -8387.391709495518
-8985.065399516594 -8888.772238354157
-5633.250156780998 -4455.25178023449
8939.20594448111 7789.119802010686
2778.6697383201845 -9654.988929887202
-8394.156375990191 5596.4292197244085
-4029.989359997153 4490.29795614417
-2872.8300217839633 6267.115223270368
-9077.222023714508 2322.7205953987905
7957.665048617913 -3371.1859514808975
9697.638929211924 -2064.0407504793366
1785.2379343697012 7590.676768963556
5770.6839939543715 -3606.361860458027
2255.281355142113 7497.221287638375
-4196.138765921398 -4311.463531565676
4015.423084115084 141.78458509972734
9237.392082347684 4277.227362136238
6275.922711045749 -3028.5740375578007
-1887.998930439494 -8924.482700138171
-5587.312944371694 2878.428543474778
-4826.668463139355 7475.852098186137
96.91929649481244 -4538.174487963349
9580.446887504735 4248.617835726329
7017.438258313483 8755.644227377212
6434.8420970133375 -9884.935794509585
-8531.263995083946 -5841.135641637942
8865.936271753017 3330.3474989901606
-5090.1154837254435 3665.3524903077214
9553.532467297984 -7209.02543057326
-943.5832595920674 3480.318036603523
2337.273565898935 -9018.283336203258
-6850.648475563765 -276.87610381763807
3957.6450833296512 7502.828815751709
7752.560542483963 2154.5628520068894
-9007.380947460182 -1030.7892072972245
-238.30240931493609 6729.9861457398
7698.546652944238 -1251.0894513712701
9264.957505574937 3267.9609769908566
6733.462843420926 -1690.8417331969104
-9522.05046053372 -9362.587960111567
6635.469142788545 863.9051383920378
6182.00657475801 8604.47696986025
7448.415787861704 -2432.3856093152617
7927.285620847491 -7156.399130692473
-968.372554431111 6675.837190504688
2719.0412479881034 7605.658460231862
5359.9363703145245 6893.888897024313
-9012.512828759032 9149.188247840746
-7485.156684113878 7560.716955392887
-9651.308624224253 2279.1018998609907
8087.12784159671 -9634.158630083966
-5004.013193053441 -7799.499889783186
-4644.208770000797 9973.017006253256
1518.3985949249727 4383.5318026434
-3122.2815548298377 -5774.931813545739
-1475.3631661420368 6248.485444600916
9016.998290642518 -1469.8988175181257
9658.218504658464 -3781.3866706005037
-8537.639973909392 3580.1088229250963
-2578.6753885868948 8051.442437430196
-6074.27886619194 728.7374076228789
-1317.970345058915 -8652.37231570324
-4015.633026290817 5155.791399840407
-8178.442190926751 -7250.326057858432
5423.825253095189 -6628.189133944086
-9814.723356123915 -3418.8652021227763
5458.014245459444 -1333.1494724246459
-3166.8559417625493 8540.187694303204
1847.7892515042113 -4216.627723435981
1542.3708212521524 1549.7454619769633
-2791.4688250379504 4393.9327074827615
-7402.906548693364 8979.572565397928
-8308.036540409996 -109.86120991748794
-6893.128128197863 7194.129924701891
-3253.0945095564894 -459.87660667324235
-5572.13295030065 -3256.8276127539875
-8191.794719159624 -7752.427137961073
7717.583759029596 9500.390624176394
-7467.370074635513 946.1146931992862
8736.092252941293 -2331.315980044362
-6404.986300350449 8088.671080710905
-9286.324064799828 -191.08302047917095
-922.4916195485894 -3257.8591867838804
5436.879664524811 8912.305516725213
-870.7058955633856 2473.5789142805825
3661.970897946201 8024.855133180783
-7156.341361613064 -5485.195157483995
2546.8541110217684 -9954.445349113501
-5806.126969941305 8618.161718884588
9999.506763907364 58.31160614543114
-9611.177221099926 -1433.0725918733751
3673.038771482745 -9079.107847825268
-9846.108561128733 -1520.341449837304
-4205.484805202291 5822.4206309340425
3212.120358360584 -6151.467098394421
-5903.2983536610955 -4865.73887407058
-8364.802216286862 5677.534368454615
-6171.071438271718 -882.605727100432
8753.366975512618 -862.8951508986975
6155.306452083323 2912.6819195952867
-8042.129484750267 -4172.3289617720875
4205.5458053280545 -4271.311766027766
1999.0797273954613 -2954.762995410105
9625.676425890051 2255.01793354059
3277.990531894231 -5631.9933975895565
9682.98205336323 1067.4002142178488
-2851.701713437531 -6566.2036102633465
7811.509103134209 2154.04016666811
-6609.208404387598 6953.756824710959
8941.527132060892 3681.032086206078
-6208.65466117974 3808.7336518234224
5038.360237726147 6727.916275637261
6148.3120430513245 -7499.656469225893
-4016.9650964067705 -4037.262921099911
7054.652579401805 9279.659198364767
-3740.7789298569587 -5910.75238316407
7444.6747722165965 -6047.851010896125
-1132.0259206420342 8387.178904726119
6164.774665690997 9658.311390145704
-5526.178730825879 8779.7822850946
3722.117791056842 -3144.76915362029
-4007.2400916862216 8601.126857754945
-9115.283420645717 6275.04374496588
-3335.2273374454408 1598.9227008982398
4950.90156312217 -9187.888357307042
-6889.506335283962 1696.9121775261192
275.7043955891386 -7908.548079606659
-6046.313470460951 -4345.837236365762
9036.21945996886 -6103.221833614105
9298.23782817361 -7003.128654425342
-6762.482985270457 -8312.726760734411
-3319.6146179570187 2461.568205248652
9605.236512395622 5108.005717102278
5073.947174849396 -323.1000299366733
5280.5072147904975 -1300.3271792814412
-9891.66380405063 -3075.564391116055
-5872.625723478118 -5060.85582414056
-9133.81588023969 2557.2439686615
-9017.558945914132 3293.053103794742
1459.428850430042 5018.245962044601
4320.979672780431 9142.475735344418
-960.2574476872032 -5611.34933800759
6583.271316514576 7237.499783329786
3981.2256937980183 3010.0456756664244
-4200.50721738577 5766.287000697021
7680.303289623189 5962.007828894351
-7829.020457920915 9174.001690226884
8749.80644077438 -7959.626528166695
-1089.7609070140388 -9457.236921191881
9341.249115049384 -3630.4080052869376
-2088.3936414553236 7644.55867889951
-88.66642537150437 -3104.1358656336906
7718.979203895164 704.8414490129053
2955.763867587537 -1253.944357001359
3776.594673025502 -5534.691353507404
-5934.536199820539 2800.6470779940028
9093.330611163834 -7689.854994875264
-7882.663453985455 -2182.7267192803147
7220.574529114248 -3979.202567582629
9493.72997605949 9054.674157596
8838.193238580861 -8849.881200344193
-2068.197208954536 585.1764944028455
-1737.2883448560478 5057.516017287508
-4063.979884691562 3347.090053868653
-3163.697578625526 -7677.501328144538
-355.95931392692364 6476.696884229219
6424.745379954988 -9445.170187126943
618.2750514795844 5572.781892079018
-1852.9656904194417 -1454.7662427851192
1242.4524947007212 8284.94835460026
8978.84047495314 -1748.573898712486
-8765.468491662577 -5019.775142476877
2016.5848600785957 -7710.011175105169
7244.353000925868 230.77018140204018
-5041.621252156574 -594.595137940636
1586.439471896605 -521.2483273303933
5752.655283478554 1813.3536561316578
-4134.606761035042 -5527.245265111669
4384.815989906849 -9633.86557405652
-9416.629380895221 -9066.628210687019
-4583.237120543761 6163.880790718173
2776.13744735635 -7606.112910135778
7163.726972960889 -9463.99729244663
-9693.749274768043 -4724.73526654942
-9712.698962987835 9243.077215486923
-6351.069472006247 1992.9244254042314
-8896.83396497813 -8699.814693342
3838.2368275827484 -8743.928480943481
3046.4794031920137 -2001.5195883991764
8698.167735250954 -2291.3699221771312
-6492.5327080854695 -6497.446667391225
-1434.635531998185 -3325.892176591401
-7355.733642384042 4826.933158707736
7417.098958466955 4005.000430932805
-4200.392903536261 -3954.145092272559
5650.291007195323 5900.631929849842
-8207.544591376554 -733.8036955509251
6714.294075101956 9045.599656320246
5625.259190012979 3194.2814322031318
1382.260482350399 7534.279954769692
-3958.0135599342548 -946.9922120970568
-9347.112418269848 -214.86949610535885
-4108.339153432188 3156.5589738286053
-8893.586830145343 -3988.196698162461
6396.641785425185 -4374.270639373938
-5004.266400460236 -5193.630880547437
-4805.578204586547 -4472.323687841209
1435.5654736094912 -3996.770050018099
2416.2467171888366 -5850.306086765049
-5240.406217157012 -3769.4167021721814
9085.396159655611 -9832.615513008008
-8552.413271993737 3419.573640300274
7762.493583097541 -6856.615132587365
7981.48341581344 7029.563489472093
-3365.2578070120235 5093.586980349113
-1428.5031030687005 -8138.783110270298
-4859.478885651052 -6216.430369010335
-6099.699240848821 5067.390588398166
-8259.699964086487 -4031.25311181064
-134.59286149110085 -1664.9064642091435
2589.368286387111 -6032.487533490375
8756.86329276516 -9799.93629014606
3637.4046741307084 -5242.559507160998
-5610.563991366619 7068.79420703822
-1925.5673817704073 7210.396370520135
7415.479939486697 5761.114518856704
-3937.732252420965 133.1727145239911
-2623.284326592885 -4750.278235366299
-5664.9478580470495 -8543.931265824927
4010.178296543869 761.3344471997025
9522.046137912817 7212.5896644358545
1905.6240327794767 9517.420258687893
940.3419713689018 -2120.7529120884346
9818.718194984554 4130.737038723719
-3875.276020647975 9195.20601289591
8776.358168584902 7037.201017519201
5506.407532732614 -5242.695083806144
-8432.489535233533 7330.880717384458
1421.9383886429332 8486.778073710368
-9705.017215899177 -16.804775072061602
1028.0577869232693 6489.757006775515
-1629.428817379372 -3334.320566685169
-7282.135914816894 -115.55893666049633
-1331.9308026647177 7258.953474391783
1278.1481055305085 -7156.417053076479
-9494.36688837284 1618.824544261979
-1702.7075875499922 -6598.259905131012
-5288.9389116376105 2283.7197181286847
-8772.32640291049 -1497.5014546990315
8230.540288273205 -9454.05863571535
7026.022166961913 9311.680070928975
-2426.520268305172 -9327.495578729617
4439.739118631249 7998.311258754482
3843.051191222112 -9950.390153433198
2776.689848294989 2985.9161379336965
1184.1062551160248 -3361.9193861976073
4390.531984197112 6102.481472643634
5187.174510412695 9365.36880891956
-6866.834471929724 2108.2147831703805
8119.253208926395 1943.0298856876889
-8329.579225736232 8756.00947169288
3809.164887868743 -3913.167278207441
-3173.3626679254394 3840.3011276340567
-3402.7383540782166 6229.961570795174
4018.308492901637 -5384.217980056321
5966.299221570471 -5441.954615250015
-643.4885215131708 4518.233373984782
1302.3415094881038 2558.0305259224406
1142.3582612065056 -7704.502954317049
9691.563138942212 3261.193997802706
-8750.75107077661 -542.5897232308616
-6259.115473415431 6973.878985708045
-8719.774394719574 3379.2918562636423
-3882.631023633754 -7472.190705343675
8408.270812779796 -4555.646064613062
-7166.629467756618 5945.127750711221
1451.9150802666172 6286.205746657239
8261.434722265287 8901.578671533607
-991.9494536612601 3493.378098281788
1444.996273346631 -9515.459449673477
-1641.6111187847473 -8936.406961077406
-4522.056975010547 -2519.106342705628
6385.518109999564 4446.280553546143
9558.14895941277 -9207.012119107412
-8120.9460260301 187.6193535817547
6777.11017008507 -1430.7397023609592
2381.910941187478 4993.173817733037
9789.850776932846 -9750.66747846519
-1878.7510106478185 -4551.038528576066
1216.2896416107087 -38.30545582303057
-9411.819042144387 6692.585694519352
-4042.6990436744754 2575.369435600387
3974.8602450550898 -3998.1628207709764
8565.727804114074 -8804.769225889051
3947.097393944485 -4431.049677487913
394.63311438927485 1003.9298922617636
125.1879895108923 -2345.5090286385994
-1547.88684175271 -8908.337299901634
6165.161065188031 4865.6181545986965
-9275.973766761923 -6721.703923796367
-5522.808214890795 8479.260063574486
1183.0219544846095 4920.652395632587
-8612.542917256222 8531.510107492908
-8215.721495062928 1311.02961247018
2944.233591833803 820.3449518490652
8455.406535303253 -7488.68150013354
1588.576682909179 8019.534936145519
3419.983147882682 9330.355058981331
-445.54701787664453 4777.407929524579
7151.237683953339 -6359.560225743728
6132.721332321678 -25.097328736183044
9834.420341526762 9342.214161758464
-7172.107697033374 -6756.868008815005
4423.429021749333 2025.394462679651
-7043.869643270973 -2608.5433981238193
1209.2973819435356 -2263.880740618667
377.49504016640094 -6427.145851173046
7275.173358460419 4249.9610475812915
5824.937653135252 1814.1430811288246
-6705.540301499226 1862.9334036340442
-1312.885874742593 5964.408121969218
4835.808159884606 4951.103088974147
7121.6027567222045 9165.75370719182
-4329.304255574349 412.6950030373264
-9980.36101411384 -6373.707337594749
6536.343166427821 4594.86925227965
-9386.975942473611 -3223.9430777128455
4388.764212979586 6420.618877561719
-6591.620280734314 -5187.699077707186
-5612.231928169187 1169.5259964281686
-6346.529651437391 4191.449856425699
-312.2341530255453 6729.395256509211
-8315.173720778603 -8199.276599007879
-7434.7307274483555 -7875.944928715473
3275.4505703146842 5343.2499920632035
-5504.012451713587 -3264.0851174323516
-8504.090119429802 -3103.738183502607
2501.480898515556 -2119.8671512150177
-4378.351752469931 -5347.243864842273
4417.339117948766 -5749.461673241601
-1736.107591035472 532.7677779778187
-3308.1057816431894 -6754.273233905661
-6828.954599378268 -5348.797707847883
-5093.485047159914 1297.0428926879467
-6957.995069532712 -8445.058331878146
9415.546308527515 -1941.5784161671736
9212.359894416793 -2307.2721711121576
6335.998496351627 7681.36804604459
3218.966900442252 4757.106356858925
7574.123255268962 3386.6132708788555
-5982.075566177674 -661.5099558287402
2658.0371496902644 -4842.71663998064
4025.5046328285334 -4242.808695835954
9852.591179228264 -5383.31484405181
