9230
8319.614110209084 -2925.1793632915524
7705.469700914444 -5586.839939562176
271.2167470177865 -1729.427200882492
3763.660480804603 -5376.400903072765
9931.189763068254 -7876.082948640468
-8751.139969680717 -4658.777761409856
-2476.2944872129174 -6800.838392974689
1376.0932924530152 -3575.9113870219353
-7751.798087911518 4170.758167661628
6351.729005224181 3058.3354769988546
-537.4610537410354 -2320.6892487906553
-5608.388443169405 7830.830218488605
-6936.761975907262 8422.668997158798
1229.3097120989878 -1038.709717421556
2821.7216948790374 2980.2669884888946
734.7182686658653 -2368.525572200022
5439.363210973785 279.04126736807484
-4670.333437117464 -5678.262399292855
-9786.918333197118 9144.401063724967
-1921.4270172375782 -837.1198294910628
-4542.900894980442 -8960.104929769732
2648.6132543067324 4533.873765753258
205.40552553497582 5884.365759556502
-5224.7349397606295 -516.271913152319
7223.370928618315 -3254.4579010516636
9435.493653759462 -4971.61715209818
7985.849841074323 -4755.826288482678
1622.2659554243 -3028.7982684276612
-1966.9591695323206 3662.979097222258
-4569.537820123155 -1381.7318318390953
-8005.7468404987885 -7960.188271133346
6105.689698261558 -392.6300143914432
-8426.345424385632 -1065.3651450228572
-7226.120541064458 9042.189330724974
6920.97253930608 3095.0242312029004
-4239.018735138636 1220.8894460701686
2064.0245788319353 -94.90554278962554
1728.4531197130473 470.9363955629524
8458.871753545904 -8712.112839446505
2291.667504482184 -2050.3460155767225
7217.278007791036 641.4278453448223
7354.750683757593 7742.663351861309
200.0836630477461 -4576.202024535323
3086.784504119023 -7809.980666879883
-7081.009587667857 -837.2522611816003
6280.701747748575 7092.506107690515
-1931.8264872899135 1950.5053219582587
1777.6141218391258 -3701.7800933030467
-2488.9650526002497 -6105.381239109391
-2294.2780716812395 2142.2093916993326
-7323.67300277392 9530.806223053387
-5525.648532346834 -6690.385788677673
8571.767794959585 2863.948925872406
-2219.917528458257 4915.390613425925
-4997.808512592943 -7511.466661360924
-6676.670642459132 -3058.6282725468727
-9916.824766902138 4149.9783282143035
1500.1444373992163 6644.062544832861
-4230.013336161755 -5856.539117546391
4025.4237545933083 -1855.7640195429312
2875.6123453557266 1107.0043862977
1260.092835325635 -1867.9617497049958
-6069.476769153773 6050.745340457201
-1043.7324360045968 -9531.017802711296
6240.750622859241 874.453563981122
-3799.216190308023 4440.8504094486
-5370.259853942738 -5839.460140844692
-7471.106631456309 -8486.800057259203
-6396.6333125278325 -310.06361045101403
-8503.658109546077 3663.8020526312484
2056.3973993982363 -2086.6055751545427
-9560.564697356418 2714.0201764394824
142.59102765972057 -6479.097897386095
-8280.877953046147 4553.776830007539
-2440.4600077742016 -6712.926599224058
9436.511098515999 -5247.583322929805
5253.247336162804 -2469.473678646963
-2576.3334434437165 2770.4373080041496
-1573.6335748548263 -4189.5847908236865
9254.91047924407 -9165.296191799825
-2262.097615747871 2893.4470175482184
-909.7162059301209 512.4300264176436
-2288.882207761031 4559.8566354396735
3354.217339889128 5116.857144917503
-3379.7449154891783 4476.98442698458
7568.867777764783 -699.774339192847
-9494.376676535032 -6845.751819455561
102.98667590018886 -1462.7200212662792
5470.488402205212 -2096.541158427128
5163.588707182256 675.2197290577296
-2957.8855503703517 -1236.4130376909125
-8950.897641058218 -676.3555448558327
3133.2102339949834 9509.242953831475
6499.07735185889 -5419.280644494091
-1981.0545331294315 5147.289270230833
7916.9455110492745 439.42663600282503
-1251.3974072943329 7716.161657012028
3308.7280127327595 190.43512401394037
2539.835110228618 737.6285294436493
-5028.01130061104 -8764.23203360393
3957.4157967390784 9330.8761205163
-7714.254253425645 8950.115007278411
-5942.739294256087 -2216.033708023735
8393.452110031387 5574.281097067607
180.41880720601512 -712.1348071001757
-9862.434593569675 4597.92971800486
4710.628002341424 3573.3979875320056
-704.361735880364 -6313.573269373848
3862.94226234525 7351.642889260846
4984.257906621682 -70.7498054755415
-6550.16014072173 -256.56118320306814
2038.5744312953575 -9964.906699331978
-2424.868538210838 -9706.178709980151
-1758.4348766356652 -4928.569410202117
8334.89091373228 -9297.622073002536
-5531.413692690084 -5556.007706033676
-141.4611533056559 -6939.342541123378
-3870.8296541082673 7034.226598534733
-1597.8854664523933 7172.922229400414
1729.4292794629237 8760.505346195587
-8290.32066222643 7446.7030946816085
-5055.156844049833 5301.473965267798
5487.700984078292 -4125.244832744
284.5995056909833 -3682.3982672035463
2591.170775678489 -8209.8186310946
9245.0765283941 -6770.346121133354
-8600.88047835503 -8638.360308507805
3791.453366123067 -3539.5467042590844
3861.0928095474446 205.71577291924223
-2927.1561451188454 18.963688830508545
825.0667698126344 -8971.317144954462
-2532.242040039774 -8596.627270628302
2511.1779845058954 -5129.956675614205
1373.097408684538 -6977.473943655705
5374.559934901468 -694.6043955265013
-7408.702220771051 7682.697050669882
-6895.530582984895 -123.67660308364975
-8263.358533947914 5159.3563165421765
-864.1880309116477 -7949.8334791619145
-2226.836042443796 -528.75528967828
-9196.93597573698 172.68331397886323
-4387.006891532173 -2803.284646490285
1145.5035122206828 -2838.222722947128
8645.349586387692 6019.971001159445
-6623.429518913426 -5899.390860007657
-6867.132651487622 -332.52910628714744
5159.078736922116 -7576.418903119484
2603.275559646465 492.4432168011699
5081.904595909624 -6951.177935466047
-5319.096074985232 4188.095562465989
2112.6979585169356 6595.978986318776
-9756.123749293754 -7542.234567528838
305.04665982581173 6738.254326023947
5359.262426414018 -1057.077328023477
5667.456401970845 -5227.1961533088415
139.86307517728164 -8692.426384232476
9855.38688757761 -2346.246403079306
5482.714263893986 8100.289128659369
-3773.4862407078 4017.25305163305
-1409.2025214466667 2862.728704184343
-2196.71515433463 -6861.854875013012
1245.8517457104645 -73.81550889213031
3815.7384161618393 -9707.019359629185
-9008.40695865475 -3564.666427438181
1751.4667511634307 8664.265204463805
4703.041731192747 -6638.9610063183245
-4781.488273706367 -7294.015505921774
-3540.921312215377 4611.694225702397
-5569.116592766732 800.605255490711
7201.748735198693 -2174.731774006462
-4244.699466369397 -3927.0897724678107
-7642.763120729849 3021.8563547328577
9511.658470363625 -6613.819765379221
-4590.148465761657 6019.2053461045925
1098.634529193645 -2168.608483367125
-9638.24540990704 2361.3359533226667
-480.25092973049686 5430.251863083984
4077.580082196093 4483.038368698486
-485.8936715574928 308.0609619740262
-9295.498010305106 9930.675877396563
-1250.0564399031937 -5747.470812667885
4674.695445762043 -8317.61167657286
9918.024448466695 -5640.149834052781
6238.570817543134 2958.445107300775
9065.822143154775 -7620.523786538846
-5956.460879532417 -1614.8573045454013
6142.3378159240765 5404.205523973684
-7035.508601811387 973.3166193743218
-8522.692611002793 1712.3421264982717
-7791.423625413132 -9904.824973991394
2797.4657103350964 -2146.1545891067726
8658.25834544075 9490.834218385531
-8613.575426378255 -6517.449160304715
3483.0604288340437 -3691.425229278858
3123.6486444065376 -1028.315779977478
6241.787032469716 -7719.489056692288
-9608.098014147961 7510.066427896927
13.437499757907062 -3641.9890080014757
-5778.547255111701 8161.5455086453185
-6463.573742591162 -5521.134327396167
2543.232773799833 9280.361206347792
-8097.87586587613 -3389.1431855770215
52.04596685763863 2710.2934327370567
-3959.8447092555734 3814.039200389674
-2065.1713775166236 8355.613886854022
-6950.723584849991 -1213.3025256317778
7597.880642085398 -4002.9972124644673
4369.08283645021 2207.6037112142258
1530.8783428373426 6635.761443419666
-3145.81946926384 4159.8499359122325
6574.393988856078 9184.797581818155
-6996.117201323801 5019.195152909506
111.55283906154182 9985.027201890633
916.8850296109122 3412.514073009108
8083.364809186594 2410.978611509001
1981.782150774945 -9800.405494810882
-4768.831210514457 1739.5560872952046
4880.703510477355 6904.188605409639
-7401.45648575478 -3508.93287074433
-1825.2664366990757 4617.878055716183
5078.938649816586 1611.7746260307104
-9443.787906604022 -4877.034321183598
2674.1819319981914 1152.3926751912877
-2205.606696827662 -171.7312092039847
3132.938536445876 -1492.892916379733
-1532.634200874376 -5915.659593993199
767.089127593852 -9187.158414302781
-3235.4687508217658 -5457.693520783165
6497.9092307167775 -9231.331237543756
-39.64434753653404 5443.153282723473
-2437.1625446624503 -6079.59904909559
601.4969632873363 6071.9690034286905
-8182.477989158318 -7634.43588503599
9015.841513152598 6084.290321171295
1196.7455198021034 6869.116176876614
-9556.632082116614 -1990.6388245206563
1651.733642079338 8540.411441660744
2905.1730626666304 -3042.2276250229015
2760.2582416134537 8507.091707807034
6868.404265418238 -3591.3950669981286
9209.85105598858 9431.722574600892
5831.233503405085 5923.8503028127325
-1516.6443771604681 -3747.844104607765
-1856.5638984040907 -8264.450612153147
-5670.061456967927 -4813.239045189231
-5305.475491914959 -5626.264492613451
-6016.390337536093 9830.81524937813
4542.804777358182 8850.930003293957
8595.180985800274 -8919.496923063138
-8874.876153381016 2391.5939708981223
972.518483674834 -6343.868575594301
-4621.5111698550545 -7707.402988436481
-7522.156741301773 -3843.672545231644
8921.134079252704 -7776.582024534768
1809.7387625790052 -6139.869469068064
382.03445057212775 -877.554523193221
-7598.564105901753 -6095.940491874508
-8965.748491921015 -5181.584300441519
2295.845669082233 -9003.615169123717
2078.919713895897 -3396.3369080181537
-9388.278074605183 -1509.0086906320503
-4756.919816799694 9208.529749708738
-1905.7590374884703 -5571.618080802334
795.9732374640789 6973.928859852109
5747.185884812294 -4938.490194578835
-7345.186549866303 9491.71721893055
5172.83919777886 9419.312958390492
8942.474258349226 6580.181577734813
6999.588988554162 -2379.0524638083307
8175.910665951618 -815.3855989326639
9656.152237626222 -7061.10061155852
-3794.436415950546 -8359.413045100267
9755.242364992071 -6980.707107463588
-2907.6076841899057 -2289.786760928241
-2521.6008044682976 -797.1155361707115
-7699.419957512344 7899.326603582464
5607.610586566028 4550.373487622277
-3099.619885723364 8786.168911136883
9228.26722022254 960.8228981887023
-1083.0417083054963 6439.833709198701
4631.88496068627 -6317.851358240452
-1472.4933357862647 5479.370252051502
-9424.050200659936 -2452.2248503230658
7500.3063406962065 -7077.896759916022
-7187.8598185873925 3433.7241075106176
6085.816340247244 -8307.607437293289
-6326.9190103432575 5715.554081790213
4511.288956237613 2509.6950948459835
-7488.293206343975 -8085.273623737748
-703.2101328091394 4847.463462046007
9916.19865888953 -5740.869914366675
-9198.054113313925 -2247.935246823583
-1122.6199247758614 9542.65073614399
-2270.8918490200376 9533.558503165252
-535.6432143625134 8453.830328449756
6750.062286061562 -8312.164195103986
-9931.908917067285 -1546.1844949022416
-9010.209932339845 -3117.7372787155773
7901.513196965308 -4681.04673541212
-207.77540912477525 3434.650562207373
-5801.33193230296 -2376.455791426475
4009.319618972193 9438.010215937582
5434.317707543962 5723.424685979291
-4003.8194261736517 -1468.7873171055617
889.3078953493296 2211.2011221103003
-8438.602690909749 -3711.65982972288
9015.926890858398 -5650.881018497862
2313.1333997728416 -8702.844523754116
-9688.612086729929 -9354.295220502067
1157.9301079738925 8219.783346989665
-7213.53387494313 3527.471733293949
-8849.411740986387 -8523.645263175651
-2379.7616533856435 -2032.8537921164689
8459.895898972038 7665.008075988149
-2779.2299386650575 1965.0101506074316
3906.38602265792 2429.317244661459
-4334.494782813725 -1059.8648505866004
-5655.301882756261 -6793.145772496158
-7625.977395536398 -5626.58132241141
-4895.460336100581 3140.2639260121905
3869.7231236843345 9454.498497576991
-2229.359334818746 3404.875096034435
-4384.077662051857 3019.779835627407
3773.5029725868353 -8695.46461401863
-3834.270782524487 -271.03998070339367
3579.1496892478444 9710.01136743528
9243.997314647822 7212.597652882378
3707.49729068695 9761.946108724907
5883.536967562826 -2166.5790284306995
9375.359340405568 -6766.967855217323
8366.695592377848 -8260.75908959148
9251.518494462838 3541.709225085706
-9522.700888246916 7045.470534693239
627.6951060912925 5132.351261053838
-5553.121435432513 270.42860766297963
-1749.3487079324004 -215.43813134294214
3982.9856892586977 5556.749396175166
8127.077647369009 -4613.137354062513
-5103.664134096306 -5252.622557540765
-1195.6850004725839 7807.706314611052
-9902.605518200387 2044.791682060957
6946.365679043884 -280.59777023828974
-5888.0467756292055 6767.244287968479
-8533.934967406396 1578.2066080394816
-6230.869065689825 5625.971997053022
1040.6734923531567 -563.5232754140579
6344.154870836212 -8017.517879265341
3529.578598774213 -8139.549041238405
-5807.829140996541 -6294.822147226718
2629.178528775479 -6050.129509266064
5788.247556256041 3529.7389550347216
-2958.555494311923 303.3137978934137
7092.638970584325 6237.837970825833
499.05177335313056 -9254.230512289816
-5710.714447523684 5503.919876678221
-2818.6145789596885 -7267.358666810511
9199.422963863093 -80.06983271493118
-3627.8725808499757 2567.0127727185227
-7948.905733471829 -7506.955735224761
-7349.4634763243785 -6085.318167535079
2789.253350340401 821.588427415727
-6525.052895562627 6574.108012527991
1740.0600724754113 6189.515165323006
4708.406645834279 -8943.90971643865
3196.868914026849 -1020.0571389714223
6452.79413114857 5250.632349752372
1374.327119956577 5093.430669965897
6499.14629310196 -1693.8711908236655
-2819.1048281527164 -6533.18889580299
6768.349836951329 -6181.361152977264
6389.0157270257405 8323.563949534004
-692.2559771816796 -473.30945213111045
5036.061808369428 1446.869344308543
2725.5909567457875 3929.7025161064903
6268.094920795469 -448.36967817912955
-2613.215640879389 -8404.229683288446
4342.383937009348 9741.92406737393
-1740.4408971447901 -1602.7769737916078
6133.525372613945 2075.4732186119363
-2005.6149999030958 -4489.993362342104
-1758.0732500458707 -7583.082378048926
-367.37716115418334 -3264.3871168994674
8682.307228430618 1046.789368575308
-1716.062296459846 7551.923062455811
-3866.2107131981056 2903.2808009910077
4177.858260835947 -3728.0036310444784
-3137.949279789913 -6130.978068217482
5686.288041136242 7787.489056838782
-322.0795233397439 -5824.730142700094
-9769.823541153546 -1403.9586709927135
2675.6991416654455 -5218.958246540741
-6575.036344572378 8159.6318060925005
-8001.5972633314905 5494.9021970055965
-7614.182933469918 -3886.4468817728
-7493.97569065505 4642.249198024085
-2194.909171254273 7443.316371508405
-7023.180887094744 -758.8752605444297
-8769.163281133491 -1530.5488449876957
4350.52573147092 1934.710621538974
-1083.388170325612 5327.825410809952
8526.337309495811 -3661.167086774799
-8320.781370293415 3605.756948038439
-2642.6477355397046 -4002.0328409638696
-8607.559388936821 -7108.139190553668
6737.127932985597 3803.3687632334986
9061.223317067339 3220.214192286685
-947.1226694858633 8512.131523972697
-3137.8314199050465 1737.0923263633522
-1216.250149240901 -7083.877155832292
7102.611009398042 -2608.8264743137634
651.5457311473874 -5755.1006795931635
-5258.044518770939 -954.2215676331125
7485.118053419494 -8453.133561936898
-3064.6434942230762 -1865.6441631404632
-4161.3758268725 -2921.89498072682
-6998.772009627867 828.0854877698184
-8592.309354801042 -861.5667421903981
-8719.515807961749 6657.131334772806
3416.4748827977746 2329.4414997589665
5546.805712901982 624.7264141243904
-2597.5118828594423 -2130.6164180690494
-7056.353779036459 -5924.071282187384
-795.0181079434296 -8615.02922603858
7865.088061744111 -4069.449479839449
-533.4219001454348 -1489.7313586964865
1764.0711115017111 362.40673570842955
7586.74952097984 9658.051501350208
7562.920963068336 -395.29808855810916
6819.649330414679 4489.127458102374
9157.506222186872 -8715.990216609242
8087.705173555612 3890.307185925263
-8552.23043576397 8532.978590894563
9086.295066186663 2681.832914560564
-5606.223861687913 -1895.4674813641077
-2616.276263656341 9810.260513582212
-4212.175018726172 6808.009530709231
-8525.36272025286 -5557.08059915933
1749.592199945162 9810.320954039678
-7876.095644575589 -3834.7424264359706
-8607.336339087888 5692.8843559687975
-2158.087089233707 5392.511352802025
2677.224332497124 -7372.268114072527
2961.1241830194376 -3857.689449244939
155.09260987046036 7633.85098335104
4537.647697559398 -2525.015716095242
-7870.330636151854 -3402.5220382688494
-4819.511604746603 2193.4798014753906
4694.799513463304 6587.711831945311
-7084.957410528801 -8195.024613140355
-6817.0597482249095 -6028.5193045249125
-3683.691029944829 5281.4195781949165
-2255.566305361056 1929.5421451711754
-6598.801588190327 -4183.625733816199
9096.097441675127 -802.139031923778
-3851.768622343475 4560.720981812203
2918.743939070926 8206.358209617476
-983.1948744022775 -6770.082715229555
6949.6490135038 5259.687980995584
9467.14182169759 -1489.3344709302855
3507.399286426573 8002.352304267119
-8764.085053640023 355.009380110243
2002.9475434445849 -3866.8872273206744
-2998.5337142178832 -6464.980215493297
932.1168762806865 181.33125563448448
6076.43236973585 -2758.5979513210823
-3088.7972603639846 130.5103955704817
4894.502815176838 -8955.498419143278
9508.717435369566 771.9714089671852
-6688.0594828524045 7196.347330815024
-5057.2587952594495 -6105.740007626635
8123.40052367211 -962.4709452069237
-845.2581176150379 -1238.4741520422267
6695.489845768752 3182.8542594284954
-8662.867168283887 -8193.218048031378
8250.414387334407 -805.1066962695841
2683.247699852129 -5936.399601592552
8085.974745497824 4614.67788666502
-8055.186155530106 582.4609366260083
897.060491038641 5503.966933667072
9323.41273783867 9925.62784078806
-6632.275485782566 -6936.340843771795
-6711.173563209733 3807.0776862032308
-6668.202637756089 -4571.918593839079
-8891.432069740948 -2958.3340431472398
-6946.068597176871 395.04201019432367
3189.304574201511 6190.376751850157
-2438.1432832039045 -363.30694598445007
-6227.7087921185375 -8363.858764350587
5464.540582174379 7846.39806796212
6091.328147311409 -7702.605892011958
9319.850592325369 1311.9687366185826
8793.178575372123 -5215.835986901294
5369.22844874224 -434.2247176054916
2236.7704219364296 -475.8307381143404
8335.778343033751 1047.4075772418473
8228.926275611582 5234.043277990399
-4013.903941742834 -875.2968540311904
-5179.2332139726 -9916.536425572178
285.057342196842 8354.133478535565
8980.339263560028 2997.6220011764617
-2773.3037934839876 2521.676365421963
4273.425417343697 -8233.877624591596
5803.208465767102 5790.476199630737
-1874.0990440126534 5974.06107180292
8078.027652174274 6191.738997882994
-6192.591979089583 2243.684854561512
6957.812603810606 -3269.532504556778
-4032.476497341415 6872.692846370777
6012.114255624509 -6462.198453196457
-4627.995014503134 -3322.109810489349
6568.368826129779 -7213.11872253535
-1571.8979286036265 2700.5761197581087
-8686.201792549755 8499.308391318791
-9845.670617139462 3402.684338884299
764.6798365356644 1904.4372930878253
5441.504164528305 -5919.631095366229
9217.372720148574 9673.884322059308
2768.254904053005 -2555.631637814453
-9825.615237702312 3138.7968357169666
6975.614925943468 -3335.847830500713
7742.672776786239 3507.5857526848104
-6728.276502363662 6645.500890302908
130.270426664154 -863.0259939760235
3329.0609626041987 -8091.176246990033
-5878.741003962822 69.37837661456251
-3846.9535369979794 -9841.809309133274
5287.979809876977 2334.7885034036353
1342.2451136313775 9478.689197312608
-2296.6869417452026 -74.52824439137657
426.82461462935316 -5927.605812487538
-955.2516004610425 -4113.016084976193
-6836.688438434459 -1459.122788287439
-7764.132019890472 5629.126798221851
9980.114101695919 -6055.148059895651
-6850.209436975756 -4654.361773418454
9209.664331190506 -9780.800196114893
-4596.994161451941 -3658.4251895765865
8309.459177540411 -1005.7191178683352
-2103.0397647090294 2102.4876909406303
1965.6721305784922 -1527.9132729051762
8518.638632012666 9099.65617878841
-3210.578963412294 -2271.5450187734377
-1709.6879218997947 4610.79539812135
2257.1785564299444 -8339.785272327312
4262.508008920819 -4754.180396271552
613.2244602714218 9768.792758143467
6573.1899371976215 8402.382553574189
-5356.560259480676 -7930.537417680787
-4649.984769993254 5536.095158574215
1546.148856366377 -6361.917905025188
-3488.5373560140433 915.4521690805886
3567.126191701933 5654.8101743090465
2026.5217138851403 2441.675088431164
1632.2888605332591 5276.96240707082
9821.539203651027 2148.8289846652024
6902.998840352444 9270.810362991258
1276.7322774967215 3159.719051888371
6995.309743383488 7054.792970310391
-9866.221799136978 -2841.758697450634
-1454.102619205285 7654.260985369052
5639.793225157178 1849.0142922346513
5873.819364599396 -7959.468200472437
4881.931064608021 -8589.734279690452
6678.656133999997 -2575.305431717845
4520.72797769367 4606.117425039991
31.98802689387594 -6700.753431828412
509.22761577210804 -4990.434638346315
-639.420583363024 368.3191994518129
5888.835689867858 -4302.4058273468
-6313.966648015341 -7020.111925518795
1381.7421979285718 6815.044827153386
-5922.902549796312 -6728.969628914217
1253.6780807670548 -1436.0092639803352
9087.202872471811 -9040.053000806918
7799.65701058921 -5539.456626363468
-7108.772207221039 6566.118154594918
1809.2779882115374 111.16103198552082
2901.8742930142926 -2187.378669178841
-6502.945164105873 -8704.303451875961
9837.471224738809 9062.300099943153
-1362.8417008733886 -8195.43364984329
2529.3985151019588 1862.1174387010615
8020.8561388733 -3737.4123639962754
2198.7606634761905 1017.6987047529183
4858.839551521125 6082.184323466319
6498.315064573591 5092.711722801429
-5620.461158269563 7723.816020081151
2307.0963598062917 2825.393101629683
2628.430671473876 -8398.356382492984
-1918.441689345178 7677.195671484787
-2647.749165100854 7257.6042572352235
-8491.518966287535 -8423.834552044633
2855.927117456038 -4162.788154949577
6271.28396665493 5890.335577556514
2848.955164449715 -5564.424709344768
2932.795205660872 2764.072411672447
-9448.147167457926 8542.263392611494
-6746.057841288189 -6827.042326156081
-6287.779806229288 -1401.1833129961815
4709.220569686042 -599.5382097264119
-6316.140766244074 4592.85034414298
-7473.784325123618 -887.6962032759911
-7648.712026418896 -1352.1374285754391
267.8521115101539 -4197.935790516156
-1564.083105953092 9728.001251567071
6792.454896332201 6104.262825412223
5599.040419766152 6862.2174513076425
7368.111437258376 8318.776213559937
-1239.2840226372646 -2297.6259335268232
-215.76974178426644 8463.11838607075
-7817.50391394207 -2234.9558919296023
2494.59560853364 -9733.225024505118
-6884.0920469297635 -7633.1130603923575
1142.6306125891188 3744.427456280313
-1802.5498724920726 8048.643175133282
2260.9800588892813 -6667.430832864876
6274.8095675743825 -6807.04605245757
8503.931470274845 -8953.340518913688
-9022.10394677449 -1423.6487992919883
-1537.3938378272924 2713.6320289513387
-897.8074903221222 7755.947217974346
-4070.748191650706 -3942.7784859890953
6750.843503457378 -5523.52546822275
8418.370686673927 -1738.7739031467772
-5814.212354852651 -306.4846557374676
2818.8372780845475 7608.4922887193825
-7532.83516197105 4343.894907590846
7242.551430842446 -1108.9503184530222
-9785.872593960006 5654.377027458353
2451.583880775428 -4490.50971230242
7199.088496513134 4564.96067179097
-6312.8129804356 -7472.663835490459
2991.3514849664316 -246.7797165297834
-5709.5706335833365 4418.803332988618
-6505.02882791071 -218.69946542756952
6195.640537403493 -1153.9818243268091
-4020.4022192840957 9047.330772977519
9194.2429629562 3524.401636101922
-5918.031899437586 -4491.829037230117
-9192.033979121123 -2917.404087466708
8259.609258849181 8550.571396097483
1676.8301112649642 -3204.0395089617314
-5692.770218784942 3922.974278289821
7558.71061542735 -3829.677887192409
-7199.822667419174 9300.342818895235
8353.683856630465 3575.318868880562
-4291.751247701314 8839.567930510624
7007.771568134707 9474.337724953442
2927.0472121497496 -2006.8542673636048
-3282.8952126790446 4270.696074580568
-8897.018689430031 883.9872709189785
-6455.066737708659 1387.378984310024
9881.91402363838 -8295.628318348172
-6619.686130541502 -9079.703848341625
-3409.6287750542097 -1112.789508755437
-2891.284763225699 -1947.3182564667459
-637.8715600831692 -3792.0500337635585
5931.187668339944 7390.917576084852
851.8972044385937 -1489.4091154179969
-39.852693397428084 -520.2928076424432
-68.25743817665534 1411.468366743322
-2463.7666981016546 8977.202246400619
-2855.229872635434 -5880.422806853502
-9847.896825297388 -4681.683545520085
1194.5176234780356 -7577.5975031359285
-1564.56485035876 -3832.85883766983
8377.409391578487 4921.3530136050085
-1665.1831531304142 -8442.984634620256
4619.519938504425 -238.93040489432497
3468.5976663040983 2339.4664776079517
657.8144089497764 1382.0158746178204
-461.79614777024653 410.8991540441657
-5090.071401793186 -2764.061268765823
9773.801273382534 158.55223665819176
5705.46581923996 -7061.078555897302
6571.61530647978 -9335.082710669023
4805.684765745002 996.9178560554046
-6201.390464138485 -3567.548456305667
-2482.625020206541 3023.8201863789855
6681.646671196777 738.086872834363
-8789.401522237786 8282.245051943097
-8235.360618101264 -9800.310059317486
-6321.090697343792 2412.4102875761564
-1891.3682203077187 1734.2761800901553
5534.547118844488 -625.3939483875893
-7273.869066347341 -6189.55025371935
-3289.9812989434295 -3084.07015187258
8182.439959390449 2745.188669136651
6141.386099627343 -8717.888507974818
-1636.8696538598742 1767.7560424892436
-4162.515690636359 -9569.584710023299
-401.7936258311838 -4328.833474929616
5793.1965161964545 -3340.2555029691157
8649.922967372102 -2905.6945313751985
-5416.176469857401 9359.254192726068
-3487.3813679516743 1825.4433145547882
-8018.504164972235 6486.917271036036
-2460.6678461966067 9990.549552433302
-5436.535921239693 -575.3513714957662
7101.385460334259 7587.467650141814
3036.0383182647474 16.75519492141393
7803.510772543719 8549.6634561533
-9123.176983688278 -9116.375190624603
4218.512430745701 1370.924011097315
7901.8257201485685 -9487.266155533589
-828.1421392986904 6295.027513565385
-507.09193931964 -6835.796224035435
-9201.993188655155 9172.077835996712
2474.957204573102 288.29323395272513
8906.672125110377 -3694.161124219044
2011.0716530736736 4937.368494083788
1638.6432333263965 -9035.9347776711
387.94244184753916 3565.058132473783
8957.179074150437 6696.487943375938
-1807.460608816642 -9359.55835899941
-1787.5935619745978 5202.756583549013
1135.100725162516 665.2868184711788
8832.551362524195 -2784.6850345285447
1652.3386869514998 -532.4912969250217
-1862.7549726219713 -6290.182569961258
3428.677664434732 -7945.830777590956
-1665.4514391224584 1728.3801422626584
-897.7470146171709 7842.503795650184
5954.752334181996 4198.58981296188
-3323.7073877289067 5747.609787117897
9290.399656418715 6353.866038864671
-1464.5745347669417 -8609.40970627392
-3146.5909195508266 -7291.575995026884
8470.3544892036 -3398.891603873295
426.5564335710569 -1987.260164475908
-3256.75841867288 -2576.5482528504854
9978.002003046186 -6786.920662592175
-9019.934429564806 995.3733584101046
-5476.061194357684 3161.303311773303
1555.1070677682528 -6045.869913766344
-7034.145842003205 6668.825407038534
-5863.366235087544 -4565.713494607826
1995.3027797422656 1471.2478077747855
9191.754487082075 -3742.9741535174644
4350.4851059553475 6767.861528944577
-1497.673192954664 -7429.154105028258
-9974.650705289021 4222.848169908815
2122.700159963013 -3011.3086911431556
5473.324322261393 4662.687585731615
5713.988444854867 -6823.2847318810345
1414.2035712082998 -7823.085138997334
-2181.526019157238 -9114.96260626679
-1455.8871276031878 -72.95480727132235
9391.640955160801 -2429.0027408536826
-7735.1124649364865 -7308.871145476841
3788.2545337725987 -9949.415540065058
-7509.394479615303 -9980.944674146203
-5597.197138724801 5023.864124563626
2655.414207977745 846.3911591176802
-706.4773738923086 -9144.622004001867
3238.209354032637 -4487.819876539079
-2626.857839499663 -5349.3341771589885
-563.8779926818806 -5651.198092929233
9128.372360007736 -1544.806456401815
60.17481984987717 3359.630389499187
6334.095278001554 6312.141014350624
-4707.117531543836 -3027.098401880604
-142.90788581599918 -49.34026208386604
-5361.028771772445 -4542.154533783984
2398.0704152256567 5036.355731194271
-6783.2008176221125 -9688.201180074328
-6100.35095752248 2200.922761788508
-5520.531566835684 -5225.3268867888655
-8648.13255341363 -2522.0009885218487
-9478.974051411635 -1400.1962253834572
1855.6979553603196 -4692.524415009525
7314.548849511069 6307.8669713647305
-1941.0671164240493 -6069.347649873709
1545.331621793055 -3626.7995736488465
-1542.259408647731 7783.776030554094
8143.7782175397515 -4860.46523812357
1561.078632757335 -5592.332523799639
3189.0317547632258 -6265.225039802255
-7455.939534217823 4426.288215342258
5545.756148565966 8852.157332135714
-6229.711121751236 2307.268265736202
-7587.085931167112 -1012.2679738238621
6442.057366734716 2902.5545684680983
8904.77322230269 -3428.1935167459296
9641.241579981164 -5822.490637086273
9850.785752050058 3404.6192899684083
5152.608324739629 -9928.056743418456
3192.402077174196 1904.1824360375595
1715.16280886405 -903.288062069465
8671.261718814301 -2103.114345322326
726.0789770330975 4054.681944903172
2944.6425587448193 -7970.898894595775
-3074.3502021281756 6185.0027468966055
-7169.576529848904 -3649.2972351540875
2220.6093217271155 -6935.193817261876
2075.249410573062 -9780.948108986548
-1442.9216030111402 3762.5818395035585
-6144.0270961385795 5394.667259495316
6633.299719867755 7022.655545080379
1165.8677880520372 4047.453918937541
1246.2238074793986 -1329.6544731792892
303.505200267462 5365.015024531847
-8805.075133991586 2962.5257024725543
-1126.4019239989939 6552.234571386394
-8082.278838731576 9268.484143518559
-974.4782944742838 -7766.030469364559
-7581.2060143132685 -9748.878677351182
-903.3806861175017 -7379.647274114011
-5456.014268808862 -9371.311779582327
-7606.180097761326 -4733.149112384447
2294.390195837701 6632.419615253941
-9461.50743960177 -2141.100965416578
1620.2242552804219 -4564.422017696396
615.869021372584 -9826.432149631859
-2983.5919684102882 1114.574372993162
311.77394837303837 -7781.610444396953
245.15701183830788 -887.0091700128087
3285.8112164330414 -7479.8780593898555
-1360.1816498142653 4714.490139050256
8221.555036389844 5633.882235905923
5698.0787011937355 2690.744254748188
-689.2964405714956 1165.743386330174
-4948.419937488741 -4924.317205928086
-6630.436960694519 7949.541349262196
402.88298629909514 -8072.49637126485
9352.629305679333 6491.290278305627
8649.631628261457 5975.059619822803
9719.442567423815 -9607.724634524926
1169.6714464987617 -3794.621273041068
9927.305458919793 3184.5293045204744
9119.779828078244 -2265.7611419002706
-7736.157931275398 860.0702252221981
2604.581184353754 -4288.127088977023
-6700.193111888027 -7652.071879270621
-9298.884380554151 9551.03452044032
433.93301142369273 -9709.355460265677
9578.44453828672 -9575.188338551568
-7681.964035429992 2694.5832314320687
-669.4219830573275 -233.26563516994793
-9608.013955655619 -7623.945498869973
-3355.0847100570727 9415.87394170244
-5675.43800587289 5597.9031577023925
57.29774078895571 5084.792175583063
-7152.37125489157 3888.8683171037756
-2701.318177422673 3988.352335729549
-6712.547590602043 3760.6840281694313
117.33695492807055 -5243.439078503893
-1961.5903593386565 -2114.4598090397503
-9035.607172321808 -6835.233812847326
-5709.27508574776 -1730.8135082525641
8059.455199453299 749.6937399039161
-5484.706740847869 7052.605299820028
606.920933520596 -4960.04408288226
9525.044780726017 3797.854515679026
-5687.47128353454 9914.834106328937
-6626.286271097326 -538.6788273705006
-1146.410296151318 2515.2757454026414
9919.28799682482 6730.288990801975
3585.241800279233 9166.221988342062
-5429.192339826545 -6003.616075654055
5518.9886353218335 6929.520293333662
1553.6026610838599 5962.108809988524
-5511.320989808762 -308.1559511500873
-3030.5445354114972 7724.340128570606
4422.999068726387 -1897.7996440209545
994.5850010024278 1151.3199412598078
6772.444774343119 1208.7447136472456
-1250.2465129459943 -7532.680344243132
-7607.338247935975 -5695.198018941681
8693.203752322475 -1818.17796771951
1564.9313252773209 -7720.867424050659
-171.4567261871416 2847.7187529282874
-1661.4965429111471 675.6428009325791
4586.090915396113 6605.671428608421
5008.363730892916 -2297.099110105998
2927.6210965276423 3069.4534766271026
-4704.0461655608115 -406.03681761860935
-4959.172291771186 8829.73058943926
-9320.757187612375 -997.8100797946536
-5068.742516698646 4701.410221830618
-6677.525173680797 1528.865991519946
5285.850139942446 5812.328296650547
1184.8163520210983 9013.614221345855
-4826.3568289941095 -7271.280133944624
6141.026818330683 9878.737919202107
-3534.40427732415 9035.552147223258
-5673.801660795741 -3396.2172376395365
2296.8967432572063 2137.477950049788
9420.498170746836 -1683.226236144792
-8538.47367450838 -6481.197059748243
4218.766508738256 -7476.26845652796
-3679.748588511533 -7701.463032739724
-6416.275155974212 4158.227527383946
-1380.3651697731948 -8360.766508298539
-7239.5443154663935 -7582.097567915041
-2438.952290201799 -8584.0018991452
-966.2808407364973 6265.019320681384
7525.081470703924 -7475.305217397419
-8161.41819800698 -1996.7161590574296
9048.160736895701 8306.022371012747
6688.738729720477 1003.3194011870437
-4035.4335278412964 -3215.1783404059533
1665.8115891911311 2434.3426547584877
-5931.519479817999 -6228.4098296072225
1716.8183294122973 -5230.2641941673155
-7782.923621360944 1345.8733939137783
-4364.088561069919 -9130.624305945428
5487.076966509303 -1161.1665281756596
-6639.610672600955 -3398.2690748707364
1813.6218611026216 -5845.037341146091
7089.893879071282 -7746.102841484721
8481.66991180817 2120.566258867395
-1258.389503155042 -612.1081573920237
-7093.402907601665 3519.2910629977087
-1616.8082540447776 3336.696448067287
3332.0302206956676 3572.634036018977
3539.040042889759 3193.6781462410963
-610.6192829663742 -8153.977435917286
-2355.5198925626455 -9065.814364785236
-95.06025017722095 6908.71348264076
-2573.7331530498777 -781.7260267935144
5906.8077568545705 8548.414241911276
-6383.224108659662 3458.6598109682855
475.3312086910937 -2060.8158495324205
7163.132708643749 -2101.8306642739763
3897.134715714823 1883.8338180020455
3971.4380970713155 7726.104330047299
-7475.765609407412 -8900.304926867619
-4769.835373964286 9673.093168005045
-7193.874414867103 -5510.714662445362
-2514.310543503875 -7940.836315967703
-1845.8440831214575 1435.0569792526549
-3103.1521476816606 -8070.0743247995215
5613.879076862671 -7619.930727822919
-4525.705508240272 1700.9020048330967
-8237.485950171722 4304.0792522235715
-6385.639889271277 640.2155536885584
2815.0261254812103 2177.2057605172995
2866.0087266686496 -2445.0188969797646
2613.754376219218 -9929.020502957808
5623.393086455197 -9793.077339985864
3992.9235003483973 -3670.7624405065235
4315.428187871863 -5732.121854229524
3950.7752184379333 6048.992158876983
-8332.3111210941 -9963.981000638638
-8871.535029549714 -8905.953063305846
5740.86751251259 -1331.229779922065
-4713.7190243584755 2961.7973481844947
8703.91201966101 -8651.438094594725
2784.134818399347 7046.305311817112
6678.885218762978 -5417.290474890459
9514.695679075983 8188.3970621454355
9498.486676632823 2748.8757096511417
3303.934236811876 6876.183470218588
-6153.914202981314 5032.7139061589805
1485.2545170261128 -6942.933635278641
1002.0200967900728 -1935.5384164260968
-3830.201898233232 -9755.054522221399
-8701.177308405066 7846.400199368076
-323.09393946148157 6453.997029349426
-8608.059731157105 4973.257397538302
-4344.86391616707 -9536.9463268809
7581.4248271553115 5682.781374379487
7615.641008241189 -7987.731491854602
-1326.0312907667358 7933.879349752511
-4083.890816129694 2756.4077173691094
5253.575965121305 -3505.143118759357
6674.884204714774 -8853.237311448927
-1266.9396238591762 3934.4667622010875
1661.2862339161966 -1113.6562635909067
3187.4673091196782 -4556.383556335277
-3100.439166644115 -799.3470200404172
-4275.5721104413815 -5424.246994875089
9540.285340885726 7889.0169828234975
7025.351601634375 4279.08834409633
-2505.5236305918525 6969.087618521826
2695.2804230209204 3003.9942287951835
-5607.9598059617665 7699.796883714374
8188.12226016388 9204.049611467028
-6382.3774647941955 4865.700563888051
5327.899660444102 9209.37126455694
-506.6920141442497 -2571.7055256620406
-3174.4564401233656 -6763.968905760623
1119.0430318527506 -8002.436531411392
6694.679756395653 2205.5000991794077
-5051.954394748137 5049.650040635775
-901.2456320159345 -5916.7641272940855
5865.880081066953 -2585.7844789250794
-4084.2470518057808 -7394.332672429977
-6641.716183232611 -9722.294410017836
-5814.3245398626295 3550.0002678513683
-705.7714521327125 5796.386580275648
8609.832377515784 -5888.579525540267
-3082.883005037176 7385.689824208195
-8600.060801222644 9487.419029988472
-3171.5823652484705 4850.042803096925
-7971.11353166019 7429.136891685379
-4935.562617394067 -2259.9685574612786
-7186.029439337877 6304.763815464021
-9191.643396202704 -3328.616257221737
-7232.718365683066 5130.197098363316
-3153.959766450447 6812.940220419896
-8223.156193068395 5057.316385633918
-5434.445168420152 348.4059634299301
9936.011685705558 970.3837373826391
7116.722103375414 5439.365582397822
2717.540057643413 -873.757492839979
-711.5477936962016 -1935.3323379069916
1692.637446925426 -7815.863067104676
727.9976056178111 83.97047589792055
2624.2299151273855 6506.133501257147
-9682.31835406331 1970.8748570775988
-1982.4326771606375 8269.287073220105
-6158.938483997144 1883.7369695882462
9590.204162919137 -5284.16319841686
-5488.114409361633 4089.913352119116
-2372.7002083861844 4777.8908864541645
-3494.380692657007 9231.831399398285
8817.08517828186 -651.7973825881108
-4675.283556087202 -3479.0444712299286
-8084.746355113774 5628.797048615881
-4354.787151489108 3668.3566617474025
1465.9326973451534 -7725.625530718423
-2766.3570352121724 -5791.737846746259
3810.809784310495 2457.5622742295327
2589.662412981419 3843.6121754854994
-3253.121491978978 518.2424981193635
6161.1882641127995 -2459.692792884194
-5552.806475547612 4519.351430744164
4295.257243795493 7319.489559134836
-7362.088094635422 1816.6889541625078
-2470.776655569486 -2955.1491547163787
-4471.180726044817 -2339.563482778568
2393.3100089816126 -5025.37262384376
-4376.562181447496 7881.24908801393
8586.944667734024 7445.582679416271
-9711.280160575065 -4126.076570675321
9207.711417602397 -2221.048346275871
-5156.761466144892 -8623.184192929159
-3346.8428426326336 3345.964215445407
-9073.306302150277 -6044.661810643793
-5117.901010642554 -9296.774323254776
-8957.542504491945 -2366.993597718665
9913.486200997555 -6194.107207798394
5418.7857764797245 -5226.314380867536
4757.270734480198 3529.2329313846967
5713.23625787114 7103.821943641728
2413.152726903907 -1923.186981194358
-8411.266851168473 9673.613773571924
-8860.52840506002 3326.2240014036433
818.6259020008165 -408.7753470647385
9885.922254525049 9760.89939882393
1331.9996794054314 -4475.692307390209
8600.169843630272 8359.243095932976
4489.3978805478 -3751.7473237459108
8059.866908892851 1659.9383740416488
2883.0210420011244 -3069.2641944637235
6947.954123775027 -1805.032156791789
3084.3820116057523 377.3033762580508
80.55562123036543 8579.529750562597
-5983.710640373121 7122.874482523584
1013.174732733336 9770.684138366418
5004.952860132025 3039.2079939791947
4692.300925518606 -9645.76142869018
4071.8993379225685 6038.536302612507
1385.9552130742977 -5807.983880226977
6654.294164717503 4488.718816347526
1818.090239296269 2359.316950601309
7696.184693056737 -884.5711259717264
-4751.8052741413785 -5974.952483893836
-4067.9390908012665 7452.043173141159
-2821.1799452808536 5774.624401677373
-1811.934893109701 5308.062176504347
-8559.805727455507 5848.44832919016
-6344.932942238314 3262.036309827932
-7407.535644589491 -5133.631591971892
-6658.268234690899 7845.1415432850445
8902.523515163939 -2168.7630146703004
-1705.3732513310551 -3133.306728545477
-6406.2011856269855 3552.2957065486407
-8323.703668122167 6243.056652893469
-7366.244252242326 -2898.197202015953
4421.167279504949 1726.5484167831382
-8984.693126913015 -1484.0470958733804
1943.0267933575615 -6908.895010559903
6304.701924817651 6673.813957149578
-9753.25548970831 616.6243369594722
-1830.1076136904967 -8864.354743438076
-6199.201543493522 4124.065953011435
-4330.239578122239 -3305.366644907388
-5343.916959317028 -6651.462245169273
-9723.977004451835 5493.719234968859
2550.3789133461214 -4902.247096956838
1916.009410688317 -218.1294069553096
9116.765976136852 -2571.5929895819454
-2234.0676570089445 4731.788022805988
5818.179575649448 3983.171386157721
9090.67268021789 5213.695011699649
-5140.798145319281 -7333.835910697795
-9882.499032469965 3017.5352544386587
-4919.905467016041 1994.902933755373
-5252.424495883057 -8261.47189365335
716.9901219015537 5751.918034600951
-8149.553770166953 -4611.287884934114
9916.048755241773 1969.3443199664143
-2046.7772730086663 3769.7537295352195
2018.3137688571733 -4185.022979366202
-2672.5560606768186 2739.955811347607
7885.889954046586 -2391.5740134097186
3793.12028948009 731.0559484445457
5918.981861645472 6981.165647151323
-3999.196165618415 -5781.939821216748
7917.238226354006 -7895.570160125516
8518.962380707508 -5681.979275321076
-6432.254638079018 -1055.9446879508632
4745.330082293769 -5708.688316971919
-9904.07265239979 -338.459294416436
-5522.680405792826 -6558.379030583603
-5505.4840293583475 -8434.261888032339
8917.986715082254 6758.530372883317
-250.3450330405267 8429.749710060023
8960.439100016993 1619.2114558776466
-6387.88964874619 4522.766450034518
-1215.005749638056 -7036.574385120564
8715.475125030549 -1633.2673021434457
6119.793550147386 -3421.3407484816626
-3777.8578369708057 -1987.119097464727
-7043.015285069916 6479.905422130614
-8318.249504475942 -7456.662102116032
-3917.002372262852 6841.23183057518
1415.692456400755 5538.157613477628
5472.836402844057 -8466.046173260349
495.19434400388855 5408.297156969091
-9585.28013260921 5048.872552682451
-740.6216721863566 -5219.804764362552
-1827.1836692430843 -2572.2933852305287
4323.623330544944 -3472.2060903143156
-1937.7902999068338 2801.485221154413
-7842.551253189607 -2417.0331244011713
5001.6542554612915 6231.351346954676
8565.050404302274 3315.5083128287824
-9073.925348235816 -3230.1487028257434
5780.528197924754 -4941.035339031201
-117.82661480901515 -3991.5291917016702
-9606.260040064837 -8731.234290150227
3196.921539373303 849.8096791236658
-48.36011867618254 8834.25985408145
4800.1023946888945 6840.463111296438
-6166.151009548428 5226.414665075381
-6401.504449404662 4123.320388119495
-5119.876100633523 -5551.895806778822
-259.3071674906496 1915.6553607611258
-7748.715397944816 -9835.943588308755
4677.934478194353 -607.963742461241
-6865.914697738298 -2077.3050613550813
1117.7729380628007 948.7403796946855
-8845.603589845987 -4957.744023373274
-1716.2281538944462 -7950.987538739746
2741.991741331436 1518.735413909215
335.8510790232194 8196.164282033158
9194.13284100833 -1776.6460048990302
-8627.695738749006 4054.172762997692
-8185.956764902225 9692.408006352369
-874.0931698479944 2333.0796395620364
254.2859676529497 -2027.4912670911326
1282.9577711402872 -7220.836337442859
-9926.05264324403 -8730.611413983224
3295.4851393328718 457.5035027168924
4522.449583234875 -3441.4095415492475
-5376.730991673 9487.215172381977
-2308.284953316129 -1148.47160342984
1533.7243003025233 -6512.709298765254
1432.3111170878692 -8529.445744682589
-1095.8869294487195 7213.637761090489
6808.110209537772 -8528.174626035001
911.9383932780474 -4784.4408488284
2367.9129745325445 -7735.080175066442
1065.800027115456 -7187.419395131366
6141.374707084613 -8486.686818431028
-4279.616726161923 -7709.81450813264
6020.497498224278 6559.972896177223
2035.665592823887 2935.670997668276
4066.848644286976 -8092.509933482588
-8718.170397520727 7382.998987688479
4288.56442651502 3692.3279673491325
1457.7797971847394 8708.168256712113
-9439.87530387375 -5372.087005200024
9382.563799566542 -7185.704256580141
-8388.231691315272 9551.462676072733
-8264.597680551182 -1131.7541352205062
3394.3443027398334 6494.5852793085105
6961.450401876529 -3101.6974907591675
-4370.720462897926 -8892.138414651974
5526.803101776713 -3864.95781067991
8982.275523439002 3304.7576449287753
4697.673576208956 -9724.787726831644
-7946.771441445251 -5849.615997323405
5835.081530469362 6571.086814347145
-6746.212321247678 -1694.2286080621834
7137.784858765997 4495.4145094029645
-8352.130707227183 2748.4869149584392
-7167.397649481552 6704.743272192045
2959.351395190335 -3974.4305867575176
1002.6836674594306 121.55196621538562
-7794.92508711391 -6045.0723601439595
6560.675195912416 -1821.7168913126543
2790.1924439098566 -2523.50774717321
3315.1545266018675 6614.021348379669
-6593.198431195868 6264.568484641115
9645.103202523536 4687.221489035637
-1294.282591850837 7748.000607162892
-4011.4149820556186 1265.5478406398688
-2534.865450635546 5344.909950370475
-831.7710728837283 -9023.464314569375
2858.8406136937065 2003.9252146876279
8517.490036644602 -549.5439573775511
3430.5520172025645 -4446.022396372926
1838.0960357566491 8659.396504676206
509.8379568358105 -9100.10358705294
-4589.529014512453 -6545.735569539103
8059.023941433348 -9238.810399292548
-8404.644567802306 -1375.969728420354
4319.348570426133 -8563.444350384418
6.226098211720455 2149.226362579546
-8871.424747378629 2986.823578992424
-6201.457216817475 4794.343363515582
6411.153985793881 -5735.815909343496
1313.2472307852568 -1218.5589803872663
8095.936656582362 -7624.285182234667
5128.346425485424 -990.0681706798714
3595.3582643309273 3454.3778809557552
5513.820652589198 9135.167279684367
-2016.0939779825048 7020.808704551517
3351.5002112246166 1791.098998203499
-3857.4100351682537 9754.382103895772
8772.962258969434 -2660.046362777246
-609.9468337458402 6152.188829418854
6084.912676674929 8754.509125270088
5499.857616022948 3339.7208928166
2992.9036940331316 1586.2202957796344
-7492.619327706296 5207.211640928434
2700.6732005901376 -2554.8998716540154
1338.6809014788596 -2919.2590437622903
1153.7680007898707 7014.909970295372
-9952.421521176993 6297.366452977854
8512.546984297966 -5650.118772471274
-6673.880459397851 -3661.302523874312
3881.044283967505 8046.837121779878
4957.486813541293 2587.492481284251
-4615.408676061046 6859.240777333438
8009.330268504578 -3692.9948454890546
-6119.49955036219 -2582.639048463644
7819.401188145555 -9897.02845026209
-2097.4847110866476 9941.388463722393
-3795.728038684054 -7086.71976150526
9881.147530295479 4182.005172374911
-8174.16314345337 5480.52501612975
-751.5896404759642 2295.5576029270414
1279.1882666750316 -1702.2002737832809
-3273.1108539041134 7958.646158652813
8219.382133322513 -6821.758544901022
5919.471008635799 -8250.408732685339
3723.488829011856 -3115.9995454195296
-6742.524279628757 1671.904860552224
88.26587159640076 -9339.54693202031
5431.338889815093 -5332.460385663584
2392.657128270588 3056.644420318862
4619.390592631275 65.35588879353963
7408.26268589322 5073.0961490778955
6146.69095787504 -867.1091972955219
-2180.1917431434294 6463.274674324388
-9352.707137425548 -3752.8145700951263
1221.5577918950057 -74.82925316293768
3369.6916242331536 6673.062424800155
7984.520928166508 -4045.4096239994697
6956.643959304292 -6465.07682983686
9843.204138357232 -4708.068577843381
846.9443231793757 -7709.223713504469
-8070.426849038586 -1820.644636218729
388.13606375425843 4864.868414433182
4985.790275839408 -9944.569350179188
1815.562442450253 7567.946890657597
1616.2000514884003 -8150.516717298788
5444.556978107905 -2968.159504596444
692.9458260591418 -301.9605362666607
8738.978751941166 -3392.3023361676605
7408.501936506491 3690.903939408594
-6639.290578793735 2024.8764906660836
2972.31089413842 8164.574491507432
-4128.86928168899 -419.8544358210729
7577.631360923748 -2904.1486076937126
-9552.988255863109 2724.4999356384487
-6981.406841692495 -2691.349236299665
3789.6353258816325 3637.562298698611
-2783.622988600374 9492.192305292985
7347.40624063518 5227.187573090476
-8082.664149908714 2438.8892942302446
-9961.41472184324 5964.5514467239955
-3045.225787298842 -554.5823615689606
5852.198917248566 -4937.341427668578
-279.97233888751725 7480.60403267113
-4978.411603998609 -1271.1429807177228
6867.365679619765 9508.928571976972
-5093.545337279961 -430.388976355247
6781.171382037253 -1731.4104146287918
7285.6765733767315 -9301.567828526377
-4037.2617020762473 -4161.76309411953
-7545.424593168146 3695.5299920161196
247.9439489253291 -2513.3592864101283
-2663.2913601309456 5290.394773349231
2645.9594081416635 584.7065098511775
-5238.314344799289 -8513.807319200952
-6406.934850454971 9769.422472401417
-5873.106360080808 -182.51023525489654
6544.53971675608 8084.460387435804
-147.55282118754076 -9469.500987322395
-7918.4900999105 -9517.677554404807
3355.0548546774953 -4302.311573176847
-2911.4559265711296 -9141.919325737072
-3292.0684338757055 1626.2434928157672
-7938.321784389353 -3305.0985928768514
-8279.73341017939 -5607.454759166233
9235.480964127739 -3563.278783485138
-3138.8229641175003 932.4648571914022
-3028.3450466134855 3863.576993568211
6269.483906243333 -1160.0552979744007
1730.590021624148 -8969.733840740022
-9967.954447503313 6873.99071210912
-2048.815967637005 -3260.8404505948665
2979.7915055089798 5146.849073461926
-1706.844427988175 1053.1489752984962
-9557.980989917638 9063.803982135109
-8050.022266008496 8014.865341795667
3715.8953742386075 -5692.310568552641
-2880.529265877627 -1476.5338907867972
5449.545907652822 1508.858058202988
-4777.008102920361 3230.4345023283786
5703.484740427088 -1285.9867775015518
-906.922740733462 1351.0057767541075
3146.57445035156 7364.9631417970595
-4896.714623197789 -4552.023342729246
-7340.909520936283 3221.013547226534
-9907.095116880422 4529.818494656411
556.888118566183 7506.369335857471
7943.095921594228 -1784.8285452676719
1717.0575362673717 5536.57410368051
-2210.0635797393634 3250.9506260787657
-923.1234894288591 -9824.3258062799
-3886.2475227990863 -9668.553198705129
5294.265704952568 5698.4438296469125
8323.023714289015 -6049.026075739441
-1200.6399662623244 3979.6747633060295
1955.0490680606108 -9067.241708781972
-7966.781741612616 -594.8252705798168
-6755.521561146942 4311.925654062647
8361.097524668021 1496.7946690940353
1564.7093550039808 8410.602326531283
-4035.876017025522 -5033.558456099514
2126.0639055959 8228.29480718766
-8045.398815254918 5761.705822056139
6318.560909969203 -8319.122082541278
8026.599716208417 -1361.6251876190363
1216.009937202778 6756.66973580241
144.88180197859583 -3107.225146945185
5012.050839914051 -2681.7698914777166
9091.615801896645 -1890.4756542458845
3537.6830710302056 1063.6807832075137
-3868.249417210114 1127.9540088934627
4513.721055566497 -8928.506254939652
8624.3111215625 -1096.913701373156
820.5268499328686 8387.855769474212
-5901.696008116677 9534.747053553678
-8178.725927863396 7275.870078472439
-1871.6970546617713 -6538.987202775117
-7346.094789173554 -2968.98151657363
-8713.785205397206 -1340.1281490382316
5410.848978735874 -5322.547012224066
-6487.885762047108 7675.631499123268
-6745.528672805505 1394.8532542941175
438.45257067734747 -9615.75683172763
8770.139208684941 2185.735378634701
5518.346792366954 -5365.598060701058
1237.6855283460773 3078.257558778416
-5749.9352086301615 -6751.09532241944
4005.967128095732 3069.719540991182
2356.224167762939 -9656.571263026757
2784.1101650618366 9051.116316677475
-1532.3634864737196 -7482.466155938086
8416.95467450122 1113.255320939399
-6321.875391194661 -8804.63954510871
3591.103703330773 2920.110145059516
-4721.943048680905 1241.1407808365493
1921.8989534428001 7245.2309310516575
-9959.261199273216 -2052.698810948237
-9999.459127265929 -9697.803262437537
3627.21977086709 9590.594444311282
-1765.5096143393112 160.24487415638396
-3008.5331742992103 -4025.649283476111
4693.18159821311 4321.376297700561
8109.276874863484 -5277.409157203317
-2325.0071073781783 9445.378291350255
7920.687833953638 6564.4117532592245
7340.319863114746 2244.3803417700583
-6932.922560222021 -1555.3026227887804
4509.511345066849 4728.6984444161935
4820.522010482069 9019.875828198285
-4396.674453503784 9270.894055175962
3544.4112277061286 4945.092009982751
-3292.527830189966 -634.8863134882813
1090.711645306812 -1668.1768036641988
6871.719174267859 -9506.048631239628
-269.3181740440359 -4147.37353642358
1007.9409983691367 2175.208992171476
5532.246699581545 8192.354108497497
6130.392776167604 -2953.8848258714625
-3461.357305475003 4892.835572026268
-8814.593916120288 -4247.317450499979
-8330.63906957082 -5889.318056891033
-9653.394387725433 -2552.921284690664
4955.807220431201 -594.4817383907339
-7594.354441581967 4856.012038563886
1540.5187514187055 -3601.3877767678905
4767.384799367783 -9831.695400940149
-3189.828529496024 989.5192875849498
-437.6890175225999 3399.9769103118524
-1900.9744029230233 7791.027444325206
-8482.05485328886 -1569.670138441501
-409.135731134229 2540.3281134309364
2484.8465998265165 -6437.345885838444
5363.877647011985 -4532.9891742895215
-4108.2350629069815 -6751.634396263035
-7035.641626672853 3946.1283808342796
-4091.6275718420356 -4476.479109849652
461.48501914646295 -7762.772429899318
722.9330057829993 -4258.192138921932
3626.8584200072746 -6292.080129701374
-2903.8441858381384 -8651.713306851512
6698.8868208357635 -3336.8090672843146
4231.399829920652 -5276.708054579897
133.49896336780876 8749.335820802611
-994.7056319736494 -8463.925695024074
1809.0857598695893 6874.038389863177
1731.7496201264512 582.9136301173057
-5655.027397691166 9681.783617845602
-8113.762262779418 -2255.4139399993464
509.12591953789524 -2153.556132590111
-3403.8725320456288 1483.2394323190183
1132.215112015585 -6209.467238602501
-8793.227822356837 208.8655543051027
-4488.457557158145 -3086.713002319226
-9138.061011988959 -7119.265718899636
-7020.226318319332 -6992.625006155198
-5208.905959112777 -6630.703722571796
6129.802110670185 -2733.290015427525
-9125.050197161538 -3610.7704297349173
-8871.521229708815 9135.480946484586
-2935.4069935388297 -1775.553208288442
8618.365198149524 -5778.8174016163075
8358.414379325728 9001.056457286275
-101.95089212741368 3592.08101587913
-6705.023606877216 4924.398980874084
7387.990425209737 -5997.7984411879515
2298.849494806227 8681.472324588856
-4169.744728238196 3934.591103332572
-8279.643280729835 -5879.82310954092
-8763.089445647765 9826.251533142564
-7960.912048918202 7352.002135395691
8293.261083500332 -5564.188326139563
-3545.0779253701285 584.9065723019576
3738.4997066041287 5037.648196624532
-3030.768758202589 7278.318577027596
-6812.2247405345115 2973.8259833197553
9062.82682138178 7622.326690836733
1926.0603956810864 8067.894605375372
3206.125913560234 1878.2933037037
6395.631517749298 1502.2159462926666
1690.9139913223516 5778.281048447647
2415.3586529107924 8983.169391657328
2651.9926080277837 6965.83318795434
8611.429127368381 2366.2302850763317
-349.0965300612261 -5629.189149466991
-894.4792111865518 -7614.425097378255
-5177.171795977684 -6553.861785970312
-1802.149834836664 -2269.4785047789283
-3658.332086179914 9354.478612545689
1598.932233831787 6433.772286028627
6837.212580093601 -2522.0034384559394
-6294.711404285175 -5615.918351390412
8402.221402569452 6034.544360898015
8480.750066956123 -7251.375955555961
-8043.865990912136 9118.74591314686
-7303.593305423193 1188.0002750417316
3986.04411274817 -9853.380973550285
-5401.338818925005 6969.472402527601
-7935.5282913091905 5467.528604400732
-1483.7486030432246 -8568.329978019055
2047.3741244917092 -4182.576121894701
-3516.4887461463823 4726.678330249284
-5515.250291485853 -677.5391420273154
-8351.450778612814 7363.061694299056
5530.081750712901 -6077.722532027507
5051.424999076586 -7203.957734921185
-1486.20763794513 -632.6591109017772
7298.811903483187 -841.2983247553966
-3650.237583084241 -645.0650877054268
-271.9519173365279 -9799.261024420812
-7927.094352125308 2903.5284923879826
5844.867962063763 -4401.033971097665
5059.662140430599 -9274.593506962174
3135.531327305356 9026.382692064271
3862.2078828063586 7142.609423042788
7795.456654068057 8714.326818566475
-6908.930896103531 1001.3814474283208
482.885950803191 9714.855691810113
1409.7365247316484 -9924.518198093348
9897.501179671832 -331.83341957683297
-9541.207326629408 2608.8769267734206
-7199.668792885861 -9397.480406276152
-9594.045759297042 -3066.522887634511
4032.685822118421 -1858.2075363488884
-3177.6451377710746 -4492.255898661683
-1841.7387619642086 -3531.5635595163794
-4285.716250826106 -6742.845938397566
5543.97102000451 -7512.726424071947
-1206.4803854489364 -8242.350544537936
11.458017964059763 -4141.773875377541
9448.28731054176 -9411.62287084057
2632.65719845523 -7086.278130418793
1380.7850581652147 -4909.838687467556
6809.170494132126 1949.1820211631293
-3493.872621686829 -4198.68326578855
3466.6383604745897 -5027.351100945559
-3538.5366440116004 -997.4336604733362
-7988.309469943482 -3277.7290637580036
-7047.075565892705 87.98478165404413
2640.4570099638677 -4391.9825561742655
-3828.0241609649584 -8110.964807110452
8654.047095702204 3206.645641828285
-2358.359378807555 8613.941475329215
-6372.210066200174 -963.3828017961023
4106.980748160046 2724.7723372574746
-2402.5562013368317 -4437.711791638674
2463.1142894789227 -3140.2094142425767
-1133.003766990243 -5275.61305059482
2217.9697615714795 5818.763089323587
-6390.933882746491 1766.4179188418275
-8384.130552696117 4664.089374945977
-5879.658217760779 -5275.690087858696
-3698.0507059255706 8150.756643642864
-1589.1170172292896 -1330.7229411834705
5286.326574035553 3983.3024355821144
8747.531358537832 2641.5021079221697
7970.8336553727895 7808.094407382268
-5161.93256730161 4184.93507131486
8130.0374477281075 1384.4210278211012
8534.174986622773 -8508.869856940462
5992.179315424064 -2961.975960057728
1247.6614291450114 -3617.2796521365917
7944.570590866177 1285.8704654551093
-7284.192030271925 -7285.229624040472
-5108.119043325434 8431.111653698867
-9681.89028670252 -5755.084474723133
-5075.324796163367 962.3374164744346
1838.0936863966708 3620.842996469575
3709.451259601179 7751.387058362689
1380.2870451280414 -143.66415884752132
-3109.661582750642 -6670.864055483512
-1906.1667583167055 5514.743587692132
2796.5222377224127 1928.8373364249765
420.6462323308351 6791.418222127984
-9121.623303245142 -1478.2595690761664
4777.4070298117 9784.29302704379
1549.1750183320491 -4270.114728685228
6897.109062552263 4464.445277190096
-3511.829579972463 -9713.89177277973
-3502.7293423734855 -5793.85754692481
4964.738716338843 -4378.535213506796
-8491.672904143205 -6791.472451243299
1372.1781382257486 8195.420922784218
-3212.862710571003 -3261.2576170869143
-8086.324122710035 4344.330066120849
-5943.06541949607 9848.972217133392
-5738.1510706709605 -8291.136647761843
4756.46036887511 -932.4865481020479
3017.1791927191407 -5288.7845670927345
-4452.574931662128 8536.661760079129
5919.562352117915 -2911.9285374924384
-2579.1463040916333 -2832.1606658273195
-8978.892158255061 -3854.5267339529146
3659.2663932735068 6607.064653605496
3407.216047324224 3186.870399242227
-646.9352484431529 1151.5039675996632
-8443.114669160563 -7524.181193230866
-4264.110387506305 -9769.490188616926
8062.090345705958 -2870.0742630852137
-3704.869649048619 -8337.793394227929
-2820.012367272402 -5497.199955305363
8430.168212969234 -380.6583665270409
-7429.386047111941 -4104.059313816557
-5627.66069092059 5085.767134741895
2576.6400690705505 -4147.378318457433
8147.020053672659 -1442.410999115351
-2469.346038753104 4821.017285450524
-8450.37192961232 4840.659796590415
-6170.643046700561 5633.949561016885
1423.7520713874746 -1981.2350623332686
-7107.045294285099 -962.1952755509064
-7028.971824704611 1014.4899926379658
-368.06009494430873 -3586.6836342249653
9388.771726822193 8637.430128020012
-5327.642792555096 -1133.928864782507
6822.803286648319 5612.046198942522
7344.567511499859 -8975.242794513346
-4560.704201244812 1800.137457174329
-7680.588347729984 -4829.689773623285
2360.8840693510974 -4319.45281968642
-8220.404623811288 -3270.7012718975266
278.67826774549576 4121.387634274803
7143.021651444447 5700.015668803424
-3256.7582245480244 1577.7119161309547
9608.694611422783 239.92486491271666
3453.979403473777 -4929.776950203146
7174.735860844932 8428.248168670172
2307.813745300493 2648.2779376245617
-2718.0460757598794 2127.6495470375467
-4465.593113043118 2513.073683469973
8865.314828270442 2904.117854144426
-9063.385624516613 -2425.409129455149
-4650.430373331847 -5875.685413454375
-9928.749961381085 -4061.5033306440737
1004.2001189140356 -4365.195621479441
-2853.3506164809123 1666.8910318915932
7076.747975351394 7837.742016762077
9479.932768055849 2129.417522608577
-8747.49401094774 -9487.25116002948
6548.263194725918 8358.923301897714
4242.4446182016745 8394.866684554156
3984.811829906208 -6951.48670654357
680.1652773859732 -9696.368274951308
1311.5433907203624 -2825.5073073311632
-1987.4307215210438 -8471.529508459596
7767.342574397837 702.3499742718632
-3302.1545372587725 210.77023107858986
-718.5934684691001 -4569.405930150596
-2221.72416541055 7623.144822069753
1458.2401180877368 -1250.092876300825
-225.72733295983016 9531.553495893651
8381.989141772177 5942.738299704421
5849.967565136811 1236.1089624155902
-4885.740535530498 -4378.886790423726
4329.571058588737 -7578.452549067952
2950.973686294634 -2001.9001492793786
897.6369724550896 -391.4956564912809
-9179.779735208815 8911.013160728056
-804.7375618631522 -6218.113514946744
-6355.533379768177 3862.1133375225036
8028.173083403024 8682.792858689136
9056.89751358391 -4184.803453250541
-1968.4648981143773 -8714.413831726293
7553.062660197302 8084.139714870296
-1609.7468925489884 141.88609234623982
7975.411766859535 -627.8872067605498
-4907.5856040665085 9558.391987615116
169.71221254169723 1867.8342288953045
6197.44732752677 -2014.3759748273806
9718.734664047988 -4722.106344034713
6729.461788717603 7529.797301181476
5850.022678154759 -228.16897811322997
-3939.836210594188 -1839.7644346692514
-7069.061277727329 9039.3095104299
4024.6174415837813 4969.850976087984
-1594.384810917014 1006.3793290063677
-1482.9456364562138 -243.59769752170905
-4405.181640094615 -1769.511229969923
6942.826664098098 -772.6181931181945
-1528.836824889111 2591.549590511546
-3343.4914038748475 -8708.452447849859
-2661.4973756626578 -380.979418221008
-4604.940577219545 8185.263607344994
9285.737742843521 -3357.361095565854
-8281.138755437956 591.9832633138285
-4648.310587871658 5927.0660894672055
-2397.639243324119 448.34613516854006
7529.085222357076 9048.396080446531
569.9376790435617 1790.53342932928
-6947.878492540993 1993.105118758258
1151.5467818735233 -1220.3238105773307
853.4602248275078 1807.6967629429037
2936.5608101951766 -2044.7404284161476
5642.934972106299 -4900.0559788722085
-2866.8195869012216 7800.637765602714
8751.641503354796 6290.287542963506
1294.6486418317108 2864.91721783484
-8298.503512423147 -765.3936842641015
-7247.555088244402 1970.6289026531103
8401.75261928845 -312.76853585958634
1300.5202974106742 -9553.235078783144
4940.365696048002 -1954.2656006609204
-7196.456720931679 -5138.090975868006
-7870.483058554037 1916.6713090951598
5656.046026668773 5392.3522087488545
5280.9977996465495 -3735.8743975408324
-4601.751988800591 -4254.766933185461
8128.568235471743 -4749.45499138216
-701.7452802884109 -6533.091249643703
-6619.183346737729 -5647.971969304955
-7660.773000181782 4501.905155816168
1079.4399632290024 -6072.132079069723
8804.030709748957 -4972.033349327152
-2245.718193935142 6146.820214452535
9528.769051915944 877.8703547079258
-5692.133380587374 -3979.783229602356
3900.526355756281 -9731.16914693189
8628.574809538106 4264.703135222129
7803.5349613534345 9095.475610577494
123.01232766007706 -5184.965387648836
-6028.092267872007 9702.53238938644
-2325.4710077418904 3030.024032320014
9585.958947041567 3838.517975473247
9976.257192127745 -8017.6180723685375
-2546.93218578125 8401.883190133642
7753.429956380223 -6304.138696719934
1742.9253471595584 8626.213161335796
1081.1678026807112 -209.24037898546158
7000.924337827011 7511.258396911431
1820.3081648409316 -8278.504882781279
-9957.652678538116 2591.6996786337877
1135.2700216995054 4637.633050443428
-1666.0687919130069 -8454.264230315803
5124.352215343892 872.3857527914115
5598.26723567276 -3319.2843608780586
-2215.7425458023836 9160.273771519209
-4369.570274468151 -5006.790661007123
-152.93478678245083 3908.288303375959
8695.111291471687 5286.0594496245685
4469.252984195253 -4807.449044604955
-8623.53939282123 -3264.8902730790287
-3681.2070117747517 -5374.873791863495
381.7188211271441 4333.474010459955
-702.2451581078149 -5166.7053220434345
3553.6632194103768 5801.351118148257
9954.239861892678 -8983.749089501167
-2774.232067565803 -8165.436589765367
-1421.1110940781018 1891.8560348865049
-1942.1082078117506 6975.132685537243
-1952.3872196258817 -5681.290344344198
9619.233271209152 -8077.615140133134
-8336.40949040879 976.4906018336515
9239.163557478834 -236.78212114505368
-4431.99867621628 3710.1473875292995
9025.488795311943 8385.323814487012
8730.345353003057 -3508.8126369365827
-3546.424713049918 9247.318934040224
-5904.367828160932 1421.9723563995922
-5441.3109077248455 -1285.1110834020146
-1842.8903392772681 8806.57216100745
-482.1948910299343 -7667.792819601369
-6960.384777501962 8034.4023079201725
-5713.952650083147 4683.049163269949
-4879.959173987018 9870.506448985132
956.8260961878968 7906.1787383092305
-2722.1906363882244 -7280.977794166516
1643.6445550973604 464.73279441696286
8059.655254031215 -4475.991537636636
7935.460275645546 4429.49841999942
359.432097820536 8194.47676660493
-7643.618079478951 4321.120884754217
-5344.9555039973775 -3211.8757040498867
-8235.605066659118 3466.4471046355466
-2588.960022366049 5160.922052768037
-7747.283371827023 4859.356477588108
3946.7754764707224 -2612.6333848434906
7871.284649784186 2676.59703941308
-3113.4990783213916 5978.86283046523
-8635.209941929224 -2115.707740740254
6249.092643605743 9775.356088315144
4127.569730153495 6780.942275045047
5301.586412135788 2357.998894895789
4704.587249817128 -5142.0929998742795
-2507.942767596125 6928.279244375917
-9578.371643885042 18.50406797254982
4093.8095617354356 6821.706026074211
5106.745259295127 8982.013015838664
9634.237447444277 -7828.201113551656
7368.897146227107 -1390.9548367814077
2748.1285566673287 -7287.221198075973
-1471.3667862506682 9919.876083126306
3786.584904048501 -5692.96699941422
-2950.427763411197 6737.508170849098
-2670.851532678691 2506.0536295413294
-2801.660242000082 3172.3812397024776
7688.115455845942 301.2339689438104
3664.5322741722393 4575.80822467201
8560.439592112987 9193.546821245272
-8998.820778861384 -4875.638418827968
4174.021849974582 2808.7871559521063
-2999.910972998483 1857.6063120092495
-1408.4001871228247 507.72443712204586
2495.352643488586 9776.717971133432
2276.843937512778 4788.158143434526
-3407.788377021843 -4478.315626535854
-9406.311485182992 748.5314191106336
-4052.619493393321 8179.956165072566
7601.319261011471 8480.41260070003
-519.1706235440925 -5060.452183539
323.6519498987782 9979.80821223096
-4222.059823133694 6584.765836984519
-6386.458316126518 1014.9331481559584
-555.1471931330125 3242.885333164513
-6201.631956284684 5360.713308294398
-5191.274945589002 -5674.739292252233
485.04894629829505 -6092.042054475711
-9391.467439348313 8266.50227882422
-9781.061875699883 -5622.213982826656
-2299.044989250163 -2549.483367848613
-6867.527077984881 -1280.4332956830258
-6690.222785658056 1622.3621205115778
-5714.1558148164995 -5256.738208506257
9976.164792539523 -879.979861922804
-4906.638013371492 6134.740196755445
5121.064124177217 9420.353255376169
7045.60169437042 725.2787311640168
8009.8885009302685 -7221.339450552889
-121.17985035301535 734.1152355000922
4913.558488650373 3151.411685075165
9409.533863100194 675.5913188945615
-9611.128556619859 9126.887574169199
6443.570125844752 8720.062239456096
2855.074938373529 4248.618782653397
-2514.714683872812 -4479.582056819278
-3977.564039023003 2901.6604851469347
-9585.922303541975 863.7113833349358
-5767.503329350015 841.9083638185384
-6138.291919071501 -7019.950564225699
-601.3858002556717 -9516.188479356784
7715.3557117368655 -2061.4495770755466
-10.711321683678761 221.99440127330854
3987.7433510073006 -2717.156757034476
-1624.3081366712468 -5652.546642646074
-7762.926090516779 -9093.781147357751
1868.7172590201953 5529.1602995717
-8214.083109474883 -860.7756517755206
-5100.233472186033 -4632.951038854117
-5820.39651907949 -6879.875681454064
5053.412801532762 -9817.478781827209
-6358.915798581331 -4258.6751329070885
-5961.033804813463 -1002.224692058322
-9279.38504106683 6812.508476572446
6191.893250667632 8565.39186649724
-5094.958616916372 -4446.119995391702
-8275.065204557683 6344.801514880379
5642.859105079651 -8869.416698203311
9702.67466758086 6482.3818384845035
-1942.3683036951852 7662.0106570233875
6592.225694498771 6137.110341039279
-436.24422208346186 3987.3642934237323
246.59627080191058 -96.15221878803095
-3335.0289369158245 441.5152654862941
-3693.7863568076227 8621.481064648226
-2592.5880346245813 -5007.173203288801
4257.982351456509 -4486.681942425213
-5724.583595430002 -682.7028198691496
3770.162499236074 7392.268805557771
4759.697390997271 -8268.990348638137
-1574.7325950499016 -8426.472904797005
-7606.094735854942 -1624.4506028158103
3602.0658629384216 172.59487262565017
9747.003198102688 6648.691046478656
8011.710299839855 2626.6740385334415
-3324.711617296938 5595.32784492449
4271.887378735046 4562.583353794409
-7920.695477889459 -3178.738761343092
2906.81831273434 -3455.4623191933124
-4522.719158049611 6465.130461735895
6289.827827112007 9770.25867753632
5898.157968513058 -6138.582241635957
4299.112363378399 -2555.932789710416
9913.657764099265 -4249.885118778758
1836.2438218207208 -9659.262275689338
8070.253167592131 6236.3079101932235
-139.14706234214282 -7015.920593610798
-451.6787731293425 -7824.428479415188
6223.838233418284 -7100.664163930508
8567.1459961178 1258.7431490598665
-9664.644500515744 9558.680776877503
-7129.142025326296 -4207.714367696267
-3417.246140444585 -8075.785210972679
4571.800236705907 -981.8870308518981
-4582.482587508476 3903.048401136335
-3305.782881922616 -7210.592351502265
-1840.8067057335575 -4435.801812793096
4952.560943739161 -4483.384413892803
-8181.817062669285 4627.183351282109
3615.135002033412 -2479.5440097157243
3618.1841487198017 7517.372954245042
-3254.819822947521 -2723.5563708706104
1402.9726468313966 2193.271797184276
1677.9249610719962 6508.083145422857
-4258.872374143756 -4013.8858471120593
-9716.469259749365 -5316.4654761830125
-7703.801092567344 -9147.727713403052
-4617.737132780287 4193.225461245305
8908.738425502339 5724.145104137428
4619.623071429487 6333.524229505012
840.4948122335973 -8944.64031294222
-7824.405317476992 5194.260154606782
9760.01770767679 -5808.736372021656
-126.4487625860238 -8354.482262762513
7302.781045286891 5855.843237692177
-6429.21812824621 2841.8011617252378
2417.8732001531826 -2168.634995900141
8154.002699805369 -5990.687243110428
3217.1964233575673 9817.191134727931
-4970.377638925236 -1245.2478857623555
8672.013723870386 -510.62734400337104
-310.05843831476705 1731.6910427148287
-6744.385640403627 -6057.216281781714
3752.862451206074 -6776.755660949579
-1490.2554097819993 -7017.2825613362065
5814.1057747214745 -952.5926216894513
-483.62378924363475 -4856.98229999945
8517.32649302328 1164.085171858158
-8614.708707200369 5842.977278329796
5438.929654651662 4460.504528360361
1121.8555567633612 3755.3919940501273
700.7953803475139 3414.341650687389
-6381.729949913966 6243.3122329881135
6665.527863552212 -1318.429083886469
7015.493762000471 7633.195056059703
-9364.751104059593 8128.681750095744
2311.9348567350517 5127.311937578363
166.3589123912152 9426.573953320196
4848.916247757414 -3681.5785378171804
8429.105796685351 2046.1028417431116
-8818.174886580018 9554.885883217845
5982.194060472244 5342.887718732851
-6150.2333040390895 -6185.458342914952
3399.081889374076 -3608.330905069636
-1314.5599343236936 8280.820795902986
374.02143718424486 -3671.854025257555
-5439.12438281732 -6525.250229978514
1252.2923834878584 -2821.116818514469
3843.5595022484267 -4418.37441969619
-5629.4969329737605 2507.539963317373
-6658.605606434762 -6478.682845626034
3159.2216036130267 -5321.683170186438
143.8448410616984 4346.296885755859
651.6162624496519 -864.8111584300659
4520.5161470451585 -3288.3286660396707
-4141.809330783204 -8181.870086173657
2917.3375201040944 4446.6205446664335
-9590.900401315634 9685.210691780423
-1905.591863985228 2666.830842769805
6931.941605063123 -3717.90646813924
-9421.51609604041 7402.643877590446
6824.332699917173 4398.109300216374
5856.984928417325 6377.817578587763
4396.964764704329 6070.754658916932
5119.308838683926 3358.935754320475
6804.269305930666 6548.114325331928
3855.142435056636 1405.6728358271594
4746.198312129405 3291.35320796441
2248.368704892693 1387.2641898399415
7616.056871884743 -6302.908907233904
-5940.9201840579135 -8709.298530749455
-1414.281253610703 -4057.8698732702414
6565.098502160119 9131.313877913599
60.9584450584789 6200.647355923744
-6861.6648450971625 -2313.4297951115987
8006.054343523949 -7543.357418880254
-7839.807691739631 -7190.928495986642
-5171.792759986098 232.06354135917536
1234.1593820947492 -1265.1155991740397
-5171.262032585977 -1226.286920223827
-5967.3747611495155 3588.4993032026177
-6330.5797641761055 7589.669198386255
8618.851210389967 -3804.1317689169055
3868.7324649865313 -7301.361127282135
713.9590823473482 1352.127833920993
2034.1900409548489 9553.291129053661
3132.681588586249 -5149.227851775439
-9646.64849510336 -4678.710478352926
3490.5428648416655 -8133.812013742187
4807.485372759809 -2944.5979726147616
6289.03088446079 2691.636621238642
5638.292534825954 4256.707202958489
2614.240238000146 -1630.0923177734148
-8210.516281490498 -5567.41219754485
-9061.637318754323 5414.0322790313
361.4236409942805 -1526.1505870545334
-4107.690899098029 -6399.3964315699395
4558.457137185416 9022.96315925576
-1618.3373840438817 -6271.59737514686
9174.931299270345 9478.08550699781
47.053278820210835 3270.1843669429927
1357.3459448332324 -6124.839086503018
-2176.0363900488164 7005.638839737894
6196.466480141758 -1386.9184731206933
235.87718332387158 -2991.3021760701076
1644.6321529924426 -4165.483879366827
-3941.4166130391677 1772.5052406775685
5319.910253032869 5247.693837587625
8122.365809908668 7790.543435254614
-3049.851553918277 6272.074816592973
-9727.297963541776 -1427.4576215845464
4526.379811941786 -4386.503657869889
-6110.9869000832305 5858.974990983585
-323.5548529196203 -3277.9516985033633
1864.9008982511605 5708.078410522781
-1663.8918621741577 7058.569991356639
2582.228026499364 -1835.4799645773292
6486.333821050037 6693.341720754939
-5834.711410979318 3378.9618765603245
7541.814792439702 7483.173843753459
-9819.761399838339 9332.941625694086
-2082.758262245772 -4079.223764293545
1948.8427482496536 -3266.344101277765
364.1970357418468 -5277.071372486615
-225.47520722807712 5178.362481947519
862.9968860013523 -1678.361544429481
5632.586618746815 -8651.695896457208
4170.16457302651 5645.133698913976
3255.397446330284 4777.1836177344285
5563.670161376445 -76.82700439441942
8047.230380313671 9649.404264749872
-8105.5563033703 9723.844326005543
-1107.6427053772095 -7881.582009325481
-6255.903642861815 8026.648107959954
-3326.1005189964953 -8204.291543492345
-7694.82363645938 6859.334214954139
199.8492269054932 3346.06455642083
-458.29420464701616 3873.6208299291447
-763.4235427471431 9534.978415563419
-1745.8631554767762 -5792.435603411456
-3520.9530351747235 -9390.852412610833
9864.284800775546 -3919.977791624842
5540.880722508891 6551.216540668644
-7947.806874793059 -8214.706625725661
-9573.714483103538 8535.051258618303
-4181.705976672916 -2896.3093158502497
-6550.189717564385 3818.00346296347
-7889.3614740280245 1616.4402629325741
3198.7668959850544 -5658.237111667455
-8151.631674889805 -9989.023867572008
1887.0717934733257 -6526.436639247182
9989.015803704991 185.33686340741042
2328.172706385436 -2395.3351806489163
4228.621426358808 -2191.9557180782485
-1241.3748419915737 9733.180948817371
-8009.938562575218 8962.48829961563
-7127.205368185037 693.4872858344715
-4453.612182052769 -7397.498524317843
-3316.9379306177716 -9645.40108471995
4442.393999981454 -7231.531523072341
-2801.179843798438 -4104.9450500563635
-3180.9878291535297 6860.964579077423
-5578.54770041194 7172.0195871594915
6811.570294515208 741.5749065962027
-6218.606957748283 -9762.552947506012
3884.329627999581 -5971.791634381147
6897.274609687956 9214.331401992498
1780.138969331114 9674.869005670462
-9583.92855445245 -5968.7989690406075
-294.5535360538943 -9226.493903486871
-8302.939735654672 6923.193354388579
-3562.6911176233534 -5511.774625869197
-7768.684144852614 -5856.819109986904
9230.456302028728 -1870.2078026534055
4942.378100445478 -9013.404836322119
-6281.134941777764 -4398.983096260085
9892.622436869555 -1981.263249306704
-1552.291323918811 3791.2751157434504
4423.777061259789 4303.522010178913
-1762.048852140686 -2028.9412266895642
-1611.0637945920262 -532.2206034221763
-5722.735022581047 -7164.87863421188
2887.322447694456 -9404.65349636951
5647.350489158072 1565.4362477341783
1791.96213465668 2230.3990742762744
6939.155444787844 -867.1663723527272
-635.6601390714077 8179.5768803259925
9673.878866846539 8028.846637041901
4379.00252291578 2337.646257147988
1439.0714930340946 -5283.043425831169
1435.000554785196 2421.5803672040656
5965.530159561504 -6684.931141055362
-6490.056658284091 -4716.893837248444
9812.112849603836 -631.2743066988005
-3683.6314203608445 -4620.086757368848
-3108.0169445502625 1047.199752810644
4649.018331968546 -979.1121378218177
765.2173871362338 -2307.7103511338228
-6334.466249549045 -3839.1236168814876
6439.107788695819 -3627.7295604826795
3921.971341005097 8805.655450437767
8358.896250502079 -4058.868567693161
7988.463486717294 497.9267826277646
-661.9107259063094 5075.875169609715
8599.246409270127 4890.324351224237
6368.903209633361 -4137.690241764533
-6454.81600312942 -6928.433633095024
3569.795608260265 7722.432957750665
-9104.175836919283 -902.9502218057842
-31.544080887544624 7824.147595530594
9641.931156487539 -8914.665433816104
385.01293396816436 3586.711912696752
-4521.660762376263 -8722.871511065536
-8628.354086518173 -9507.005497785362
-799.1120396618262 -7386.470902057851
-9018.820936537022 4142.233431541366
6070.092965266258 -8324.553632818019
1078.6474196507243 9324.68682464055
8498.13056920702 -1763.7184279373832
-6023.768060141061 872.1913828654106
1544.5947122464186 -9784.912543957536
-8636.6362474893 -8863.674574326787
960.419948085635 -522.3910571832566
-7179.794816533205 -2831.4969994979
6898.251016203118 -1282.2649593799415
3644.1268885660793 -2975.991139526078
2911.4481526579493 -7437.92796061803
-2714.80887651548 -915.3797949428827
9492.83337441448 -2924.509315394608
6378.081682122225 892.1289985866697
4158.178495851604 1005.6596661126277
8174.298644521441 4707.726270529194
-4041.655717761725 -610.2660783807132
-4880.127445988107 5859.873418433852
1307.8953568994802 -4443.473028920919
-609.7712184161774 -3084.0589602572454
-9853.093141805364 1092.6435884760504
-8614.733647423272 -4189.457383998556
-3293.4050329309157 5001.213279617021
-3495.901775786858 9286.162437158335
-2471.689678828775 -6932.981746686742
-8039.671230150667 4349.318456205818
-9110.66602241472 -3648.0362299351036
-4034.873042117477 -81.83356030890536
6417.824884273879 -6219.996238258287
5296.783393292993 8435.104574709232
-8566.827640689558 7930.7758670947005
-5908.176071367128 -7059.407192931691
1426.9205659770523 -4553.630920747216
-3365.8222204097174 -1047.9375073108076
6103.3231183707885 3865.804117545622
-14.710507748392047 -7535.560522585736
9527.511082689289 5236.944264489686
8489.48011740794 5486.471155874471
-6816.855069741843 3515.741890968344
-8494.736085384462 -1250.3075174414607
4120.346743563625 7547.849681679334
8154.7345909195865 -2425.465892612233
6878.593901886205 4337.8048781044745
-1550.4564842786149 1350.7168219535342
-2501.8160808325574 -1653.8579412513645
-1156.605310323097 9686.756492278244
687.7653487239459 1714.9441172403604
2077.3905947817057 9006.028146151471
-2905.645740216398 7607.5030721548865
-3874.032207982752 2214.5240008992787
-3373.8523920615226 -5742.085435258888
5117.565732455443 1038.0794804118086
5907.35989385289 -9138.410342545305
-3704.4128616454745 -4275.501352554303
-6801.785844690234 8097.81814801896
-8598.400780140713 -9971.321779970613
-7507.881472612313 -4139.31977969696
8304.144670552843 746.4657259800479
-9994.021419953175 -1315.245083166048
-737.0645741644585 -9464.333415127141
908.4845258552305 -4612.766884313717
5909.599810648511 -9639.748838401123
-8114.862655836386 -6391.8018980626475
-2157.4294225870653 -6383.517298125241
-3982.331441744096 2215.9884408368453
1675.1019764566809 7847.336297499605
459.42502955559576 4954.726845967254
441.80927127421455 -8075.764050002396
4517.18680227812 7246.235023063033
9460.53788401463 6672.796935191178
6003.807744493355 4718.734650781007
-5937.236381565983 5141.913289382479
-2895.045905383433 6819.867538465631
7047.141285386388 5063.186069016856
-2492.859862267722 1781.7426867740014
9277.224959300856 520.3476760071535
2163.158730857911 -9759.13765170272
-4464.220380952206 2445.991453569113
-6175.090543219492 3975.9409257525786
-435.4737601261859 8285.570796989807
6352.535832218151 3511.789687367278
-2840.4496960065353 -9983.70912756797
3812.6925455590062 -6252.417482379666
4259.02662537554 -3318.825775680354
2507.661933362886 -9697.00220520642
-1848.6921396926782 -7303.772842877177
8330.9511551469 -9064.141008194467
-5752.163110893034 -3588.6923703501907
-9776.093068907332 -3829.9168057624393
8306.74698774594 4752.932530190512
2011.7895256950032 1182.8749981664005
4559.417599860182 9249.934730666755
-473.3451277462409 7035.279286656245
-6116.331701493995 6340.524470354874
-2321.6996417412975 -6509.64491431486
2983.667900616827 581.9748666134819
-6986.568640215766 -2051.6143416538
5478.050494620644 -6768.20045560011
1307.124177714457 -4561.296531138306
8864.13645483357 641.9545987710881
6859.550098337015 -6857.137630301571
7517.5537490049355 -2994.7524472835375
-9575.154625709598 -415.96070365994274
1202.9745882162715 4215.793508185692
-3922.0858767843956 3402.7168428448076
1013.0782296070429 -2046.983245454694
-6171.148137973714 -451.16045245096757
219.25917897083855 3571.350523596171
-5576.408166343689 -8244.194025512315
-3790.9904707690775 -2024.5541857077142
-4476.718209295114 -678.1925474696473
-8498.690056207673 -5616.6472833243915
4333.791900298589 3509.1794529654853
-3227.2362353837434 5727.798748396737
-9239.314409325452 4282.596623584988
6893.625543336479 -581.6609929820424
-2706.1358285768674 1642.087948927212
2164.2699187944254 -8715.181634886561
7080.022465768336 7467.011625131283
1259.0636014700976 -254.7686737487329
-9980.048607142715 -6427.715606157142
-173.99557451973124 -7411.271632787337
8231.622742983262 9588.313829301202
9256.891297218572 8237.172389231499
6848.916928976527 311.2403765948675
3834.212440274654 946.3066135047666
3879.735641159874 -3669.7456732504106
-8722.673293676215 5130.244260826055
3726.1707665041995 4023.9015510409663
1651.9303504027866 -2159.3413338875725
-7026.708367848436 1427.4611010750432
2673.204256853316 404.6974785094717
-5817.976094078596 -4991.3865274749905
-4375.555585201927 323.3089039905972
-6324.4967219394275 9048.80536557109
5429.380154437318 -7245.68420287196
2687.1888028292324 4112.834156633964
-9142.19797659257 -2747.7570510227524
-2257.0741795853855 -6000.629454583972
6410.507714306954 -90.4600914434759
-4221.939416564715 -8399.735966880355
6121.007934330486 3641.520920049128
-7755.390697523412 3256.6489530317176
-8672.19036841828 79.97624568505853
6342.394759355706 8485.018677991608
9412.527193074951 5388.0870664270005
-3488.037542520059 7356.593961056387
8565.464759015678 9281.91467049416
-8543.98934752507 -8651.534391031708
4831.715618646469 -8358.597105203251
7209.951352297096 -4854.850408582054
2007.2440232421304 4316.483390830124
9161.148026971849 -3345.6484296259177
2395.8113326726216 -2918.4719998136807
9420.26657939019 -9589.116612198091
-2995.988292377685 6164.059392209185
4577.094367337168 5577.848298191948
7443.105683081983 1371.269904312041
-3372.9259110639223 -6085.651784709343
8622.7215173312 3560.5697328083606
733.7190911757825 -4635.862322070334
-8737.076984775704 -1951.9632033109556
7495.979430661348 -670.2021886130478
6317.53423461037 1521.2955804720932
-5481.475165950018 -1767.8385452113525
9593.027790964392 -9878.992819249643
-7663.167432780149 -3385.120204952601
-5836.323305933633 4577.816277043597
3127.8579066101393 -6160.833309405371
625.0934260190606 -5360.751616881576
7140.991256731202 1323.9340871826462
-9205.329772951027 9493.711120302833
-8587.113577859005 6321.660653085113
-841.1505910814631 3496.4102962374163
-1916.32253211834 -6619.482083947352
-1816.4443934432666 7224.646463065263
-4489.0146364504435 1928.4130375353452
8545.534664362498 -7262.387843593021
4382.041099915561 -6175.215384044339
-6591.265553934405 -1111.5283688237996
3153.1414092594478 8261.119951375793
-2938.7118215213823 -2365.846355191062
-7600.432889953452 -6948.6567959077765
2545.0560208789357 -4489.048889056744
-3961.9884283686542 1138.360558237142
-9648.91347967472 -4208.326671025964
-1112.5592323485453 9053.218046387305
820.7722966154179 -3687.245429409243
4663.2572590594355 -9901.529502169455
-3416.1274608200265 5557.3784307112655
6253.5031144626555 -812.4615716274839
8180.989388374939 5303.333805406377
-8995.223062484192 -1443.0461116091683
5959.485020966584 -8008.026442693199
-2250.5789641234906 -6021.415356519384
-5601.7648940447625 -9052.692275871002
-565.5351858543308 -365.9364584799696
-8791.977890531041 -2328.089853159061
5466.690760560208 6473.806258750952
-7129.2266581431595 -1331.0162788099733
1267.1209538593976 -6331.828654829467
722.2606436477872 587.5820292558728
9032.108283183043 -4331.549951854181
7249.2836163443935 -9039.36389467771
3327.135930187611 -1569.4440885921358
963.7572131624001 6403.098241754247
7893.32627251239 7514.413402488026
32.54204973169908 -5139.827537653831
-4074.4256217360135 8057.227805564631
9783.256510681596 7343.246132197535
-4914.878428031053 2028.9507224415265
-2727.287311573028 1563.808175612272
638.2884488174186 1713.4258609249482
7296.030547910916 4973.283190653177
5367.006414938145 18.860077439641827
8530.889180195918 7939.375660573536
3275.6755472602817 8006.399084098022
-4047.224642998215 -862.8286121824221
-4377.2040119618105 7935.773315645936
6223.504218841035 -5294.105949604297
2434.7171682072076 -3837.891003675253
6446.687403165397 -9680.113649012208
412.76740179262197 4378.173182561963
-6499.769786534207 1045.0218657655496
9023.914252592484 9981.470641166237
-8902.650540599352 7699.4239479941425
-9430.967910360665 -3244.2350452962664
-5205.995751258612 410.02242911932626
-2848.251721871786 5591.760398295641
-8647.95436403845 154.12632796533217
7724.743432690557 1631.826294972685
8183.791403613141 7297.861427206935
-8230.70322769514 -991.1853547049814
-8954.864237491674 -7509.040026883689
-7332.230769232102 7259.161495038519
3710.7235181777705 9750.06593517949
3457.618302573146 -5474.3566161348745
-7943.893121583401 -5839.640385208158
-9590.546947698833 1825.2830663016357
-3211.775057028787 7347.966541289923
5750.541444361796 9943.08868380274
-5993.062755404668 -7276.722726521519
-140.91530411650274 -4077.553900305531
-9153.2351064044 -532.0485616405131
-4616.519916860875 -341.85732657823064
4639.386906997626 9336.045954681224
994.7119917101318 -7241.834938588032
8353.848093936711 -6437.647518027931
858.8942029768587 1625.5631254115306
-7487.1520099991585 -1481.3043787501683
-2579.0844832020503 4621.828759075768
-5650.123374622053 8231.593720676869
9719.032375904153 -791.5999742961358
-1336.6248426605034 -527.660234263878
-2795.8324256346123 -876.9519371945025
1640.5067352027218 -9146.776558757283
9916.569889103765 -6066.93165687813
8864.523607314488 -8788.740972503627
-123.59032274315541 3717.354350875936
-8213.874674047334 -5466.544683138679
5673.775296971264 -9835.42035767615
-6869.382724863675 8775.306287596239
2497.461094106133 2034.8789430967245
-8970.933846356782 4146.845810818797
-6779.176939620468 -2282.42762282477
4103.076546276829 2788.262815476148
2666.8976155062683 527.6331307210494
5299.2019304981495 6229.730592312231
6803.888189413305 3418.753060027233
-9039.576465672932 9627.761108749488
1376.012651845309 8951.02040712456
3438.523866442696 2493.0454778028106
-9646.364365467203 7636.379948396352
-9507.402345497005 4472.409513521174
-6409.507183470225 3195.1979748635076
2785.345590074894 -8279.842812220288
-4795.2627868126865 6792.414110510479
1980.200589377886 -5508.262604157215
-545.5666317111609 3981.9207724810876
-3741.2518012387472 9815.328985291453
9257.039098639132 7872.958335344818
-2480.700049284019 -5555.414032086143
-5993.686701683012 9942.484947659366
5083.896077007317 2768.4475292001534
7969.003568310196 5952.615752159187
4432.411479044422 -8048.424688437181
-1702.4387525987277 8592.405361190311
6298.845150132502 -7698.3689088677565
2574.053253818336 748.3863899856606
1406.2910219889236 -5292.734598951761
-195.6681102208131 -6281.559676927018
9183.472169318433 -1036.6490174892915
5910.438460771744 -6781.267799026336
-5002.843717978176 -3102.3602694371257
-4976.877968277653 2693.5991882916696
-248.85404999786806 -7564.313212322788
1255.2559494999787 8223.431311238892
8143.966743427351 7088.5381401663035
-7859.151107187346 -7764.248174965076
-2556.229499212235 3820.338457804106
4553.243768103754 -5740.152000190417
-2669.6174858091863 4850.659547913203
-3329.9845034306654 -3874.5326127283834
-6829.179482186496 -330.972068454741
-4569.025878497472 -3708.7529330680136
36.033621860393396 -1613.2368809460168
7939.591151823239 -6601.294870265721
2832.9954564568798 2523.908717765682
-2612.924426615393 2682.7691085505794
-882.283524225275 426.6931994348761
-667.7729658864791 529.9857403070637
-4528.880937185518 7733.6070165905985
-7450.898352644362 -7739.298532299062
-4238.847538027992 4655.847156242557
158.4361896076607 6121.665480833875
180.90834166527202 -8689.47243373646
1387.6760811089262 -7489.338173334383
7643.921955906793 9942.720542928764
2058.3622921566584 -8385.064200108965
934.2342239932932 8595.041086531503
2778.540889621736 4930.325187317485
-6049.789939605325 4631.146794309077
-2178.240527559403 6538.183374527071
-6552.495085675106 8492.183972849401
-5196.873684669849 -1447.684773185627
-6122.018026729023 8162.859163148678
5516.81067906028 -8191.679123449742
3237.790753689147 -6953.512440843295
1678.2722485537124 -2347.112949220851
-9720.785095547855 -7703.9999981552
-4181.590576272485 9600.727145656725
9007.318449212693 -2879.4244988661367
-2794.27280033181 -5337.972453464475
-4926.190039684401 9185.203163367685
5426.529241165934 3303.4122803862174
496.96110574994236 7943.137806006343
132.0444225196752 4290.593951034418
-1922.1838695069127 -1411.1255239418879
4465.305268840046 -3928.961270393889
4949.3449070141 9291.919315745832
1809.504995868665 -109.87854459891969
5886.579215168949 -8530.708850939809
-9246.544593631714 1494.4182168474927
1322.2029049234552 77.34204758408123
-8451.307918282677 -1939.0820724595415
2453.451255245338 -7748.849125559718
8836.661436424238 4901.115133159114
6392.59542352389 2092.3850425858
-9946.660538214011 2524.079405951654
8004.682095150925 7004.194612014646
-3327.458409704709 -1197.223918208616
1892.624704981421 -3305.6459097936486
6328.079614073455 3273.0434031075692
-2068.8852174247204 9815.52294508896
7858.834492868111 1004.8148692716914
-3182.7279043091285 -4815.845302220607
-1550.2800558032886 -7979.6918418789355
8297.314928567219 4617.23699667811
2295.418370617959 8894.073669264544
4044.973926100318 -7351.294707779785
3592.6669200150372 -45.055139168345704
-391.2450127786251 4735.027221676442
3170.798421381436 8420.090100812631
-4588.428316133597 32.10774818021673
7699.1256811528365 8826.524579534766
-4522.3174646900625 -2576.6683231846673
3163.6783318743364 1285.5913943871237
4378.252484928582 -5798.798945932655
-9815.297528481678 -8628.914426616893
-2171.707233974269 5652.695577540169
7750.243626327712 -1138.1583379469812
-9565.889177242612 -9228.870037682453
4070.0289727705804 2094.7691291814353
5281.833830158814 4414.948826260352
8507.788478423074 -3655.529253253134
4373.954305887331 9456.542067368282
-3070.9588977614776 4430.7431961050115
6362.268964163011 -6188.165337791019
4305.298619727102 5665.401875287538
-1408.0223415330165 6714.049479055851
3044.527329930699 5285.044789283591
4163.119717097845 -3807.293435599373
-6728.373105810122 -9323.488492499426
-8468.068282749615 -4558.427739822073
2161.5851876156394 -7013.039117183855
-5883.88474101647 9606.928197051602
3431.8799033599626 -6879.359754795489
434.41006063459645 -3499.8057174866326
5229.596107228461 -340.42198189992814
1502.2746157519323 -5163.413176571427
-5097.357393874467 2905.5862562887887
1521.8825363649175 -8175.849392808334
-7476.646165683682 -5973.879204925099
-9653.95333568046 -1724.8347407088022
-8463.33397684259 -8803.304541728367
1762.095194268777 -6115.42191321457
-5466.030482211275 -4332.292762909886
333.1259412802119 -2082.2251057208405
4907.642376665821 9843.687516159745
-8649.533960348603 -8727.351853993418
-8979.826328487528 6748.145518333815
-6607.415553060167 4728.59440537443
-1474.3052472023228 5657.330557893674
-8947.90135308835 -4832.289988887375
8610.646304655835 2221.395127148666
-3416.073677680305 -3348.87362345605
5174.20219001913 3051.5957645852686
-6455.958292093281 -3543.929949573794
2347.9964594030953 4537.322765624709
-7070.297548393094 7526.901696543988
-4741.411378085323 -6433.08378727476
2898.4146174730067 8266.028492528567
-8434.982464439117 -6138.632136843178
-3165.6889098234005 -1811.741596882357
-942.2982068459514 -4209.826772048257
1347.0323860382978 -6315.196792156408
5483.842471897944 9823.756199995074
-4270.404804391083 1990.8136696959518
-9231.59851265024 -5812.963733314218
-2531.857021813069 3422.961373138285
-1071.3761773646183 5813.874581324813
4587.882678393125 2051.2637984726753
7233.9881029397875 -9637.717583555048
-5064.084715503883 -6808.012934471435
3542.3668222424894 1835.439246451835
4943.074438289028 2456.1257005567822
-752.9062529611074 5263.718401897482
5973.291570563222 -4439.390371170195
4898.533771432649 6938.078553221705
5060.418505422571 707.0539820147224
-1682.3401201527595 -4154.668663520307
-1351.164393003577 6055.51266320232
898.0521588512129 7240.957406842164
2895.589606212123 -6331.64438983169
6796.630087059191 -5294.70755225663
-7841.79820181735 8272.057868662767
1842.347980593664 564.0679965512081
-1516.2981066220218 -5717.67638702666
4245.979181640303 6214.441357360645
-769.1549602888699 7760.641656260737
-2426.973013708822 3682.8111800558963
7398.874607166297 1318.0217696227282
7945.704381194722 -2349.13007145356
-197.3978643039627 9454.309071736694
2068.832019424479 3221.4938242425924
-8075.016973599935 9419.140404094825
-9571.592638116708 8856.24056339515
-4905.23325894922 -1596.7428984362778
-9109.49441189765 6201.367783188172
-8421.784480430468 -8283.452955847983
1932.0859315687503 8929.4515553922
-3759.71655544896 8581.84311450406
-8135.831600392833 -8741.16671122455
-377.94003513356984 -7728.836766618856
-9338.233939700709 -6526.714875344727
6597.68489488999 9533.732743757144
-5606.141954883439 6549.435564186304
-2784.6511569637396 -9387.21395662554
-1249.4047540189076 909.6583407580201
1893.4007148066612 5620.802515795242
7793.83692877588 5353.276392494401
1833.9867189878041 5640.481848352374
-3188.9751758928387 -8620.899211226268
-2666.9419178225744 7641.431381951803
4031.3021536364486 -4602.5345726825
-8393.019077627692 -8849.820895034703
4966.70264642801 -3259.9117268998734
-4177.598915976213 1583.800184148933
5270.121210783822 2911.239683273765
-7792.592363266713 255.08188812301523
-6744.2907491389 -4816.147310587653
-3561.541293895578 4279.825909260098
1606.2188826021156 -2570.6265399953245
-2061.0674316882414 964.5304785540993
-704.2498441605112 8980.297508317057
7291.574705964795 725.3561709937876
9385.237269347614 8359.503412218648
3658.513784747822 -9813.06373362664
6101.940530640464 8870.640044135926
-8081.061678179362 2832.2476445504053
5493.0971811983545 9328.99474480829
9175.911408193067 -1577.5882470697907
7947.801580417119 -6377.592580805993
3350.2310022995043 -5622.043871887708
-1989.9125756870917 -8673.02571142337
2770.6277297612087 2410.7227662044115
-2839.9056823507453 -1737.5864934825786
4986.0160394761715 -8081.741768871171
-1380.9003567594318 -9342.84550152566
-4533.094142901564 8000.190079521311
9738.116168212578 9503.335267653922
2429.5013403988833 -3571.263911253144
7158.642847808351 2717.073086801989
2707.40912089648 -9496.838560623042
-7311.913171159285 -8120.4793140960055
-4587.707764235755 -4559.355046663274
3711.2560318851665 -2380.627517709051
-4933.793777114024 4803.681639180069
963.2459929583347 -6892.349861056912
3954.7656040189904 436.79163519715075
8617.946306625945 -1329.2521491694624
4641.690162585934 2482.9832838289603
-3099.711681421364 2187.873725367903
7901.688617045787 9273.045580540118
-4190.720550742024 9724.184441487901
-1229.9495880826216 -1771.5709888257443
-9957.238317489435 -1238.9439250978885
3973.7039979797446 8391.112794013217
9843.742690420084 2420.1107584140973
-2300.0684096367195 -7208.480082329962
242.0554356735156 -2762.254654658498
9475.312994928183 -5411.807245267064
2044.0103664071248 -667.9052702178233
-2131.105913530624 4760.606765717161
-8073.401405711183 -5785.501616991158
6799.973639803655 1109.1442117494826
6121.733600434967 -5967.297927218305
7422.308239240247 8413.919465059425
-7570.103381103323 -7306.815438748719
7872.947135170431 -2173.2117964446143
-1318.5178939189354 -5904.849566685181
5615.306018887117 -81.45321362364302
-7731.967472579222 1618.892078111905
2672.5094912796576 275.9683761055494
-5005.541468042296 -1953.6243318021689
2738.4136248431587 -859.0129851602742
-9742.74571129334 -5747.936748978164
970.1611071817861 7306.998285065511
-4567.38462207605 2287.1419113622087
2207.489685560713 -665.1055017682302
-8637.723224046538 -6109.517261343926
1430.4527591959431 -7875.883796209553
2953.7974350908353 -1005.1853769202753
-8541.403796703416 1971.6518871005956
-9834.081114639313 456.7447807646349
7211.054879172014 -3525.423026259962
-2971.4666275735135 -8975.572183329095
-6711.573220611782 -1020.6148760646811
-2149.2930693698354 -3533.1752727733037
-7796.298748187875 2754.0018658665595
-5600.896852493995 -5176.333997174172
-5719.085058109874 9656.055896219528
-4416.936720482885 -4104.623076174207
7056.61955936093 3793.612860437488
-7938.494092705876 7377.385936520459
-8039.350355729204 4522.247269241196
2190.709107896404 4453.388845353718
-880.912795499642 -4905.019490531348
-7139.046284599106 -1802.6936937502433
7313.723588260062 -6620.727703865545
9023.904558874547 4793.811606390249
5448.728267025326 -722.0993866417102
-908.4843773131397 -7627.5129767063545
-5683.363775859222 -161.7678011210628
-108.84675473739117 5160.794505192136
3022.178849265165 -2492.964418579407
4490.535182483794 -4303.773898274499
3113.879316748951 9585.644231977378
-1040.0090443264562 -5001.8516496015145
5289.74992786071 7662.93824110652
18.451440737044322 -2115.003468062724
-1515.170238303237 4651.267163641696
-5486.508089941637 -3967.33700918823
-785.2941228464751 -5976.9136339818
-6185.35662690824 -5094.953182945818
240.57381479236938 943.7511917307802
-8546.889512206239 2347.90305290353
1937.7894209248952 -1781.4496931352314
-9280.074733968344 -3577.7018451624936
-2808.714219956807 -8680.267668345256
-9561.514931386946 7964.104475083408
1207.6131148920194 6231.92303854716
1756.3167393828298 9391.153440786598
-8675.20797526091 1452.0003286630636
-3445.1695968450995 5439.803740995967
8717.549755826785 -8797.8672276545
-1045.2855397435087 -6202.1538423446045
-6163.060060264936 -9237.635248908633
5398.545898479759 4010.818377570462
489.7357102284641 -3198.2335966845385
-4078.9114993149387 -8426.038834593319
-345.60309802295524 -4315.158686561535
-528.3440464726773 782.2065967744329
3446.824177775683 -9047.47292888903
-468.17095207904094 -5304.261381492692
-7909.4917548780795 -2475.2119967683693
-7224.281776473254 3488.829266156321
-7687.898064545861 4644.4524652119
3148.8686548267597 3484.8018162726603
-5725.164728018141 2179.6090372381987
6495.816991414213 8340.142236139563
5978.607322643527 -4375.483294260656
-3254.795601778488 -8874.081127940895
8997.001569586042 3986.6632245272267
3665.2711177703204 1464.8408680488137
-2512.140712230166 1720.2422818255036
-5668.55263221395 -4582.563824207944
-6394.52940225921 -9036.013135676141
-4298.3204412153 -2529.0162522504424
-3241.162806042632 -6436.051694012202
4074.018936008948 3769.999347081288
1601.8764043818574 -6290.530306688885
-1295.0733778085869 -6362.7809319905755
-9792.173282283595 1483.2557550214024
-8504.37355281767 2469.1917557956695
7571.543104586966 5224.099523751376
2407.7814245765767 3250.740515450856
6399.758574090534 -3676.519722803422
-8851.364161221763 6217.713310894736
-2909.1976894446934 3924.906487490045
-330.2953697065077 -3392.40340776168
1871.6707504955884 8967.531895170476
7151.972790133499 8972.725869098955
8251.751152967776 -2886.7722573798637
9404.494700212548 3190.9776751722948
6268.910700873108 -1681.0470705421521
7982.170656831848 2093.9893053006053
-3554.9412600697087 7163.920726649601
-9167.600901495094 -6456.893320515862
-9065.291668598267 2513.7124287890238
5909.198424838954 -9181.5864467841
-958.5397333532346 7701.149240217201
-8052.690278322905 4346.359567155074
-9906.256469041502 -6873.612312858404
-3532.316186464699 5076.651403238235
1612.5545196395833 2026.3631436298347
89.67529962442313 -4770.762754283342
8770.332372050943 -2863.646333028456
-1645.8335991697259 5667.3590051209885
-7668.465101044181 1064.1056360218008
7515.747797746186 -9187.181475377027
-3418.1429234835978 -3580.3919227904335
-859.0024613698879 -8195.255160863744
-3805.5253804398026 3091.263684002539
9853.794526809317 6513.314036024265
-8451.93508520921 -468.1421570683742
-2802.4808993774795 1055.0351464191372
5702.796662387942 2515.391844303047
337.896416870497 1616.3503399973724
3056.8630701941383 5548.4865196307655
-4790.860530221735 -2322.515818263744
9647.54928527004 -32.26437288805755
7709.961330722766 8138.606356236862
8127.231507791323 4727.03539254498
5684.935678288715 -9614.455684622131
6636.10976658871 -9023.427425329211
-9319.428169904635 8992.43059720418
109.87775003147362 5757.816174840473
-6155.591697021671 5543.832245027634
-4998.048950044534 -4513.4949005649005
6839.299399316682 3969.058513518081
-6033.734119474349 4368.287598070228
8274.008343156242 6816.507685413959
-4261.915126938751 -4510.676892640955
-1094.8965034121975 7056.06125780426
-2733.366305611684 -6953.189916583049
-5255.932398670809 -2717.3032267165518
-9905.186186183137 -6967.936552935521
6207.446692518401 3604.64622086877
1047.6343398156987 -3348.5819112907157
-6423.248951318152 5034.5770025352085
-1517.5847753353137 5867.894790276792
-5711.254988869417 862.4372191460734
9670.219200547213 3669.220296406833
5955.662546735126 -1726.2424338157398
-7680.620495598056 3015.44500051019
518.782497808259 -9612.641885446677
-6181.610427802098 7892.065300391929
-432.2744636674888 921.5723670276602
-4533.16612596484 7492.206300907437
-1388.286847288915 5858.2428283186055
-4220.555538067437 274.0869800772325
8967.962465772685 4758.916146414509
-3110.2320034700397 -1512.36812905041
9936.274932793931 4797.803129506925
1146.3453589469336 -4263.236505623234
-8942.199917331885 -888.7549836930448
1185.6963322661595 -9758.440370024357
-5490.154631549871 7723.56896417297
-3917.172161575979 4687.109597479122
1067.5277886150216 4094.370502928872
8621.372526981042 9893.580264494594
-433.0461878352726 -6757.560886636214
-5708.120196650301 4014.627715308601
-566.4732064771761 -1563.3344440313049
1318.1887868597678 1568.9797438002915
8592.888060834648 -7395.543799157645
2828.21369365819 7332.645084205164
4960.903378164521 -2106.683749006932
-2773.1198430841796 8966.876510115388
-1286.9903759160861 -7768.566145022831
895.3612587767238 -770.3386523722747
-5337.853166983226 5268.235999910043
-1467.8391541324472 -6283.817753329748
-671.5925173845535 -2263.933414042279
-9231.992058761276 3296.3283989820247
-4337.564899850062 -1940.7286222214789
6127.91802708338 -8234.98807662717
9888.516976891304 -2052.8586089040627
4980.200682841243 -1306.307322169574
-437.77924382266065 4742.326960627117
-3196.415552651173 -4930.837662279521
-308.6751215021395 -7543.524162079424
-1079.954544042046 5028.319770433971
-5352.287832614588 5710.025914615362
4782.322872620167 -9154.709635960515
-2398.2143546400066 -8796.787186304502
2971.52758642534 299.932862988524
-3660.115905818302 -119.4583711841533
-5748.364493120784 -4345.587934145834
4579.079002869123 -388.90792829107704
-6655.923613980197 1687.1787890292599
1272.635407202988 2992.2172809618314
-5472.9630733163285 6581.351947320356
6903.329232729233 7794.325335697446
5730.493898909901 3937.162011050428
-4609.2746390000275 8599.603115009279
-5510.596779507299 -3224.2402267651205
-7007.588903820748 7347.700010135122
933.884032250995 -4875.6416593363365
-8541.8916771852 7786.53204514816
-2063.3705321371453 7620.330045008661
1699.4694789184887 4236.538406763055
-3395.8030420767036 -5455.461246436177
-3632.7068130384223 8611.8664943558
6490.2218076507415 -5208.161865152006
-5018.222762641333 1302.1302335207747
4225.019840174233 2509.3298557751805
-6359.644432035157 1303.5288864884933
1697.4402860749924 -9519.371983479974
-7168.444497691391 8898.276432125727
-4508.76481633458 -3192.967434238163
-8487.776212440422 216.45659761957177
2969.6296116216745 9034.171406399848
-6640.617739180359 7174.553318777082
7218.172045232233 -4404.672493973833
-8013.134890419882 -1429.9102376933752
2997.351772471493 8290.32237532756
5920.814217355821 8521.93645533469
-1077.1180163192003 -8508.513864418268
1256.998453247912 -3018.9683025852055
7282.952130003283 3865.895440611348
-9823.156268296485 -6303.60157914421
2218.1511328504675 6625.722226400572
6877.955419525559 -8193.50444541476
9431.183523876603 -1333.8083542601835
-1021.1759695768706 136.11499345711127
6159.889659998067 3423.2980958613425
-7913.679221569802 -5685.8297415468305
-1161.4911736230188 -5118.90487629006
7968.476591642055 5987.896147559155
7688.506567465029 -9118.981440829519
2653.9675464512075 -3305.874250796159
2421.7131870492685 733.3692708938561
-216.38565297351852 -1641.5300310189814
1304.9139309042566 -8896.266578717808
6668.123613418145 5928.383881048405
7026.447150360604 9244.772196130241
-4239.796607583777 -693.750248977607
7121.765104760751 -4133.524339163486
-7371.916591163892 -8466.217107176599
-5843.676606243406 -8714.377490885576
-6978.614026887433 8089.198515921209
1430.5684550854858 7967.857466745845
-3750.801860232593 -1806.2452012499562
3663.200636816053 -9826.565036238586
9844.092650709696 3184.427334299702
-1074.7055875900278 7140.355005239446
-8635.233118038152 -705.3553413616173
8039.268975205963 -9913.744618511777
7193.864182285517 -7404.855779815294
723.0990763327918 5283.096776427281
5316.449092304274 -7617.801622858553
3951.5709352000977 -4443.6845868290575
-681.4822756350259 5960.582374622774
7322.7939364628255 782.7931437153438
4223.832298175721 2553.837709543257
-7340.42436829321 4309.636713734613
-8708.731793283107 6984.530366928793
641.6859844517767 6688.421448098896
-1476.2270014004807 4802.352848976097
5956.437196325469 717.2076213287
6393.944405780698 9698.094665716413
4271.40809600592 -7494.702116833507
4170.136933176445 1326.637680050253
-725.4417143554983 2123.354315454011
-8769.086904018652 7072.312489389016
-3906.627846751662 4374.156950340568
-115.4338585882033 -5174.911313939956
-1403.9123988742213 -4683.063450460332
-8535.657684932983 5496.243153065339
-7605.534766643566 -6599.130180800981
5848.897031287579 3787.295723993211
-7191.031196478454 5410.991571463661
-3938.56931821543 3636.164375280341
7623.614330300174 6902.417495020363
-5770.14863374701 -9200.35151427187
8149.178544853952 4396.4469397840585
-7055.780652099082 -808.5028979244744
-1070.1563391038198 2334.7517575246875
6926.631393032185 -119.51328936571736
6369.763997357122 -8364.466849256623
3932.6208244543795 -7936.918413471063
9622.457621595357 8668.16528638258
932.0355059928479 3860.409772321802
-6722.682546599392 3560.5190189873847
-8128.715904535284 -2550.563821045497
-9306.041900976936 4975.797529964924
6697.728799718418 7823.386072719317
9276.503293177146 -5156.608362647488
-2169.077042583036 7386.613668205533
4546.340376560514 -8999.103012152282
9894.286842678433 -375.72913731986046
-1436.7303212327406 -1697.889137791135
-8725.268084869025 4247.293632857756
61.37619097472634 9468.471976974448
-8043.360277929115 3498.369793052214
-1392.6330231138763 -4190.938807205653
1080.5158272736953 -5285.279572699662
-6844.480312276164 4906.9501049553055
9805.54199429998 -2221.3337968566375
-3435.2065029921587 -2532.67660856535
309.15599299835594 -2252.8736954084798
-8039.943101114277 8745.471218836825
135.69395203551903 2736.339466739273
4260.804107229322 -8679.603687323153
2610.040810118586 5048.253920467283
-9232.876981557456 5452.440758343766
-1338.8647770426705 9560.201194290887
8384.095907069557 -9139.010052873191
-6845.917048756453 -2440.3916673718595
1882.2154004381991 -519.0300789454996
9708.54311467665 6490.670799975738
-2467.197801770284 -7395.485365411432
1984.950145200828 6490.064213586596
-476.1753824096795 7786.821968919616
6549.052101578 3123.917679284754
-7247.082573828238 992.8941578183822
-7320.865956629423 -7601.5512945544315
-5089.189239184244 7684.495106898423
7859.227613131476 -1098.2074510796556
-6790.219093726049 2894.325436317413
4205.4814270370025 844.7311483199501
6678.14776428599 -5192.932925424021
701.8112644770754 6803.179217970817
-6366.760823799737 -1035.3902997448004
8874.81298043879 -1874.562720448982
-4238.337808586603 -9064.579592358763
5416.869645749652 8252.382636624403
-4822.8841686766 4135.68278133097
-5729.744177224518 -4391.078927423191
-1107.6079023946077 6462.481109681048
2813.9678342597 260.185832492436
-3666.384013592581 -5503.033728578815
2048.913980770143 -3813.8877403570377
-158.8125121957837 7258.090138205564
9055.991252336677 813.1962001649699
-4456.718147574159 2835.1649506461436
1505.5007598711309 1352.368385880458
2554.184094125465 700.1352299532809
8625.24493256542 3527.1094327315695
2141.1347673599157 -9901.860164703778
788.5606229603509 2436.0546543411583
-4680.23352181653 637.5661946815908
762.4542602573074 -2420.4862039351992
-2720.377296949663 5048.475541728134
3659.9008093606008 4489.480260505923
107.65471661408264 -3949.0759662882647
-230.71372889134545 -6062.140690691169
-8531.002588923815 9372.36967754395
4687.8655184157415 -3642.1922296662697
6220.731717464196 -6824.000885181478
-5434.970568032094 3898.2194497538385
-9624.2503825341 -9490.526165989033
765.0688671227563 5441.57064786587
-7599.758895378174 5856.253379093761
-2111.961683322852 950.4674123412879
5519.727770318637 9469.29913888566
1841.2178069617494 668.418913720674
6524.981211617996 -6110.373867289536
532.5893005481048 1985.4967771548982
-8489.44093561403 -4100.17228448299
8761.646722832593 -7810.2852215405655
-2954.886947966337 -5864.651882584438
-8988.246463573443 8860.102207643085
-3535.9932596457884 7673.939282102252
-8897.808229999624 1317.61179221567
-4708.781016286201 -5853.607497613495
6036.924544220219 -3664.842367480097
-2761.1201503200864 -2740.7091902967577
2891.0265229467695 -781.7679470006606
-7200.7755794077475 3093.185554128544
2204.621130970434 -2597.2944030607105
-3864.871858385728 -7862.737503790043
-891.9143490750012 -2123.42215371113
2791.818564271449 -255.80048242799967
4281.186731076947 2017.5909145529095
693.7422865825774 1536.6069317781148
852.702515452238 1848.7912152412628
-43.00916950271494 2269.0586606849265
-9523.979066071066 -9750.742776570358
-6760.916401107499 6747.416352055105
2070.0821891306678 -5682.6041030177985
-2335.686570756372 9629.776396400517
93.95490082005199 5869.337640295951
1804.274946831516 -2718.9612547548522
-4272.758397516023 -4034.8578721478016
6759.5916909299885 9325.756371325646
-6042.594306657427 1390.6603512494348
9080.268519465353 141.56590496655372
2329.032804770808 183.07698115334097
5078.509170219691 -8741.824713981729
2988.9300068234734 -9426.70786223385
1029.2246713951681 -5525.480424408021
8664.883876682605 -6871.526891763511
-8180.106260717903 -7520.6239850366965
5344.803241289244 9413.254832257073
1802.817365773748 8858.358334989742
9676.871841759643 -7851.76845707229
5919.224400397181 2592.896390626931
-2509.750679094529 -8370.474665969447
6606.101777942917 3504.433596531291
-8660.23505434673 1083.3912911221796
-7436.991542946867 4569.757004312554
9606.946747343089 9664.956415090306
9147.559430980855 4631.0145440622455
-2556.350902896962 5970.364792811419
6984.654882891369 -9253.366164766841
723.4322747039078 -2783.2631557588065
5315.951210115101 3277.0167892013997
8169.766452025146 -345.47055482527867
9682.463543871581 -1228.459300348948
-6040.967987206034 -5687.982222868846
-275.39668695532055 -4178.955419112888
3350.194792660841 8831.79531708188
-7799.638075535862 -2737.353413558346
-2728.055524378772 944.3297521543627
6763.747691442051 8471.387764034833
8301.987487542498 2033.7776045103346
-2387.9929239085395 -4054.1463840096003
102.09420603529179 -9713.583803237274
2801.5451699222067 -7007.412063414882
5126.402833237633 2072.1985765838836
4848.886971823116 36.7578575587886
1299.392265302893 -2504.8905767614733
-8825.583774983408 5934.199951633042
-2636.155201197199 -8541.860037856188
-8986.965335790495 -6367.380214890086
8728.01491696796 5123.867716906296
6607.300308870301 8627.380350253814
895.1429308262959 4311.776636035645
-9185.008036543739 1879.9739082985052
-4062.6600769661472 -8841.389328292322
-9295.523402184426 -9785.081112062526
-1020.2049208806493 3278.2141941502105
-2722.3602418854152 6683.491990652012
6290.151036758414 -9307.5365214981
-4848.438462889566 980.3448892590568
4321.797273667693 4965.051590647357
-7153.4779902651935 -4278.265094922544
-61.249144842407986 7255.047172004011
-5730.683490969644 8241.728318987422
-3946.313947969111 2417.3008141325754
5047.291123482875 9535.413946219778
4039.5897842876366 -5188.067752753982
-6440.115577131178 -7924.193738822139
4529.420697045145 -1854.7159688431593
5830.895020644537 -3546.215718157242
-8402.944100238463 -3550.1143520726464
5886.084828744395 3138.054843463302
1816.7263626802905 6221.132872240933
-1252.8647458554024 -9875.196865324524
-672.970567743756 -9236.470121355687
-8075.608728846646 9844.332976752434
779.5268890111201 6959.517888386727
3087.2172380641314 9414.666883233534
-69.15408459174068 1959.047670631926
6532.212288526876 7179.724355048911
-9358.911566834611 2698.232108218688
9135.922379317828 5442.362206255457
9170.282007655354 -5309.450090073342
-2329.8923276527958 4400.202446472258
1918.5010780809698 8194.249422149052
3674.020947300225 5514.850376646615
-6865.811197075944 -355.2655538694744
9519.557964814732 -6107.26059323506
-1380.8722584269435 -5849.108292512031
9871.557704837101 8728.511335909254
6087.406162241878 889.4625803933613
6436.919255655321 8459.491842004878
589.6339874872974 7391.72050350883
-9287.371310783985 -6997.526639526506
-5707.428592720263 1001.8759334105926
-615.8203820680137 -708.318777435914
3908.2356610318984 -3803.2171709466447
-9907.72047249546 -1690.5499664752824
6195.459633193859 4991.677362809442
1477.1538628102535 -8101.205128513103
-7789.21623848251 -5683.162766512098
-9273.855281988617 -4130.283854805001
-5635.532359331841 9035.20682635958
4291.727737734938 2258.7394854315717
-3158.6897874356955 2181.1832660961954
-6986.540098773228 -1926.1603846458738
-425.1199143691556 5035.929452881768
-8431.209516858213 454.56133943146233
8717.66303271379 8814.715835360039
3994.066105062384 8899.799720763298
-7571.46940839571 -2973.0328356745495
-8041.531488710505 -5936.633823299207
9802.85501353908 2979.83822303759
-9459.96812174885 -409.88546772009977
-7100.509686314118 -9568.705163820961
-2555.706987140571 8563.062918519205
-2927.251403261497 7058.848816991511
-4077.475931355457 -645.3949873441325
-6803.590634894121 195.22772032392095
-912.0736751508502 7022.552125479593
-3129.2949193798368 -7807.562735172522
3894.541388350326 -4135.584448625842
-5667.872050859309 8810.825438832715
-3264.9339926728535 -3659.0138236460134
-7460.180791666018 -1810.0983149716667
-569.8517720290602 5302.922708402581
-8208.806514824622 -9757.162068281776
4323.157870074187 -7698.269410476101
-6776.628112380788 6726.7248728185
260.8233089203113 -3260.849695818215
-9314.10076941082 775.8137497504758
-2568.4599740774465 706.6443635215492
-3275.8852071451392 1345.1287370361424
-1650.4448773503718 589.323372784731
-4208.523038032361 2797.0039729636883
-5285.356003587838 -3143.6922814528834
4313.021238308727 -7226.770740971453
-4556.6963368569495 -4067.8222255400988
6851.060260396393 -7469.3209832732555
9858.878075818655 -9358.176688852913
-9621.875923081721 -6921.578806373949
1844.4617426184377 -3556.343356608906
-5458.946502462441 7739.487582685477
-4296.186534257165 9513.81349246596
-5195.932586093173 7170.619124546833
-7458.072798844631 -283.38312561462953
-2512.4782738606254 -3591.518874073611
7168.30926416424 -3405.7580825694104
-9027.00517328076 -4829.027975652667
-157.57280219900895 9731.170118799451
5724.233144412843 -7572.569437527214
-5377.814056699508 6196.680436151695
7277.400731569 4161.685828886004
6642.707533003708 7241.282536497416
982.9775335647591 9287.057545381613
4344.0871254655485 4020.6482337972575
5035.570419301435 -7167.428078526758
9483.214927891753 7843.260009324182
9206.783844258993 7804.807182563585
7706.143612605258 4285.648471559125
700.2331656908609 -2460.050072800899
5523.904432744634 -7508.256192054312
5676.662268446304 -1104.2129422076578
5726.071879111103 1070.529842002421
5251.051405678945 -6706.471177912237
2582.782753839083 228.84028829639828
-1857.5005142357368 7404.497490874208
627.3267950434038 -3876.208712126774
-1338.4253019911412 8186.891926349683
-3622.1730274134516 -2107.9902415033366
-1651.2724964356494 8012.9762593166015
-8952.06144580929 -9589.539573101989
2331.2801286579597 -5212.7903626311945
4112.8961516663185 6566.341221724386
-2654.607455406408 9240.986740780176
-7461.346276891747 -8338.829362827113
-2626.6710773951127 6999.808302916419
8548.25876178241 9546.837688868742
4975.2499148174775 6553.871357548247
9991.010534573772 -4810.940253916143
1648.6545048345251 -4076.7876152935423
-8303.630930032356 -8423.667939072167
-1072.4894396465334 -9406.30593310787
-6364.032105431208 240.11512834457426
3437.019975755298 3210.2950183063676
2283.5096116100704 4124.6688548024395
-6251.139969404607 1549.3001860652894
-4746.282220811176 9142.590391266964
-5364.339609056064 -4548.843645307432
6117.927671718782 -3525.2340390050294
5202.37957981159 5680.918636909471
6235.305109950506 1521.1218801182476
-8623.861577339418 8093.3518254543305
-6494.90711861769 -2618.812018424612
-9635.00495831976 -4985.071210670487
4136.6780783766335 841.1673504591927
-5049.963011311931 -7584.895828938494
2850.6980434837533 -2933.145871391652
8854.071139104246 -3775.58256434505
-634.2065446380384 -4450.612261251971
-9065.883617143092 4067.114370654119
4592.027760428409 4323.506419950516
-4426.2164307083785 -288.8461134020599
-1356.5925442071202 2075.605255952589
9405.558747751791 -3301.395432288752
-5401.676316529371 -1518.4384003529685
371.89382801266584 4904.604995535306
6878.169690378145 1961.9585864435267
-5862.07451318979 9183.211557324263
-8819.234557033982 1014.9735629174338
-5002.4550430831405 2793.6143765339602
-5903.349075824658 -9615.121566866903
-6331.54969270268 -39.63890178881593
-5147.299003481123 -3453.2698400051177
-7249.288030494221 1706.377606625454
-931.0729088465669 -1664.488805321822
-7872.699207063302 7007.744744441148
-5019.260059078619 -1979.3895862491563
-8786.076797505959 7354.327693970998
6270.3429827071595 -4275.7843451602985
2719.4200218102033 -3039.4739672614032
-7532.653643924978 -4195.1747196889255
-6543.112906787361 -6844.435162403213
-2179.9143409442113 7674.7552544108
-8250.410676054755 -8107.102726698592
-7394.453336058246 -4506.830671300417
8104.639884728611 1853.4529559796883
7037.187872198141 1273.8142530728765
6081.322353098149 7277.619889478636
7246.384153332168 -5830.693084248804
-6340.154071885223 4446.003748129666
5254.587824066119 5041.4607986267565
1920.2245636061944 -360.8365552340438
-9580.257342876068 9899.817997155289
-2530.1254227946156 7441.680450203712
-1468.1298320914138 8388.18148566784
-2187.556981033421 7416.07585542975
-3450.8383550137723 4221.62849197574
4729.272977307564 4457.239816123583
-4092.6834863011454 -6675.886449603794
-251.1765133205081 -6451.793963306087
-4598.725990111461 2389.450490521347
-2091.730378947849 -6826.7577499421495
-4170.114869808858 -4313.89997131125
-8734.588780092294 3304.4065634171548
2910.4868743185925 1148.8579679698269
-8002.074262320404 3662.8517484844124
2411.7452731986195 -1851.8088070964177
6430.911039385344 -4133.6628538399145
-7980.471203127675 -1199.3792395778619
-4037.439104717424 9109.550662310856
8141.999094751973 2281.2186376250993
8611.73551653601 -6815.999771139911
-7323.504522941924 7321.924998987764
-4209.9192398512005 -5070.599675499703
4702.204194747197 -8072.9327330290835
2905.2689411735373 -5381.374514300197
-4870.988770498257 -8689.897688457151
-469.16914047187856 7313.460483739549
8524.331706892546 5153.268424425174
-4868.035599148584 -9111.461453299306
-4343.863611755836 3514.492858517855
9715.598182491427 7206.006785235895
-7268.221506006976 -2946.4589430527785
-4723.0910431969205 -4166.372995662719
8878.644617840011 -8277.928186074238
-6456.609723341731 734.1581960980475
2104.0628309526546 659.9040053084918
8271.472604411487 -485.95903214557256
-4211.709691828553 -3237.5438376512247
6229.614420518725 2104.5507851669227
-7294.173230107088 -1768.0114524192122
5.6719798365793395 -8841.257739335444
1636.7000134638147 6397.922168152552
7905.281611743332 9982.67288399567
2820.7675622217794 189.16817825273938
-8538.127303622276 5479.534312100772
2824.5046851495645 -5135.938436483083
-542.1389195496431 3370.494909600766
6831.128931644034 -6048.857948533443
-1139.5487115782616 -9133.803475342476
6931.344125870299 2826.692357425647
7704.410216835906 7998.014389113181
8683.372337773024 9952.584153468717
2708.050630331567 2978.34458817037
-4972.638542655656 -2479.3433664589375
-4712.394526875463 9244.337695034155
-3419.3452970021744 -2902.506112291374
-6360.958685535614 -7750.352772411014
406.8200724711096 -2163.870267232106
-4314.701913835462 -7396.063534416824
5542.738851742124 4918.869227387195
7940.827475034148 -1179.9813793791927
2884.4639936434487 -5881.939179531652
-1275.7799683860394 -2286.314533306928
-526.0399944751898 -5290.676633260167
-9346.389414911417 -6588.584369205075
2795.2465080470483 -2555.62465639104
-3011.534900877142 -3043.6755105001857
9379.872645807754 6888.278691842785
9135.244795932536 7662.865499723004
3838.052919301321 -1851.437492955004
8513.372138585546 -5344.044638781289
9373.206899493569 -3128.6482993416475
4981.80196562763 2440.3425642823095
-1095.9551805818355 -1647.7287293227928
-3844.568060398761 7881.207871569437
-2890.245860301139 -3292.4317934624805
-2805.5231833437947 7637.12783813629
-1969.7558791591182 8273.541125930587
9028.844347182068 -5128.302237417844
-9705.18978839227 4750.018431582053
-5516.545309283638 -8019.73072174019
2618.9915541086357 1076.2954746266623
-3600.6480067699795 2103.397619936988
-4099.200894725143 -9374.411805159247
-400.6346628097399 6358.773446640524
-4936.10615240484 6026.715077013861
9425.97441560118 6008.550519191547
-6263.293173712547 7769.38697761275
-6417.046601108883 9189.146238811969
-2077.1049600748156 4722.124607433929
-8858.73478101149 -9634.250201753754
1009.9403885399843 -9210.50359515443
-7176.4182699378325 7333.916816656871
1779.0883766914885 158.01261560949933
60.723649033754555 5375.809295972476
9521.25166380893 -72.32949527468918
-3182.7971704071033 -8911.23773187533
5929.897238530259 -6601.1869853523
-2188.022577553139 -560.9491443796469
-7866.664501048159 -118.39869833138619
9514.412885298138 6753.8607238024415
1045.2554102575905 7618.069138802875
-3825.630772375248 -350.36880224297056
153.73900419737583 5254.388108359575
2149.2250533298447 -4694.8989671923555
7935.399193882306 4273.608045058483
3919.5668677917365 2022.5348123406475
-1727.299486941145 9896.825413145754
-9560.827554746385 -9319.233553859323
-8431.091619279501 1183.350422908039
-1156.1772443691807 -2531.1407039823735
8696.54572960647 2408.139830821008
4047.383556335817 -3800.6752686976024
-5518.38530509694 7267.380359128023
-4617.487582817034 4535.016058958117
1117.2671632229303 -4939.201685321693
-8802.7637137633 2623.9473817210364
-1282.9943662067672 -6278.101317205024
3197.5698163682027 4921.471188189551
-9841.094723130684 -1584.986521499739
6330.23254059729 -3610.621427123737
-9561.254255127427 6390.6857764673405
-2871.550395059595 2796.6549051727907
6941.367134740722 -1111.4280483391576
-6302.295517901433 -8493.212295464218
6355.943115600732 9099.703390237195
3897.239622659288 -6078.342896988213
-3597.700961812511 1547.6096788550349
4776.9895020976455 3662.2215616322137
6101.785052958372 -7279.551023391356
-4041.4502708220625 -4398.654999366529
-2982.3604519499368 5383.960236641558
-7597.31278340646 -9975.712898024949
-293.8329961116269 9727.701470639542
7884.797759232024 -6522.483027938262
4561.480856177401 3344.6978431411935
9503.634812569184 3276.6852246621456
4302.942120611684 -982.726923615397
-4322.474313825224 6179.725160855141
6545.862371079558 4379.506348482253
5336.2153895668835 -6608.771535463525
9212.41328685881 -9250.602807608508
4395.361272014165 -6150.612058622073
-1018.8807349220388 -228.50754493128989
-2895.3660165839738 -4343.045825132408
-6460.304543971871 5983.374934903368
-5510.739475829345 1552.817833428273
2097.4129771478238 1017.0725181115067
-141.22303994842878 8480.974041218877
5429.572054462975 -9130.891545631517
2235.6434058912855 -6401.207064560872
-3331.929557870215 1520.5575829978916
2560.2884232608667 9476.671339668428
-2881.5307224548415 -9838.85694312446
-5341.936664055176 -223.70862670060706
7575.35054684331 -630.9427817457417
3207.47947330888 3354.881268915031
-5075.823050819929 9820.842302801859
4328.019199243539 -471.9818288846127
6259.272183371146 3453.3352943391
909.7070895233064 133.6709848434839
8313.935451034278 3472.325097838777
-5564.450937088223 -4924.652233749376
8690.1216549893 -9799.766054315081
7801.833854429606 7182.349749697543
7191.519329251718 2477.7876075769054
9520.21923683006 9510.309637812883
-9494.734986673217 3182.297823144374
8689.406335598771 3615.334318096593
1543.9396182067958 -5602.1662045908215
-7746.85764025467 -9129.764348433373
5950.896642286212 -7129.781400450234
1315.1670680881325 -9448.511799872991
2588.387591405084 -397.5591577985688
-8339.354250431814 8210.702401892606
2269.338193415393 -1206.272485795509
-4862.4672617683955 -4245.429496431257
9560.053154960799 798.184588592936
-6819.789861108944 -9307.612399192398
6172.525297737151 1376.5602403522134
-8488.342167003546 -3829.5913258486244
-8718.56909199304 5237.350513318561
5939.31627661393 5697.467685189968
4042.2983939015867 -4288.881267801407
-6836.2879656738305 6876.425620493708
-3346.2488912189965 4374.553451264073
7647.812215142534 -3008.817006207063
2498.122133657889 4538.455974659028
-4151.002671790858 9959.146718492066
-6788.850684200284 736.491415634584
-7505.569133569845 8944.190383622434
972.8671388684361 -7300.793346720462
84.52342213790325 1835.309880242392
-2121.7885041685095 -3229.5380566459107
-7561.914601522423 7831.33574673735
-7062.729624576363 -9678.907501275147
5846.676530406963 2532.2040332497127
9071.507324998503 5437.25992057682
7284.562965854064 -3777.5335539393136
-2586.2990852654666 -2991.3789980559204
-1875.4027103066082 -4557.14125202485
-5714.254952550357 7314.086946556061
3939.245686958264 1480.9073395744326
7419.860014148602 4300.611469814472
-3780.1035431311484 -8928.282338956878
-7694.827014099306 3973.0964081575476
-9773.521085452787 4385.231289334217
6983.036177489685 -1338.8360118702258
4683.3383075903785 -6713.590061502988
-5819.155173783146 2401.1952335548467
-6333.780860480653 -1110.0564966601432
-6634.457810083459 -7730.2984635566045
8779.104443376105 -8408.745636423148
-7885.616245887963 -9773.266201037279
598.5787432590714 -959.2922245227473
6141.959705684138 -6124.287108426544
2367.2764193751573 7938.113422651222
-9611.136390778556 6518.702721771773
-3953.103190715011 -5940.261707095524
9768.813763642203 -3016.1875918231935
1095.1545198978347 -8409.77055942056
-2512.566657063353 -2075.9327311177085
9709.963491310496 -2383.0177551231445
1287.3050442293516 7634.750422675155
-1211.9618700948995 554.6608841943707
3540.3150152002527 -5091.141141341378
-1525.9858155513139 2302.7200316277813
-200.27582005176555 -952.0038196067017
9930.095311324723 -6901.049859876179
-7759.211943407236 7868.653640243996
835.1297883552616 -4682.795417990273
-639.8283882567084 5391.515856321657
6125.945691288545 -2132.3571772081905
1370.801802825974 7874.057777668662
3622.657073867351 -3607.0332724761656
-8079.790163536034 -8055.625427091107
-566.4206462249367 -3885.714402519052
-8923.175591384423 1816.8316576655252
6414.284696873783 3965.413058825725
-8029.927717106968 3917.784538261969
-9540.758644818568 -5435.469826110553
4036.566422757056 -3277.729884571343
-5966.610383967228 607.3394870456104
-483.9477657442276 1200.227463101357
4104.900830018765 -7574.039528714065
6657.194730969666 -7006.530145852379
-7480.711286985426 -6257.015001140591
3034.701250096112 -8707.72855730214
858.9359463825913 -8939.720299596047
5445.6678467636775 -8646.89482413343
8961.011116943035 -7342.749235200128
9044.457972238059 -2303.2887928032933
-3479.344683479939 -166.52817001806034
-2308.1844415353635 3248.3388781641916
585.224392585953 7815.712517011543
9935.332148358546 6029.657738008318
8249.28190673934 -3340.432820455224
604.7845249182119 -515.5062444597297
3488.9347133280844 3511.0470346017573
6697.271761435786 -4881.802936036883
9828.02645948211 6753.6374841803845
8043.482513764273 -3146.892165285315
-3592.4122290225905 -148.49919819684146
8187.836459471564 5350.246768107085
4033.872150467854 8109.642275292004
8981.638553466928 7519.9995277825765
-90.8066253408615 5107.0239122741095
-6420.1958693297875 1542.238214474146
5003.69734471927 -2781.240179304894
6848.108861768553 938.9671735360807
-3594.8954858384295 4428.695347601484
9629.330391205687 -7409.759640274918
8487.363687807065 -6456.188793993926
3883.050441114552 -6943.248911952704
1368.0677305122354 -4042.9362535864375
-594.706059764465 -4829.838943395528
-7121.613289631266 6265.424062725084
-349.4094354108638 2574.874995230659
1148.175420136753 -9664.968568704806
4120.444718072547 -6247.357838859826
-1087.1732379359037 -8184.4586042835135
-2151.386404126026 -965.9965478586964
-2222.656379098571 -5359.101193632778
4704.988269207777 -5801.720566846309
927.0095554065992 -4286.085286079915
556.2944098513344 -7513.570691493065
6152.940690985628 6757.208366616425
-5236.778989078541 -6801.212434680546
7564.717562900369 -2776.8039932950096
-5940.002377810579 -477.67710213340433
-6008.81001814999 -8809.00335984711
1553.8520443497418 -9170.262394948986
-5175.536812950277 338.2607661536658
-4601.825870294369 5415.36549347574
-59.02584857905458 -7638.908334646657
-3365.3697679427187 -1519.5049979323267
-662.5217588514515 -374.6140145806039
-6234.125979166161 7153.394405014256
-9751.335334208003 6368.075201914993
2811.900407066254 -573.0256299513585
4767.03915407818 -5573.0970345190035
5919.506910956659 7119.678523966559
-635.3995897275254 -2737.4638980924447
9035.72099744853 4312.8464967971795
-780.2415862923881 9946.956162006987
9722.468314893915 -7809.541600767125
4881.8438754671515 8827.23955327762
9881.157543700017 8804.814436379947
6559.4588309041355 8733.989841804021
4972.261174157251 -1985.6313922403415
-7802.163992003472 7888.837578811781
-8743.611881705807 5687.588704234324
-485.7339438686686 1075.5882671321178
-4350.26303728489 3239.3694982024135
9289.576850437232 174.74505597782263
8978.237359808067 8664.183922138582
7467.534291514854 7821.29549869824
-7268.91793838915 3452.815162117193
-3007.0420225249063 4730.807683731684
-8144.231574505015 -9872.837089275832
-3176.760114705162 -5850.964977818833
1703.1692068182383 -399.71961064260176
5176.867445351234 -2084.615775441456
5922.555088127203 166.45221555267926
6836.4555163711775 -2209.2365152621987
3922.908790385496 648.7727171139486
-9797.303013116043 2985.4731731260363
1458.262535924583 -920.6429984122351
8799.547255452759 232.97323291425528
5961.213113729553 5259.953074333613
-5940.124105562923 6290.50036836507
9440.157462264575 648.3961728406757
1474.7002069711052 -5592.32370071588
-3927.7879015780345 -7761.006931895508
-9431.947766590802 6089.402617739455
-934.8217608359428 8452.585503008093
663.4112929792063 7389.489148597204
-8071.671364054997 -5475.308331314614
9036.551938090608 5006.624297554667
-7016.817964062127 -7522.207236875209
5803.57023139205 1614.4491916334755
8761.859085305092 -3513.5264716848624
-9228.263418526061 2142.6552925444103
1882.0028062684905 -1708.209007077925
-8515.246290267058 3136.18163248736
2053.662778645399 -706.097431673581
-1177.1121623321433 5854.737520386494
5064.939240265818 6049.633156856427
-3227.646342269528 -9564.951895487988
3909.602616477632 4124.326364177479
6357.241365650883 -6776.642473460952
8661.297813066481 1594.9738844645108
-9768.825992338181 2295.8958096603274
-2734.647913431023 7974.280343566334
-5945.202015996989 7220.160888710492
-1889.3787975775167 6922.964963276037
-6460.889859735304 8270.035785231641
-2939.8042620685083 -8159.721198864915
-8086.46856191489 7592.901893040726
6561.219011189933 2270.3456645806546
-8418.454743897975 -9762.922493577193
-7479.549486109658 6034.614741383031
5855.625844710239 -3516.9350336350117
5823.634494434786 -2901.6428965222094
1917.0821915383422 8582.238464914608
9693.129760271862 2401.7933181221215
-5474.639821374108 4791.772369719234
-8480.336816014937 -7765.894859227345
1505.238511712785 -8495.242428980127
-1629.5213462076808 8201.227587615936
6669.271246723547 -9690.389385855151
-932.4415487490714 435.9910443693643
-6413.269298763393 -9026.958996597734
-7453.999964532291 1421.8158303061064
-5510.786740647362 3625.9959154044627
-7855.962036008837 -2351.1550024511844
2606.9706656400613 -6157.844802210957
-1457.396582560992 -7705.968606558491
3358.9467857597974 2833.708615469317
-9736.272581048002 2214.3764563758796
-9926.602466923938 1649.3052844414688
9953.494508905478 765.1462466651574
3294.8753520421087 3044.215844308559
7116.6568471612045 4302.577188681569
9237.278549129853 -2397.0888673912305
-6463.562715497617 4703.213689444465
-7428.441852701524 -8270.589289286683
-3695.5602356725685 -7170.307662030711
1490.590282324736 4280.915288415832
-4797.992420056578 -1404.5630841706243
8872.623205843953 5905.3934051619035
6115.760446905659 -7871.610764785277
2368.6185525331057 553.9440541188487
236.46651297399694 7506.546938273197
8367.707295996912 -7826.080923808009
9981.789920523956 5635.7522659186925
-9951.106186687535 -8751.055180691796
6899.879718001328 6062.81434082638
-1893.9571400095765 -4362.867352120307
4252.161752785303 8864.719061256197
-5762.910775495245 8068.930875770802
-2459.897205167882 -2772.6770172019587
-7882.675953029412 8701.225721692568
9932.126896035152 -1075.4042915874634
8330.507235827026 5284.451313161513
-3636.7370168026755 -9367.874198141231
6610.470544505406 -4215.370677182784
21.516436934305602 -7143.73837041029
-7250.220913428864 -1287.584709955041
8001.359400645633 5232.91307285368
-5339.080686583966 -5053.624004899267
-903.8632861657989 -7952.295940051792
2329.4028931289286 1497.8958770495428
-3982.3924658514607 6051.81222821795
5777.062782342398 2450.249028020211
6772.218953271658 -5004.50558690485
-4342.257803736873 -4785.463044757949
5490.152856195942 9773.951235391542
736.467034122028 -8719.646041052712
1694.5525059401207 5677.84065293093
9257.115259200371 -200.81297463973715
-1185.2214893328419 -1036.5958099094605
-2917.5130987336042 -376.2762733773652
7688.92279037321 9804.83317587182
4494.595647362188 -9163.610777535265
-1132.768805801823 9664.145905425346
5671.907479300129 -9664.403357579127
8719.484067778845 -3788.4830188438264
114.15035749671551 -2291.651737596665
-1334.2063944028723 2151.6447355476266
3664.2380649556508 7402.979896425339
4291.684728992719 5659.40808028647
8280.743328596018 1126.0004854058752
1674.7238637385217 9600.711920154386
-5656.722849859022 422.1322514635649
1941.378346233243 -5687.916205928945
-2972.97789130011 -6443.186167321504
1889.1886273604614 4435.236837542667
9161.58267431186 -6894.413162238499
8450.737425568623 4150.469507677733
6993.224003632895 -8935.060101998391
-2157.6811891427105 7125.432263996096
-7601.5354729617 -3165.6593021783783
6431.602367720221 -2406.55278917365
-4649.0866277005425 -9920.653470671208
-324.99475823968896 7198.214705860046
-6177.873202125906 -4729.166068666086
7916.883914217258 -1410.586391061066
4801.186245572082 7605.550291169846
-6590.934014780312 -8773.65803506431
-253.41086671682388 -8951.655357310005
1600.650245422621 7444.4079169681245
537.9621290362538 8396.582478161792
-8435.592997483123 -2438.0599929045247
-2125.994690000106 -9447.572243684166
-4632.482247497196 1652.437568757272
3066.986500640023 7598.802775204582
4260.801759444637 2580.0363773670615
-3686.9923604810565 7810.017494893982
751.9765008501308 -6.37163884774418
9771.17384728984 2388.1988739253193
9944.916368967166 8197.727015981873
2163.702316637833 -6498.179457390512
-9031.730741981211 -7834.18212201313
3112.911920220038 -8887.220266651528
9883.201860683846 5434.607576715227
-9940.05820644978 113.62639401300294
9151.454358624615 1215.2245246146813
8363.955414049786 3456.708990174402
-4438.718497386278 -6219.914179787072
-3940.5074131095816 -757.8415166318991
8450.27530258377 -8968.187938809522
8753.530494412946 -9858.219902932266
3130.4584931144145 1133.2039484571324
-2727.2648209480894 -7928.909342074599
-9387.540836498416 -3825.0214618928567
-9074.721471913717 5681.880737439153
-5958.035651139564 -5919.402563155629
2620.5083117040485 -967.1433866959615
-5296.924504728213 -3704.811223266942
-1406.3370263010765 2706.0518204123855
6009.580608263623 -6721.787177470788
5111.732097655589 -328.1277649368858
-7403.425613569667 2417.1827261228445
-2709.5365343883395 1365.781004867793
3441.2531331792725 -6297.591229667701
-8968.568661302375 -1275.1993001821793
-7116.867778919786 7350.37988192794
-1908.0173118232178 2342.1472321252277
1480.3231346188877 -5463.928631471908
6429.7825977268 -566.5139085642659
-170.0721807550417 -2507.895501412443
-6782.407691858758 -3031.556151806205
2797.0056792072555 8455.356799940168
6302.812820280789 -9893.828770435104
-962.0232295908263 8289.260274688386
1390.239539090253 -7016.094413163764
-8729.26422120881 5082.702026414185
-3144.627095224777 -5057.359781821333
6435.146782115407 -9375.923886670233
5849.544032961236 -565.8352407985785
-8295.990607329424 8371.713204829302
6237.012675469581 5138.893811796854
2245.978728131886 389.5494022085095
-7091.89317846316 -765.9409099479217
9708.341680033314 -7310.430358502488
4141.37901832352 -8713.003234036465
-3421.0576724635275 8520.211246480714
3941.6557875404724 2908.4196755850353
-9097.026740668203 7362.5585165412995
-4340.23174686895 3085.713763302947
-1728.2567583840682 -6256.160049896857
-1296.34331018788 2026.4634400220639
3566.939808636751 4450.369393414077
-220.55160738194718 7377.5607137701445
3635.317225448436 5319.7458376070135
-7144.990695195331 5845.4097742835675
-6114.858424840979 9514.777603233597
7917.386981250413 527.8980041957238
6737.128568103217 8029.252668925441
-2400.5418440866606 9678.955717701108
7929.02827698665 148.33255508260845
2880.0026976357312 -3838.309143386403
-2135.6012274294862 6684.004252657098
-5684.658881831259 8506.228322999788
-487.4680580856402 2028.6834892140596
3639.5643433252862 -5726.441546912036
1807.8950773195174 -7582.286089204932
2074.3004524229837 -5663.164100480535
8063.861527285058 -2735.835762255281
6317.869856025603 2726.739817749054
-7393.102530971516 -1973.0105763830252
937.5805996406398 847.6562954269375
-4346.198448524769 4796.262804251972
-3232.1765434033623 7156.603031136958
6395.973937396302 -5373.143080781706
-1079.4580912160854 3806.971247901127
-2678.878720625148 -2375.398947852005
-4856.462243606965 -9705.684216214797
-1005.8115669673989 6886.599498072705
-4483.991480572203 -9198.4181672005
3835.7341592963094 6620.048376095099
-2150.413466082242 6726.311443735522
-122.6375123494563 9111.553279599339
-332.9167021152025 -1217.4706090162163
1040.222845348053 5691.5962854641675
7260.033964263181 4105.168793927072
-825.978932964541 9436.467273389313
5080.045514777665 2945.0419126404377
-5089.642567233123 -1927.3829709580978
4597.863477111601 6827.533802698799
9325.644659094822 -5603.93485728867
-9232.032707916469 5458.33547218035
-3524.760921443244 8492.130358768227
6365.430983688933 3194.7056066616133
8051.850865893677 -8861.57266711067
-284.33772758628584 -2439.106473726187
5737.678604523018 -9003.289646605352
9716.57116187322 2071.517304353267
-5738.862812264216 9546.822244440493
-6443.398802551914 -6463.148865592103
-1264.5465690792516 7188.643733857836
-2839.0236755547176 -9940.873263613106
-6452.200821513665 -8464.393437305813
6152.414851834012 89.10646748739782
6884.051096701656 -5354.017828916204
-4008.5232913052478 5197.355450098274
-5084.33912439715 -214.17344697587214
3965.6060954585664 9624.784130669093
2741.5366051022065 -9709.902813203802
-7175.153072224743 8212.188193182148
5369.2336212211085 3186.1393903329918
6116.107086623237 -9031.317648294746
-8663.83727159507 -1533.6274515480054
8646.762206615538 -2675.9352731766503
-5987.066527759836 1244.6811165153358
2012.2901569963542 -3979.6832109312
-8802.651559324826 -1496.3427869956886
4751.5295898151635 -2367.4098391070156
2298.978233136486 -5262.490615753565
9447.076040464723 5870.199120612169
-5769.348682172304 -8481.898647348056
-5032.78002049427 1093.2826377051788
2064.5929683468275 -5140.7585286532485
1049.7471717015778 4890.964210113496
-1422.6369028610989 -8772.996267318169
4556.825445548198 -1898.010813735391
7999.145474984594 8141.514680988392
-8015.896352903717 -3681.020904920935
-6400.657536358185 8538.292825552242
1186.067219012446 6702.593788906746
-3818.158980235753 -595.1045765538584
6783.581037756994 -2157.945105275445
1129.7233452278706 4681.267398125659
8348.479556367663 -9566.363289656303
5330.5949896778475 9.858879252973566
8213.952895082144 708.8843016796218
2130.1141249971442 -7355.777616533867
-3361.6088399605596 829.4809029348653
2402.71499547243 -6327.533715479296
-3945.7472151687934 875.8381243021195
2894.9157708798884 -8315.413778855036
-6737.563355668861 5591.640514881874
-811.9848992141015 -2889.633344331066
8686.5275143197 -4293.26584458505
-56.613937011685266 4677.188473923723
-4819.786377110689 8445.900013597951
-8465.017459880837 -2215.258797362256
5385.056537680521 4741.214665572485
7740.0721072686465 -6933.707601579693
-3735.279858115079 -8299.146594922477
-2149.3674374874818 -3996.1751525804348
-7804.340216358991 -1952.650776063405
-1615.7648133314688 9187.008148383236
3873.1863959624206 -2476.5212005171525
-1485.3373256043997 3653.622649950843
-704.2840732524328 674.0930353931835
7408.897737982021 -9278.280350947867
5218.9379843258375 8947.384807319155
2848.5444516763455 -3178.551743370077
2725.521244102696 6719.22152030273
4830.132482273704 7057.141864310888
8934.905091048731 -3370.6567286429645
-4719.829994008828 4577.9100711172105
8381.608843372109 1528.3717725506176
-4412.778440106737 -7692.359249946628
-7780.588878313081 2369.740497336825
-2655.3222848749083 1182.970325533077
1162.6582551151205 -4459.192401022785
-1485.690874750926 4770.438128897862
8954.85562731565 -4587.431805863697
7162.087862580684 -6018.299483464615
7158.615622230867 -1702.4554126936528
-2015.8260887523702 -2421.675310038291
-810.0700345466921 2540.5828591693007
3032.3690710142982 4255.359129450178
1773.6537345154265 6127.447286292163
7364.745367579049 -9684.492031807635
5375.977995795922 -2018.7477135008303
2788.5609591120683 3293.4176481347895
1673.5934822269737 2026.9339021217274
8428.988243627671 -3637.7783637898146
5748.13385272527 4139.120764655379
-4451.423262155329 -9047.842057473705
3448.413145433393 -8751.091805614384
-4141.215862428795 5733.718939845556
241.86056640896277 -829.7837390029308
7506.316987126302 8965.465988473308
-3119.5264994612608 1116.5451839686539
983.4272828552603 8179.273779105177
9335.514272886303 -7585.880016258997
8402.710729224607 6273.451121280083
5709.075773031498 -1422.4456205133665
-6106.629306801095 6306.820163365461
-8790.442960099752 -6300.6689937707015
-9682.686599180743 -1365.491822031261
-6218.0131746496945 4014.5490717721696
8069.835615981319 -6501.151672878549
7613.046774159586 7537.5432153104775
-4578.908599887339 9786.455454978892
-515.4500499854148 4827.140187629
-3329.0821180321873 -3614.8125099688077
-6171.971422103859 8222.466523351199
-5668.994027421674 6422.36807148466
6337.01014348615 -2698.611830258864
-5385.18472290383 6638.297570897463
-6877.553963376884 -3151.189053143279
1707.0343073889817 4246.735045688354
2650.675658176264 -9717.770563194741
5600.793878062324 -8143.30388596352
1082.2115581089965 6267.066236275494
732.244929446777 7377.561015375333
8133.542770913275 9164.508655598504
-1791.471346702774 302.1443768032441
-9786.956037328115 4989.691040605972
-6883.444724720355 8360.043145263542
-9663.990709424384 3718.2391905029435
216.43582403907567 -743.7816103116893
-9797.289492342286 -3935.651387282209
-3735.2038626816557 1057.4440034205563
-1172.6984919688894 8263.71595865317
5279.624985523778 -8238.109125093415
4234.294808240691 -8070.191745588171
-5750.293754541671 3684.78692596815
9993.235789750604 7712.108569657867
-8891.907195665422 1515.7449175097354
6741.113085259865 -8729.868225250546
-5769.51430626558 -5749.002516432131
345.9480118987758 7987.156742887626
-6714.208492659893 676.4522784885903
-7006.092794224117 8882.785469335995
4957.530437931226 5675.119208035261
-8763.795265298859 -5656.4063538942455
3871.1851865767294 355.13143244425555
-4089.0634999730073 -5423.716069921494
-996.0286434491809 -7157.774148528135
-7141.065768726699 6097.925257910358
8919.930562771464 8553.218368305912
-9518.403030519967 2113.0054480448
5364.647998576047 8864.654014925785
442.589631583729 1287.1846922419209
4070.298063082035 5313.471941196585
-8805.809683309775 -5787.202909138853
4063.1370831839195 -7185.813087368189
512.9785704458336 9771.294504807916
-7668.037147795481 9849.737128170065
-7141.532611647978 -5367.00404475783
-592.5372543963895 -3809.193298657303
-9877.822290313314 -1705.3484016581624
-6781.207747750379 -578.905020533999
-9786.427514431622 3340.4895934735305
-6464.885892296841 393.64599179084144
-3066.836903878927 -3977.42703804532
-2633.749601147044 4716.023065041238
-3287.985824198083 -4208.553862245572
6887.994634301962 2459.761187198441
-6949.223039347543 -5931.787757863776
5774.046121885476 -8487.813583660718
7870.284739198658 -7665.669286278753
-2742.0736794042023 -8663.647247554229
489.65700274630035 -2474.413278231291
-2185.3475021783006 3377.4939389268566
-423.24388107805316 8751.842094326388
-5956.661016855691 1952.058784105855
-8830.245124926594 -6475.6730601155705
-2851.681749321049 5178.035378576242
-3252.524150708223 3957.3887185910626
9357.761292308373 -647.0546541724761
9330.066187278462 3821.7842071930354
9685.199895620164 -7841.470802937593
-7279.511105783849 5861.730128790632
-7369.250966006295 -9831.18348799194
9251.199488729508 -4551.884746344095
-7264.762664669195 -5639.092681898707
4779.308720698067 1425.409060067388
341.8644073675023 3675.4781640618075
6177.406996238296 7919.968981332087
-513.6019220277867 -8853.344970242331
-3803.834820967433 1912.603663296406
-2471.6568124910164 9718.565816238992
3328.70437759571 538.4039465047863
7951.916214088971 -4411.459502589177
185.65266348896512 -637.9869747412249
-7292.938973536795 5764.576624777192
2893.7031019702445 8286.656328906432
8527.151768307413 -6502.647975405114
6159.400611663099 -4709.58305915796
-7148.5608510738775 -9655.28041737
-6106.220163206921 -156.60866661193904
9296.691645819756 6849.268724116959
-6327.599603880841 7644.521760217558
-9936.099134958136 5157.213771754119
-5190.789276485466 -3772.946837508922
3232.320024665072 -3620.506683405738
4451.601576797593 7016.722983913442
-3415.488145028804 -6906.338658813587
-6142.109309481368 -6413.054239790896
6422.487013393838 3107.7680994535494
7897.4120148434995 -1859.5900112105483
9776.428611722393 4455.114205044503
-5182.732129245233 -1343.3335310563234
1473.8901630937999 -6438.599133616989
448.72211790101755 7680.435362193861
-6271.2246690834945 8623.464257926298
1280.115219524183 -9614.479819418426
5225.804358886424 -1538.5720702439958
4202.080415959052 4334.377058529277
9117.580339500717 -6546.217788681919
-2765.234921356514 6263.533292476919
4917.779895278101 -362.4680636914636
-4824.3570270319005 2260.215706495852
7965.391607023765 -346.7715590127027
6860.432507713183 -3144.3000333510063
-8048.664829232959 4937.350420274908
-3391.4748255819522 3846.0506618788568
-5059.7977175244705 2412.156925656105
1428.2482113302958 -2938.9222321952493
7386.266041264229 -4104.21213311972
-2313.8235410543784 2837.487415950307
1834.3041611769331 -2446.9513690579233
6198.633886518821 7612.3683077408205
-1687.797112910721 -2070.0305344313
3082.4087693356832 -6161.690625472833
6863.698981641093 -5537.113372823002
5205.637391949962 5331.592670164995
9236.034303855777 7825.448282784131
3708.6961617411325 -799.9272727681127
-4571.305453399857 3074.605271776665
6818.858030028543 5657.503650991312
-2374.1746572369157 -1720.698499514412
4061.3791797062186 9316.234590777196
3976.301412015491 7163.236622620272
-2026.4199115244173 5960.345333206778
7751.856214154941 4265.732367597087
6557.39217687615 -2663.5446190049315
-6394.933175979217 1222.379409566507
-40.24716990115485 3159.5959218877542
1965.4035684089558 989.813361561959
-1750.8610006609488 -5683.31484960303
5052.962392673357 -6813.385822400158
3660.4221133711326 4160.309871893714
-6444.1077948316815 8194.9810977261
-9690.849738343923 -4179.330965467594
-8291.046013175213 265.49335600115774
7130.261220239703 -7376.308193450726
-9672.961718101476 589.922805056478
5675.134663515402 -4011.503703917514
-7711.12057130533 -9845.276242439864
3404.8062227981336 587.5222831557785
3032.616790163611 9160.468631209751
-4753.941077829582 -9912.19081451919
9816.253680773134 4890.176967746054
-8568.967114580384 -1547.9370137398746
-2187.5329309642357 3132.119313656125
8019.8772612597895 -8436.692121084281
8548.637683460642 9610.344084773176
8009.896676248714 1847.0639377194966
-3230.62834276985 7348.835847837028
5563.53653750778 -5399.829754296388
5490.18263845517 -6507.139713300625
3641.459324593825 -1104.498652428998
-4172.571339121838 -5166.28899669297
-3794.1186268304473 -1782.9887680067059
-1869.0169349253028 -4869.267177170522
-9836.77158449939 6389.666459570701
-5987.458535363175 -702.8487440104618
9344.086716824404 -7095.9899994774405
-4946.137505534341 9613.885537598282
-6927.664306777179 8395.235952561943
-6704.346139337018 -2641.804306980868
-4745.763611071212 -4178.173515856854
1049.2148470840693 -418.34632678369235
6422.178329696602 -4201.056791543731
-6860.644235745525 -4755.407141292023
796.6805481616466 5576.935939870118
-6621.473598518773 -2488.1494470849466
-6815.853107416292 -9684.521227187424
8888.478799001903 -262.73894497213587
-3593.205341712498 -7410.997881909505
-9172.792192719926 -8487.970092703086
-1034.9328997896155 1469.2463223435643
8145.316009961451 -1875.23873921607
-5238.240966510086 6065.918974791719
2187.3525567122015 -8121.426060711636
-8029.020753021048 -9933.406922396354
4270.083050541425 -3066.596734511553
6513.992717771598 3602.1404983634748
5811.057775100899 689.2238866557891
7107.87985338143 -3325.85172324372
-8852.75219995599 -5801.388649109888
3481.862713524806 -5584.07067610847
-3125.0775964442746 -8305.31309712709
-2889.9456584245754 -1381.1132884760227
8358.356337379333 5043.17562959685
4688.2914370206145 -7758.853462282258
3996.3528228111445 -7225.0614515034695
-1413.382904986991 4025.5472159286473
-9098.023583559498 5328.013138573404
5637.8895253967385 -1110.7975326628075
1842.3024653688262 8225.847114247397
5876.89381255885 -3592.968695435832
2601.3859216218043 3141.061667707838
-3776.756719608112 4496.805313532983
-8628.93392285543 3141.7466675450905
-9394.733759121387 8323.400675137971
-2659.370315857026 -7110.06317127243
-2349.0284945575013 -4524.877795586742
4347.754430721436 -2840.4189796198007
9826.102423616638 7625.107861731845
-2730.428607396336 -8236.029572724115
-6221.813167157319 6175.980736565825
-6225.920758881644 -169.75493676213046
-9350.597763101416 4796.078604507147
2118.563531396121 3331.260792441084
-2750.019083056801 -4709.261751018019
-3126.9341094628753 4882.749090223071
4237.780306596804 -5087.727079264379
8763.363421504771 -1963.6413600210535
-4171.439009501853 -7002.559214511146
2269.3262461944832 5646.830622950711
7065.410265441293 -7268.651639735788
5180.915764123303 5364.207649626502
9304.660289378946 9871.900034423117
-1994.4900772397614 -1100.3631748464923
-7670.440551040285 4429.054367446066
7936.6302086527685 -2564.0213190562026
-7618.149412177581 3578.3079661111915
2035.5646343803928 9402.10603888431
-594.6660349841623 4497.978401425415
-2656.219843035841 8802.403248025006
3924.3777103047887 4355.0217782256
1835.4271170500997 -7609.330104861953
-5765.736317035313 -8675.729796388816
9435.643129850352 2200.2512869916463
7959.151093429056 5311.134846269024
-5228.22905502136 -3710.093533079108
-1462.6503896088034 -42.02813222723671
8891.01114272503 -4962.4389282165685
-3177.4948653262954 8549.469120476311
5869.434956885465 -7088.242576069973
-9256.802906025445 -4407.427796022667
-7946.305752285912 6373.260500706641
-8157.637343667914 3131.6039213280455
4618.160851043613 7406.953514951456
6521.864912037228 -3730.579050582339
-5813.3526716751 9156.79163256906
1946.4246289898729 -4099.427150324479
7459.259045649633 5234.253439523794
-8184.948539853305 -1677.3856861960448
101.33391610738181 -2506.6227521734327
5587.007393161484 1176.8525553558538
-2407.165209396624 -1586.8659725237558
6253.242285875991 3079.9899455661107
2302.966205200564 3700.538482349777
6373.158228955455 343.2645004726837
-1253.807713827744 -1674.4478639153695
-149.5531203863502 8335.847425899905
-4207.765114833026 4921.506034526088
-2199.3296366219583 7334.42284895269
4544.048347588558 7332.402623397091
-9132.852065552148 -6888.977904897742
3664.1597723699015 4061.1353344100844
-2529.3778443310466 1046.3414229147256
-9878.822605632125 6470.301003111897
-2267.9112531588235 9215.938302007122
-7355.316944065471 -5190.04270221004
-3812.931446175753 -9318.161033062072
-2381.8909784039624 1494.3099241526288
2913.524206294971 -1867.732056183877
2705.6347974434484 5521.992190218289
-7675.492970497126 5047.353127568169
-7799.484719831358 -5467.757598340124
-8369.44327561703 -3271.1869144334305
-101.3103308130685 1711.9440677716666
6855.743253251301 1816.8040282768998
-9757.104934849332 -6383.84337879202
-6704.810445101066 327.24612612316923
6548.942334944324 -8062.5938491918105
-569.2166633973557 -2221.885878078445
6317.19825266987 -2643.3207337204803
-1424.2857638620135 -3366.673849075588
7948.732230034242 6831.7039852188245
-9102.624630212626 6078.0283301653435
-9372.998992174978 -2974.2291502985045
9972.062967928672 9049.221213079698
-307.6716937021938 6052.993485408182
2653.829316786154 -8519.157805013145
-6472.133589639253 3313.5668698321188
8793.746379725737 -7117.444667940221
4792.118356832487 -7084.753177023113
8224.730992916138 -343.32226959933905
-1225.4902817944749 -9975.086810414672
6431.009439531579 -7032.187813249253
-5283.091133219138 1466.749364817044
-2549.8114255871187 1514.9202129488876
-7864.606376060541 -8018.773074115459
-7190.181639635823 -3784.2819825955476
-6507.025508437816 5781.726766513169
-1320.774571951837 -1401.5505103911091
-2984.613913678185 -606.697411262734
-78.6832325309133 -2393.776654708182
9008.473688675502 6230.735408538072
9357.948024491117 554.2845551066493
-6272.907468111651 -4029.3101598610792
3316.364132004921 3140.7186905789004
661.8605147539492 -7504.562185666592
-9596.881928350947 -9303.727853939625
4051.499926131499 -6966.728596317486
9455.792797248967 -1730.8995300348906
-2505.08686268758 8093.385359916781
4751.744071638621 675.4376569091219
7728.5491286335055 -3109.3401045095943
1806.9970500871532 -4692.684450919078
5951.009221879864 6178.437811720516
5477.329037215919 273.63106220183363
2518.2678162591073 -8244.956253527485
3577.489222730537 -1638.9881929446365
-8600.731405053146 -8617.557848684406
3863.390912420724 -6663.914594856402
4473.080537789474 5453.105605887104
-23.956122985253387 9270.914694588726
2565.190512198973 7463.795306342672
-7175.118444584243 -4141.481102153235
-9938.072262930831 -9797.362415244283
7892.050304074939 3095.5566959059834
-6991.589448173334 -4471.48273038277
6068.136176472211 -2755.599571642122
6786.818205663298 -4280.522823856794
5883.709143902313 6646.989361681084
-1211.7998589546314 -7410.54002921121
-1620.0314907420197 -9251.990331080275
3932.4320499469995 -3079.6059776927214
2365.686056005732 -1404.905756516786
-3542.661645023488 5229.273763161293
-2563.4577327246807 4118.908749318825
89.41457786690626 3487.545256252424
4886.858990742567 -5343.875069967427
-9475.025325313502 -1867.2384905854233
2522.6459355217376 6463.459819021471
9091.967908495582 3560.130928797151
-1611.2278584460619 6381.101433199925
4529.110406383237 2254.2384035436844
-9448.011216766186 -7660.996475202293
-8989.62092950927 -1181.131112182853
5335.433276680053 7059.685398747224
-5140.670481492053 -7614.469059976918
-5220.849636805833 9096.33347259444
-160.8962394559694 -6771.080124284796
5605.071553904363 3255.1545585229123
-8529.607855404534 8890.233018500861
6593.803916658653 -1513.9172565616445
4521.03215996763 2706.88385090826
-965.5180629222305 -4513.889885484384
-5372.674170022533 3369.847081600372
-4212.159266022357 8544.65291276978
4948.559705793385 -2022.5084061401312
-1493.4152081342654 -3429.465869624666
1822.6350717708647 -6972.56323220373
9686.019019212286 -3224.68956532661
9582.092045753529 -2114.3792009128792
6471.823948248904 1147.8301737710044
4006.256034587106 -6505.5892186962865
-3469.2349461223657 -9359.928249301483
6326.603050204367 -4570.7391373180935
-7205.976686441798 4894.459069787139
-4731.121965514047 4886.0699743774
3511.74827096264 -3621.9936939283452
3306.8797297215897 3779.0449869510976
-3188.6629045076306 -3051.1861134239607
5119.261206806836 -9148.461314936367
4830.854905115015 -7834.421614040832
1182.0680140456898 -5450.015906483188
1502.907609422773 -5939.060096007732
7496.1735895290985 -4616.297061929437
193.19330403508502 6634.657401617584
3640.154582210498 5591.021613516121
-7348.134121554875 9982.736980903293
5655.569438202052 7154.788323717181
9114.740814817065 8763.81828414755
-2286.9975751763486 558.0345565330372
895.2909376338885 -1385.7366660635653
-2926.3589061955654 6143.191668964288
-8562.725281986593 158.5564002824285
552.5701129256504 7535.908420564061
9551.759623691847 -5578.227370073548
7506.3595140516845 -7682.796959221703
9441.19578205617 5736.045651473327
-5691.063522290269 8975.307321336575
-3882.8917251196126 -1356.903896745136
8346.140408870604 1141.2353250750057
-8053.115324363116 3830.062233550643
-4249.242155691329 209.76884043231985
319.03290701647893 4796.0136702859145
-3583.750250544719 -4329.813552399977
5795.201449806551 1731.6986949103757
-7731.219134964764 -1181.2545824299286
-3378.8496664968325 2005.2184505212972
343.5779920316654 9997.564444003256
5097.767880362468 7681.492111609736
903.0367541778487 -7897.784322976316
-5932.849181506854 -336.4832704723867
2650.413624056817 3822.9961241273704
-6352.357564751341 -4671.401085064151
-7965.655410901798 -5067.503694785273
-8644.339590184572 1942.878651106308
-8294.169974215845 -7095.253591476196
881.027210501752 1672.6290139610956
4380.743370256298 -4751.125557811251
36.44219966019955 5670.968113703419
2677.3190861413914 5162.869231227845
-3219.3784831477014 4503.776964055312
2939.482442060542 9460.688074770624
-6281.439528895247 88.77595021394882
-8376.704748392727 -2801.37710174079
-3888.747927218188 -9643.13643107347
-3484.8074996341456 -4975.523370717854
6181.133551208457 -7995.018859112082
-8132.9089209300555 -9004.232929410622
7378.40387387708 8994.92313396298
-3525.1357446800084 -7539.167321115603
6277.297987655211 4862.666671690307
6793.073186759531 -4430.631252387593
6900.274988759495 -4562.046218238398
3370.2586145087116 -5923.4270598854355
2522.011806822271 5234.013148694214
-1794.497494541578 3327.747681894014
3383.9830767212443 5552.461726279056
-6931.628568213435 1657.8560464126385
-4745.679784688048 -4741.404560245072
-5609.236597254999 -4086.8240647513976
3396.548814497033 -3782.5841265908293
-969.4157136639205 399.87555500888993
-735.2904343258597 -5459.090224619025
7023.587519625333 -713.0354598836002
-6878.72536042828 6082.251542038273
-7618.883262250098 1338.7483733985646
4778.173097367731 22.751662666692937
-8942.105342865627 -7175.437145861887
-3209.845422723114 -2067.466734117025
6405.413458829706 9551.22452857731
9683.616508863124 -2653.925422600263
6742.881171621157 2186.2867335870687
-2817.0680800509863 8678.91174487165
-2880.911006534692 387.8460648559794
900.2243387364597 2221.9508312893704
7904.9744910092195 -9270.68920068895
8583.430839647575 -2015.0030236853427
-3451.9506148153005 -8994.822731861983
7771.415658692586 -4678.7382517916585
5636.283167665486 9226.545540203755
-2416.209227353803 -8450.229435315981
360.42579170230965 -537.2673386264232
-4622.988006481641 -797.2586223851795
1530.1671896448952 8658.02126582461
-7872.77406809505 60.16743588627105
-3509.06290411809 8650.225118085145
-9345.755966247601 -9206.003442289586
9604.548876235713 5840.409636964907
4179.934166376946 -170.55704869658985
6398.307836756423 -2689.2333518450014
-781.780987008502 7941.135454116207
-8946.403320834981 -3339.6977474184396
-3577.2187513524177 6136.962353008215
-4403.628266945472 5425.633920967966
-4227.520661066602 -6457.382001108714
-9031.599125715253 -3323.1219350222773
8353.38674691059 -4714.972805675672
-4900.521370785582 6226.237487599146
-3999.7293752141186 5782.966465151772
-8832.72966414599 -6140.423431545798
2189.2341355121407 -3611.6310183851265
422.8329011604128 2098.9101944071826
2827.150753223046 7981.948559033546
-1723.7295786807135 3226.4062981367133
-6037.568550921235 -1088.0659307984515
-221.6088643991734 6648.141679782097
4945.559162600095 -3425.1303748710616
-8799.366606117563 -1851.483239926235
196.7479656809901 6972.58302975215
8106.939520530537 183.89068867407332
-9508.024545589895 -9260.412311754875
-2872.339632323191 -1913.349932723172
-4442.448713102512 -3579.6662425550594
8586.978313661839 -9101.413549567153
3767.291429077237 -7814.111923373934
-9798.255734309556 -2474.8943817960553
1865.2680650574566 -4285.230708926333
8261.03635966445 -1000.5397576842824
-2108.9807584294194 8622.830902450896
-7987.864393522681 5868.839307764863
-6137.002039067567 -3387.7661970513227
-579.9529537482576 6061.818533205438
1279.9638072466314 -580.2943884467695
-1965.922817471499 -6930.68056852203
-7871.099345111798 5679.4507047682455
3386.3992822625296 -3131.1087696962622
841.9825964393949 6976.213477766487
-836.0644441797449 744.7740348905427
-1476.0161443597226 -7350.8236674624295
-1663.6990027484353 6003.87700316625
9775.45901105518 2317.5022700616664
-7511.05186815797 3560.438904882385
-5434.082654969976 -3366.4784774182062
-2197.9299131573616 6459.809820112998
-7134.887071274088 -1570.319326594723
432.2159727955059 -9365.55204148989
8119.497873721015 -3789.43428339862
-8505.015210072315 2532.8729927170043
7164.772670627051 9851.435946445745
2413.5669227204944 1734.9813354882335
-1205.613779057543 -5600.116162124318
5089.313637372299 -5735.213497467155
957.7389820597473 2037.3795657353749
8166.910413553793 -1965.7056764871813
-2559.2502731588684 -5457.3821218679905
608.1538290671888 5699.890478500696
-1114.6423176889148 -991.2522331366908
6854.714336329653 -7814.736864862033
133.42609713901584 8101.711202011804
4051.700712183354 -5777.448059707819
6134.433212019754 2807.079497032326
-8879.77778271594 7486.0582974470235
2035.2380633677658 397.9355715003421
-8091.427997935874 3240.5172289987113
9574.102565781683 3266.4964542807793
218.0436162689566 898.5827163101094
1530.0858742481123 5297.335006727622
-6809.183279819195 5479.838283509966
-1267.2015890441362 1620.2156254979345
-8636.264161773019 9686.293372108528
-9983.560994153306 4865.708289868189
8633.22936134124 9156.995929041183
-5494.073904188692 -3543.088899181419
-6556.993254111083 6437.030446684159
7751.850936834529 -4994.240854069188
-6302.405652805174 4293.844312843452
-1515.1230595239176 5542.558109742584
2221.158999618745 -7763.5147936418
-8860.87193776558 3092.537248270195
-2977.509930091589 -8558.995727084355
798.0041529570863 2023.3759075536018
1193.4071516961267 2757.923139208373
1844.7713765750832 8622.795655344584
-9040.72852641951 75.32694353149964
9354.188383051463 8525.50499058011
-2783.3152082826264 7033.79680069282
-6859.680235334878 2893.887379516673
-4165.138479650547 8937.057022528275
8379.61523310484 -2332.9663702548323
5063.575107555722 3674.8635247052625
-6142.782445781878 8727.829525642228
4581.973916030351 5572.316557135631
-861.6101987137499 -7501.996908528028
38.98190955030623 4302.442007114882
-4654.164682446336 6256.159637394805
-622.6089652633909 7346.535544047314
727.616387787888 5384.019499401935
2800.1716511440773 -1040.5751439736268
-8170.739532870608 -4218.79580459088
-3071.075367272382 -8805.542497916724
-6162.437073810134 -1150.9097679018414
5520.809007069654 3265.6809668020633
9542.495721837266 -6270.606707077009
4051.6843340198575 4372.339309599056
-4632.458302334839 -3106.6834645186646
-6460.387182986904 -7916.538909208757
5047.675879343073 2712.2359195707595
-9825.725227520026 -6522.02489588223
-3211.8754508394923 301.0642684845225
1634.2536147500305 9458.444181098886
-1884.0606677254355 1710.5906240661643
8415.55307846003 -5995.8339304610545
4140.32462026316 4455.237159104783
9061.123275974463 9602.040119513102
9566.574151268873 7397.850307764351
1872.5641674262042 7691.264865318299
2562.3626508777324 3173.2791086981215
2501.5963656869644 8680.578212284814
-545.936897256006 2617.6671281558665
-3239.7149283935887 -55.58571220156773
-6765.351764704712 7080.529474660907
1055.4120792348112 -7822.994745482288
5993.656216090074 -6968.153751939685
9043.801285537676 -5418.889740810849
-4366.402477954043 -9963.440193504886
2421.8000831610916 7590.7182295251805
-9383.909053191426 -2045.9737860661262
-3796.461829099875 8174.711863621156
-7015.083317964018 2130.1089618548594
-5591.024873358175 -2758.842321913575
-457.9080224378613 6384.782000627343
-9225.825883191248 -8740.477881727482
3806.9686210469445 -7241.749110975604
912.625070772614 -9059.215729238847
-2732.7342137200094 -5736.239391606517
-2702.1377737599696 8663.068308467806
7434.856282411576 -7694.5851663543235
-3495.9790682258254 3303.0674494155955
-7651.973953404782 3954.4901668634993
-667.6179906418038 -3768.796064378481
-3584.1562587657763 5937.882272367682
8768.366879855734 5451.105243852186
879.1669269097783 -8022.524140941472
8154.845619244068 -3788.345002550388
-6333.26244187727 -1970.6090889399784
-7465.97629281118 5892.507854985979
-1946.2911205305654 -3992.78725769171
9801.59277677823 -1438.3558767851482
-2716.1419125383964 -9266.536059213053
5133.22176957949 326.1636634252627
-6804.347983850547 -2851.2582568470043
-7915.117322084247 445.20649174475693
896.2242512745852 5218.093846102993
-3165.1011475575206 -4853.484960506938
8656.247804253442 -1490.6340609095332
-1772.9726880944927 1185.8315020226437
2452.5732780678227 -921.5946336343022
-4409.724759624994 -5589.0306809304775
7964.425520130619 6081.166666278004
-1247.4280495061757 -5059.9491703869235
-667.1528866596127 -1557.078012756574
-9768.194535752753 5036.07098018734
3621.991495482873 2949.9265822729194
-1720.8335083924721 8357.596258897793
-7325.2361280904715 8289.059222009237
1266.1170679562565 -11.94423459974314
-65.7697074020507 -7153.9000320206
-1152.2646452929803 -4506.239707652777
8806.102909493504 9483.473977182028
-6598.426664437056 4233.416212123904
-8733.46864319025 -5946.554406475746
6432.584991944488 7239.574135118535
-9326.671112754802 -3937.1095691147802
8951.079112644002 -6784.897534787177
1117.665067015656 9690.953342520817
-7727.935688089884 -2464.567073038519
-2842.8232988432155 -8728.970218666645
6250.753698568133 -1380.0188715495933
-7599.666032273962 5383.684836826846
5660.4085864394965 -6366.200938011292
-6834.173028634569 5867.269509223188
-7764.8988806006255 1203.1815426452595
4319.62682876619 -9661.845363104325
-158.61056116589134 2676.5936497473613
-1603.707973870698 7222.655488126165
3309.2965427304644 -4565.05207432603
-3760.005985463162 2837.8807534883363
-2355.6028373686886 -8147.081269933949
7654.639542306475 -7281.1078603759215
-6340.780706839358 -4264.369214522716
3931.377918429551 6174.721062067907
8503.577522240874 4402.722232264932
625.6831648376046 5965.937096528523
-4860.147131151429 -935.5658958012518
-1414.8849928477448 6031.631359189589
-6499.346692101986 -1267.964672807282
3982.75519712433 -646.1766642480725
-2117.319221272968 3627.549767321856
3990.2395052709144 5332.4600130800245
72.05026305261345 2905.408616804765
-6271.804099789258 -8545.664308794534
5762.70053796104 8471.301547447609
-7739.185943592397 -2425.589969663868
-6979.044876552914 1781.169806200276
-9344.819397864077 -7211.834844673462
5865.682406061867 3725.92221895313
3504.908301692778 4658.79377273826
-6525.069100567733 -944.8708461788665
6821.508277517252 -1526.8316733540105
-3903.7028576104694 6265.592818695724
-174.14735093708077 -9764.298837670116
2429.7137135067496 1478.355791765278
5925.978312162148 -8730.647419222967
67.73593618921223 550.3636056895502
9046.397263709623 4578.210632072174
-9480.18501647553 -2485.3480430248374
5477.9810499188225 3536.216557410309
3413.454683509586 9415.588566139926
-1453.6106028317336 2001.7650013301973
656.5569888462869 7703.351950544522
-6349.073696633604 -8381.92973401267
-9338.344215629517 4574.4916756578605
4604.606684944454 -3155.660701675127
-4825.835731224117 8993.063478172462
-1289.868299735408 1172.9556109516034
6813.144549911096 -8400.506364203919
7635.36236138704 9023.024049911965
4124.536655381495 311.98549057700257
-6094.195266881834 6960.7980467490015
-7236.824669962871 9147.925492367718
8710.51331618341 -4817.350280282298
-3638.6704807123006 1640.4218160249166
5721.731294067975 -4393.588197395524
8707.920726007746 7197.746974841273
7757.491858568934 6452.076262027207
53.96300722523483 3851.117104197756
-1629.6926063156006 4852.979999515026
4676.183319817495 -5941.093753925675
8823.988984382544 -1176.2233983009046
4272.193449515242 -8416.962199182099
-7575.470024881048 -2178.3558305733704
2326.9750891754356 6925.953984296266
2799.9116511879765 7172.332494072802
-1718.1394793626678 6414.230483707521
477.57771073689037 -4207.183100557106
-2846.4081624479977 5737.545059335565
2987.2428996739527 -1072.52708375341
-9807.555923884142 2599.3738722048984
7720.604100185967 -1975.148932048247
-4765.1896587066985 -4891.551675405965
-6091.5761007142355 8417.279553168755
-8402.947257464304 -7362.348672818673
-9670.63116035904 2125.6866970870105
3673.822579263142 4099.6940614732575
-1256.1104124778303 -2102.818367695356
-154.53239590251542 4936.576395848831
9550.331122283613 3493.1006927724065
-1134.4543751399033 -1407.523829511385
-4210.622572115088 -3719.6324984573994
-5409.1305299770975 837.3843605219281
4376.831584815693 -2660.813095735717
1732.9217148815696 6031.444457228916
-676.3603851897933 -8414.76256072439
-9749.129168954183 3267.626070814016
-9294.012992900374 -8185.311950849738
-5927.159928463594 -2696.996041614503
5277.175419348943 -1884.4777398988226
-8976.51975575825 -5713.418660231661
-133.07656335683532 5748.805892638698
-4847.699792515612 -4485.751837653147
7092.619815377784 4388.692354087776
98.62487379149934 3789.1190936957955
-5589.02860201236 9520.117038549208
2695.446651076465 6438.155437546502
-7832.597751112698 -7171.716041775396
-294.1480766143686 -3366.367863956001
4054.447517611823 -7425.785686660262
7402.097056848248 -9609.335056764325
-5730.688458882342 7235.7653608520595
3638.837817109472 -9540.332692429507
9664.654420049585 6103.705421917144
-4861.611576965861 305.26923348398486
2315.5800430300005 9057.569390654746
8897.331079921772 1460.879350179439
8179.710559846302 -5593.814272676991
-4059.830807392431 -4229.2656843499835
-9093.877117127564 8462.917424211926
-1912.8516131648967 378.92940570623796
-3647.1487672161466 -6564.181825853919
3969.7594264172567 7797.5854172062645
3001.5491496189825 1248.0587304897745
9218.854351271162 5983.95988427649
-3788.1889101054276 64.13944292728229
-2433.2948142027644 -5921.027350572567
136.57683072695727 7582.552025398065
-5454.252647080393 8307.262312187031
-9876.077903874973 565.7219281416073
-6466.847557535535 9511.55258665239
559.4708801885135 -6386.789776424897
-4918.221451693423 -1108.2296590297738
-1642.4500768429716 -8155.68952198882
-5205.535582092495 1741.996224338438
-9311.868682061382 1941.340177906597
2440.0232351576797 -9674.000257004229
-2969.5072655312597 -6084.931891906121
-4424.289796722447 6504.764848047831
273.4595282803257 1988.8952646985417
4632.340207423411 -7672.941514437237
-664.0330087290095 -2841.4567805976285
-6765.357547490805 2516.76561768978
-3339.3794313187655 -3730.829332141164
-2529.167837424233 -3361.6427975017914
7936.806174552625 -7138.00195357235
891.802281483393 -9305.48039252731
-1461.1642339218706 3577.664137390826
8211.739072753702 8007.638535854792
-8581.499222839655 563.7092266942
-1.6408178179244715 7459.461705482125
-5429.677631037591 5118.725966077491
3082.3923335157415 3510.957603874949
2691.6942852759166 -9284.12410411586
-3017.6724880860893 6897.00377223473
-2710.991279069588 4583.630347390988
-4668.155534557925 7488.231620779323
2234.775871179985 6181.753203703187
-6886.227120009702 -8465.02058095771
7659.651111702791 -1804.3190193414066
-4554.191410156292 -5644.012502720492
-5932.822784903539 -8917.357070764487
1729.6397101298917 -3492.898641498603
-9312.0229539932 -4262.012890166727
-9833.470244609984 -3437.06754908107
7344.014625041469 510.3598360184569
-8041.179397460279 -3132.9486729294586
7472.47438080304 -1420.4710286239842
1958.2126511575098 -46.02786619493054
1462.6875977611944 9620.801720293755
3088.099519009258 -7181.170193240143
-5911.537454855329 5715.141238005985
5558.6297200620465 -6191.7000342677
-2427.9287356077584 5624.24939225854
-1290.4178866034981 -7371.0065564892175
2695.0562034423565 3835.032390744287
3257.537635444467 7817.182925316658
4374.917291195989 -8811.980075587198
-5209.747765611787 -2013.601700417522
5255.663089852505 2439.478291762198
5542.523919597645 -6732.927297451803
-8885.90513245234 -7232.903722417354
804.268071924982 1575.0799667661704
5262.623245318284 14.297310635258327
8752.91121997009 -9306.338942117018
5633.293951123776 -7621.63635773812
-1931.3715194886336 -8374.106404872568
7856.633024108687 -7717.250402149251
6382.343853054779 -8727.490069591948
402.81480287656996 6334.072178584151
4422.8353187655575 3212.5372645053612
3731.559164234166 -1450.5272244468488
-4329.322275801029 4211.874991189812
-5598.924332506308 -549.8463386524763
-606.8285394188097 1057.5878629447525
7215.287927711863 7152.0851654810795
6125.807025028842 7413.356909629518
3742.451456061024 8245.016034740507
8982.226128708597 3614.167981907067
-6082.781371627561 6036.078807858192
1616.0421112021213 3665.995303645939
-1057.9203920363962 -8355.555573727324
-5775.71175079064 3188.875823656843
8333.035079287427 9468.630559970945
-7326.325802643256 9639.437406334786
-8291.746709688565 -7291.773484917203
-7352.767525954216 1871.5973757275042
-3202.6257387128408 -3093.046918839057
650.3420170268128 9941.8016353313
-846.9739580153291 -105.86547058205542
6781.527361944183 8037.830910712204
6175.026787729399 5036.811161744039
364.83325317318304 -6492.132945555613
-1688.343485753152 1374.8831095610003
-1143.015446659243 3189.1450034345835
-6318.720026673117 -1003.1707741025093
-7116.058003423905 -5416.7930233622965
8861.51428577672 -9076.304838011629
-4172.120527369747 -6102.606283754141
-1777.957596469323 -6195.7825968217085
5077.005948028853 5569.89605879834
6931.073466916481 8884.089129582528
-6132.934477229988 8618.322512466846
8644.36513361424 1997.534697144969
-2415.2453946420756 -6000.58564722505
-2110.378521513774 6739.5274032733505
-3530.2944000629186 4140.177670873643
9287.991410409388 8512.120669059539
7843.082465453739 898.3742358588788
1008.3018223470117 8798.53885289808
5307.2510889296045 -8567.044705556937
8228.552877059657 -1196.182407591068
-197.61362004704097 2812.6935361785454
3883.1246365616553 9510.9446228294
7972.286951603841 -4336.093290430019
-1396.9556972461232 -8763.391911276718
-3016.9223325105722 4755.842117285092
9510.561021115009 9930.814624287792
-8245.126483927248 -9855.069760503384
8408.199417165408 9749.795415836845
507.9067800500852 -3653.2149116119817
3906.3517977990614 1841.7768663419647
-2408.995974007573 8977.473151711747
-837.6124764039196 -2179.6532002910762
-1248.2848503334717 8403.246775274914
-2841.845710183293 -6939.696667776836
-6676.189803210007 8160.566759514
-1178.3347575323714 -263.96869771266574
249.24620152572425 -7744.073185987369
-4197.347132673585 -7567.396069311251
-9581.86471480593 9927.62309685727
-659.3982819448465 194.9709774040366
6501.635971183328 9049.282220662903
9417.754311284225 -1959.257754717196
-6730.900382647478 -9922.385790478595
-5731.4953634403755 -1752.7657260118958
6322.213970858646 1294.5108224231317
-679.4998506953998 -2866.388385225032
-4754.712530369967 -6933.734985076332
-3228.3305882724944 -3405.904346007944
-1637.7701748884629 3940.3557148783057
2261.3132906062565 -8701.614285339918
607.1783102193622 4622.8749621612005
3472.284101520927 -7739.415725159413
-6542.855483481114 -2772.6429589335667
7005.210666729705 5388.073083291465
-3558.55511184056 -3341.594445923921
-5505.39727370833 -343.0475906796619
-6565.905241894796 8591.17776058918
6690.600844220306 3720.8012364246024
3751.747585393525 4230.449111944878
5109.02536341534 2044.6812373132707
8021.169780179858 -4119.378491168517
-5143.703025140889 2066.4543003143845
1846.646773402501 -669.2917550079819
9364.699029943415 -7577.345764742536
-3500.881265909781 9155.979496322972
-1972.635205306694 8936.287571968474
5165.260354872329 -8739.390399032458
1101.2716187534807 9849.121609190777
5736.112056300766 -6666.679773031632
2750.4376765762936 -5308.85274196325
-3318.711023011134 8360.678528767949
2730.420201324381 2215.081675924419
1246.1885553641278 -1059.647720342995
-30.884383751379573 -8016.081646095505
7026.036841877027 859.2968882362256
-2822.2198488363583 -8515.300789065157
-7087.994246258775 -6750.514296103949
-5369.920886411565 -3948.175108844185
-6528.948952187588 9606.472277247427
3375.8983381648886 2418.395757229271
2012.5233098855588 9053.713482292515
-6589.459955530843 -1625.788971595417
-2088.9954444982586 -9541.758045702774
698.8402751897265 794.2272944133492
1196.2431620248663 -6649.056770111519
8457.65675956275 -7788.576511630936
7987.448544280789 9077.333021177266
-7270.933728486897 -7856.822741329519
4040.63070562557 3202.397751954122
30.535058491390373 -6459.578120963405
-9505.939704392462 5915.713319825629
5747.215266111718 -2986.0073191549372
5838.344073240325 1030.7159713474084
5935.44451084016 5902.747683595688
-8795.991952637607 -3855.3523956095414
2335.4097563068135 3783.186813979275
2250.892103433762 6623.372996056663
-9355.130164717422 2680.464002855584
260.06148953064985 -5702.109984671974
-4515.289489037117 5025.829013949868
-2529.6479091997344 8107.050987046496
-8008.9709564942705 5315.704732446038
7268.070387860345 -1606.3652818577666
-6402.6498700271395 8462.754632286109
-1470.2313511730317 -841.4196579186446
8324.473738850182 989.4510699702205
-4765.561037010652 -6699.144117401558
-8225.635844546603 -1500.1847622194364
-2597.144014069344 -5281.9238498753275
-5971.591806265493 8275.15838818431
7488.217170530344 -1884.3487345735466
9779.248349345882 9374.792538242276
7533.635804269481 2469.901203905143
-3720.6569571854843 4282.866419549442
6728.437552688865 7313.225191705467
2068.2666542997085 -4072.395187334112
6436.631780553609 -7642.926180274335
-9055.287085621982 -8190.5897252001105
-9662.677765829932 441.12862521290845
-9721.965570780056 -6990.569135705935
1008.2407685152048 -8605.252867253552
508.081436517421 -9989.641464649283
-8900.020058735678 119.38720554680549
-6438.998672655774 -453.6275927687366
-2810.0826715189205 -3951.6118994041944
1912.5592152906775 -2890.691391824289
-2528.7718033082338 3113.1330051526147
-2840.538164501804 8273.283324353306
623.7847201626573 -557.7241200055632
-2786.940437482601 -1339.8426126598079
-7469.845838403455 -5756.621516343638
4608.712925011054 7153.3907324843385
-58.69476118368766 -4336.049359532696
4928.018315478759 -122.02214214562446
-4236.95146778712 -2098.45354451589
3959.9893661379374 3499.331673225648
9325.632120597016 8430.232032794054
-5018.800007029502 5554.120729113121
-3184.669120023169 6933.382180205768
3413.7992857146146 6811.230216396292
-8011.734682566059 -3619.5641569252766
-4875.782624964207 -3928.82513716837
-4646.904968846934 -6342.118491849103
-3245.716185631415 -8652.55867233253
-8799.3569469943 -7737.586436508676
1730.3898800711504 -6966.5990366170445
6174.900474342683 -7213.152667345382
3975.2292144649964 4443.584946246003
521.2871388071635 -1722.96210278764
-7149.437090751151 -6971.728151587973
-6285.571591836559 -8989.288589274915
-2511.6483901788224 -8404.502928776248
9859.130832641633 4846.762057764761
6421.516661192978 -6965.2595268454
5074.637805199938 3016.236634711311
9304.484645519078 -5678.27854854003
9013.653924052902 5073.874539215785
-8482.412072042918 -4006.1382752331356
-4265.9648128680665 -1298.268100620393
-421.70816202275273 1821.166442439122
-4667.553472538055 2154.0779625473806
5536.129053903747 -9942.608902754957
7065.692146033874 -8644.600137616197
-8092.871867841304 2441.555244331268
-2873.1646427688484 -7988.98498432987
-4792.571090361413 29.989988531064228
-190.36988179338186 1562.4457192240097
5774.6788335756355 5974.287975221416
9486.184875712468 8417.363684959932
4319.723489866099 -5479.34388897638
-7360.799663941624 -3393.430176123491
1529.9952165610157 -7208.650096789015
4131.510515769438 2868.1341834960513
-3950.080353784684 -2680.989603781565
-37.91751229062902 -9868.52906491499
-1707.4368278935417 -9160.117347769912
-50.98079994978252 -3528.214249429735
2790.6543484962913 -3487.9394761751746
8096.526582570186 -8172.016037422871
-9825.98817122721 6510.044807648359
5844.2106332111125 6124.7902142159965
1364.3193929346871 9857.067836722345
-6036.532337955682 1912.4767580221742
-8792.893890435054 391.79289262614293
-7442.842579411536 -7764.731015010915
-3485.327986305484 9926.145073673651
-4564.871832149775 -9837.867045762054
4372.635671707094 3936.20064763188
-4920.40772588803 261.32783955171726
566.6593790853785 -2461.7962164581277
7480.7452067055565 4272.743162288412
-4885.169367846949 -1963.0558431995414
-7685.572637497002 -6670.289053115319
2145.081452077762 -3006.1153356184486
3250.0409511358703 -2695.3686190315902
-5264.074086500595 -452.42075277974436
-4381.669062692817 -1799.593010658593
1842.7152791395292 -8370.91254402276
4235.05866300104 8982.343249653968
4060.503272031936 6750.233489417176
2867.983460584195 -8157.177278107184
-2271.470193622844 3202.732288094283
8650.997331651193 613.7153994221553
-7239.767008415705 -208.65883772559755
-309.3573128592561 889.1563747416549
8586.609071588427 3634.37313632943
-7823.336908031384 8393.956854755841
-5270.360910466834 -2899.9581284715896
-5500.360519905147 -8769.40585972926
7776.418086616541 -7392.711119673519
195.16460275463032 4860.364869981095
4903.518214247533 -6195.127771838723
-1024.5708067025134 -9978.049026367104
5605.029705647212 -447.3191881167222
-4324.5218496899015 3263.30093734623
7906.630566886597 -6835.628277135342
-9367.173491124293 7360.38654753923
3101.936810060688 -6469.404319784109
-8164.492279482436 4619.050095948198
-6073.7059300547135 7027.231755860594
-884.9527776811065 9903.816249449017
5087.082559606633 9523.203866964428
3727.262078983411 -7789.808486410375
2198.5026486392508 6337.609405289406
2855.177859826401 3694.646124566869
5422.725142898362 4656.054907450118
-2115.2203840222937 3299.1042158301916
-2501.8065599709425 7701.231168159531
7745.707200162753 8454.455378140792
2339.7645615879737 2862.938609663641
4175.416588230755 -7179.771069230145
-9975.706518269802 7027.914068522383
4456.734476262549 -9384.752557148655
6729.161143252335 -8490.027949656653
-1004.8637801533841 8816.720205628953
-5929.838990646183 -3733.8701860980227
6043.489669935714 7352.903804609938
-8710.938752589147 -1505.4576612489145
-6051.588834851283 4387.103952209698
5870.058620047406 4245.229112841171
-7516.22036816596 -1111.5436228498893
-6581.731646633099 3334.7264705856014
9153.374262520432 -4092.4273598467935
6012.270898082872 7640.964202557996
-6214.005603051697 -8677.192894699821
9746.669778887444 764.8147353741042
-4687.164404514583 2295.5367223436515
-3190.498475312902 3079.9205900979323
8308.295623435577 -2729.4770447151714
5193.255579284934 352.56391716518556
-6308.2035312462285 5080.065256431733
-9982.831720484724 -3601.5040930360765
-2070.3914389642096 6558.324094096413
4442.349859694061 -9346.196973426628
8142.078166467283 -5955.167034275455
5290.22693264856 -9927.960586192607
6713.048864608743 4253.896843550641
-1271.3234040189182 1420.0164628939983
8314.700421706493 8209.202978123707
4769.138709226085 -5170.212776058534
-5297.596576123627 -1709.3455735262323
5821.895247251092 2374.533751838011
8200.624335249042 6913.070085951098
-5814.377690629167 -3528.7909825661927
3492.2954818202397 3954.0677029044327
6101.215589403948 2072.945244175704
9140.492735491069 -9228.911450062365
5878.798161973693 -6100.598834471324
-4787.346042122893 -2504.805870836264
2610.7334602035426 -4636.628420265467
1443.9867408346072 -2738.092944959778
4112.36276575131 9387.139205934982
-8431.884092721948 -3862.9694350563113
-2013.9012175379148 -7037.7884825535775
3759.428983255404 718.0439310706461
-1916.5880279870653 -2908.7719840029804
4572.985161917819 6739.311455745134
6143.149360165409 -8339.003617075503
4334.254787551483 -8517.982949837084
-6986.460411342152 830.7621772498223
-4377.627939213644 -9612.621239126638
1619.1314998957732 8679.968134672523
-6693.022556349881 -6005.639827041687
-5287.16343266221 -2855.0667607519053
4540.141934709211 -4829.248140155022
-5542.866349190829 8684.014515813353
171.2725917638527 8579.149841289385
8007.416408247926 4645.996227159043
-4755.7085580241655 -5582.982898108222
3524.3581388371367 -3023.4191743629517
-4447.19229123838 6692.666393603529
-5578.912276855912 5683.034634205456
9670.385635008948 -7353.33461957323
6154.85614528879 -2612.8137355745794
1439.4394803714167 -5599.186054034533
-498.1922133115895 -8667.866289748019
6593.673811572669 6514.503804657419
7007.34906837215 -1631.8306967632452
-994.5936113149019 3850.927832262407
5183.531311198609 5728.601436632531
6990.513305382279 -6996.739239497078
-5971.235154922488 -4183.715481322148
8170.138852546894 -2496.4126570945336
7574.08633775204 -9243.148084105022
-7420.2752169570085 2135.017138523119
-5585.889267185764 6134.779367660723
-1967.6847066224836 -5109.931336849533
5559.702058544264 -2886.4200132633778
9184.503284797393 -3533.917426018973
8453.309191092729 8051.575279321954
-7680.213088949709 -3338.947874958638
-9383.190116371245 -7240.146435276087
-8444.486506607898 4630.944857386645
4155.622683979747 -3290.825166420417
-1004.0038848959084 5692.219121134258
-6778.25430381862 4777.744323431274
-8704.21234290955 1200.9162780271581
542.2894242588463 -1458.0750830648649
-1836.4869649627271 -9987.64616291346
6248.9780366833675 -4352.872760093949
-5471.942517637618 -9876.89866645906
-7502.000990732095 456.25687993759493
7405.319376304091 -2680.4146997192756
-9251.514161170422 -41.73023189400374
945.1445317544458 -5994.685514576326
-4928.170477689225 -8170.468946280423
8704.457936281746 -4148.61524744409
-5507.0882013396385 -7424.163753166853
884.0274784608409 -3487.432821882464
-9881.726589512811 2843.1082891501737
6082.6792820036935 1373.9498209029152
-1314.8830631252276 4269.935309356277
-7935.778965100384 -9859.247049416588
3168.9756499889936 7665.278409212169
8098.703754915761 -4943.403396327905
-6783.241587490118 5829.830983862563
2631.0826716408046 6633.155371436711
3425.810764648746 5999.662426695233
-5653.26805642153 1996.790401091841
5868.521065327119 6675.946891058404
-7855.3214832764825 -7694.594906650649
4765.921165707456 1514.7218450798518
-9904.177763393145 5161.431886310014
-4157.3786821766 -1014.2141328122816
7154.828575022293 -4455.49654377049
-9350.655876354413 669.996216040332
-1789.2390028209284 -5489.970405232063
7018.211679033713 3349.389203381319
-6997.038683404762 -1252.4504852938699
-9180.147030712058 454.69169161722857
2495.0554452991546 -3934.615084149258
1320.3135707512665 -3030.0363589415283
8491.398816755547 -8034.213719697942
2689.6343215969027 -1445.7488677809233
1596.665997460088 -9302.59428752589
-2407.1020733532023 -9574.70072878701
-4939.304506746888 -9480.405141815841
-4701.572017554061 4460.525081236678
-2382.886336677745 -2614.3131775082165
6366.740837878264 4005.6018579450374
-2884.335412681884 3850.0604645129497
-1262.2428927592828 -4958.82568355857
8564.576417832744 726.4692462471248
-4087.319002758454 -356.63175249943924
-4859.294251801453 7872.735875036207
6930.8688841804 3083.922841916181
-1208.393874912912 7449.613740955712
9970.903384232712 9450.925849982174
-1754.9328771145993 -1900.772069923164
6659.013778061344 -7668.709608437715
6558.091108229808 1711.205841648647
2546.8689395267447 6881.265302028238
7778.66320827301 5792.229815338858
-9275.310617131414 -2478.56968852288
-7139.911657896893 -6072.576888019625
164.52674118386858 -8472.213447434098
8659.074863902486 4419.62697885596
-1857.5315546044903 -7049.306601416074
665.1442534640137 2915.28447585136
6967.419639403175 3578.588224992878
-9949.645022290157 -1326.7001494587112
9248.043213613139 -1926.4542020176805
-1305.2574403943145 -3894.0880138854836
-6941.6814789697055 8940.922435044726
2034.267524031393 -6681.751308534443
8616.107013133937 -6344.533546215427
8894.491126657405 -2404.073777579727
-8531.99206744388 1051.4394042727363
-85.41902690949973 4137.665378449841
-6322.303288170238 6994.448490615727
1732.6783807835218 -1197.3986468675557
-5856.155327243431 -9612.150736204383
-7204.955761746865 -1760.4223998882098
-8072.374232366171 9726.72629525233
8467.825409659032 -8511.595519363169
2348.718789233035 -2302.375058784758
-1928.3280682707928 -4009.307792897447
-5387.372205703844 -3267.641214946084
4525.857879942767 7920.546646079252
-8138.962155054596 -8040.629603884197
8479.955641112974 -8156.942916802946
-209.159808889317 -343.70951634955236
3127.518096672926 -2068.8339104586075
-1633.6362600143402 -907.5196677891745
3337.6376831942853 -3680.8262065954023
2653.2494105112273 -6439.483728820136
3306.6504200143318 -2356.22721918108
-6568.675406188285 -7569.283901407786
623.6621102830268 6421.180226750752
-4002.2766137589706 222.9736647131176
1459.979322200872 9631.577946054069
6450.424267666942 975.3207789019034
-8466.064597835035 -3270.267341323054
8746.259401515534 -3401.211056804319
569.0062965566449 -726.6685040888897
-7043.617685793728 -3556.695411620348
4154.517132361001 8458.207195766747
-4603.934083662606 1959.504399810001
-3765.349287107755 -2927.701319860943
-5315.381559607564 5126.51567999211
7892.867230355227 -1272.1498232431313
-5704.887853186981 2225.90305230985
3665.2606821480367 1703.9891884552926
1782.5179959735433 -4422.867901043397
-4692.224060083423 -2670.497292051721
-2367.23921361421 -4989.929537805131
-5241.382018500404 3558.2776221866607
-7445.906681336399 -1864.8098641235201
2978.5987738427793 3237.518327151043
1036.1181088700869 3882.300009498258
-581.4400264467131 -6458.468016131241
-8869.326574976323 -2686.2168213263567
-1945.5734114350953 -1858.4940221759653
5662.717290236085 -4621.512914491266
-9753.150127583838 6904.3746551136865
8458.242689618146 3057.5488467325576
2123.8060753954232 -738.4807753059522
-9319.831258005346 -2736.3821948583136
-5249.087521184705 -3139.294526042884
-3007.945108032335 -8109.929092150827
9045.64928552002 -1287.681918937349
-976.6047697167287 1566.991591804559
4208.063905830073 -2236.3914492255717
-5510.850616650629 -6034.173572614023
-1618.0553457045899 1682.3278063523394
4320.082742281613 904.7967965280586
-6673.1343205539415 2603.770198802531
-2710.6112505797864 7042.2961565648475
-8927.099457638858 692.9197029958341
-8125.03348681449 -8394.338134103904
9846.214599158546 4596.029469345485
8475.652022282895 3387.8642879621057
-1004.8529788387914 8203.640506394284
-8396.418165736588 2154.813290486589
-1787.1909753643286 -2380.3111832877667
-8696.20060929677 641.1388471709033
5043.6181286982755 -5170.988626265327
5806.100992375001 -9527.539982864566
6477.606698959466 -4721.786315466547
3293.038438784939 -7362.691731129065
-4622.2583357791655 5432.527982775357
-328.11269741940123 -1457.9669764616247
-9448.09997769484 -6656.065617597218
-8632.683346504304 1217.168257491181
-9527.442593438349 -9636.520680876969
7405.379090559145 -2096.098622369207
-5036.362255342946 5353.389326290599
-6561.637368241671 -4965.564476212971
6615.398424419975 -5897.7846779945085
-8136.054237665741 4530.194821364652
-5745.384733869103 6118.924054756901
-3178.9958452319734 6376.981752459345
4488.746379527904 8579.486480493128
598.3253907591115 6596.349879985897
4159.158192164392 2922.17928295863
8871.386901353933 2017.6048391717213
6479.900408376532 3435.481526860023
6186.276568528077 -6334.983758045941
-3295.072558378127 -844.9183385801025
238.7152625234994 9109.967920872838
9358.070930477155 -9515.812935904372
3750.0713915244505 797.9345991544942
-1623.5358524245603 173.97750510622427
6121.149310809158 2145.3302413259225
3959.537819821555 4648.6927410605
3548.4454839600676 6111.424927719219
-4517.89153973857 -3867.4808635422787
-4083.529107106172 1985.6924781368016
-1478.5182456808707 8633.070431657055
1533.6419128941434 5291.096250095119
-4135.090849129959 1558.9421707714046
6658.156028378657 2988.983106379961
7305.130117025983 -6403.548521456397
-4235.836139494158 -8418.584482428983
1098.1544003767158 -3556.6525890989496
627.4670302043542 9241.912746450824
-8851.172096928573 -6905.076843806306
1563.865898162132 -5234.246938598337
8306.144993409773 -1399.3792377184072
-7467.800407561446 5916.116365721142
1591.6700887137504 -7443.1236885555245
3318.0113966425015 -2347.469818200394
5750.838364211973 2074.6112427458265
-3357.297715745919 -3236.7853970375445
5208.313516022994 1557.4225051153862
5796.9117604589155 -6416.902203172916
-8675.014838274597 1349.1952827339555
9275.799374473849 3764.4142341261086
9795.595361891013 1157.5070994113375
-7102.214399542987 -6523.033494947513
8092.386929868859 6131.848731468257
7017.234574518836 9950.275621177752
-948.4170496109073 3573.3507707947956
6695.449211300238 -4069.984357100944
-3984.105069090536 -3524.6444902484964
6073.270945471599 -8593.731198297508
7387.682722231457 6441.830246821668
4692.47512691838 -1118.6927960200446
4013.781837241577 -6996.72492998056
-6857.939764244909 9479.751574408281
-8485.572989111139 8947.437154124706
-1840.5646640714049 -3635.8733120821917
-8514.895915699584 2004.7950711085323
3195.4176401972563 -796.0208316968528
441.57046242412434 2076.433077608348
-544.1416694817926 8856.878087047276
-6555.313241064787 164.5930674970714
4561.61867424823 -5045.209675431992
-9466.88331425526 -9736.176226203783
-8777.474339494298 749.4573136729668
8408.348070911226 8693.334067515665
-3300.15225337867 -644.4237503432578
-2742.0979470387574 6698.784198451871
-4664.272519685591 3440.7290411071444
-6831.000992844381 -8375.57328279613
-8943.077574306324 6446.1696690531135
276.36096183672817 9554.15416217018
4514.110658190721 7582.732006217455
-6395.769104920068 -1957.333992609636
-9603.083126538539 -4868.725701703893
3504.0978408885494 -8594.367153207126
4468.7358061575 -7012.7609121862515
5656.026623605701 -6989.617570547278
6994.312465699291 -6075.94100330696
-3207.1093438376483 -893.7078546427729
-513.0242430467333 9710.293781337139
5623.214655725245 6956.730096694169
5081.296538921231 3000.5454139939084
-9130.24984284181 6382.041081744916
-659.1268124477265 8830.350725284796
-6092.709892669912 -1704.2681803575324
-2060.1622701722836 4580.40788201664
2174.663942265697 6413.66082570525
-9589.410829541983 6435.647115240146
1352.234394102812 9038.70843680183
-4970.836234780718 -2350.1807211200567
9237.643471711883 -3328.9644441260016
-1086.4365183908158 9336.424167280009
-7681.051368503493 -1833.278434966057
-460.7401137400375 -1958.0415114104062
7235.7032573902 -6734.791329759977
-869.9882594320279 -3982.3720001742076
3634.93661093431 2528.6467892978053
1761.0216626867496 9890.809756367711
-7629.599658647572 -2916.115618725472
4515.387811422081 -8652.282112604635
3559.8520902184137 30.509287145010603
-1336.3167879313478 -526.1180695652911
-7293.449969701449 -1023.9989340687171
4590.432814779928 -1440.8034968268475
-92.4563119163904 -5118.29617491659
-4929.859278368241 7459.462840460656
7112.752405345505 -3748.996886744818
-4500.564844023096 -2983.5014024830507
-8534.782067662405 9663.722628543957
6820.8094240892715 574.0438069414759
-1055.6518923926287 -2241.565191413166
-2872.6667983265306 -713.1435453907197
1850.3443637916043 -6012.978741797754
-8683.37546273867 8705.534151076714
-3890.565806422428 -186.5189400503732
-5333.7255698616045 6029.769186640298
-54.067068821674184 4501.641971076062
-4168.1811945060335 -1542.1098804201665
-5841.445462467843 234.08044275789507
7522.268796874116 2220.7003172060777
-3945.194953936726 -3972.778132070167
-1012.8957110026058 -827.2122202474529
4038.7055587227223 2755.2355174442564
-6547.448219994836 3224.6278820887
7913.480635331165 8568.012010929811
5773.8730087078875 2433.959381870971
-8847.731676689058 9086.146939226026
824.2842672622301 4235.075820438751
-4293.68745596856 -21.4689122093896
1520.054970641184 1069.821999157044
-2638.50337705757 875.7905031559094
6885.218309039523 -8405.753436810146
-9779.509522847125 -954.5233228869474
-4811.753759809354 -1329.9786303499768
2579.191600433018 -1147.4269685915879
4936.94740569607 -490.11774937867267
3282.5361473566627 -1248.4750072770566
7396.739182838857 5631.51840914708
7586.177176269139 -8596.32135364498
8301.373780845712 684.4805953747455
-5383.080881193121 -5513.362755672473
3554.0799096996616 2749.8399784232297
4716.212061801856 9859.742677484039
3971.009967701926 4372.4882034804905
-5732.582750698105 -3027.4978488052493
-2502.2273236045066 -1628.8799672048717
8048.953953940727 -7249.52974085222
-6166.255372975178 381.09781673487305
4721.84689950891 -5334.262634467955
-3972.23761683684 -9879.44025921524
-248.39053794717984 6296.826883415037
6362.69603321256 -7469.7245817721905
-8119.2157216922415 5405.478001165238
-274.6825421097019 7222.927186517856
-5790.110912836603 -6594.572647256944
6661.779719817434 -9912.363041160905
-989.090797477751 2070.972192973706
447.93458422086405 -5569.279376746852
6588.891416432085 8430.747863549554
-2242.3885141453193 -9306.191753904573
2823.5910009174677 2014.811733670731
890.8993283492437 3575.6267705249375
-2535.452375081699 -29.218742100358213
-8971.624914595068 -6706.1132898750175
-4180.654692456092 -4962.57528306902
6606.118315188516 3758.8926088654534
-9833.752681634074 8961.77105223592
8660.278931122171 4590.628008277223
4038.7819213416788 9668.450037815364
5868.8511960795295 6196.239333368851
2471.2674212895 -5662.364213295279
6022.222044439806 7534.993617503333
-5639.323797624058 2520.6235107158373
-2217.027785170536 4732.941539423293
-708.363382014013 3519.7212411576947
6849.302076748605 5369.670306124441
-9512.219543673433 481.79918106073274
-5984.622157670749 -1955.3031253941144
-2005.946078489449 -9997.504213328004
9125.782505095249 -258.8051971376808
1761.0064364986338 -9489.272008589065
4550.172223689415 4539.914445473358
2993.491047019779 5300.821799308389
4558.149591501053 6396.310200979031
-6057.396687407839 -3197.7762143132013
2853.251527503722 5979.040805743905
-8738.899408212163 -2475.579657898639
-471.115892934924 -3021.828826865476
-3891.0495364195704 -9912.661932901901
-9162.084486086898 826.5540497772618
-4612.947007223483 -6154.837808987743
-9578.433659989407 438.0315383543402
2793.6003217828875 -1165.8320199127375
9022.126964044393 -6648.751436861223
-4161.063964018086 9122.801963804683
-8792.052415522243 2578.0320017745544
-4478.815185970868 -2885.0722764567863
2268.04952267059 9490.43514270164
-943.670095339241 7954.787682515056
-3812.390539557844 7240.71967140515
-7127.180714104485 8904.901160073645
-3505.5158503677667 -4506.316640590216
3022.1928817636617 -7584.2322561158835
5770.833979760751 7660.919109729868
3223.624458456574 -6421.093426348965
6752.82951646029 361.72804493500735
-3048.322004752784 -7247.583845472019
8195.31181820108 1495.58130897734
-707.007296059388 2370.8935755944185
2057.1965275181283 8096.169010525005
6739.004247698147 3299.2103731784555
-4932.683374161637 8047.239735613133
-1351.7752968386612 562.3029621906462
-2640.704403419647 -9224.414269735757
2803.0118086497605 -9119.22200258876
-6382.035956008723 -8803.311342983465
-697.844530454151 -4835.190923117753
8058.724026945554 -1526.3088203388306
-8027.976828103829 7966.4402296923145
3565.183112069506 -3439.4777163766867
4545.408170594663 -7136.926456825261
7439.28002361612 7035.156545561691
48.63533484778782 7842.581622194706
-8527.97068767185 -3610.8531897455377
-3846.1185304393684 -2016.8690357282503
-7578.0724436016535 9724.721312547656
-3304.9306764297007 4068.4625613217668
491.9560580545349 720.8986745056736
112.11582172822636 5252.037988788194
8025.034877165639 3765.2232730408923
-720.2986245074353 1481.1062265633318
-1608.3224015272117 -1692.1100923973117
-6006.851826629704 7114.406189538266
5922.514337405195 7780.167883654671
-2674.6010258181777 -8985.117107879778
-8257.757320910929 -4170.791021785915
-9864.514254385835 371.43987294726867
-2509.5117535581358 -8843.53608457895
4200.293051717381 5601.415110284806
-831.0526885970921 8907.09815363825
-6242.172426207766 1908.1187866052242
6733.103797099593 1342.9503338655431
7691.6004633528355 -584.5663514411845
1550.7091199513634 3441.734735774824
152.15152049859535 8274.128812106184
-6521.875667608377 100.3397174297952
-3896.866138549104 -2267.8010721889577
-7940.468528400151 -9219.757588296243
95.79856217070301 -1115.812385762998
2232.920725057813 4718.200915039646
1517.11471250859 9662.128413280596
-6069.322082104593 5235.554562852651
7623.172514452504 7603.372058949772
-2908.512389657072 -4785.390321413774
6860.919282687879 1028.2388942754187
-1145.8120133831562 -2529.245568528995
9297.68744319284 -7516.9129303873115
8083.111373078114 -6465.911071963752
8419.380637238537 9652.040677104698
3878.352618163386 2264.525164262939
-875.417136513508 -1586.7117525967988
-646.6873076916308 5759.465745811376
-9566.726053969136 -9686.499475289691
9715.778047742071 4173.319283700992
8245.231672042737 -7543.40579995211
-5432.311988669094 3353.270483443155
-6575.393796565907 1650.7054501527236
8342.665220680647 9605.88910053442
3553.5700049970637 -3370.093879820606
-70.72055809024641 4444.297775574396
2889.338101793026 -7735.153567409297
-7218.07554788217 -1174.2068685557424
-5624.730950932262 7899.162361876137
-9799.906254758886 1174.9642320449966
9998.163488075374 8296.149245527009
6960.752269386117 -3602.4953128374545
-8649.72393897807 152.85196415446626
8117.394086982058 4125.078579819696
945.9704176520681 9736.379661598108
-1466.7004639294137 3591.750659018204
6659.351328875626 7919.916211083528
-7404.603317188865 -172.34768002693818
-3409.3915102749643 7743.54292211113
2559.0498984433416 1265.7038380063386
9735.22311438559 -3402.3445282300945
-3897.0091835729463 2392.379933522745
9021.586329352995 224.4081628731201
8927.535716106195 -3266.3481230397465
-2401.0140308469063 8955.275029242319
-3391.892359068478 5252.404333362545
6699.328519949766 7950.479025620349
-8579.979796704036 -6856.227660600918
3962.368189188064 2678.6869924718103
-5520.633770719632 4050.0065798642245
4805.61212591543 -1526.9640688136697
1298.7623628605234 4876.635008479318
-3763.503666549377 -1277.799936593241
9735.619751551621 6676.828255830707
2445.8107681701695 -9897.123242854103
-6685.500451163893 7481.056876309627
-5412.224134303758 5232.71619040911
34.02890361020218 -8515.736716804593
-6656.429882458458 -6779.621137123359
-2977.2353133312035 -4337.062307420185
-7818.484303870133 6812.065134913071
4787.279951488215 -320.35588256080337
1668.5393415079707 -8818.490646213357
-8700.329546186658 7842.696575380083
753.9241758570442 -6116.903868295667
5800.58479786174 -7076.161908517435
-362.21450150708733 8085.405782591755
4947.773724461915 796.9397983356412
-9346.90268290829 -8074.844565533197
-180.92269430069427 -7854.11266131371
8531.513776084877 -4330.842989388004
-8717.337435086072 2899.9792138515495
-510.37246283327477 -4655.4261556218025
3376.237474009966 -1409.682545550293
9763.719524296444 -3404.5967022735813
9590.873271886696 -519.1675303258871
8537.455636457751 -4254.2119039817835
-4666.0361897576295 3112.7314877278623
-2351.6030826115993 6398.386387037375
-8650.225177105132 8811.322839435954
-8974.40792690763 -631.276076339047
7504.921768972388 -5260.675594265512
-9498.07084770916 1354.068801895086
-5899.961189177206 -7759.087940434654
1461.3312876363343 -6541.939639121412
-1252.2058851396832 4505.937752396039
1722.2842720893277 4539.952972321862
-9138.675665797564 6993.882354099096
125.58916394239895 6330.00890798076
-7073.944731937587 5592.279362022486
-2514.3532619856314 7350.222835753946
7981.797852471838 -4855.500897371312
-8119.0211143082915 -9097.778393212862
6120.895043042874 -4233.066935833523
-7298.900549329279 8731.830035478426
9312.120010924213 7285.779124604029
3433.259894173141 6452.463892431708
-6511.079455506384 -6841.211245433734
1863.9918573744744 -592.8462308174512
9594.515719332365 4407.482475167835
8186.781316306748 -1628.330907083071
-8844.74418014494 1370.5077843659838
6448.61406174078 3348.8607323295764
4957.56172413268 6498.96181545336
-7165.459885669769 677.0049326866483
-6467.331222796654 4949.659257915055
5480.801396519337 -6227.4190532549055
-6592.692786904666 1392.48829559974
4823.4900783042885 -8949.427959820236
-8542.65249880539 1233.1423403520002
931.0951872733585 5913.037989068456
3205.363033469448 -7637.317500011951
4835.712525124132 -6830.635035354862
1531.951154494971 -419.4681955978813
-5430.911510764185 -6150.7537197905785
-7975.427470667495 7997.672820219363
-6573.911449516683 6092.116745261052
2066.564004886177 4011.9564041646354
-2080.4262667463354 3644.407542965384
4772.900920237151 2857.606974117385
5957.083846488866 5468.652620456491
-3991.827747954062 266.1486464233694
1961.126278560234 66.12996678689888
2976.1581640357617 2436.143357613628
-5028.718091939772 6337.380029953645
6249.290555065139 -6705.7156610584425
-1792.258744678711 9152.594587254687
3610.1882026623025 -9059.45547946942
4142.286028542634 2276.5367721386247
-6293.630889428121 6205.236926218235
7814.154863474341 3890.2922702442374
-9726.856442934588 5406.000198179005
2944.6117515642673 674.8255123610252
-6441.4053775321745 -3322.124428008764
345.46944795772833 5268.959533631474
4588.473550712275 4659.804126935716
-3816.795962352271 -1112.9430481957497
-9962.279963539648 -8143.97500458151
8851.714559930217 -4020.662360403122
-9270.748762666713 6651.007754381208
7523.19351103617 -8959.572978693473
-4840.4551259421605 7741.720937605813
-7112.042189351934 9019.374994742902
-9045.536710986444 -7338.821798592637
1160.5258962330408 257.0562212273944
1787.669863340716 4102.377328261955
6120.6050291693355 -1525.4933211864027
-4952.114910919369 1911.886120072022
-9225.91756301715 -3941.586955527414
6420.152022512342 -9092.499927769597
-9839.498704621916 4737.628308010684
-8449.828008582967 5084.54558920419
9899.921383878383 1717.2431962727132
2089.6870227861837 7310.559204341895
1263.4659519990419 -8565.607757757918
-6325.211754411106 -9731.76815945169
2868.2623666352974 1322.6412999782715
6767.937983067626 -808.3404522563778
1538.886429128781 -3680.5478660177296
-2201.6051363354427 -148.89493307254452
443.84209809176537 1323.8744345025825
-2335.356069513843 6276.622667230309
-8693.011959288468 3409.2792087205526
-2583.6679157824747 1871.060591784215
9310.260394753539 6318.595533779719
6812.12663220146 -5151.8885389519055
4245.415166310144 8617.175529618435
453.80683153996324 4341.232608497867
9538.949282278798 -6148.935512469123
-1674.1788650762937 -2935.5792374791954
-8034.257085248795 -3843.889532427067
2823.4263389907883 6065.9772822662235
-816.6153822420038 -2013.9944140252865
-7268.538616441405 2901.558291423811
9660.544997240133 7975.003692155988
-3880.313900669632 2462.959889753387
-9860.834304385924 -3576.278319027484
8749.536569662669 -4265.756054184982
-538.3563879522462 -6505.9207345008945
-7658.945347929649 9906.96925609433
4410.591060663393 922.0968354875386
-2072.3505678921647 7571.44536674886
-6849.83606087969 -8095.079437907291
-6469.737672390605 -2888.915388507562
4924.351375802771 -4208.893805278298
-7488.598451627859 -5037.915825917807
859.0254542137645 4300.842996977091
-776.5636908283122 -2939.1751674765464
30.96950501390529 -5774.538874481365
-8055.573144922197 1586.5321469024148
-2591.5161307807775 -2096.782585461643
9598.691367493215 -1983.102111187076
5834.605827929978 7241.015062918817
-1611.799030609107 -1450.4788330377014
2915.3572493848224 9649.36454765324
7214.813115843019 -2897.820880903856
-4508.139116193346 4980.553193072612
-3347.7484267828213 -1609.9035195469041
-683.4390080513604 1407.646097827268
5230.6522300327215 4988.54375691988
9620.195596316447 -4845.407545521772
-1074.6045053423732 3824.236351442294
9447.5701667151 4085.3792535694593
-5004.14141661383 -4800.819905179299
6956.595067532602 8382.814837738773
-301.37836081804016 -2764.2417254239326
-9683.557603248652 -7104.8026335726445
-9096.426705712438 -3458.0000844459337
-592.8956118399092 5201.763595049313
-8729.744611238262 1931.1489764759408
-2785.9809653219745 1045.4846450069035
-4604.284168081345 -7810.214754803959
627.8545547644717 4504.420124201646
-4775.983084101145 -8826.072504417993
300.93587557989304 4120.504755180358
-7988.522527719186 -6077.317158714628
2278.21156041615 -1822.7057324383877
-9729.387839965231 6014.180507023215
312.06369520822955 -7584.143597786883
-630.3421969223236 5048.679361351675
-2913.3342935805076 1700.64742993433
1843.4666781021588 7928.8838016269765
-4980.994168813136 -6505.128538324074
3975.4595928677627 -9482.31960308514
-7129.906841536864 -4522.524555680691
3839.2403716462886 -2711.3576198738465
-6908.722284746238 -7768.4105200685735
-5257.625598274011 -2255.182175360397
6647.010520151125 -3343.122406983339
7893.740603846734 -6333.527838616077
-3003.207256970615 605.9251541427584
7119.781252369219 -3341.391191258358
-7014.551662224806 6217.433497679849
583.8614270655526 -995.7539200601623
1582.2807304482794 -5483.3369403719635
9716.881649276478 -7510.403580240634
5726.068034578149 1076.2156268807685
-6053.830138480378 9652.43189303438
-25.739487875533086 -122.10451054965051
-8686.402115881072 9815.092372566785
-2778.8492784339905 5989.063158096098
-297.2260507510564 8298.7443234036
-6558.802449852956 -4735.466349246429
-8850.939849795599 -8624.353962711448
4230.077465735689 5007.7376411117275
2585.084732293617 -8198.656522638805
6857.464979332759 3372.5180665116495
378.30508291485785 178.87169988719143
-5388.072176351821 -2740.4100749554727
-6853.891779644275 -4057.8087133880645
-3590.2602975100062 8559.347847377197
7587.8146761086355 -1593.7505656018766
-6044.173198961578 6815.362521268515
5451.8853083117065 3116.206406975645
1186.4509186396535 2730.5613878195854
6260.513870129109 1638.5335007336216
-3710.3420433164792 1410.7507549686143
-9957.29248678718 3971.8309615934013
-4709.085067078447 6837.785021994543
7080.860976798045 -8084.613240724921
8007.769383953419 -212.6502911702537
-2445.2668033381906 9018.63898197069
2118.771693980876 253.98234254704766
2970.647001861076 -1855.1307952780862
-841.6976417937876 -7581.391923589833
-6607.36919890112 -8782.389187723109
-2559.6411552857526 -4708.476450989882
-253.86390688734355 -2621.5950781306874
1230.761187813625 5386.421144113265
8843.868252455377 5569.701095081598
-7071.364397073907 -871.297388381834
-9712.834590157901 -4533.146371367773
-4415.546390056029 2173.979995993255
-974.7164486297224 -3281.6823995985596
-3226.705507050924 -9589.671081233548
-4891.163805206839 -9386.690530139926
1658.425186271268 3140.507819204373
3052.5510860678405 -9418.652394053808
-6978.324818069779 2788.0127002734007
-2773.5852086862997 8338.253972317583
-896.4872815988456 7443.502937526475
6823.17406973154 -8971.657317061452
6287.113226430041 -7334.225976078749
4204.07553589943 1372.686569434347
2977.1408832402813 7174.121983974048
-6196.36940051707 7618.5020226634515
3465.3434964660046 -6583.399531115418
-4721.899456482015 -7005.140244789871
-3858.5082725401617 8471.315240329335
-5788.708926186492 5415.066499225777
9099.585271194734 3335.575375906801
-3554.8258726297436 7326.243020936487
8005.660343432195 -619.6448458012856
7981.737296798852 -7108.243697896619
-3965.065117159612 -404.7962850149124
-8593.615066675837 -4897.660495122007
-6247.55977612879 9221.366634166072
1912.1094996049997 8946.874019728992
-1997.3096301337919 -4531.438506262631
1257.5686132946976 8433.979657585183
-6809.656280060203 9233.498792537728
6371.099239652529 -4959.30248597384
-4224.77030534008 3085.8899357590053
-9183.38768655596 3074.7228565282385
-6628.502625235031 9260.352249682295
1966.2211134708723 3471.7908746319954
-6467.923327515208 8990.264077433014
4478.34799002271 -8290.018413031154
4116.027242878743 -9757.707718271453
-8441.01562714784 -2192.144144419035
7077.765587142538 -5242.042242440392
-512.3428301699369 -3216.4941717182955
583.5675600258 -2718.726898504533
-1981.4120073944478 6486.747165799337
-9447.854952400787 -50.86818295178273
9521.415211196392 -3623.1608666007187
-7967.490188992748 3043.794762732532
-6895.2306307702565 -4396.718384223339
-6726.267193921644 9654.467334026176
-3530.103062593126 1657.3838915797314
907.6233248272129 -3732.3788932117586
7870.424387351657 -8102.5365513173365
3356.7550883267304 -6096.627053218574
-6691.727854495566 9410.6909874618
1396.6690641715231 -4862.117821064154
-25.369029599974965 -8040.254125482067
-257.50666757215185 -8800.609078885971
5948.811521287327 -1827.3932727533083
-8403.368072967567 -9701.812999723048
-1703.3015282781707 -1331.0347083301203
-714.4404810951728 -6551.579267287376
6964.432804542936 1476.8938840984974
-1569.8012590617564 7262.3693773938685
-9758.13645128384 -9121.437298967285
-9464.270305989721 -5454.605791137803
-925.7927117011968 -3266.0392233156335
-546.8940735027863 2992.496062938415
2129.2660520643767 -2633.2793985756944
-9144.039405764874 9885.02293725021
-8718.542162763119 -6743.68491606556
-9307.023588877497 -3591.243179915722
8052.821549317607 -8933.957164531143
8517.211374341798 -937.7618719024267
-4444.93521623827 7946.374968838256
-5339.718160411943 -2403.1326568416935
7605.622673815986 4588.400459271859
-3589.3045040346824 9027.959879647206
-3055.384195748152 2162.253767322769
7672.047129084756 5478.603544296555
-2141.513038718137 -6939.433216280471
9018.19327274962 -34.193056471656746
-4979.987591305473 -1722.8466517739198
-9371.078952537006 8711.098605475334
9983.284110119563 -4713.729825841188
-718.9580665760222 1155.383791017728
-473.83010870847465 -552.0177485995209
-7613.756279589112 9580.523242914009
5911.661072821926 9250.286415185648
-2991.5646620854577 9087.761888168676
8143.425610410108 1108.8296866452965
-140.26510473410963 -4344.224036160156
-4580.207896936701 2980.198482239548
-4534.347258906628 5098.784381236994
-755.7112798235594 7704.9167159096105
-5993.5779047083115 8967.807189878687
-970.2178503426912 6781.44776190634
-2217.1523038214127 -5214.180703986635
-2462.8494565773362 -6817.34921591784
-4178.55961026643 7480.206560259216
7118.342824343585 -2138.702440918656
-174.98633883258117 -3526.4189352403655
-4512.416805145061 8751.410434238067
-8508.67306320231 -1383.3294164279723
-9376.630218383407 -6642.656189257428
-8836.238278347397 -9005.34512790983
-1592.147948346852 6432.681455276586
-9155.567362864158 9610.981590398955
3739.0441648278756 -7213.814947198946
791.5253542760383 -9949.66217795715
6105.265359032814 -8087.826467006356
-1760.9198355427507 4445.124543285501
3990.088297879329 -4072.1112050479387
-781.1748890271319 5417.430970646017
8979.98761106113 5210.537609442099
30.08907172128056 2141.1579042221892
75.79186923947964 7161.870969354353
-6404.787530403429 6266.60293174853
1462.9383551299925 -7311.6847432023205
-2245.703505525463 -3827.525794183988
2874.4428109139844 2269.8180084689557
-2505.4771001423615 -3142.0499892891376
684.4064876450102 -1099.2598784281035
1175.6960869371433 -239.93153653122317
-1.221327932591521 -1278.7274607786385
2005.0566451083632 -8120.621806915636
3264.0033284610654 -8181.984854202305
330.8217752507644 6819.440388988714
-706.9056709447468 -4542.486708100053
-234.67811173375412 -8306.566716018791
-1887.4269322706905 -73.30111693740037
715.0000065744443 3323.7579306837342
-8337.379509541168 -6810.651130150005
-1414.0467110210411 4758.205270320097
-1863.3016731874632 4727.814930260336
-9249.902772547575 8848.905269142044
8625.803623475476 -8775.546852844518
6298.44249747428 9487.924111941982
-1263.58549044939 -2852.681760029459
-4325.615667010929 -6933.959441425666
-5019.8867658491845 1839.8662617047485
-6528.703834604626 -7181.114598255324
-4013.2401923148045 -8625.461258163172
-3004.851454454669 -3052.713010041859
1971.9974420508843 8215.28762972774
5634.254035751304 7746.316097284798
2393.79554736281 -5355.771561739386
1644.6710372248435 -6549.813808851232
-8638.386175058 -3057.215795857138
1651.1848674572975 -2902.181981062088
3115.7057101203372 -3522.163573905461
9980.201499922136 7446.534112930418
5772.961689482636 1128.5402537894988
-117.70588230079557 -4190.994275435404
539.6167227713759 5899.6411388966735
-3231.4512777409245 -338.77113679328613
5720.041104367518 -4897.729753243443
-1223.742885716867 8966.967068041751
104.74977686462807 -9856.64661641828
4295.919122240148 4386.749893246169
-1300.34155557122 6749.929906568155
3532.9150684717515 7887.172141315234
-4737.461423505991 -6635.167271936164
-8256.378152082201 -4261.098276527875
-9258.489512342961 -1514.6653435269818
-4522.852488543343 -8510.547798189456
-5535.66404899732 -1123.4767858648902
9970.267775538476 2219.4378874224058
-4193.831845248339 -7123.675158064513
5784.5544816547845 5238.67950026411
-1932.6707326497017 3419.2496110697793
-4158.910190854234 -5648.8030597363
3421.585525663786 3941.095142213322
199.57024161686604 -5084.235604594527
-1950.6998513736226 -3013.012514232809
5245.005403611869 -4848.6258918986705
9948.757755938826 130.31429908675818
6386.630675865072 -2515.3944120639135
-1577.16065622932 6720.239811261796
8940.048268039009 8208.550142668239
3867.158444705108 -9989.336250505105
555.0273243187312 -3679.393567032019
-760.343423679742 8383.63920086595
367.7959829548836 3129.1058750170214
470.5721795000445 6665.411902412321
-5001.937396967002 -6933.605495527479
-7924.401249558488 -6056.59136121455
9577.414676790897 3118.6486521587904
6363.956535070736 -8172.339455662525
-6812.858299893156 -6619.640989969779
-112.99215159504092 8760.29338697431
2399.9485381485556 4464.070954634077
-848.0476194157436 5761.878474597937
4061.41614552003 8843.636225886079
-870.9578204376594 -3086.397547501705
9013.480822772366 2681.868720064038
-7290.329933138 -6090.649042771296
-7846.385606256165 2291.171110658097
7026.582927252191 -1828.0224894198382
-8960.217044136181 5098.347270259383
3426.3773516190813 6313.173352662114
5192.673970850365 8832.46932346098
1888.356657239261 5126.512617423297
1313.0901605720592 -5372.66702079622
-2187.2912632922435 -9161.593063839002
5823.8091838607015 9827.677788570658
9354.895287079074 -5998.145322072699
-4538.38351199446 -5488.977099174182
6862.031463077383 6203.0289915240755
-913.368224722637 2084.6081814032277
-7529.044313648852 7660.907555357338
-557.5608140615786 8789.594517189882
-2443.4197621422936 5835.296528099629
-7708.042224516763 9542.337454620483
8473.032179069487 -5681.235725348808
2170.3803317287566 -1734.8042439205674
-3091.002421594293 8573.152580392642
8937.917786940903 9706.998736054302
182.57771071455682 -9518.509048516125
7381.503298658499 -3274.050491456417
8929.895871036311 -2778.703326524379
3305.9972473519156 -7894.598961401187
-5104.434985955572 1625.3930082498318
3871.857792665194 -2804.4079496775585
9912.07281387079 -9018.451139476869
7377.639253906003 -8977.906651063195
8659.009943628567 -867.619396439919
-1747.9103124291105 2974.368421851199
-7577.999635163326 2772.1284686453982
6712.022935723104 -214.49874655192252
-1174.9163060979736 -3002.933034341868
-641.4510512566922 3236.81653872224
-6610.7863511534 -2548.527660018971
6925.652489815569 -1131.2410302648423
-7226.5634822816755 -3178.783890682801
8461.513810445755 -2047.9424261244276
6684.227246758881 -8037.777504090606
-2585.624618896929 -4929.13192864205
5692.3595111871655 -5388.827118435482
-5588.839824525926 1892.2236383388354
5575.599806717559 3411.001901866526
3958.458414308294 -5956.200335263337
5309.411701135286 7893.891368760458
-2138.099190163589 2494.6428349845755
5456.776635648983 -3900.393378502594
6851.345989718768 -6568.829141220285
6462.13110336108 6667.199229738129
-6284.282510378731 -8656.586840839109
2233.3298704080844 3523.240637220688
6192.723141166824 8884.115713463081
3399.4607133116388 -3300.0915258983723
5925.112609960543 -5964.019894743324
6761.224247223694 6351.4152184394225
986.5119895498319 -9780.017150977765
-7295.485495147805 8697.40861126082
-6203.693755546357 8200.354668464028
726.7362645747417 -7592.859246398447
-6315.576534815416 9989.476772739352
4729.300838699835 -8151.637922967585
-6066.700646493446 4428.587941903561
4358.645966461556 9660.031884262473
-3184.3081107632834 -8282.127428210517
6432.0404261321055 -4731.871822369587
6963.435537451231 9892.13229285261
-8636.670411761044 8248.95579450437
3343.6168007164615 -9914.071371279404
3507.6910341359508 5854.54246142143
3185.076817492769 -595.2900623979313
-8526.622790641473 -7450.152674914745
7389.532317712601 316.1203025086652
-5297.684965473688 -3928.328947254485
6278.0280755239055 3698.3193457166653
6000.3638041984195 9304.31257003378
6964.8381051107135 -970.1791291096088
-3798.093397440217 177.17147753783502
-782.6727250179192 9677.997462003823
6782.390533759044 2824.6504365155743
5351.7108963630635 3841.0575942979976
-1013.6929320195432 2408.879664063532
1531.0329645447036 -7579.028097743825
-6082.968923097682 -6709.085429254733
-7226.881130361091 3952.459511343852
7038.835505824602 5646.253605419835
-7957.372472057634 3685.818577875485
-7329.699113005856 -844.3597866132222
-5007.226229834996 -980.9663821355443
9302.255470329063 -5937.706781893934
-3761.33336139558 6697.2545841062965
-5047.722532894774 9671.86479471529
485.63339333034673 8545.384996390345
3271.704214211979 8281.563158025361
2402.2982997997788 -8027.805825049119
-4250.003744847575 -1439.9383824229099
2819.5915555391166 -917.993031773085
-6884.789487922875 -3440.0551662586713
-4346.725074558344 -6047.314708470033
-91.75440722418716 -5170.382922451522
-111.03049150969127 1486.2760575106731
-9787.574804963699 -9498.255174611788
4035.0837793700302 -6788.642403795291
-351.10941525996896 -8229.529082658555
-3359.557205375747 -4486.24019097907
9002.190366289455 -1170.2231406505089
-4210.175556313025 -6004.992623160188
8219.342617132585 130.55100793866768
2932.0230128440708 4005.47925265712
-3970.4290422778786 -2275.9496414436107
-8038.547773540666 -8128.062094440558
60.8071723682915 -3505.3785915525123
3165.721786729797 3936.739569791489
-4917.028830007184 1244.6873378811379
3468.016626398683 -8751.311486008686
-7113.068075321045 2880.1729619811504
-665.4804664029944 6593.160174582823
-3688.0278778430475 354.6915747681669
6783.521662448547 -2478.229179661047
-7936.520441541199 -1434.0219892223267
-5875.728755999088 4139.52506702995
2216.4955209180935 4058.1979340541347
-2629.9745860285584 -6369.95954710567
2679.6510184350536 -9831.061065100555
5711.15950207399 4847.083329746243
8397.941745493717 1169.8232439226103
5000.6131790578875 -4226.668801007248
-298.3159189309463 -9015.147753264491
-9104.659185622062 4244.917197966708
1962.908201267539 6230.748241072017
113.86234170808166 8062.967854081642
-8400.64719285438 5608.708855941333
-1788.6118239108728 4461.01338622177
5470.12367222861 -1912.8505511547673
5340.426947909036 869.7955777527495
-2164.0067880090364 850.1675852340177
-2343.8289751849006 -981.3468359615927
-688.7798284115779 4646.6139336665765
-8657.63291509639 2635.3389021655767
5612.675795893627 8959.816144178469
-1325.2085448962243 5353.747476371189
415.96654668217525 -7671.845835593176
1105.845252221412 -88.27612162515652
-3742.8424272622806 -5818.153640418753
-6954.801080531787 -7681.24996451756
172.59234109118734 3721.4524927548846
-8172.180561872066 5395.983509535501
-3351.76769772799 -1351.226782176378
4302.116445091664 -5061.236197873549
9453.821550732591 -8029.040517237427
8537.355835120004 -1275.6282391405312
-3933.892459289379 8633.820494437063
-9659.10700755636 -6314.530836603042
3639.24701202755 5400.470094211467
8592.180626322668 9792.31508698273
-6140.57025171376 7176.594032590812
-9158.082481830905 534.5030831727108
5524.666399998585 893.8044811656637
1191.107932518653 -634.3778527430259
8319.586813509715 4097.67304538694
-3843.7892904140854 -928.0939413736942
9009.0050609776 9547.21636727816
-8957.04365188009 -3251.4221815962264
2152.9105738614217 -582.2557710771489
-707.1740701606504 -9084.72951993224
-8550.545444609294 3109.154418110171
332.58653645230333 -725.4523115248139
4941.404371331517 1196.8975871225466
-2351.3191455217793 5715.207972646094
7575.446025825233 -5276.996106632184
8124.6855746964175 3384.7175024309654
-2017.3792442680897 3809.7172489584627
-3878.5538769049354 -2997.235004156304
2852.08830892641 -7511.569427951539
-8654.085425386873 2060.592700195035
-8100.684582721711 -2328.2133738999946
8246.11323185316 -8851.586631005004
9183.69392964258 9356.952296250187
-3513.9432567090316 8375.880580350451
-7590.498879739416 6433.2341880649
-3004.125601958096 1698.2320347540262
-9151.982617063246 -2122.6334658640635
-3841.220719199874 9933.385147718673
-5352.4730257578885 -7345.054687614484
1887.9290228912414 6352.9185006597345
-6448.16922136559 3306.6546884459003
9662.644639862348 3952.534644785008
-8573.193036382598 -2016.931874005958
4034.848142682151 8855.241651363638
-5501.536808323773 -6398.009790054864
-8317.014412497118 7773.1692920185815
5834.826797259257 8837.42910958387
5782.121478161862 -6948.4311417609315
-3642.0710575426865 9809.474967490325
-1724.7226413804601 4541.215644548094
3551.047187632157 3629.496364929095
6572.511766778294 1393.0917449235785
-6969.733767861612 5365.230487067809
4270.630729166589 8841.866894603008
5278.337836509025 2525.5046777917523
1677.8372624520416 -4857.627640357096
92.71567894724649 7824.465382242921
-8755.97694337716 2045.901636657516
4678.554723238756 5770.37327285289
-4561.184120914421 -1449.1624598648905
7821.361223437249 1534.1490156398959
-9814.092940315895 -7865.2397243246705
2202.899890084789 -8411.960516994488
5653.585157005407 -5727.156330941885
-322.1419686620211 -5235.089819305074
8017.804997117855 -2229.99272594411
-9792.322934359865 9673.832225899656
755.5355518503529 2281.9433309895867
4151.874779347974 -182.20602745450378
-7907.470641175236 1372.8027390168336
9746.073231130827 -8705.486274515932
-3578.9313080956254 -445.0321267362997
-7150.127580692709 -378.50600182912603
-8180.358247641532 979.0078207229271
4426.593924739582 2011.61024219096
3247.9173583289758 2789.5622991369546
2720.848445227557 -664.3139088989265
1556.7858825418425 -4364.4470636740125
1728.7685306816838 8043.658610380466
2144.644347723255 1420.790518841066
5309.664139257262 6476.097221098131
-6092.4896692553875 4103.685690633851
-2833.239350266066 -7717.0027556932055
9071.949073851243 -6797.561702693182
-9071.410069463936 8076.920713954201
-2433.7852037135544 1634.73451211857
1691.5017350995568 982.7178313982513
-4223.595418605777 -381.3634565231823
637.6850019113426 -1593.7853989458617
-1149.1643444580513 4584.002043761322
-2278.0257013751616 7129.412781612384
-1842.7454263743011 3391.435707258159
3924.6428512036928 -4250.098484583907
-8936.093561637354 -2371.578821799618
-5803.72625090191 1517.3359927629645
8906.88612332099 -4650.05218044316
4974.721475192007 -8220.001837827345
822.6056501253533 3353.5944822021356
-3966.9330279920123 7539.605593080778
-3934.3841355622208 2926.6909647584
5421.389137946779 2022.6968035195987
5498.430370242568 -1024.1556135081428
8394.077159526769 712.0720323577534
-5868.59779536433 -2453.2486200077637
-3531.693969190015 -9058.072468847156
907.1090985256233 9964.89831323133
1138.2220898036503 -1054.5214561913435
-634.8826671423558 3175.393649207206
-1726.729449523953 -9845.97906499996
3389.3867668065977 -4667.169098226435
3858.022698346922 -5418.463993104548
5932.000651749773 -6710.25195552408
9484.751545553452 -6710.897227511985
-4576.698801337453 4354.895104573961
6888.917932265202 4208.53908423688
4519.917127340819 8540.186856103872
-5178.362804787446 -3985.160497905562
8908.582891566795 9487.85999255138
8682.097812763106 -2727.849121745223
-9924.951406742559 -7632.969464121868
3586.8145687300857 -5261.835949749234
5263.792486927659 5251.4836145113895
-5068.504982001425 9496.974188994602
-9704.358051068572 6838.196538113003
-2994.7779965699465 2500.602910519019
-3523.1651941149075 7838.747839633546
-154.45591952355244 -7865.456973729004
-8475.562330285231 -4026.5777049041417
7276.97955814649 5582.834987190674
-3750.5384188485505 -4779.523773934102
4954.34716998106 -6946.6488835286455
3680.4074857421165 8820.685791414999
-3763.7604693039957 9334.101047056112
-4623.604644732442 -7490.040092522323
-4157.137738255008 -9313.448495796962
-9129.580269926731 -449.554511982049
6506.371088170828 6742.092552365157
499.69725538470993 -7646.777475608624
2200.7405909161407 6852.942051966249
-678.5350617544282 6833.332150190392
3042.1086305764384 8258.94514622643
379.0044094212535 5110.541592552909
-8420.556650876595 9466.869000887302
-725.9372670337943 -233.0911831255362
7949.289410518613 -3601.0405460100037
8818.260458762456 -1405.1443039666337
-7752.74516155164 1152.6739755186882
2477.4711021801886 2617.130720458641
-3527.197868151484 -6376.325081104146
-1610.4337265431932 -7867.318397156407
5532.823081684539 -5220.697560362426
1927.3344524400545 -4359.873986182174
7043.373093052018 -2970.0754490608497
4094.7744740890666 -5286.835418720981
-6952.149084355481 1930.705691571653
5486.382456104739 -5750.076101670529
3273.8188998607857 -1643.510100264606
1105.452035062579 1990.8930183216926
9179.561264827433 5327.66051546008
28.812050980091954 -6202.24407297244
-9204.617372883418 -7175.013336466105
5721.838894807925 -8091.90936546101
-5756.43605645608 -8783.374387031818
7748.977872962008 -7771.446946693243
-3175.215012436279 5330.604566499511
-6308.575387523773 3701.8258904678187
8687.746938753 2741.267723548779
1275.01260244695 7880.267328582369
5352.613795100426 7498.322528679339
-4972.230940516746 -9938.149462180743
-6262.180627303688 312.2781968965028
9228.00325012887 -5308.362011902157
5843.674786502164 4120.231552459534
9470.192612729723 -2795.2997950300287
8875.128054502915 -8.897952159673878
8867.351866493103 2084.031275320247
-1660.0679934691234 -7510.418567454258
-8275.039503240647 -7370.3183639377185
1537.3767570010477 5903.214115400593
7462.940889173391 -8217.021040478125
2856.660373408371 3147.186544492877
628.5854005756901 5322.36531707615
9432.867296689405 -2303.444435429392
-965.2712187381003 8845.03580728015
5962.435202300696 -4444.195714379569
-8626.122960307317 8171.216899880044
858.8961724643032 -939.2344984392548
8100.406754562904 9155.587071969978
2433.586519198214 7218.121274327339
-5060.643916382483 -2637.014289410884
3414.92092367212 -1677.1750356213652
-2928.2683489444116 -9336.772992961172
-5126.261080475379 -246.03330690450457
-6137.333069206414 8522.479431900916
-3498.8686958121516 -2865.2544737140142
-1059.8296040835048 616.3354438251481
-810.9326629429197 -9547.621506535577
8498.607198236878 -5637.651240833332
7993.043754425926 8268.922009179772
1892.4718404252399 -3932.52462313858
8809.887242316508 2814.149447858321
-7097.599191698473 -6391.494691584458
482.74607234552604 8536.774838915822
-2503.2005290470006 -88.76125356604098
-4450.788724862069 -5399.524958742232
4478.843417655393 5966.801195449874
-2522.5804429584505 -2153.687284506571
9100.04154741548 -278.83440348500153
9988.889787498658 6903.331230678559
-3462.0635089229436 -7103.408670945417
4945.757926391312 414.23025227132166
2076.9317003550386 1651.356794293446
9283.968940441926 2753.205704577682
7897.647258816905 8956.807284473583
8602.915199731364 9148.17885672588
2571.5978911381717 -3331.5866129647893
5275.882192045998 8779.807242881834
8674.407134843426 -6509.833964629355
-7675.396513837843 -785.1794104613036
-3627.8300667876047 1379.321143371797
-9194.89222280486 -1558.6218491369837
6401.982407450341 -2588.864891141534
8080.962289630577 1809.306701791431
4559.068992338382 720.9060531790692
7113.912635462417 338.23541063787707
1619.337677161042 4863.287425591441
-7219.166168555331 -5858.21224416551
-2432.397739804337 4776.490509015783
229.80927838459138 126.16626857336814
7068.118849860304 -5488.337229854059
-7582.941002175099 6656.599264781598
-5694.510651478473 -3014.631954331663
-779.6481361080259 9545.301667201278
9640.381673519321 -9764.23516765322
-1096.5711398188942 -6500.269796768325
-2034.052974551426 -3989.272000100892
-5790.106948209655 1080.0927928892888
-782.8140790785201 -4011.1825297137284
9993.90354449875 -2749.786593213151
5176.95451986377 -1468.3483077648998
-2951.0686646751847 -8233.982424861744
-6461.312683768923 -5411.093695526086
7674.741295139211 3931.0543026763753
-9872.675027626823 -4775.195510651522
-7473.33300454434 4658.637193346938
-6753.652841199262 -4792.368768985942
-4579.854513875896 9315.324323068278
-9689.791612060913 -2798.546753518787
-6982.597517647835 1480.6367284827884
6237.885930606861 -678.1095501800592
-297.93517438382514 2543.0495994816065
5524.653307901428 -4834.572919033939
-5548.601334788082 4962.464204047279
5475.6048640224235 -105.57259278567653
6144.768662769924 -1935.4889919200932
6775.847937090217 -1442.3458944600661
-3499.175903983929 -5607.799783376679
9388.706077653154 -6451.237409970363
5714.823850979366 -8074.411600567039
-3285.332801317122 6952.892519536759
-5128.584566149377 2890.282384171298
-989.7756209012114 -9495.869009266611
-8662.905966385191 3410.769403864171
8257.15643629117 -9025.714144564743
-1409.52678860605 9924.70474242073
-9010.786885717256 -7963.941047390921
-9672.60638227107 8059.451026610659
-6975.435324125101 4991.364802162212
-9818.173263580122 7582.325109209101
-9381.212225519655 -9771.800126586064
3032.4111923479486 -6928.84721521428
-3755.4357235567877 -1132.878620686819
-8381.620058047205 4111.896821824665
-5979.325937974267 9781.0518967192
3067.5404682810076 -8884.723098060336
-245.72371036003096 1019.7801188653957
3942.8748091446614 -6745.543175876552
-6373.13185085893 -3356.8114567516204
-456.7690371337958 -6438.96971110477
-254.27192462720268 -9935.109014536481
-6552.50941599024 2876.6917238836595
6099.045847090185 3230.622282175449
6670.491291179929 9143.138611247134
-9105.636761359683 -2696.626986810282
2302.906024355496 1422.9050054826312
6826.334827599625 4999.9294615009185
-8863.83183502437 -921.0225459968642
-6488.758687435104 7321.1234061207615
6527.451987753382 5701.217002137517
142.08914694658233 8140.757640549029
-7361.375724876071 4652.742986140842
5359.535182844807 8965.831660408046
9186.971911133809 -1480.385296681212
-599.7238086567977 -6846.655511237857
-2025.5563277502306 8282.288476662041
4775.966509853746 -6033.389972083849
1716.0247944176372 9687.482554542858
-3947.8899213896866 4076.672423079366
-5933.2138177891575 -5915.7454216515
-3262.203468666791 5462.074663749459
-8748.950122103994 -1101.7667376960908
1863.5545987802925 -1867.1209416328647
-9673.983360107623 -1046.8875707679945
-1484.0058265226235 3702.4978674107006
-3133.8829540530533 4008.673188618297
-6585.678765039731 -4446.443267102802
5733.23658743854 -9830.250872889728
6555.2180758539325 1191.6560741662688
2601.893918717469 3230.7140463725846
-6981.017782148498 -5646.4395617183945
1037.338408942729 -9444.781349564879
-8778.776419887188 4534.003990140098
178.44755488371084 4751.06890721572
5210.833244964468 -182.05167384818742
1456.213571030541 -2814.7144542697224
-8943.668861085314 5252.791928118757
-717.4911041028499 2294.548554523106
-7070.878503411257 3467.684402792798
272.73151409055026 4681.381623644598
3183.573304507292 6844.757184624414
8319.829944770008 146.58769951120667
2550.268662174043 -8730.272564992398
-1283.8742190300472 9093.607305134843
-8499.850846210833 337.0138168072699
-6476.753240364915 -3849.376499470207
-8096.286301110189 5857.123906505885
2519.396328297971 -6608.604971336859
-699.1878990259793 5611.762570005834
9307.08615274858 -3804.0451394708816
412.999820613315 -7475.257689874599
543.3716107998098 577.4679990310142
-2028.1882409433401 764.4490398168728
-2241.468291631485 -1288.298186514683
5502.729992078783 3766.262591866416
-4141.960467224295 5440.710049607398
8396.01893043752 6760.994054697647
156.58030465478805 -7317.502501905137
-5587.984424550818 2118.053710711234
4671.780575306619 963.5815377002
-3290.143078895858 -340.2778722319217
8409.20907436025 -2298.4708016993127
5555.047321426349 6075.556259452733
3499.129329696527 399.6968958172656
-8947.33606261008 7663.609132614787
9299.381456261392 -423.43741191140725
-1430.5924592917927 8847.806835794352
9957.680311354172 1037.1962253688853
-9050.885322908402 -4731.51734864309
-569.4822144723366 4.565213081681577
-2807.2477991260403 4715.715893539003
7584.7757585184445 663.5323670105772
5965.3185723969 1772.789146229843
-6237.951206823138 3830.5617072437053
-5891.512702064401 2759.7314417926427
-9935.410945143964 2747.2967444699207
5279.229799949535 6414.561551958439
-4374.310169220672 -7593.659497490599
-8098.934881607182 -7277.482541664702
5256.235668882648 -8647.285494235453
4805.9863664913155 -2598.7930463945477
1113.0436107339574 -3435.3603877305286
-738.4763020516475 -7227.739837412608
4413.534040921546 1802.4276392950833
3518.805785816463 7097.745115946134
-4274.825804338012 7724.43705798114
6583.894347662779 -6067.761982130118
6987.041605028182 -1895.8023681986087
5606.06285111646 639.1152938805681
6174.763752531837 -9357.032291620859
-9906.893038794877 942.2774000711906
-3601.007302068566 -6842.855591484984
-9894.825216723646 -9767.817463030486
-4768.515476740265 6330.096123871503
-1354.9890295674631 -5682.286439846269
7181.758028990484 -7246.843450236782
-5346.082677950057 -7586.934761057897
-7498.792488822559 -1359.3359536487933
2339.1406198741097 3371.4914836000116
8870.460658856653 9389.088183252989
4999.79599759343 -9474.588580029189
-970.3260723875301 3060.447640437702
7084.852113106852 4965.023741033734
-2959.6397367762984 -3094.625284930182
6908.101960737848 9685.245045527252
8621.25670942495 1201.3364208567782
4261.4522118906025 7753.432035500413
6879.644056622965 1966.6874179795832
2109.271990119887 -3501.9878952116132
-6236.56825575272 9521.370015054144
9612.94658610793 6690.802206630007
9688.23868584432 -6599.7443871987625
-5073.817200390509 793.4467093254025
9047.590137584193 -4214.748300703106
-9481.966097124883 -2438.9296925423378
-2306.723747467112 -4592.519813271026
1221.9982210725339 1643.8861899868298
9976.809817414884 1780.9672577660476
5775.967247347742 6300.170557206435
7571.831307739849 -4335.53892510453
-3690.798974965288 4931.656793812597
-9948.781146463869 -4191.87025797793
7048.909012598571 -7124.931998785538
-1928.4381710343032 4327.067664461267
3460.4307855055813 4731.1591079022455
4021.56804222995 3453.6791273813633
-3898.592145362949 -5514.701216304982
2119.875045787845 4956.174300487086
9661.752547983091 5771.272278876611
-9798.35382342395 -9829.438235077556
-3022.3825575512437 -2147.351237872619
-1187.7579650974712 3378.6870216535244
248.98292230400148 9243.709284100016
9730.151827702299 -5824.989271955705
7256.884258019603 -4635.411250393042
-4329.710747758053 5499.987132351942
9067.697912325664 9222.940982197786
5672.656994444429 -6821.944322414058
-2471.667926161347 4837.095176801638
-3439.711312177591 83.41311985107859
5797.546272883948 -8036.679546021941
9854.285834439743 -6533.11144016381
-6774.938428840866 -2337.5164504488575
-4337.322953841438 7512.4123345160515
7081.495537233401 -4660.972105509857
-9686.274792325432 -5148.296520358744
-2041.402058082027 5107.871125792601
2883.2207205163268 550.9817066100823
3100.6349524492853 -9307.538244124516
-2730.797088502759 9993.643768461872
2494.205682651529 -2470.0959145355237
-8903.541397032675 8118.02251015633
-3764.841259292746 -5643.294210524943
-9512.948022755958 1629.4762287152716
8507.696717785268 -3728.6318497304683
612.0462040399525 -1908.7582905764266
-6547.842946835823 1117.6888951641613
-4056.5115861719405 6208.617378614968
1264.3607463898297 3005.30675107804
1254.6234381751256 156.2116364797239
-939.1612205860492 -3118.3291463544992
4670.225983844804 -2541.858039354989
-9639.364841903836 -3707.721932184276
-2552.1682160439905 -5283.770672937995
-524.1907420949847 -7186.32661713109
-8325.444155420671 8391.391236312567
2669.1495217382453 -9883.631963928121
6693.110774911995 -1121.416462082576
-3370.9671382536953 8212.484080878989
-2175.4887877983365 -4724.188818695996
-3372.240838804588 -5834.409503739473
6833.891632250787 5532.869133734721
-8328.901412094812 -5612.142982404253
2589.746520663055 -7924.354594742785
-7986.7985191016305 622.2956028836161
-7504.183643808867 -3463.036129632873
5602.419369282132 -3194.4638032750054
528.7552568932879 8885.104416613503
-5660.005229122733 7229.214242461996
6093.608580911923 -3973.7024232876465
8474.98726097919 -2234.272412545406
-586.9504636876991 -7132.359919924645
-1974.7956378691579 -8603.238783189063
-6204.780109569759 -5137.961552296053
-6194.688207020023 6880.639241610686
2878.9281334538027 -4783.0529638550815
-2540.2905777483275 -4882.776400878565
1833.8738771106237 2233.815274909486
-160.83770054624802 -8383.275118315152
5497.455286655966 -7344.67992071878
126.58021191375883 5451.460744814318
-6441.359568196923 5432.615079339377
4308.745242191506 5167.242875814069
-6846.718687046265 -3015.012673000044
907.2052016335747 353.73327492012504
-7385.844754256745 3809.4605188353635
4322.9333150731745 -6079.232375747788
6622.923924860694 -8791.951674534519
1715.786959119092 -5399.7004161076975
2640.117758270353 7935.512942141795
-1968.8174375196413 -8208.727425016126
-8756.863632208155 -4269.358754764418
5602.829368305815 5587.391080130596
-1118.8104659581259 -20.789918611251778
9701.750573263278 -6324.592859130327
559.9894654539512 -6833.0383928138435
-531.7534357115765 3764.2009858319198
-7902.0839780003735 -3683.926622757578
4854.848257886086 5302.598805914517
6849.292946896636 5258.7613116363245
4524.715698212236 -2533.495390031908
-9830.699018664942 -1613.1954917237308
7091.35123436954 -8256.395667824465
-3601.0217748321984 425.950857735912
-1348.1036832591071 6916.542195717415
7777.653695487723 2819.2988172493315
-6742.313507657083 -8156.873099225075
-7555.932147745119 -4536.070497177622
-217.85184408080931 7154.785385393363
-433.65920737772103 6830.19893113559
8587.531238671949 -9157.863639432153
-6355.139474221954 -96.73002590067699
4458.364322594685 4669.212294721237
-2838.9415277188054 9921.61492648621
8460.94242519524 8455.510461011861
998.9534448498216 -3452.621540969778
704.5506201356711 -2512.279266832038
-4554.742000260232 -2111.3634278572736
-1578.4605920904796 4670.621278777871
-8922.275516932128 -3296.235615585072
-650.2270910076913 -6500.702739393114
-1519.6533247400494 153.25818943015292
9092.372990285941 -9467.50440750331
-1522.0931460968404 -6375.467783119355
-7053.9001684284885 6769.57355417369
461.2889441309526 -3559.649844490041
7631.097786627957 -3818.8267338304095
-4621.127075002722 2671.7302417898427
-3578.8361649464086 -3383.6087971376182
2098.2305997511667 -6188.7106056167495
-7634.921673067534 -6593.115501978475
1096.2579194802838 1723.1779410283107
8605.966182493568 -788.9985136657215
7814.776855115488 70.88779860725117
2247.0483723621437 -5011.319722873386
-477.4528356314331 -9665.605441287948
-1221.4479849210384 6470.527364965001
-5846.455596258103 4563.230479180629
-2228.0412198261956 -1917.8721851237524
7345.2482364225 -8827.741329085145
7364.17743059673 -7992.6945540826555
4779.612731971829 2372.0611475330097
-5004.37719261367 3921.7087208864596
933.2783710459935 2236.020603397199
-5067.399845589242 8900.742155810764
-7527.497298706469 2941.327570155512
-704.1994004677508 -8896.461902085744
-5217.810174287833 -6618.707403944851
-1366.8924276360867 9057.301735763722
-6502.696062667326 9131.5224626567
-9483.663030817012 4714.029659392547
9408.857454021203 5662.642581383374
207.9218975447966 -1075.744329980269
4745.578299101409 -2272.5620208128294
-3865.019051441627 8570.13353781521
-8413.746880974493 -2989.5830772941827
-5275.408081003669 -8677.182130544214
-963.3356075828797 -2587.036349412415
-5904.486411125805 -7163.2264732903095
-5191.064476734952 2757.417532433321
-5831.991726914194 -1833.7153586403683
-1029.9927281617347 5228.545182145255
-8055.196002923426 -5712.897771209975
-7120.123343119129 4531.055586857863
5032.664351600502 -6171.183269215221
-5280.864536192063 7526.942159952756
-6084.573509883787 -8528.791547380137
4509.248523866479 6026.6106850097785
4055.7796707208545 3930.4742692310683
-3842.0802628462634 -3557.1064169081446
-7405.543675786139 2058.8927971809953
-8184.195986187877 -822.783971040084
1231.9249512707047 -695.858531075146
-5290.274826189869 -2107.6690902361524
6819.071365840489 -5377.857362566889
621.4638072843045 9236.20041024404
4249.761413059852 -90.04109800764854
-4689.905904844211 -7883.2472500038975
-7560.409874126297 -7877.069950147499
-4570.254582630271 -7712.594655382736
3491.5265301726686 -1537.1103770242025
3873.576612238443 -7211.606706546305
-2409.439142333141 9371.95420528065
6978.654749187921 3699.1091828970693
1735.8866476334242 -1460.9527442128092
655.3372655714447 -4308.1946894916155
-889.4659223565941 -8276.04182443026
-4741.33728015498 1037.1757950446918
-2295.2111446862846 6926.407982212491
-5101.838771702887 -7002.516294382186
1751.144981070258 7275.24272443731
-4113.600609426484 9953.060996347933
-2405.0762721724814 4985.530827770766
1155.4886874126496 -5856.841343194177
6816.122465403412 9829.002409657125
2724.6814480079775 6562.292971750583
-6265.5592859891485 8785.916079656585
2681.094767377641 -661.6271535974083
1870.858237405464 -5105.891793873813
4639.50444326019 -5170.938195657406
-5494.473854396218 -7216.3804729523545
-7723.948789608897 -3292.016411247114
8163.155845672005 -4017.0363839372712
-715.3743904782459 2472.5306387658093
-5326.519566674635 -3194.246002366399
5983.581366204253 -909.8029415178426
7395.787899360188 -6525.943759299053
-8195.646681338429 3910.5070128164753
262.91052943538125 1107.5002019848707
-9977.553655115318 1504.7764681099961
-5508.516748092605 -6695.16717718148
-8654.818932513193 3756.0885271271054
7121.668413520521 -732.7477498586886
6349.47880278129 5307.034527844571
7990.971069428757 -2239.4771362934107
3266.8798189605823 -617.0874054762226
-2686.841911901741 3685.5217891904485
7241.892231327696 43.247118964382025
-5275.290625965665 -4375.469371720397
-56.320414500783954 6074.637104928472
2477.6381154857336 3453.230447551936
-5710.007797288527 -976.8953769029977
-9601.085300046483 3956.0303276894083
-1953.8335523938977 -6725.729130445159
8303.141139445597 -644.9942569472041
2190.910736524318 9624.831729325073
2736.5292443925428 -1239.6239024976003
-4805.488559161386 5448.986193696708
-753.361235839342 5773.119230218486
-7266.007821428413 4348.594992649876
8813.740809908122 -3182.0344158823864
3873.669276282515 6086.032292846008
7646.076065269932 -5742.321681425997
9368.455481246492 3633.8300088239776
3232.6855127238705 -4062.826623155511
5501.1601982864195 8335.37877219565
-3636.102600004625 -1471.2937839566584
7743.954869148121 6456.107926118137
-1229.042654542458 5896.981922447405
-7461.934356938234 814.7128016472252
9102.69747684661 5675.731711042741
2614.6678026621266 9719.168241650794
6148.54994932585 7344.932269051711
-8466.135438042438 2092.4113087635596
7533.608474085409 3320.5105813690243
-3502.4679258284405 2457.74013604271
4552.853939236771 916.0283856944643
4995.727810981865 2364.123593703447
-621.9364250635626 -2491.4902687899885
475.2572243264749 5866.78629757081
-437.6653101986776 -6161.794367502718
-5027.095228051701 -4161.424891245957
6583.548751807306 1094.7762914131526
2534.740606701618 -4827.22028233348
-9890.478772756333 -3709.9967627794213
-3753.1787540527457 -7651.770256350761
7733.979442214204 -2610.1857093225235
3831.5041985625085 4362.652326315825
-8876.078550513237 4776.055674513371
-7982.486305188255 1700.427766788851
-6164.684412196135 8831.098136350749
8270.783231127261 -213.96734527119406
3495.4980446827194 -5213.968372253006
9977.02915307883 9284.629163954643
1617.0506360867967 5445.843575346018
-4204.1075772007 -6353.601868197469
7999.32316168569 -9997.353692405399
1660.4118628030265 6451.38474004453
-6509.8082984370985 -7129.333881082521
-5225.512075252008 -6603.228132268006
4822.040987330072 324.36910172225544
-7035.0989636605955 4178.66070210742
-1697.6396236216588 4693.748048844645
-6126.638359839929 8055.582825770467
5330.763585580788 5968.457247136672
-1272.0298128156046 3541.141026350946
-7969.364291468595 8885.138773358369
-1187.6230631694361 -2541.684787819556
7725.019467663678 9919.93079403289
-745.1745695537829 1498.1355625788347
2552.7695828244123 3080.8178459963856
4388.188821915335 -4539.41985852035
-6787.611258095352 5992.1265562326735
1685.9951301838646 -4484.287036676354
7637.39319135874 -1513.8603957309988
-2841.6416564278843 3108.222144989857
4348.437904886287 -5235.556514163668
-5904.3706617320695 -4461.307499392228
293.84497778160767 -2835.709321526445
9176.493708487611 -7209.907165265095
-7818.403681710764 4662.914633981312
5211.140060897649 -3171.891655831234
622.2397851629939 -7524.620225426828
8169.044122283271 9389.120234938182
3843.5789393651994 449.22394678314777
7644.8015424854675 -7820.218890860038
-1695.5893652073792 7431.787852234542
-5455.633824189669 -552.7125332856067
7225.996902373976 6383.796054806366
7527.941454031967 7039.618740684349
-5123.65787928269 -9264.595788583694
624.6919135705302 4360.157493844599
-5616.2247289189945 -3671.4162873598098
8438.341132621157 6031.26679142301
-77.2753878655385 -4737.6280107571265
-7508.376675343678 -1383.4401495964703
-9694.004133198441 8055.176129543532
2511.4791864260224 4411.741335027091
334.24988758970176 8760.965749334602
-164.22639923813222 -900.9264750692964
-1305.194497274717 4023.855678954671
6626.231396447889 2970.6626346635876
6768.280224315065 -8471.767139032203
4201.188693343731 -3539.079419190114
1392.999333368578 5899.228761027558
6555.66465664663 9888.719680420047
6453.50694729578 831.0182209916275
1015.1657891922932 4594.903942490349
-6899.085863541055 -4931.9507837182355
-3026.4610732334377 -1929.0137524040629
-3520.7667073772855 6836.997012329688
-4205.902382867182 9210.009738667351
-1976.7490781465222 -3575.132633902942
-9792.849977868214 -8529.284837281348
-3290.105539525408 9821.343843678333
-84.0314071512912 1531.3021186256083
86.45706543569213 7691.126207383448
-8372.864291622243 -1080.7600771661673
6465.454331647081 -6585.33837687491
-3649.8743949301397 8138.7325719909495
3367.28691555807 1533.3296415190016
4564.865557429053 -1022.4008209429685
-5891.709022085188 -6342.204320921412
-9265.05248703236 -7039.508778940897
4373.171517009285 -7254.093797962712
-7351.95059934608 4325.519339412516
-6322.795669332714 8629.154842105592
8194.04435363807 -7563.476244925522
2815.0192312941545 7764.398376563106
-7554.820975947374 -796.6266648563596
7709.16543967375 -1589.8279953876263
1281.6012398064595 9867.839240453759
2513.072980822073 -1225.4051219976918
-5690.5639957406565 8422.743205928353
389.4372591509127 -9845.480535533354
-552.497434005054 -32.76528849864917
-923.5533591499425 9683.239387751415
-5687.315944495155 1461.2121477765286
-9829.311371837206 8026.713208625071
-4587.146559562801 -372.9413536323591
-4003.0257956084433 6215.93476506062
5160.178935331327 157.00965572908171
-3998.273534856702 -7224.276619986529
8846.529043598606 5919.645044249937
-4202.016335887295 7407.8689437468165
-1023.3894460836018 3519.1337660079153
-3693.5257489297755 709.2234445970571
-7266.629232262978 7346.031714925237
-2121.367932352141 752.9879178896208
-145.88772805156623 8168.578947119804
4853.816903698051 -3165.906039216675
-7175.337330416869 -651.3979037931313
-305.5790080749648 8277.243080788314
9052.858737432947 7926.291707412292
-7341.057647447624 1928.817491408383
-4438.495442621926 103.26167721672209
2914.5171210157005 -4198.465406477719
-9255.129293916807 1063.4787432944631
-9943.199039825333 -1686.6231648409102
4861.70973091771 7606.783723705194
-8803.492247075907 2659.9752161723936
-8808.335860082843 -1270.1044929265117
8088.3087779834605 4082.2932666934375
-6839.141552009191 4074.9459631349764
-8780.791083715314 -5860.894930269116
9246.36009156319 -6924.263408647264
3339.92069962381 -9433.578716351776
-2901.8799143122997 -1332.9170580171758
-6385.84035232675 3903.6753542579027
1070.880598955886 8582.75446783785
-4622.801244886885 2789.1292482275003
-6762.5191185804615 4552.678246172842
-4563.582124673971 -1325.3689557224861
6958.860359957875 5120.234981042373
-9087.004500820982 7682.490021153033
-5785.005158515315 -8664.375275637514
-9184.707496946286 2424.916100400862
-6845.10729393333 6241.445554914793
-6149.112577147731 -170.89453775932816
-9297.316473848507 -1148.226820295462
1425.629375318902 2358.7245126467933
6560.744562125372 -8763.806099389782
5344.472530257406 -504.80737932591364
9579.715263104208 3355.4007990500904
3420.2796077876646 3939.8250357844136
5219.151609627401 -5544.891435931414
3013.1638804202685 2720.5517639495083
3701.481302582617 -7889.78453612098
-7535.625628176792 7234.581889086581
-7534.168232198848 421.2777605180145
-6544.896184140325 8231.046303737145
-6342.801875042325 7400.533023375934
-6487.966425849012 1835.2988337839088
7640.335809656928 8244.864242064643
-2802.1807961118857 -9060.781805100096
6906.661609712355 5978.237266438697
6966.126708710355 2629.5102417128983
-8753.642121013958 3856.3247478720477
-9772.751478135073 -3201.339925769933
4686.774676977786 4961.16280228134
7861.717941282099 -6319.155666726469
7452.1382855510965 3573.857892567692
-8764.238440638379 -1222.2252813097493
-7921.523654231928 -9801.484496198256
-286.179590570493 -7512.91646070557
-8178.424765018722 -2479.294384887571
8729.798545169298 -1281.4561652226002
-8375.303944761929 8118.960441574622
9670.076450146233 -8118.953878160315
-2833.3231724696325 6407.9307026660135
7137.755283560691 4845.930351296825
5889.958659910084 7076.999264209153
-3391.0012784733426 1839.917733845732
-4588.0239083126 -9801.696590699934
-3941.267087901885 -306.4564712660249
-647.7362038178853 -786.7337921262151
8824.392060095812 -1531.3463746446978
-1638.4692989571104 -7833.089703640122
-8207.213833031139 -1788.8168401044186
-4982.133627831755 -1155.6393325859844
-7063.41804959372 -7576.922953007039
5259.141316271483 6874.120847523936
5293.290407267035 819.9000726232807
6149.582921264957 -1602.14927272792
671.0719817365443 -5961.698438004941
-9967.599187097647 5566.531690885067
-4317.950487713969 -8819.811237783508
8499.248038296599 7908.066329692414
5145.263470067119 -2571.8997157588183
6111.214148191102 -2478.4877908152466
-6532.224218911695 -6561.063897665796
3434.94489357577 9088.30440848126
3303.8523186000184 -9179.153077620707
-8288.602597525816 -9149.018645697504
2608.5637994050503 8720.761184510415
7353.637172975672 -4.9184958835339785
6143.532569707593 5397.654776735515
3473.9985795402044 1280.0375099808643
-4441.017600413331 -4370.638854655489
7769.828376501133 -8699.952007162914
3367.6343875632556 -101.66277200376135
-8649.051149589231 2416.065407435206
442.4115960398249 4524.492220048505
-8529.132670206505 185.19393207931716
-5888.684059437823 3260.8154173186704
-7372.317198248297 -3976.0528467649374
4489.247280767471 340.21086519037635
-4870.467155398188 -7123.027573194318
377.93975400507406 2559.59978610134
7973.340694644012 5823.003609280504
2881.6030946450464 -6289.999833998074
-6235.483468332814 -8165.037080498305
4827.251959071889 8508.966257687513
7409.188761738093 3321.285882691378
7145.126447596358 5164.404433939462
7439.43178466949 8610.70045739866
-444.00365033699563 -4203.541949430259
-914.125726189217 -797.1513211376441
-7771.435191175105 -7833.1996608904465
-8409.02654788709 8392.295872894203
-2488.4166877374937 512.3307761246979
-1239.85470572731 -1216.3748735098143
6411.696111020221 -6247.072069717016
1376.8521924860725 -2749.5260261896055
3179.443007203752 1940.5734495742072
2861.6549818892818 5051.530506489231
-6817.744633618317 -7460.196222366909
5434.13026474738 8101.648868008309
4184.680035271116 977.1238122596769
-6959.5147223537015 -2193.5802909918502
-777.5192738893493 -1130.3531075093924
9438.58081232032 6403.668436382031
-9551.334326459306 -7559.090747178585
5086.001044337949 2415.5236152896578
7645.902885574818 6854.438020123416
-5144.300074153216 1599.8493139250531
-7458.8176188034995 -6456.669019688133
107.67202800576888 6699.988483528094
625.0033019700004 -2913.261063480144
3273.992499801916 -4673.072312630302
-4131.246768042216 -4218.176816130838
868.4816074220871 9468.143386455147
550.3697460429321 5782.395176404618
1711.1583369978707 2402.5495042665552
-7660.2261949253525 -7476.889654590366
1161.5461406893046 9211.122014982706
3861.964372899256 5120.752250732896
9283.805625556088 5607.92972334134
-3852.918573298176 -458.21733195164234
1120.5768391591191 6476.462852551795
6693.143711307879 4548.002671415783
-9368.68786710063 -9718.700418363742
-4691.424729705791 -9220.177229515644
6354.799484081068 -1564.687306587879
6468.041137165939 7809.293394487759
6484.463774540793 9737.772253331266
-4393.478835247255 -3407.2956448824107
-6201.035040734227 9158.858254539256
8592.948995361341 5475.221579293644
-3230.508650744412 -2468.7518890734837
-1433.8353972577352 -3252.3157717829454
-7830.92678325874 4119.6121955184735
-7617.684146919668 7728.334416826019
-3361.862964436109 7573.986834437561
114.27015169062724 5439.922237986972
9914.432174793612 2433.176358951292
-4640.011252771909 7175.269120429104
-9185.63437034225 8129.468324342601
1558.2246179706544 -9407.956494695336
8556.683255078682 5356.111972980823
76.32648883422189 6450.1480869420375
-3351.645049079146 694.1745813165853
9526.313375089117 -5297.223232080941
4306.410140812886 4555.531134830142
-7418.193712481054 -9625.13661565338
-8731.612899303123 -216.09309110075083
6509.811825744237 9510.286640150429
5847.966486043335 -1333.9492091561606
6697.746033601561 7441.866915096965
3221.2605463286272 -5359.728354786839
-1352.497250319544 1735.8313737061853
1183.1357307383078 -8350.281385456205
-6775.223131109243 -9614.902420024542
-6008.141127773044 -1127.0409383199203
-7606.747582506381 -7826.635333288623
-8575.743185452715 -8525.454111286732
-1770.3198119002554 -9395.331204801749
-207.5108335541172 -946.565819274665
-3292.7317077441057 -4609.287340466126
-5572.5619663200705 -7372.735011341036
-448.77972534137916 6210.9371077902815
9012.625735511298 -1724.3285480124177
-7588.33759257153 -7692.053100322948
6156.481359859101 -9024.05208623028
-4334.402409285314 8453.585543754216
-4280.325350822922 -4300.446321848728
-4649.051243639035 -7081.421993179338
-7331.850848447943 4498.092884696973
6052.141855152549 -3698.660695190545
-5398.607427318228 8092.563702652165
4998.093864462438 -8580.800388032158
-9390.61321525017 -1610.1751589927408
7199.879913202662 -6062.060747413007
7740.578815446839 4385.391187524232
-4853.248289436436 1013.2029804421054
-882.8592669088503 -1928.183888426207
-6604.4058957968255 -9059.996239933524
-1387.3329497562281 9257.080460440768
8330.30499977542 654.1887634484974
-8988.615120457178 -1392.4336129651256
-3566.000276415666 9902.399153734808
-6303.154086427667 -3234.6560056076896
608.335162679452 -9005.298794674032
-3828.014798298589 4049.6585483874205
3390.668461511239 -8723.25797531629
-2908.674446454307 37.667350042567705
8361.155153094525 1805.9096120773302
-5009.9711250384435 -4770.382588897289
-3401.679695221873 -9811.332509794524
8523.3833593382 8038.830293216539
-6266.984054638425 -1866.1374426844832
4784.240634046821 9506.999114703645
4967.107953169323 4999.475210210203
144.80698157287407 5430.469470527223
-9635.373683178588 -2542.062007915196
7073.1107980206725 993.3318096912153
789.5241344954793 2377.7906672908193
-7496.634357469842 -3461.696071672016
-3944.398266190672 -4882.88154001405
8593.363312703095 -5233.461797019847
1170.547971904818 8646.856942026261
-4919.070813340454 -557.3429463643333
3997.468068762213 269.71026272720337
-6044.614615610138 -6408.543707605295
-1776.3351890084741 2173.091065082055
1788.8651252175641 1207.8898147122109
9217.85101693458 9652.136224564976
-7173.756368467155 662.0943648141147
7173.378491521591 6561.51943264058
-3188.6673215211677 -9733.623057201117
-8123.531851365844 -8597.573585814247
9530.917417986755 6881.23524741429
6504.842573682876 9423.728005848014
-8812.893993505293 6972.649128329522
4053.5552105314855 -3785.9693389598297
7962.366098841994 -3806.978136718307
9301.23531513253 -3516.054493899459
-4479.454517165378 -1656.6741304287862
-8328.652066709119 -1914.4223282842977
9691.05890529812 7484.143700205896
9909.50624985305 -4211.11674308378
-787.654821028973 7998.4654742858
8189.246339717294 -8067.792883443756
8164.596865584528 -3430.7453952008764
-4924.886944385971 -8213.033873519149
-8399.320860966585 -2680.0471709528665
1713.2835557244634 324.1002371731156
6888.043418442372 6776.242255807287
-6313.618819589186 -5957.432060187022
5403.375953696828 -1157.442453716376
2160.529545585954 6617.827745463579
-5524.405244697968 1646.9754074240627
4269.105063688801 -9649.116122514615
7851.74197775613 7893.280868506721
119.04983662355335 -3253.846173185171
-5535.787640877034 -1730.8413557959157
4372.019995457467 -980.9394685827228
9906.659570907621 3494.6178303188517
-5955.9570507279695 -3068.0988399703565
-7220.154651236752 4754.909860539157
-9016.232825606836 79.21598566285502
8947.585921695656 -5452.638448676681
7430.791945870817 -408.4754416632222
-9253.136840305348 -9618.303982253628
6121.978772860599 -9801.037304904996
5325.078387111049 -7691.4257766212595
2605.0387639487762 -5306.002004989334
-3468.674277104251 1911.245222952688
6735.107209079779 -8944.928956660478
-1832.530327375277 -4819.652954039466
2771.4219627590355 8840.654124301618
-7091.2783434831745 4602.062189163022
3057.621411054821 5935.8873959398425
-9167.683152007561 -3175.0214095447736
-1039.4076397170684 -668.4068688583338
4246.787178022838 -8568.825491572143
-5440.800214079011 4338.142592956727
1393.2536330901476 -6377.808090000818
3515.6372056820273 -4515.708473334638
-9405.956447022898 9040.727707789196
-2371.457767708409 -676.234259935818
-1447.1343722209458 -7515.981167393806
-3241.565334013745 4470.030554231287
1764.6683213693668 -6074.934986417309
4132.424501761785 7402.334026939643
8372.21687697867 5042.97667157873
-1523.4335592235147 3933.773183855881
9310.334094337486 -2626.0945275619843
-5009.377835465947 5704.783415787693
2207.6523623301 -770.8430007377865
871.4104326612196 8663.113979105292
-730.369390778902 2687.253225311524
-2092.669385433692 6214.002733156676
1245.4992981982377 4251.859913775754
4608.041734340533 3571.924704880752
-6414.299293447271 3177.659182485395
3399.701961708057 -8182.060862868637
-1974.7044513146038 -9998.608790395478
4607.562518952449 264.3236854335519
-6917.281417088246 -5524.537617562275
-1735.873114646689 3950.834959863607
342.1684904398826 6886.652454420138
-2777.5077762612764 -555.409262036259
-108.1761530887743 -347.366376377744
620.8863203892051 -3411.770291023022
7918.985932409498 -2875.8551897186653
5435.836676574283 6438.656436196725
2217.1488219513194 -9319.152391019108
5677.795536539341 -3638.6591796919274
-2761.087300875276 -6505.98235533749
3724.465320223102 -7907.213215766131
9332.556348299764 -5260.589188412301
-3646.5307928288257 -6443.540819305386
-5071.011024768089 6578.77755405608
9227.418015085364 -3684.908689986848
9699.717332494314 -1111.3357022982345
-2099.169524298767 -6235.02326143667
5085.359100478028 6500.29614716518
-9140.227785573505 -3474.52151010335
-9901.852170175012 -8375.50696303565
671.4865061914206 4949.6737273659055
930.7771946685443 -9829.275389159586
-6987.312924530355 8279.681596337683
-1342.1613668184527 4829.562277122239
161.60261597855788 -307.10630253641284
-3804.986317559993 -9927.042868932445
-4519.741272390692 -9667.01530840274
-314.9071673129274 4636.907595629502
8479.891963500704 -2607.777592385316
-3391.215820014295 5586.257003612685
-3746.196887883928 -8590.731567804372
-6827.794637515553 4721.50442091601
-3621.6499420581586 -3830.6918406029426
-3098.1684809014996 2872.6730525053863
8824.199869532087 941.0055560800974
-3118.3968716595127 535.4390163149292
9986.359855543546 9257.43858263857
-6304.2168842727 -5660.126547000113
-9367.087055930806 -8954.175325886263
-6104.925482971966 8002.310742751088
-8611.209996317319 5633.499981293473
9682.407156842266 -6303.980638211624
4312.321828244165 2005.2765592028227
-6481.290287628547 -4813.514641991758
-2811.2887474942736 -340.04742373403496
9477.894432165183 7612.3076862805865
-1644.0174556699476 8511.417531354087
-1565.819828119049 452.82812559583
-5804.640593328443 -497.5666995074571
-7456.207288172843 -9991.199819682595
-1140.5544196644805 8946.845771107462
-4013.0175858484754 -4367.459783676411
-3622.0347823666007 9088.625294237238
-6434.787401105328 9979.171327376469
8972.255688544123 4963.802328414646
-3497.7334266635517 -2289.277145732158
-7773.920261976653 3374.0047128300885
5676.939655441569 9369.998010090425
-2298.241172825652 3627.977576792433
6518.881576393691 -2448.702988425426
-3342.9828223020877 1680.1062299771293
6928.064131515774 -8969.786854665486
4709.33861999502 -607.3649711672442
9832.252780055216 -825.100025460717
6611.044826089259 8870.91471962836
-4624.232284961674 3746.3503070176866
-7260.28806420633 -1831.3176149493456
-5763.269967306406 8105.384350234519
4474.938951176768 -866.9786297118826
3198.884145413147 -5120.792672713126
4323.9046214278715 -9243.683515698238
6858.0155905366155 -7699.451266259481
-1525.4636112648295 2125.164678764666
5221.856270572984 6717.547702639818
4396.535649252744 7903.86681234408
5966.312088578474 4182.718601704151
-5823.094052419678 -3737.220472929528
2239.7241226217666 -2435.5320553322017
-4531.969734380304 -5740.543064793362
2160.802528835642 -2715.191112544324
-3757.2379571000856 -1096.81969710032
4534.76048232273 -6427.9400162751135
-3007.609449748712 3481.115815508816
6816.098164959261 -3972.5130475798087
4569.749600773284 8197.00797291684
5975.380908000327 2339.9846953044052
5571.150976733012 1770.964785892198
-9318.731220950469 2143.067260041682
-6032.778695136769 -3628.4435105410994
4087.9564710226423 4293.587892593505
-2365.8652820601465 -7900.907084789131
522.0919747420267 6261.755125851962
-8496.865708767038 -788.3869407555158
6492.150063956218 2857.185434810941
1237.6464822771177 -3617.2342358601054
6697.135535376594 -1824.1251267839816
-9336.307124299243 -8496.568918040433
9090.405566641308 -561.8647652577365
8620.719561704307 -2113.4297179300956
-441.6954460645102 -5702.30395690428
6466.357416139708 3207.4635817910457
-3597.791796917949 4237.326540367838
6160.045873875801 -8890.858412994376
-2433.522036614031 5826.491646258895
666.8502154718681 -3874.5188448163326
-566.2506022868765 -1098.2884244331708
3364.2118947735144 -8577.919212164457
-4987.145895826672 -3859.5517842481695
-8799.221581247488 5827.7003207409325
-8526.38449298138 -7965.497684799554
7547.864048758878 1726.6969247035686
2236.637259068626 929.0552405628587
5000.500786780409 -1394.454152489432
7205.126135472528 -6421.343265500533
-4173.562669733 -1605.8024649541221
-3770.3123766622457 9581.59716556223
-1672.1323126387015 -1784.3277974828852
-4474.051882700909 -910.7153903716844
1072.0568659904511 3754.949149106478
4518.7548685186575 -8652.624610365754
-6236.550585256886 2180.872015118988
1465.6122141269007 -89.40949617179649
-6528.747102701988 -2597.563456168561
-9784.069566239541 -5216.718490064076
7992.887095733393 -7586.507026237728
-2408.448989557148 272.9853571160929
4325.104703188765 3577.5448901759028
-8872.06621437193 -5995.648222604397
9530.988296563137 9926.988221487933
-9705.708833604154 7325.988039232339
3732.440681493359 -3101.2142748915394
-9185.1389251965 252.9232663276507
-9475.811673025863 8401.228967333733
-8657.581639155213 5122.543366430493
8796.721880540183 -6295.899728921495
4489.026182737025 2302.0185940328793
1772.0108294880793 6367.1997606275945
-9902.05534306631 8570.380773022804
3997.229791498985 1269.856414871174
7644.508430576319 4208.586100760076
5108.141348765543 2776.706188394868
6782.698858262589 -1633.9612028295705
365.1882268170266 2172.6682492555665
308.0433509259765 -6067.785571717086
2281.75149232667 5722.7126116557265
-7813.629667004842 2927.1806149130844
5105.440541995204 -3940.335824894394
4801.87422203268 1334.9560070597909
4479.685738413913 9075.946108334461
4206.825234844011 -1661.1722809218536
-1695.6919971943316 6092.826953969559
-90.80832475998068 9077.874664940566
-8369.850752673305 -3196.6206788263917
-3386.6745507370742 2329.130271541433
-1635.7439313719897 2333.030069639877
-667.2145171924203 4929.948440120706
-4371.492013049669 -265.77415482263314
423.26964082184895 3290.308229025375
2805.992158831392 -670.602486010308
7337.535091880287 9004.951006945448
6625.837889681294 -5460.929461267996
3283.09134945388 -9639.620464267324
-3921.382052410625 -9820.389985476913
9467.364054783808 -5558.062716165162
6520.841951063401 -312.2401007342287
-2756.077068274368 -4418.6930501962825
1018.4667576005941 4326.784371870648
1227.2797060256707 5044.955588850948
-1204.2409766732017 8151.674738584479
-9677.330913494709 4149.184416255826
-4402.7549252115095 1358.5484776425947
2621.1281535610324 -1602.3852566011683
8836.896476177702 1616.014322058756
2239.099208214584 -6227.90976794408
1600.105923232646 -1926.0593819780624
-8564.314512332012 7968.129830686983
-6119.597717607821 -4032.282961980265
9719.594707446791 9151.231939298093
-3125.7192780028563 -8916.24451550165
-6838.286066113222 2720.470986125294
6723.908253527075 -7175.363222238755
-8241.832752340451 2601.004082661646
7788.889763516239 2209.959685672351
-9557.39689169026 7747.239373321187
2344.669073009707 -3128.392009879355
-9774.617899426414 -3176.408335263436
3546.5628525860375 -1050.189642598636
-58.77385524230158 -5560.100359764928
1564.8167819788323 3769.018442024788
6215.80361206749 -9146.264780014557
-1012.5122875749894 7270.289681439244
9515.633385326968 -6288.010120088044
-9095.63792933892 8399.516241473917
-2475.4088302532855 -4810.709808082676
-2473.4809620434553 -1001.508258938502
-6405.790619470803 -9209.068017148937
2762.565755945663 8218.478349988658
7643.873541824636 7123.199961509523
-9136.033750188768 1073.5764609787038
9640.915443473357 5094.075475370804
5068.3000260241515 1473.8634157026172
1669.5191006461937 2292.5108901161
-2889.312088181131 -1074.0721949115505
3601.249017741764 3704.590429462045
-5459.96748148702 5061.072428835416
9508.935611944755 3460.055430421664
3968.1211472891137 -8750.873341968474
-2780.46311199698 1962.8432835450185
-7303.944951900385 1778.448226367358
1780.5181462440996 -7455.579209168548
8603.86313900309 -1569.6227967695795
-4881.806357974645 9688.871606657689
8755.57738414301 -8250.970549964872
8795.37238599674 -3086.1605113424193
-9136.562332425156 -8094.999051333791
-5470.431179367401 6551.590900432828
-1428.680333813325 7774.193411736789
-1988.0611115836655 5959.61793638796
1458.865710255941 -3299.3685983810983
5571.003584441787 -4899.646803318041
-6265.7789734056805 -615.192208197821
-9645.85695560203 -1035.2687992409374
-8225.329180332117 4436.7290570571095
-5046.27057636702 4974.483839420827
-9.10631307033509 -4644.484061537722
783.6955484259688 -9716.790533349398
-3068.0618444759666 -954.9564085740476
-8983.774879769684 6806.42351072358
9114.446504789696 -552.2170044573995
-6482.8341153111 2845.939726163362
8751.055653651572 2476.6499300647847
-7027.332679634484 -665.9018360499631
-6630.699467809598 -852.6734163671717
7278.46034982393 6008.509864025924
253.76499706024333 -7338.819837379462
-7732.911607194557 -1761.8595035339094
-3289.373924356036 -7838.4438674859775
-9022.678395919453 -1243.283277459379
8345.138803427893 -9016.121876300153
-1076.1241118663384 219.59233092420618
1859.0239680379582 442.6498055019292
-4795.519175709007 4285.367254365388
6316.11988938813 1546.10144434637
-9214.767807749206 833.7104941427624
-2608.927355159809 6501.8876000581295
9934.084069797387 6965.994197330259
2807.237386862502 9474.89476234261
8526.226155386212 9595.498857128692
-6013.625387412618 -8219.1276034518
3824.020209432585 7719.113144410952
8874.13393269469 -9452.736781740557
4338.05156499556 -9127.403275125685
3971.7168986354936 1845.2582845566176
5504.77395785571 -1193.3538316513514
-204.47875997347182 9394.76321973007
-2829.8702428337165 4081.1440042986887
3302.978623095183 8166.6148093937845
-7752.572355950931 4060.1372349106205
3264.193355290201 8554.046306394179
-7578.328914105903 1700.2499116972867
125.40788152230198 1258.052577681001
-3598.559524316127 -4439.620651125555
-9398.278385221069 -4371.030329278083
8973.325243283489 8620.691757546414
-947.1089044910368 -5070.77111912928
4992.827581056934 2784.088948531662
-7362.542524573312 829.9090181518641
1449.545133813257 -8656.53494340347
-4693.15776484849 6426.36875936592
-7126.635834961358 -4766.758616682514
6892.464104515304 2155.889258903593
-9397.711813755874 -9456.18715779462
-2144.6638863778307 2222.9179309218125
-5188.560108044893 4562.700755188347
7709.006926253158 485.16588367833174
-293.31974665583584 -4483.638159655543
5693.112710785932 4226.453916285296
6915.189278879538 -2778.237720309502
-4033.774648951756 -8160.123759101348
-140.73207983992324 4016.9789281033045
6403.071212659757 -3832.5131640717645
-7221.479022918433 -6374.759999693284
-9977.388137893724 9090.390736480033
-7930.516076024727 -3983.0079275858934
-8860.112272798575 -5064.237051203466
-5259.324549600048 -5130.2842231498635
4525.91904604895 -9635.01816731924
-965.0513245378861 -5114.6199158872305
5176.375214213527 -3370.288503360648
-4350.069498979783 3010.583126550271
8731.129235844845 -3569.5548116402724
4491.238395622124 -5485.428044208154
-1846.7880097423194 -7915.356992542733
1522.081022178836 5915.506159937038
967.1003492023628 4309.291264223431
3026.7358544758044 -4094.528705567577
3172.664945956725 -8354.66201749397
484.32449821611954 2709.9163123201633
892.5221436823376 9399.132347660201
8253.199441502256 1727.3366334922976
-1123.0669084781402 3948.6432101029986
-1604.834928557313 -9169.818134880641
6181.801389062892 -6640.1058014093815
-7777.333893244576 2368.138350844005
-6348.267945547141 -1518.2971412444422
-3469.026194282227 700.0608879020929
5281.506154900673 34.474141688278905
-6018.680418679612 -8008.978363864508
-3904.2475531826403 6681.449490474086
1729.8193073087768 9046.074532535287
2877.9887569023413 6668.471975179284
150.94463144297333 -1887.5051071374837
896.6084047205404 1340.9811037074523
4383.204097756137 6867.42189013222
-283.18139686831637 2694.6156705861904
5428.5971158683715 -6782.027428309286
4253.905492080914 -911.5558686428067
4666.321346347715 3076.058888074602
-6585.355367322145 -6652.485954922325
5895.106875431684 1930.2988238621838
7990.055447194463 -4295.94240698331
-7602.5345802241245 9822.56646110463
-8095.884541433705 -9625.647430663208
3023.049631935475 2246.8721795394104
-3510.541529459035 9040.890131252829
-9082.783629988913 523.4416496378908
-3847.5211553112376 -2892.8386366348113
1274.8023921598124 4360.998086956233
-4393.321702859494 9315.025876134572
378.02392034975674 -3394.5793829738013
-6205.508540245372 162.28510319292218
7181.313020610207 -4416.900797016534
7684.238947552745 1530.7405535805938
834.8201603784728 3982.475136536692
-9679.742591203936 5032.66913876157
2792.2081626037434 4877.398499061479
1820.6646755366164 9806.308433534476
527.2780161504925 5281.096457159456
9458.624846101538 -2161.403536666484
-8612.136524223699 5529.709990490592
3529.3867910565605 -1633.9263965198297
-255.6500782769217 -1170.5054610466996
-603.2365085530473 502.49803033379067
-1655.9368171683072 -538.0426315619807
-7070.850841545704 8964.403034062329
5661.702417246979 426.3419152380138
6476.5489262318115 -8386.54399219552
-4960.130821674576 -8290.956131241966
5606.529342949581 -492.84820691961795
-1457.3205393710414 8904.67959251826
3008.3796206335574 -9752.967847867114
-1300.6686783361802 8573.703938785355
-4708.796221978029 -6363.741380320982
-5306.585202681382 1506.6161825983927
843.0470549578786 5006.045808616667
6057.660192192467 -2025.0442851382795
2484.584804684673 -3956.8928676128116
-3437.281126328562 -9915.557106820233
7342.294274029657 -4452.081925692138
3742.485444892958 -4494.217363418636
-1817.5502404361696 -6723.7325444388625
5377.368238031508 -5856.211134122702
5388.672657977835 -1135.7821934300955
3260.829834246855 4715.67051208444
-3167.810782263694 4809.249812593311
-3296.581406350907 -8255.557084786049
4075.3377616886664 -2421.969665873665
-6517.579892365024 5133.620760791884
-2334.700813400761 -5866.108722057997
4324.168702518475 -5725.533097412125
-8283.603758545327 -7475.231092183974
8509.958130308387 6547.2671909919845
-1454.2540041477787 -5354.996488946759
2825.400327564719 -3886.777820589007
7818.438313594503 6882.063605913507
-6173.013294667356 -6946.275659758783
-8525.18130391271 -9918.094504549597
4278.517090928082 -4801.057470947603
-4346.125828929639 -5885.655099991347
-1386.0407055614814 5397.78385814188
-6106.893795270443 -5707.535215273665
9412.211757111432 5516.4677402163215
2076.704183518188 6997.748102642392
7123.1554047497775 -4886.903652809334
-5079.783156955775 85.2732158644285
-1336.7221848063764 7520.771092376504
-3778.6552660156403 9990.96946274937
7003.055168658011 8981.94962783108
672.8666251051691 -8064.4135969237295
-6502.794849324502 7511.901591419191
3725.1343023776462 2217.689252256605
-2537.198678241737 7329.280396368962
7801.961244009824 2310.6412006649734
3389.168677615602 1976.9690207101958
-1884.8504534543363 3326.197527272234
5167.375666172333 4666.539033569148
-610.7011387063958 -3620.0101641666115
-1143.9551957608764 7914.792198703468
-4000.050714538008 -508.1643279607997
754.1136048134103 6201.029482419752
2344.5158136079754 -5123.537335227917
-4069.919453080337 5158.8401474342445
7706.878370607385 -8172.107163644943
-6138.819593348164 -1273.642785084483
-9557.099594535577 9873.396613818604
2464.8345194980357 1714.090884351017
5.550095089301976 -5529.432158564622
9558.63502370991 -590.3989031293513
2144.705097747177 -6756.257101849385
1664.0198282441543 -1876.5739320646999
-7441.861320451621 -5396.367762345196
-5927.291154864245 -9009.156786306123
7336.571978995591 2566.6900367230974
-6776.126387144179 -8120.802912588927
-5262.8993665924 -8311.585225101957
2693.9202917010043 -3089.325596712909
2135.705852472638 -5752.585585192202
-2520.3258259078184 7895.579783911591
-5549.046300707736 -1835.2670148231546
7759.65308310715 -5118.696550475776
-4102.582574387347 -1384.401563841433
-7052.963760111492 6057.344601720328
-4381.262903440359 8888.395565512332
9601.823104758867 -7583.103823866417
-433.3423271687734 -3231.670738781171
2648.605161538446 1860.6681486389025
5933.779536592212 -8429.093821878101
-1649.7432109941255 -7161.233715035749
9514.172861836236 3923.0061034542723
9616.776866500117 1161.6134111335377
1557.398576781874 -4513.01583972858
-517.5921253372835 5271.047605726813
5997.90474168993 9045.886514585622
6963.067488656041 -4952.104486395421
383.1543585917934 715.5364861222806
1010.0382910285789 -2857.534720147727
-9609.742514854343 5521.886964817539
-7095.23975235864 5849.569655162195
512.2877041227093 -4820.299503752554
5193.484814810103 -7290.15953705738
-9688.14009317734 -7368.725145638957
6139.450070803214 304.2543879624718
5580.964871512284 -8248.416458492502
-7325.859624586788 6118.944131305965
6812.449169102489 -7401.136462944771
1958.1154665567246 -9107.473576547807
3579.9513440020437 2687.3266565530175
-8084.227597935079 2518.333831991631
2739.493321439597 -7018.652656625961
-5512.658132009249 -8640.899422388631
-9192.65425531431 -6341.887997855074
-8154.696935082335 5741.789408852956
-3564.8114292756136 9158.392802983846
-4548.683730265937 -2564.5682134001754
-2405.0092616563743 4642.747301035284
583.6814031892773 -3925.019499028077
9902.446095193925 6693.117242684737
4844.227658736361 8779.353250931792
-2550.8027722160987 9947.442983286608
-1842.5380893100064 6621.986465333332
5580.503256447291 8327.574983214781
-6096.313047501334 -6852.6169797751745
6246.393192664824 -5381.584883239394
-3918.2719345485802 -8212.706377532817
-9129.228511136656 -4621.1196264008095
5775.802882558457 -1184.6790257375887
3124.3330311845384 9512.933563944698
1704.9725425882698 6388.899864678569
-5446.438467569201 -1698.4113684182284
4262.529473915074 6262.761806894065
9709.48963046055 -7705.556774559222
-9793.430234112819 -1081.8581601710302
4236.297245207052 -3818.0370162375475
6041.916342794335 -4862.85030619742
9321.24848569552 6617.381238551701
-7862.5413532705625 7461.881455810722
-1026.15072631586 9929.749819036388
-3248.1179172021866 7512.9986115345055
-7206.461240060627 -3232.6809656288115
9394.665652412365 -8197.332038240063
-3798.384536502497 -1066.9080119138544
-3671.8608693848646 -6538.098246350701
2554.5168792537297 22.048992568794347
-2479.71379851222 212.50177132512
-2878.0312910685143 -4057.803252883945
3986.8955967511884 9948.96012085937
-8395.065276131985 3999.245938380187
-2784.4378722255515 -5544.167175674297
-315.3022174472335 -52.60630601337107
-1757.0451471456963 9071.251197819034
-964.1885625995492 1256.3224759362583
2960.6614387456466 1517.4048999682036
-6697.930556982177 -8182.800954073446
-7646.158807681977 -3346.0380180183047
8726.040467698349 -1591.8902564541531
1630.8063055874227 5570.584489407018
-5560.866660927885 2462.0157955272934
-9419.421832804655 7219.813982705888
2860.5492222432076 2027.9848202397825
-1000.64493640623 -1298.2091437759664
7219.896666682587 8289.093395766733
-4344.261469633543 6347.405797133946
6909.644590802782 8598.068173552376
-2981.5204591655965 -6093.347667442633
-1810.006475411721 -6285.626916500096
2849.39789942859 -3565.9061225218265
7710.1612712407805 -9225.877936397193
9768.04990126062 8873.522317765564
-623.5292901958437 5496.841747105131
1023.6112202605382 6879.0426096679475
-8710.954891914944 -2769.2319219538476
-9036.640173476933 -5930.034128745592
-1214.6786941376904 8661.02119278166
6066.04220957954 -5297.939407297678
-7930.009981107293 8352.652179759123
-9087.684303438968 3647.8561778055846
2477.385868174695 -1226.7832417315258
-2906.6335064291834 6613.860050114425
-9896.242113207692 -4962.815170438282
5812.709033180381 -7317.302411512823
-2636.754444244236 -9662.848318554545
-9184.925997452534 -1446.6510386767768
-2037.1927041893186 -7125.524821891591
7280.2076385970795 9262.799465312452
8857.73967967619 6074.610725551771
-5551.699571570627 -6292.40402647717
3940.848715447086 8970.089422447414
4997.680967873159 -5056.066225007401
-7465.279456408085 -3143.2827666915155
2574.3054073833555 5030.082897291308
3197.9625909266633 3676.254854579076
376.48905774598643 -7914.909621851319
3922.683858172606 7051.471731040256
8327.227681448065 -6727.125435232065
-6508.107567833578 -5502.861345569346
-5879.639465444382 1580.9669826419668
-4418.111054121783 5053.174913978568
4305.741308985209 -3451.6718448501124
-2863.849002986747 -5566.179578618895
-4417.518873844239 -493.1939317398501
-4396.399687614763 3759.360600643955
-6401.764123788447 -7564.0292767239935
-4174.44580501525 2034.5909240202564
6806.423117896273 6191.215602407061
6672.072698726759 760.8610404549181
-3687.8520911028163 -1349.8343050559142
9969.811419340731 5416.1947211714305
-858.4647595882525 6232.59196350944
9829.904186902164 -6989.362833993362
1998.0668835193155 3284.1966176945334
-824.2004002967915 7521.647494734207
5323.421790176413 2974.7686297549117
2087.3861785431 5736.98738248213
3359.2428879454765 646.392059950691
5519.143871599939 4880.248280573767
-5089.866698219467 -4042.4782841382694
2016.469305961924 366.7712109292843
-8362.880818076215 -6296.085268157776
6245.726641719564 -2864.583009021311
5964.697423876894 -5142.447511772588
2469.9763303434393 -8775.736983005907
-936.4855277200459 9149.844830077978
7543.7573329850675 9605.976669855543
-9125.389917421624 8435.574215866473
-5433.318466559036 5771.272588878386
-1229.9190156806399 -3890.824237188468
-3972.9773489173795 -3853.4910629687483
-801.0839687099142 -7994.8733832717435
-7917.1136835669695 8154.141388613065
-2454.336408631343 4499.353597970303
9569.940566844158 -5427.594211878166
5433.502000000848 1938.743617677368
-9608.886954500846 -9176.744140224895
1832.1829547114157 4060.981222212122
-5864.950371961828 -8084.753942673137
-5414.771884249528 -9272.897692912396
-913.4559734496233 3990.6927252154364
2349.6701710264606 -9925.686363403114
-1766.4454402071824 1774.117176410915
3445.521254332447 1106.7700066468606
-7558.172798361873 -2308.377690270083
7741.077518711085 6777.170293520427
1659.5503794743017 1028.5083020571037
454.05703802972494 2772.1858349857393
6830.878280697809 -3784.8995325402448
2627.4866907217565 4499.886877684712
138.55716111557194 -1821.5960614841233
-7956.846009568332 187.49354071575
-737.6974597216795 9669.868443431096
-9535.653593116504 -8467.06592522085
-7469.017242165001 -9422.803769881259
8353.507904234324 5013.849013479581
6163.056913205612 -7549.214860455984
6589.35557789405 6742.827369774972
2231.1451703053226 -7176.951820176052
6211.884717665676 -8332.161526902742
6552.986776702404 3371.523482384411
-8147.372360735571 3951.952289263514
9402.475893026029 3574.3240312128382
-7738.5939350858935 -473.3795363905065
-1249.149238656828 7229.148657646521
2219.74999224768 4097.931662937821
-4310.472865225681 3054.7236894638518
-5864.956140949207 -9704.579947290233
4752.471415633545 2566.206481272493
-5261.627469130226 -3811.8438105954438
8047.415420858782 -1486.2669026138537
-7437.04446037311 -5946.992712158801
1421.623111442368 5395.948463781804
-4741.056188525532 -6934.888115028668
-6670.682529994891 -91.9747931343154
-7695.718739180653 2490.772663230511
2634.2951740871194 3656.312748188655
-1699.7751794175929 -7001.883985158242
272.65070448637925 -6930.56625639308
-5205.972351239503 -7138.96283743525
1516.9447515447664 2158.2938854794484
-5549.798569326165 3117.0994067000192
-9475.442286405649 2625.121441512705
395.66670549425726 -8849.79021940532
6919.370403043078 2794.321075083284
5693.024456613846 5704.053749663028
5347.325985982954 1935.5725441778086
-6849.929237096241 7992.428747266051
-6737.168200647968 9772.26844657608
-5947.403236798179 -6642.232377521129
-355.63881210082764 -7683.967111033691
5911.411915041632 5839.303380976118
7904.0341470666535 -5359.269429892117
-6056.560236168969 4047.4816258669107
-52.65782641133228 -1192.9790363509583
8760.64668319618 901.3845989180099
5155.611222862724 871.1764899928039
3619.4559295194776 -7928.91795845849
8005.185094599605 -5240.463619684865
8587.21866346139 8376.990398841841
1103.725182981907 -7237.380507735389
-3888.7796066440305 -4066.5364581736176
-3384.563997412997 -7499.408310268756
-7270.4076884482165 4484.009720835211
8363.410328405185 -1565.5839503509305
-4957.578005087182 9160.677243157654
9338.723633677771 2344.6911496419125
-5434.745362056359 3810.306384092002
-5087.7131114134545 1672.8292176051036
5716.077759960825 5065.503121044534
736.8904278942264 7216.880433033679
3940.8037795364307 -4501.642912903414
-3856.7305289915184 2396.974544245815
-3138.848856184067 -8519.944817829753
-1224.5684654546185 5152.995211193131
-9667.250252978176 6779.73816264659
-5723.107783882342 -9490.22532191687
-6569.809267915749 -3528.941737809492
-3969.133437393759 -3057.2687435230137
-8370.34876846262 7375.094629106457
4273.881712401659 2899.55221030119
5838.626730680555 -8946.587853518795
1343.6668234486697 1181.1611684038453
6426.2210713612585 -6724.790343417921
-9611.403716101933 -1642.1218561827736
6036.334339294794 -82.32482313002583
8557.362973955725 3994.326477461682
-7279.98840376203 -6581.197822044162
2503.9589796065084 -9820.691344921208
5802.10446942554 -3812.913531129562
3984.462512905491 -4295.478859467538
901.3212417767063 7782.683727482585
6388.513456919383 1208.629776030355
-2348.3647775083427 1219.754283093882
-760.2037727965508 -8299.096324010163
-6073.06858366196 -9600.113707356591
7016.21921069418 -8898.764341347687
3749.6769895489288 -4528.363321097215
1081.9222957914335 -218.94709071002399
-7431.68781837011 -4178.601926589396
9089.619065373452 -9437.729370670113
3216.951293645443 -8564.06322142536
-5096.78853085115 1229.096083449631
8624.911838904682 -7462.87257171746
3907.000895204981 2330.1519037698654
-6777.53106522651 4674.540111144992
3509.240691109766 -2103.9636248279385
-6006.837425520764 -8128.281658814809
-3285.8243878794947 -6329.895787196054
4251.876946183351 3957.1171092561162
7828.11455759803 2547.8991832833835
-1518.178720217109 5870.847374353783
-6318.497225942859 -9856.671872820185
-5057.547975598735 6523.517483122305
1190.3486845265015 -5252.670852376902
-5735.726025634966 -7306.378880045428
-7353.216083871117 5417.42960638841
-3124.626929039194 9485.08028999616
-6180.070835943776 9534.258904179162
9858.430546659783 -6973.295735428173
6764.64884795621 6883.732112593727
4715.889167085488 -6619.515513904042
9177.183820589282 -8828.72815114344
1524.827363091359 6035.800408563888
-4796.937678869788 1847.101347910926
-7907.979463285023 -1098.23368742413
-1205.9189151810697 9219.291389563856
-5026.426449973851 -1629.8894609930612
27.575863084406592 -5946.0982790749695
-1397.5987804794604 2806.1266633713294
7242.587279827534 -790.7853623300725
-4729.243736019138 4735.398003752913
-6586.053928125457 5323.7141536610325
-1656.0973515701498 4029.155829582709
3876.7057371481496 -4824.8798127052805
7834.9346451167 3551.277285727969
4329.749383546043 2050.440444373833
5349.658029177657 -3984.90138078208
2988.8215332344917 6314.6713607533875
-1585.6519487698733 -3791.638465525971
-1174.3849463758543 -8661.58708047879
-3671.8922080722605 6279.784415736451
-979.0198183617067 -4957.655878417298
4935.459475585098 3440.88362086242
-6923.297956930297 -3460.8575120964406
-3906.3007254839176 9221.85009159871
8471.718557909215 -1298.9009036818006
-886.5353368194938 -2669.5756691223924
3315.0452755259867 6954.326065507896
-3920.1401357205423 3197.8784031122123
-4860.916901961203 2198.12824755548
715.3894679254208 -7543.631426123849
1793.39710521103 1470.737394331467
1324.8724366825772 7877.07635551137
340.4492261269115 -6169.70123129208
-7633.605806601427 4708.713237440868
-7078.814263009385 -9107.373156917562
6321.273658812501 2891.1204858992205
4749.776605057337 1564.9180374717253
7789.92549006968 -8721.145730242137
8713.219567230266 8737.261216578801
5119.404442988298 -6205.206894047009
-6507.081214779127 -7958.553778275917
-8627.67871037441 -9656.02144121262
7691.760230042608 5259.215899709456
6075.734757682425 -3646.9657831523537
1141.6142454804594 -440.21828403016116
-8057.487819500482 3960.684463865842
6382.589294214971 4469.057068301192
6636.590143850808 -4829.964328503271
-1753.213210851778 -2679.256531134908
-1342.5715694634164 -7316.547752326744
-2454.305475322558 8912.032402231584
8547.902888926143 -2324.001130702398
6051.773795507042 8184.375230921487
-8116.24945253568 -4576.402050041836
-5718.800091261842 1972.3947710980847
-1118.3870286026922 9487.186283770625
-8973.885687039881 -2788.3016838830035
6966.618096531016 -6935.672370382465
4151.1664040273645 2468.9885036542
7269.344857473174 2154.886171128479
-4139.483462577645 -6744.465818773287
-6224.068463263315 -652.479400859369
2457.884479133152 -8692.282206060137
-5266.014588234695 9318.922101269662
8563.633532793243 -8133.972858110299
-79.13835399208074 7547.867369699281
-1180.7144471179745 -5043.472697648288
-5490.213827732718 -7718.676470011481
-3698.7316237472332 -3223.5119178093782
-9476.799448316651 6449.984523394338
-3817.897507044466 -4491.484154315093
-9758.383109307153 1015.7921831396725
-4381.358391466486 2235.183665319284
2440.173854044211 4144.134168091721
6413.391825669769 2098.8098071250934
1953.9931414157109 1628.5809185840553
-4313.669898029971 3448.701885864866
-4172.659144289081 3156.171532462233
-8388.943390705954 3440.8226736518063
-4819.494056845424 6286.4164093873605
-3789.475915441598 7402.511169738973
-9067.790313790865 -4572.653580492305
5273.984261863347 6247.523010495195
-6355.7239523654225 6627.084847295464
6648.207409513656 1324.342521179724
3009.186138887666 -9340.417178754375
-7527.569303731425 9303.337429118925
880.0583061712696 -3331.688437077143
-1632.1012811503915 1056.0216085858829
-6753.509390916244 -3458.1386302463106
-6840.727644851785 7952.314583661489
1188.6213016058082 -3769.4451952401287
6396.5721505254405 6599.3685167158255
-1404.343264688232 -5626.667347463527
-2237.2468229712686 8768.17123887911
-4685.971598404528 -9110.659151855509
2393.3864459985525 -2898.2006414306597
8394.250155684353 -1401.2191479906178
9201.351811527536 -828.1480420479111
-8765.555920416286 9472.766487757348
5490.843640925301 2547.247027452284
672.4190441910941 -6227.932027763603
-9538.610888479872 1762.2200259307847
-4542.912363859692 5119.7893792632
2644.0060468376614 -5581.970528910853
-3966.090078339428 7463.181539983569
1878.0088196774686 8125.5092200320505
-4792.031551202965 -9085.060414773561
-4871.604164218784 2593.292752061583
-7997.826629958964 2624.5099337488937
-2739.8492677829145 -8110.838357845478
6907.015495337946 6115.06519133174
-7172.803750012286 -9250.35091920068
5722.177796629667 -2068.027152809611
-6999.856554178854 5785.673327208189
-8680.764870342016 -6016.249734579402
2948.392308624325 7529.636340343408
-2091.4344373596787 9616.627017299543
9308.539695855274 -7507.922836036596
772.5186468341326 -2750.9782493348594
4812.459751891622 -4256.3713231601905
-4069.229930225393 -6697.621252944535
7714.823925038727 4010.681712770842
8832.726612977127 2199.969707310076
7351.242925732993 6870.813797135583
-1074.27888435959 9365.42439598815
-6025.3898266834185 9356.698884124675
-2173.32865250375 7437.911948430483
-9041.365629258935 -6875.126747041775
-7171.2379709340385 331.04247077079344
523.9624612819025 -4681.620788567873
4603.626172473005 -1702.2750490610415
333.6877288155483 -5650.018795961182
8213.407237257998 -6176.633613114995
7621.457695049448 -9944.718129491266
9925.984753927136 -7045.0390885811175
-43.211496924655876 2012.751234136971
-1169.439949438145 9583.75959632789
7318.617155452928 4300.3051827083
1879.6960204269144 -8765.612121809836
8839.504300801396 7555.757292152695
3737.8200618301034 -5926.581572885456
-600.6660989637803 9931.10132693974
8695.098430862068 2135.565825638414
-3811.258073866262 7378.248646528413
909.5015852852757 -8824.167474816433
-6571.081577579656 676.5008484682421
1368.7816100285909 -8908.911103308577
4625.839955844955 1709.6892464629327
5217.993276941377 2514.717068588312
-3946.6129537040424 4723.573520973556
-8522.903409353585 -7026.877674306879
-7398.789097119918 9641.74569947744
8677.077530249095 -4096.945457803136
7689.621834122423 3990.9456363331556
-5428.057468552332 1863.851601571865
-7354.82781919043 7584.343082984371
5837.837553855203 5438.862775980813
-2252.9766554605076 -165.99480401367146
-5450.547210915882 -6394.525083249323
7095.57833475764 3411.422187130742
-7772.218397011219 -8236.685034824624
-7478.717230601682 9947.615525381749
9382.207468433491 2145.3592929168826
7942.889132592682 3562.0178536017283
8723.799009331255 -4003.159256645381
-5099.101462291728 6231.96327193495
3605.5960741113813 -4308.008719912868
-7566.70969672125 -4637.716486005878
9749.584484428633 5868.829407344405
27.06106618558806 8387.167715497591
-2051.0460394986876 3697.3397888646687
-8929.50071899937 -8165.9108079623375
-1811.8539134389475 -2443.4375721341594
-3952.4682062184265 -6997.726969571873
-8497.897389391008 -9318.737600640332
9656.875573182195 -8744.1835658538
-5099.969803115902 1748.9982819828456
4105.144500213224 2904.251471347112
-3192.088370399555 -2086.4220779241286
-7985.5365083495 8740.974303332769
-4262.118870068776 7451.0365922349665
-3298.4552359272975 6532.640164748045
-6728.485579518941 -1030.571641404238
-4973.408515574647 2100.2651163769588
-6052.036491114681 2043.886545680014
-1423.1962438228256 2105.4405216281903
9276.794980740353 173.5567626577249
-7359.346725810629 -747.2790699651123
-9150.723793420366 -8882.837743609067
-754.4755410903144 6341.898035927172
8400.780916663374 1949.1284707942486
-9527.3045120469 -548.4636730638067
2680.8745087419848 6588.332279805632
-8669.93317854223 -7492.204790771961
116.55609081999683 2086.715795625276
-2345.5652512039223 5590.225808527408
-3491.9657821743376 -3374.852120374854
-6168.484246846692 7548.878793775657
375.3272543749845 6949.075886149902
7563.337705883441 9854.726428322938
-6922.124901000971 -4113.324681492108
4479.021892087449 3078.0450045588314
-7541.734618700946 1627.3422951654356
4076.3749036984445 -12.925878165398899
-484.9248485369808 -401.4451638955179
-9701.867952341638 -18.088507896800365
3488.745476299384 -4935.741084924312
-5011.914308019192 -1573.7245904777683
-251.70376408762058 9978.115310971087
-9461.256424437704 -8587.60131635997
-3004.3841446489814 1160.0811435542473
-766.424640887597 -8407.99513371273
-4442.0526740965 8524.967120894253
-8896.702651288375 -6071.055931108469
6918.112475008904 1876.7647446859883
-442.93425380221197 -8423.255181554574
-3864.0879765792915 -7307.305401427073
-5384.1547782819425 1556.9790416835876
3443.0539287420834 3356.0745686215123
-2733.368597571215 -2487.996824870047
-952.1371188864086 457.2841572472844
-4727.39141042439 2528.2890424058915
6064.932537458075 1067.2310621703928
-9284.262974449104 8874.221533724936
-9511.211275537627 -8702.099308464962
-7385.344257457094 3468.8828872400754
4259.533725191923 -5000.275799829472
4152.212867380773 7996.014383663256
-2277.6405465050884 -2894.3574833880766
3363.325495707086 -9200.002457394517
-8838.295379442392 916.9197736052029
-1424.7168968655242 -5951.654263264232
-8405.243247513528 1535.9022031466193
-4540.980718200811 4117.86408173155
637.897071390531 8686.078574596853
1241.275052830615 -4240.713160532911
2013.5869916271895 -8680.044624511836
-6556.013943500534 1317.8555683768009
3144.1142088173783 3700.4189276787783
-4541.362782461653 -4865.035575051762
-5717.487651319366 8051.401999295507
9329.726228116077 228.6460318704958
759.878148589918 -7591.1546573520245
-2687.111494695282 -551.6641418873824
-817.7831183468461 -6036.9140486024935
-1910.3567177877667 6522.005301810474
6788.85169120934 -2031.0335631686557
-9037.876519712594 3761.409125507482
-5311.662528978618 -9789.880068729524
1917.5602233570662 2663.8524590939123
316.73354582859974 -2960.969286478685
-856.3005628055053 -8753.464768137797
2216.9806838743098 -8825.36221836876
-7607.267664204202 -2327.806881350656
-8882.945871993448 -6275.598890761041
-9467.269716431101 3572.400044213866
5288.452051250215 3307.8996384051115
4691.978600620945 2447.5697080460377
-4704.502732245832 -8305.800272198738
-9406.988607108633 -1379.6659438168317
3499.8284967796426 2025.3765969266933
2989.557161764087 441.6420597335964
7063.372344749256 -9516.262435625462
7561.003838306759 -2203.4255852698825
-303.0152383045079 5170.438973528422
1185.41179774983 8429.530908354936
-2969.1394519677706 -3001.6344451261357
-9796.50542964473 -9793.904553191667
3236.717528331623 6562.272316177357
8102.406893916101 7151.546528268784
-7589.33590160393 8234.365777203999
-1010.4296637550706 5953.6383029571625
-2770.4271282354066 -1856.3525215107184
-8706.809163947351 6589.924522900314
-477.3230846233637 6232.503195459247
-2682.483013336223 -4162.43614713417
2654.021486778056 -5755.830940207709
-1402.7067497786902 -4353.8016973749345
-6009.689217537113 -8720.122215785053
-5562.720267506101 -297.85202394527914
-2767.4131272304385 -3525.372517512408
1589.1003310466385 -9015.169886206773
9019.091767142858 4375.6841619946445
-3290.8967010052793 -9286.043653281755
-8039.431311394891 2768.0785623448737
-9942.683485538864 4808.72911251804
-2851.8394976298778 -5023.48306808212
8838.9784501094 7827.90936221254
-6822.0235561808 9083.279568270278
-8343.446988096663 -3667.722995269056
5865.296897519433 -4963.158773423602
-8268.480060062207 -6291.323748616651
3075.300389969716 -2713.9010783381946
-4128.346600896047 -3282.5127870701554
-7523.905608245566 5360.25279706386
8600.90281106468 373.0094592522164
-3476.2534495372965 7724.535535435905
6435.393349191283 2238.928968970753
8617.911321421878 5277.15623291516
-4019.521330480309 9818.657301175066
-2879.4409726339063 12.960025456923177
-8659.82799517997 -4556.969776611375
9809.22019305846 1664.4819275901446
1271.700197162043 1905.4685161886464
340.0554804461681 -9458.785460488776
4584.323287369669 -932.6058021352692
-9575.014437131405 -1676.9282826376693
-6527.0258098379145 6754.325371554463
-3319.0003379961627 224.18954603370912
-1206.328656560976 -7514.250121174313
9488.688483038608 -8271.647234833861
-1270.9248903369316 3929.5179051343675
-7299.062054174159 -8992.496848142317
-7141.045894653548 5444.160698967033
-2328.368655010453 4169.929766274858
-2658.261609786223 -4329.806575589996
-7171.876713206899 -5355.089619095854
3729.744381268727 8854.119304278724
890.1364605740491 -9704.283611532637
3882.0596806026715 6436.503832558345
9841.653400449712 2263.063661744636
-3494.515743910667 7408.153100400203
891.2774267259265 -1923.7662116183965
-2954.673435746904 6036.073724524558
-3089.5577222619286 8229.256575313742
-8035.73107588817 3783.5626644295753
-1782.2462166526748 -9795.29975404321
-9111.091811247847 -1403.5838551588095
-918.3390860880463 6837.764511113186
-4330.001732093613 9199.920547235255
7942.548158953625 -3051.463370581626
4093.822944173524 4648.921781355586
7109.262343519495 5330.420094636442
-2201.4791694489695 95.95478756864759
3563.97656287264 -3532.089012350286
8890.617517382208 8590.041483068711
1513.2174727363727 1767.0371833674053
-2176.6021167327444 5691.443619945036
9451.769677413751 3616.9527938574392
6290.174630760881 8785.299052118211
-239.9042745841689 1261.3169727453624
-6798.086721207173 -3800.258325722266
7234.802514326049 -6756.744183962413
-739.9245090231598 -7418.259361947785
4455.6001558236985 9097.856118925833
-3798.050211054345 6456.5705567319455
6521.098815067016 9001.297008905698
487.1502004717295 3494.4667741349895
-4560.3019520291755 4245.883118160547
8010.36164003512 -5269.311403646262
-4659.263947137295 -6304.603189702702
-3633.1725948565972 -7167.147063203825
-6325.0428984541095 1785.3480650325928
4263.464689632752 1482.0760742076654
-9297.72243490744 2167.846597574131
-6140.078353691439 -6967.899951395304
9818.727181279766 -2239.007225572016
-8859.727680769076 -2166.7488333866695
-5346.646647356916 2747.8240676826936
1857.47341570581 -5044.2754688305995
-4630.220929151164 -5019.978825926661
-3840.9019607333476 -1480.6531902617608
6236.01532970544 -1723.2715941234892
3694.272782035563 -3565.3714167105454
-719.9679874901267 -6730.998130095933
2818.156010282988 -917.4271931543626
4727.496458276615 2725.5546656441093
2451.6894854118837 -5691.639262208643
-2078.001092067596 -7294.378251988527
3220.7767514147727 2076.688766094676
4556.991057177362 -5580.067182645081
5690.433364676906 -2765.7966509378593
-8697.438261076746 3340.9184921196884
7825.869388982908 2047.1078688548696
7289.089445136862 -8111.539724103433
1253.872335289705 1529.7049623309867
3413.715769264001 -72.38271215988789
-3535.7476642561396 4052.2652520708507
1064.484356768915 3349.9499375487103
782.5343159376225 -2685.7130848601173
9610.901195832059 5170.195271317534
-238.5223558975631 -4508.133316697389
2888.5812479082942 5855.216426890822
-7419.589662196058 -2784.456536839968
-1090.456624132412 -9987.699665379832
5107.775841217777 -3992.3479429646777
4158.630376166973 -4900.966538163311
-9526.305675651738 4905.869102131397
4090.4353487297085 4477.148292522546
6315.743360066726 -4777.710758127693
4820.013518236863 -8082.122561999132
-9697.422181385302 5735.030738954378
-2495.4178601234744 -2423.4778081871063
1106.4010135222907 -6917.972706224393
6542.300378578158 -3510.911200614637
-9313.275135876911 6724.308995979416
-4531.867630226258 9804.002387133954
5564.242794290696 2568.741105256633
305.71217037991846 6247.0759823465105
-294.9432097475583 -1812.15537004819
-861.9790231968636 6728.0480352449595
-298.0907407823943 -453.0239089094557
8788.604294188099 -1467.8167819708779
-5869.535491420468 -5753.201594584936
4758.955282398252 7200.559674795029
3275.1019495864057 9511.63675237415
8946.604850029624 3987.850109471734
2860.08239241873 -5498.034678586748
1172.3576276540552 4696.539818205432
5988.364314234033 6001.92786851259
5174.023441625122 1721.6868017674187
-8818.262379264386 -5869.545041437223
-2522.1003591414255 5300.49150455215
1232.3639155354722 447.1860494785342
8438.164475321482 -7753.9077855508485
7517.213081993959 -5327.923389840179
8738.248964785518 -9144.839435824686
-2506.713665090386 8210.215911358773
1777.163733673633 9214.033641054546
-717.0645160654913 -7228.962760896389
-7382.347076628608 788.2613948953931
6574.977495048584 593.7657763112948
-2448.024875262314 -4034.376321299129
9508.72542374059 9138.596437731398
-5155.014827977491 -8867.192651241381
-7225.545796745248 -2424.2397108083715
-3156.864821310004 -2098.8918267348517
-9144.774316051013 5002.285091240765
6391.881450303215 -5743.335183422436
-7848.590648713711 1038.9178484257336
6382.924891265238 6695.896821663504
-1329.3633890543515 -1692.6715054718861
256.5870539836287 7816.967159362142
-3967.6661887302744 -6739.620964926682
-6586.441279197741 -2626.7396013741773
9727.384825182657 -3064.114161474643
744.1416981633083 6455.000868384381
-2110.1142155829148 -9573.030681701039
3862.0240636811377 4250.318351844431
-1720.6522875432274 -8790.259293612438
3133.5301999021103 -5252.800344062567
7738.12770495507 5941.721774160016
-5777.80539255919 6772.942073997343
6080.257114165293 -7057.935818631667
6622.415860389505 4927.864968008233
3184.255942574264 3287.282648893841
-7465.153600209562 1255.2004267454522
8003.915245704004 -6696.129247390603
8440.093468745461 7899.241021332105
-8722.547206462612 3211.8304209965827
8856.197499606402 -461.03030403963203
-93.16431890147578 -3229.1993093783585
-7980.726705945398 -8955.431928544913
295.480192301693 -4996.8752142233
605.5972169074848 589.3361924099336
373.94675437057595 -6584.149580211359
7117.3331367382925 1359.7379909588144
5609.643292689978 6616.32202812831
3182.9954936549348 6041.412932100158
2987.9724509046373 -3186.3301924796315
4777.656213365657 -2580.8192181431377
-1231.252626221074 -6578.833796338193
1246.805766382915 -4285.801240487827
763.1217318172039 -177.9370524391743
-4978.318335792935 -1308.3979219960875
-6057.324525518863 -9665.800104494168
1042.7976739589285 4107.105073223198
9383.709858256025 5506.306737717419
162.2924611767321 5721.202198677609
-9133.790533068543 -2898.398864302616
9174.641147118371 3894.767937325767
888.3356550857152 -4528.081385890612
1629.1697406422081 9689.993977953764
-1576.2802625201202 -8501.712870769674
8206.721404760621 7435.7837021443775
4440.239920014908 2871.497725981033
3196.729249039081 -5123.14544960516
8015.350208715081 -9791.103414914529
4489.857569521786 2310.9786160948406
-4175.528549181273 2351.259737306251
-1494.7234746391696 2528.9266785446016
-9154.680151992625 2156.2872689990018
8600.547854878529 1906.850999220329
2312.4860457233317 -5797.102563154502
-4234.004236595841 9661.000183388867
-1727.027984644903 4043.1634135130334
-6215.640417828281 -2940.2019006228456
-5465.203544055528 4986.3871938700995
-2459.5965355899607 1298.4981529836186
9367.190560849042 -7127.532635109135
2794.102029977228 -223.2366296163782
2002.3122055034582 -8110.632072214621
-1515.1105774269454 -320.3120894140484
-5195.189700751328 -4787.847066338586
-1486.605735263567 -4952.075809279581
-6083.020640302919 3088.7157581113806
8950.971236676043 -1067.2506848954708
-8746.352224469565 -2030.0306850543384
-1243.741346495195 1767.0427980856803
-8087.64486596865 -8620.054973633836
-2668.11406659605 -1256.6800718298146
5380.774137449111 -9556.11935507812
633.369642089734 8775.111932287266
6364.738898889687 3340.0512567182504
9046.144746582231 -4471.856488832697
-8373.341139806898 -7586.256645940106
4875.57076705416 -2957.0857635148705
-7084.517002148634 -8710.569527756466
5048.675978998252 -5369.552503997341
-7114.191923674431 8039.870704817909
-4494.702617527433 4008.1231839759894
-9154.886869430544 318.493562896987
7760.181245993004 -7947.326044198615
-1765.4801514070114 -9665.893474579465
-4753.475820607982 -8917.42990603715
9939.877694810537 7644.6055026746035
7305.32749428408 -757.8116217977113
-3153.6152418469674 5969.031417935468
2063.859034642326 345.3018742576969
-2508.6449064925855 -3435.0332290286233
5950.404714567283 9445.594194709218
-7763.843320999269 -4809.069544186804
-2778.581192763092 -8562.944306512321
2069.743020787053 -7728.926816889976
3631.069804206845 9147.271855341074
5972.616001668734 6602.148182304598
252.09893325372104 -5328.226120351416
-4288.546780604687 -8209.630452104657
-7539.19633265903 3107.7762134900295
5001.0524121548115 -8421.55244304294
-8772.12681750418 1380.7842044946156
1161.6379586548792 5320.72456548381
-6889.293967973782 6517.707284940279
-8284.006785557292 8087.009539451545
5721.741537297041 -2494.7268280549342
-4187.723953285261 -8776.643758496808
-9048.745673310601 2782.6900831077855
924.7987891398425 8670.688020830403
-7148.046234912717 -8547.327745409568
8976.435536519264 -8060.1723688804095
-5153.35143768694 -9544.921852581456
-7157.246886251061 -7635.848126004923
-8200.866053348169 -7767.4097900917595
-5860.654143361595 3098.7390597428075
6492.370797797455 7828.011847525868
-3739.7268277287485 5307.537327185426
7186.929806408916 -1112.0955832746477
2826.902933886444 -6922.255170293838
-6813.4190140865885 8707.459640340887
1022.8641365771527 -176.7678494814354
8716.813149721223 7236.649876966661
-8267.771137000158 -4713.484357771582
1925.977628277431 7877.85443810204
3964.4404219515363 6721.4230549375825
5447.654210484283 4940.319866308248
-259.0868824312565 436.27310486621354
-2283.2566023643294 -223.03377153200017
-2565.356775459999 600.0249624274929
-9889.301848841576 -9085.791018840559
-3504.4385231473443 1061.523663240776
-6008.79182079834 -1104.376746128557
-5439.221333583168 2904.6225037674103
-6149.433034478017 95.4246355324558
9140.275639361284 5559.610429631823
8020.844473928035 -4582.084410450924
-9615.006106032664 -7485.955958195945
-3217.091381186785 -415.8166989023357
-1114.3086630411526 4013.7184428611636
-783.7698513455398 4617.498642891793
3017.332093617586 -1382.8021685424592
4759.326361293379 7174.0305079934515
4035.195089152181 -6935.05397939401
-6795.403692767277 -6474.3727157135145
3945.2708065939914 -4353.209534567042
7730.2048344919385 8286.595684282238
-8887.049757458431 -7900.922708470468
-424.4093517888323 -6613.45695052339
-8359.611767964001 5035.556769813793
96.06307494581415 -7673.482873668642
734.3537761991665 8013.6758699380625
-3814.123681646358 -8584.161283886318
7602.768307643644 -6439.376168291815
8438.05774021614 -5527.845116467054
-140.4506974524902 -9168.874031333164
-2086.8062036455085 377.42999609583785
-1016.222216710783 3041.6354919033784
-2981.7391494584444 -6082.279557857895
-2929.378828229974 7423.244340171001
-7249.486584383031 9494.750152703691
-3072.1642374705916 -8841.739866289001
6440.339394225073 4582.451273448836
2513.09823856993 5613.092768791155
-6869.103029251693 5211.802797559309
4773.80311599444 8152.709740086266
5861.259749008983 -697.5565151562841
-857.6151022595732 5919.609288763153
-4626.3002580709235 -4680.307300267925
-4743.383735095941 -817.1073968311212
4144.64173433748 -6479.215204904098
-3084.247135254208 3210.688297976685
5142.734809077181 -5035.743996062729
849.7896094429834 7091.827509317158
-9653.61192201791 -508.4041430029265
6570.510562718162 5530.333553505123
-8192.975119512 -1949.5752596759485
6389.411249257344 -4641.060153367857
-1076.7827588266155 7013.616039213786
-5371.016556941937 2365.5069173420816
-405.23187276897806 2558.940019252819
-1879.7391098353273 -4001.1297107361133
54.71599798257739 -8291.044451418215
6270.923144124748 -381.6994363423946
8431.139522694175 3291.047452454175
8304.668772886118 -7826.582749445259
469.5482067583562 -3137.3617672326764
7713.972407705038 3549.055963044195
2350.557605823251 -9443.206782717009
-465.2562271646366 -9717.762350164265
5166.43572232766 -161.44201238957248
4742.81602571057 956.0548218681779
8374.038912505712 -1677.4488237840687
-2111.4011054955254 1297.9347845230623
-4579.461500965751 -912.5198873791323
-972.3670351251967 7857.408123417292
-6257.737605945926 -9666.599488612781
9071.192027679968 -3888.844978889836
3465.8660755894816 2762.7062176049894
8872.484263236394 3940.767405878709
-5605.023948983859 -2274.0155646773783
-3319.5872777732993 4651.318371412126
9244.330355473736 4959.030000580715
6034.2555714706195 -4953.518407382307
-7412.637114139157 6647.471374817404
6739.038958148947 -6451.389520889277
9612.083049733825 590.6106955974683
5252.781333263263 -9050.17127480243
6533.99735968572 -603.7545361721168
7633.186174004419 2102.857357666564
-4606.253347166474 -5076.614002811261
8132.777673427245 -9292.058108702275
-28.98830833103966 -2400.0512145962994
-402.1243403755652 1324.9126398207882
-3324.825579212825 8777.65200513204
8018.2033883642725 -7162.9384708091675
4527.103335423635 946.504433704522
-7109.650804424062 5816.176444578672
1725.3593981043068 5416.432145255661
7499.681322978151 -7414.270026330978
-7205.995985941682 -16.25999509227222
-1208.2493621807207 -6748.123633044404
-61.880828909797856 -9864.733664742798
5195.597293467901 -6430.436147652709
4987.03524060245 6503.244611364316
2577.8011809858726 -8766.26747240165
4184.181609436777 -1430.9631621563294
-6552.48952076499 6033.217067989932
-2913.6210987607146 -9975.927677713002
-7400.902805631762 -3722.3683258673445
-7035.706643734617 -5268.538376876672
-6429.508599748317 9005.173701078635
3349.6849967841063 -6108.067275080002
4611.648572361506 -5298.06281126701
-2246.0160718517045 4802.879878197662
299.0191679503114 -1389.0186669061186
-8913.358605439678 9509.4759960448
5498.286940483673 182.05835463792027
5930.59839358524 -2318.048007778164
-7930.943042798444 9810.560995484368
-9413.867098482511 -7786.686971240187
5521.570152375576 7736.903798956053
-5326.761803015683 8316.901486102604
8776.94021866193 3825.212440434787
8086.611977546501 7313.388286189409
-6751.196372777166 8912.84589175288
-3773.781522736257 4831.922556206548
3655.6889794660874 -1480.0575552551963
-5319.691749175637 -189.67418950734645
-7710.193099848426 -2069.1806203640817
-83.3157206556989 5464.377870026987
909.3827748582244 4006.7391642663024
9041.900197225084 6306.387665510967
3988.047574167993 3562.178202607749
1316.9968388696489 -3671.58450141112
-4253.785821902278 -9265.578408683743
-3127.7245994289406 -7374.348914678127
5205.7738774142 6498.940775950181
-6057.477645353697 6020.621427901366
-1549.149618474863 2330.6828111755367
-5051.997393250203 5659.048822444485
-4656.239585281861 6984.041874456219
3875.4444129184667 -1916.6555681473164
9136.72520362302 -9538.042846827695
-7332.855776355351 -7050.121777094151
-8263.697659476396 -7532.780834401081
-7294.770055227844 7341.306321590124
-5181.1112602165485 -6023.264256086817
8982.026966474677 8535.423372902154
-2437.9225404387 52.16191668534702
-823.6326524136639 -8872.868179417743
5448.037478651575 9597.951468452473
7609.606900084542 8560.298675484606
-8588.498203407782 -6499.456186891379
-5065.9940932325335 -8588.582512094556
-9453.645961091943 6430.064552485219
-1589.9592336733313 5177.148516249135
-7348.794258823521 -441.437802660108
-5241.877549745799 8852.969319591946
3085.7732388835957 1546.4675361801765
-2175.9003009349744 -7749.673573367443
1726.251391415699 -6628.382562309487
6676.83558034349 -5215.172890522972
2249.3100613677434 -1077.161084412519
6260.044814534898 1378.176035830631
-459.27628394829844 7752.7477329405265
-7650.502561361638 -7848.291075327221
-8283.932432890293 -1017.9305623564123
5320.588411624225 -8250.458756745933
-4942.688460490341 6070.4511247127775
-6889.815310226837 1414.4942241408262
-4889.451154520816 -8983.616082791106
2760.571743705079 2350.1304357353656
-4743.490371836061 3521.51553711841
2062.2155504726397 -7562.62623991478
-4743.0950861351 5752.287777567059
-1934.0218208024762 34.35786006580565
-3403.9348160162226 6554.486678402067
7614.316486751632 8373.290304067395
8878.735054686666 -9676.041350375977
6544.909881273907 1978.2898062960994
2111.29242424481 5209.390004752655
-1150.9347431998558 -7436.704195632992
-6614.926561250451 -7079.2885138223155
4821.152337315449 -3970.680840585179
-6703.1183172925375 -1860.6555213766487
8114.233475325731 -5534.551430544283
7383.176884688262 9374.1606557401
5620.9517392852995 7468.192249547868
-9089.171351900854 -4920.319105540314
-8772.344772113689 -4371.121382694818
-8441.250161595428 8950.703150946356
-5256.368815242318 5699.015581606593
3841.10585396454 6530.19550063361
-9313.754641979762 1728.6407620827486
1564.2215712574052 1614.9521874849725
8106.668166569874 9382.867119585855
-9824.295431081664 -4583.831769228732
-7730.205597258435 -8323.013888846472
9555.70765759494 -5970.260780892233
-8244.139636082042 -6469.369383268584
-383.32856346116205 -9506.242651202254
-9569.83783992045 -173.32532681379598
-3980.723160135549 6558.315879828253
-7268.794667893077 7070.691822880948
-8621.238095539238 6265.412784896667
2856.497311265248 -7718.046657218065
-1472.8504695636366 8534.37700811042
-6320.8814294213635 -5592.893731486959
6713.341497428137 -829.0831625358769
-392.89029939583816 3332.823005504988
9064.45427378465 -5934.4689512495315
9101.610947068308 -516.1265665050487
198.1520564824732 -5180.309803081977
-2801.3872881401912 3028.2257342569883
-3432.83530713028 5635.8442026598
6133.058153151642 -4129.060035926322
-1066.4264479877493 6029.978075918456
-6957.026777965157 -8096.2299905794025
-3688.1572036687894 -2226.921489224258
-2264.819662187363 -8612.445323839405
3786.008576616903 6440.550080523419
623.0789717823936 3879.622102493817
-7202.18570041947 -1953.7442442620431
1200.8623591200649 778.6029258373692
-8180.99462663824 9460.532630148962
-9202.535143352241 3344.189453256202
7762.401091342577 7659.167516568614
-142.56794441545753 4959.545022284396
4052.753508922886 7323.0008553356965
9624.805743198955 7439.220156874682
9969.835455655251 8905.454766332397
-9139.966913239692 345.5828367923623
7692.5732626047065 -9992.042129101128
8098.816271164993 9561.942453839249
8414.479839771542 -8249.109687975311
6965.7051253036225 6780.678836023359
6967.021962881681 8800.320157825452
4184.174633371893 5099.871170356881
-4421.021284876095 -3191.523113160508
5178.803330691975 7582.054822425998
1716.2486242481282 -5751.459919260784
2544.094552329616 5413.90455505916
-7612.032039076639 -3028.000590528084
158.3831488494543 215.79446095937237
-2128.7868875182767 3289.487701564305
2350.1742171773058 -8914.66228540619
-8502.036599830179 4973.642879502284
5278.170297941904 1119.1734477631508
-1035.5965737210845 -4694.781703151602
8565.146250828377 442.41564692083557
564.0606231687052 -868.6875136343479
9229.743623714952 -6814.657258966743
-7187.331335527667 1877.2466962945582
7089.151361546745 -5617.9450938959
-7875.939573238751 4551.273510429955
1059.5585822539597 9425.992435030697
-7487.200968385748 3.959767346173976
9160.16377210926 3502.3537681751823
-8259.342780229921 -7948.261197998525
1530.4305398771176 -8672.382921877055
-4109.526717643248 3546.786822269498
-4600.808174156259 8561.519484825494
1042.302189670012 2073.029910442672
3698.1066911219987 5417.0095687507055
-7456.799661947267 -7329.245346781714
-5109.1218625926695 -9721.163482182967
-2696.619481863396 5839.933539745021
-9406.446913894195 6551.609943649055
-7382.117818469052 6045.054273293956
-309.8738851383896 9493.301509647128
-3795.686602598862 1041.8810418696376
2901.5764785112315 1450.3330629719494
-3536.3840282159135 5569.239661586511
145.37647585123705 3695.5463501601243
9412.222495936829 4296.57605146535
-5473.589087254653 -9019.504006780558
9300.372468301088 8390.687825383837
-8570.841352708494 -9051.317603789577
-6377.229245351165 7662.692757870667
-1065.1093013256886 -5283.520923605398
-9955.83889280949 5978.944500848049
6666.5438006154545 -2786.320097499266
-7296.185371104642 -8532.726952746909
-5832.160158507065 6285.73627088309
8429.320159930641 -4977.4236883152835
-2947.877823188236 8094.918551920637
-418.5149152204176 -9286.555436242614
-589.7068323673866 -6982.212588622186
9568.547830322794 9914.162796811946
4346.1316023156905 -8978.475515386135
9509.324865447503 -2665.9128225417608
1011.188303974981 -1588.188897414453
-9908.69756131771 -8410.956088851308
-3859.640895073815 -1119.8725210748835
1361.10961763257 5557.070355023729
-9156.863848317427 -9061.532235205996
-4998.801275285545 -7516.547612784203
-715.5519557589123 -8885.34348532447
8587.975178775858 -7352.310632080153
4892.914227320267 7691.576165396276
9393.022308634005 2377.659823702561
-8136.774933808626 -6691.198439535265
6480.473399556224 -7706.07642087938
-5026.710530502472 6405.266844975053
4169.987106801014 4889.753222705351
-884.3211508685254 1266.7677130640095
7376.189978030034 2900.139229724369
-8553.190331701193 4352.243073612413
-98.13704316173971 -614.3263269883082
3686.218511123341 607.9452092617685
453.5384845763274 -1945.130645827784
-147.82079455957137 7638.763954342652
-2035.4007084156174 8071.137924449817
5598.825615466243 -2108.883181134096
-2247.634903071731 -8561.713758076334
-676.1511253102472 -588.012389017209
-6897.936972860663 -6968.927088450571
-7655.262372112048 4283.837911141563
-6938.016858130116 -6565.000776703077
-4304.553949690538 495.2883322002326
6550.526488134616 -7017.818859686986
4474.276315414456 -2207.3986843426674
5317.263767240351 1717.7984127352156
7177.662009052441 967.1794995761356
3866.5189161247163 -5495.730172435895
7083.4575992294085 -4930.577879193221
3143.410334486698 -6932.028326222866
5501.234147364248 6199.464367162573
6598.67723522069 -2484.0405285023808
2585.995904505551 8810.460342431208
-7809.963254068919 8697.81707812002
415.63408786581203 5870.239814769548
-8055.789038033187 -239.59033971811732
5161.337880391593 -8237.68533134036
-8104.819871785869 -9659.02053584113
434.10016183136577 -532.6199401368722
-469.3832154304109 -9933.328908185058
2269.3449406361487 -6648.400300037809
-6680.13176490787 9376.234112447895
7715.628092954885 -3201.8776789330823
9463.25605935236 5152.305932821477
-6377.749293652919 -46.55340394457562
-5306.131138194305 -3749.6602640321335
9974.550769527887 -2979.618134817075
779.4323886724869 9732.884149288475
3004.520997006486 -5185.460004309319
-3686.7534484190955 2465.5940844475845
-2691.6667017144346 -5288.580228171378
4449.583869278893 4703.998383460757
3331.2357457171474 -1353.6764786282456
1430.3507572366907 -7602.292046876635
-3165.797544873166 6489.490996617817
-9933.778338082706 -6838.593053454504
335.6262962535966 -3096.0053673516577
-5223.140900668311 7209.625679778383
3025.2410473019972 -3295.9055721456098
-9638.761737154011 -975.0597992221647
5276.381050394244 4766.915626602004
-4639.494006699514 8126.92177852571
6636.569431517411 5710.450878538875
-7307.793153731687 -1968.2110102949428
-7944.640073346523 5836.067658647151
5176.112687420247 -8659.608189601107
-9887.759320762563 9243.836520109671
-8361.695553923804 5864.805472958249
-863.6728283768207 5564.168174764485
471.554795510503 -8198.534499913825
2363.472676714231 2409.3936764054088
1846.474534458066 -6818.561846387259
1655.3368755664142 5434.081161486787
-2790.719465013538 -1823.9301153730312
-9191.155603916215 6803.044249096161
-4731.538383246081 2308.9247488837136
4113.396677715184 8901.14105178935
7364.015009110593 6222.560817651922
-6432.921716045745 4279.13410056915
-8070.6607884363675 5371.371993827277
9042.027472626192 -4884.977177551226
7697.270449585343 2859.3549363219154
-306.9638471634353 5880.429642203277
-1631.841975961468 8614.34379361921
2032.3510105457372 1436.770329337358
7649.284794321506 -1812.1176483016743
-9652.443964726965 9446.091228727782
-7108.665957765472 -7307.413632953179
-1481.6727735488348 766.6236118553934
7989.02207658183 7736.486954293414
-1208.2549819498345 4413.252206191499
1779.413348234817 3686.5092635887486
2704.767677290498 4698.25587186413
6862.849996788576 -7809.1010831300255
-7903.632115684877 7327.828363249751
-4412.176907880716 -5386.944483921916
-5969.252034831176 8515.056238961795
-5117.4728898866715 6876.904647111358
2456.943153715023 -3419.8260326917552
-317.75353643016933 2196.577576149499
1559.0468671076014 -955.9248630585935
5893.119024451327 -1739.1607807341843
1005.1784507631182 -118.77492052650086
-1850.7586090099658 8665.35184743091
-8317.764205816422 -8616.738044226437
-4938.5252992058895 9733.524600235349
-7992.629648392384 -7005.260375673343
-4777.273949221237 3339.349208738424
-463.9586167097714 5517.619443545091
925.8800154285109 3943.2827225265264
-9659.60964239392 -6758.730008912988
3366.96060239092 3774.8935971770115
-489.3872580561583 -1160.1015867793249
-6952.478386873196 -6056.356707733608
-9864.117109060839 -3710.513864156035
-7843.352513233106 1231.8288746263243
-4749.689960098882 -4408.541778260353
-8095.61836197688 421.3758317357133
-2516.6945456715002 9750.480044040552
-2905.22372350319 228.81874594508918
-5467.354479024475 -761.0823406037343
-7331.811824297787 -2729.533112295957
5082.425972244899 2090.671162015018
-7491.164733710447 6952.41023417472
-583.0002617046266 -1197.7748657171487
9505.045420462822 -7222.3279459695805
-8264.087924968486 -9621.056790251301
-2333.977800388041 6285.478477529836
7053.736486798702 5149.76429608213
2040.3777890132842 -1314.737005243891
-5427.367441265347 -4616.368463408123
-9751.93098150084 -7779.3156034624335
1544.347431846496 -1723.8681183963436
-9371.204545727369 4396.597775048716
6892.294904219227 -2465.0102070118555
6326.312287343448 1424.5631451250265
2243.2417121107337 -8421.798904870013
-7930.475389756768 -1409.8600983694669
-477.9512258837931 -7731.2367243924255
-9022.36494448973 4717.875937098037
-1108.1856531605717 4145.105666839752
-7591.98335284925 5507.544396272364
8575.672665656613 8266.484754899018
8681.900335694638 -3762.1540069688517
8975.413345015088 -2922.239862452465
-1535.6378865412044 8181.449267995991
-2494.019954561306 -2891.8701717734075
7641.5044960639425 5047.901513257259
-2306.1649748279824 -5146.448337960767
-5270.860709826584 -4131.418084118576
6341.056928776414 7852.745968472944
-2836.3258296324557 -1039.4429981986668
5935.966102284394 -2248.1833559313172
-2732.6813653152594 -2046.1837050753466
5994.9667826410605 5062.690672146618
2246.1339409778684 -4660.94638822767
-3350.796608404945 -3644.2599715083816
1270.8465120616365 -8409.198149263793
543.5405262969507 -6212.909358298013
4506.766163869113 -1356.618954627258
-5005.727781005671 4146.290116567909
3900.539156801522 -4655.209928251802
5355.8813991669795 20.16113139926165
3597.8918296261545 9486.313450957197
2676.072450667847 9203.820620432027
9057.905961614335 6103.281899894373
-6027.793208634283 150.00111670343722
-1754.2060214987268 -5034.92276906045
-8158.82512924953 -8967.031531017989
5727.52960897585 1520.1240836050129
-8381.346918854493 -2086.5086533908707
-8943.888777493212 -4965.719032194232
8932.588624066575 -6473.54073735758
-3469.3705564017628 -4741.322732953646
-1750.3321901325635 -7627.078183262292
6225.725425758703 4685.727319182943
3892.4345226343776 -9916.539338831088
-1869.5714019926781 -2700.3207199135804
9008.61598380073 5429.973487419655
-5698.233225277394 -3299.2624637434083
5103.141505747526 1898.099625263474
129.95559071124444 -3420.5644873747306
4997.223492257888 2392.676463271715
3128.3666970762733 -5259.391394501793
5457.793452719365 -4566.231254004862
-5897.098941838534 8223.951642132859
-7755.516909735383 4110.973481795301
-878.224844682265 -8459.170057295094
9950.249449556013 -9901.147367032021
9398.156912723869 -7355.360147025476
-8234.35123350746 -5803.488029412953
8014.4767971467045 -8025.310674932105
175.6696260268418 -7860.509494477077
-2641.3394749882245 -1238.7747097386728
8601.944093665297 9842.287411211815
9208.92233973655 5751.879940098848
-3867.939723333069 -4234.991508887393
-9404.826244003923 8617.471220818308
-7268.395131263585 9757.767974851653
2881.506838704063 -482.24760676602637
713.4735114239429 -2478.3576055043177
8955.614519861072 5655.352475228541
9742.889835688202 -2264.8778753003307
-6022.583863722568 3118.817741492081
-2714.518144993456 -5069.82583991131
8830.572640172173 -6086.697352908319
4159.674582843618 5362.171550620167
2236.9655398774594 9800.141073669627
-4266.449029293764 5403.112178853406
-2564.3668062462275 414.15553374670344
3310.261066435889 2397.703200984526
-7605.938586656078 -4899.757715726522
7374.939421411611 6457.036724906797
-1288.872071027583 -1991.5869998799972
-5369.976038196102 8324.75398551908
3687.4054106854474 4209.132385803574
-5875.250015308613 3235.733371662567
2479.947042532018 -9061.544869411453
-5711.4786234250905 3597.504447271909
2825.0644349925697 2555.1075200157575
2306.7526429801546 -5640.250767251929
-6495.969141605077 -9610.672020236825
-9968.310809948256 4097.396318639252
9543.040804541895 9385.93214202085
-3500.386846525278 -7882.016894411752
2080.1666893897927 -7708.2759579763715
6129.755940897478 7314.106534268227
8898.456619022734 -889.9713795329371
-6190.8581946546365 -1983.0534019254674
2815.7221970375067 -5357.212974579881
3321.4866494870985 3766.9984272293623
9437.984274716735 163.30010830185165
3957.1958218350373 -296.68866047608026
-6775.071837807814 -3389.6345624954165
-8354.604075713673 -7817.323130177218
-8617.852596636923 6167.21927555629
5577.856422350129 275.37950535775417
8786.350773713708 6686.333902719387
-951.4518736414448 1944.2718107019027
-6033.887290354343 -856.2061855943739
-5888.493299453124 -4000.91216067779
-3897.8370794982893 -7845.3835953385715
3663.5666129317924 -8671.92407340289
-3922.3969084890878 9553.049801611003
1687.4332706679506 3444.181359598764
-9200.144958857698 7139.530223837792
2644.484884299458 -4956.84020275796
9332.554753426888 2918.6424874914337
-5614.421416808595 2056.1784065207576
-8183.005430537373 1500.0756745225608
-4547.939984140845 -410.4095292034399
7729.144375455442 7807.232467287227
-2731.9282205703275 3179.751148303747
8709.673487163225 -2164.200200937501
4479.171215785225 9950.880553659332
3020.807111097256 4927.2441056328935
2571.1564924789363 1549.145735703185
3625.258237229771 8869.857484113483
906.9350660101572 -3863.7121194888005
-51.12241374235964 2112.6315040137288
1448.1436131681749 -9738.729456656152
-5419.9251962284525 -7525.107654297496
8682.15626369711 -6911.403674250605
-9524.527860904653 4957.286316282722
4654.018008232648 5247.0741554371525
-8317.353062721395 6607.36934125904
4506.7413975651125 -7527.0017408114145
-8842.757166025292 -2134.303838176981
2562.318119652773 -9743.160701543396
2943.1183937939422 -8584.025250011928
-3270.299016251517 9862.707568061043
-7199.377169612191 -4714.504756998385
-95.08480279095238 -1624.9813001757157
-8690.518511670562 -9210.28377521344
-8967.63404555243 -4163.077294889293
-3460.8068069678557 7887.520833882652
5625.32048092544 -8919.762861972376
9571.23582747612 -9388.654141355299
-4202.561689377319 4506.772112080451
-4526.207636961772 -6540.993929024829
3236.1406779526187 866.0825339755429
4771.106525083218 -4018.272207137148
5052.508837510844 -2015.138968647485
6015.9955453119655 7275.53120664549
-7928.689800424895 8438.314670349966
8765.43995450376 -5319.21998445203
1878.659359043104 -9685.95226629534
-1924.4125328395394 -8282.639373274724
-5176.278156001872 -9495.8848661802
-3426.089635405312 -869.3873772214429
-9825.219805232216 -628.928099767696
-1767.343491775915 9895.790922189317
-8241.113970273913 -830.9975524864985
-840.8441399959556 4126.490253750957
7668.224914717437 260.66303738759416
5034.929037523549 -6944.870283158209
6995.237135944524 -1042.9617762086054
2276.9712614803666 2601.2369489824814
-1937.573649697646 -1284.247591756286
560.9759809582956 -3484.061263476193
-2758.283392317382 -7530.0488640654485
8037.6818601665 6688.719934569355
5212.102066144413 8019.410845505747
7389.914180355299 3925.1594806764188
-1616.7422103324807 -9299.202762777539
819.3269227174333 6352.025068145249
-2783.325705984529 -2035.855576961696
5118.223093510411 4578.747382179708
-9695.206048991195 9017.793111770945
4173.270255681873 2841.9585123874986
-6677.47625789105 9364.165434047998
5564.308486029691 -6417.556007826972
5344.416997821783 -5166.066319919878
362.8710073238708 -748.5077109000431
-8475.290417622196 -7363.7324765528665
-9198.563504366464 9616.30696630092
-9233.68555459595 -2021.9696013942248
9175.83603863775 -4568.216339640465
-241.22362972795054 -6035.071169963966
3159.6573517671623 -9931.376932246943
644.1012692263321 -217.21221421998416
7650.8740777224375 -464.60611262905877
-1426.7271019599884 -2432.7275669347955
1337.353307051224 8304.835735460041
-2454.816107893207 1905.5473082720673
-2640.7104704426683 -6547.675160377533
8173.610441449069 -2426.5014289168603
1763.0269341722487 2837.102449035432
9406.767711423428 897.3223713679054
-9117.873232385713 -5595.493395420476
-2272.116834084177 -1961.573578707048
9347.960619456382 -6839.885220069655
-8005.853831208207 -464.25147012355774
-5876.5033301282665 -35.644684433085786
-174.72348722624702 4599.761546451304
6770.368324109269 2018.8024698670579
-7668.113806670284 -9062.425399408143
6100.712467931242 8763.029728716523
-2022.3117311807373 -3701.283186245195
-3568.329704645952 8873.547124449015
-6501.460174702338 -3533.678376059519
2851.8569860477583 -5845.991402147976
55.18679875963426 -8921.386825451365
-5774.493714979454 4328.529992257478
6175.507431060805 3450.729544388916
-2898.5971746558344 -6902.384558963646
-4454.064236936201 3477.083191919308
-739.8768267759024 288.84195052967334
-2659.324389361097 -6270.376227351806
-9675.482744223791 -2467.882632986438
-468.79899084568933 -1972.497934121353
8674.753895791666 -4388.02564372425
-8502.544344175078 -961.1801398769767
-1149.3240956841928 497.019637887508
-8733.925230105686 6885.274854653719
-8309.385218611578 2019.3243973590907
4829.84491508045 4255.69591544341
647.2013556995662 -5725.818108789001
256.53688062141373 5194.5979362672715
2037.1505649664105 33.33047315341537
-2325.855775242231 4517.053824748378
-5576.634493639947 2812.3832112575165
-2276.5233252118924 2711.3301144459947
-7105.854310173516 -294.12890971037814
-4302.054730805194 7225.899948640392
7695.668360619624 -4299.041454618022
-3655.692958621963 -4802.414398411792
3490.329227764196 5903.5456343264395
-4822.979417802022 -5037.237367810148
-4545.072211572398 -4041.867387838549
6162.7858104958395 4103.685623932863
-8500.898880700814 -7084.531732316413
-7239.2611558557655 -9682.819371824633
-3924.2033409891383 -1100.3236695803535
-442.3194303401633 -1946.9150950250123
-9627.998151947677 -1850.8077284096398
5116.630587625146 8654.977534764985
-3890.660365455512 4353.5099786751725
3160.8922262069354 -5354.094847090547
-4249.449281927282 9680.397423492723
8844.730095108134 9836.95530474283
599.290955595734 9485.878859175413
-384.3314990442086 6096.693149252713
-9902.922618623741 7421.962347031851
-3947.6854217757664 4904.628334985604
-9437.382395167488 -5495.27417493238
7065.5299701066 -2777.9630944710852
-314.824788235057 2678.0438462127913
5979.672531633538 -1251.3767043220141
-5724.983815704599 -1494.111916003143
9264.534327093901 9293.655548019076
3090.3974468982524 5848.79365453796
-1932.4792880500281 -5224.630066738316
4001.9641674341347 7727.737719299152
-5800.498071594347 8272.596248448092
-4678.179626650849 -2948.667326426699
-3143.303580729844 -7412.292738450891
-5184.045393734422 3479.897067369773
4114.831424328746 940.1581819450348
-3264.896433675699 -577.3870172898351
4110.750641264087 -5304.967687852604
7140.537190028328 2011.6518196421366
4830.5271975297255 7441.170422652205
867.6695216300632 -130.21305046734415
-1447.9343918714567 3268.6133254263186
-338.2101816921804 3585.684494095325
7244.063685140642 3755.2477816318897
336.6244959252781 7033.7111893561305
8602.125149581549 -7042.304701766094
4247.847310297297 -6977.245129984013
-1093.2846891955105 -7388.349247611776
-5059.949209542207 1231.2128989852263
8516.5567828389 -9217.980081395137
-482.88664968050034 -1017.0441576144258
8564.970992874107 6363.374015688012
-8897.708152709094 -3858.2624784279406
-6694.422948005167 -883.6111532530194
4695.776479821607 4249.163690026371
-8442.335213560391 -9663.911076060234
6803.858754088957 -2995.990709063587
-7169.536928938545 2782.88983935316
405.25966323531793 4278.31046881926
8959.441476366614 167.56128757099032
1136.5778873404925 5088.324059263414
-9533.330576874785 6266.417805768089
8020.22468494944 -3713.8939822114335
-1638.8132581306072 -8346.82132465188
-7375.390070783965 3210.1034233431783
-3275.7736681148253 -7930.891346070472
4237.761649844955 6130.829987797899
-821.9537767691618 6613.199759393963
-4548.038372933509 2050.331788442014
-6783.96516923558 -3780.68541265391
-7501.619476696793 5261.821827687234
375.65402148502835 3297.3621520212837
7737.117401515487 -7951.492677879329
7364.689630452889 1950.7469066701724
-2100.563079711952 -5001.704454905609
3505.202263243318 4842.465586474134
-9004.584400581298 -9366.2779704101
3238.4476452470954 -2432.5902382784843
-2758.385109134465 404.09451080419603
-1062.0266954390227 4298.561077242639
4929.793070376405 -440.4940737676752
-1093.0210114787897 9509.94777827615
849.0916101930379 1024.0287700877197
-1810.0425856598013 9739.365445240313
6690.523608130337 -7891.945735828796
5707.512288218815 6639.037114952356
7804.004783190303 -9252.599257856697
-9772.813995171586 -2027.4668153858984
8744.575276635627 -5070.5351091003695
9812.007705432701 -3248.559956712278
1235.8573576791896 4064.3577477882773
-5357.5986874432365 -9634.595986605087
-5504.784410593979 -5718.390683789252
1485.9821729491614 1344.354841513108
-4693.52456117857 -9019.308895407028
9593.689766057018 9301.854657491804
-4207.521017901417 1436.2650124773354
2429.605186651186 -356.3238222655382
-9468.85270688145 7856.706967572485
-2604.297523100782 -1214.1206802863617
1475.1358287374387 -2982.867028443812
6591.701736597686 -2088.2005878440514
-923.4271051400028 -3564.2064279890474
-4345.911250716177 -2292.4751498759897
-8915.225687701173 -964.6371720407606
-5152.726590895862 5050.59308376373
6676.239237296628 8328.313483800928
6833.768577928029 -713.1992519235428
-7107.369325233261 4388.2127008106945
8929.175289723036 515.1576629077717
2803.858461017775 -2783.5602975802894
4151.666006166539 -4788.801196079077
-9620.213541049568 -1413.526634198919
-4995.434490097546 5554.003328862951
-4254.5164252257455 6045.5676491922695
-3315.466960703282 7982.434017066564
6311.361263627279 -6523.7290543527115
-7713.243128417604 -6208.731718926112
-5789.0693744131695 1467.9199488117483
1582.4825578213622 -11.955272364280972
-1454.6763523841837 -2279.117650370541
7073.091713844038 2166.6039356654364
2125.1368455320626 -7196.0202379425955
-3721.1345609513337 -7186.53148422262
6716.546171144993 9808.188230538231
-2400.530395116889 8248.347472842033
-1759.9314181276477 -2212.6377238880004
8587.101838040711 -4689.777283833443
-6063.270554701292 8349.378765128506
102.14887441091923 4935.616282396446
-2792.1805842303193 2358.7692001268624
7575.109435962273 3935.8125092572773
-7349.177779017062 -565.4482214372074
-8522.552453559256 8564.938067428604
-6244.495025319116 6774.632743192764
3107.936967693555 3880.9934996646243
8790.557768834478 5810.814793650041
8929.974373317913 1437.049514367307
-3397.401431035687 -4703.916657459641
6949.241515421887 4500.011892255174
3365.7364127393485 7648.525309956578
-7999.997433059032 -5220.514216942589
3761.3184791324147 -8276.133158373677
-6687.775116378225 7559.449325332818
-4366.124190515695 9661.290281326601
-2639.3724921432413 3160.5858273898066
-4139.303429846253 8044.8336140115425
1750.6593464996477 -8178.705869605141
-3011.142205871749 -5654.652078982059
1775.3173028865513 6370.538631457441
9134.95738766724 -1544.3783926027809
-9719.374317095077 2475.869803135669
9709.190850419618 6103.963084791834
-6393.505657277887 -214.90477729689337
-5283.176147544513 -3970.833914473511
-8376.409339460104 -1059.7627602336652
9706.518962997412 -3977.544960174402
-1734.2374583982473 -772.4274098765254
-4123.616374576864 -5710.346577042611
-9538.554754657684 -462.2959434749664
-2584.9991719147793 2059.4836543805413
7996.415281261423 -8655.228164202248
-153.8646113290215 961.5494952406298
4594.13203897769 6574.062165806503
5962.179599591444 4420.225482081081
-8621.16110971753 5512.441009142152
5872.842707412476 -3841.677745317791
-2109.515140557134 326.1769430073564
761.9738528475245 877.053407773521
2949.4432537640605 8285.897948612823
-3863.1830465024586 -7723.508730601534
-2077.0926714097523 -4541.444733008295
9670.413966211014 -8196.645243912411
-1676.2550357336604 6411.450881827353
1179.26068058059 -2139.380803516373
-3823.486767437412 -1616.4802084126532
7844.745811080171 9686.109427284628
5214.22164494207 9414.23017167663
-3521.710197546171 -7295.119797828322
-6276.644332040742 9080.60823735511
6446.527887697772 -7117.149406448302
5733.57015737184 7778.062849921007
-8185.736270591379 6456.82074684741
252.36729268917952 -4109.171809714527
-670.6491991632956 8388.636225848088
-9626.011631898167 7733.013607643796
65.04613548264206 -2011.0506130837894
-654.3584744480977 -3198.609780021462
6851.796719083122 -6621.343780362389
9053.109759132196 8666.215688417433
-2928.176723718512 -2196.233905995741
-2108.325817718608 5736.542800415758
956.2714370999674 -9707.902123816435
9617.208321180828 -5828.381219177687
9216.104765406624 737.8699786728648
2526.192560873411 7370.1394454716865
654.3289197608738 -4777.103853132492
-807.6893854372174 -7245.722792837862
-9651.472082274518 1230.7605384786038
-9008.799744383898 8975.555134774819
-7940.884565892386 4382.997208661491
8773.826625057303 9204.80416391119
-5289.903024985128 8423.964612040432
-8697.142290901022 2828.5840811935614
-7894.443424711832 8403.75000629765
6445.335852567834 -7340.381560018761
-2513.522720867709 3356.10550004994
6618.82573853857 -2321.060061130109
98.91742167240227 9241.06371699636
9617.147561515983 -7637.395847062887
-364.0280170440401 5519.549862152993
8695.696665055926 2805.984691623882
6232.349439547703 -550.052289552319
