4623
-1763.9871789173412 4668.913990516368
9077.371708942166 -5543.9308241697845
4811.506061133614 8273.435217825336
-8255.777719292759 9144.871368127897
7856.616758744964 4338.0413988688415
-2679.685021376011 5157.277445718271
9848.128679679125 9999.265605439818
7336.456372746914 6781.630957552454
1167.0866349332118 -447.9026094637484
2602.9084072041605 -2762.1879200230205
-1389.8145069377788 1057.7506313903395
-3342.22818914411 2365.323617027363
7881.74371553661 1195.467250316222
-424.35234007565487 4455.128578364194
-802.2784506619046 -6274.821101525931
4715.311356666247 8554.960299523329
4684.041071653266 9759.884984543438
-1651.579015634481 6722.344098154848
6427.237429301647 -3496.381025016318
-9900.4482142014 4469.102734678803
4836.259275661199 5192.93274025871
-9258.860867115032 8035.657525593157
-1599.9950765269095 8686.828650152118
3125.1922190200057 1152.9548283474214
7975.97768080491 -5517.864593219064
1896.9121967819628 5594.39265405305
1421.2149794000125 9888.317963355788
-1876.3481645553438 1089.6416182281991
-2322.570613386465 -7322.222936743084
-3914.097441722226 -2933.205198107332
-6651.9191890055645 2734.6982213337797
-8784.690361617048 1208.8051127359795
-644.1182564032424 -1942.4387581018054
-9472.024507702507 -2045.294086923379
445.0191361291618 -8072.562032696195
-110.40243872182691 -6154.362823944444
-3906.8466692449256 7136.245097746938
-3937.7262070812894 6010.237595704244
7824.040033804162 7876.152006756303
5721.085395789163 5103.479233571787
4962.403149874557 223.36453729687128
8491.842873857699 -5342.4237687741825
8548.462575654481 8106.549371190729
6549.67732312017 -4926.8923804854285
1430.3087815955441 -6767.8155798752605
-568.5748817340445 2373.0361822179093
1478.0892563077687 -5353.837400714971
9453.040798274447 9361.839854440706
4414.764627865434 -3557.0074750138865
486.5590169160823 9976.491506209553
-7066.041685486144 -9409.010865854369
839.4002343197208 -3614.4281172936508
-423.7783948750075 5923.864092961976
-407.90155721724113 2787.3083129064707
2260.801754148115 4056.16200072251
-5011.184806739147 9876.888263074638
3420.794197431933 -1687.9761652514244
-6661.720296517579 -402.0931687994398
-3634.6666275825964 -7286.219884998286
7371.071805317573 1062.3551936006352
-4206.738848745639 4658.924317061583
4112.466471726862 -4581.927209885541
3308.4923691961703 7121.021796559402
4068.3075702373753 9962.132552485218
-6661.9180041524805 4042.1761089088395
-4115.30915247706 9943.146136987103
29.766993833130982 -3958.3327832703217
3630.499603545961 -9734.97875646058
1506.5588001903689 2647.444281366099
7465.1184170993765 -1300.7860013808986
-5718.279325887781 1964.1529069354656
-7308.059197297871 7232.079792776698
7688.262221151486 9023.440830157084
7061.561373745662 8818.425924905816
5852.85387539337 19.284804492812327
1676.8222241420917 -6918.0742602835
3044.8534890350347 1213.1411747289894
-3034.8307953281274 6397.567112362089
-2843.085551137976 -1499.2654004344731
-8077.943273995412 9310.855024858614
5624.42123616469 6464.341339114526
2192.4128134356397 7393.003921776235
8266.79284615679 4191.4451155225415
-9454.53738544338 -9599.100761751592
2334.461387389183 -777.3096242290685
1911.4964994283982 9005.132171990772
-3528.878931219788 699.0672512006986
-5612.568826759747 8368.945138907282
-7648.371892124308 8110.316276814774
7481.317389257354 3505.4545939880736
5431.701149737655 -6996.444739593366
9354.208882300922 2610.050466151646
-453.62953298198227 7593.171738204306
-4068.900858076867 1459.4079435005042
-5980.113344830765 -3579.9515894099086
-3509.0855173726586 4488.065402401922
6500.59428771993 -4959.770802840844
-7291.177050103381 -3701.931906525937
-89.94880094157452 -6819.844783802085
1112.4164763570789 -8873.300182019058
7696.460114590343 -1122.3590714554393
2526.584297122661 7191.856733849003
-1991.7475913905155 4834.7770803261465
6320.199115493293 7854.152661049007
4454.453641066773 8541.001518125435
-7869.00165295741 2179.3745727193946
-1205.7646828446432 -6318.415589064374
-2766.661850250054 3754.4321492809177
9198.845638479892 1928.8253691736354
-6173.223389789706 8504.488987671804
-3345.1165268234554 -8579.719593879228
7261.712745743316 9778.485957652792
-8371.328978446882 -8939.62716495664
3581.6071523253922 2114.794017819331
3287.254738746835 -1761.2295079198375
2749.578872060576 -6131.721149370867
4372.34930875638 -8359.053574116808
-7459.54630931075 -6725.422947169565
6249.3194537179825 533.3662007793009
7317.631009358127 -7453.073626706526
-9295.925825142873 7237.782784484276
-4222.593415034541 -9754.590337565956
-2263.4690645865694 466.1457922908303
-7768.327139339528 3428.02368884086
1900.0933110064161 3769.6650086769987
7113.2068817033505 7987.491111247447
3662.34971543346 -4437.3997402089135
4126.0240700239865 8097.287266683768
-3186.9902830298333 -4986.618835712742
-6173.431181086009 -6165.130994045785
8120.846863981929 -8447.314020883068
6409.790032235585 -180.36624355987806
1242.2204254370954 4830.152821006652
-9912.573132459582 7097.661298341947
-6690.484597090848 -3341.5898923356744
-4315.881923579603 -4475.172687888209
9678.627806326873 -3184.8392037078384
-7059.770413132298 -5455.593375575502
-9.592441711123683 -9468.92389599132
-501.4366190617948 -3475.186407753985
-2998.2609960048158 7073.2894064522625
9665.412480190666 8717.664669961006
-1432.2664407534994 6041.310555645283
6774.691627732951 7415.868571144383
-7292.712685845236 824.217453116331
-9652.83875006276 1035.9945856777467
5860.031538217747 7125.000027334336
7225.043690666076 7618.68739045753
-4756.507903509675 -1460.0184344189875
4475.607920366443 6635.436271748953
7645.050646854303 -9111.741627609204
1095.5877268702825 -4990.4620410368825
9034.088794612322 2318.132527638214
5411.569587911235 2903.6164453664696
-7944.538735907598 7174.555454577803
5559.779048271264 6095.603486783975
-8233.748529219722 -1806.3869594009702
-8458.036822423017 8659.608334268061
3903.5172742654286 -6202.872128044541
9092.35954981331 2187.6388108555802
4521.531529425249 -4907.517233475353
-2045.9816665705312 -4067.3329409343187
-4987.195889679039 -9360.204671225267
-9848.981885382398 -3976.9333649493
2327.939954285297 6130.611801809571
-2543.583691846392 -8707.030601768007
-9364.812145731474 829.3147206624508
1494.0346829008067 -1707.3601171251103
7711.296882195144 2960.4724484417893
-5224.524957434141 8687.476571319428
-2968.905231418248 -7817.609934242555
6462.039686684002 8523.791666780722
-5176.026396830222 -1130.8509080193944
2754.5084490730496 734.0530556066951
291.24862062174907 -2869.5360604555062
-1447.9930822404604 -226.20226909010853
-3270.8469550027066 1330.6953085187815
-5615.514098586496 426.95962471228813
-8522.015704042251 -5674.579682036467
611.6072096091921 -8414.114462701891
-6581.26810517021 -284.0394571329052
9494.115027290005 -9793.15069696689
-1835.7315100811174 129.31986718075314
4982.052772658457 -9338.602880029906
3142.9896709295717 -1136.9858608765444
-72.52753487403788 348.39053402387617
7448.551784706007 3191.291177099747
917.5471955966204 3701.1522449234053
4630.153112465896 -5788.709891054044
2037.3085127749182 3618.641338792215
-9476.42678435731 314.70717263801635
609.4749754610057 -8130.881148583227
2773.9744949969354 9202.573415146224
-9677.846541341323 -1840.698107731043
3877.2456572077936 -3182.229055094972
143.45289078392307 1331.5249445978843
-4632.545525293576 651.9641199327434
-8964.656970497768 -4454.032345699155
7203.748049811915 -409.36885340119443
-3282.6337973468853 9324.53545517521
3460.8338804825034 2791.930489665694
-405.9040394527401 -4022.4899641097327
3102.9449003447353 -3947.8415046737573
8448.51542525128 -9796.380555516253
-7078.024628846553 5692.586958418147
-9383.23515229738 -2451.2907288733186
8646.263100769062 -2790.4951297313764
8098.002164155121 -9072.272256617822
-222.73659971868074 8761.315939820572
-5583.615206148258 -8440.73635618629
-6112.851565060469 8023.571032467909
7040.474846576311 -9568.584208937176
-3088.851676788556 -4975.139104178296
-1221.3525837253019 812.3007824178494
7394.22481437603 -6716.495694856363
-9192.640883465521 2338.0271428519936
4702.4560852329705 -3102.983940658053
-147.57810381585114 2855.517407516918
-6114.711999098659 -7806.6395600453525
-7468.29748917024 5467.065409536324
-6824.407247184536 9135.033811953053
-9019.048021562483 5118.067731944602
-5959.748954579798 -125.95719002311307
-4377.246728578175 -8411.114554511265
8244.763091602686 9687.88271315254
3301.8495593432854 3896.333007285306
1571.1688794125494 -1016.3466956769498
1998.4024630480562 4879.818882142536
-370.6638215812691 -5860.529523156053
-3055.986974434286 4141.689287671741
-2372.5274495483936 9659.37566476751
7203.60940069941 -7469.132344691982
-6981.525878276134 -5550.032575211097
6649.596793498706 2003.4036693653889
7614.529064425398 -9015.984344475615
8742.942387007297 -9036.915651829653
-5936.842675189922 -2301.6524561373553
-9350.850963757743 -2920.2160253123675
-9496.341035099784 -7819.673295842491
-1044.6486631071166 -2897.230726827289
-3226.275696675396 5529.278057518994
-3381.9459686697546 6330.701558957249
-4288.26776833555 -3263.7577244735903
-1240.6937733168452 -830.3937561325038
-6098.943637832373 7.47627742424811
3542.3956693080654 -3395.378701289562
7628.47060557787 7664.141679596043
-6403.581309896811 6430.860552440077
-8120.471727403753 6582.665390723956
3322.369466600625 -2266.7461795009667
2869.5788589157037 7097.273704258219
-2098.3251131039297 2374.7716838124397
-2090.1487687326007 9868.248097913707
-9058.630393452804 3146.9611973225074
-9666.16762672547 8426.464624980963
-571.5912616026835 -9243.746297793206
-8240.064648472096 2936.8293097430214
-2971.1265653396194 9964.041155767394
9142.243991264186 4180.23393935232
-243.87079831118353 8968.04165252925
-138.10605462919375 -4164.293926934559
1645.2512730902781 -4492.987472752161
4537.436162948181 -2148.5581548624477
-7690.657551423443 8190.397061465344
-5716.686878924104 -5974.545109017348
-6883.375870637349 -7800.975844799692
6821.343290407785 -7126.402676654156
4215.478597703552 4772.50655931071
4150.918342685114 2444.741312718199
747.895823267716 7793.522359589941
3409.368056218089 -3050.0519862951905
-6669.942243433801 -7701.307779141666
-7895.246123261488 -4095.5298133486576
-4757.917744020035 2890.289484826799
-920.8805295681341 4938.477316771896
-3242.783206337156 8792.565113168315
-6638.990992404323 1514.4138199103963
-4345.9319294240895 2690.9872913449926
4491.855676801424 8495.938999789261
-7806.276300072728 -1487.76218267908
-38.39201015043909 3845.4288383638686
6706.908510646994 4947.326806651276
-1935.2441744327616 5684.042670570683
-1575.3997853820729 -7210.267670637969
-2211.304616016563 8530.399437443612
-4701.194614929956 -8945.009799542602
-8727.851923142935 8740.930678328266
6298.4841941755 -632.3022335627065
8922.138959184347 5007.02094688211
28.885823480184627 -7753.572359192635
-7546.183895126625 -6778.943323516307
-3489.1492399080607 -5313.430336035914
-3081.8278762910013 -5894.4396432831245
-7430.100829548121 7835.6614013364015
9208.513998133421 -3293.3994050810925
5523.2223631991 -1424.7062165004936
-2412.691949506542 -8815.293911483679
-5284.032293521191 -2531.7909992981376
-5549.193289466603 293.5417306050713
5946.486949431612 -4201.261084415513
2849.6437331123107 518.6423180755701
-66.49241316046209 -5670.732669922314
6209.369683791219 -8944.485577736512
-7283.544890469762 -6085.075571557118
-9754.319373651024 1638.4704153378243
-6756.548932920326 -8736.735665653792
-3755.1341608792145 8688.571147241182
-8610.222665108624 -8104.81369824241
-4319.206631483654 -6668.90492459211
8262.890727534243 -3242.0790520629935
7565.528641308963 4539.980337475432
9888.347344645637 -1039.5921565626504
-8018.542406429859 5998.713948679217
5234.274232423579 2745.9350663529585
5918.575840547495 6224.182113602239
20.31811960084451 8086.443149933057
841.3789099786281 -1917.9804477440703
-1129.7295150419122 -8822.58062351442
-4664.4223221920965 6029.025806815962
105.85347888861361 -6368.150475760773
-9264.366392643762 -2749.7443020417186
9842.438843228978 -8683.785785508651
-7190.096287923296 -3684.5829131049786
-4964.25980417799 7541.062127545876
-1619.0471139764722 -7938.762333872139
-1258.183851155749 4713.205933226547
2184.3787607616086 113.49931105900214
-4909.013381952658 -6423.864427661712
-3679.7216931636203 4794.470462905525
6339.559044539961 -190.23296937081614
-7672.73697812237 -9881.510985543344
-148.46467830496658 4030.1694906443154
-5790.295091749163 1160.4900364176538
8975.754693598235 3124.4555245912507
9674.693872869571 -5710.700157295166
-1477.7927290493262 8375.55217295816
6385.945201396171 -2410.4541546987666
2904.533950035011 -1023.9174758590907
217.70188148240777 -8746.930070105302
3004.0123143202345 8300.145122993152
3292.4342154128044 -8197.242745404445
-3576.3937981349136 -5303.7104942086025
1011.9368844083092 3718.726873473637
-4961.058746163662 -1415.4727244034639
9342.202396328405 7368.865579698115
-6383.6555770221985 -6715.252923903176
6288.218904295965 3102.707246570182
-6243.625532508808 -1726.568293243361
-5204.3579548415655 7949.70456765774
-1465.4560227323418 460.10942770270594
-1757.9503881606088 3569.960775856818
-5050.778423914959 1594.4985004187402
-5768.709924809079 1937.5202262108232
-6350.02239892285 -1940.1564284995684
-2419.8010454797595 8693.363129063739
-1592.0745043520546 3077.4621469136055
9187.753221176572 3187.256084311206
-8597.120206649157 742.0611446740841
-6097.498384360487 -1065.3374771447125
4640.453264239257 -3673.091686414101
-2445.096900256016 -1453.059990034053
2675.4736518264654 -2057.5226093214624
996.9783722475386 -6849.919034061755
7306.3964044580935 -9098.28357472447
-2707.53974978472 -2110.712373953729
-8981.324976210239 8039.621087623742
7126.4174626429485 2323.7032457291243
-7306.691574124374 -3245.680234004789
-2945.9014215445013 7347.652638433083
6460.097887566524 -3318.576849652113
-4615.467626845977 -1268.2274637012542
2563.4026757573174 -9317.097927345232
-8704.807835848365 -8540.550004986035
-2278.524283289007 -3773.6933604268334
-5800.173166463615 8741.016646212844
1698.739185367198 4249.660991070945
2442.327360492818 -5079.830476095924
6673.641071492235 8251.90188011323
3065.289242153298 2444.1358539275952
-3526.9803030912026 -2381.7398036661634
-2297.2896577138345 -348.8843448373882
-6142.8279398383265 -3915.4835749281465
3572.0412007964424 -1664.4255877921132
-4221.878842477451 8763.59414026944
-6908.409203694372 -2116.0089766111278
8896.840315011144 -697.5207533348257
-9174.931510210492 6230.694599286544
-9366.51060140828 -7493.003980245481
2255.8278865948305 6965.448975645166
4637.984473900642 7166.489337641822
5319.154245849291 -3368.5083595018496
-6193.480140490459 8830.006223100721
-7328.275596072344 -3415.2557440153378
-1167.0724300005022 -7069.910852985379
-9646.855389502382 9741.961076536663
5772.0490113106025 4919.833785415158
-3204.745810933716 4127.6028677179675
-7794.425907662552 -4016.6080090031755
5060.667952603237 2336.2528787568954
-1660.9177037620957 399.6294512588556
-9257.19558231632 -1140.5615524544737
-3277.6986053809496 3783.1840118682903
8135.4348036031915 -4317.270300878054
-7727.115824200455 -9803.300849780027
-1919.4351598639696 641.0395799567195
-7102.722212369164 -9477.468237184548
-7670.756367703683 -7272.935699725229
-9759.446727834169 4501.7831892457525
1300.6794544759996 3879.8507666628047
-39.672791898925425 -5506.989819982424
-5199.185617648043 -2262.5110660240734
-8591.79105948113 -9727.477334218871
8562.296431182633 2419.9775889406264
7715.469074051223 1092.6923018244725
-6606.421375283125 -3384.6678395794697
-982.0831234346224 3734.2424288714683
8275.629234801349 -3925.965543682466
3918.257540835706 3433.004916473672
3920.5516753304764 1073.9625821990758
-2727.529886953266 8331.171943265726
9107.166400097602 4499.963840346669
-3999.957639590237 -2502.4032864013598
-1465.5944534466544 4889.265001637032
-1143.8358146720075 -2418.768255450179
7984.144547045373 -874.0470135047217
-9032.718630525098 -6193.6767300123565
-9739.12431768857 5424.776372893401
9419.675220307607 7287.507585404528
-6323.583421175565 8826.567913186915
2304.0242758442746 -7462.506492306074
-6226.379803650743 8634.601544123474
357.18285797341923 6559.541898168645
-1466.1636473299077 53.2373965426832
-2294.3032744037973 -5938.514617776143
-2511.33856564935 747.2440587013862
6203.847206881559 2097.562140604381
-4042.7146397499873 -2877.795485311801
6472.308343671768 1838.8690314043797
7056.531112517754 -5166.5382709934975
7981.776229454146 -4807.225691058872
6181.467922818287 -6636.92676523491
-9610.7914849218 -363.8475557745478
5330.245426099753 5461.287169152431
8822.603636220076 -4103.153003452487
-2052.400903283191 8831.079686454166
6923.516430574633 -9987.71584503153
-1112.7634041315087 9641.326427429769
-6805.197490976087 3813.7081728317735
-1355.8895466303802 -4713.794378628877
-1435.6486008238426 6029.026084765428
6183.362328649224 -2734.528714518611
6063.8611398265275 9966.783487987392
-9506.504305833874 -5857.737638962543
7134.983245830179 -6861.664046717013
7417.124279263662 -757.8614860069902
-6686.556526098224 -805.204553036534
-4636.572328121857 -1910.925495295277
-3094.9630077603388 3199.871041571727
1182.2102844709607 6531.1729930223555
9755.663773296787 -2470.7428243401
-4219.734946283637 -7909.120072182504
-4669.134172265534 7581.745725228964
-2013.5009441438979 -1718.4694800529596
6058.594462093088 -5993.223602563394
4723.080346682858 -5535.923912548772
5252.22761124653 1297.6669268791957
5715.6380789377345 2274.8702096087254
-9080.862485605885 -8630.700084330245
1776.3234970116446 3737.440043358063
7373.381146464362 -4866.430672703854
7119.3320643404295 -4121.821580890186
9809.381177797051 5105.4248002686545
-1780.7387219841985 1997.9410350858434
-3143.26595604445 -2283.119406353476
-5601.541192220471 708.5545488749885
6624.568966007417 -4714.105496054212
-1369.6961530874069 -9574.723548929505
2857.1639257622755 -5518.464963087597
-9028.861371167368 9213.276629120399
-439.19713763401523 646.4148978386638
-8415.649510693624 -2281.75101291427
4825.137782712898 -4518.132403899933
-4504.111300627745 6368.275702238288
7550.610499167051 9370.90532303214
7021.278597887791 7116.121045356653
4406.754965244854 9008.50581623421
8229.97725576278 -5301.856086214414
8584.49691343314 6028.316220312874
2863.6985162974306 -7281.941341708391
-3231.1606369600468 2959.3942509426415
4801.1109428472555 -4179.198104682755
-3753.3921871954017 -883.8645617497859
8462.102914072511 803.799647034295
-9822.792702651339 919.0649333169695
7470.5772873729 6719.947818555385
5792.631061685117 -1336.290433471142
-2554.467123410158 -3141.3323134779293
7656.2311678747865 4899.289090912413
8965.96377696348 -6051.585848830104
6098.055721709556 -1651.4950721750356
7555.88535261013 4006.0537252190115
9557.827017224892 1694.2289639786395
8961.58820827445 -6034.4405889552545
-1195.078533848833 1578.4317439303886
-9956.008853117308 3550.4970110340964
867.9948464789395 -5196.783292853864
8284.75269073078 -7188.182477961438
-9004.82423481644 -4006.6410593625924
-3794.41830708376 -6665.514467534681
-7920.971927030836 8874.284747089638
-9074.042391389034 3323.5289388699166
-7281.228487397002 5838.943256100181
-6364.723077381263 4612.09933479503
7455.524987137214 -1378.4243805255683
8931.191653167494 3091.183445704806
-4295.378850178188 -3334.103012058529
9776.714703086112 3142.630378457219
-477.67827119962567 -830.2495576994079
-9745.569497742976 1364.1906004381526
-5417.458701156987 -8192.179124958508
5346.944173464835 5207.292117600786
-6397.523787570145 -221.47460994444737
-5351.5360155392555 8105.3147327925835
-3055.694400845344 5090.728088405158
5213.2196944338975 4252.1535090508205
-8766.575541077058 7900.4629253821695
7672.176705576025 3397.8882330520682
-6428.0627729433945 -772.622666617297
-699.6976049649165 8860.417037191262
6289.436230274523 -4474.865811337456
7892.411958237826 -9591.065175852662
5161.358047300217 4349.552511534068
-8893.586371010639 -2242.8306445051667
-7361.505148103084 4762.790180072405
7358.539571214213 111.32772978151661
6869.529302820658 -3868.597674947944
-3594.050439597562 2549.724577258474
7161.724691726442 -5379.346782876937
-9572.14888836488 968.1026593955285
-2986.79995261572 -2043.0315196504425
-282.90968685041844 -6093.309544602071
-3036.5068819834296 -4075.032952696114
1019.9148686161006 -8217.943069838922
1247.3930115244366 -3414.967287962023
1112.4288480853247 -8121.119684919707
4600.313534199991 6341.917247853855
-6621.992972009619 913.7539017426552
8551.752004203488 5764.399511984815
-9049.261153735042 6065.196061664983
-9843.333373035372 2450.558951170673
6415.749231436825 71.06508709768059
352.8753251680446 -2747.255066310803
-4891.987128200492 -3673.3974054654063
-6004.122696226386 -9179.132150777246
6727.078913495123 5873.364793719487
-889.2387724138844 3692.1538700928977
-1714.1091624107867 9751.330423180149
9014.160134637554 5050.046598089277
-9662.331546347357 7393.512489812849
7697.487074712575 2794.472449775343
-2024.3912935473272 -5425.582273586096
-3774.034143014189 710.2039170982534
-1724.069287134811 2880.742369166788
-4103.7447662825625 -2710.398623082744
6655.58670583857 -3245.275968285715
2508.7514442000065 5160.539546769043
6041.725948614809 -6132.416760726235
-4651.081441261853 -9910.150143564331
4800.789819857848 9912.544785981096
4335.299591133875 4177.154595203367
-7949.099325678861 9863.940574423723
9280.122529603977 -876.5167687561097
-7718.025974629656 -5669.062015931676
6321.711458287169 -7646.38746048406
-4866.219241221607 1841.4601330319128
8326.181815676908 1290.5811418185876
-9267.043748729862 5723.905388406176
8419.196590806878 -774.6196042733009
-3834.257076064804 7711.29857342958
8796.81626131653 -5.660813984042761
-5535.9759390989075 -525.4627290945718
577.7896654362066 8071.267128067091
3907.9972184905837 -2001.5701448920527
-5302.122675553227 -4299.068365622865
-7500.386350984758 1046.2571009796666
8710.115448387249 9344.995814668193
-9863.310126526205 -5084.392355761751
9843.182067116595 3981.0653476442785
9318.379156751274 -1729.7137132505777
783.3249117352752 -4309.980362962651
4138.472081291369 3040.1105733072945
-8616.41441947919 -9513.652630889355
-3126.218252965822 -3787.5481667929553
6867.333279042054 -9509.278660465057
1650.63978307252 -5203.600634623686
1081.413264709965 -2686.4067907178305
-4526.679599208014 322.4699884165784
-8032.519883414439 6913.111441664409
8323.984790389808 -1052.1976089985583
-4341.617793672323 210.19784843916386
6094.527660984275 -1431.1806462040731
5469.739111659637 -611.8454324141057
2786.472011940841 5300.362393613876
2545.1299453604843 1073.6972196335919
1715.86346070925 -1737.6594471308854
-3973.3980243423557 -5509.152926717922
9385.873425513353 3821.965868781208
-7639.517592563929 5198.644134861523
-9759.37912534745 -1728.3233204060361
5711.759792066994 -6831.827495434029
-4310.516152379498 1379.8808296022708
4448.58271992196 -2276.0761162511226
6591.978271249049 2333.6884914091497
2271.7087802859987 1269.0567252546534
-5180.963822881439 4299.826082784672
6802.0053867915485 -1266.3672775680916
-3442.6830797727325 4161.9616973498105
-6697.59396943596 -9670.54613194124
-2301.0455727727176 -50.29912309874999
-3301.01754210721 1464.6479092376685
-40.06698052201318 56.53896527116922
-8820.90243838341 -4434.319373825039
5296.056112789036 -4448.902399660233
-6617.133683402006 3074.011759787858
5736.265133067662 9717.992657424824
2567.446491390261 3029.1298891195765
-4071.164994381993 -2578.2800170572464
-888.0468117273485 2419.2528647016243
-3503.2347407198386 -9031.026846398629
1344.0823314248519 2875.484370034448
7724.453557157354 -1148.1611334165973
9907.793632669509 4304.776330252247
5148.538841844145 -913.650185834751
8754.704112670846 -9298.441305194186
1301.5597590299749 9817.901293151874
2330.1124835580067 -5352.562606531752
-8842.125060316102 6447.073928765869
9637.852541756394 3902.892835401475
-7242.937937962563 6736.428700488166
7606.469118055353 -3985.56391651334
9030.795295617954 3190.8865145038108
-1457.5180415886916 5005.223122592846
-7965.014680168548 5461.315653399253
9444.774707516444 -2013.3546565019487
6589.74545649434 4602.998372185106
-5432.541233063773 8922.95386947874
6755.528115778972 5727.670115702984
6856.797779483699 1800.5077518936469
-4375.444953941003 -4080.1375667781704
8751.106532600013 -3902.242519894754
-3417.5455769767505 245.30415723908118
8320.780852030184 3721.620260499909
2495.787511825576 -9738.827488665436
-7161.076329204499 -1529.5755645291592
8206.937423064566 6645.015952778125
8611.294850637118 6603.133296825814
-8731.388933396815 391.20148806914403
3257.604499661091 -9760.90554152189
6025.985005595918 5480.770625664301
4624.451535741628 -5917.911136385428
-3044.6901951542586 -9987.385314588968
-876.5224859422615 356.98324657550256
-1406.4317978156141 -7509.076971702922
-8473.394133497604 6866.824429659911
-8555.43879895014 -4704.123926130339
-1886.5004507757167 8722.742481149788
5922.582225545128 -1678.4062624222315
5554.666889791282 5568.56441395802
9695.611934375189 -7652.621252020633
-973.0825431735248 -6983.433242645405
-2284.237291896765 -6084.6707125143375
4796.1471428075565 9530.32859035266
8775.463792587761 -8680.58312944557
4865.733428525235 -1864.8182838313796
-2396.321682071545 4768.170880919923
4277.07139349711 6106.277873640069
-2682.7928870701026 2865.129474563515
5262.092891348506 5178.831343705608
-6532.067372460679 2258.255897449313
6685.872770022226 9844.624877140202
-2022.3791854137517 7641.544201808749
2080.7172519123233 1943.392312070424
-1072.30552348932 5249.079270326669
-4938.598873222135 -3972.7656779391473
-9527.83618563754 4563.834826985771
7024.517252087571 1870.741522421944
-3932.317300164581 -9829.464973903383
-1226.83470929929 -1980.9612484896788
7765.485373907948 -1486.0699659584207
5071.500123449792 3410.4995091306537
-5514.268533479844 -7219.130916533026
9121.9389527501 2880.392394310962
2995.5772329483316 -6793.410471419364
2571.1022797949354 6746.278696912374
6738.061951354037 9812.662859714274
5888.8525933651945 4695.489078504072
9709.693735754434 -83.92145426321986
3828.071016859656 9839.552166280162
5260.381964970498 -6294.023453880327
1161.0945012549528 69.97136103526645
2990.1638483947772 -2233.438841401834
5002.018762890415 -9255.717799002943
-9157.059393754414 -1368.2240779575259
-8237.649126082562 -4749.14724980275
-5951.778278966722 6289.337933173096
-849.2211373704176 8145.419355488575
7737.6671617449465 1008.7648636048852
-3383.8938779058744 -678.1196636692748
-4136.019562122937 -4049.9398930986754
-8754.318777043562 -2925.592111369535
5475.508948299264 2716.7547181643113
369.9293432422055 2927.460154395205
2450.669201536897 7349.031680595603
6986.88142211119 1754.8156034396816
-7527.895673034 -9790.311024743483
9608.871811520788 6978.275127107863
9321.269472252792 -5202.261693659482
4246.858779519307 -7468.783064461715
-8500.093372461439 7731.451871988476
-7013.8975075446415 -9208.287005120972
7735.6639012479245 -5025.281317429831
970.2180312255641 -1165.5486467682204
-7895.107917383177 7837.586069086836
1598.902406462863 -5879.76159742086
-9693.5710406965 6363.907951120225
-1642.0891469868384 -4863.613342870372
45.96974557434987 7426.04252215118
-9061.852617400877 -7479.17389766904
-9458.60372431141 -9821.423294908749
3164.008448950204 1847.3055168591527
8835.224256262092 2480.089323445689
-9260.5986321845 -9481.414878974816
3901.106286968594 8473.989290866051
-2066.8533371546237 8109.047962044486
3457.1104718651186 -273.4969141866968
-5936.255084296674 2017.696961229205
2949.276677628921 151.91082457078664
-6993.226808772646 8437.0262279507
-8655.269620282634 8412.169495034315
1936.4677255355564 -7587.206637149482
4174.418897792344 560.0816889393336
-873.6880521695693 -9835.753091860917
691.3153328044991 402.2149630857548
4871.745236224146 1853.898631375483
9060.715852235087 -4610.211218140858
4461.384141978935 -6359.544824594148
-8824.96327680916 -8197.2008621326
7611.426804898161 -5881.93898303643
6986.298367316787 4574.659584126997
4891.1970975394215 -7860.467105893507
7175.272455437251 4311.689456792685
8406.061286173957 540.7982992294837
-7472.96602293571 -3106.2022621315564
1367.2357554731843 3428.2759649624822
8558.455464489725 9499.743178473589
9166.282922462447 -6539.516000855754
-5256.038984335576 982.3938027415843
3185.3748902038606 9949.668867372544
-888.3768535562358 4226.423295304181
-2187.3158935570827 8628.798329806319
1032.4909453372256 3452.928540274419
995.5432575424038 9573.789935964018
-2298.199943859702 -9607.5269838861
9152.298969129628 1040.365092107424
3111.501327020407 9830.098370142969
-1622.940656488132 3869.4681676270066
2239.3352731956875 -2767.126715455761
-4390.175794350939 3634.707716752506
-2269.55361385003 9002.585564145753
-4192.234091499183 -4150.185484057542
1523.3197868758289 9353.207277261856
4141.70064511927 3323.6416353449567
-327.38750164902194 6894.800884530876
5855.091191726417 -5855.241546975116
-4952.792463409028 8712.56066899855
661.1797415749406 -6202.767543293757
9632.638543777666 61.719593303610964
3417.1539866580406 5553.708434354083
5842.767991618797 3756.076989171146
8302.505495875394 9561.443240617144
4546.430988114265 4909.939880275224
-157.95135197888703 2931.4671956281836
-3559.5062421793136 3900.298496199466
-9147.673104169124 -9339.40487025668
2951.594384033766 3248.0868716550995
-5246.576782281533 360.5206662240216
3024.5867736219734 2574.4150235192355
-2323.52310208606 -7462.22896056824
2956.506704091218 9869.685753517268
4410.483899068353 -7437.167230598349
7860.652990520473 -2979.456078160805
-8529.764130988122 486.27817247892017
-4603.839652139634 -7128.367016603741
-9569.449757432752 504.26414878092146
-4925.777903151711 -1943.8285507453675
5160.203739669745 -6854.695129990041
-247.10280879108177 2411.386293122785
-2297.7195855033324 -9855.256634063315
-141.77290256563538 8001.874710453099
-714.0858645240878 4492.890396790548
-4579.840138374205 8606.001115049643
-4682.302084872028 -3712.683195720845
6187.561947020549 9977.453751566529
-3810.6964378312223 -1210.6674077138196
5887.38716046079 -5723.861543884934
-648.858945004773 8479.197628427348
-6881.157933699347 -3230.406045013343
-7659.828257662775 -2075.8374343850883
-1575.8246310448176 -6761.833661535681
1313.2616386069603 917.9452496485756
-5246.500203484894 -7525.80823203478
-4874.248307276892 5619.806448325278
6841.8335079353055 9847.485344506389
-8891.802706689235 -6684.107780695182
3942.3311278088877 5116.4563097235
-4567.486131919 -2054.9364678430984
9910.455927175371 496.195169720133
8322.042551576997 -5324.046869877215
-5190.376477888865 -6548.072807538321
-7651.663479339856 -5408.4766610870165
3009.6356749415936 2768.2367444002884
670.7447635433291 6931.9320001936685
4174.989361382739 -3848.4808361583036
-8686.843382514091 -9633.954861850712
5590.949027269622 2955.1275727157117
-6564.454075227175 -9593.542793910221
-3048.9715655089667 -3426.270713025987
2046.2377858423533 -8647.569642575754
-7969.671183965467 -2364.5839414147704
-1285.8967984101164 -1960.3301722644173
5594.94712280175 1327.123672981359
7578.169182098412 5195.4079735477535
-1551.5414255069372 -9979.013675176695
-1684.596572506167 -9658.213724218285
-1307.7442394036134 -4173.764541143705
715.7304131748242 -39.94277990284536
3077.305586392198 6773.329609306147
-873.3969880900277 8022.665981502625
-1249.3277225600523 5043.994472952767
9267.739535038112 -8980.202316583998
2750.9264964515223 5992.912105482785
4779.920008672052 4251.504572931641
-5717.644166218512 -7336.185530624389
-3639.985659864453 426.06888718992013
-6901.341051046536 -7915.234089193918
-7552.305860723341 3499.77720777801
-3747.404572331541 -3165.5331327299336
7167.567683447764 -1787.1796518931806
5018.839319748196 -1796.5785234858122
8593.74971394218 -1079.4375293823086
-6026.922667131063 5730.857786566934
-1607.8321958690449 88.94806077568865
-4988.846697115275 1980.3149278599012
2509.181864872773 5217.365395426377
-9482.139034357233 1123.842233568621
-8186.619332864971 971.7875165635705
-8054.23775160439 5236.789095253258
1460.6904549356186 8955.56957391166
2740.1806329562787 3162.1947611291143
-1758.7727810793604 8814.801747722322
7847.317525876453 -6614.184782084454
-3720.4118143721153 3269.63884786382
-4031.7953034673537 -5430.136844755864
3198.574518812393 8182.582399080213
5271.99463451673 -4774.44032606032
-8780.39168937698 -1080.8030931456015
8457.875118962165 7461.631774373545
-9338.60948913267 8026.289354659733
-1144.3327681614683 8827.924337482837
-3088.3643524477984 8647.11020688519
5680.951624695495 980.3164739521962
6184.982142853989 -6887.344286818271
-6388.64704918864 4225.17850948707
-9756.514748770807 6792.696719864012
9526.38448522551 2958.6184874694336
5744.347640302494 3559.681404643121
7554.04685626287 -1402.184059963116
9992.858252427362 -8886.813623455302
-7506.854921336084 -6191.238568252389
1616.7633872789975 -8067.858503129801
-8768.92216247928 4666.753249621792
2041.5919238481401 -1233.44294608786
-8047.366386341659 -4156.9634273743895
1634.7324965546286 -7649.963790474916
1736.1015530312525 -2006.998073691595
-7000.66220127364 -6591.122218897214
4558.7954030302535 -3771.6184382409538
3137.42103425194 1063.1016809216035
-6215.132838958831 -6112.065174550061
-3935.214351230152 5359.271838970422
5884.063437951643 -3221.883858384611
7948.70376623252 -7055.488961674479
-4569.129590993437 9637.27562364743
-2047.4371744580048 -8214.362463136222
5359.258201006032 8783.9622645499
9709.945838343716 3356.8930127340755
999.0313588968002 -7258.071273676501
713.9319873910317 8864.24276899288
-8404.432315641876 -3908.526535854915
9895.648367264097 9843.78677096207
-1184.493510162989 878.7865742848007
-2720.5858171626196 -7133.677061687993
8166.732143878358 -5378.006376869406
3840.078840636039 -6900.338452866019
-3688.2225214298514 4284.62693125081
4551.455395139581 -7875.1964342974115
4929.558194574438 1544.279363797812
3103.011173981211 1671.627942047995
-9918.877326107893 6266.235160574153
2875.2761849372073 -3165.719996395451
-5039.11158269621 -7701.101394366118
5502.705710818838 9845.96068082632
-6534.38419928497 2539.8680964436026
-4283.990428318963 -1362.632325736011
-7810.847874799676 8678.546221611923
9144.247605983277 3172.5619324918716
-748.240450959951 5103.193772736939
8370.271708132037 -3049.440724940786
9798.619436475936 6167.383526409323
-8228.627164520567 -8919.508014568579
52.891579948802246 1342.8207835941503
9540.275704045875 -6017.294797706325
4484.486239181064 -6257.455534858174
1769.9045942093708 -8962.315687555214
-6043.518518257359 4080.553476029132
4598.621977453671 5399.249612604275
-3363.0852722178297 4340.917769082702
-7849.072016195934 -6292.022369207033
8014.443244328657 -6738.509228036144
-5628.113632496701 -1414.6599874986696
1532.1542659197767 -805.65667240527
-6158.176483280475 3558.588994490574
-2845.404356938686 -5012.904567728347
-1728.8676162738266 -4539.058247892629
-8391.13557601565 -5763.664231965391
9613.288083889249 -5628.850651615396
1091.3839242679878 8596.358563759335
5597.471954937808 1801.0757606459229
-5092.227752557325 1783.4733438459025
-5029.530574478067 4109.426922369359
6813.998014887751 -2501.8133712904
3850.8020957182307 -9985.685971008726
-247.21782271517077 5694.563185449155
-2663.6693176042027 -1403.1307169888569
9230.007950020688 4458.133522739321
-2130.164255795481 7332.644471307842
751.6654631180736 -6789.280624982414
9855.385223341567 -1542.918178659671
7542.641160992742 -2957.398148648729
-1368.4388073127047 6365.8460785894695
6194.457176032567 -8320.528394730462
1145.909236557196 8770.37155693346
-60.17425499967794 -6076.3582176122345
5538.248513755016 -26.518325209492104
-8072.318447710995 3366.0335817970717
7328.7715353882595 -4100.519555457707
4173.129872369342 7747.469667612819
-8979.870792160673 7407.653211672528
-8217.468758244173 -3445.145855531693
-2339.003440120975 937.6321460092822
-3395.2828688437294 5269.832873480329
1281.8747764741984 3679.6240818379156
-364.8697181456446 -3855.4240539138054
-9897.810257073132 4232.020775063111
7300.442153672873 -9538.65624062701
-7978.998807819742 9103.450852876787
3176.998473324038 1939.528985178018
-1858.0502839930623 435.8603623273739
-6252.782499466823 1285.9129686596789
2946.3182637644295 969.7367997138826
-5526.1525743989 7840.8804038312555
-4783.608990129882 8542.128167496012
772.7712294211451 -4144.601734666482
-75.44242653111542 -5697.359749649662
7390.831461552323 140.56769843848815
8041.903364308895 6352.117754787934
-754.0778991359239 8663.60519105446
-1416.7045484379978 3653.2595098185666
-3037.6194798865554 -1878.8571362569191
-4805.727952547778 3831.9360017157196
1135.4976596630768 2602.751752045051
8198.300939515011 2882.5194799297096
784.733329190698 5164.645528339977
-7738.715148350803 -5189.93870161462
-6493.980090908609 7465.533857698058
-306.56600095785143 4886.684272829243
7509.305884990434 3573.637817429766
9896.95150750714 -8530.908108044372
-971.7169285460277 635.9095317974807
6581.214828439686 8218.622873091223
2515.0118710075767 -8692.47935989191
-3894.5434362161222 -8915.188680771633
-4417.0496127068045 -9328.269875450225
-7327.804943068742 2557.9519973551087
5837.664539408244 3837.2586235589097
-917.023309893706 9465.688110081603
-7464.710172525888 9482.339079524176
5381.249443280702 9983.180076991808
2434.5822014669284 9321.637414747202
-8054.517592866348 545.9449003550635
6259.1850581657545 3804.2699109660643
-1541.0795114924094 3998.9784499538146
9862.526104735472 -9691.819279008745
5670.651475847406 6585.315776027488
2488.52678080228 1678.1629025009279
-7024.067348184364 -6728.294673576167
-6552.908497500221 -9838.149339001491
1582.019165992495 8428.614619332107
-1925.8644608099758 -5369.9706485277175
-9610.992463512059 2026.3042930800384
4021.678756050487 7424.65358233864
-296.5101958688301 -9721.75167117798
-275.68320549246346 1259.9827209194755
-3483.8959635717574 4057.707539952282
-1685.8289132235477 6309.282218506913
4312.333480229841 -1567.210213583392
2307.186694377646 2941.5704408219153
249.20452830086106 -7690.133680254501
7059.440603200834 -3470.085297576308
-6981.2036634464675 -1555.2554075476837
-5707.106672371851 7334.822591371838
-4167.222790575367 -9024.471160173409
915.810859096362 673.2960941167457
700.4436984284366 150.62718682693048
2913.8508802828783 416.14897472790835
2536.0355173619228 2069.9010607613127
9263.599504950518 -7686.77035504521
-5380.630909992849 5026.481122318795
-3378.879723915138 -7271.796360767525
547.1233902534605 3431.3047901445407
-8036.136820558848 -6928.399375041752
2050.385265353245 -4678.038656655701
7415.053568081712 -9447.150892397209
6917.3471548285015 101.96601241307872
9155.476398831903 1829.0577003814906
-3251.670447078359 9426.10682873568
628.3355155633326 7710.3374359280315
383.5829501526787 -3957.946941209231
-831.3353462030082 -5711.521586617126
-4417.396332934986 -7082.073630814237
4739.538271777599 -1312.1591979826517
8896.981517124314 -1869.9088494442458
-366.8859161467826 -3905.658186174148
1667.0759633059279 -245.07520513966483
-1204.6781283439814 -1199.5508030344608
-1313.9005892068217 9402.883499604137
-8141.208799057853 -2288.8638638680313
-4686.529685681538 3052.6952550454025
19.399276195661514 2087.765683307436
8682.57474022216 -6511.948060556841
-6432.410779112492 4263.922634078108
-863.6365261170686 -91.30333030856127
-813.6005922125642 -7350.776798873096
-862.5185896509829 -2817.6630436570613
-9946.068952996297 -1455.8160865064037
8637.923599419319 -276.6495516163395
-3661.259772385557 -9878.75600224002
8256.47862946421 3128.7693487218166
-1147.5481279202795 384.0798129005034
4600.506584956665 -9528.426638573681
-5575.350389252756 -5000.626141903268
-4318.1131744586955 9545.84578490218
7990.887419700874 -9397.76276509822
8615.238255784014 2377.8766352565144
-6564.546330348006 4508.508485831029
-3350.1901357201787 -1038.1665486780093
-7093.710251948637 -7275.803468674231
8074.71055053427 -6551.847521787753
-7379.745066457786 -5275.657128441667
-4349.566629007469 2907.3216072125815
2102.7036407058367 -9319.356323847705
1957.9127384008607 6311.277959858629
-6643.86908786214 9649.164723360995
-6580.37811958233 -5480.845374440515
6628.415523774951 5686.5491901012065
3735.522667994648 -9176.343891207576
251.97291806503745 2945.120262583725
6089.935228856513 6008.865975484559
-6549.085360564344 504.3381335253416
2723.6884832725773 -8110.177486998858
3064.0931432626257 3028.073609450381
329.20255893608555 -7051.263748027894
7807.680352362131 4294.222711313225
-9785.5853728254 6952.240416940716
7001.727463221367 -2774.8102996475363
-6705.238910636064 -7671.390837796419
-5389.076750852433 -3745.1837069861213
1710.692254155092 2603.4100662105357
4000.548702388216 -4300.639975690526
-8768.501234967174 6336.575610413323
-6015.587764339043 -8742.848101772874
-8405.51585304489 4773.42140346598
2542.3307985717747 843.6006733967279
5541.820903852527 8816.670072331177
-8989.500651813367 -4324.759509239276
1555.7002354880751 1946.064392553133
-1401.125423631982 -7151.453087976034
-9844.337776715303 -3643.3140261426524
4765.480890790033 6616.283339912559
9110.283796963253 5856.634866190898
-4721.671734126776 7146.165564221672
9028.676730921878 -9040.754526649785
6721.408849931569 -7246.333211166451
7535.531471109465 -875.4481866870865
3752.025546643854 4432.81553329457
7596.723136796278 6249.248094554325
3592.485089296053 -34.13126149776326
-6449.222548575513 4273.915209709414
3039.9660575316066 -1025.221203919551
7014.776632631609 -5829.180546553865
4704.161067544601 9984.395799535163
4071.5633471849524 -6404.873880465702
1233.0639835740876 -4100.613625279033
5008.388122990746 -5873.114728917252
-1036.9344018214779 5253.878185189877
8365.418265689303 4300.700406491684
5730.288319464729 -6825.134944550368
-7834.183461873905 -8485.498398513955
-8494.111688394742 -1792.5490164606126
6937.374930805323 8428.393162907334
-4931.180324275595 8982.030400384876
-2501.0370869224325 -2390.940238875094
-4894.65553216023 8160.540090489852
-6526.649291368376 -8055.235549558939
9925.35393262091 180.94958665930426
2101.2245612561164 7750.489885482111
-3588.656435475006 -5973.816919251991
1169.5108626826495 2502.308080005547
5866.6694123200305 2575.7015560239124
4730.400858278374 -215.40066834949175
2105.489027832502 -3944.9926782762914
-224.2557494888606 -9696.728508549739
-4572.414658882957 8680.355178037782
8144.771497487691 -287.34519772780914
-4952.969910177491 4802.994266369498
-5318.6239142534305 -8476.710198319608
-7905.5542934090645 3689.2960392258847
20.474411590406817 6502.347240985899
-4511.60104872284 530.1467165129889
4371.242464033881 8747.957462409562
-6227.765325153543 5355.0224123038715
7278.306457016857 -6986.745813850725
7438.4482241102305 -8766.805897839922
-2419.7506602999265 7875.46700371549
8313.469742626858 -1523.4638995306705
7648.0742044474755 4989.934311664401
-4748.478992690936 2515.4533133827754
-3525.454729007105 -4061.564526623227
8686.98013056692 -298.54309350301264
7298.616889032317 5075.768692661706
520.4746999879553 -2503.025979206359
-2812.5725085245977 9298.04491891614
-9635.293093385595 -6655.021177954834
-1638.3691991047635 -6199.318710303594
-5648.213117804639 9968.091534650208
4038.112264548372 6663.625717966956
8504.644713853257 3928.8004122012717
-4822.585065723104 4495.86347101385
5100.862429903085 -1010.4878847220953
-1238.5098782344594 6390.798524063834
-2491.949882137381 -3856.850572175441
-6909.335059266319 -5911.379387588433
6645.676304295979 -1857.9404036923443
-8923.007975469476 -7488.687872863833
529.0425573210541 -2064.9731808550187
-1375.554215428916 -3269.524421967649
-2723.13403361611 -2370.799962221892
1924.6925632700313 -1052.3092393688676
1514.7260422338695 7425.8001669543555
4860.456585872038 -7788.353325418591
4282.407111996283 2435.4802741443527
-4303.225107432298 6365.823237161774
-2646.0524002849907 9361.263509210014
-9146.27524517881 6115.026686663168
-5695.006616296138 -5256.005160931089
2792.4809831557614 -8881.383763708081
-7287.170894636796 -8202.705079508341
8909.845733906328 3662.7914635785146
-5449.753546841403 -6183.985401160495
-1175.3258755769602 -9266.163175215515
5135.187457082591 -1275.7626842065147
8552.897852105682 4208.757959755498
-5076.118846289956 -8464.102910281028
-8193.864082767968 -4600.730933877664
-7014.023697879544 -666.8818101269626
-8987.844984858397 8329.62243432842
6175.951013708016 6824.403993456432
-6356.271584006195 -101.68885926722214
3815.865317253558 -373.15267630446397
-6944.274605195091 -5531.805609298363
-5869.70276877818 7123.553941903716
-2731.4624496826027 -4550.864699472597
5725.091892023394 7079.5062320441975
3999.2357121865152 7081.7669453909875
-4922.669834123594 -9843.867640324102
5730.131614426335 5900.539910409065
9304.702556056443 4046.8592941269635
4717.693599157346 3248.7292232011496
2408.2638553382094 4162.984896672126
4583.056468088547 -2262.3875269094215
-7266.687407129624 -9368.790271018319
2488.6427155499914 9686.563405182838
-431.0669208140989 9821.218692593095
-6106.312620827594 -1649.6651729721252
7607.509674864155 2703.7278243127803
494.74981190566723 7134.338135904185
-588.6881614289214 -7953.5630178099655
1195.5730096550924 2018.2519470096377
8084.021766254402 -4212.626164496573
5813.931411694122 4052.833614911251
-4979.134990421705 -5117.86826958365
1721.3868558360282 8064.329427730023
-9088.219059891262 -9496.45748359865
4725.162432113917 6595.414698272019
-7902.145726136352 -2320.640044771533
-2760.3835708248407 631.126891339416
-1067.995898703357 285.55035751780815
-841.9203672128115 -3197.2166882347783
-2029.2772170876751 -4230.17172180465
9824.113684147484 4532.409866102345
5624.414065869789 7062.09919876045
3114.5077573299095 -4025.267388915503
7319.687855132986 -6164.490278464418
-8115.367639826347 -3366.6742619701618
3277.730482354298 -4386.170903299118
2890.037797400675 -4827.97370699622
9688.65975463009 5177.92042098524
-1213.526193132895 -2787.7287600014797
2362.5535984320777 2306.096646695052
9923.777346593648 -198.4669075333877
8863.619874185526 -4909.823452174782
-4612.626036796756 -9242.42932727561
-5315.236645052097 -1098.9028467130229
104.39934453479873 237.73405809246287
9195.575030186184 -8465.035973145574
-7180.252453578464 -9347.901866443512
-2102.4367817813054 -2847.542836540908
-1639.383519883917 5433.736366352963
8946.218658831407 -8668.463573745736
-3153.5801139081013 7198.960712284192
3950.2898914771686 4885.423653775193
-7635.798853272641 1474.9096277834888
5734.424115018866 -4945.125350787834
-5882.028749158725 3441.3710125401576
-947.8821306085119 9265.773554758656
4173.682837780654 2028.2782964713606
4161.688793302179 8850.128422609512
7659.814417417019 8229.838325956414
7728.778933411766 7960.567966400889
-6353.157273624984 2640.787179267323
694.66157388783 -3634.5331948575786
-2082.8611767550956 989.7941516686842
-1449.574299103273 -6106.120930520496
-7549.868494056371 -4160.4270890963635
5882.873654169256 9006.45994535492
-9314.16554743387 7642.785411639859
-5891.236948938401 4300.612745476628
-7506.8621646763295 8987.357646407254
8989.80064940562 7715.120355034247
-1742.467179375335 -7865.644922288688
-7178.428972729056 9781.546714138192
-2383.77264438546 -8153.900225857584
-4884.62084771297 -5523.270346261906
5106.881335233176 -6978.2604624605865
-4857.253534015402 4062.724039776782
-7640.514566282297 5802.016261743474
9888.103399819513 -3242.431231897651
-5550.821881612355 -425.4974356624607
-8244.01438922414 162.30646716277988
6641.078384517445 -8294.886326553644
-8195.172825577489 -6923.3148587086735
-3003.5028726844093 6841.236856708689
-3669.7639951885667 3668.033845605836
173.16766770028698 -1723.6618502572383
-2703.6047534323316 -7085.184020679687
8240.41977978035 -5864.547433545841
-9584.95903670649 -1171.60485484743
-4556.50356946774 -1964.515482890596
8597.230528932898 9163.596172229281
5589.506648316637 -3606.21815650757
-6946.099998129669 8160.6509160032365
-6909.226197116481 2702.9773519337414
-502.9988996109787 6318.17423817429
1689.6288554868916 2859.62045490144
-7306.228050217307 -8721.174638939669
8501.98331936526 -4971.343135180473
-947.5074752651817 -7383.640585014211
-4744.715460805025 2545.3386364622893
3968.8484450894375 -6355.208369553878
-6540.255101818107 -999.3093749676991
-1662.1902284906319 9327.43114487582
5740.0300039247595 926.1749321484895
-3063.2830588527568 945.5823659819998
-8332.158894655777 -4612.262118207937
-9688.964495097885 -4606.273820772144
3174.1445194408134 -2681.0490086082455
-8654.957737207795 -199.9593891952518
1983.05158797295 -5432.510858699042
-2124.53527324727 -9371.860831488757
9497.65704171424 -2601.2799635128968
-6493.108645171778 -9502.053758643488
8181.406256326594 3594.7096933641824
-9786.450158769803 5670.653305358535
-7283.1409669827 306.4838407244333
-1637.1755501832322 2474.7346760512446
-913.0121637502671 9461.909597480339
-7528.327002060651 -8092.9698196749
212.43061286859484 4801.098827224789
4307.880427016922 8224.937802448032
7891.410315918103 5505.765096969135
-1126.128712617572 9552.782719938288
2527.2992993891894 3908.493165058224
-6638.422049657462 -3642.529119220184
4492.095116891374 -7087.583495789926
4342.64758976632 -2894.44395478119
3962.3637881579416 2521.3272445388357
-5740.940289849456 9495.88895816862
-322.5319139169278 -5725.229643219378
-5295.019120834286 -9630.9576445442
1308.2015810915764 -2597.783124923554
-8958.494321935968 -2273.259723333931
4987.211506622203 1154.925374137918
561.6698271141759 4251.553036290439
-2959.1102168061398 4043.6466700973415
4723.938378307375 3299.1397624155143
-2924.3166536315375 2604.8522498066377
4898.131405248729 -4457.625754098764
-1689.940183149587 -162.30450438904518
618.5420614434952 -2721.312156099667
406.64166734582614 6598.4511300538325
-485.2231428141313 9869.03200956653
-1952.6835854051997 -1991.2942317284042
-1108.368848045675 -6141.1397802278825
7107.387755960895 -8671.891381625263
-9644.902084874511 1038.587562967603
-476.8591050356099 -8237.986735894236
-9067.619234153737 -6967.005430718558
-2189.541404298112 8318.884564269629
-3190.424054394148 -4033.9058100856273
-9319.593748849067 -6898.13271339687
9111.45183850103 7329.995504468105
-7689.001515549736 4313.447346391917
-4926.445500501662 3393.3355497990706
-427.37162159883337 -4228.332756926667
2507.6345368013845 -6683.112517576148
3867.922685719108 -6119.109558255081
637.1833313050774 9600.971227030179
7235.079330744633 -3230.3636117416954
-3819.3671900026584 -6428.662576180646
-4022.992762713011 -297.45354218986904
9985.574809883048 9317.218289437122
-683.1138120540327 -4106.9389807235375
-3431.8831174137613 -172.7272673051266
5444.031366598094 2487.932164342499
6587.286299087442 5026.188180398727
2802.242466340109 -2235.7812878908744
-9414.83032708394 -7003.2786189104
586.0868178529927 7473.94234084319
1249.2582545869045 -7120.990331163153
-851.1465807264776 5791.121648531287
-8995.750976597747 770.995432172358
8389.192610101378 -539.5780468680659
1916.333685284064 -1589.1438612530692
-9828.255305992681 2516.198772708736
5693.792173102242 -1495.652205307484
9450.328786203077 3335.240584505418
-7006.519172021466 -9732.988928349256
-1999.4420740205142 -4193.9564285783135
-6706.408339893143 4083.2219432860456
4532.021562492611 -7958.006282479304
9268.847216903174 5141.086576375961
5438.454541643485 -4664.651614083661
-7094.942091377994 2484.226632629765
1557.6022306986888 8943.453748808788
-5484.2301720085725 2128.528372513003
8050.760142465537 8818.156668704436
374.50409569910335 723.9501245722731
-3124.7365697312143 -3466.097067450404
-148.1378220624465 9698.529383522833
-5688.534474108557 -7560.446353722549
8747.571979754677 -1096.2488283589464
9619.04065607988 8453.462939374727
1933.30827331398 -6512.526128048053
-4864.281645007038 -5059.080798536779
-4527.075995963594 8052.642021112322
-7005.157827349371 6757.553375340911
6062.488313121119 -1882.9584257027454
9126.42406580202 -188.12598378384064
3933.331831070196 -9528.607512595638
-8680.347929407788 -8605.395770458166
4287.056652302306 1240.0948110584068
-5136.918171595881 -4957.963618930487
-8117.723660555745 3280.9824269215896
-3357.966936319781 -6154.857474939459
3568.6012509359516 3017.4737081834737
6560.98502864685 4885.721457098838
4364.197732626675 -9121.478618691172
3772.053017226708 -8124.618430902743
4099.007351811806 -771.1755574035014
-5571.094917010812 3092.70292982263
-6303.494722257128 -2996.234743559591
7548.7598689839 7358.439186450894
-7157.346730001197 -8779.41301088263
-3946.6112015945164 -7941.834288354628
-5908.513334886138 -7880.645683466739
-8826.670023660097 -5883.696651588893
2382.5582058908603 -9105.737635920697
-9862.20878088633 -2655.027536510426
3496.230827818479 -3192.1019606281507
-563.9820216950247 7735.680968970686
-9851.386905418085 3938.093442546593
8924.16806256555 -7968.632921207551
-9771.30726181359 6889.025896627678
-4334.974393543407 -5689.1566369680295
-1893.9854479318474 -494.7261689917068
-9373.841521846236 -9662.751817684994
6988.031156820496 -9040.459814914288
6225.423642817812 66.60100927323037
-2017.9699000918517 -458.180680514668
-1799.0250704956816 -5017.872408699457
-182.66898725692408 -3940.2164347389125
1396.2463959882298 8814.529307987348
-7890.783930056668 5967.218928124103
-4211.368321132661 7727.904556256155
4596.850479973067 2169.3578802533157
6453.884399840146 -804.4263447780122
4963.220394023028 8910.99664494695
-853.4652160489786 -2440.42196953679
8645.907260349275 -8764.690555481255
1789.9011135984783 -1337.8464136173588
5473.285868883644 4208.305191169391
1407.557486119229 5957.027338455611
11.531173896353721 1435.911265932391
-4108.601119417725 -3847.1061364070683
5183.583865952036 -6642.32141058231
489.7270295415583 -6289.0223188811415
-7977.986191185435 2383.1670765746967
12.059179368281548 413.11015758894064
2343.5073382561277 4144.065616314714
-514.3518686791667 -1263.716917177031
-4316.529439527499 -8032.839963977891
-1638.0210026126715 -4085.829209057363
7005.0386400864445 -4869.723273779456
-3640.211900894419 -664.3518643745374
-2502.4510592723036 545.3720256583147
-7355.563741670563 -6675.142425968734
7205.325928974791 -7780.041668042879
4281.74687906146 2366.9129503187833
5278.403106314296 -6819.900174947908
4767.697639706525 -3512.1422196278454
1312.5876889473202 -9504.770139475975
8923.640457976297 767.0290768576851
9547.060291984046 5627.089469558681
6560.005437238917 -7145.495220689837
6613.4739292117665 -467.9011892608469
-5950.280438731823 9885.849164813237
-6918.692409198331 -5221.480300449431
-9684.139164271932 -669.1019684272524
-779.9941675897171 -4603.2088320376015
-8273.652250665466 -2917.1429166923126
6199.216273618958 9263.453565260417
-998.268250580215 488.52309492373024
5374.221959562799 7526.1080814993
-1519.5291622103596 4039.959929972307
-9645.55971423263 -9091.113435555382
-50.69189504994938 1092.5004082797332
9228.65353089042 -6305.054883238506
3734.6920582736548 6243.473267742476
-2378.599698459436 2764.5152942334553
-9135.566823087463 -99.41575342151918
7180.754952492836 1274.0925873731812
1847.0877166013452 -911.5836003278837
-1351.5089824120805 4394.353057225331
-8020.1677899878105 -3313.9607263415955
3839.415237313089 -2018.554320291808
4083.8802981309527 5058.252447848821
-3342.5708247333814 138.31327394718392
3179.7652987162455 9437.520704798717
9701.67306309659 329.74630231392257
-8146.896371890275 1433.1863213014913
-9933.133566983392 -8953.10764285494
9924.728887610905 3689.077608563959
5617.763052928733 -7026.016564444164
-2472.6284765530163 -7019.84063770463
-8681.60037102116 6192.069174736589
6804.33211831695 933.4132572176368
4122.61706413922 -2838.4220627477207
4183.891547216976 -922.3478832214987
-5516.904150601427 -5942.444411890054
-7453.530147024836 -1928.4825640110512
2711.9452399368547 -8511.526337749901
589.8315770520785 9728.430293084253
9226.658137511586 -288.4891287356313
-4689.078866647765 -5148.196124600806
9141.021652644213 -6835.736317068544
-7238.81964830622 9913.354146339036
3711.3643086279135 -1535.1417772329423
-7904.501667154966 -8748.126173592054
3824.300037953959 -7010.526978432474
-1576.787461917349 -3260.6233330749483
4012.8935302400223 1718.3169210796004
-8917.135415436907 1756.0313429933321
9413.987280296904 2248.1253404048966
-4299.303944012383 -1165.1418879838075
2630.1708976958944 -4298.714794015082
-9243.844677408373 -1518.3249827831387
2635.692549151321 -5281.281572332537
2365.9562258692768 -7554.682658846248
-6333.641179632929 -1194.3112222276613
-5388.477437303812 107.69337051485127
8459.284961790028 -7993.268395977065
6972.928963547973 -6317.249971922525
-2740.890793413624 8217.928357784109
5295.725689630732 8557.984920976574
1683.0802054922133 5401.792420894062
-1794.6760051293586 -8618.365641209826
838.2149480402095 -8447.95298656619
6996.89706306496 393.2335576182504
6009.481395124232 -7537.37407582462
3767.0248005174817 -9985.247351056234
9788.774542878473 4187.24249566127
9916.609338536578 4864.055622053109
5690.201006615704 -8467.086592299293
-4857.150010567173 -2878.0479762776804
5098.000758634815 -1987.1477045197025
-4348.636870310427 5578.6542459497305
9819.18782113065 2391.1808007783766
-442.1985300832748 -5295.030833957084
-9436.202543978456 -7716.069143869097
7311.622951285364 7738.098387760241
-5648.615024598121 6237.850617685168
5462.921285640947 -958.5554885759393
-2856.772124900429 2290.5521609219613
-6793.468158834641 -2107.647568644189
-8074.560970285105 3222.5726960527263
-7124.109616758569 -1628.7483595994418
-2980.999557961235 6543.9531099625165
-2077.5809594049433 8170.185859991525
4568.494940694603 -9285.035477206387
4904.481194972834 2908.2647136371434
4962.100017329087 -1817.3483490743256
-376.7639514486291 1936.0818646923854
-638.8083650252902 -9478.114237767706
1781.004008599759 6630.693425910078
9568.680361856554 -8698.341495689569
-2598.9632295121037 2827.2748475173157
-7859.011250433687 -1745.629516480747
3735.8585609754573 5303.101916609747
1949.357811645048 -2092.089363107537
-2495.3618797789677 -5875.960297893539
9321.951304946135 -6952.659341087777
-5961.6737918773415 183.24871252559024
-5550.985661914212 -3794.9527390198236
-7725.427525865052 406.3564244693225
2909.108720577806 -9164.768864474718
-1467.2785901637253 1866.860415276171
6975.249239397435 -4089.336781310367
-9387.531812663281 8450.079045895134
-1214.4747793121624 9386.644436723407
2998.0296859839764 -6276.525429982039
3513.593749614709 -8690.849454923384
3812.978362644657 9315.729609722384
3350.1943147194124 -1698.8318710394396
-5340.842511953043 -623.5333370301723
6407.623191488521 -2256.7335033934905
-4413.617391852891 8583.045438790807
-1415.1054507027766 -7828.5297209816345
-822.0825822134739 3680.39862153773
982.0808105839296 -7752.457137886195
-9900.013108402058 -3315.5979455594697
628.1202592077952 -9886.193815521747
9451.87647175308 1648.799145216699
8087.15045015627 4026.669925348724
-3133.5500473237853 -3709.7607511763945
1934.219000798872 9870.058607906605
7549.188806372127 -5214.485715864148
7141.990564964093 5481.97302550659
-3692.8444300765277 8699.613416450637
2095.860571173176 9684.434713807896
6107.5411493587235 -727.2558931468811
-2744.333415412414 -510.8877463831868
-5181.238919462923 6189.00170958687
-2592.0397931281605 -3842.0534418147636
525.3325012066216 -4531.103427303447
9003.597551678224 3630.1254663613454
3171.0430889607396 2272.4848487106738
4251.178630248602 1283.799670867851
8273.219083724143 -6830.623016543785
4437.6446579768 -2917.0564839283197
-2935.834154932504 -3173.572254850512
-3626.865796782923 -3133.1829725202406
-3345.8593340666057 -7916.553337079082
7907.969673466083 871.5016037645928
3673.503807700721 -1968.2064412086957
1145.437190585204 -469.9822641972678
5339.9635456415945 1980.2667058664647
-4725.21372786469 7179.569842512807
3010.1309103581843 8087.202450371275
4874.686310042371 4511.480862651681
-4987.1462161962345 -8042.740300068436
-5911.875349869398 -1568.5696347221383
-2074.8861437623937 4645.873184428921
2245.5395081642673 -8545.382548694199
-1560.4820928635527 3283.9077951854797
-7686.255490290999 1842.525405605902
-8414.272825164828 -5070.437134250876
9973.993626071297 -9605.024655839166
-4693.575472909876 5274.118385695841
-1816.68900668263 -9856.799145907016
-3748.2829144858124 4472.636557882974
9748.992493697871 1146.7026918663214
-2855.857548487701 -1359.7246691341206
-1253.0332959370444 4178.66986803229
2179.7394998275504 7449.385493828762
-9459.510377353523 4291.793720531969
-6331.089623763424 -4217.890485953113
9706.41752614063 -1911.677323722478
484.09816492998107 -9462.274223519154
5352.093828268975 6975.244277394755
-3130.4285022444355 -7536.494972932582
-5893.335065551178 -7232.492098207035
-1218.097531589221 7272.396725961447
2496.4154572871485 -8290.762104689811
4167.990667410357 -9669.62954315166
-7535.496747982799 8314.90781863419
-6549.220003408618 4840.787344176071
-3528.752934975457 1389.4936217497361
6981.089067382112 -5277.2993475464755
-8088.089776858638 -8831.363706903077
7327.259045281768 -9725.487413095005
8514.695771526873 -1273.1058825063974
-3987.3929746272615 -2766.0473627075626
6932.456364393376 -3365.8195153263914
6673.948575447739 7989.87014894572
-8082.601094531223 3297.523631573171
-397.26364424048734 -2529.1379120942656
9268.853563787994 -7492.684794433266
-3756.3520508814527 5630.296919421391
2169.9409101823003 -5585.761619034229
-3536.2681989706134 3466.819722713324
9579.775691842311 -5504.889134613125
-3731.5011121859734 -9836.04821054341
-2976.3958362138455 -6977.105677763842
9129.639235987466 -4798.056292089194
-1575.9311364118403 9138.164644842607
-9797.685776005068 1189.552164974155
-3457.4287592837136 826.3612511266729
9448.257510114418 682.9613144176656
-849.5213981546694 4937.173887899207
-2955.792638290244 -6596.414050568779
-1774.2882863283103 -160.55878625532205
-7556.53809518745 -963.9668981575142
-9728.976389244603 -2613.01491849631
7071.641668745644 5182.027690352665
7276.068788101744 577.8224005234533
-123.98512739964644 -9934.360729132108
-103.86776598653341 -1378.766908983709
4811.031614072192 -4770.321878717274
7096.180805400018 -7915.808576011685
-169.0131804110988 -5267.342265269835
-190.32586198179524 7370.7047655040005
8074.016512013426 -5749.740779719909
87.35365198886211 -8005.373342157718
-6340.086060595649 -3995.24510769923
-8237.989404053575 -61.45201146438194
-3112.4677205625594 3590.3844636120084
-6168.982528667986 -151.59686200476608
6605.818095064165 -5467.784475799122
3559.1841410552697 7895.45000683266
-8854.189438939125 -2189.4694156801233
-7269.715538882413 1844.3273817141762
3439.2111376113025 -1397.6593079284448
-2473.6214351895433 -6802.088672177939
812.420943402949 -6863.863078188786
189.83951352090662 246.7321784837004
-4566.787914718949 -7174.46992134729
-1076.2295248214814 -3567.2575542879995
-2499.506787921555 8741.95852313878
1412.284504103156 5644.254030090971
-9994.099702937117 -4993.818625916256
-3107.1027187946565 -1109.0964223392293
1259.2328397669062 -7177.208219447184
1889.0633678952709 -4735.480431765902
-641.9703628351672 -4348.468956305527
-4488.328687119157 4173.818394950316
1394.8653184429786 -9596.292740350944
1664.0924935133426 5547.8643722262295
9434.228999417042 -428.4450734039219
-2463.842657180091 -9964.720304439885
-4845.875241620641 -5157.095520615078
-9551.780747481731 -7816.790826010276
-4464.184172750339 -5976.938804020649
8407.243665794223 6162.078450087942
-6901.579569643727 9980.323149274976
-6337.3612917044975 -4190.77791168081
-4086.6584092175653 -7148.900058117136
-6899.665417530398 -1403.5227033429856
4996.798312716692 -5114.871543741346
4489.388192423807 -3416.114551891611
-332.99564967693004 -8919.194036904219
3396.1799892570525 6503.655893442505
5065.829680573512 8155.198797075256
2007.0466635650337 5825.599011763672
-9716.956059455391 9412.812290991507
-1849.0245659381198 1987.249651491782
384.5466300284879 -6278.259149791778
489.7667324824597 7928.939463603463
-8865.752396930053 -6924.651203217369
4143.855045361543 8656.113279784928
-8687.447448604345 -4887.842149963739
-52.242225442163544 -9241.79604884711
4272.696353883268 -5513.840320296903
-9920.099289381424 -354.5748482198487
-2260.57032053681 -9875.708662106623
-7012.6458771092275 7721.860113330535
-1157.1318586207672 -5822.64685547323
-8673.205171157437 795.2658625416898
9993.572479844526 2865.1686601746824
8068.7830380603045 -268.96682534299543
-9556.770577425828 -563.673844363353
7963.23926824929 9689.790710985104
8238.568850441028 -4892.624852914451
-5760.2325092864385 -9754.85265592416
-2235.5602930479954 5115.866996229468
3717.270685051777 6260.12515500076
-814.7443381071043 3916.1795168806602
-2576.920503857341 -8392.149247587955
7832.2871354124545 6066.581351090545
-1627.4133613073463 -4345.89836711406
3947.5722551683175 -2499.4651335423778
3336.1782919566795 5876.352044906362
6183.4917137348475 -4355.246268768049
-8778.97944283203 9075.972014252799
-4129.661430820848 6241.082452047151
7121.049545044683 8347.286686979649
-6697.509457265225 9748.77252447026
-1860.7165849809662 -6700.786671215468
-7842.9186324384245 -9151.71684593807
-5237.622654260758 6982.243036816544
-6352.663252856317 837.2482226187985
9868.09333933015 4555.552840368298
8126.036280591179 -5396.201385560262
6372.1691986899295 -4063.930031787022
8592.832554864799 -8618.058066500276
4071.827248574613 7503.342184917859
7922.445108057553 -8361.74784405068
-3581.0373608875716 6391.095650241903
9619.025993461251 1208.6368576947189
8756.816186681684 4978.39903982227
-9484.720175641967 8198.490726736582
-9020.262888810239 2900.3767339844453
-6926.807599412141 8179.071775390574
-373.5977850989002 9230.447980484514
-5193.4844371436875 -1142.529918035858
7092.653627815183 -1556.892894154047
2833.427682025045 6667.064305855289
-1049.1064259892755 -9651.723243287744
-7318.9250689427145 4619.899794017823
4288.752255952644 6395.30977904093
-7798.021760683334 -6718.049117483652
8530.535234385876 2576.7436677381156
3825.5732352127798 4876.757041099698
3380.7280096532704 -7381.063536593672
1356.4310734031023 -5707.537287485061
-5670.377543232503 -5771.24609224061
-8856.01228903238 161.8080008554207
-7413.0873381935 -4127.499081675376
-8313.10728845829 -5795.831312978681
5359.881186770312 -8104.671509165953
598.3733351149076 7663.252802401214
6068.586483931329 9746.369883858082
3347.276440592501 9943.608236475353
-5608.758733159578 -5343.099832688183
-5697.2449794074855 -3556.3756302636148
4958.744295842433 4325.837843887217
7348.826642972694 102.23421918977692
-6931.8720721688605 -1001.0530233729933
-9301.68137922195 -5678.936184570729
-4039.557930329125 -9214.889540563829
8524.007615973478 3693.302099513683
-990.6043932443736 135.1057462472836
-9361.97794844758 3365.0972041328496
7592.848917108924 -2884.6819914051666
688.8733027788403 7874.817010331884
-2529.970894149702 440.87245631475344
-6791.240761009545 5960.0394740617285
9163.130257323915 8189.693058951911
332.0535115184539 9091.675105109269
5142.73658654232 701.0298426226018
-9880.802543909324 8389.151081044878
2542.28267307388 8369.024321217312
-9841.528290410062 -2909.8833942913216
8677.561648629442 -5126.083540967344
-7518.587737259195 -6107.330273981311
1823.0523619460055 9850.524933261499
8815.92922452448 -3742.3806484008073
-4502.362054815854 -5924.330623661572
8814.444635644595 2152.847647957913
938.0560511229214 -5036.77093959886
8132.671385665923 3741.35636615946
-510.7919299393034 -9512.4382577752
-1902.0878980012212 -2840.8886703205053
-5683.7659525763365 5613.050441798832
4194.067308693484 8798.343116449108
9144.041344388053 -3110.4414123562083
6703.788181844524 -9593.524262355508
655.7586123610618 -1919.3789098571788
-6413.473841172812 2830.399919303818
-9267.636850781195 2523.2220880355417
3034.483293986692 -8619.66424535399
4891.517946230895 6375.040943253976
-8863.228091008623 -5442.947661093543
4084.428195542954 -9012.913762553067
8695.350520113592 2280.758730869704
-1564.6880650152434 2346.6583139136674
-9525.39088546979 9779.496667817628
-6441.134272967229 -9132.374859568821
-9970.263283976457 -1060.595760518203
2766.874132449104 5762.010297432018
-6252.704090702395 188.75527376895297
1775.9107182991938 -5191.0548384179765
-1155.2882476775376 4882.195409266054
6453.8458498412365 2544.0452184243986
1813.6554036110283 -9328.85303294853
-1306.342144288832 7724.321412295623
-3844.4067557450335 -9509.13193052374
-9321.160376078707 -5619.24566083533
1246.0472023212587 -435.8056604180929
3605.454896755815 9852.702705137628
-2222.603874233888 -5783.480155748588
3351.6966270705107 7905.3353580178955
9468.327392266892 -8683.901852137658
2636.5654894682048 5363.318121395543
5591.332027048471 7798.290051120235
6885.08289022703 -3348.984036597718
4357.916482191506 6001.900243881175
9318.223561338338 -7788.503343793081
-6685.518596827631 -7559.712078417808
9711.53560749202 -6016.341071298208
9640.107965729025 -4850.539195165753
817.2053359105721 -6051.161101703739
600.7641181120198 -2100.101938859342
-3379.90857067278 215.2759704979362
-7597.267330801534 -1671.6255050422023
7399.046003866282 -809.1440659984546
-5698.665140967514 1440.590948576677
-2009.380810972485 -7898.424419167555
-5940.684421872893 -45.04734854336857
-2296.981088833676 -554.7943590618852
712.5271479992116 8602.35681201447
3003.984052006439 7926.667138486158
1088.8392611619674 -9233.606405378172
7407.013678775675 1003.6488625498114
-2360.5278230365266 2742.8923206949166
6906.164787520225 6378.051129345809
6880.246561975164 3417.267409063241
3860.427391256493 -8399.15018255772
103.51220987195484 -4697.33307632999
7404.4521954495285 2415.014651600155
1009.8021912526274 -3348.559276581793
4263.1994572991025 7543.151430386937
-1478.4552384681956 -6253.012901536398
-9726.147973107822 8333.5612907791
7279.442462104678 7502.565898310815
9969.115753371309 -7989.557362678428
-6814.591494605726 9138.190854341123
9251.819984151272 -6768.999350146641
-3155.7640697681672 -4023.739999088538
4491.502073731026 234.24730815475596
-6130.5509429607755 -9708.907607638681
-9700.551586418347 -926.6815762303686
7757.080158870747 -8332.903961279868
7789.439501528479 -7744.841454777386
-1605.6215832557227 -3535.1974386699058
-4692.7636998074 -3431.5439710708624
7258.759008981473 -3236.4614635543103
4412.61680685968 -1037.254233969079
8975.56189658412 5544.05559165402
5323.5608363652755 9048.624104251558
-1858.511196055235 4893.93624284977
8082.956509810989 -7878.945099136003
-9816.146681010516 -336.8413434947506
8383.985004803395 -2435.2269171206253
-4485.927446175863 266.7122470662871
-9708.87162674799 -5917.169843025327
-2652.8985656363193 -4774.304810669798
2019.51155046022 5396.347088315613
5296.793121658888 6557.861758067724
5486.084430219145 7895.58289534321
9220.458626487412 9273.103424497
5521.925679175736 5179.446887247343
774.1655599240512 -1.1053024546708912
-9564.267560109045 -6497.372123919215
3753.6114260426402 -844.7405490137426
2044.337602825266 -3143.474976395846
-1466.3221395042565 6118.339171327329
336.88262205570027 742.2200180576147
783.0598776727711 -2543.812710998499
-4384.943907157594 9650.740207208426
118.64168736237662 4589.935370009984
9252.579944712237 -5152.092392505383
477.5722844556567 9128.015593649037
-6857.0810859328885 6268.093336508553
-9276.720197777182 -8359.35554241247
7454.960241971723 -4846.768326168396
-8635.063734269437 2786.320035852461
6492.200720957477 -7469.526430143532
-8741.824820520964 -5528.402620604107
-6748.254135831639 -7296.100164425321
6768.136973492416 -6880.040509242444
-5294.7719865938225 642.7363777857772
5114.205987566909 -2854.894087018056
1874.50825949902 -2519.449225620867
-6520.920620019099 -3631.4556612653414
-8549.175732602342 -703.060244422335
5953.090688074672 2390.8658105964623
-993.1747409595482 -9064.756250453356
1497.9901010376998 5820.654098942567
7776.707238154773 8816.8654459541
-2147.3273550009144 -1215.527580228394
-8469.545048965652 4544.790354274339
8666.613432685292 -714.0654950775279
5243.970640719244 4545.944645662936
4135.064174252106 7751.376693530037
-6932.348020862 -9915.941395502237
-976.6654676968319 -4505.808012756014
-478.23241374522513 -3318.277950659781
6205.775104431321 9849.40629802334
6897.750981751422 -7677.625838742472
-1291.6530449476795 1374.621782147853
-479.67455418030477 -240.02810703858086
-1268.0442372550187 -5217.026380329282
-6173.8559498000195 -153.86120634629697
-1752.9999898787828 -2831.7190743150886
-7859.583476556229 9991.604171603627
-7512.124566208633 4602.101787094978
-2416.2253122907805 -5289.2018151133025
-4960.558491683567 -8673.056902646094
7717.406312640629 -6344.527243320461
1195.7609896768681 4539.3876787061035
5335.273507823202 6625.276953274497
-5115.318320183648 2151.455066399629
6238.00893359683 -5249.779541878638
-6309.8771513513375 938.0287098926983
5873.8645617023285 2372.0125437101997
-3632.787241914184 8122.716356577948
9407.873164296772 -4891.719047685894
-2266.3077843317687 -9275.956453457447
-6918.840066640181 6165.708394647101
6934.296150690268 -6121.585153440552
8648.121361255504 5175.165021664254
6813.09303681138 -8124.200319227388
7229.976707679154 -8346.068073400827
4492.051543995594 3788.637984627283
4098.970196548205 8657.153559800645
6242.379624466736 9343.98978750702
-8291.708284902468 -8737.31523921003
3348.469846270251 83.48533129517818
-5291.444642203101 9240.524043235466
-97.4448104203093 -4124.83690773908
7742.467710762816 -6409.9324153060315
8331.473140304992 7485.809410070233
4485.087200652113 -7414.564245297135
3945.204771111228 -7808.04499012677
-5302.130478707183 4551.16692409168
5910.14965954284 -8697.793741350355
-5009.538264395763 1797.5991178985678
-1211.6354955189017 -4016.877076326191
8535.000389677367 -7022.713016559281
6147.288299939157 925.3857900198909
-846.5512767440432 9580.849809478019
-4267.249860659643 -5843.4714663924005
-4000.722501513148 6372.650386917017
-5688.664235838772 -4298.958283380252
-3519.4087563315697 -4726.238200278474
-473.5235658024976 -2191.819843769249
7122.577646985701 7531.698283497353
-4024.097212501805 -4887.650194068796
-5257.072661958288 -26.587909891464733
-6793.61875146514 4360.466017369852
-6385.324510418415 7720.10753896134
4434.944181218507 235.21794594989478
8216.673303748525 -2050.567359685995
-3455.90822860762 -3677.298095862773
5722.698009639862 -2877.3425846650725
4261.738695710828 -1582.5878304608286
7555.982668248947 7551.47074653086
-5575.050461723909 -8872.880998313041
5136.722255453946 -1738.9378804508415
9839.791501994649 8134.685841409755
1375.913121336136 9813.180399621302
-3512.079202479319 1493.4142383234175
-3480.3601366104613 -6915.096142989687
2693.7845488784988 5977.034815624549
-5376.276969167133 7955.873186569897
-5645.378754072723 -9225.007608386051
5239.4167360979645 -561.2164830867441
-3551.295402102248 2718.2062144053853
-6183.378970496132 5994.952008799315
7775.5743932369005 -7259.979658033451
-6118.133218543518 -2391.1821864586673
3245.265401624787 421.5811029439028
-5775.9021021039935 9652.253647624224
-3978.167275727724 -9759.576826640921
-4877.929386671718 -7348.391495953568
439.7569567273913 7535.563330353325
9072.96169767385 -2222.5761025609736
-4149.91654849415 -7778.056449237942
3532.5609510206596 3208.804907360358
1416.442320681681 -6068.409509873482
5853.206125220728 -2518.549448143086
-7630.631824101637 -6471.611141464793
-6093.599298849126 -7489.610929978529
-659.3717820071215 -7162.098792611898
-197.17008917101703 1185.4807946165565
-5862.462794315482 6953.196023001667
-1326.7208159115326 2269.8046545560974
-2319.4648597633623 1622.1766434569581
-350.2614256459583 8788.045449253237
8815.565019729438 1991.4344801665047
1986.7502535093881 -4825.939464673603
6326.090334553624 -1623.8144923763139
5688.8518760856 3153.817086385625
707.8525425156749 9745.37199637706
-6939.262973827343 -3328.0753359454466
7132.770129968143 -3744.446106073582
5272.5397800487335 -7872.972726164393
-3483.358027673553 -1563.2682994928455
6333.433079930952 -8236.657978844381
-2281.3830666855783 2527.7899778876617
-4207.486900291193 -4727.3355449972905
-9361.335981768096 8978.764588427875
1036.7148533078998 -2506.8016754350665
7342.553022804619 -5718.3158540625545
-9768.703439323805 -1451.4161498133199
6332.15267517571 5061.257364685074
-2250.7966997078975 -3147.4466715855233
3692.119898289262 7751.209973125511
5361.405533001529 5111.6456508732645
-5917.659908800217 -2798.3895380292242
-5488.911211377412 4790.47000260405
-5591.234236721043 3207.0536253936025
-2329.648067516757 -4538.983671056109
-6506.432598837542 5215.099695809271
-9921.149410306773 2039.5641706796687
-7821.191741349571 -7631.1033450243085
-2910.3927508992665 -4878.250222140919
-9963.87278976813 8557.457140103179
6897.991355850085 -2541.597761830403
-2781.8081061381727 291.57127153540023
-6394.356417365119 -6928.22121356041
2975.9737505213343 -1007.1112957262158
-8628.081619755903 4593.865181291103
-4020.825104807448 -1321.7778526832808
-3168.8186113526463 -884.562712414614
5815.413264904708 -4959.34300590486
-5994.910200161141 3166.611941607993
-92.93940450416267 -7426.407502187207
-6385.233545991853 -6593.35596843194
5572.908406204384 2653.353344455598
-3001.448572740175 1182.762631726153
-6924.894150194847 7390.563578845711
-6233.197728054638 6324.865891062625
-7769.879320316053 -8420.01522507442
1875.9962301646228 -1625.0734980314446
2525.7244325032607 8223.06966289876
-1019.8377270423134 -8093.006913317977
-5325.690035111435 1866.9999053769097
-5281.538137980446 -3324.298519383753
-9853.882844663056 8398.516890536066
-4976.492961517769 3038.2437951222146
4464.223936450309 -49.61967240944432
-8414.201886049632 8426.76919457547
9906.45157936947 9222.826420623333
-7714.567705237258 1605.2302796695894
-6252.402238994073 8791.919532947151
-8296.97330490186 -1973.2893560702532
-711.2878176939357 -2128.766893594753
4747.5711746830875 1814.306538375964
-1341.6104117246923 1512.8181273113241
-9010.28298449028 -2279.332519681687
-1265.6467579839136 -4622.0436041370895
2464.77669402265 9878.324096223256
4521.877726877785 -7022.2824177841885
-6489.49321350718 3234.974211611385
-2061.128427603163 -8322.120399209865
-2369.4901329505 8274.921151989503
-5804.2563181699825 8782.298720258997
3424.889175314327 -40.11327014152994
-7178.5696706786 9653.348123535816
9305.55717273376 -2220.5293369429046
5875.268285407112 -3902.429984957541
5014.391603881591 -4616.470644263675
1997.6586224076946 5139.228001257643
-3111.796160421627 -4524.189060252899
-8309.237136863474 5823.968476295102
3365.274037761321 -1519.8104782368828
-3416.2551116823424 -5160.665686446866
-2596.014382731626 -8052.114922521409
-6574.641058683852 508.4040119633355
3284.8681298856045 -8243.915477320463
2159.9587451017214 9107.366193953196
6693.148930402927 -4144.588542767571
-3318.708598163709 7477.36243832163
9029.685810357703 6655.71887543899
-3278.281163737318 -8454.533813217082
9573.937463151287 -903.2837380216897
9822.784732617121 1639.2032452893673
-7576.58325044382 -1968.0312128518372
-6553.6635333290615 -7626.46601564775
9059.835517131814 761.8450241381506
-976.3172071291228 7408.77041725217
1942.9502894958132 -1616.9929420063054
2103.5571583651454 7522.413925108991
9708.891108738324 -6920.913911104464
-4252.066023325385 -5792.560547436667
-9649.46930918064 -2440.7982117476013
7938.024116917422 404.08643672836115
-4816.754577077378 -2441.9750544246963
-2008.933617390092 4991.733932196401
3450.1888899708483 -1356.8904820102798
-8148.204279824867 8311.98861622444
5096.989652506638 4532.256202426888
-8389.22573931316 2263.6271811323077
-2453.440237063911 5705.690059067816
715.0295461642781 404.57997495462223
1230.4804593928347 -5695.117561163321
3074.7385723913885 1015.6613298708053
-1815.7765292589038 4141.864393125994
1632.9735456283852 -774.7058131783779
-1810.7683405206717 3099.9161304786485
-46.19006138077748 3064.0042370328065
-2254.318179754935 -711.4521874619095
-1002.6277433720225 2711.9843738822965
-1414.486483339997 2022.7193948580607
488.67934453249836 -7777.428038916592
-5513.889847430438 4028.2744626031035
-1849.5690981513044 8649.001128540076
-2179.2178349007954 2232.5990938620907
-1441.8418294199037 -5228.661714776519
582.9955436889613 -8918.455283084399
4489.444222961816 8515.019896238631
8547.06234952268 4530.685931296044
-4622.804846107924 -5328.036397160412
-8221.203981929104 -9308.982048328458
-8159.767554349526 2679.745145916171
-114.5869937399184 -3433.7776164120305
-5747.24502146738 -2016.1426340088665
-3805.2578602837593 -599.3245546665312
-1072.5053430876233 -6097.381468037491
-8520.406638648894 5864.383184257245
-274.31643437511957 5933.808341475415
4893.902419453903 -9366.919113206051
-2229.785015293455 1086.651769415732
7463.065177926601 1878.7524552717568
7426.683122704242 1092.304476541738
-8228.35164303368 2767.85770503154
2830.2409512632184 240.51276724506533
417.4451038864772 5271.589401527994
-4025.473953373078 -3890.333663005951
-4648.370321446758 5424.516812874244
-5257.839699583895 4601.986784538134
400.5390267954408 7624.994293614847
-2755.372687876614 -534.8800569333016
65.39752626066911 9652.751742690598
-2547.3964321084104 875.9445817062515
9122.08088068026 9786.114850734106
6336.104887358317 -2318.066587152297
-406.208625211053 -7266.669852736667
-7402.907414562059 3539.9299437943537
4345.304086359267 -7950.493611933829
-2434.5475720534314 -1538.254526191722
9848.222812446915 -6707.2919686026735
-57.43408698053645 -5829.49444844497
4592.464046674322 -5620.222653207914
-2185.0555969446805 4191.205632852985
4169.971813554479 -2565.5145942844238
-2276.298461029769 -2256.526697336465
9232.442709476549 9877.642064722313
-6436.0921111801545 -9725.944295422909
8325.629383618572 1590.837625810338
1701.1617328562734 -7138.904309230583
-5971.440568811093 -307.49370373277816
-7069.023436656869 7741.775021342797
-2123.1934739783264 2797.0394690753947
6769.8903747188415 -2140.5526912280548
7224.709170018978 2584.712853129402
9055.457115193276 -5404.085594499
5502.235811955536 -7907.790493135892
-54.417569958817694 -250.9863037166324
-3752.041648878948 -2659.431446883995
-3854.066416553148 5335.246144753501
-9149.609282254196 -8250.597297853126
-1442.5505133877978 -2058.329379019264
105.71958179253124 1243.2796994395994
-5475.768950492885 -6879.147184191992
-9499.25322387404 2038.1708926971878
-7524.585417313936 -282.834962876168
7555.630939643779 -7197.077804711032
5992.865837872907 4032.279962146771
-9388.188655266013 8222.721027130927
-5800.147953027539 9382.22172123161
6126.266525256053 -8051.432593437764
5854.107669400719 7867.878600305059
9834.046187401844 3498.7933470254084
5642.000364450239 -1924.5973603524362
-7933.19882895396 -4114.305801119549
2908.7795831312433 -5057.537588531395
5065.80475412791 8572.385061106135
-4576.821161288145 6170.841706881911
-3696.2444491832284 -6177.994569446528
3762.915854816407 -6664.596046341396
-2369.5828530123817 -6416.554569981934
5520.921610705016 -4766.014881295133
6482.947412934096 8764.78245686007
2770.4083475782663 6042.29609241785
2452.5376543266793 -6922.335321574528
-8909.834085944927 -8517.54470048108
-9825.229437751512 -407.10779797620125
3939.764354056335 -7516.698057814723
7811.887393457244 9729.4875703404
2287.6106600319017 7705.167604903101
9320.930442945242 1606.582589420781
6133.100255998637 3821.3199633074128
-1747.4851581831135 7519.467060878051
1927.3761228688 -4407.176071666745
1000.7604806402251 8758.184313667942
7885.496593850476 6543.088549955235
-1774.3022928975952 69.09407574552642
-2203.9136680732827 5432.910415820337
4595.24192642814 5766.842377164148
-6827.161872761872 -6243.647567441816
-955.3873583714067 4836.2195767202975
-6544.500870041506 -4877.682373982093
426.854490444337 3320.4137031609825
4456.269098261477 8656.224915778614
-3271.1018114249964 -1125.8005490047963
6360.813401581923 -4549.282656913454
9953.382146774853 -5432.361994330068
-5668.621215169174 9613.857695814037
-6682.765663873067 -3142.118190086607
7122.772023716898 3607.814230854823
-7406.20113592169 -3896.2738741018256
-7889.7445464225875 -8659.446976891573
-773.9333996289097 -2920.4305298557356
-1258.3110009857737 1867.598041902631
-735.6400151411563 1652.4761447635465
6664.520372305778 1580.4414281540576
-767.4060103613392 6118.074669626329
-358.4718842834791 3402.7260440006066
7703.021772579559 1648.0473250777832
-8142.523435749589 -2215.153485568224
9660.153986562622 -2116.0028477996493
-667.8486868225573 -7817.846222060707
9660.319468915623 6919.522309516207
5893.493947882824 -6778.532960283177
-655.878036608905 7744.34401436324
527.8699079326016 8905.146938425594
5034.821164930048 -318.62831627951164
912.7534745909416 6971.494362531106
-8043.545558466752 7429.624981263401
6550.416412513587 -75.2097430940139
3031.2909577151895 32.95445989648397
4159.480103615608 -2732.200203694235
-7733.001173713992 -8573.459835736492
-2155.532431299008 -8885.872182878235
-4580.322048775105 1170.1776799621366
-2948.213518492006 2627.305328674951
3919.698580683227 -9440.610354145316
6433.839158628551 -6371.946784546755
-8026.934384078348 -8487.562780286702
3481.2507579934572 230.67448363885887
-8698.188447967648 -6536.67045615971
2146.480384213608 -6485.923602734096
-6837.305063280203 6947.968804515327
3670.3603892835854 -3997.561576855366
3084.2750344402684 1652.5957049345761
9436.395381871822 2125.092584861226
188.1983970465244 1400.7290828141522
-5084.0643250327685 5844.689446463268
11.335727928140841 8886.82757730988
-1369.3938970653671 9287.280575280012
7421.1604636759985 8921.938003148847
5546.672181091255 -7522.539588821866
-5482.426143899796 538.6093889240947
429.2961966679104 6176.2476279222865
7340.133722542789 -4490.595125843238
-6577.08673763566 7338.922979221388
-5249.556373720139 -6334.642246104981
-2512.748830608298 9854.55880005602
3035.2360159447617 3857.757879359191
5306.786918711452 -8001.476639214571
-9423.542643072922 3488.6810293919716
-8095.278805434056 6423.759754540108
8360.453708028137 -757.2876097711705
-1569.171221063245 -1463.8209281858635
4149.135605262018 6984.334031881597
-7544.167274810261 -5255.965972922288
811.7709155351422 9742.494720083148
-9406.784835078743 -6659.326889717072
-7383.1471449168885 -714.1079059061867
-9617.321885400248 -2325.3921993610675
-2790.741377607853 -1000.451831356897
-9892.265563387587 -6219.646877270188
-4451.302329562559 3605.2720948583064
-2416.802374902114 -7211.9671074323705
7261.239789828363 -5274.349930258204
1936.6174419880572 -7800.721328230962
4656.475534027095 373.2248902123465
6020.990034039645 -488.527822117685
5088.663933568163 1153.5596884767965
-8665.643684666844 6691.926113200523
-1609.016442189386 6302.920668454255
-7814.827971733828 4648.111150740195
3787.8065347290776 8638.325531279148
-8669.36650890693 3109.587785947255
8990.670532533608 -920.2407428644692
-4571.594241800829 -6768.179109344512
3109.4283950962126 -1388.6258496331266
5380.487345421188 -2248.4167809274113
-5439.177916527909 8380.52198728274
4011.2342630029725 -3331.7986491524243
5332.5125385793435 7090.510943207046
1509.8376737891213 -4805.5909246683905
-6238.617240005089 -1075.004496285561
7680.832664238755 -4884.879152421455
-589.2947241384463 -5051.050484975474
-715.4985599091742 711.956115332885
5681.549312799163 -3736.8055914544884
612.3123062177638 -3944.111434528885
-1530.4091940369854 -1853.497957867583
-4069.1844018904285 -8260.085313641564
2479.2539899707062 -8998.701029359017
3540.6993005352924 -3981.8247873915743
732.9165839972102 -3873.946686401535
2935.997569790681 -2162.507599441801
7363.66629427085 2169.4426857271646
-1088.2927813663573 -2608.1892572087127
8955.902852156742 1578.4391171050083
9456.369568920556 3599.5740002288003
-4501.160963652939 5434.470539282189
-2120.5592619281742 -2701.413949328331
8443.754904310506 -221.13568749616206
-6138.435013308874 -6027.5536701652845
406.61982469977374 -3139.2096110500643
2979.140002572265 -9532.819744430923
8733.504179680414 -9302.027830784808
9742.8485411798 6426.208130680505
-6553.045427838771 7922.446216214888
-4696.89258109456 -6933.6602653694745
-982.6899819870832 -7909.29864594651
-2286.3257813229484 -563.0000541440058
8953.711461287385 -7530.461206674244
7.925011554994853 -550.5645614760833
-7614.667772529029 6766.0503412677535
-669.3996590721872 -8267.82987392727
-7395.855055126907 -8647.885084386822
8981.101823050089 8763.520328988852
-1033.6804403047609 2240.873859461961
-5537.304528026368 -8248.49537557858
-4399.8713289736015 5404.651788270663
4495.267676546142 3376.0151105623736
-6955.981568192716 -4019.1612532245654
8437.552561510827 1777.6504287485786
2239.2797402327997 -7505.733490570843
-7321.9607715159145 6072.145436908149
4227.543860559645 4431.661593814415
292.03952502190623 6188.849143811201
3454.1018427407926 9335.763976560942
625.6878899427502 7976.256528892485
7753.827528230038 -956.2437092270629
8455.915131489659 -1712.88987512715
-6102.728379149485 3776.66284379802
-4011.269372868742 4150.128831870465
-5999.730700754626 -2506.585396707819
-4803.57635319844 5154.9529369334305
-4848.811795155392 8255.31300621232
-7142.432591816772 -1178.5786056163397
2285.722455328758 3303.6429761133095
-3847.9902303590598 -5006.167402986441
-7360.0776629163465 -9864.76574513513
-7223.704007545555 7195.367042767572
9037.931368563004 -7932.215797497454
6283.2629866357875 -3602.615026721958
-1178.3231626333109 -381.19864941140077
-5287.177385920676 5802.844096719293
5405.550837082585 7479.04790356155
-1430.7738219608782 4012.607139523834
239.89258890492056 943.4002429287557
-7186.602085116629 8337.950935497684
4392.868037961662 -4630.927952097397
-3222.8106273708554 -9957.893666473294
-8988.877920189598 -2436.821850991828
5769.701893813384 8938.206520678872
2595.3588552075707 8958.645267254447
8634.097075603779 6040.534254922986
327.7946956698215 7019.515944031664
6626.601714552915 -139.49636782579546
6614.1946200441635 3523.709963304156
-9272.310378877022 4458.338413969594
6554.000417465057 6203.347515347761
6858.709565751851 -4494.061927554986
-772.168829593953 3679.774620236365
1465.506526238596 -5614.045729595494
-4507.584624647343 -7287.555153972709
-6456.1372235901035 -253.35895734375663
5398.804760489973 -8512.139168295123
3419.8757251322313 -9048.44338828255
5400.493975412937 -6993.195642275356
3461.6538278776115 -1492.2613092387073
3193.852869204504 8585.105261059329
1387.0156173195846 2825.506278016701
6334.057159356875 -6934.748360346454
2945.1344021658115 4557.560521830515
9695.496210281548 -9456.851548938801
7488.373063683695 7284.606957511518
6396.395106802287 -7753.608996265162
7313.818276806316 6459.229760324048
-3016.8028383296933 -3342.5727253551504
9642.319644635594 7289.305626598674
2471.011704933222 6057.027572572508
-1283.8947311961401 -1363.2490528779053
-1737.7769806382676 3370.5072642945615
4734.339596065964 -9973.048790438994
-1983.8591329286337 8531.18282688588
6209.260425653803 -5491.2722879982675
9218.341959251087 -5467.435093929276
2813.824137794176 -8625.748560634249
-4500.849150897395 9922.833554228324
-3094.9414039751955 9642.83062373333
-5323.529275544836 6702.161947309058
-6354.39394278692 -4267.9657010680485
-3951.0305234919115 -9584.504725367964
-7990.765014419585 6884.143439125681
-4358.594651041201 -7309.581325217889
-8055.648501989889 5685.457451621778
3904.6495601867646 -4448.2257264435575
6582.8564498987835 410.50959034387233
-3201.24382981857 -8448.271042594984
2619.9432636979636 942.7766596849524
-1761.796907517919 4086.019301557646
-3146.258834045874 668.0070828174375
-445.78915825385957 -1775.8716683885177
-7638.03113945497 -8994.193384366783
-70.17158101704808 3963.1909615804852
3906.053504059768 7139.674984167254
-9310.744311249757 -8977.554444481815
-1108.54719495467 -8974.806321064127
5873.653762105236 -2872.921199790666
7576.196228306726 900.6165472249268
1711.4744974598816 187.36425819963006
-5792.057900818641 -4706.368292160885
8392.124421267767 -1139.0133430234491
9383.128784548615 -6087.395021206272
-1022.4456633303344 5693.51870269227
3160.084547631177 7830.137945502847
2337.1565786342926 2364.0161390531575
8321.232164839137 -2988.686232019011
9667.119737823967 -2480.2570125190005
3667.8149296492884 -5491.477614568152
7456.185482270157 4266.069222455464
-1656.1519357083725 -6460.696304772893
-6314.476807986835 -3415.3923111352015
-75.72188005181852 6183.167724406596
-1398.772789605122 -8215.302090058738
1365.6192267662118 -9422.117971638261
-3426.285367954003 -449.6347938943909
4905.614453111264 7265.254072948654
1359.0896861948277 -2773.0761161197306
-5388.250990400687 4730.96557977751
3503.318602769361 -4301.57694039236
-6483.270577681653 9202.540912166027
-4319.156644807927 -9460.847641017846
-3857.685336626746 4414.071624713719
-564.9634275697426 9079.482050250419
-7298.82237372563 -6684.15461560351
-4911.308782052901 5608.310374735782
-2620.249580210266 -4398.440734968006
5518.510091797058 4141.4539107628225
-156.71858400522433 -7554.66895437793
-5961.647644618213 1017.3258348276031
-3532.366755482799 2985.248665743471
6811.760018660552 -1961.7134344236865
5790.608641908604 5859.7373753876545
1015.0889537456042 958.0827487992428
-8711.11131081961 3497.542089773995
-8601.669191090568 7822.823998008407
3824.9420228732542 6881.672963881869
-58.49696354810294 7004.967046061236
-4028.4522377888734 -5847.82956706345
5980.268949880594 5726.825413947487
-9090.145446215975 7682.099542669435
7475.221733936407 -3547.86322160473
9710.178064181495 1155.6952940735591
-1974.948128808107 731.2651874603853
-7456.974887499919 -9302.870668301664
-1225.396293735832 7917.6362964682485
-8268.889280393058 2242.8832787924875
-455.4019521145474 9630.042300807363
7541.412408060245 1120.2615279664078
-689.4128112353355 -82.5193831016295
1229.595142525517 -810.9131069058822
-7415.51478908639 5790.222403413638
-5912.5828904264345 -76.81556821570302
5302.803781759525 -6887.161940941566
6107.00093266662 2452.7488743285703
1501.4938197389547 -1188.0601388224295
3364.155513164442 1858.2668008451565
358.0878423941431 -8066.569039342832
9336.190743876832 -5098.840601604788
2107.6097156262367 3291.080387467271
-7892.0321191653065 7895.86269286387
889.5009802776203 6280.28210424904
6783.1981737657625 6572.591504283439
2758.6038554557163 -112.12703170975874
-9593.709677947925 6549.555920193598
7894.00047186104 -989.0654386712395
-4686.676361608177 -2572.0619346056246
-2534.679786584935 -3095.483409628994
6069.009626637238 3542.4706123565556
7666.874522525581 9910.26468854547
-4990.218464107208 -9955.025692364059
-3894.2098025657397 5574.961394913027
-8098.566056927767 4267.769092513694
9031.070062066668 -8149.984166318744
-5666.978353340899 -791.6267729550964
1816.3054127786254 7269.977961418488
7206.995581558669 -1503.5342010156764
9659.540025859122 -159.8205105253037
-7951.150717730422 -9651.401646036848
-9360.431837254268 -4179.369380948024
9847.818388913765 1785.679798944875
9068.729995936683 -1324.6543585187173
-5246.5324221775745 3782.797491231546
-6491.951908385736 3163.285062654557
191.2688058531021 -6959.5488018492315
-9138.665418462046 -120.85050491380025
-6176.429834828514 6710.825300695629
5640.669575196951 1509.2764526954925
3270.6199245044027 -7317.751088806235
1796.4465425959334 3649.9388610587084
-9380.39222928786 -80.48416771083066
-6569.048739400058 242.35739842042494
487.95197803792144 -9122.709523221192
265.2223302007078 6510.786851566274
3770.3532499366374 -8851.669663207582
-6095.269145797415 747.0557287735846
7187.412768804879 277.8045117765869
-8249.809823243697 366.9761031885628
-2633.110056492318 -7930.4855794587365
6825.588661844551 -2628.932738194294
-2573.033913770455 -7270.646342684792
-6153.6730569413485 -6325.922758301441
-6105.851089848633 835.8727468488232
4526.107599594248 -2275.1979967489124
2276.748789625717 4397.350547818121
-1577.9729762049428 -9580.250257698177
728.1215602460288 -2850.6982500850354
9543.081539957719 521.2183727170341
-7027.830475433568 -1234.115492759871
3498.088773634072 7622.387155043114
4026.8689240713265 1803.1973576703767
-4865.1886489702865 -5840.937154912178
5249.861552339 1961.9934405595413
-7577.157797559015 -2950.265299940169
8843.455717721892 -2348.134178633083
8758.59885431841 4252.64528424972
6194.628174543792 9858.493409371917
2921.547425101342 1860.599265240413
9288.935060009793 -6039.940434255957
3586.574929501574 3311.2681017972063
9925.4948714967 -8591.49829925207
-6401.817600918652 3872.7847283504816
-2426.4979804178074 1085.7651145017644
8137.982869693362 771.4444352101509
-6550.997386819932 -2335.2250320908597
467.7489881726342 2160.3692089177403
5753.952723426077 7449.372306478916
9106.03965542284 -3414.9814392210938
9007.856908436894 -9063.015904218884
1097.2249752586395 8683.454936764181
-984.4386054664119 -4257.661702789513
7457.502658402718 6566.32418280188
-5746.931607742321 -6459.945924499871
8933.27780051664 -8346.487740140099
4316.509218679237 328.4834588782833
-7116.930937350597 -7298.500672237771
6567.70026191264 586.6954583161732
5394.875545508039 2337.446243212842
3222.986497790769 -7208.960025102431
6676.726722347721 -3376.9164987697995
-7129.6438733954055 6277.24926546914
2308.9137707916343 6003.508424550053
2763.094092249663 7578.57310581865
8122.188065358125 -546.9765642100374
-8773.474779477057 -1860.0306087164918
-7733.015064172654 2712.1781551912554
3127.66754675387 4702.907098656944
4464.526208794667 -3782.7858691812025
5595.917798915971 -1325.1292164422575
9481.415714327672 8655.140115183865
6046.150051090428 -8557.821452448921
9545.145044583089 -1965.305789151539
43.90841211996849 -1145.7297302856805
8718.69550655727 -6254.51592977206
-7334.35834623588 -9997.859017776056
1178.2002262531478 284.62841281265173
3745.2188340811135 -7066.864949246843
-5111.574216925292 -3837.751755946175
4761.243578260734 3088.8442372042955
-7653.397930183501 -45.804218124381805
3107.958787343452 9022.377801414921
865.9092400799691 -447.56628511454073
8105.829083204731 -5654.178830031071
-3704.274504377152 -9629.488531237355
2346.1554959808454 -5121.789730646875
-3873.4941323355933 3593.6164250585043
1827.3634414800817 5608.895297185021
-9397.053151825121 6519.708605902797
-1171.1060662634518 3360.6908844544378
-6230.115403118471 3620.2778049270055
2581.893899749668 -2068.255847613147
-9698.863851938317 -843.7009344035432
4534.194179488266 7014.583188489305
8512.290623389476 16.981345185771715
-2629.655736617402 8335.33774571936
5134.2322125834235 905.9486672262647
9935.747598290804 -3774.3428310347936
3224.9551364326653 3081.520738102121
3827.2279646790066 -765.6185843469011
1023.0198114954255 -7435.220174728829
-8349.35890866526 405.5522445156348
6596.772766319889 4061.1637925403957
1809.4135143437234 2493.882304291439
-9180.761172358212 2798.334671944838
-9823.805439659676 -3341.6688455235135
9499.3733301547 8065.116402168351
5113.062303574376 5068.9700872790945
4426.1468240809445 -556.6768798878675
9044.030845947029 -4618.152774726763
-7367.291728407832 9556.330920740405
7146.865057123152 8181.094319176664
-6636.33575758485 -4384.724659751642
-8280.490902929161 -2742.947074833917
3029.282397691437 -3874.210964700209
-610.2975818725517 -3016.277382189045
9856.220802705728 -1174.7686872664453
-2425.354847873571 1078.3705408487094
1995.1505635800186 -8747.623214328
6460.855816056937 2670.667561895423
5521.436352999577 -3691.4144118579607
3262.6413954244363 6878.254526575598
-7934.190539035561 -8248.518923966494
6630.888287119524 3980.1642902563162
-262.2463042325089 -5230.782914401099
822.1536929545255 3799.066508325095
-4444.894497692267 615.4329265203887
-8398.670405887722 47.82444178465994
-7230.848278103436 -2257.9730207532393
8839.421894177936 -2834.6091454544967
2275.285231418049 948.9215952544437
4381.280099653472 -8438.404572004523
3725.06666133848 8777.007499348816
-2003.6184797377455 -5790.085670811227
9006.31506372173 1702.501987530717
-910.9344953924083 -7828.159902510117
-1566.361394814894 -6352.027404313105
-2667.1086789792753 -7094.004794618376
-1707.409918557376 -9092.67470600306
-8492.932216512887 -2890.322741904416
-2693.5824842275924 -210.93103155627432
-7448.802549767315 3360.0463985200404
9145.164200390613 -2885.78457641955
-5782.150621529847 966.6908144124627
-1727.3536733809633 -3837.803522922689
-7309.245512518875 -3783.141257805043
-2772.378119384045 4740.212977354375
-4850.292244264927 1589.1460493877912
-5138.749568582637 1758.4616477829422
6501.536126124487 -2469.009991183615
7103.714011877626 -5974.28068712333
3359.7724683680117 -7960.169506597476
-5491.342428617408 -4063.2107332627584
-5156.0417112638925 -5442.661205201942
4124.892302285445 1305.3572297873798
-9117.218319467269 7580.647627692026
7170.572204771412 8802.817120824278
-9556.465176358575 1914.038557924574
-1464.1439906209762 295.6812732325634
4473.653724425927 -370.91213087157485
-684.1711850894499 -5168.801275973449
1328.397335571437 2570.7869034496453
-623.754210961848 -9897.145665088183
6071.983343138318 -6358.299834195261
-6619.5468420700745 -2065.5607598075385
-722.1984607632658 3115.7416812570864
756.5992465457639 653.4242933759506
5816.588770769151 -7122.30762426171
-2239.9487128191868 1181.3922715837325
-390.25710284452725 7754.105696155737
8086.705200372238 -8748.680093430865
-3561.7715749332256 -5004.218179017416
-2581.3462835940636 -631.4663657939509
3635.808549899577 491.5251861405832
-3165.528309962995 2964.1882243479195
2858.6212615583136 -6562.576555592878
192.14126416449108 -2352.8493328259838
111.39530363830454 9955.42938412094
1393.4392251866266 -9457.788937600235
5823.888521359857 549.5415807942809
-1135.6252738274434 4409.558875777064
7009.406229017124 -3692.566811295832
-3362.9422654876607 4572.508947213557
3400.5427259914995 -5600.115426125927
-5905.8461250193695 -8362.519269793034
-54.43437997099318 4699.929216454362
-262.13964922602827 -427.7279893243358
-837.846278670755 -3761.86355341543
8271.133447078406 915.7048271130079
-1416.5343880258424 -5270.003225355744
4829.652043518421 8723.732055396944
-9105.187591388341 -9444.09797504179
5378.818785627851 -1685.8443834145182
7347.477501642748 343.7452352346554
8090.842212446034 -9045.893522340906
-1350.4835487963283 4698.6942094921
-3057.2352243987625 6341.49413690769
-8228.354311823347 -355.7724552617783
5827.043574349862 1063.6424251889039
-4030.391719209805 9983.050374226968
-857.8931509987578 6173.379810665569
-3187.3025732436354 -943.9599904025017
-6868.93548056986 -1395.127643872327
-6878.617013820627 -8728.10101219928
-8837.453048118306 8358.51180740412
-1544.7159216051296 1299.7355980720822
-4301.579004800693 -3783.7743813300094
6155.99834553913 -3038.697606380101
9868.91773741649 -4794.419228522164
4937.588687112475 -8370.819541678473
-7623.515486044581 -6886.896805574325
-9369.192881555766 6331.704144984069
875.4533901648847 3054.2552317372047
8925.414524692991 1784.97150594732
-8974.593203834329 4439.551433293938
3818.2383451278674 -3783.198681123272
-8908.10801509166 -2366.6785782421584
-3037.109820646622 -3882.9559643775283
5268.9291520759725 2183.6563770299344
4230.35179262848 -6056.831136846763
-7176.472198570762 709.1128971949565
7527.907467655008 9329.596001757167
4713.213984644448 8359.781535282527
2287.1942323768562 8493.762510315548
-5496.649431452814 -8772.658026552825
-5979.578959533967 -9698.55146490257
-3788.1832020839365 6160.781887154308
957.0749833916307 -3151.579690941626
-1865.6151566232747 9151.468327131082
-5988.263159849236 -8565.026934504393
-1245.0723997257192 -216.69539590105887
-9803.107465127972 7454.496310322396
8520.35979359972 -4799.275615857239
-8917.091107936043 7986.70744897021
-438.9982741852036 -1370.6795569222431
4020.6375799715297 7780.73975351658
4362.8370428425715 4690.924642169035
580.373524676892 -3167.2134480892964
3948.9123905442593 6586.99347456999
-5975.810179585162 7907.557909005176
6302.915969103857 -1318.817724285038
-4383.054879226922 9122.311925719048
-3431.25752654841 2094.0246006967827
-1805.457632596239 -2893.224524513329
1985.645159403799 629.6597244754867
-5353.7009332265725 -3728.2144222913494
-3430.6543960192657 -313.4093158435426
8831.573035625319 -4635.977123092652
-6774.736864108481 -8238.523535893855
-3060.93682859192 -6246.264995250034
-5719.201334687654 8737.003269337005
8410.490842378047 6796.879023523768
-4650.6051785927575 3351.9020013252593
-2711.350967752397 -7867.34952783007
1989.8732617858477 -9916.784280150872
7213.080733920124 6921.885235537575
3800.328498863182 9127.95446118193
-3725.0579118866535 9801.363343522127
-3613.351591119007 -3746.70395167678
1555.87082774177 723.5673678110652
8071.4966031963995 5991.534447549893
7413.979004659042 6870.987486816204
-4739.607856898007 5988.000670212927
-3556.648101611937 -6521.4185070176245
-1942.712664568453 -3732.784114213854
7521.736644573066 4667.551817765319
-3977.164944758615 8764.565910413829
1474.3660939656274 1288.1107937572306
-7105.687327219021 9677.820995416994
1620.1569483567127 288.4464526750744
8636.959421053158 24.84698101027425
-6170.201067703873 -6728.358312316908
7372.251866704697 8250.90214487166
-1286.4681718836964 -9328.193491780907
529.4354264742269 -7189.075909820488
7169.691116815164 2375.2419177994307
-4007.592821271488 2359.2593752538905
-236.6214901994772 5631.963918340147
-3935.1785440987514 -3488.6896820506454
-9732.0956298089 6747.462522993952
-247.91754771899468 -8901.388274188304
4189.92093265897 -5685.913015814679
-1840.3437846285024 -1579.1266807537086
4212.4532064024515 8635.99580918996
5732.922611452201 5205.558747687879
6228.310174550728 -5478.868380185282
4614.572921188337 8817.609215220604
-8000.3549651129215 2758.2075099044487
-5428.670993728771 -4281.059049120042
-2532.2911003895742 -633.7612382581974
-3257.4484460773647 -4740.618819679743
-649.8643998814696 -8901.329064034675
-4110.9183081398105 -3412.257723485368
-3098.644637457948 703.6886430114482
2871.4401533886794 -3196.241149074126
-9424.960680997805 6086.830392635709
-3237.707349230219 -5571.353233367491
-5184.255665988202 -6208.450172859166
4298.869648187912 -6145.9246156446225
8320.20911903886 9107.914064341516
-6693.188639900851 3636.3753872528578
1847.0436106539983 -7360.85899580176
-3722.314702196514 -5665.169603564855
-8983.180471804599 -3699.774119575616
458.2140142745011 -9950.060832216388
-467.13008589521996 -9507.569519665327
1610.0211779900292 1899.5655902242797
6866.368066465042 8591.936115081375
24.494973868298985 -8622.083119835406
-6312.448365737411 4910.5037310071475
-571.8584675003767 -3125.6665935266255
8188.231223254381 7930.503364157343
-7910.4110798870115 7585.896252029779
-3070.9952456123847 -8113.782458290783
-3259.824727123235 5639.889531717912
-5042.111270524965 6657.844820730781
-154.1519030561176 -550.8033769686026
-8314.657888329702 -1535.830234656889
-4681.1318055786 -844.2741307025644
1363.9534515584237 1984.3861510545175
2933.6029712136096 -1525.9988392360465
-9990.653645805554 8309.107541385813
-8488.522449074939 6329.083004839169
4212.1171890044625 -7484.889872033755
-634.0792908652929 -3609.9806233483678
-8471.070718877436 -322.09773907464296
-8451.065698662735 -7067.9524043735655
-2995.849552259262 -1219.2639316116565
1116.7000813939867 7417.810889457822
5861.700625459936 248.2109934758264
9932.397223932316 1769.8792288201676
-1479.9235453190431 -5272.851513026087
-6549.78056983053 1513.8913257917502
-9178.225818368523 8256.954000751852
3475.325552238266 -5196.321414546892
9731.640051400609 2116.203585251369
-6929.734567354195 -8203.25480420504
2746.9359763556313 -5598.2670293056835
-1420.8058207135 2930.527299061956
-2124.7953036710833 4791.036607684513
5166.963913618965 4356.873040881892
274.2974676661106 3958.309315126762
-5679.0244487537 -5875.77658418243
-8487.80431982243 4758.999727081748
4439.444167076435 3653.9990328218155
7892.561599809669 3567.278936251614
8930.515426246733 -4360.260880271827
-4594.784219540422 7045.347381295178
-9827.542407691179 -8295.443066695176
-9400.976344210652 2143.0528215877166
2235.9243842760297 -9015.479393537811
-962.0346821013536 5270.800064747846
-9554.92460108342 4262.587298801676
-4010.5669038463084 358.2856840111144
-8344.885500865057 -2640.2383132511686
-2392.918931334929 4906.11199039171
-4450.407704256098 -7802.830944733381
5108.8456273703705 8156.862751558678
4311.600227113695 -5725.225867853101
9314.023760064363 6156.763939879802
5698.759278975685 1269.505363482711
-1608.4197855094535 -5251.422166051829
-7147.304245410435 -962.427513939956
-2214.856644235808 -6569.092835409967
3099.4725834412548 8512.797479423265
8018.418477081112 538.6281186703618
7548.226518110245 9824.814681217184
-6551.959317685043 3343.6875528995406
3471.0429554420607 -1581.9777909078293
-6980.838667857259 5445.045859596559
2247.8849039858414 2034.2014343467654
-7307.648824217492 8211.067134661906
7086.167393763804 7128.745321112205
-1551.3254884619946 -6942.805651891846
-3224.6460495692772 8622.482166762868
-1356.9177357414392 -3013.7229443306724
-5587.26488321756 7848.093520069822
4964.543033053918 -4911.545262809193
3337.3229498020282 132.17563699824132
-7625.3816068500055 592.0195400869434
-3565.4150150587056 -4338.992639892401
134.46491151867667 5576.227681232811
9525.518922987616 5110.135599843752
8393.53221255829 -6398.452241765053
-5270.6549065725185 -5025.096784797587
7801.503742062072 -717.6276613432274
-4510.114238894267 -3378.9075232941723
-6781.68928175604 9221.748121251476
-8618.524808408052 -2218.128396996266
-3164.672389281229 -6252.788084469463
7861.024128721467 -4440.715188647453
-9115.860217129637 9531.348704605454
-6191.356014954221 5945.527908729571
-4402.437839897433 -549.7733418412481
-1999.9705628280217 6461.315221250283
4200.854825940476 -2072.619740856623
4579.554973431388 -4284.349892436617
3449.3767716889106 7530.564217859079
-2846.1538023881003 6523.35132408396
5592.193757552055 5733.0130646043435
-8698.643394908482 7673.725641525649
-4370.566668438418 9520.485464703823
6094.261012198163 -6474.205124231132
-3655.525899512131 9919.89742539185
-3345.241700749946 -9687.472106839794
2830.321756567215 8544.879696744509
1818.669053314561 3368.551371464302
-1907.1819421973332 3898.130616501807
-6345.027827314809 -9547.146498282553
-8198.394063719337 6439.963000163407
8890.729583732711 -7079.9848497416115
5373.050559667401 8326.973758058579
-3783.3856105273453 8700.542305278952
-1692.3931990776782 -3755.7013757472732
7999.040152203386 8882.904192185357
-6932.6028141237875 -6100.550974049354
100.6834375821636 3146.905343052764
8768.046617665263 -5484.750598624734
-688.0488731491005 8380.063969581232
-2427.8928532116797 -6946.06394234222
-5678.253580315777 9515.685830527778
-8090.321009700936 -7075.999967274165
3206.652734061974 1963.3666438239034
-4484.877592342525 2565.896917680064
8093.451108985209 -9040.32160729518
6757.030601839193 -6417.733428383719
5950.648963672771 -5251.1683250139595
8851.921268364913 3972.8522069508454
3390.4985827382097 -4289.867488825823
-1709.6206759395845 -2446.1799527442054
2913.753339366087 6381.091602249378
-9832.335512945694 -6214.265746622999
8205.191353026883 5782.062341013281
-2900.906607561422 1003.950650457582
-3111.275061603982 -4469.67019233307
7013.758401604675 439.74309713238654
-9423.312215843684 4938.591684494953
4358.458207630212 -1560.0051951163332
-5901.326449924078 -375.1882140525104
9106.972823194556 9937.826886511102
-1528.9108098577035 -882.5453615478182
8458.111736683975 -2503.945027474041
5469.355188367654 5522.139266046337
7219.231583160476 7139.917911396122
-4409.522264354131 7522.784129556927
4610.219098426938 -5284.971592440719
5744.488189112384 -8177.651739798297
-2413.8024368394654 4651.043952998916
8189.037941343988 7585.300956743442
-6234.492842791901 6781.082306856668
8022.208276020367 8525.980237189302
-9337.2106876559 -3738.5614226665593
2974.3809601644098 1994.0455388116534
2165.28449403571 -3344.313644103776
-3709.2040447961863 4740.245260260293
8053.737223458473 -3108.2151967702766
1172.2015941549507 1002.7594730114615
7857.574880859807 -929.6594346152597
3541.7908970799326 136.40941577883132
-3552.676922883895 -4003.295701543745
-1167.6141226891577 -1785.9452186933195
5505.485901746204 -5170.886281335996
8038.628900602485 861.5273101755101
-7619.588924835163 -3620.372422162299
8454.70440953663 3044.491212153027
5815.938313495944 8374.123023656106
5318.917141730179 5607.64138140847
-3337.0940232539633 -4627.835341493836
2012.2058397993296 -1926.3152776607621
-9083.116995137076 8067.07818702907
-1491.5177419909978 -7458.41584925558
2289.759421993407 -9668.897145512603
450.4437464983366 -5519.424297635589
-7988.872280343464 -6359.985903160208
-5474.6961580670895 2798.4936871572827
4668.649775156069 -4593.8436188334135
-259.3437695080429 3769.980516935486
634.9026380562846 268.338758602722
-1248.5265916103108 1242.1800492844231
7991.462681574791 1531.5937067770737
8565.027445492582 8992.550006674734
9849.2841502046 -6280.680074016842
5751.2891736821475 195.45938473749266
6577.69215686536 -3405.1349137175403
-2287.845595416169 3661.262843957964
6692.607853555699 -3970.862481901502
8613.623582187669 -3156.414147884352
5017.892830005008 7735.36023810894
6260.840091933103 -8432.42544224734
2221.9896610119213 6161.623923521749
-5503.32146249378 13.902664878094583
5945.306287919724 -7273.586914331249
-5369.652307653046 5700.354143690274
-9527.91230954685 5101.8197300054835
-1046.7357689214296 7034.839293179935
-736.2154563237946 -7606.311260462097
-424.7712278959789 9470.722964765817
-7340.779604576382 -162.5319768981317
-3385.2863060958116 -3622.619555835009
-8339.86269883345 1023.0691951942954
-8797.137839136036 8445.932478258947
7958.974948686224 5681.575239731745
-9188.429396531705 6782.128343389915
229.0318498422912 -3288.8337833431233
-2908.1822908083695 5795.396239327731
-2814.574340254557 -8610.841707388672
9709.167388890764 -1424.911144743539
-961.4392115081919 -1388.4118372668963
3589.17973434387 -347.99220051389057
-9299.912949682619 -3478.6921112595355
1536.2190964657348 -2124.700164117575
-7535.385988790149 3030.0801365070747
9364.946862055727 5591.864569776188
-3121.2677533042934 -4490.306132662896
6484.563618661356 9397.433895415805
-5877.829994458321 -4678.3296757483295
-8698.360350293686 -7564.474160420654
-7535.8071806698445 7874.628324318779
7858.166745202732 8552.492920141405
-4778.359041200469 -457.0591386841752
7797.235529821672 4573.930236283659
1133.2741558334346 -950.1743892507766
-9950.47810575052 8549.72787248898
-8821.614618570535 -7187.4491242362365
9559.56260830663 9022.094409252342
-8394.095565115866 1266.9712470606137
-4078.437166720716 3202.8989841179628
303.52676673978203 -3666.8647372761543
-7029.730676834507 -9596.279839538322
-8375.353630141712 8953.234519132842
1173.2265492578845 -8855.988500684447
-6595.810835351561 27.709075397959168
-3903.4962667222435 2069.836722636277
-867.3061870292458 8094.840225307355
8266.77697811471 -7852.35568094258
-1878.7122582741204 2743.69616830592
2428.416611768107 6554.598403704436
-3021.5174622293925 4019.8371716375696
7495.023325837454 -8731.00089662438
6832.9874403647955 -5022.292044597645
2420.62732894325 3571.3683217149064
2475.0335654814553 -2946.825436883256
-2233.441258622368 -8501.201045699736
1951.9655741790975 -3925.794925256434
7915.7635700910105 8752.20770397985
8142.160886228299 497.21926882524167
4687.136533391502 638.1506769629159
-2555.4056963157136 2851.1542622852467
-471.79104426892263 -8666.099866519286
-5040.33552616083 390.8425430967163
-1484.680623236829 3096.511215022303
400.1745080246692 -8394.183644267629
-7933.820108586016 3993.6345376385543
4459.633441717464 1500.1875739614334
-429.4841302863679 -7684.132361359614
1478.3419141828526 453.78562863752813
8070.259307158489 3037.466914754088
985.9872420189768 8994.260597069344
3671.538844361241 4524.266661809439
8062.773870193127 3954.404305728509
-5453.4930255038635 2144.6978552523196
449.37841452502107 258.45292303767746
5183.804708920632 -478.185756870982
-1050.6828232407115 -3024.317258537386
2972.2774884802366 7871.27646530556
6905.578379946306 6299.135573344285
253.2988366739828 -797.729929037414
4396.667300949497 9751.840917149828
-2347.1300760351396 -9884.633889158036
3285.480661896665 7192.435809862549
-2194.5643323668082 -486.6361054279769
367.7207274732191 1086.6078481184268
2507.126693454322 5748.191381198425
7604.832154423631 -8969.66677015446
-9113.062803077613 -3441.043434991205
-9210.275338263209 1655.3926191142127
1360.1188778622636 -1386.7044190510478
-9018.164985026398 -9182.805304766807
5928.850320160633 -7453.828295721241
-3338.6465602252138 4359.462894348884
-8178.9666776933955 4097.328894225393
-1209.2733295652815 -1230.1289840593527
-7491.165094487031 -7719.376004196812
-4165.1699521990595 3685.2453654467663
-2175.6103214288605 -8524.503618950006
1279.4767908449357 2474.485533849198
1190.843509724442 5912.868077542065
2301.225533742856 -8978.119443561625
-9087.285541722562 2234.78937726376
4979.716616023823 -7646.963217900074
2020.3187963523887 -1360.808502395139
-1192.9457335306197 -2109.844759264858
-4661.206427124791 7578.122156001133
1237.0336782627292 -5107.060445041431
1253.033000778747 -6940.118176809172
1630.293503738183 4035.9340113860526
-2934.3706185864057 -6687.49199788063
-6810.251054540466 -8907.36822174184
-1104.3037547243184 -5101.915342838382
1343.953122187815 -7658.778544810758
1742.2307257472403 5324.385083639036
7524.306894635261 4576.36957853702
-5363.545080537533 -2217.613025575076
8395.318456972178 -2494.026955307807
-8266.645923475797 -6154.766128803794
2335.404033880661 8831.338387913467
-5256.588451213118 7796.242979466777
-2671.009236742885 453.7857516187469
-2718.6714090536834 -289.40425549530664
7418.974312729428 8020.2011417103095
-2490.7169549677174 -6502.6277221487
8481.853760606758 5414.588432907547
1878.0827586141895 -9184.369188461314
-1673.8357594248337 -9177.786358955313
-179.67079148150697 -7889.745731451985
-9021.913250834188 1637.4586715633413
6925.504989412657 1970.32890077075
-9493.581015650583 1756.0276903614995
-7572.327004642374 7594.839460197214
-4147.646496276618 -3313.303594692962
5762.254478644329 -3642.4934632307695
4867.803175369516 -562.6919411875806
-3500.8610939966766 1294.6133900908499
-6870.711522354045 -6725.733428900462
2135.1575345877063 -8203.28764684811
1082.6847001193364 -3775.708226925807
-970.2670543945096 867.1229711317101
-8312.591520316242 6581.752274396145
-6806.696531486685 17.1637694217643
-33.09613623279256 -1295.592405130421
9688.890661420635 -1799.8944350916026
5735.570610580036 4024.9275819627655
2082.975977392407 -7857.1565048417715
1260.5542640330932 -6524.91059380898
6682.617750871155 -7983.664178444756
-3269.8931423382874 -5585.913172249355
-9778.465135610324 8592.878539077592
8138.499701360299 7671.902100548483
4208.649298468872 -4129.683571568466
4560.756283352561 -1536.750485561055
4328.381196154003 -3399.6719487379414
-5221.246984031098 -1302.8965785596884
-917.2509940477375 -2760.0565454915313
6833.5193943344675 -2398.632283636135
-1708.8737445717288 3552.502527059778
-1683.1586732421474 -7398.2213252032025
-885.7212048105284 -1583.7354651172373
-9921.43409090084 3038.6573016177663
-5054.910211599972 -644.0549777084962
1514.2801353658288 -4425.343889623879
809.1591051152736 -5105.541652868844
1711.3099307915163 -7958.813117417185
-2155.7459852098164 6029.190798790571
-2530.7122260964697 7990.740941943564
8978.348325103063 -8030.839670552725
-3425.209849413851 3366.838511113572
8101.7993471363225 -2273.5614168909106
-7302.141363645953 -4527.109446636759
-4170.037866925056 5237.259665008014
-3108.5301664435237 8815.772686528584
6378.342773838191 -604.745821246237
9913.323244886837 -3580.5500640413675
2123.1643099948087 -4288.710050686497
9452.586910708906 2848.5207823337005
5096.006193526418 -2728.569176900799
-3167.48059746516 -9548.92100602064
7961.947265850064 -4753.45681569219
8873.179210942646 -2775.173716033745
956.4426588678471 -585.8638809495878
-7663.300049717111 -2770.105809202354
5806.929527430189 2985.0257907340947
740.9048748065179 -7383.630582622984
2840.940515799479 9484.463227079814
6315.301827051735 104.04946714935613
-6716.700699144576 -1480.6102902015118
3486.7920735215757 4146.483894751995
-4829.268838869709 1970.517190791763
-5479.297602339292 -5969.117966713138
8363.022269455443 2479.9568385615603
-7193.968332358318 2810.0124271315563
1805.6312823505777 -7937.839212837569
-5237.915680013745 2231.744837114833
-5500.556813013819 247.9628665858927
-2543.052624144404 -273.59637924711024
559.1362128797191 -1621.459209169936
-4233.459272147761 -8968.340494185162
8292.406430330364 9498.150530175939
266.26468789496175 5179.191393443594
3408.094521534029 1751.523364920191
-4964.462022444281 -2663.099016794612
7262.014491845555 -2726.170439946378
3168.8028102505377 -605.023335772159
2475.089261130621 8268.165577256896
7024.86669148281 8203.654067842643
309.16164544575076 -2702.4650220664316
109.7128158120122 -2984.967068048317
6861.646607277464 9775.338790434504
7976.205052240875 -3049.1461808335325
8440.952378848804 3220.405935224602
6637.395971888509 -7787.333924086577
410.4013355790248 49.64388861098996
8728.415395006876 5270.343629197734
8339.142571133852 -1486.5914463172358
15.214837900670318 -3590.5495586595325
-4525.65700244846 9835.725297812423
-8163.294646912856 5787.470526683785
-3650.279094343691 8703.530474672127
8680.130660166626 5543.4666253153555
2771.2637498154727 8956.12540173743
-5672.227630785825 4525.247487884411
-4528.240890266819 6658.0725140096
-5123.609765102866 -1157.3329506940681
2401.541680637147 8695.794207466435
2419.062380540896 7725.2027679301245
-7076.347167517054 6620.15872155071
-707.6145149789736 -3943.507203248615
6107.3732868181305 2664.3820049847727
9530.263725032186 2478.0458779334185
864.8839874069472 7698.591881620265
1528.8111571303725 5098.866758777847
5851.591478201808 9339.441348818531
-6084.840224354868 5617.270370796452
-2148.5791423330893 -7484.816050916479
-4773.75000635738 -2944.3094101912056
8794.18380587696 4493.661784355467
-2758.0259840152203 328.8235079306887
-6397.112464296437 -8287.323612778715
1680.3011007143632 -9490.032613099907
3744.6453541968312 -3290.7382900010743
-9549.681006113691 4929.96460895961
4659.629276952237 -9973.613988319461
-9227.613619566417 -7862.325236655701
9168.28233379804 4182.666311156729
-1787.1122160063896 3270.4369412136566
-6492.2097108723965 -5377.307948277863
3044.3550691617966 5527.51961810562
-2175.4008233899413 -3977.4101522631545
-1669.996580901323 -8790.919535481828
8750.537540379148 -8592.500115974402
-8254.988435201796 5177.689585875363
-1884.1105086236266 6244.65406237251
-2614.843870373289 -1380.9919470907225
8903.549640987 7.792828935702346
8676.691204197181 -2377.2661895862266
-2775.8439189141645 -6334.33528366117
8989.649364460987 -8625.528832326048
-2607.098151297704 3129.413275863839
2670.011408685423 -3356.3031823467736
-3885.5132116653704 5900.667440559133
5944.487263713019 2772.541626662831
1333.4646132739163 -9005.818899538252
4514.920921759151 4514.6263593113
-8516.987288878108 -9334.081233257004
2647.61725506304 8842.729334795826
-8334.053140722515 6559.489001152826
-2823.827082220092 -3761.4125028494127
4727.566167367822 2590.8835422762186
9074.664467589922 6997.669922278117
7230.7081283109 2223.4900192076584
-4878.652761053224 8726.296795087994
3019.1743383889043 -1257.605257083711
2661.2732738432624 2477.993661784698
-9643.540396198548 3719.0083762870563
1589.5461982590568 1870.5179789987633
2552.5058206074536 1064.0941884825588
9415.187438670291 -7955.481001137361
6541.986037104238 1899.2932149760127
-2371.1112412876046 3469.324735779237
9053.393945789536 8934.28406611866
-9413.808512880621 -629.123148597233
5809.008747148509 -1881.2546668494215
1730.9297616165495 -5048.626647381827
-4378.427274460026 -9954.69208467209
-3777.961935589742 1589.7040950467508
8304.316794928454 -6088.262161194453
3890.126481080415 -143.70332050652723
2986.7336341292303 2807.593512556692
-8061.515056626036 -8554.475837701311
1729.289932362175 672.660667173368
2916.480220633781 2023.3533241589794
-7743.9530170036705 8481.476756561387
-9768.427438171253 4507.445274591653
3174.9408738501934 -9959.695328644233
829.4765701359083 5441.453248393078
5231.254759898069 -3760.0662230726175
2660.257847679537 5894.792893973872
2940.5964667436583 -9310.275085946769
-6838.551686349865 -7286.315712957872
-7626.525337264813 9365.348562614476
-5772.461358525776 -4031.1878709286257
-7085.648283447035 2234.690675975231
-1001.5107742054115 4089.4659740369098
-6506.1693053123945 5783.435137258455
6288.185815308916 -556.4428709733802
7093.411921770199 1943.8637456672313
-412.9609780421415 4017.4559419731468
1248.0415570275563 -8862.554100560033
-688.7842413123235 7369.092918268732
6822.453446869036 4973.8180197670645
-665.7297669128511 7172.3333422833675
2513.0856335097433 7605.787389824629
-8174.780116805944 6440.140563894754
8328.130756319293 3822.029610462898
8030.396227356465 908.5838075330939
-2275.9245581648947 6666.167801816508
-3125.316630454913 -4916.715577004995
-4872.156600132387 -2297.032672522505
8121.029808317871 6094.409955833793
3249.4578128899448 -990.5952008021159
2315.4147262682764 -9224.130171495453
2890.9044300014266 7550.397383155039
-4142.285556936027 3278.89628024227
6882.672524245336 -193.98338370704369
6277.2107839800265 -1950.2860157725972
9330.218428417968 -2650.9611065023055
-9845.244685169522 -3854.449215988713
-8471.611818183981 -7471.282595463808
4121.884207935673 -8367.242615465788
6702.608685264575 7498.686854948814
7980.472998625086 9205.34579706175
7161.446735059166 -466.0481290765165
8224.775917655388 -5818.22042753876
-504.0924805750619 -9086.066939706112
-9888.992300630413 1682.3888282030766
-3863.366219515514 -7394.417129342081
6907.879645307756 -6940.695087416267
-5119.059508067663 7562.607146905815
6074.7964041065825 4545.345441437328
1927.407677983796 1663.8668504566704
-6147.295849100871 5607.819957217342
-1493.470621367691 -1853.9381667937942
-7884.152539509343 -7362.265270927582
-3628.2937261207153 4842.830655819183
4320.993322404751 7374.4350858663565
-6784.363839486172 2624.430646045441
1003.9410425914994 8860.232930036764
5502.959933861799 8139.191304245724
-488.56301954116316 2739.1067810660534
3260.775133005647 -5710.019444254537
7519.878973147497 2358.098762574815
-955.5648068519531 7835.92404206784
5380.488890449224 2399.5488992011924
-8403.182670192138 5091.686480403492
-1556.0958323413452 7666.85497663463
-6354.969574540936 -6096.379564108658
-2744.5765394706978 -2834.03654444897
2829.3136174972205 2914.1484370729268
875.4252393979496 -3230.6574736524517
4934.656629833951 -2417.2487959550317
6567.754333915371 2518.703635923701
9396.459315371805 6513.983814849264
7712.159229160963 1017.2808248298006
8477.318329381887 -8650.035636835571
-8964.863629795876 -6617.992250231044
3562.825653692289 8816.81092811732
4116.826061681948 4870.452120833888
-5299.972766048398 -5528.460197195742
-5380.11787830613 -6433.0815237401675
2802.9870342614813 4277.957666092112
3799.5173782909715 -1593.361457903664
7875.671260413546 2347.1283300098657
8592.213256362877 9336.519710732959
1153.1606148142673 1010.0100558051545
8943.860383730022 555.4380405483589
4237.961578755901 2846.8979358698634
-9973.62747994119 1546.6084922218834
4108.994184705423 3380.3388760052694
-7394.888871379917 -9990.92249756523
9306.586685189028 7845.214580923002
-942.2760088783452 -4185.0640413990695
9647.617512262896 -4218.283692094919
7408.292352067419 5763.359540308917
-499.3036805289448 -6846.0213876878615
1228.9626006340986 -4827.864146844842
2952.0879158876087 3279.153458673267
9374.506878634005 4241.854226403226
-1881.1618818268498 5058.748728919467
6253.561714603073 4647.466929501774
-2583.6456710242683 9836.088475985565
-9296.451600317156 4956.47392347085
763.4783147590624 -3339.2303100077743
-475.4189076290677 2242.495080247598
-491.1402671032265 -176.96015273108424
340.9383981489955 1657.545005795415
-9711.775241162517 2228.0349384351357
7696.960292269629 -4254.159506773447
72.91829804401095 -6488.141970781187
-3842.489698311054 926.5111991972735
6345.878946101855 2758.5088279405954
4671.426544338969 9842.11461762057
-358.0219825176828 -7741.301505113869
-2430.332015868579 -4835.616624185437
-384.5517046735731 958.6299393781374
9308.135157576515 -7031.830289389549
347.90472617502564 -5921.1627260271025
-7571.558362666761 1929.0730656848773
5786.231803876481 8840.22390090445
-8801.827177355304 -1630.2105278496292
2000.4088701393466 5316.461461364879
-2994.5290354160825 6574.7210936387455
-622.884764515291 -3861.051759703216
5821.0494770949335 -1188.0545243364577
4915.737954501763 -887.4476577266469
-7095.966795766977 -9853.841843504064
-7530.804024702509 -7242.601868994132
5416.296428047353 -604.2620815253067
7072.7624423022025 -3626.010414299605
9723.248169858096 9481.614858551839
8429.860443909514 3435.9894509550395
-3102.693020789713 -2064.8434243522006
8174.579374122946 9947.003244308427
7303.578262682033 1476.8101227294974
5706.444785214948 -2145.2411065705564
3135.532041771734 7346.778841916988
-1806.2410528063483 -2301.906779276801
-3618.241526221631 8463.539220674902
-8232.400813403718 4369.189055420062
8943.167721105074 -494.4686423525236
-7020.641526939966 -4794.4527403122875
1483.2682222972235 6655.893170391675
-7729.519563197151 583.1954115458375
-1917.5492139117778 -4980.358210730716
4503.8276113631655 3764.6781691775905
-5119.518313621876 4617.223443123805
5531.903659864638 -1037.6024469549884
-7370.309480683292 8377.905620992817
-1672.0675719393003 -5590.0926934181825
-4555.383629402101 3700.991327674801
-2618.4294711755274 -9309.204344283557
-8977.835075049641 2922.3928891213272
-4138.177079304945 -6343.181539673582
-8780.39758948332 -2581.3878314184694
-3524.4964434704243 -4026.0172480593037
6115.998616603227 -4900.283115451256
4000.3657475870405 1667.3066298476842
9546.005620203716 -8312.567514773285
-4852.18773907248 -6007.986676373156
9583.156173469306 -7556.005029835722
-289.12827905687664 -1459.0495463475927
3563.1200777834747 -7088.046384424626
5878.911414376031 -9294.94344395944
-6024.3294777321935 -5255.377802352181
2151.3387576735313 -564.2733211043651
8917.36191377923 -4148.562641578251
8458.32179377161 7714.957302556879
8785.230745469067 -7148.0146628199345
9897.341189013889 4221.196763317994
9505.085908747496 8227.010387075934
7920.174684087728 385.82907697966766
-8173.7405467907865 4574.2405377488685
5855.68090734123 -7632.709589527675
-3922.0486504259507 -5978.604095169108
8329.546826837224 -1573.1926611224135
2270.5980098786367 -7881.718215459135
-2557.064427386269 -1228.1905764408293
6538.961582145574 2424.3981068242556
-7502.24920865996 7140.0839613115495
6661.931689943351 -9471.977671981409
4607.024274208274 -8770.226152419733
1757.3026666863516 -5622.736104677939
2704.7049271134456 -7462.647512492058
-5761.925902934486 1573.114910067683
-6730.086795401847 -4752.255635046059
-4269.894277514359 3669.045475887815
2506.508620323948 -1472.2168712983766
2889.2362155597402 -7458.759438593481
-3230.4091696466594 -3093.7637912208675
3919.2570272006997 -5461.910079408192
4706.347757676171 9380.658152784312
2080.4120942384016 4387.081513841702
-7120.565926175641 -526.6445703519857
-1408.6161152718632 2731.7821569447005
-4433.145816473138 -4334.208168611204
4065.9938656955946 -1308.8879751247314
8983.09543802702 -5527.218726144168
4989.138091654373 -8022.337150649663
-9657.951327040677 6874.854717196802
-275.24489537127374 -2118.673020416235
-7016.972031270896 -7090.7829847539115
-2838.096026803394 2819.0501649591733
206.98271294454753 -1073.2653852602416
343.3144831893096 -1828.9628501081197
-7479.219182523173 7354.44000208539
-2715.9473303665127 -4231.712662247846
-4336.782892013797 9760.053271422148
-8323.784104258688 -334.1494708740629
-9912.811590961674 597.068939869403
7288.875753612927 -4269.257808484233
-3501.7480426822776 1215.969512908916
-8389.260157760727 3092.970857144108
6600.573012991717 1559.1796184890281
6646.311067651193 9652.683366758763
3377.0366323170783 -9585.61468359065
7764.581199523243 7605.935287126089
-8968.905697240572 -5817.110958190797
-4887.402114475763 -5653.839246664238
-8856.31362885194 -1173.3080465019102
-3655.4913832223847 9117.914411703616
-1350.6353412649223 9990.03752896173
4279.976820062746 -3555.990341578193
8911.52800981755 -7751.832221377481
8594.139919392834 3616.7041991068018
5477.454411073042 18.08919243935634
6754.566961691973 -8561.891553222698
-2980.3989803772347 9873.163453832774
-3841.0510935113807 4914.532311949622
-8479.57827697053 6835.380213280885
-3209.461200528336 -6245.986197692695
-4066.261394647817 5676.193487452503
-8303.361626627386 -8714.19864421627
-9643.524335794393 2338.8363615158705
1208.713173802922 -5184.903059644644
7170.353097063107 -9697.938020388832
6060.99459518141 445.8988316129544
7663.9159662673155 2037.2866489611988
4427.708537847657 -8950.693143113242
-8678.945586886868 6668.145177646449
8387.35825198951 -2675.8035114907443
-3737.041840496702 -8476.501712171523
-3564.239034625394 8791.686179175624
-6743.781474300472 -2518.0399245980616
407.82718064474466 4084.3630390696253
250.58206936618262 5838.0567129906685
-2468.655602516028 -1964.2374250931962
9585.640518036576 7877.137636115171
1324.3222083254768 6845.117255191435
5806.516990719012 7428.2162884016725
-1339.2860732030804 -8013.055884472371
-1545.6086004008503 -8629.06997806717
4567.640840809623 -1445.4556361755076
1248.4998798035722 -6595.153501401359
1180.498270457496 -5628.959194297494
-3247.9967152155086 -7653.6205005435095
-7229.379327280765 2471.1032072120834
-6085.076393056652 7800.599990838789
4873.465273614513 1451.036055345332
-5186.888212824688 3262.2666324383918
2283.5374417423645 5704.447832337337
-3546.998373780426 -467.5743703273165
-1954.4120641645968 -9294.760902232125
3687.678297605211 -206.03292984168183
-6440.131316195777 -2730.8127512030796
90.57877112019742 -8228.449603691555
8532.53316299191 -6880.065767196317
-4941.084515220171 2108.3439303326613
8740.53971555072 -9895.289254891324
-2530.2957494010307 -6575.938807815717
-556.3020941509949 -8950.335396031865
-1112.9546078226358 -4524.204004621617
2764.783050127995 -8485.798540406091
2620.104750183138 8425.203375557921
-1528.0778105341924 8598.257000782709
8857.010340737947 8422.590658033929
-664.2656198796158 -8524.03276503131
650.6664109980047 3550.527239542109
-5403.001818789648 6473.735081078852
-9291.733839922863 -8373.396227689223
8068.887143922038 3280.2074294713784
4737.06701861385 447.00417777787516
1011.1061426014039 -1729.7726446021406
-6475.222489301765 5759.593408626684
4151.538495159435 -4055.654839304477
2983.670899873836 2587.2388287914982
8094.295071674707 -9869.996231754463
9063.347055112776 -8520.867499685048
-3158.660100245048 2860.0518505940254
2737.818173853575 -7150.098521575652
-4731.85888373894 -9261.23534732342
9198.396303192985 -226.67634492949946
-1867.9090082984649 -3874.9185221168455
4934.631732958644 2429.508650509235
-4444.297094021978 3607.3068032591764
-3438.6708553924364 5861.4215655618755
7914.889465103814 1013.0478138116068
6050.46659676502 -3221.330242316889
-8324.100120223 -1407.3079169775428
8452.597830815412 -5146.508789846809
-3037.229581850698 -9965.733929163258
-9756.873644286816 9285.933851985876
7500.4418465557865 4612.039882170238
-895.3992196589807 -7627.779129534178
-5933.045963958876 1040.7801702325887
-743.0273116346525 -1607.6452058300438
3701.430342248632 -9497.923854267321
-9626.463112810681 -1659.9787140323333
8652.833985474568 8828.710022182004
-7328.94718165176 8849.90247387109
-8582.239234037956 5977.555370556071
5938.335424322457 7134.530717377904
5203.822874491592 4691.034808971166
-3931.631340483317 2824.8457011339888
2768.4448154870624 -358.3124562556404
9084.79650385755 2315.655897970515
-9178.813296739332 3373.939959316276
-295.58673948157775 -8450.771410009587
2040.9859300465414 -3998.311043850007
9153.056864571114 -872.7321004935347
2247.9886829296465 1889.856768450818
-4746.898275437407 3223.570971966552
6382.926217526867 -1557.4112859838933
6726.513117148625 -7023.316065040923
3685.2715168784252 -359.6858436353814
3208.2184902819226 7873.910636903733
9824.692656669464 -9887.592054783345
-7359.673990550035 -2904.9445341330074
-8271.400137376455 -5698.270418327805
8518.505616293678 4866.319578097031
9461.866862924398 9671.844566277814
887.6260703119133 -2418.2088967181016
8753.087151318374 -7072.733200859858
7034.52244901134 3782.0139762868203
-2374.9960267327697 3861.584927963988
501.5547739828635 -963.863094680466
-8924.960937074593 2717.8804748053535
-9654.605985257005 -5643.812731712829
8865.12598176271 3840.3619435782875
-3508.7451218116184 -1020.9602709394421
3218.327850226344 -9084.323610204841
1583.5789626633305 6183.683203565513
-4416.987153997702 -2753.1012498573464
-5090.0542829494725 -5731.582121062464
-5386.370041241881 8272.712164164299
-224.21949082875653 3894.64792031228
-8869.582558742815 -7061.1521791473115
-7866.8000669198145 7710.968434644881
58.6514176417204 -4451.640963778851
-4681.876687395461 8503.271238792346
4211.33051369436 361.8584694962883
-6574.445997801748 8073.629093208758
-9732.53683340921 -2511.642473726354
4153.724050160494 632.7503920641811
-6588.581717769613 -9498.101092503144
-9126.430814983492 1697.8234612188753
3837.0712411016502 -6261.315310953409
-6769.219734878518 6319.601740054524
-4316.240414571539 -9626.048063809742
-4236.523400561416 -1080.3820863395322
-3040.64782324958 1147.3611643408658
-5180.701449288119 -8899.56106507508
7619.005670048264 8000.213564240152
5481.526475078885 3498.90748145424
-7793.529044993339 6907.323329778454
-7735.404569629416 -6915.648720643419
3328.090858758689 9830.920934369868
-9984.834401194908 -1739.2364964974768
-7282.087701475974 -3006.5155561329784
4755.686189312473 -9286.000297391343
-2234.384445504782 -2439.0723265554607
8133.171505564045 5152.060356337859
-6882.75214627619 9347.110530262842
3686.693378035412 5918.5588805699135
9322.02728577461 -3704.8390523028993
8322.866976761728 2916.515636299935
3486.76425717896 6260.635636523792
-1810.6012636919513 8361.632312390473
512.7291480641288 -8983.92360001909
-5437.461815049227 -9408.74142586026
7728.078944951245 5416.04177119644
-7584.940321529508 -8512.74050781789
592.2316597632434 -6693.756090261889
2007.1834743632862 -9971.939390058029
2636.864082029135 -5970.072592529105
2143.6219861985937 -3932.8533922663537
-1078.5168006522308 5279.181693670973
-7334.280158667317 5642.345441462017
9019.81158049517 -4441.608503624888
3298.4470183433095 1952.2418418809411
2916.4981714783426 -7328.429653299165
6147.763822341141 4593.110834640771
-8818.044141719889 3414.855834661086
9944.684338937772 -6268.217910881936
-593.594895387052 4049.9653842831667
5558.123539491104 5596.8820425910235
6112.482389749448 1153.9534754126835
4349.409116064817 -8997.066197783177
3229.0515603071362 -1914.859369278548
3617.1157799168523 9578.821224203279
8697.151962012977 -6425.393824460865
6681.654149596387 -1045.843579430968
1892.273602615398 5847.182653676115
-915.1576742628567 -9635.874923371524
4285.456022216056 -1804.5872432689084
-3069.5427783980113 -34.589650039413755
-9871.02897088601 74.45771166351551
-1432.4562675983016 8612.826579123648
4940.637351039992 -8444.515661946496
6619.055564588591 -8071.664289682463
-6825.897182518736 8369.588253053447
3784.158960579658 -2798.869172656233
-9299.305721109242 9793.835650765202
2893.341435846656 3989.527248400391
2591.7343034010046 -7724.451636580501
9371.214572872443 -8747.590352749088
2178.4977626203454 7960.472118829759
-7437.283297459278 5420.030290882214
-6519.74543296165 -814.9804789124701
1304.1705593946372 1020.9797523176676
-4170.854947310425 7512.289217276448
-1328.5403192388076 8314.180601589414
-3116.104605157797 -963.8852833678884
-8986.656029692105 -9168.211611862267
-1787.325946789777 6446.908443679909
7178.738407885467 9820.917041654338
6238.672529097847 2747.6115511080734
5272.539952548917 -7720.868026821268
580.2622537869593 -8472.415554677635
6325.388806871453 4610.689449323647
1680.8780387863135 4346.807882196712
-3061.489376221535 4887.533318918
112.04193518911416 -2947.706816819413
6265.587600494871 3281.0854227652235
1046.2425870232491 -6256.868456654567
6619.370933757549 2437.902789084652
-865.3553500749003 -379.85612905981725
-8458.458734625981 -2595.6945738366285
-8612.098653982983 -7899.37260916485
-9649.905818647996 8162.106150028096
-1353.3851246117993 3348.220546865845
3979.31894664245 -3080.392332729187
-158.7210924483188 6762.442624029813
-6646.789176058068 7009.066707110516
7479.803605472345 -5008.003834258241
-1416.050419968069 -9426.153048699121
7664.026790923046 7680.445703682919
-5037.159749017048 8185.525522224725
-6575.124629172762 -6577.568225766674
11.917847748698478 5113.236856943808
-3720.8664843066326 -7696.91046824585
-5209.82486481773 -3825.416417955381
7649.054205801123 2912.891884967079
-7800.829278756513 3929.4563101467065
-850.6691425851695 -9125.342057098695
-4791.453010044819 -6564.844178414229
-1265.7738920019892 4688.998596457939
-1277.228249544276 -9136.773227802772
-1689.0686961396877 9099.010790460652
236.19806005467035 2985.4526770446773
-2336.4679978404793 6194.549762727822
-3525.679633937919 9868.485439087275
9395.203789622556 -9879.044200766823
-4105.1197235756945 4073.624883947081
84.5706914491966 -7473.372812988184
-9776.735735398644 -3759.7206724077296
3965.432412375034 2778.375729923295
2122.4110215270466 -861.3114643215849
-2822.6638779054156 9493.021186477235
648.2291465516882 109.50340986813535
2997.7701260388694 8078.226957606988
-8682.68983850955 -4735.139395002879
-8544.98097571058 -7254.910395263683
3414.493728220492 7907.614079500814
334.01527583689676 849.546502737805
-6406.359806294497 8332.424476801309
-1174.2067680022883 2439.186708786212
1875.7261018843747 -7495.569170990724
-65.5604892318388 8526.579891777328
-6175.823500583088 3068.2585259701227
3243.7136153181727 7879.7784080293095
978.1202428871838 7722.166213421919
-4241.212065061785 -5984.834455145913
-9449.964936628232 7199.14117907418
-4723.149750612443 -8402.627771538233
-5054.9561792497925 7928.797724985387
8103.577798104314 -5404.506717056017
-8165.123247551031 2910.9713052293646
-9079.214693553477 7314.38816543806
6320.3329837588135 -1586.091310384496
-4776.176707606625 -6185.633755523217
8141.818942603364 3817.016331807008
-8014.4076223366255 -8747.907261376626
-1051.6480203978772 7250.129244507847
4067.305752006061 8320.089317291473
7311.177907383793 -9361.67768908523
-5615.567391045271 -8768.277776470024
-7531.053125969327 -5656.705178237
8949.520250131965 -3406.8894553756254
1717.1636676506496 3799.404739860611
-4348.117559984715 3022.92081051652
-9094.584448554593 -1625.5478456373457
-8002.579278890172 1525.5354818089727
2681.6571232514107 -3857.651747961976
-1979.8749043784273 8392.620112681241
2923.621322231991 7336.833656618688
4190.087300488798 3802.650648126124
2223.191911337868 -6037.559611055736
8381.128814060452 -5692.520633971359
-3659.625444072014 3370.9300464197713
-9175.554687406318 8039.566364728809
7219.2647026074155 -431.5376456366794
1462.9330838996448 -2256.9823392760945
-5540.794954323105 -2399.216597497826
-9765.845319133054 8626.116762207861
-3939.8972123486046 -6429.236995493346
-2451.8235462245057 5552.559781988724
6811.653546370144 -4325.377373546153
-410.19917028181226 7233.134252268577
-7127.989272458046 100.24359450339034
-8937.019221084114 3849.122678116082
-8117.79436103417 -287.0256194738704
6608.50808832801 -1066.7725446004915
-611.5779103802524 3161.3716374176074
-8635.675872030948 -3646.635120784261
-5605.007361904957 -2632.6334464210086
-8998.896762130058 8889.184200340158
9546.781469881047 7322.355121474651
2054.0263035645276 -3839.2751589133222
4740.385228641935 -6307.245504986497
4484.950957655386 6563.128438217209
-3110.6200082940604 945.6009551038078
-9852.534061856522 380.8778393971952
-6880.394706533551 6536.788708145206
3190.5889606768596 9399.552240121157
9846.27529377904 5161.580391817361
1425.165486448519 2102.6247225819443
-4014.5212132647302 -8850.93934962867
-8709.71199867843 -7064.6475339488825
-5021.589594740659 -3210.773950408603
3295.356370687641 -862.6454833996067
-2642.5405636334217 4713.4365399005
-323.3403716525536 9289.990442778977
-6740.931667496595 -1594.0088256160889
1495.661046797235 3994.1883785130813
-7410.959681398617 6506.615965409455
8519.437014905208 988.9076658277645
-528.2227975665446 -6229.312731206435
1962.0046948536856 4539.942868706703
7165.686813497279 -5613.962731664031
7528.556358058588 2073.3160121270103
-197.19944831967587 -8197.764943168504
-5807.103568697667 9797.030320525562
8111.411113601265 3310.2496558603925
-7248.3377575646 3449.4896670871112
7706.325967465098 7317.444160751453
-2562.810979237004 332.42459138565755
-9417.886997087666 -3405.1162999602648
3734.158350985368 4430.686044340591
3120.4915867326417 -8269.046370310018
-3966.5443560236554 7690.816679651522
7223.815572052401 5607.3433103905845
9869.937497301922 -2575.182909560629
5112.359636187259 -8079.546386554808
-4770.900892850347 -7674.9164260311845
-7126.084032603712 -1396.659446416421
-229.0955351315406 -2279.002790325315
-6970.022437174963 460.3189800412747
-6192.6740602099235 -5522.802349446496
2183.5805851373607 4408.403709114653
-7516.571541093144 -4671.905583284819
-3760.361231166312 5426.77114709379
-5149.896998541772 -2537.2998658578535
2739.407341236996 1647.4797856042114
-5620.159108637082 -9181.591282944395
-2473.524397160986 -7022.298243156432
965.2285974952993 7811.863702929997
-8737.519893102319 9225.758161299156
-9446.89348697851 2129.599405588493
236.50809526297053 910.278786210909
5305.637959330736 1720.6684982595107
5462.941069751803 -1236.1608933737207
4542.795981249654 -5722.006521070113
-5761.728297959128 6399.4590359832
-5290.928337843404 -7735.277271137977
9128.205663371078 -5309.624806523516
5220.480277768544 8936.393424544407
782.148289520761 -3879.462425734361
6286.228176680137 -3170.7605355718124
-6977.05551581582 -7304.694674245154
4662.675810010285 -4170.488037059244
1335.5333105472782 -8041.14922326084
3785.5298727988047 9208.210494064693
-821.040628395076 -7753.18777290344
-4160.540432620712 -7099.839798378358
471.9507385660472 -9490.233927947289
5062.624714990447 5825.8895894709785
1153.0752392379145 3875.1232692954127
3946.8880833575768 7199.310667583082
-2107.748459028473 -427.920941792574
-3017.2516520970194 533.7181507779242
-2168.824123954678 -3073.7149696899887
-9788.662958423982 -6546.834001616151
9656.01843440524 -162.05799144842058
-915.9259726572745 7435.813472497783
3356.505156330095 -1510.969577686912
-8006.1099386152955 -7739.651648919299
3701.2985471242027 4982.453522952173
2330.1725619482622 -3803.852309855957
760.3647086398505 -802.1328604785831
8022.9022927294245 -5127.6520913576705
-269.2068613542324 -1643.9709785747255
-5720.291620355533 9280.541668284073
-8126.674838889933 6615.513865863835
2582.861246391434 6510.343009940341
8542.622872544856 9482.681090732935
7001.500291662942 -4413.404516916104
1095.0827584088165 -8102.193713297605
7487.674512710961 5171.52536554693
-9116.194905821198 -1432.6689796435094
9063.062488399064 -85.3141304159908
-4398.919893070556 444.19621542030654
5666.501579445237 -2121.950409039857
904.5563938093346 2215.2812834121887
7920.763131576885 -7266.845776083353
9564.025972637279 2236.975862869611
5190.264617287905 1321.73649617288
4291.550499397601 -1433.031340208814
-5960.284966089086 9690.804950878828
4968.423798508391 2572.3435569465782
-2433.046493450348 -1142.3451233638934
6158.25774355204 -4948.8732859914535
3071.5296812599063 -4670.153163220008
6596.251167535571 -1113.5572087238506
-866.1410695543691 -9200.299335291933
8770.490039428882 6959.481646380089
-2581.943311946162 -9547.601718940134
-6238.097886586378 -5620.502384204138
-625.1501484291985 -28.693021674984266
4185.273586751557 46.10650472137786
-6490.765572440362 7593.680274910192
-3625.4787571542483 4141.164774326571
4990.830240090014 -535.59473291022
-8118.821839867974 -4645.442969870354
6123.179143173204 4055.02526196496
7905.860198034603 -5519.762924185534
-6448.511759019831 -5440.2385932411225
-3541.772861988775 -524.0821506667344
6076.631278757555 6949.825918304476
-7158.228434780183 1161.8122948556047
-4443.525413997811 -4238.182477850995
5485.511312948778 8440.881244088258
-7386.106066193157 9715.547069454595
-8804.52521886079 -2744.938954893788
8734.126566983974 4901.156385897795
-7425.367421269837 -1551.0183033232042
6822.374879887069 4544.92731482389
7660.7095903102345 6294.71403066602
-6594.1314353607195 1257.7211102506426
-4242.895441665042 1638.1181277420055
-2597.126846390647 189.4961104575632
-2017.0879479562864 1459.3957115386038
2744.40768467779 -342.08869935474104
6243.831648874417 -9902.519978031758
-4877.278486425025 -411.47084473954055
-9873.470306832243 -3530.072082500157
6753.857730605534 -2501.3209994658346
7644.793398530368 -3672.989897100807
-2720.0833131602976 -3223.431721397119
2816.6073781067716 -1089.2700005563947
-6200.092766249676 -7348.246208144528
-9272.940285082763 3346.5234776932994
8506.361060300416 -2477.3678982713272
9032.76183339802 1677.4386055009672
-1481.8347830538441 -798.8809605123697
-6210.740501437608 2657.6086115398502
9238.342229121914 -6845.759756387879
-2966.323452697792 -6746.125881963081
9928.80413770155 -7033.133889098868
3730.6319262169436 3261.4400363132663
8182.369736270139 2019.3760025786814
6490.238706880875 -7478.522416121127
-1414.3730182367453 3768.547516261484
-2107.2192574819355 -64.37765826397663
104.50361090839942 -1960.484798280715
2305.4437837209953 -1195.6570612932137
6587.682274237039 -3618.838388350605
-8247.74145045934 -6026.808967708983
-4728.710877660378 -9193.156105761002
-6300.808334146311 -7147.029704889809
9281.553830165372 7136.884595246032
2542.108158282106 4586.899185885368
-8129.568685830109 6678.789189502768
-8863.898115801521 9469.865244253502
2482.449756781789 8125.682886184091
3880.481882141765 -5818.09001592321
7739.330738922119 5322.992303418334
-1325.5298080478005 7480.106811411057
-5957.785301878919 -4052.0734667041806
-8515.533418503004 -4299.974609030896
-7270.399304258382 -8834.155929394523
4314.493598219171 7750.016316882309
3592.3893871703112 6972.127057703867
5047.240554843891 -4761.430886563023
8035.704527757793 4197.708892747878
-4076.113140640138 -5042.96109529915
-709.5520962608898 6050.933042473156
-3643.3193021271727 8147.056056937479
3815.820615756713 -412.0335497149281
-4680.981725587383 3813.9787823328534
5397.32940166522 648.4951013523623
-1266.4425001588115 -8195.23195130372
-8566.925630213158 -9437.01014972822
8079.686148937999 -4549.299917209742
-485.60276326880376 -2667.6606487240597
-2132.5739831878373 3282.364317235706
-8354.74694900867 -5999.809419356623
-8324.335779324812 -5343.574995377371
3307.943600012706 2582.8650439688936
9128.355010481911 -4909.350668746794
5071.135423720189 3191.2496887728794
9483.140242580535 3685.7529131304436
-4450.629051093358 -5126.406886638563
-8567.395074638582 7219.622165480618
-3738.446886703002 -2772.332806314108
3269.168119022326 -6668.474647258801
1299.1711717800827 -24.706635903730785
-7259.609216440755 -1329.0612117820692
7703.318798737357 1461.7484047608614
1722.2683705263134 -3032.3397931438194
-3937.171734941351 6437.114226615009
7263.846779407566 6686.90085834749
5084.135582596307 -1503.8445690092049
7607.29270348608 -1734.9160215770953
8746.768289916014 3197.8375887000875
9463.322841724843 6879.110324137724
146.62162416062347 -5844.851932936599
-8877.31864924332 8283.8814042275
-7757.511801164112 6280.385758202496
-5089.864540612807 -7540.100611671097
2459.5678054303444 7890.640999231306
2038.2389433236876 -7355.204600524459
-4533.022386546521 6522.70709014521
3093.8984186417965 -4220.324719178477
-3565.440017092016 2076.195705776463
-1808.447934463602 -5516.807179634635
-4312.432620878039 -4701.837882473712
2252.5591751014945 373.2958109592164
4916.08463772108 9642.081594632622
-7078.825000844628 3888.6294882571674
-5040.6722307039645 -9821.463131976978
1303.2657637958418 -3281.400505492502
5673.248135992057 4504.525200004749
9014.708447830857 9533.134880525144
9503.137797214331 7492.808335165057
-1047.8128610028107 -89.77365611215828
-7878.769054821606 4242.272294794555
-8250.105381981653 -6808.659158012413
5852.556405588119 -6265.213448996354
5061.414678417617 -7548.159549218564
-5399.396706993158 -526.4088715974412
-1393.144614901168 -7144.416784335859
2597.6144585807833 -7227.240132027342
-5648.930319353711 369.8882144878444
3542.62823408463 9386.839411541634
8229.598857860943 5149.100299720276
1553.6575617273702 -9185.734636228823
-2485.2615190530078 -4147.985180952855
848.6742894746112 7877.722214551239
-3785.082357154588 2740.4461515004823
-2816.637342607817 6079.112318067751
-173.63506833146494 4613.264616872053
-9188.133544462 9746.360271603346
-9693.195431256028 7462.256801613428
-1899.9464959693532 -4866.217686016121
2316.722617445914 1193.1872768405356
6909.095810180639 -8592.69594707197
2574.5114075272595 4837.482779610567
-519.5624601815234 -7159.668918063813
5597.590143945581 386.9799739554328
-4208.48095399615 5565.604901810972
1152.3753094125277 -9283.781287347534
-9785.104949632758 7872.91817199226
1411.7591719016764 -1986.2144586293944
4801.666817391322 -5687.917080172353
9119.53684921805 5726.252786435931
3623.4403098688126 755.0882312150825
1986.9960019991995 -774.7241811911317
4345.287611673115 -9909.096357875474
3097.677828482092 -1759.536299467707
5565.482188120628 -3629.0722630231057
2272.084147176778 -2442.3585407243054
1446.056015176233 -1007.4020291944507
9144.899303626229 1564.1853742125477
-1228.492977981863 7903.226178123798
-4866.929662967234 -7069.885403126621
5811.265080757066 5825.642623640762
-1476.1321644707205 -3954.328047707063
7224.812585070933 -5848.237296248708
4587.84213596534 1793.1538332582604
-5263.370269525775 5419.734821097178
-9077.64554589481 -8187.222742399472
9421.41580451719 -2815.156493818169
7157.160364788433 -2370.5944224180976
8178.329095635701 9613.878617920414
-2295.707603899855 -7161.0138430243915
-5663.744241975965 -7722.779654363914
-3589.7274296967853 5010.581181236859
-9679.593169736523 4382.409002675018
2769.475874528078 8041.912136422041
-1076.1751186503152 7087.506095457451
-9216.771800630493 -4586.640717112067
-1034.3410606627822 -3447.9146724248967
3600.025788948251 117.39393296244816
-9018.652316219252 -7971.779453397887
9748.026937363342 -2002.5452577394872
9078.136353498812 -5436.630387811272
71.75193657303316 7812.308946076424
6202.631409058677 8781.586075544536
8410.722208669464 3548.963131132061
1805.3764433834367 -7270.979461710338
3608.5261595154643 2339.2370213367067
-6749.282375636458 8914.20239099714
5616.603103456424 4792.119626800941
-4691.495734684483 -6556.870144689162
4257.805077873058 3636.0909880170384
5677.457237918175 -456.27839727823084
5640.58194378941 1272.5858958386088
-1271.6871858478953 6793.718155593197
-1734.5841991238958 7173.845010089175
4518.133308420831 -1989.349705365682
-1459.0879055670139 2015.3991940394226
-4384.5397562085855 -7967.975661523547
3727.7356662047605 -2984.51586407142
389.25936227587954 2508.405060886509
9254.361294247981 4160.703379850142
8152.899738628355 -9648.39263844678
-3100.610020472359 5829.29552632183
8917.674452586838 -9375.257326303406
-9489.03563152345 -9219.614214607827
-1501.3279011406503 3430.3884886569504
6734.592098843619 7559.637412082229
-1670.9353869678525 2747.6944708568008
-353.5189551454441 -3921.2479896775812
8577.186110649844 -2811.243641804628
-9759.750015308806 -6541.704318957737
-6975.968804470007 -7710.873719299114
4390.684372973019 -8819.645314969644
4647.106184242364 -4783.136173542
-3781.0333099490044 7179.568765089327
1969.8317214990675 9679.050939262248
7709.604426746453 8708.106927312681
-2026.0188772964048 -8675.761239502224
9980.057867924446 -357.80763385889077
5735.925209515626 -7916.183047419874
6779.849362142806 9354.805628731498
-2064.269922878714 -4335.168970307166
-3403.2869746438573 9361.237390158069
1001.4340491171151 -4198.699790127269
6173.137301717901 -1348.8164771199808
-1110.8814921318317 -6109.371251563829
5287.421068685582 -1046.894705923607
6362.660791052007 -6713.778146500024
-9670.848269622427 7133.625751586209
7125.342740941109 3786.9616977224578
2499.7926802486 3516.7394626093446
-1731.227331215845 1758.7190624230752
5394.855811061332 -7885.335930174482
-757.1495744369986 -1157.3823234892297
6274.897836140004 -8405.813196421703
-9086.206437344115 -4650.709486020839
5508.387394479048 4259.3827662453095
8265.526955949786 -6792.097623380501
-529.7548061950638 4413.628327733053
-1086.9901859812471 -2266.7523979850903
3605.6559754914324 7170.853463385753
-1165.6380986033782 7493.758548254216
4419.53074877871 4118.005004107292
6591.932431956822 -2792.2111451393876
-8172.228136072397 3187.7360037435737
-2199.2686809615834 -134.9206287384768
6607.279956145303 6682.363170298355
-7284.070300496357 -8835.172113869407
1607.42986551186 3597.1531980318996
-8450.585983247629 -8118.667157709078
-63.496287511541595 223.0516001701326
4488.659459944271 -8087.301568692465
-1487.6253885509304 6465.980963119349
6379.470935035102 3537.628069644192
-8832.500006502192 -5598.121137851062
-352.5755221649106 -9200.138114286598
-8075.932700856616 -9706.333754638461
-6728.890261364444 -3040.6553926688957
6105.922884108475 -8371.622475262433
483.57821818182856 2593.7407478128625
4629.686496029362 -3310.2903625517665
3366.6594654395703 -6796.549495295499
5118.243196744341 -4236.718988803241
8616.10339532722 -2932.197063582831
-7594.418572114317 278.9234453515437
5493.785519025876 -8380.361899190942
552.726139833745 -973.6491316658721
-5653.511302162242 9750.0264952104
8670.305486227338 9037.604348672605
2059.0613587275984 6224.394746154796
-6355.946042541885 -7188.328870802478
-576.969935745461 8785.86384171317
-5714.641640075532 3263.7363283553004
4640.02881274673 -1458.8581976135447
-6520.286213104149 -6886.459468932944
-2957.317636967571 -131.16835316130528
-2418.248438366455 6384.351233147147
-4396.128734228943 -8640.438960289213
5606.277611840687 -3733.912535818533
-2081.418853989936 -3808.1433219728924
-5309.4642620329705 5803.174728716478
7080.818980654043 -7132.764624946531
2853.7048398581082 5699.725150559552
-3758.633263765785 5372.494304381487
5255.404682998793 6991.679785399603
-6379.580700730996 5606.731862492907
-4044.22037029059 -4582.418087869642
-5637.568637437725 -9694.847171987974
3605.5023740909055 9026.670233080673
-141.20737877418833 -288.7561048354546
6544.822288792118 895.0262627070533
-9972.787189818635 5893.440787046651
-9533.432529839747 -5222.471092858305
9524.998113876358 -5128.071274178345
-9901.209706406575 -6894.588002736641
-5013.334120707813 -1384.229754497028
-4711.476439034501 -6053.758559908624
7114.637949912445 490.05562611848654
1418.8976735809083 -3624.831175499621
-1184.971882449574 877.3339605378478
4267.656313055413 2163.3363322862515
8558.819704645579 8467.092596163067
215.87591101940234 -4228.635538779279
-3237.9860502655865 -2898.4136869743616
-5858.507195495164 4342.849227108951
2216.6091365394605 -1914.1362172822874
-616.9956479197663 4724.862393393245
5467.553521220265 3514.3496172717587
-3165.488471907687 -4500.546038831959
6519.09134395685 -2564.1119167640736
3534.0313445806896 8592.200775390535
-4632.79066434809 8573.674056684802
5032.8077427771805 -2769.1285558718755
-4406.831203598698 -9163.962200363705
-9615.885455245141 4859.3135430385355
-6383.611953531509 5998.573308248728
-6234.161966229814 -6931.311641089819
9193.222428854198 6707.635716617471
-7448.098540617989 5690.228599692024
-3638.5226465672395 -2650.236344416455
-1926.628407723927 -9099.291789235049
8268.754909755891 5351.114120218826
2360.8811988710877 -6476.144640709745
-5813.965844492017 6115.527014308271
-8164.2316500881425 5667.96388473876
2496.1513609398116 -8920.632606535622
7218.124782337218 5421.997846710925
-439.85756266709177 -9744.170307191942
-2154.282113621395 539.5078325351951
1102.6711266386737 -1839.0852987512817
8148.545715326807 6871.70966269038
-9878.927147904853 5157.816567061256
4199.550453705291 9768.1151577682
3310.8024426045613 5026.006338453575
-937.1966033663903 745.1226922914029
6613.366203342852 -6044.195404987107
7086.262529304437 -8569.981150146199
9731.104778332912 -3811.2095975346574
9336.971091084266 2119.8692914536095
9316.461612664109 7168.90771711406
5052.362131682032 3251.8012596651406
1031.6616137238707 -3661.32708295267
-2717.9007796255682 -5336.773298636064
1788.0060299003017 -1390.5881468926636
-5179.320559714735 -272.4301411168253
-4787.732023863787 6053.989409841624
7081.79675191523 9283.106554426096
-4249.045303047996 9515.024740108704
3741.248996411885 -6270.4557926117395
-188.51719926376973 -6408.883548905704
6775.951453993126 -9250.984907677363
-4047.399139028682 -2141.8683099700856
-1047.5982749042978 -9184.829899315482
374.66403259753315 2202.1499475640067
9868.722377027505 2986.1085990762185
8823.653139684378 -5214.824694130795
-1669.8127890048254 9433.896613387216
-8488.883317534266 -2565.7306885238577
8138.921901961861 8745.470414661766
3765.482890395444 -4860.713192352757
-6695.752668135718 5236.7363321018565
1868.478460166527 3863.9192158657534
8230.915500166495 4353.733883064553
893.6771217516653 -5980.70151858966
-1381.7262474268719 2691.730039598846
9352.46440588601 5718.928503206256
9604.165933620232 -4754.825826931224
4066.0099120884024 6328.253130160436
9113.169340176202 2208.4488095993966
7920.098272545609 -9158.304574530244
6419.542738180029 2979.398541078088
3022.964446167098 -8735.45802271512
8611.038701426816 -4025.3495472600935
-7725.443301139567 2446.5610176901682
940.5262519033768 -552.2460490608792
-6531.071084073179 8708.797183146748
978.1343107348712 -9291.775981911615
-8210.250991079773 8124.496653931103
1027.4274782672292 8971.583259197214
8922.19169153893 -540.3419425551401
-1555.1164210218612 527.5376516525412
9992.758230846921 548.2339952290113
-697.2476988097205 3995.4520099992496
3161.8594554208303 6271.5399592249305
7261.120499943601 -1856.6781228746577
-9067.733382597255 9330.954288705274
-3434.1685092860507 5078.468256387627
7099.824152533081 -2352.4689233728923
-4235.354414318759 -2424.7879060304813
-1238.9035234906405 8491.67223096341
-2965.1548347394737 886.8247537693678
8905.904386766793 1340.5411608680988
-5058.755268907394 6596.070288146275
1860.9837830991055 8980.430609907107
7994.363298335393 8890.689965617847
-8785.713628312456 -484.1745306078192
6554.284907583744 -7892.77817946973
-2162.284172706368 -9283.563681264754
1426.5287004176553 2468.5624750415263
4239.385744105941 2528.0123140260985
-1077.9846110462186 6647.718496630969
714.7514134123157 -6407.738444158186
204.00987535890636 -4877.771495689267
-1370.737647713111 3265.758512153385
-4579.299991059018 9240.76214353474
-3346.542900020104 -8102.76947742433
-3577.1574175576834 -2494.564801174146
6884.704707907669 -982.8461648258944
5791.704534237637 -1219.585648185819
-471.92364389197246 1613.1263104357677
-5546.706685125416 7969.412970118665
7172.1169586349715 -7190.996032327961
-4669.336390685743 3161.710366053241
2683.5613991298396 -4964.668415865807
-3713.138113264785 2328.365067799843
8358.32670955874 -8826.88320315446
-7963.14760005423 -7642.692002858828
8204.39069833831 2172.539093207146
-8242.446194041708 -6451.943368036946
95.44431517871817 292.7124559157928
-3199.1109690921094 8643.795053413436
22.498184417278026 3378.1460656411327
1215.5433506614663 -2939.3781570064466
-3216.1075827835093 7482.089242637692
6708.8919016550935 -7819.221435799582
-7807.559125293841 2666.468069159546
3231.3563872696304 2408.71650290845
9241.739479192682 -47.33729261681947
6541.2166343438475 5145.883316175583
8661.922162202074 -3833.1101790959356
4908.693996759592 -3077.855649068626
2908.4520697286152 -2181.490713135757
8543.898973186711 2628.7855092613354
-4134.192537781473 -4830.921154598771
-2615.9765857241755 -7869.924046233185
6411.198900454037 3294.5355032557018
5550.927644442914 3487.3981746365607
-5528.251578477052 8212.393915675006
4091.065544082254 8611.988026241997
-678.1728180669488 -6959.599322482107
7535.47036678714 -630.6513842695585
1605.5432941640138 -8327.398786614553
-5631.707408910067 -9.547099370676733
-7067.359719823591 5603.314027667782
-3331.816869161741 5101.856319107905
-115.64002938774684 3299.035954307108
-12.424051226778829 1768.893036306894
2879.0953000012323 912.8360379495734
960.7222122993844 -1346.8512350893925
-5414.056845051303 -1844.6765418913546
-2817.903456390165 -4282.5641985001275
-2562.4472929497188 -6219.193391218949
-8427.41289965991 3868.5344616065595
5281.935603992251 -8583.205422473384
1751.6516663812636 5509.985057887901
-9673.800852070803 8359.522571857782
-6140.581872991097 -5815.743223367671
3263.432985949543 -2522.289491023821
9823.47391773602 4315.641352554225
-8162.732317341639 5511.2970640693675
7240.8753401791255 522.2596595982959
-8913.096982464018 -178.56884536634243
1846.6988315496183 47.592165445004866
-2871.3158115099022 42.5151489712498
-6033.78012738122 -8431.016385765513
5568.587990116956 -8893.353620629567
-7601.402451458211 8972.59671524541
-4496.740768095413 9755.320414640428
1855.728373001175 -358.6771332641929
-9444.47969926337 7922.795838911214
-6619.3012642789345 -6615.80622461323
9503.557595102331 3270.052152064982
-8903.938695587894 -9657.138658373811
-9198.726176126438 9667.803726141949
3182.935048591933 4042.7511916385447
-2349.43569322831 -1428.4403527428185
167.71075878697775 -786.4790740021472
3274.576716477055 -3998.744248931883
-606.074632315549 -6914.509231594264
-345.726149980288 9232.517810599937
-9017.347681875868 3575.741868419387
7228.911919390572 2326.1353136171474
-2364.4708505771587 8109.607364197149
7924.331679045954 266.8714216745211
-1689.667279616191 2780.320299706944
-638.7745657135165 -2247.746215622088
4099.791424461917 3131.6040914678124
-5791.155266330463 566.5290838354267
-6429.896891230595 5055.028235281925
5387.87445067131 -5005.507104447726
-5633.594306200495 7125.981683798858
5189.495596718836 3874.43640195447
-1931.7583077589688 4159.146559739078
4365.934657027707 6658.987153665959
-3921.180932753372 -4153.6084423455995
5861.0756422894265 -4752.851565481271
5757.6748508999935 -5952.975716592179
7087.996575478144 7370.370981836186
-1942.8944465409122 -2367.612199541917
-5476.427733085416 4960.032274608928
598.5323184555054 -5256.198126900306
-5121.4313850911485 6193.214479829856
-6574.268004876183 8904.898192053293
-1785.074895380827 -3191.7812321384063
-1402.3436467400425 7636.413585952487
-9879.778698701144 -1199.225553139313
9334.341515422362 53.54457390651078
2412.5840827269403 2756.4337749067163
9605.188460183497 3383.001989203991
-5162.410066842078 -6155.815593652574
849.6779262835698 -2581.0731383351012
-6168.009671131809 890.827539349455
-1053.6343552452417 -9356.138170019958
-1332.6350945881677 -7024.789275383539
-8403.218820045708 -7926.989000794338
150.10548448891677 -1374.063407898906
-6033.35694368399 -1162.9560952675129
2542.3912709754477 8975.693943410904
8727.571502947274 -8899.267979455619
-4517.8828591692 8119.892133767862
5568.2745545847065 -6878.256904042535
9418.00842247982 -8553.189684195071
4794.954231046033 -7914.055677898806
5439.438651114266 5851.008282821531
-183.53030450258302 4812.593626237371
-1631.2528579429945 -5488.732550020954
4110.564623553571 6504.843573725528
-9402.86255760674 -6691.127971124207
-306.7396901440952 5427.995548225374
3383.515050660497 5981.567709350553
-3835.7163676164864 2729.983579293121
-7801.0915583137885 753.0603811769652
2077.19382954679 -2424.3968797920033
3187.393516277745 2447.4614691535207
3683.6416690063106 4348.01296231087
8927.725696770613 992.6069986678103
26.982213517787386 878.0944665047064
-6581.829951033071 -264.288788024478
-2088.7558239303353 4494.259606703241
-1429.7125348589016 5139.349603185907
5447.233016013577 -3857.650552950291
-2514.2673306584193 -6804.701751899742
-1321.6623141663422 1907.2834068790198
3403.3882985533182 -2711.7232631349416
-7785.618236500518 -4024.840543248416
-2557.5507646461283 7261.193788221339
1852.6440627635602 9406.527194403046
3130.3418903154197 -9921.99826196591
4840.959186321761 -4951.400493756848
-8807.33865675596 -1250.1817432390635
1738.5856357343673 -9503.81345561657
4195.571672460437 8084.490096273759
2756.3084482192025 -1781.8215929983362
7369.409976053925 3339.3148946953315
1008.0314503874251 4798.425199654932
-694.4932119586738 -8998.83894261968
-4718.112441137468 9696.90113774205
-5793.473759137669 -312.2365227280061
5739.683025756467 8019.063521391592
-4016.102703561857 -6441.504549650627
7379.271665501496 -8511.638549762494
3734.2066033144365 -9357.540251514589
8145.228504598901 -2851.140299316444
-2010.3183824409389 4136.264795675665
1248.990259884511 4281.996556295957
-2373.799254803499 5993.381182289897
4560.389691025728 -3396.4875191843767
8425.52409613831 9021.517988419211
3858.3156356584914 9013.619420849285
6026.733986825488 -3776.0295161305903
1278.9868415524925 6005.512426351506
8365.154648931413 -5734.558639608527
-4523.866092876568 -7705.635473802664
-4314.707749006708 -8287.6444962083
5808.144958106504 -4689.041581179254
9827.631207231447 2092.222007412629
-706.9792639977713 3911.1639734682176
8727.393149362855 6836.1371273784425
6122.770174403058 -2015.5241971562045
6926.650211984139 3813.0377855859006
-2795.3545224919126 -398.1172172090028
-1610.5316631647092 -6566.137230962683
5497.414172773038 -2074.6496707051483
-5976.968910668014 -3801.7022469361073
1836.6311077764603 7308.237559811387
-6954.017646086996 -6923.682817100596
5493.662226400387 -9151.989405952361
4708.501304969694 -6738.73504508524
-111.00263076586634 109.62157859365652
4856.912059496637 2600.7522428212906
-5318.842411354612 5819.981314542367
-9551.097886311762 -9593.827040400618
6878.30242603182 4040.965067899273
4363.714109315015 -7638.821090566581
5670.398569470348 -2339.570139082154
2714.9477119659605 2893.976538329245
-1644.3771659232789 -6002.246100102797
7361.901155158863 1647.8518289791882
8035.425043957093 5902.436579585659
7428.651502484692 5578.849534943936
7678.4807102920495 -4068.6697471101343
5378.357647384519 729.0675464521246
9704.52372938714 1022.1084947697291
5553.558883951833 5868.5642081018705
5414.8556704658295 -1462.39931771605
-3918.4872133854224 -6031.600821816541
4397.076277442953 3637.6637966443213
-1343.101662044568 6861.8664345276375
457.40100014038944 2642.280386796421
-5047.495959700914 3470.5011923744096
7684.673408525006 7381.615493278947
3271.7829246642286 2615.9847803999255
7925.9904520339915 1485.7921005791868
-5454.549590808042 -2291.4031390757054
9254.624648172754 1149.1695650826277
2887.5857310170104 -7502.61410752759
-6063.283524449465 -9889.048174480115
2664.959471674678 -5413.213647614454
-6046.018024798974 -8574.02491133568
-8603.384130216358 6568.9095966516325
-7684.525830515876 7056.559387367328
-4210.9993469845695 -6609.7079472897585
9192.208282644442 -9601.659672302561
6825.2154438982325 -1033.5944566441904
-6665.75404797832 -3439.975609188584
9065.26025383384 -4923.235668530366
1280.6135804813075 549.0479363685608
-822.5951804950946 -8782.0031102369
9548.217811883278 4472.149282456299
9209.1102378246 -4638.215841244269
8286.683433730352 -8558.110915548928
1219.2072019410261 -7540.9049065524505
8811.851224411668 6087.196669549567
1631.3145086488694 51.67521062189553
1981.4221178568769 9398.042049991665
-3968.234298004747 8496.29264861568
9552.034890928171 9091.363944510722
8123.591712036472 -2923.24483725096
-3542.1553291635673 5767.42596649814
161.38701590914025 -3326.742011546451
-1623.5603598916423 -167.2089779827711
-3569.829637051703 4678.1544564136075
5998.730042011421 -5501.8553092081165
6194.63459221437 8491.755957530233
-4904.793240829237 6116.226771888787
8033.451012505258 201.32284871234333
-228.22973785322756 -5292.8436042032545
-6413.406363042959 6940.920312941689
-4765.912121774371 -5274.521088553186
-4518.093662850033 -1050.649906030856
5930.2372225516465 -1044.7162945838954
1570.4384299933172 -9512.094020522323
5117.1683147046715 6876.771599485361
5588.3429544558185 -2450.774610384301
2697.2908118024316 -7070.300173241865
2976.4175983852874 683.0393218571062
9597.29304430015 -193.86465348127967
9826.647950434231 1284.164466668606
-987.9453827060861 -2762.9925659879336
2788.394823127108 -4667.401817372023
-2487.676221932851 7693.9581028020075
8255.1488401379 -154.8771513813681
-7684.414526648642 7010.038159643285
-9733.941609943886 -5807.657220002127
-5054.649664569146 129.81513524417278
-1705.2907986472364 954.6249039128106
-3945.141258206415 -9968.502059128119
-1539.067260157759 9134.923998784809
1366.9837496715172 1320.7114720929276
4689.683189746909 -3683.9684628181967
-5517.100966053156 9077.585630067668
9954.312431456157 -4255.708490141117
8737.85265650109 -1754.1447284308833
-8020.14003304578 -658.6254947344732
7333.175428778995 -815.2980786123208
-7354.757117675634 8290.23316864772
8649.430253292623 -9038.911408238999
5811.518716763558 -889.1226280311985
-8053.609550881062 -4457.614609979363
-5583.319034441279 5036.162614646522
-2418.682895133259 3256.1039017340318
