9170
-2200.6796315972115 -9757.380092348858
5962.235337367005 -5611.431182437216
40.436601414383404 -4629.028823837353
875.2468289494172 8707.1914658545
9153.347771882258 213.91523559619964
1042.8095732889906 -4635.553659362812
-4338.376446728543 1636.1504929449438
-4330.19738861089 -5450.436371328377
-9494.73183825415 8762.050849472274
4393.972153955248 1881.1914202505777
6791.21727791685 -3202.4164553696546
-8548.439067370155 8557.484002827841
-1460.8325997009051 -6580.991709166559
-9698.287470061927 -5859.582643848522
9624.036509985253 -823.289404354493
-1399.6052923246461 815.2625842245816
-5973.499966931306 3928.9509445969634
-7112.751998524141 2595.0723676335056
4538.216610152189 -4988.301270424811
-53.57643823121907 -9306.06754082266
-8771.50250352918 -332.86003965808777
7525.114285233769 7171.641797577089
3264.3441066048927 4194.841583597334
941.163512714329 -7043.614949681434
8085.930216562039 5355.973617106762
-5916.227477164744 -6519.123456567071
-9525.24734974126 -4247.61082170654
3408.9929528478824 5421.346744293722
-9288.151204385264 4218.7683714482755
-8245.652633291636 -8592.329556115714
5808.613962364245 4707.440126941077
5144.57016705587 -3923.1853991543185
-9297.07163432818 -7288.090262203908
233.1266485273136 6470.715086872246
-2651.557473505699 6966.507423251664
-7378.180183646031 -7466.417373543255
-1214.9597372586468 5975.998840457518
7023.444865385554 -657.4492555925244
2563.6414940807026 -6129.602904793297
-919.8789097724766 1709.4806334801779
3308.678230029751 8146.614888691522
5622.575773574385 -6079.350202531932
-2263.284440964706 -6949.982966568533
5253.312424047877 -7365.0489415455395
7109.864644978654 6665.324927636069
-5640.738757513539 -659.8574352781197
1887.7742473112867 7227.741125655808
5007.148614010308 270.5856115205479
1252.156974958385 -5268.43903250382
-9352.499980609398 -3681.1758664528397
6212.9509299052825 7604.9547973868175
3150.8268650355494 -6772.744077679557
-834.6148282104732 -8964.007881513466
422.2195342836894 3225.0603027285124
5052.363240329676 3476.4102195864725
-2311.7873133026405 -6720.549929480643
-303.2575548803379 -9083.985930889758
7522.458120856361 2259.2170791988356
9403.2400560444 -5287.989720066688
3774.3841097690674 -437.5456182638154
-7410.14717674211 8073.986664511387
-7212.316684024327 -8860.757581971211
8993.837297610611 -1253.3514646199765
1643.129161765115 -4656.010454196031
4907.44494503987 -9001.165081062789
-2367.1310056384764 -9318.976693070132
-6066.225887445453 8718.735120433645
-4228.990141335907 260.9435673889002
-8086.748830010723 3231.6497324772645
-8132.044638267775 3664.141967089452
-8043.595603864768 4398.024056952914
-2456.37458398492 -4088.189543122083
928.7630894761787 1615.9052852430177
-9472.676943242092 5373.658592940676
2268.858047224856 2543.375963202998
8689.700304577618 -2304.5286398893913
1680.4638672426809 -8327.081796715589
9474.897189458508 -8791.455448302902
-7974.625488912315 -1668.9243687243452
7748.615101547533 -9213.0638754262
1653.165362752512 4243.181413649327
-5449.4843043711435 -8252.610856081768
6439.5470630239215 -5505.667936884278
6837.013958157575 -6859.326791050593
9965.071508816207 2534.1866070115484
4023.1773878927797 -9337.989746564723
8551.113050651318 -185.41584044765295
-9019.895302445828 -6587.846764797047
-1719.802463923712 -6284.630135599061
9116.806914189383 5869.586176450228
9662.908697802613 3605.2392055409546
-2726.7135931795037 -3311.7693371637743
-7726.233037161137 4200.798687798111
2374.144702724423 -686.0579126184693
-3536.3862959664075 -2171.5333990436793
-3860.2805060340797 -4083.0127546362373
-7833.788080477378 2760.2291796744958
8624.407001805339 5766.607090164995
5851.912736381688 3485.676513340186
1949.4720306707277 -8072.338102351744
5841.40185545547 599.1592108322802
-1679.677545534796 -3961.723048289158
3477.698600335132 2922.298600374739
5265.858990733897 9931.29942583964
3064.726346301317 2548.496635870337
8010.184504841225 -5008.701682786025
7015.94135543194 4687.500462263457
3984.608652047693 5392.728890473065
4316.655112696422 8504.475399176372
-2289.4660261715007 -256.19541336482143
188.84592727451854 -7410.543349546159
-4368.526780918342 -2835.487451867595
2757.4040976215892 9259.439931875946
-54.89679664073992 8456.127447688981
8551.928888878527 -4413.197918569301
-1916.089665892404 -9226.524304800325
2838.3263917528693 5864.120996883796
215.6463886294987 -4909.891566796991
-6940.363781916265 156.89185788539908
-9017.533309748767 -249.54328003077717
4075.6602815841834 6662.034558359013
-6329.721890108338 -9468.063564664444
2426.123614237151 -8218.508935811493
-4902.5198671990665 -2106.111568294822
3502.2539546225235 1136.6231074192256
7734.94542819339 -4530.8657965883485
-9703.168835345838 -2809.475861936521
-8083.271667384708 357.84624763074135
-4687.105780933998 -5288.234791037574
5473.66315627316 -4587.677410915006
8246.47439110283 4004.5027660288106
-9280.346021883297 -3544.817497933608
-8781.138098490757 -6353.719996979364
9443.130367423862 -6747.618159704258
-9380.92741103064 -583.7376484588349
-4596.217500227862 2066.3751571366574
-9972.654994623348 -5836.948319564037
-9192.640607337133 -256.35756697819124
-7774.353824895288 -5447.369079209907
8328.964806745622 4544.713010483141
9961.325290082335 -5046.602760983845
-6522.0623958061915 7303.722209096282
4915.206192184538 6156.650531298837
-6554.932244853817 -1991.5565557707396
2235.5733769307335 -2802.6976090513926
8045.550404278016 -2479.3575418998116
4034.655317618608 -7769.013179800801
5968.73424773136 -8089.488781866272
9404.366998675418 1240.1544410595725
-4731.612941394667 -2242.1589472922633
793.2341046663405 3283.1382636730686
874.8423900125199 776.5043674001954
-3003.431756191814 -5933.4099968482205
3883.0600284564007 7247.713636365577
1547.1319528062795 -4186.917874466889
-2531.712758250177 8001.444797788452
-8046.325140469224 6712.0918874368035
-7496.345774660247 -1935.6956000497712
19.888339377414013 -316.02492606548367
2301.7087773302446 1596.0371052971805
6386.47803721423 5752.952281237394
-9625.460624406762 1365.7710387859042
-6525.78978296051 -3983.463943541241
-2295.206084646801 4773.005911494673
-9834.053338318596 8015.22836033742
-3257.433163983772 -5702.747271764099
-1149.1678478484228 7247.733435874787
8190.771611557251 9264.147907754534
863.9667228273865 -7356.678688765468
3614.2746602906354 7944.759599773697
9890.038701116617 5994.408298155353
2005.7355809349465 4258.72010778766
4559.558404110738 9668.796408011363
-8336.271335243497 1730.7171751068436
1251.4840934531658 -5637.54928035252
-9913.589188051357 -1146.208157167941
6026.196119163196 9220.073186929367
-5943.377153734653 -5358.217100844678
-9352.080669089495 -9657.84133019944
9691.99441538088 907.1836380194691
-8184.141369589248 513.6094719372068
7956.264367479609 8679.563312074275
-4991.531225065948 2930.4036379201298
4975.689801952745 183.62184538488873
-5244.568608290101 -5232.794835045979
-1522.9304084147461 4924.858388854313
1687.0682689482346 2620.22804099082
1761.56994665021 8684.725168492263
-6628.912794189348 -8823.949998845786
4851.192656495559 -2393.9445227868173
731.6930096838532 -1101.499561812565
-1207.6194617467245 -3946.537466033222
4756.272554056606 -9907.86164810651
3573.91619975703 -3437.7019787924182
9230.006436515006 1392.2483937113175
2713.920709158785 2943.6899512451982
-5601.080122319311 2547.683471141516
8293.423787084459 -6507.945667500555
3747.04449495271 6304.303507232793
-938.381746532099 245.40864705533932
-8516.486980904674 -9736.856013740402
-8789.413513043262 -7622.28765823644
1870.5699705273746 -5221.12616578313
-3485.0714652328343 7056.353159017333
3183.6354902672265 -4719.500649674422
-4245.619687020186 9476.827529321858
-1120.2832373631081 -5162.325509877274
6685.1792069806215 5290.549439703658
6460.617302681338 3362.393464343635
-4701.435258725804 -6729.359420240402
-9447.451189185509 3527.2398563927727
6702.489800710235 -6185.54521520559
883.9125591816301 -9702.22798932974
-2314.753673837591 -239.50073882214747
-1871.838261368208 -9081.957331207768
-3132.6151288249202 -9998.684088625514
-9011.16915623778 5254.6382194237885
320.9518099609122 3502.8050971509765
-3561.0500094597337 -7403.9543588108445
-9367.268004659338 -8405.639274700527
-8312.754182088607 -9679.445751663545
5610.836389279655 9773.111136404812
-8771.33709249349 2287.305093882973
-818.3717682679453 -3230.5445156830647
-4753.091023034759 371.509768572525
-8503.34891340111 -1750.0075686343334
-3328.1172014541553 1256.2634154423977
-2133.1454413951014 5287.84930336921
3354.9912300153937 -7590.2122318079355
-3135.904663438687 -6390.680148067509
9110.535489999347 6118.341929545339
6777.530695652989 8629.630407195407
-7218.523766485954 -1488.5542614831375
6585.1794808071645 3419.557206494548
-1976.9253947025109 1707.4693566539227
2698.592954170428 1998.522484158042
8158.035443689765 1524.044490252225
5961.220151546509 8728.710657419371
241.95229222971284 -9360.834958390536
4728.716046952883 -3911.3584769015097
388.00419855726796 -2344.7567883440115
-667.9006528275058 -2266.447957839079
8435.007368661845 -3790.1966547045986
822.3114866339438 -8496.158363841723
-5796.9116524001365 -4907.109219565668
-7382.595333319957 -2078.257744007843
9866.394481568375 272.68746116137663
7521.217692288279 3720.275762800058
-6617.578813057452 2797.234474853056
4555.080165089361 7077.482416988059
-3547.3202631081513 2731.551455164232
141.7184563110859 -8517.210523835916
-2850.396950684908 8605.87535068595
-3596.7862096994168 8541.312561763942
-7870.2743499616545 -5707.879570953147
-4317.495853652525 6525.7822806558215
6263.341071448936 -9207.910805685338
-5129.417928106206 1114.6878277692958
8545.99459981159 -887.6465830364868
-4280.793517171582 7509.154472889015
2317.3195510562546 -7782.854552154438
8041.58115154464 -1000.0470862766906
5097.8916984437365 8991.9913157804
1551.1330388042516 6059.968143426933
8764.92214132534 -8782.758920592922
-938.8341313489636 2166.3446249806602
-5677.226570695315 -4257.963305765793
-1134.1809594011029 -2189.55588326365
7184.434059906434 8365.684029667158
7345.427927992128 2532.642848378895
-1334.7518196455658 -6625.209089478723
-5812.9688903623355 -3677.075848144831
7300.346901426721 -6749.060219532734
-7916.5724385539415 -3642.902471818161
9632.392491722949 6755.072850302789
-9628.159028993347 -7207.580841893157
-5723.607706642373 411.17612364737033
-2204.08567005236 -1774.7445850626027
5353.507804377474 8353.243671617227
-6577.603532472378 9417.372003304517
1795.928921424089 8565.92667950418
6716.55728916535 -2973.6865861938513
7560.045551575342 9740.662911766864
7878.014312405627 -670.7435861639151
4445.308419320896 2285.496471039649
7761.307797114983 -691.3781428557777
4001.318078493219 -531.7971241331106
3053.2241544075405 -9028.360797031464
7915.844201890926 238.73859710390934
-3148.4754250791 -9595.038005300497
7311.632619462358 3968.4429368336914
-2612.620999102842 -180.66656376104766
540.0094815884113 -840.1757324915798
8356.482063768057 8718.225943587855
6344.459112678302 -6877.828588441083
-6828.534702024717 -4671.742597693311
-5322.51160162949 7674.632411992821
2420.887963965435 -6441.880035858745
-9010.728683011233 -2870.1817178264873
-1082.2617071250024 -3993.3594418092325
-8533.295136287474 9127.382765248989
-2056.961401243747 -8080.479653124106
-3513.3287344299106 6328.4465761601205
1637.8000336179957 -9501.81509023223
7457.457072203568 -2451.861211102544
5969.229495133752 -5406.8976703627295
-1742.5639259388645 -9405.077455025936
-3705.248557464931 7567.817483024548
6640.278258104547 -4098.196710461626
3270.054741681075 -3001.130010934179
-6738.897050582082 -24.107098033873626
4695.043120225579 2880.6562050209977
6388.15269340649 -9240.763776983991
-9135.786441224685 5133.214827009102
8899.719645140489 -6814.802545093888
1085.6466308042782 -4535.187517906605
-9173.791154124347 2531.114116751929
7255.453617860807 -7979.881967986169
5482.387385006217 5609.3339200062
6722.172862161213 -8251.344076502599
-9854.983541550808 -4594.842826981247
-8851.72762364775 -4942.863793535624
3266.220669740427 -6538.394810105974
673.5644274895476 63.170011450885795
9373.113789804607 -3872.6444450497866
-6591.995972278115 9646.779430024893
-9910.656610833712 -4274.424173787452
-871.0165135994321 3500.017162229884
-4875.615822125427 -4232.1902577115125
3030.91527048219 -496.07810301346035
-9388.442573817742 528.457469472165
472.52239891556746 4015.942724335946
-6164.082446138157 -6388.181604184478
-3110.0608652539095 9029.857723467292
3178.2979597025806 7585.051873983106
-1608.6370880093546 -4325.856042019658
11.968468933700933 7316.832938806052
8021.663364553628 8143.634264450338
-4676.494456566982 3352.8758798534745
-9716.994221565586 9913.224750218342
-2010.352993791329 -1524.0911328180773
-7779.7927859930205 4961.287308525863
-6072.960252558198 -9460.907589478906
-6772.802449044008 734.3625570138138
5741.9632299232635 7728.272549670666
-2296.391629190699 6713.59722828888
-8957.741074031692 -1400.1262550445626
4788.182858702561 2697.31562813637
-5766.152015665133 -1442.363043085079
7618.340901238924 -5706.998369871323
-8590.609250582154 6872.82100398613
-9087.100478707693 -384.1076131886548
846.7779958174433 -6081.117750384926
-9852.401403858512 820.2765778168032
-7329.681190956876 -3016.9349431868777
8190.7479369459 6843.505506595164
387.6312199500553 -5166.2678685456885
-4011.044477736831 9621.624764849876
-5699.5899187275945 -3836.324977670851
-7259.440002662261 -4960.554180570127
2197.3924894394586 -4903.94931142647
7967.046652169487 -7993.21594894147
-3726.992780919616 -1869.002961887847
-7009.615190333005 8306.48563333915
6875.340620083127 -8772.619064409448
-7453.128712635502 -9761.211073014016
-6527.784029208558 -6844.449187177186
8615.728250487035 -5409.547892850819
1134.3377756721075 -8176.645888732183
8013.365873145158 -3913.992588744133
-3130.3970979737624 3969.1076779461782
2901.858714410033 -8767.615119943273
-5697.152966366434 -4568.407417049251
9082.858307537248 347.07715274766633
-2519.5610634123277 9148.57422734539
795.8147411208502 -6436.093764536037
4989.3041677188885 -8898.268024386125
-7287.970369766452 -6260.6330319102635
-5884.894468875053 617.3092838800985
9913.732099223464 -563.5690390873642
-8575.532347613744 748.1870237646344
-5129.98677571427 4541.590715532098
-9058.705619988239 6904.496344406551
6769.1187087849685 7574.840160223626
3997.3715640789706 7466.288699192912
-6960.746308819698 3381.193328209629
-4127.37851140911 -1196.8029927622301
-4512.295631168008 -7353.762612010671
3500.509407362082 -1057.5889966598552
-5789.24968335627 -9442.859174758903
-4200.716021976201 -932.2863571430244
-8725.517504206287 4934.425220604891
-6400.133164404023 98.72168279857215
-6860.691073065234 6288.7327825700995
9676.379416816264 2790.880702486442
5898.5799288545895 7510.713034393462
1045.438595678479 -5886.825488343583
-9375.571307903203 9281.067144842433
5485.520959641803 101.91396838633591
-2538.4308230096094 8791.692763907005
2137.843941243853 -4044.6287102765345
6582.453189357966 -6002.221904599878
-7914.635040709905 -2174.557048061427
-8285.1433695468 -6625.401373635725
-1033.3260933007132 7578.9179058754125
7675.597232979038 2031.678802837574
1966.6806070718285 1742.346653681856
7191.765730839004 -959.1161399828216
-6063.809204036679 8910.899486307542
-5736.506762136926 7963.92275765436
5927.585867099431 6093.023702805864
1419.943407097122 -7181.369984627737
-3905.993725258958 3779.0997219941837
-3557.134207993655 5102.322819019037
5684.574044368668 1963.7181333520039
479.7124969052711 3994.4234861863442
-2221.637854509144 4917.5901402025975
-6059.032374719957 1489.4403440740462
-4565.042512765285 1196.5263011990628
-826.0004961490213 -3034.679965430584
5099.6421310685455 7191.311285113847
-371.59631997271936 1571.0765162502976
8386.350231010372 -2536.2873934195277
4075.455492459838 -8178.481860966118
-9228.265873156524 3180.2758937360722
-8583.042751533012 -6084.2093870147255
9268.818020430881 -8853.048073380667
-3283.5976972680655 5550.374287787145
2808.873482446872 264.01498908144276
2308.0608266316976 -9623.935634696923
-1154.6808431591835 9662.137002452364
-812.7752825523658 -8247.620294998002
7603.586921958602 3346.891165339328
3357.518348261832 7081.748027497859
1436.06326674298 -129.6427884652494
9408.83554849758 1759.724032769691
-9098.630101133429 -7635.089731181817
-677.8834689997329 2656.40000781008
-8527.59526795779 -5784.307218849986
-1655.1619992115739 -4951.925453821559
5187.710587105863 8714.648149796518
1753.7446642968243 -5952.842086488723
95.91143868076324 -2769.564208900013
6419.007958642411 -8167.8105793235245
-2996.900586012177 9744.922347950887
9306.649097472367 -4641.244903539113
7818.216792313055 4048.369355612027
1403.7284508576868 5735.99735445272
-7298.363706755066 -4548.163139604598
-9976.550643055694 -9917.684066809114
-5742.708961643557 7566.728700402393
5044.99163777855 -572.2362958781214
6168.871036734587 -3482.1851951720673
5365.534849494243 -7890.449964942143
965.7539911689692 -4102.532670705838
689.5992354380378 -8889.031269075433
-2985.5062776124196 -2164.7446775438902
753.4763821485594 -4077.0274869578316
8366.851649634074 6748.4563176654665
-819.8112099375139 4761.525417298168
-7244.4950164851725 -3344.5685296507136
-7616.931375668015 1352.772429884837
-7186.273000458143 -9624.759029792367
5283.700773758121 2001.9593217852344
-6494.508509280051 -496.7409596097623
5082.634613621181 3290.9620775713793
-5212.396543266653 -2256.024123276734
-8081.076101552727 -1496.8248990854827
2685.6257136835993 6998.558865925606
977.2127520950744 1753.4192290752326
-5749.48889761421 -4453.829200917477
-5551.265934090899 -7195.56112845608
-7726.975974247738 724.4376359057169
3725.2563515276906 -7319.539484200295
-5831.821216234669 -5294.135004199443
2302.6576454698716 442.1952308476357
-3897.9194005303407 -8716.584708957598
8093.466919478313 4866.56359306066
-1781.2820895116074 4019.8592881104905
-9804.620585419116 -8721.65084948196
9734.403854414559 -8318.082087700657
9635.384539002152 -6590.137016984552
-6297.279427416697 5571.629881494231
-3793.172507043163 -7081.363520252209
412.9849754236129 5183.767603510645
-5760.632588115984 5072.048135227944
-4329.600550478858 -6440.450776768014
-1010.5502059401588 8111.7035878079405
-4383.783827145271 1773.2896195467165
-7688.421595311427 -4060.712150782848
-6718.605628318384 3180.0377609211337
-8631.68373824718 -980.4701354345307
3727.390438143804 2368.6663046721587
7359.607240262561 6774.801999587049
4412.8698741790395 1206.2717335137313
-7400.331282523473 -3750.1907115806343
5335.301807414809 -5073.842950566563
-6257.648014564563 6453.7099234914895
9531.527263409691 -5096.924818839959
6553.539919786846 -4459.0774551755685
-1318.4216665691456 -8424.18572224406
3351.7853483099752 -1129.2174794919883
845.1586654895673 918.6151959313102
-1913.926354615347 9990.118140056144
7770.36335137923 929.3175038087957
5992.230776993782 -6288.287625498523
7749.368514094669 793.5317289529467
4867.164264231067 -9284.462877370413
6655.979771975381 -5299.447360903615
-6777.224189685776 6478.543103654589
4585.083241350336 -5271.878576943738
6929.0450846828935 -6157.302974194847
-1575.8038833773116 -7220.439771537283
428.4385826594025 -1840.1326691370023
-8277.520751358239 -9751.79395857819
1201.4476665314542 -3293.938254021351
-7617.280657641736 -4099.523333776285
6885.72789749788 9936.426881079806
5986.950964073441 7410.305706380539
-6701.040857294604 -8843.669893276225
7976.544943238929 44.096094427110074
-1411.7951258955964 -6687.258265857401
1442.7441460665195 7186.7417073929755
3826.2031747877772 6864.056859274482
-1056.2173296249202 -8284.325498742397
3597.6858369862493 1065.38211716986
6549.883243367545 -5328.697943617151
-8533.534526368105 2510.2393162499357
-3772.4138779075874 8238.606552807567
-5313.299139963266 9398.525613255893
8710.009775318962 -6253.917818518406
119.39323551645975 7754.493353187638
-6840.187853978563 -7795.40824115215
-962.1620508442247 6697.405176889275
2216.7669501640958 -5149.864423512125
2353.3916602987865 3871.436030444951
1432.0327911650893 -5779.076364937303
-234.40154876511224 9270.289187765891
626.3464421557601 2490.556184830146
-3561.6568232837053 -4054.085485723018
-8630.474695290432 3095.5206975576
-973.6136283224223 9469.608225106644
-436.1720741187528 -5863.384436580996
-775.7290978327655 -5482.308751917783
-4976.133065057819 7600.3280347208965
-2517.7444507752343 6582.860306419399
980.9354842114135 7137.58450279279
2131.5816478757406 9566.220731287012
-4400.242200132829 -1046.2864923457219
9884.046161941253 -4116.087895964171
-5119.167303398366 -4695.1424704167375
2518.4958406689802 4726.137542615132
-8268.303652290822 8162.479426637688
1539.5248273781763 -3764.669285416642
-474.41545253420736 1799.013692995084
7691.309060003048 4624.081875505157
-9873.865903837723 -2635.87626137828
-4567.833821733287 1632.362451641633
6141.9125807110395 -37.57166396442153
-6176.904905337217 -6772.509581939472
5084.734325585945 9309.965463736906
4756.188537630274 7079.186531221119
-859.1376495537879 -1261.9270215210945
7046.48523399415 6095.971841749368
8424.359773878143 4129.768564824602
-9366.522746666287 4188.072786300283
7867.01480935801 -5684.883626826682
-1013.8601924295435 4425.897860482664
-1690.5906111331387 -2481.5199689397787
9778.017405665061 6892.060998257763
-9107.137378081201 -5358.04105470757
-6003.452268767634 3778.830763415648
512.1415539141872 -514.2817031756204
1873.4624444226483 -7338.207677459521
-1126.0227675326987 8447.326938172715
-9629.231267701613 -4615.585938235707
616.5926667032327 -2191.3756503743252
-8570.542362117585 9617.116207856936
6980.592294685939 -4589.958064950868
2785.7511806652456 2908.3508782719946
-9318.269277923735 -4671.288202757695
3882.355767965948 4924.097474783814
-7078.771750565109 -881.8964457747261
-1750.1560761148867 2576.0974646764116
-1120.5426017456866 -4766.666238684181
705.9369504383612 -5131.952003843603
1573.9829124085245 9457.699645885448
2818.1334138113125 -457.11112378059624
-4376.907514146331 -6537.605030051151
3297.7642030036022 1993.210178328327
2241.112411539407 6072.773890469585
1341.2270560969482 -1599.265231625608
-5298.040923587144 2380.930641830355
406.8019883223533 9699.714748520277
9542.529570789797 -464.2242933570924
-2486.8929334077357 -9287.00108243295
-7062.300673468111 -5141.815740269464
-1132.0862913990695 9688.439004261734
3963.8409510118963 -8129.782548602003
6483.684855633543 7467.190447285691
-3122.0576564187577 2893.7994183896935
2408.875958600669 2644.3920534590507
-6925.447226239281 3065.661585147034
-2698.3255871835518 9336.597199669315
-9957.04941818466 9931.75799365473
8295.52149040277 -2450.7523123357378
-567.9341043405639 -4774.234980483925
7453.4154583047275 -7358.621643877921
-759.1284897456553 1002.688907595908
-3419.3547304889707 13.654546321713497
6187.086929957295 -9009.994146103534
-3236.731739465795 -6100.253699992674
3467.2157257626423 -164.83203545972538
-8277.705334664348 5019.947045787601
-3593.9185056671286 7869.715695151768
-7078.796415205952 859.8618285156354
-6095.8109822540955 7076.640036300065
1337.067277793025 -5534.120272646268
7126.392062222647 -4860.954104220818
5903.218166207056 2903.066299260772
-1464.496120768168 -1235.4184616648854
1854.0495130051368 4900.012819407335
4159.648035855533 4921.4856895173725
-6449.803659629622 -1290.9226481046153
9892.294245466164 9188.536114255348
5835.005551753624 -4160.624010705025
8659.091859377782 -5887.432734777771
5570.842115702315 4073.771939311926
-554.2423863154199 7283.6428115068375
-9273.538702433703 -5939.972797825272
-8533.556127134287 -1220.625285078786
-1765.6900796512218 7770.1822656393815
7162.152348505566 696.2814700088529
-6190.710777199267 -5748.859334029546
-3746.0629728202857 7677.485191345266
-2981.840351200369 8343.332090891574
-264.22790856929714 6662.464888386676
3111.4349743125895 1423.2459951187411
-2522.8613529727627 6525.966214394677
9477.254853336872 9729.529909769306
-3984.475666160587 -6160.399745606673
-950.6019354275068 5461.238416119148
4154.192299339273 9681.054332594067
-4400.763589012544 -1409.2426576802573
3140.737903185205 4232.242102596083
6564.102294412722 3212.7936214725614
5487.095613223488 849.1431023063869
7912.190958137569 -8745.234481334935
-8098.176707463352 9352.466587489842
2516.7716605346377 8502.805753913708
-659.3509542505435 9479.69948128498
-1389.8540235537312 3151.5110899812043
4841.411626251389 -244.50991982867708
8110.443966691026 -4535.523087883779
9594.693973026588 -5521.262059561806
-4037.99498923755 -1363.4462623529653
-4388.402764992343 -7908.845722856033
1102.7437031271293 5577.6809811130715
3385.2639249592703 -8116.523692231343
-2730.436305631805 4092.0445775706557
3102.9088879236406 2811.9096210725365
7575.537323486202 -6194.770864470523
4250.2817972662 8138.7995191179725
-9359.785153153984 -7804.076095653938
8860.634207954252 2677.91400665097
-1972.8978304817947 -5782.340032117281
2195.419855602673 5616.152160435062
2839.981978788528 -9750.040986648633
-8695.876936646291 -8800.123067725308
-2447.573042609026 -9502.821539197925
6695.75044798958 -7984.509404441211
-4507.503229782934 -9542.75513322144
-4735.305985641307 -4839.725435657143
4877.274032861258 1711.3749510620437
-6351.184583741226 -9709.084882801564
-3110.4504248734256 5039.791338160274
357.7694588688537 353.5561891269008
11.623544279113048 -1252.6610834495605
2294.733629056751 -9259.391704257465
1678.8388008244856 -5913.17557925652
-3295.1348045928626 -9314.029053702006
5288.1331679501 -8203.199030761254
3118.9768622903684 -8098.292734851327
-4305.460875227429 -975.5747167128065
1521.0557257999844 -6224.360061590258
9551.224743143732 -5717.073025015356
2753.4338965914594 1890.72881897582
8196.320805098836 -402.868272586511
-4916.453172687243 -2806.504691140295
-9737.562439251355 -6380.616174845836
-3108.604707141747 -3169.818834712186
-1217.5630817554302 -2747.87243078338
-403.0270086099117 4485.713915823524
-6712.33720789318 4192.306890369498
7232.072903997534 -1998.0225118006638
-8757.485196772868 -7183.353861612661
9471.052599841085 5118.273006138068
-4868.1126718668 2955.7956849156617
3470.290607239038 -5631.715580265118
-8384.340245701489 -8640.790307733161
6526.216796491295 -2515.7547651738214
-2612.9240306206066 -6968.444893874986
-3653.035363517308 2100.425785178495
-7280.483966834694 -7874.667720808082
-1357.15432980054 9114.465947669065
8158.808465230475 5703.315482795419
-7224.001772867068 -2243.531979937712
-7584.106310414964 6438.312467905849
5369.73053848159 3232.195585948548
-9762.693845653583 -3803.3462856558062
9063.21863863544 6748.11134726174
-2121.4049143664733 -8544.26412219576
-992.608075673179 5792.397762801456
778.464257502339 -6365.165421349512
3232.9814161821196 -6262.483162363897
-6870.93712550829 -7327.681453849595
-5318.126047401391 -7853.73623207622
-7739.47855430474 -9438.691651631776
-7521.937046746046 6604.682862857553
-7894.52397252236 -6940.289678028548
7924.644311570832 -2528.393118712517
9481.988844147636 2419.4830486040937
6748.47053780426 -9373.989548401183
4530.917895346225 -8266.111422288484
3274.218866864645 109.7478648760989
2366.4618994366865 -7619.609044546127
-5505.2056289809225 -5495.3293893118025
6846.240364385059 40.763365504370086
2415.1464808349865 -8050.477685329062
-660.0536399118446 1908.8889769520374
1581.7240359346688 -5106.595073236948
-4526.747287311133 7950.621477921159
5369.964929033898 -5000.96711897823
-8953.68699382162 -7540.995679710727
9387.35584199983 -8949.616910144992
4673.854607780937 -1347.9681188400064
3259.766596043417 8285.76616178617
-833.483002356732 8689.05599714457
3103.9172481532732 6268.740756822666
-3729.255019792108 -5764.158976385527
6148.987077479362 -5774.291249734527
-9892.798903801897 -1412.821676863954
6255.533151376047 -2279.5736865518256
-6504.676020897941 359.8791466833409
-5509.947758784999 -1397.9202908758543
-1675.694333443551 -9102.131530424691
2448.6553259060765 1354.9759297999317
-3771.5777224648627 2785.006845816395
7683.501493985779 3294.3069487747525
9047.317079815872 -4759.815329435642
-9629.216176611686 3493.849490991328
-100.52849360965592 -6326.879524538515
8269.213120669385 -4102.124638760234
-4830.224810475312 -4691.778833066655
3053.1086226933294 -4239.056033282826
5309.752915797431 -9462.24884066269
5264.361512342901 5375.665396287304
8071.663009635409 -9455.519321394686
7412.684395435346 -5010.08364533716
-8354.66031801462 -4262.129811755968
5163.725742911984 -2118.5863438576516
7139.30924863719 6676.7748082230355
5089.77904388637 -5251.062917495464
9945.361762958608 9405.538994103485
4117.976181169979 -8104.082675185644
-2251.5765981941004 509.2748067517223
596.0072381896734 123.49989411968818
-708.7798052544294 -6301.984560640337
-194.43320627944013 -3183.3947833422862
-7524.106987217249 9358.335504300565
7788.884692186068 2397.91372408574
-7017.6296561059635 -8735.045538580267
6513.8534181225 4141.106647937544
-4694.03704456822 523.7221384458826
-9311.579783790881 -4723.897562925188
6964.306521391562 5821.315556324254
1945.0681948875645 5385.436892703743
-6403.57350380129 1185.8600520781602
-348.6260154062402 -717.6669811607135
7774.363748395146 -2283.387391870546
-737.2300093447029 -4122.573000521325
7570.449031002787 -5880.261367816488
8918.811126194993 5982.503310802176
2270.972208192481 -7608.874746287169
2894.3993620479287 8566.02373360722
-7900.344700034636 9616.085140245093
6552.563429441874 -1333.3890819713233
-3588.019378186451 4609.695815590745
-8394.435997994671 6987.083994507495
-9455.902751283427 9000.444723058226
-7223.759659835885 -8866.973216999502
-4652.3241139236425 6363.7433604230955
-2638.32646765159 -8473.71395459616
5414.734084641899 140.78210563310677
7736.3992124957695 -8784.796451368724
2094.129069565486 -8667.887491705556
-6507.444008129793 -1880.212581789926
-4375.953981853276 -9665.766046590119
-5300.487138150463 691.4381796311445
-2947.5139843811075 -6208.613684727542
-9324.321987053061 -6466.749211936664
-4909.591680082497 6963.638581330873
9700.346019393925 8218.317028507794
5639.828922531347 4866.286367762736
4253.591052190241 -3640.1363431370573
-7538.149686498558 1314.4635033328686
-6342.619325822363 -3071.5337574208097
6297.238027897638 -5989.213122036579
1401.2332677250888 -2122.021644278966
-3275.1757049443577 -4057.2390729287044
7970.899667159389 -6666.762662586987
-3859.325448102535 8610.565471903883
1658.7089615797795 1908.9950764355908
-1536.392937563367 984.7718364508219
-380.63251979384586 9170.94531963833
-3479.6896988451053 9597.418204428908
9345.171156458957 7816.114590904184
1535.96515495731 9798.805935553606
6769.723693794109 -7158.70828225804
5753.929111287813 5966.2595554617255
1369.4362289317887 5784.584709693565
4930.699780459676 9330.021821829989
917.2183707205913 -7933.409947193306
-8699.972235045596 -3914.6589486166076
-1047.055603611012 -1475.932712304948
-427.29165751669825 5588.73421510803
6570.413631246389 -5579.571060975579
-1363.7624598013936 8690.300474176776
-3219.2923542122153 8533.746102790548
9841.172434701784 9632.868586973196
4496.975461570228 -2635.6133793489626
-891.3079112494179 1452.6796235094116
8095.854878224956 -4929.191475064774
-5433.487059302615 -5554.807449728034
9545.883150298698 4433.429602038776
4017.969504606712 13.527809809844257
9253.408853811365 9962.91608617526
7271.724937466839 -1904.0498352565028
-938.3224364071866 9210.61677700506
-2792.768548675479 5372.717867640888
-7751.086199403645 6405.299998250572
423.7254411362337 -6418.484445477025
-7093.621813148155 -6268.2629051864615
3418.1834830667412 2524.601255155945
-1262.4551552515768 -116.90491082685912
3460.335186939843 -9270.294446422602
-8895.313283651425 -7039.499172078107
-5319.517442926227 8230.625303651508
-5940.680533154965 5359.546566303199
9358.51869025574 562.3580890626381
128.1132381526768 1974.9162040623905
2000.2187038193806 819.5369478278353
4786.034839908949 -129.2893230939535
9509.509294182706 -2494.1811501167676
3833.6363702570834 7505.469530658796
4613.0916371224575 -94.19669766012339
8305.565708170365 4667.272497840844
1666.4474737647452 -160.0515361266971
72.53534239495639 -9534.262555098227
-5932.088792379344 8916.866411704697
7959.131015972969 6044.108630886771
730.1488205465375 -6223.716358828224
8985.008518706025 -8883.94119478205
-4593.956177016765 -1680.1382059105672
-7752.826070418863 -1001.7785373751012
7138.635789019012 -8444.029979360057
3996.2111223334396 -6499.116616439327
-7297.5673048123845 -7561.574592385052
1619.4621202019625 2855.664271719319
-7373.9484342107135 -1041.9017602564509
1529.332478562821 -9199.568718243125
-8766.184918681698 7750.213742316118
-8634.952264427102 3008.0863757132465
8116.585225650997 -7390.935906008663
-9548.660275868242 -1762.7178315108868
-6460.240539170565 -4444.237588548079
4117.702124067302 -2100.476290340219
3519.0311547492147 -7516.419716961307
7267.011130542032 5178.520958578176
-8357.846882701318 6909.303921992716
-9507.544351039574 -4595.941782749846
-5812.390330158184 -12.038645393633487
8076.889416269973 3074.0660346910827
2688.7602363930237 2702.177597570153
1368.8655544235062 7734.96861553847
-6185.332805508497 -2983.6881234796556
-6685.229701908271 -9128.19649610398
286.4781568535509 -3210.5481133177573
336.6370054820927 -973.9952943890366
-1479.1050088690736 6370.2363187789815
6280.3624678717315 4550.153440177446
-1210.0855805827232 5050.381747637768
9819.224286819837 4725.403170938771
-8091.32576998933 -1067.2953007330016
-8517.26560595724 2408.692648414175
-7189.087600505386 -1726.6689712126154
9391.033557373517 6943.271820355771
5844.184456821564 -2013.3130384071965
3810.18100488205 2757.458559829134
-785.3498943284849 1755.7826845371965
9803.854294612174 -5107.029500798215
-3266.1008157564165 -3930.8058380177454
4542.126695893101 -4354.43956645857
-6132.066775667588 9510.062722378629
-8761.85395914748 4567.109218073387
2061.086148691642 4751.339582716981
5218.699953571826 -4730.277376759072
405.3131019489938 5965.398188232948
-705.198225949327 -3211.2090223355417
6947.945941288526 2735.055315852913
5383.593802692521 4703.381762279267
-6721.348211587739 -6943.05671901702
-2756.984441496348 -2221.276137547634
-4490.990614444119 -7342.9206281418665
-4784.154269735437 9586.971417882654
2355.756041267832 5592.389284130333
-1960.1213708787627 -8621.172949508775
6761.420069284581 1990.8463237083033
-933.8431932750609 2420.0066800487784
-8666.28521780436 2786.790170276532
4637.329925574028 -2927.0448369435017
-142.27595779694275 8436.90354462451
913.3781440878993 4095.6023848447876
7232.553411932222 8856.223589679917
-7907.917899265642 -7054.629481214373
-1593.1993135028806 -4807.524827855876
-2243.213949255416 -5681.946618088831
3234.8363457327996 560.9174594589076
9994.155129191997 7717.578328327356
8648.54499988259 6490.8040523481795
-8040.222252075868 7544.0871510654
2136.844139581637 4588.4611196355145
8729.635709040733 -8995.839496379436
-8752.059784332627 -1199.107246145415
-1439.3985920829891 -3911.568666086676
-7323.053712553332 -7332.266790259417
-1906.7085465261634 -4071.771070731891
-8525.859612764092 8078.270180110379
8565.759382617784 7034.308124489886
-3993.203493178361 7304.164189093419
-8233.337911301924 -6762.880882023063
-2469.816765058921 -1542.591107094162
-5758.302958616439 4589.486014896576
4570.973530002806 -3973.035984650488
-3822.7437923305633 1058.957167470502
1798.9685290558355 2776.418334539143
7420.409679266038 -5471.484705916403
660.6985396801156 -2961.0648603967984
7254.474753078906 -559.2821883990728
4771.115601247031 -9675.363173619699
6834.591984553903 -7638.2321880339005
6907.245262744178 4159.502673743527
3597.8884379870033 3808.4030557998667
6420.335705258545 2203.7494684139
-4502.050437326655 1871.9096421966824
5980.67550001669 3951.576374920416
9573.496088988268 -3510.0347009284214
-5208.064647536324 -306.94145720030065
-5853.694202931514 -4341.570609042338
-8240.48136099702 2922.8827103188214
6853.581434549604 441.59802516785385
6570.081425590593 -3990.474053561501
1755.1216069585425 -5669.149363916271
-762.9719236139936 7692.377027737959
-2084.1958849111797 4318.022882531541
-610.5493962198143 6853.21798087252
-850.9423426967569 5991.246326495289
5429.63116020951 6012.376330347428
-9982.860691806647 -6972.6065955723525
656.8880908272386 128.7772399141504
-3280.7967136041752 -7353.310264270834
-1446.7987428671495 1537.0234261754686
-6841.70078765181 2911.443741813924
2648.701607031342 -9766.460742654659
-7736.4070852699515 -4807.739753418156
-2267.219375354137 227.71892738755923
-9445.742809927733 5691.50936589246
-1350.784810526391 7302.931321068456
9966.644184338558 -6394.771423126087
-9488.627886198205 -8713.863510729389
5126.498724123974 -9678.963659023144
-103.79257995887383 -3196.232907262648
-3466.8681132735182 3991.0523893378922
423.4291274147108 -9494.54387514674
-9467.370922616556 -3114.785381721603
-1901.140926949971 9866.06862779667
-4507.670306576603 -878.1995118612085
1898.6682667787227 -1069.568865910962
248.95599861937262 1688.3538883966903
3293.8370369633303 9744.036736527043
5687.945221171713 4107.636694041217
4761.829174472283 -5283.080539780496
-6778.320996124263 -2330.3734347294157
-8194.863031143035 4796.800535966162
-5030.532518235651 3841.9811536975176
-4405.99295061384 1081.5043999755908
-397.69567925572665 -712.1908946381755
4073.309598979229 3379.563408013115
5100.556569886481 3860.982112221749
8221.179510317696 -1768.175695636617
-4917.083123753554 6015.63803918858
-2880.301640536496 -8964.223041355992
8900.10074845035 -8742.08126425544
595.5611818853904 -7831.755309645507
-2653.0741176066376 3584.4129620626263
1411.3125094813786 -4619.037273256339
5631.563483208911 7293.157135266152
335.400675560697 -1752.508642854098
3150.919721484117 7119.469268646593
-3108.0432746264732 9068.813088469775
5656.246033172152 8340.294036582258
6188.851402420085 2398.869135624369
9553.24474806005 -4692.859787801937
7945.250715776998 6230.190360596349
366.0912778557122 -3190.900034200866
-2312.4588277845514 7883.698424756953
7804.940282308366 9733.845229220085
2055.152230694075 -7224.351752816312
-1588.3448670563066 8685.901908642125
-9744.539160504897 488.5847558112346
3418.6487331693133 -1462.0837872305838
1929.6198557419812 -4047.8888266892272
-5759.133383964688 9332.015077899567
-1961.1963431040967 -9956.846610884917
931.1350630913203 8514.796439967879
5853.033281865337 3544.321494114156
-35.79485076851961 -5819.138487967466
-8277.62455267284 -8847.12672603204
-3124.971278764566 -5183.767371346704
-3967.0004558647843 8111.691463973675
-3438.0819026181 -4025.6072611157197
3598.199953597903 -8962.40939550373
9475.423300154776 2384.0866330767203
-292.83186467687483 -3348.820956202514
5448.906979737176 5179.44632990448
-2848.049346920984 -2633.5963963663535
-1413.0477418432984 -1740.6117033363607
-7224.3196413701025 -8923.184658461654
6412.900436443306 -4775.344484026862
3432.8272864757764 3979.4971288910438
-5613.031637218773 -1092.7361306386247
724.8792525248955 9906.504403021438
-7058.452694993751 9198.544223436591
-8527.496827104143 -2612.432012960575
-1659.545712688252 1698.350033696266
-3392.093802866416 6546.727767575565
954.0468450826975 9649.427148475355
5018.77333220565 -8060.539703572014
4952.282329996771 -5312.663261252157
847.8020414670009 4565.771078281006
-8047.051278333391 -1872.2594771063132
2849.523377383948 6548.641337025845
-2177.5426065787015 3829.2448628501606
-7371.250559244425 -4653.897371871609
-3388.2579797981216 -3888.569508980382
4932.644280482587 869.1403561540264
-1480.0404454211966 1774.078476960416
7641.069623820946 8506.52545323866
9813.858602121698 3955.024303770462
-8302.479127481467 -6188.429213782376
-8209.183362207852 7380.47188560808
1945.6074485274985 -9515.266996549866
-6841.276961644827 -496.99396583384805
8683.717541779311 -7710.128395561506
-4383.968683326944 -9911.049197226093
6723.123776700228 -8329.111339681886
5950.461167268388 3008.123957496391
-6167.514138377612 3089.3827774686815
9634.985855699495 -1704.5562161454945
3674.324109167399 7482.851831264212
-9315.094375943525 -4.742292076776721
9686.720145447794 5746.883815362358
449.9491666121776 -4134.342540391022
-4163.8534643718585 3773.688324279319
4050.5147093906617 -1288.5376290529239
7764.983424750448 9333.222447727141
7327.314207592761 -4069.0502439076945
-6420.063997147478 1962.0708936052852
9458.833258582112 3802.8240310171514
-2624.76702282469 1029.1518667080254
-3188.810940679574 6106.32045792493
557.1236345774341 4276.213472252142
-7879.883501573564 -7141.257407390282
-3866.133142599475 -614.9876586900336
-235.03580756023075 4271.145401287724
9358.047196314259 4501.950197182254
2679.7516624668533 7464.2741588810095
4455.718024574318 -9845.131355833451
9356.485071989584 9053.28155160724
1649.5256269786678 -5374.406346689988
431.0874739921328 -4598.846594421744
-8719.379947671838 7595.740734388517
3502.454550476379 -5842.834174946603
-7443.177014499458 2762.1898496476842
-7879.688815109461 5638.125403094902
3302.1720581732898 9122.544353006058
287.68480741067833 676.5305874776568
4055.6190556610964 2759.8033106648036
7358.987302989433 2751.204493132951
-5035.67748303368 -3790.628624953667
-125.16851737137222 6532.366289506168
-2860.384450184135 870.4472629942866
-3340.109903590487 -7585.506899874484
1491.4048106574846 -572.2694019262744
-8579.769493725025 -2823.246275618969
-2470.598139726814 9878.293641657157
3111.7504150626755 -5397.817296757464
2217.24075174015 -9487.620443707647
8511.460885038414 6703.185787439699
-5311.792638164139 6075.780131113292
3708.5451925321977 6142.358077215358
6478.943293487406 9345.366996957022
1642.2654214094837 3504.0144858591866
-1089.8395110146248 9478.245836066137
1348.9500194526045 -736.7635844653014
-658.9568419437346 -1251.0859250052545
1240.446814099134 -384.36332994425356
6246.685912553054 -7332.286755636254
-6478.412527035371 7772.461997222894
9415.558823627918 4977.758223919784
9764.366795051421 7892.052596238969
6036.657208136945 8656.450908144627
8691.685781909819 -2489.917502694765
6043.641903233576 6801.583437607591
6383.676927059321 -3852.5822049432827
-9194.060529647375 -6839.068921696283
6404.782449491122 2715.8307314252197
-1895.5798123450004 1068.1679245563264
-7240.099478221527 -7591.787627948146
-6698.062671974201 1676.815973368908
2123.094416609767 -5048.659830097348
-8283.341386868175 -2362.1353264372756
-6557.508231049549 415.65581445941643
428.7802812174632 6745.594517455647
2810.1743374319885 -3782.0839254715293
9098.873688298314 1580.047531568678
9396.003010524477 9518.992175123192
-1151.233969404091 5803.492648565591
4279.489898591886 -7089.511641778896
-4146.485660487331 5522.143249988552
8173.976266711175 8100.267300561078
-7984.310005243909 -4996.715156650295
6322.537557945396 -7751.630042010895
8940.844261966617 41.88075916901107
-744.8107974007453 -5328.775088890854
-6594.314886732358 9399.632492799174
6632.125697130636 7823.449354522341
2608.145739284264 -5006.628578231078
8057.880732076977 5782.949607673054
5711.193127506356 -5111.430526584466
-463.54966423303995 5906.436707519721
-5460.133541058824 9657.659720349722
7147.580934259739 4888.8757154013565
763.7005267586901 2291.7672538459847
-9440.418734787349 9151.795369319549
-505.6535774519307 -5391.644701256815
8154.164965735916 1301.793466076404
-49.14635386834743 -1023.8044398015682
2823.996501863121 -658.0242872568306
2692.7347064127443 -6817.017614780054
2913.7665216800197 -6614.5284214510375
-106.40987292892532 -1600.1865267802696
-3689.224383659406 5811.583780775954
-9774.267275610198 -4549.334585358922
7351.165611762084 -4878.474794185115
-6851.102498269653 -7026.094062529646
5993.0899875687155 -8807.893984666887
-1256.216267790256 2566.7765958149303
6618.2806904727 -9807.847966649735
-1296.1616528331506 632.701300736986
9858.604859419884 -8882.185920927535
-8303.66624859706 4405.1739269962545
5004.390487617093 2719.366540384657
2026.4579860145077 500.88322468860133
2836.4248414293306 9533.477435000976
-5614.208450374556 -1641.3510017494755
9133.709767144719 -1198.6538809795165
9439.19763932082 -1950.3675639941484
-2355.7952651904143 -3755.4906630350615
5101.808236142177 2198.2147227481983
-2034.0599612688438 -2013.471847413468
6580.450018834061 5131.8159803261005
-1428.949380263175 -1649.8348959145442
4601.506642471895 -1118.1430449281688
-1884.5729501291707 -1173.926612738589
-4280.130613418667 5286.956020966871
-788.1614014277202 2200.4268258910615
-8798.716419853163 -3796.6298451772373
8004.546827955499 7645.322032367851
-8306.933636499376 -293.40817854353736
168.5727037232391 7517.190838011644
-6254.1960302794305 9171.91044134181
-633.0554994951563 4674.872079476818
1221.3166513029282 -5749.324254480317
7734.410407888077 320.38928396495976
-280.17561289671175 -1987.1178254827719
9616.24900412851 6681.899570199836
-4618.100802821971 -7094.386513719686
-424.0229036218261 -3700.3317876240653
768.459209905257 -319.20754942435815
3595.8972981175702 -9757.65074027281
9994.698180926363 8074.581162689632
8429.600770481858 -8727.755564548253
2891.5208003915013 -4225.311991298584
8225.680911443531 4794.61853523422
-6309.312218602321 3090.743651045743
-172.9183639593375 367.5732838076565
-6422.444002563195 4746.809384415075
8560.649780167303 9615.359906969577
8427.927396296378 7343.9982959511435
4866.632465562996 -7420.554539846971
3143.2057347241534 -8704.918873107028
-1222.0061963714834 -6141.969853445949
-7779.309704452277 9411.86911363134
-5955.390694571254 -7673.859790450623
2543.5116967033573 -9169.935577503102
6607.526496593167 3794.8058768741794
-1152.644084517713 -1414.8254111193182
3163.65545249961 4659.261502411684
4918.795190425362 -8093.0011606886865
-5278.601234677898 6402.494135134122
-5697.318825559445 -9820.902990221179
7332.890043606094 5761.88102069782
3143.7322937804984 4513.555511643332
7598.667333750058 3433.0641209492806
-5239.913767538551 -4979.720727335412
4075.760754958861 5376.610322120507
644.2538855232742 7103.931012480574
-2619.662943947458 -4890.581928779269
-4190.427689169036 -1499.431988197568
-8438.813558474305 -7195.767619673985
-2252.110001747951 -9730.099790451519
7230.511923591574 -2412.961648478382
7736.90207677141 -411.9640102261201
-7026.381398846622 3113.514428839182
833.1869507145038 -60.54070988685635
-4280.727934633393 3322.1217021887987
-3390.338747871273 5185.901857971174
3037.6413839996294 5202.82530317316
6543.825492292406 7993.682465577691
-9257.096347653836 -1513.1633142303817
-4064.1678996499504 229.97769002810855
-2287.260222887553 -1645.8137875507164
-1666.9454420433558 3192.4147493331766
6497.110180677471 -3427.6747422049
-1339.4973339846547 -1084.7359633070446
-6926.143868243142 8920.379774053163
-2395.921149675979 299.42864024874143
2018.822656418035 -7679.928754504033
4266.3321394141 7442.324842129485
4393.364514314797 3785.73536482473
-3287.9864939976787 -9702.332745726395
4812.243862309002 5122.26544811788
743.4056081624021 -6325.942649209053
1440.087965741317 2241.227096202474
6093.040933611257 -414.7963263133752
8074.740503943893 6031.787014208483
6194.0948430611625 4093.4915800272665
1010.9754844158397 -7085.499172308143
-7213.616472299371 -8957.46586091721
-4961.780243042857 7522.4324486603255
-161.44445102986174 -6546.760893069776
2711.077675451552 7395.455052184014
-7385.268630733153 4861.836790783354
8941.603565551162 140.01145784745495
-2813.5152685557423 -2492.784835247541
-1002.56673805832 7198.009799876563
3288.7357858685464 2028.8176080724243
-7849.965021187843 5184.936962326225
9140.761308337977 4215.264973275976
-4497.501304316757 5698.676622405283
-9298.796439294343 -1652.2308565292824
2936.437772748848 -2433.0657031090477
9798.598236484086 3811.3112949201914
2652.7418545420733 -8307.438431235694
5676.612051394217 1900.4662336466663
3441.053362703162 -2027.50351957985
2715.8273455017625 3125.655482069744
4598.031020918459 6207.427476657036
-6558.427889814111 -8170.473182627052
-2675.417934480133 -1514.2940440559905
399.94708599124715 -5447.946969274384
-3532.5656829756654 9216.433632775555
3081.863089677954 1336.8592109080546
630.5516730428935 -9196.947783433754
-3202.4493411203503 -4949.811693632442
5967.064218698397 -2109.8144668499954
9251.665186635051 -7212.178561986458
-5627.457964546878 -8817.13294122452
-2458.2312435112617 -4425.822943276378
335.5869428301121 3028.71503223991
3400.6153451193313 -2188.2802235605504
-7638.11361915883 1270.0064317444612
-2274.6572570384615 6317.715863905114
4673.021048317723 -4685.982795590373
-3215.6944359489507 289.2713730304604
2791.4746422628596 8936.398388978101
1964.960567467635 8166.5117699627335
2658.4553274324444 -1976.2332603427521
2523.861006267125 5117.650191669858
7091.289204425713 -1721.9125479868562
6522.476751253602 5748.607503031966
-4327.693993822745 7846.846306715277
8980.210048677134 643.752024061565
4571.291337708377 2909.3980217742974
8248.640248296611 2473.2347930653777
1338.7390091756606 -9558.699086292721
1708.6760709921182 7656.292612160836
-3632.7138015360915 1694.8395476974201
-9885.039985710455 2948.8167177495434
-2496.11598679858 2375.3520405833096
-3740.478846969355 -7172.630603152516
7205.392560924291 1059.3839878400377
-1900.671343551483 -6829.250965593134
2665.4667899426804 -3907.907720959074
9090.057619997646 9494.115097755432
8500.740242273889 -6982.264561130838
9191.030571604111 -6130.424969019297
8869.478366472795 9538.487250608763
-1146.0407551318185 -6328.942007366906
-8693.977868732743 3063.219637926053
-4719.238349410204 7410.192345565902
8089.5124214045245 7099.308965866556
-4666.607035345139 8183.824700740646
2625.521844808127 7056.9175365946285
-7298.720345180254 3632.70673461803
-1895.6041473008136 3476.6248622812454
-1720.3996135063535 -7185.195936050985
3610.2494362945454 1257.6672217061077
-7815.678269198803 -4974.4372543584595
-1110.270519018919 7155.471004969706
-6572.451698800978 3351.4003304543767
-6850.199333282631 -5366.439083595993
8999.398184695488 -3378.4264239408985
-4461.022317591297 5096.3284724614
-2049.7199865792527 7427.496469947211
5376.575391560991 -2404.438216763134
-1959.8984841296742 -8992.523055181528
8729.715421291166 -4704.965458984689
-7381.414337028218 -9951.242535722553
-5402.032554750403 6293.8632393893295
3623.5486232425937 3837.6408975669474
-1249.325394254838 -1149.252161423954
2931.622005355148 6692.397531698527
6172.165003454915 6617.616846923487
-1231.4159925167532 242.54711700775806
-5894.800720337749 8182.5983368654415
-3515.8967466735967 6872.031144954028
-3156.8248538867438 7038.658193663599
-6281.635881942136 -2477.3289600915095
706.7475509682299 -6964.3608824796165
8835.690616298834 -3941.7567248162986
-6949.297190217261 -5560.152858158649
-1527.0444144424036 -5481.61081640345
-7317.94561119568 -9083.26310975078
-4851.798605630002 8845.489334181028
730.5096241058236 -7931.344116551709
9097.567339282414 3046.5390928878114
-9202.408747538982 -6398.989400674686
9856.269585113467 -8744.032749475013
5120.874327346124 3756.623414586751
-7427.960931269775 -8205.750355703512
-475.0646564101735 6349.459417726868
1637.0736445079874 -4928.932169218702
4090.7830869853115 -6454.6938575243585
9947.220185056864 -1939.3231957729085
-1239.3139163485648 1478.3925944853618
-4055.2344046779162 -7918.952221553197
3505.4733575000264 -5140.652739284073
2573.8532474986496 7737.261832938508
-8783.458242862842 -7078.707231202996
2375.221445663061 1143.5316708439314
8144.953789851686 8367.288496996058
-8830.404734235488 8917.14002743527
-8504.828014628705 3423.734902214306
9126.736531183993 5941.483243325318
6691.1317224246195 -7329.245531565592
2489.797846935029 9524.325786761157
7867.5041868376065 1011.9878231122257
-8177.703080471434 6331.26166872708
-5700.8326593217125 -3037.3737548067666
3367.671700260031 -5646.700738370419
-7232.949996917227 6375.923663989799
8959.044083008008 -8828.610378625828
1268.6784356568114 9794.83987099081
6889.462577868198 1909.6133683201442
3016.899829918093 -2193.145413790474
1250.5665112873994 5522.664459795564
1330.4296007712128 3096.4242059721255
470.2586513506212 6442.159392786038
-4194.992888364523 5330.931460466974
-2872.366765098557 -9889.776030743411
-1935.881080850184 -4417.589288679089
-9403.937488292113 -4442.302403062119
-8576.612293261604 -9321.280423743867
-8336.99602554178 -4061.7899317931606
-7037.1026779232 4694.235948572692
3997.741683146529 -1191.7001552662023
-1213.1358214574775 -5268.415888527987
-8814.065686381882 1947.634320158726
3660.2406743601005 1212.2636015588014
-9977.50335033269 7642.307232774241
4746.971229438321 -914.4934551078914
852.0042032071487 8608.092380385318
5834.798591277715 5681.050817254558
-6031.544632452046 -7890.555472375069
-6783.345036608949 -6627.042856913982
-2566.1074841114414 5333.932262033981
-2691.1517614176782 -9212.01566764298
-3851.9659922791407 4710.707656599889
5121.388304946433 4983.449025831582
-5401.274488282855 -5384.48464459434
7855.976971201613 -1164.091351331881
-3554.3206913522617 6783.651600101595
-4807.675916553384 -7176.601505447981
-7062.379705127569 756.1907312156309
3233.6165486846094 8450.376045445355
9135.621405844031 -2186.2950839717587
6617.121074734907 -8244.08093499667
-7986.945450837804 -3894.3963688194463
-3043.9408094692762 9662.139052668128
-2274.7386896598628 -6937.867269084579
9564.051843066864 -638.8295385405781
6689.677225093186 2679.9704486649007
8323.573292068584 -8494.488551908467
4589.818772988472 -98.72363452675927
-5404.964426878279 1657.8877784500091
-4985.802424423382 -7940.060238372824
-9776.74929685087 -8726.773998372048
-4836.1357401314335 8247.694260406835
-3016.7951161567516 -573.2776509000178
9909.96974626268 -8543.334090853892
-4782.79437450579 -431.59167559424714
1455.3600306411445 -4516.175229411019
-7049.355997448763 1776.0071581615393
-8048.103540508267 8836.723465452302
-6566.246694325153 294.29698319631643
-5352.162527629558 -8741.195118795606
-6158.086897494426 -1409.4137635968873
5487.284048029258 -5003.52028498597
777.1917088042792 9722.331770756151
1556.334637584483 -7440.9412915880985
9248.992755096959 8504.318937295553
5368.268354258658 5476.560188125128
971.8103266063899 3779.237163531463
4702.714731593225 4439.289689132391
-4896.733272886655 4036.8962974853403
6561.43644943005 -9792.977874630418
9955.756010467234 7693.722112213873
-9223.999922341289 6804.497326054534
7750.173348965891 535.5861934481381
-6099.726625606086 3773.8701853526254
-3859.6264243691094 7143.42841200106
-2756.664400485336 -7366.355505149242
-9977.855868641724 562.5351080810105
-5753.946955035194 -5802.466712613523
-4949.347889771336 5042.744178691057
-8122.784395228439 8035.599606962474
325.4626875038193 -9631.746796595502
-1677.1961355514013 -6886.0730802574
1862.3993546628444 -6887.886067594065
4964.592826087806 9527.980678028423
756.6604032000741 -9908.096490412834
4491.971315722267 -4751.266932808016
-9648.231024442073 -7630.533863589666
-1036.4996256007544 -1070.4790240448947
5264.083550993113 4329.026843847039
1732.4007738306846 75.51478687641247
-8227.233174909148 1684.3871596231456
5372.804518006291 1256.5908982953606
-6129.755732572419 4707.317457989626
-5908.729290895102 -6451.705841034896
-7821.638841075278 -1464.338830816634
3580.7202829154467 -3985.509462472325
3970.59381490504 1111.0859455201607
-6128.405097593634 -7200.781461244843
-8299.178735570156 1112.806560796087
1457.7106194551143 -2725.8561413880016
-5275.66483349327 3195.0260462174847
-4178.075412440294 1691.9404094030779
-5693.092166711153 5902.232456533198
2459.395617132848 2924.8189311925944
5552.89888117683 -1172.086912577879
9593.871675775838 -9878.667069274796
1543.544149529669 -101.36529805609825
9005.096238044218 -1506.5015646987922
-5238.287430344182 1106.8594916110414
-7266.921238278403 -5049.828897385698
8789.590085978652 -8417.733037909893
-3102.3628863505273 5921.525627989142
9300.887769548437 582.7531523607195
-8530.737122509334 5473.398403335927
7529.345446980151 9802.70143097865
550.0366005185315 -7310.8510533398
1680.4430560217352 4337.499190887804
1570.9546708183007 1300.6089702634708
2163.402415200695 4709.711028715163
-6215.295979499558 1678.5953539163293
-4944.301319588227 8553.69700474507
6530.562208968873 -4452.6361577890475
-5127.516077834611 9871.894902420423
-4029.227868093699 7166.290682304683
2498.4566458513164 -3782.6279222192998
-4654.6214485586115 1225.9744601663533
-2950.1204952941443 9723.672995757952
-1734.8097294086656 7334.857828836048
-8530.39625262874 -3405.6116465375007
7160.166018212203 3726.370902503242
-9181.888556346095 1481.2749303808541
9723.202184211663 8695.51329283747
9508.746568204908 8121.1712204994765
-4963.066534560485 7277.684028160002
9145.455710970538 5668.348815134894
8043.832955460191 2811.49156590458
-7843.4764406599115 -8649.64307091555
6117.539346337253 8281.166305433351
8077.940537866405 4391.811799058856
4716.010080638363 713.1177185047982
-874.8041075207784 3592.0028080268676
444.7388062938626 -6594.926205647049
9602.44608702204 -8491.425310458299
-669.0531753414562 -4604.844245154023
9733.164746649702 -8109.023067679944
-4292.693751160866 5332.137487550881
-1343.4613787115613 3823.7521698762685
2826.4077034273923 7787.058593991314
-6380.975085736573 5981.155501936064
-9825.14793143062 4050.2478186972658
2800.6511780822675 7461.003305532922
-5571.514742213779 -3413.2573705248888
-2249.2174316765913 -2142.9493952941802
1087.965732692186 -3423.0258640834772
8068.24786714646 -1454.3940242226054
2056.5096090864536 -2651.4883176810918
-4254.131018716774 -396.5035249338489
769.2998839875381 -6991.447961036172
9509.589910366583 2340.906492689166
956.7224937735955 1215.7594091787123
-9482.43313861356 -3875.985015619576
-2278.7665417006456 -8216.046327946235
-55.27093258026434 -21.237799692200497
-9669.6712266041 8689.066784884166
6263.478265771024 -5591.509290211465
-5024.271659657331 2054.674020132361
5441.356251700969 -3075.3988203718445
-7278.434686950121 -1179.6677852377998
-9188.34194226505 -4019.224725788251
2962.0069711160504 -3949.147080155595
1033.1290431531543 -7682.271673933983
5931.398883574257 -776.4558095164102
-5659.958877610056 4166.848473247459
9157.682567039821 9334.36389583633
5194.099792969171 -6672.499714012621
2222.4868710284754 7292.836279999043
-4515.218205330143 2824.163183148363
-8211.044493970205 -8170.515681759849
-3415.1240755922754 3665.9933035164686
-5418.977865477889 -1981.56250545287
-9146.863156835436 8172.79426405214
9845.511265917416 -2478.2144084290667
1586.1321875407848 397.79197764537275
-5198.913591800265 -1208.849180245079
8956.51359298966 369.0203898070977
6675.737493739463 5715.856529778728
6135.098872581688 -1812.4807444298958
-6842.859408006605 -3414.0188505476954
-5420.691280289991 6461.9627438501375
9427.892164041205 -8257.510163997567
-9619.34070033138 5125.739089542996
-5569.727398343111 7915.538405675063
-5400.834891019699 -8626.09480885423
-8397.159744295479 -9994.039810037508
9672.669711904826 -726.148363868535
-9946.167238178225 6943.84229888413
1274.2659064213094 -1455.0802833690195
-9016.011031706084 -2737.988804447127
-9598.862875295556 68.60720976658195
-8855.924822584868 -7848.849213414235
-5986.701632198534 6882.42635953454
210.0465070241935 9017.181628720231
-5799.126526348251 -6273.136511168526
-7818.562399623659 -3059.560570561808
5643.706783054044 -4343.693185344366
-7743.7737382960295 6940.094347666713
9037.253716307248 -3208.7849826063566
108.07807800137016 -5423.84227365708
4193.861868793143 -6019.798622994687
8089.524538002755 175.33517622056934
-9311.2976603555 6957.115179494431
8607.299260724067 -7154.116779893058
6204.7708202419835 -3480.3872777677225
-1236.3049924997813 8450.540503050961
3141.5348854698586 -4677.8861223530985
2330.47910269776 -1164.4971175587998
2586.9546721785955 -7932.560506286001
-780.4553924017036 -132.6729829527594
-8587.225971874243 -802.1535593486315
837.1404721144518 -791.4557909908472
3038.113732545391 -3372.4315958588495
-3943.8201307923437 1266.6815764810908
5316.57590653811 -374.6144815142652
-2986.2241285725413 6380.282702070264
-9962.786748242686 7647.14826951113
-3461.180090372731 4059.4406089581917
-2310.123738869589 -7265.409851724662
9737.060231449625 5977.246830327716
-1569.3939319584697 1038.1676798128865
-8891.187033855958 -6587.5198309782745
5592.8987831876875 9088.07254078463
-4452.927103123816 5972.752358931579
1625.8242428317753 -2371.0314839959847
6661.470770620301 -6318.752608481149
8000.135078181251 150.41066195922213
9096.153869588932 -7110.915989997084
-9591.340146182643 -9313.687601797734
-7142.6481708567535 7979.251040325387
-1502.5674588387192 -3976.7717979580366
7139.018854557875 5456.9547075023
-4600.837361666796 -8851.368470365605
8732.617592758892 -5224.856768355617
-3499.191066540184 3586.769559756731
-4170.238398035902 1122.8623039591748
9162.178081958024 -7788.916445538034
1874.0837916795444 9408.011372578261
5512.620273056331 -811.4066287654696
6091.36376902325 -4205.024317986698
8988.053794018586 -96.95855300787298
-2575.4038656062676 3411.50986099287
-8069.291572559274 -4979.987639812753
6823.3406461218 2218.166999040821
6359.131059344656 1298.6364112652718
-815.6478029671744 -462.54628338307884
2926.1506999891735 3320.898717666858
-9286.854794080386 -2631.1763930560537
-5882.338522086872 7000.984361492745
-9926.202934704477 5369.500858174581
6905.239437815333 7553.486513205757
-7583.038944794778 -5739.9437336348
7350.755299924709 9540.720369835868
4223.712319110213 -6582.4546544937275
5071.313803100793 -5314.208611242721
3875.4979564722016 -1452.0644517225574
-991.9987810599268 4329.461072174949
7958.132925882237 583.451728742506
7602.071884878886 7725.276802057939
-3469.5701132654167 -4670.622636452597
-3732.6222093245096 4808.826421905314
-8064.2923908075145 4888.750290288459
-7042.016345852029 2643.3863257723315
5207.087065375545 -3477.694807912837
8665.076719563742 8435.64331560647
1715.1296592021245 2354.9184043008772
-6162.56512356073 -1168.427687876425
-6570.963892905565 4218.710101202974
4004.869952597619 -4856.044820947578
-989.7270258721128 -8073.120428667648
-1705.7767702265264 -2770.5564413859647
4930.168225408277 -9598.760746000346
-6937.356942263961 4924.4607824672785
-9099.359519501702 1330.3353690466047
-466.96608908946655 5265.654684947031
-8870.076764726535 -1586.0673436545403
9101.718630751395 6162.014569132913
9262.766129054573 -8246.43588814604
-7101.482979091894 -7247.830457490951
9337.273005574087 -3422.2633919184873
-6785.404960981234 -8628.195535316245
7688.187895807805 4244.304589614496
3573.596248067346 7872.512872861236
-8550.911615247658 -658.5841578451618
1506.7285674624527 1974.8384081142049
8153.616444827261 -4287.646239125113
-6497.372287985665 7404.644771773932
7908.517869687421 -3641.5067356060545
-4862.020642222853 8753.362575379571
-5291.0710477880675 -2571.495629621403
1055.0398281003927 319.0800728684135
-3310.99900198299 -5119.161467452098
-762.6521349652121 -373.16595704597603
-3551.3933616558834 -6089.559213508957
-8054.923814886554 8892.873945366162
-7930.4616734914625 5859.532450156965
1706.6313125027027 -8610.9215381812
7032.247743051314 5086.22722391798
4923.265887984302 -3519.8974744676507
-7033.147848454842 9143.63184114272
7928.616288959594 7047.250571860899
-6980.225062189924 -373.99290560638474
755.2491699329603 -3920.5355043261725
-4409.950745490841 -1832.5403544883766
-7604.5599014210575 5403.23155442254
8286.968462583263 -7667.459650852313
8003.579298471661 -1160.3760633835318
183.4262356271538 9517.045349094758
-6727.257478904085 -5481.9235663782665
-3213.057061656974 3481.2015791415524
4128.130516860792 6642.926775021402
6623.0288680712765 7766.341828822195
915.2335887816025 5700.148355404819
-9076.801304163839 3000.071250312176
-4579.267997646892 -2091.8961501039694
-1367.4015637114226 973.8400011644862
-3650.697236768967 9657.558170357723
-2200.1304050423178 7380.73404812891
4289.657433810666 752.602009367738
1384.5288583166111 7230.212570646057
738.2928833145706 1455.533185226579
-9385.206146047498 2210.419241899408
-2590.408508865474 -7344.846867167749
2251.4551880936633 -2352.394863180789
1846.0668004965355 5919.347069231168
7461.030011822655 8216.102258535979
-6747.298462012861 -9240.786004117263
9474.107877345996 6181.20312538289
8514.48902978938 123.4265844831134
4802.4482684503055 -6288.807309536104
-7483.564040741031 1957.9010292347357
8511.043409282582 1673.701295496754
9170.448395396328 -5392.730936256736
-2110.9829093602593 1335.4391032539406
-36.32363832194278 6901.04439539108
835.8926872255033 2513.2951992664275
-4621.953169468602 -41.21116197236552
5377.411305275109 1978.668268068439
-8809.128483486558 -2935.016204865775
-5052.2599744193885 -704.1731411199089
-3548.420136565089 -9594.278678110126
422.57095552863757 -6221.012752647923
2839.7684808536815 9025.736537066212
4360.262056336087 -4118.297601755458
-3855.068584124002 1055.7081742960654
-4494.17194839225 9086.077432750983
9768.378164143029 5076.157749086255
-7664.747935519509 4238.2119574499775
7433.011873427251 425.6906037921235
-6734.766676803523 -2719.8040003189662
-2303.2075844157825 -5672.279566194391
8126.155042214468 -6542.125157682009
6400.861308745014 4901.232596751806
593.7047244395162 -3662.480609041485
4843.47723310338 -6562.459835827161
4497.23584610378 -1656.5658721140317
-8743.958994312412 6766.401286417262
8270.623093101833 -8967.55317288844
-8932.32637638757 -8898.733392120463
-8715.991719754733 -2049.871712557625
-2520.0539566475163 -7555.17033121279
3392.5001420191857 667.4950285183604
-1966.4747981652226 5452.4724882725
4760.546744535381 -524.1390632777948
5133.65597838893 -7407.415438272118
6868.3428433680165 4221.401103909318
8911.556159814285 8509.159935168169
-2420.687705573657 7889.899692144223
-666.0497248093052 -9316.532155417513
-6754.658678978998 -4193.931186307343
1133.1343405925854 -3191.9903821110183
-950.8916562396844 6690.719421246373
9915.116996219524 1727.3728315730423
-4869.495837494906 8322.973821536121
-9286.469021765906 -7632.996508234908
516.7991981711402 183.62758972350275
1292.1779747971777 -2237.6754386716157
-526.1357574851318 8209.656437141803
-8340.785629118755 3117.0350765269886
5618.41246209686 -7331.214953927128
8541.15227709386 1760.8233226347947
7978.883588857927 9166.931619749812
-1025.0057355742847 -3056.854600598557
-9834.74968874604 4930.255328891577
711.9890732664444 -3408.8781621292137
-1094.32066029608 -2242.56762265596
8786.643931676907 8475.999266394378
1430.638571231957 -6583.298350715736
-2610.212894885746 674.0597455592506
-7467.301720067374 8766.117970223491
-5905.371205445944 2774.2303088183635
-8397.069005532918 2504.3626962742674
9519.93470142657 6976.079694022392
7542.462750510753 -6786.629942541835
-325.43813133931144 5038.283922674596
5170.40259363686 5232.924182502398
512.7897635636782 6979.046750421727
597.0125874722471 6911.300595300796
4640.011152477486 -9503.62552199344
5003.650764838836 -7095.079890672858
8643.521304481852 6267.5036328072
6368.671993907836 -7546.100158520206
6183.288330240597 -6396.808570735102
6901.128968886958 -1060.7170962153414
-3237.2500058507894 3373.9815323067614
291.76287229479203 -7468.354854799133
3009.8401854512085 691.9702567657587
-2636.5529477151495 7369.668210883679
333.5969265989661 8522.990539418563
-8699.112290880232 -2538.802464321797
1981.8674747233963 -4779.4402589616
-5637.953266056182 1378.1801992162655
9810.778210578657 3914.317935199
-3178.586477096341 -5179.185909408393
-3513.202721723963 9752.109993806116
-4132.1036770172 -7744.876985652114
8377.364582819871 -7813.739403517033
-2722.2231616624977 -5917.906290441042
-9953.76329398031 3811.000677455764
5905.812150596845 -5824.596507090305
-8945.169318123182 4699.409494128266
-7614.766103930588 4128.690383496478
3681.0254818823214 -8245.35826564466
-7099.953540005441 -4817.793847503433
-3797.9789208263146 6281.618642896683
6490.686342652774 6552.6108398980905
-9451.978903222358 9801.765312816842
76.75534686718856 -231.4286182534379
5418.658450267205 -1925.21949472283
-4771.798009164325 -7381.273368407135
6364.235990010913 -3642.1592359709475
-7311.021403225595 3447.4985907634855
-7130.98304034918 5124.033204317884
-9245.141936518748 -3211.8760434888927
9133.952253887313 4778.230651699383
-8170.246494428743 4701.198540735659
-9958.61480097437 350.0222928305957
7832.532918798199 4690.917252704605
6694.440622886694 -7290.283480514421
9598.989313854978 4700.121828318968
-3041.052734205885 1544.847351417393
-1978.731247212102 -1560.8523790226009
-4404.089416725654 -2848.982128613933
5389.726278707114 -9817.611213281345
-4142.295317425897 3032.312735416137
4249.83231966876 7170.398526871868
-168.69191728959595 9372.935047320734
8059.402884465715 -115.7574363686017
8347.062231059335 8633.111402110066
-6970.903386780962 -4287.254784993415
2931.5970634590103 8838.72857122315
-6248.240462860138 -87.84593475068323
2068.708000616287 -2424.4369245510143
6573.873381019323 9261.67103256876
-8057.856466065947 265.37444556124683
-5864.996712717419 -1552.7984304313177
-2130.594192439561 -7.4611911287156545
2098.8124109902255 -3040.432458007458
-3204.1745618275954 2966.3093107119203
-5178.148057843666 -4827.646748829872
-6496.667479324189 3645.1864979516504
-9445.99732238709 2268.449980498306
-6401.50148813444 6616.2985356072095
8737.095374040662 5813.270205306757
4879.5782999093335 -1485.9077653156164
-7934.105881551439 -6973.488049930039
5342.440937505768 -7420.957202794673
-5801.7146180295895 7183.264024919783
-9129.562037532856 -9101.504517605752
-9650.83336531744 9079.137633511888
-1436.6006123146453 4938.160238517683
-7524.810917466547 -6876.971544430954
-7303.877340884728 3664.188641748018
-6644.830294330497 -9624.990721757491
-543.1346214185942 372.1593157103416
4593.62478660858 -3274.229013740586
3901.5059188086634 4280.720924009605
-7577.436169435287 -6582.078760079704
-2030.7953283238603 -8985.970857790182
-7850.691069826878 -761.6290953038333
-8059.459453980009 7288.534866837712
-2804.219816527331 8964.935496338647
-6620.735377568383 -563.9216154258447
-8102.662066555784 -8970.813752316752
-2616.035249771063 2836.6591340592895
8576.927460023828 -1138.5018806759617
-113.91316667094179 9900.64072637408
-1117.0716589231706 -4986.86307974437
1765.9257963047821 7931.583401520249
-3023.2268203421045 -5095.853898355757
-4281.655503438211 5017.272739438729
-2120.9562629575767 7924.689841526666
85.14119437066438 2037.9406095744562
-1869.5770919045726 7621.423877649468
4281.138787337886 1947.0748446978087
7896.529551737214 -170.63480479691862
-1023.769364734444 -6328.382533070682
3743.317362706781 -2136.360320288799
855.76817965183 7294.755092498544
9532.38380790905 -2735.60186358967
6566.834368855591 9625.926682047575
9233.181743108034 9092.085390518387
3368.105194492886 -5170.941452986113
9921.787754172514 399.1724995835448
5036.151678345617 3471.4568894404783
5833.543226379312 3258.3424337035267
-9258.800034220816 -4827.804137299791
5059.520111364502 9606.055643660435
1890.5161909238705 4970.23061780804
9324.450224177093 8164.301088148593
-2652.261869560577 -8401.11048391576
4256.381711730521 1832.2603670628905
971.6421249255072 -2955.206729092628
2656.0091921243493 9193.518897687212
-2922.024144801756 1085.6604029897935
6496.256491368153 2163.353342948869
-786.8437233030581 -8057.139363115844
-5269.628752354445 3304.541538239542
-4461.220046477947 4750.990698842617
3459.4274202792512 969.0442028599591
161.0508904279559 3238.14595979725
2607.792582269083 -1823.1904210780094
-6100.604243730266 -3173.0266757998616
8977.785102374659 -7978.130496160163
273.67325721488305 -4692.006655986512
9402.386470437687 4399.781800737317
-7100.4315456691875 6303.086744365082
-312.46295004141757 -8020.592653723315
9016.885249470844 -3071.5535771819295
-4866.794983047338 -6404.108494158549
-9464.356890007046 -9617.291127503211
-3354.940015603638 6620.638218649317
8770.00938200437 -9372.632113953285
2796.2623356163876 367.9716963989358
-8059.730795667044 3893.0041857192045
2671.5054026669695 -5772.917080953108
5558.196543033393 -5563.753602322832
6923.133277885245 -9038.23697717396
-5028.669701986865 -6211.196960954124
-4808.206242041791 1499.3416233038315
6626.829453258528 -2318.6945448950128
-3108.252400263742 6534.137549212712
25.73137829982261 -7108.900014948138
-666.382522216054 -7600.343246018821
5873.595059111631 -2545.451216109788
-7744.993317986202 -6082.342250847887
-2406.3362753721876 -7999.203806411002
-8947.921517973451 -4688.872852696942
3153.84781591902 7405.357266734671
-7647.151794110789 1772.1027366876388
-7931.029522204099 -5471.687965583592
5045.584745720651 -1095.801592546297
8474.887083317375 -4506.730234697631
7473.384259572056 5013.577718339036
5331.242430872155 2779.693575938125
7228.633804155583 -7898.949760178886
7094.778188253851 -7657.427778625703
3828.73276447617 5411.839415975621
8615.271548230794 -9960.163470277634
-3472.8962782009767 8528.515040324415
6541.337248664597 -3160.683481897644
-388.82500145183803 1246.4565757420496
-3816.526001582499 -2406.5430925760456
5761.679273607677 850.1406347955217
-8433.092027941264 -9388.60457499528
-5604.740746026733 3912.4384618162603
-683.0747425621466 824.4296846102261
-3614.959732273235 -4631.967511366526
-1945.4442624916537 -1967.6999751493931
-848.5247886725592 4365.944638752173
4140.61891915406 -6465.881073340914
6838.4303704126505 2285.0958802942296
1891.299277656146 -6610.814500958204
-862.8709488313889 -2699.2876315461745
1798.5802954906012 4619.3339332629985
-706.7602303203312 2018.3003948240657
3824.01286883359 1855.864964116463
6930.036285543836 -4054.17956103681
4494.460003190639 6250.520700604415
-5456.778918413276 -7046.400997083253
-3686.3858695053623 5911.363047435458
7870.666055695485 -4624.584530692872
5913.227741976118 -2309.1694406945408
9812.962745956498 -8966.880239634213
3403.174365371484 -6155.350956311787
5178.354623501327 7221.0268091547005
9539.59727230628 -6103.322775631681
-751.7483165934664 -3434.7410338750396
9615.564008360067 -8013.821192918942
-2992.781922358683 -6322.905859620667
-6611.194967238303 -6959.583782406329
1853.9421589160902 8648.299923324448
-1103.7333117254202 7306.865965903104
2707.3874954555977 -6309.667739850657
4665.364911586703 2095.766690378772
6644.959792587382 -7401.819073950651
9616.98505030324 -7974.8888327022805
557.1880878246448 -776.4400161380709
2865.429212009465 4626.603795929645
9776.068838696036 -9228.961446621071
-3344.3384384966594 6862.513068178574
4231.894657744388 4484.616306439644
-5161.624207324773 -80.25552999041429
3416.018113632659 -7828.844593077056
-3431.460019634771 4588.884862735056
-9725.316739200489 -3989.0108788232874
-9676.747832129977 7602.351043968192
1131.702187492243 1234.925409343181
-3130.107648089047 497.2040857796128
-6164.596499407671 -3499.2184281948475
-8524.307176419936 -3115.4177453043694
9547.95485904102 -8818.5215339164
-4564.9599594221345 1449.1175452308198
-5057.201649123793 280.6441681887245
-5099.056038668806 4568.109667747003
1048.6033331788476 -7679.427309586037
1042.2878509000693 -9868.371622073304
2575.799364717992 3301.2895456759798
9708.61833335293 -9038.86779247454
7284.404143940261 -9291.607731279892
-8930.60099682008 6165.59050932914
8799.51447668365 -4448.7746999105675
104.79694665287934 7840.505171641133
-1746.5049463948653 -2458.13085007629
7360.2385078243315 -9293.367108045984
-9768.457334129116 8779.321331347284
6037.117435881417 -2398.3828316074178
-3280.025416769461 -5317.846030022357
-3722.7948940540864 6179.142826401321
-895.769251368014 -2583.1580877117012
408.4585810034587 7736.635377801405
2736.247428488239 6697.862292935304
3955.081853101132 7783.92969673864
-8811.491196015133 -4410.435570874054
6374.8594285526615 9781.743485438335
8034.748757223973 -5181.274397146532
2771.923576614474 8420.193506729167
2844.9157752652063 -1889.3881191415194
3243.2871118448948 -3126.0000089595487
5054.685195588068 -6809.739239936749
-9947.384097279168 3662.4301284818885
-5532.546311831355 -1655.3769787879191
-5515.113088456905 -941.5586098304884
369.40386002584455 -7179.904746315793
5020.720060661577 8432.88647414439
2585.8860520494873 833.8855913160223
-3620.6661326432068 486.05122538839896
7280.0250068031455 3606.565093159974
-4985.762883114764 2010.2027176222564
7892.106218637786 -8422.94451639438
-9194.088117323812 7643.228594914064
-2659.040955912961 9840.215369121503
6980.911955964322 3014.859694328663
-8543.790108507194 -6148.906605371911
-9303.050681321169 2753.3701116782267
-4417.067399590675 -431.1768424230886
5268.702763763813 1012.0556419380227
-3602.1180858645384 2467.033909631611
-8330.768791744002 1491.2002418586599
9199.148715869651 -6783.42675523113
1727.043034995364 -3627.3566258425726
-2721.2635524390553 -5649.778294143422
8349.014255076057 -849.5310668044367
4460.209277172964 1848.0088798958968
9134.518433425663 5032.744748920755
4481.225284434075 -1664.368245439713
-1093.7264601828756 -5594.357329529267
-8376.582240687721 -9532.618076437564
-6031.415814231451 9792.677248309556
-4160.25329485393 -7931.092238340816
6313.797115108306 4808.217256195563
2602.0988886534487 6744.028920490815
9532.950850958867 4795.806998408125
-7210.425161558298 -1096.2668061774075
9846.766202896844 -6841.728251636914
-8839.455203428988 554.3976133715933
-4541.741665615122 4827.959619129802
3299.234630226516 2686.1674907742163
5338.433152467043 8891.894386507465
-9599.773188410838 4731.3496813273
-5408.332968141513 -3921.98261167491
-1148.0458448195586 3316.570900343724
-2292.468554438873 -6374.900211085459
7302.8891646994925 -7588.63771728487
3290.9899962135623 -9999.684814266158
-2258.1918010834224 979.7411492931769
-5726.965175788839 4994.8666130991205
-903.8456319219895 -8629.743877105391
-3861.0066278160575 6919.474280916624
-8049.811727421436 1933.8867275650282
-7628.0976390703945 -2062.078332084876
1207.2617572795061 738.0721796508387
-8906.51771307115 1018.2904540409945
-131.78149895506976 3749.067598568765
-204.5807547014374 7547.88759947375
1570.5670199807391 483.72763812009543
6088.807637495936 3349.3043377868944
-7869.256543074447 2885.717533328423
-8440.230042406247 2651.431315106638
1054.424350362231 9060.067654478662
3104.4140918335943 4510.676876746251
2827.5137890178703 -7496.115307439111
-8473.533730529723 4244.025946212449
4773.082181443935 9599.946033439079
716.0490984234111 3626.9985376389996
3357.19378025709 3393.8062936350016
-7611.750095965961 7925.960384980004
-5950.790186872193 -9946.046922057516
1145.268867363735 -4724.346174383849
1189.8171308628334 5918.4499631678245
-7463.898912989013 -5520.783502604627
-6207.3145587722165 7660.422951033088
2822.8562005920357 -9000.631899155624
-9196.687729504185 -4141.361642733857
-6677.0231553484155 -2274.158359973253
-4938.730389237382 -6861.662532800998
-5518.218187259811 -2954.440408252799
9059.729008556711 -7948.608114656237
5239.899104211776 3808.4379240989965
-2431.2124047535735 -5006.2429859622835
-8204.669870213434 -5026.872675612351
-7713.215600826345 -1287.8967116979784
-3479.9753517134977 1033.3992816188202
1906.44636438007 9330.403121122654
2576.016885662264 -3232.711821387391
-2669.6426051636136 -9668.8185597985
2686.317425871872 4417.513753748848
6242.911579029182 5555.012499081431
-8449.077664804003 -8896.895927755035
-6156.446705532675 2035.7785712471796
558.448565909488 4078.5630992729166
7268.770424903603 3368.096751517003
729.066062450438 2398.308758653531
77.96949703857172 -6692.767530237839
-4765.44810224192 -8389.460919498164
-9848.998299489524 1430.72355946885
6376.447351846182 9296.070321603594
-557.219562718763 -2055.1551354820404
-6436.54459303733 3584.1062892876416
-2736.9176019371253 3097.9486236621506
-1385.6245380015862 -5781.690269434241
97.27097942189721 -1833.3755841473585
2623.018665940639 6312.932807646648
-9543.644081793505 9609.525638136216
-5343.281014931203 630.2003645150508
4842.441062875829 5737.617752118982
-3279.8028850102037 -8973.486947770343
6638.279683352168 -3871.486999324283
1701.6940121977495 -343.52710928851957
3577.3089386808424 -1983.5488315589319
1428.4601039938716 -6409.885323035938
-8576.811533652395 -8981.5908470041
-9506.183437470689 -7309.844676122822
5585.535939612961 1810.712235774372
8178.189381683493 -2087.536100671785
621.1886660787641 3749.436895233104
5571.650768311118 1634.3656487155895
-6082.0006222903085 2931.794384282546
-2084.3232528106337 7181.805445919526
4330.813141211691 -8175.399031900465
3216.9679917804388 3417.78996043169
9136.93606510738 4339.827003503484
-2653.6442536156164 -7929.048070188455
-6598.937884533576 2116.151317194177
-6879.047610367655 -9575.536344789722
-5312.716799070075 769.3226169796926
-3722.1172995156967 -9948.044273882422
-6971.547833958333 7003.066349050823
4783.0664616532285 3478.4863901371646
1160.8446335649787 2726.156372256597
-421.30237193302855 -5038.977520407108
-6745.298956244065 700.1902325427982
4658.211652280877 9024.294155973184
-8281.098954573647 7746.514321307015
-7732.311158358354 954.2964794724012
-8869.328024348362 6169.642280515689
-4932.195156756662 -2856.889013372843
-4061.1077814497357 1808.4249872273267
1250.5862664986962 9995.13629031782
4312.201771360764 8005.131124163119
-9109.605667856338 2046.208864144177
4350.799315855729 -1213.4930330266943
2218.708008029349 -2986.484506568783
853.4418974081927 -8320.210520157261
-4952.558053404403 -8314.40150793304
928.8477368245476 -9159.448314658886
5225.683874141203 -8121.840373960156
-5036.671652910521 -5451.83614002484
-1200.1028760485005 -1877.222441164341
-4195.84315669657 7628.571218740766
-2542.21380958791 2322.060282285387
3490.8191558539147 -1007.0251212885887
-2128.813821039479 5296.15931309551
5463.962925636584 7234.932837165008
6713.484909085455 6961.977314210857
2904.508684307126 3107.2826530232705
412.2451225956629 -4172.19028829458
-7296.960530342844 6704.207947726696
-5892.140117252824 -7447.436012697879
-8467.741736177872 9302.673694960089
7824.212846888473 3510.1131310962755
3592.937369455485 5071.355747063157
9517.488048845174 -5384.2663716304
6826.457244256253 -3765.897545378034
-5545.579361397781 3112.999522132017
3734.6773420912796 -3221.126412682651
8281.437352810368 5585.8980009670995
-7579.454156875787 4432.001972441914
-2818.703226266799 -5847.65311035383
1060.508099459361 -1628.467276133486
-7326.012310862305 -388.3039048550854
-5257.577074566931 -8967.69738822022
-9096.190510315919 260.1971922133398
7450.3686429520785 -3640.6722757820535
6664.704876733005 8154.84699400128
-6049.639572225414 -6005.0306928929895
-9048.921140983772 -9202.602691845894
-3571.3337010228115 9139.263421648906
-2518.505942639462 5526.742970631873
-1042.9406722019357 -8798.305936389173
8427.778924473947 -3650.6972837019403
-792.992182107042 866.6066499290446
2492.257490415519 8503.412752651166
1307.4559086489044 4823.360550996278
9510.953317618681 -5254.841631275982
6338.498581686392 -9833.778274680804
4920.777619427006 -840.5198024063502
7675.922905250791 6347.911119815355
-5286.123699409546 9241.788592549266
7249.239643364119 1574.6233196841695
6912.45679101476 5061.739524683608
-4251.527953157479 2659.238894554519
-867.4227620717629 5512.216607463002
4912.650905415285 -7396.635650191068
-6534.4641571901875 -4037.021544242416
3255.5958771249043 8557.729460357019
-309.34447941668805 -920.1570371215894
7932.236004212886 -5685.610900511278
5743.4120632148515 1136.666685537919
4921.3692245085895 -3886.9220731448986
398.0127407424279 9838.805716572675
7298.42301916573 8297.97024256377
7283.690511431403 -3506.8603070630425
-2905.568336470652 -3759.992176860489
-8360.8736916258 5301.143165027572
-9914.899403198986 7943.863708759458
-8380.414822683586 -4382.095894724563
-5173.51331188225 -7112.486117948922
4506.486688755524 -788.6068767892484
7351.4795852761345 -3103.7015786251086
4829.302926413968 3872.683451223762
-8836.072536104439 -4767.744087120145
6194.829455437317 -2830.7529691869895
-1485.103359744102 2583.4284411813605
1529.0247725737463 -300.16397222069463
-6581.770798477404 -1733.2719441692643
7471.77912249984 5900.885283089425
-539.8045889165987 7711.8766155142475
-2174.8785531845115 -7729.235835876709
-3819.278256443373 7172.827190073989
-1759.4624103152964 7819.618172795734
6651.300725099438 7616.984898956092
9741.219742002042 9618.945862612323
-4152.625490765307 5871.449706122827
-7789.764196618458 7516.461970611726
-5489.3817502051315 6359.411024418783
-9364.25248772808 -3601.7923472867124
-3580.7841166997714 -4861.265099073222
6689.57923188221 1821.2678250204408
8331.879670010763 9458.678793407169
6125.582896502261 5406.868893078623
1344.0101035760654 -9320.412664333126
8519.40680096189 -9924.965649860529
-7.93935553562369 -3845.676398576985
-9968.568676583598 -7981.62200330155
-8835.178070953596 -3450.9040323934805
2159.791355002453 6254.026797879575
-1272.0043978707854 -914.7525291626389
9860.556612664997 5659.069175198805
-8258.910092026432 -5687.517455004258
947.3079952400549 -413.67272457238687
-5756.6838042875015 4277.911945156731
-4657.509823470274 -2526.3357994640546
2807.833610429485 -6665.802476582528
7538.09135680653 -4698.55886039686
-5588.665954508836 9333.995484975065
8533.344189543684 8319.140478587055
1638.621754243819 -7413.2086267863915
-5447.690482748934 -7846.412841670453
4839.499806156098 2708.136417967813
-995.6474183340797 6227.5966384098465
1577.9243535744608 9370.189222134279
1435.6799195485164 -1640.7080485908664
2561.0554646355286 -8033.609085559315
-7369.733532637759 7478.734100450714
-9791.524627932504 -4668.012982906713
8553.648594781433 -7410.082954098969
1119.5132426516975 -6083.970127989824
7493.2268231484595 422.58538043912813
-3080.7311391992353 5179.401172486672
-5466.135524998414 1659.74188951199
9311.576372854044 4497.292110987733
-4582.2573349240465 -3806.890470601099
4639.816702105822 8473.491528085095
7872.566058144443 -8449.768991712639
-9145.86294056603 -8672.26450357349
-7347.60469645844 -4546.716172613758
5506.290194404386 -103.71443935651041
8820.510874397936 -6588.895371301264
-2759.0302767149287 -3210.2074894450498
8213.897671959676 5312.312280396871
5225.169277817327 8381.429483691503
2564.0705293286082 -8821.158602549565
-8945.254545117723 4552.167868242577
3409.1333299921225 5555.579889040489
5900.031917483497 -9501.014612036895
9717.117153806441 2453.240714739941
1999.9957587218723 7415.697663232495
1050.7941540957072 8327.97517557583
2087.0965664987943 -1514.9905553395638
5139.325079112865 9272.662734470036
2922.647191159069 -625.7029420384879
7882.253684046747 411.20740470718374
9845.155142795964 -1693.47459337295
1096.5149083776378 428.57846453094135
-1918.2463656194695 -218.3787798911908
-1272.7130574361163 2235.7438159562553
-6454.488024927087 -1847.4729114788533
-4221.339028491493 -8039.952128361425
939.0512356156978 2514.062197357367
-4119.725856276728 2767.9883856270517
207.5606386603904 -7258.370425506413
-6808.806641927085 -2531.240831094694
3731.960519150067 8020.710754845761
2252.5052167635604 -5586.668838532063
-3874.383926412179 -6163.004169084498
5435.213578144625 4895.244359408714
6095.659061116541 1150.9057177829
-8209.78712478002 -2924.3053945682204
5552.636438935477 2359.1645821364036
-6607.7489777389455 1396.9073431785491
-5000.145251942303 2649.994926320256
5679.960545716505 5514.1924275816145
-3793.547755256579 2487.402103504077
6829.187168119628 -7031.5219782603335
-6734.121610124946 7213.935560560454
7857.006776879298 -862.4608815398897
1364.128721903553 3140.2066208477845
9938.969191729262 -9554.472931496555
-1070.2756329462754 5993.357495761928
-1667.7244280557043 -1623.1741880181453
-6689.906872591742 -2774.4154566110083
3332.740675703386 -1468.339389401719
2716.6647883010573 -3562.288067811006
7853.554712556936 -3222.710787727354
7903.639981371816 -5948.267267289213
-1500.986692415223 9490.021294793038
-4106.940569011672 7370.136559259132
2416.543917744684 2949.7021805250315
5031.451446627663 5288.739627250887
5745.50264152865 8139.722880719459
5760.988877685069 -7816.343630806981
-8858.61213042935 -8477.993692205022
-5289.249831345528 9871.941064077146
1639.2582237335737 -202.16157345188367
1061.3323761169995 8049.347356505601
-3969.692246189793 7231.814324750849
3608.7123989025094 8237.550322932973
6960.706535586691 -2192.4267663625387
-5449.075756663504 4027.089222089482
7121.963217915123 -8699.59121622436
1743.764828749383 1281.189144603266
-8812.762796075522 -7706.75783172437
-4980.6008344343545 5969.53089096186
-8441.832515684573 4228.854880655721
-5865.6062977853 -5570.057622167883
4521.95465766573 6782.679993837239
6011.366323976916 -8890.108464840805
-9921.418290129355 4156.863238988495
7161.085909372399 -7781.43475798293
3483.218974695519 -5662.2928373045615
-6480.472086722093 -9775.771489556928
-540.9885214677652 4925.017395298415
4407.031671671632 -6239.536375263002
1070.6059958722763 9833.279254176614
9914.371105517537 258.78938487176856
4408.932859133387 2980.998082703505
-8256.789541744165 4504.077742442922
-2477.094169323311 25.94027272380299
6376.054837433036 -4686.92008506413
7443.872256472518 7270.424266528178
-3576.511596613558 4665.288838310735
-7316.211211706626 -1947.790964362477
-8905.877589094041 8869.266786440137
-9751.736237683719 -8747.058311399962
9955.350205165316 -273.52507575157324
5990.760689864583 -6002.475323987029
-4499.341546373932 5158.546230771921
5044.409873616249 -8815.823063524535
9511.889156302408 3392.8485030902575
-4896.962659235042 -1823.633367837676
-4197.47891948034 2555.0995689125175
-516.8275861911407 -195.81146061021718
-2349.317391540533 8396.685439658286
9183.955499276697 -1235.8092046396105
2078.266461936595 -3111.740209714031
3572.015799202489 9573.034150258052
5105.1787560905195 5540.086708408833
-2146.4440680330863 421.78958761011745
-7794.597847417624 -2436.481287536365
-7843.971854783223 4594.086358603541
6414.217421949907 -3633.113790342204
1826.9488886008385 -4447.286680070517
-7116.418232170525 -5617.003704378419
1467.5466758148032 5365.71217042651
3155.309091060899 9854.337590417304
-3745.894217468659 4834.368798494897
-4980.624873779911 -2044.0038556605105
3260.0133779280386 -4498.047872842708
-5452.700505324319 -1484.8036089185443
2776.6830880615908 8663.429697922034
-4261.763571427426 1590.2757741839305
5041.679168576053 4562.813056625106
188.0465242170667 -5699.167608855387
-8682.4814845689 -3843.824287899489
4289.290436400526 -2445.3450693934165
9924.793990375005 6134.810577198228
4692.7270909780145 9695.991008387373
-2381.5875215322976 3344.3868062246765
-5891.4287100026195 5603.584130100968
-5394.107688548195 -4697.624502961544
-1001.5916888385364 -5604.171359064296
7541.832382358316 -2792.575965436741
8306.329011512309 -3345.6947951898483
8992.813680632142 -5349.241409502132
-1899.5001130214441 2955.8487042438173
4152.151405476545 7181.110581623136
-9155.962709711053 -492.77859883097153
5994.0733273489 2941.0519169142863
-13.28017178646769 -6194.635108466073
-1407.9429324542562 -9215.948803227451
666.7192349205143 3500.1068766226526
-5013.788122685263 5597.954756334129
-4465.80857194532 5015.113790383579
-9230.249950239222 5002.002934920894
-8943.775161695527 -5013.221937612555
-2525.250842816682 -8849.090072988696
4135.301998471905 -2790.3588511805074
-9127.440828584497 70.92836977471961
1471.0769891618584 -9469.145498877431
8464.367135929479 2769.232449734687
-5182.054101699771 -984.9078807527803
-2277.404478143414 -2700.6398634905217
-5861.482458869736 -5294.76881955655
-7946.055855047818 -968.1408449465016
-2374.2222600501564 -4566.976931946918
-5009.924026352522 -2429.3100600283115
-7335.627491930161 -4612.1113699597545
4772.069149920808 3072.3410494415366
-4975.899754947006 4530.867216358603
-8720.064649527147 -7833.9791309710145
4926.368641749272 -5555.3316832371565
5168.659259449962 4239.703907225654
8097.010101770884 -7160.327555178019
-4892.645951599777 -7451.804591875309
-2483.480284506907 -3310.3676961337287
-6821.692395504371 1415.8073979813798
-2698.5681924994597 4849.742484885524
777.8294737373853 747.6345593873175
-6001.792531611718 5013.638434068334
7770.9804522210325 2129.817934419838
2543.6582303448413 6994.801468491332
6187.41019848701 6990.60836396704
-5756.4073300331 -5428.247762212431
-3594.3035003220357 -3389.570724240869
-7655.9710838330375 -8484.690368602935
8558.724027857606 6210.558483799989
-2883.035280326225 3920.1219088301514
-5197.1911498203435 -9083.551395198201
-3144.6352744191963 -9408.446430618838
9128.419923913454 -9916.891221308362
-6230.331927743396 5992.943062323453
550.5147200955143 8286.38405086242
4500.7893806637985 -3862.8607104958282
2801.6524466254104 -3774.623059672029
3812.227165420971 6810.132613619146
9061.218296326992 -7152.358010964559
6996.562913243044 5643.507432402073
-6210.769406443958 1200.2220750243287
-8370.711677656747 4806.3428143003075
5393.375517485212 -5174.026186762397
2525.542842391522 -533.8994530940599
3243.06014647586 8966.04740629681
5103.0156535799215 8671.938807328916
-9545.563486725147 1395.7943715949568
-8173.08628079541 -57.19358767619815
-94.50142507645614 -8587.219080874493
4010.553917536603 -3403.436266077564
5100.5214786506585 2311.985684576741
6967.795651087163 7735.3008821797885
9788.255032273883 2624.671147399513
-9638.810447417469 4805.914009137867
648.449740564598 4463.830337176294
-2437.6360500401925 -4216.084712172399
5896.451663105803 -6489.495315852747
-2061.1618118302695 -1717.642707586243
9315.743041720492 -5508.318539981263
4204.104970740569 6266.656197070259
4013.4818866780315 -1558.1112744818165
3315.4733077537494 1560.0087665028732
-6895.762448696323 -6392.995399012713
-6123.1694012440175 952.9985428895507
-4437.722446032038 -9459.790152520593
5601.130480351276 -7515.101599942415
-5357.078694234229 -6243.585653509614
-2889.9242926200095 343.0809604984588
-6441.375631628356 7252.900852299088
7196.110327193353 6830.850320730304
-1494.3739237974787 9270.327135881627
-8355.489567714183 -8017.074609098733
-7327.863575560845 -7140.358960116633
-7189.0007078864655 6661.698480389216
-3480.8017369798217 3136.8646020487395
2372.9815998314916 -6653.692744022772
9410.527913638769 9549.111757260656
9020.142259977347 -9669.533555165917
-4422.22829504769 -7958.383784303349
-7677.183204908191 -326.09920353011694
-6557.202827139124 -6293.067865754813
-8385.815547335345 7006.137724786611
-8521.228973563979 -686.0932577882468
4445.012708626402 -7839.674271113699
6076.952034946848 -944.5964359037844
-6982.688568495134 3618.6336026924655
-2703.7332287182435 9920.174755434971
-1024.0651600025903 6879.718471583848
6907.902832824602 -6714.314397969408
7034.812533292086 -2887.36812434484
-192.69069248206688 6645.0980314760345
-3862.8517400245337 9840.453947037091
-5348.8555830561245 -176.97218290842648
-6803.411030812138 9900.849876538283
2486.869456867087 -8398.908114559103
-1060.989169215789 8559.642849690255
-6822.144525256046 1365.6828034289683
7962.237725091494 -8592.587174407554
-1412.99923620574 2206.7922833351877
-4146.347688387637 -4451.971252739988
-1232.960060886111 6838.128015737377
-4946.671232504665 -6408.0645059966355
2815.8634275248387 -4224.8297933935055
8122.958380779786 4095.912438091511
9590.331174985793 8399.216717524403
-7821.491965490521 -6655.056850899286
-4867.780999480289 1851.8788197871309
-8532.803438156745 1750.723313072407
3445.0892444508136 145.88645201367035
-3582.9549428221917 -354.74575080548675
-4828.963676160171 6444.477981549215
6959.894591366443 -8123.129937909011
-5248.5843351712465 -4846.950652331996
-4473.5445444043735 8369.951006790237
-9184.181750077198 -2716.8526646114997
834.6083646514962 -1311.5111655845176
6828.705678279686 2490.290730986724
-2560.182696037581 -7352.435986560226
9433.28798407596 4253.523728563696
-2010.8015091813813 -3854.2816382400715
467.36915291103287 -9144.004856844052
-4781.587049815481 1645.0924256194394
5286.051300730998 -5857.722675248447
-1046.7597744328632 6105.123580680853
4811.341475073012 -9530.4664652252
9725.316327242486 5679.489630182412
1638.8613958240876 3836.0611159631626
-4915.803309147773 -3885.101395825385
1567.0118275056047 9862.129096108802
-2714.4466813755353 -9455.765154304372
-8925.885000689657 1114.4519244720505
1757.9704640560267 -7754.535828379703
-1445.810532028112 9207.030877733261
-5401.540761646186 8941.620429196773
2532.198611561138 7177.512980939548
-5680.526868358029 7346.096834437405
-6385.261169692051 -3170.3806354595044
-1832.1430354012082 1911.371917414379
8592.316914920197 48.5975105925354
-3441.1782196049217 -9881.796930547769
-5105.494894394477 538.0673465209238
515.6867909383618 8146.2363834395765
-8490.577626821452 2993.024456720297
-3521.1981277745763 5395.872746121562
8514.155314004718 -9584.8154293715
-9555.298151482932 4085.155988880824
-8477.127443185298 7093.247114450118
9119.210094997416 1024.3309510604086
9644.559654056782 -5287.932420010397
9615.86746473208 2674.6541168515323
5952.4438925148315 2121.1396945922606
-8796.290666206809 1726.914996430265
-1997.6581345753866 -4515.820202501166
2706.078758720192 3689.061545646382
-7402.678926749628 -5151.969213847405
-2625.182747311832 -4648.795890703552
3781.2148982190447 -4389.508246277365
3411.8260476027153 -6499.797551135977
-4046.30753344444 -1066.897074149305
-7217.3439879129055 1884.9213269420106
-4965.259987529791 -6163.699295298633
3564.4332416038014 -2812.828890901
-233.42909370608322 5530.789180392589
1793.0859528031306 632.2373304210214
2526.121279695237 9480.356112303685
-2377.5052213134277 -9123.180123981296
-5568.527857292842 8757.786098847588
-2419.151761269096 -4058.897851162066
3060.667202562272 3446.918726385691
-192.86864056062223 7205.585530657867
-7238.431601115419 5160.313195820367
2373.3442066792904 6872.220906579219
7316.544984668777 7183.376910188119
-3854.304751736988 -8206.72138994008
-7364.054714867099 -8677.760038104589
-6889.3279061219 -8799.687788029014
3189.4509707954057 -3775.959949391421
-1310.45117114174 -6380.539381076429
-9955.408708698093 8754.708028847588
-7712.449469147878 -861.7380676783432
-9333.181531683265 9960.743572629777
-5828.461909643683 -2806.966168604501
-8954.264259417865 -9792.128576753024
8742.751705350936 -2825.1954536758576
9247.195857861629 4280.884654482719
4368.7896494745855 9405.668460655961
-3848.831253833322 6545.3820889168055
-1838.3325244481612 7416.3539084849035
3920.4139687303723 8713.51198695485
436.45402812170687 -1040.3043752715384
-4344.8369223931695 -1677.7559410924914
-1942.3634463693134 -7176.389300828867
724.1680275691433 4724.0992532466535
-1521.9760591540198 -8738.916713431909
-577.3752272688107 1206.6621163412528
-3002.3429190006827 3733.5676498854227
7892.64462970306 6798.626119821474
8617.845394167765 6668.129706335785
9652.097617364267 -613.4927182913998
2838.1077989211462 6057.5447347423
3612.809057850396 -7042.412973079484
-5158.54443240354 -5013.507969052112
-9870.753608436642 6101.031373471058
-263.8953309990102 -3454.1309897432984
-3596.0104929047375 -3659.4372549413065
7869.365427384313 4101.179343401969
-9513.557932541313 -4561.554322017862
8702.115998249126 -4490.16527831412
9136.373689852993 -5498.03291144215
-1670.0862587513857 5636.131820281669
8984.077880729157 -5460.00476947738
-8540.535437656628 -7608.43910876786
2704.045289997184 -1941.396098555335
2496.821322962189 5532.015170929986
2329.237523647749 -9648.84418659677
2376.3381426614123 4572.375598848643
368.1919821483207 5329.655796478028
-2142.9339344322716 -7567.1502284803955
-3952.6584494917615 -9939.431069335267
-1764.0664565598527 -5189.649421545008
-1213.9013727869497 -5390.271115214431
-9225.296729220929 1772.1076908231535
-6077.602733319132 -632.649342986293
610.363700272932 -2302.3889810319533
-3258.441596744701 -9284.422489928465
3516.2618171029408 -1551.1093865872772
-9978.521062833368 7717.3927497679
-9396.054057244339 -9471.955956056894
-2407.6721492479146 7447.1384402821095
-7096.664541162074 5984.827370521147
-8180.940437415671 -5350.716572212453
731.5032576668455 8966.036868706986
6450.24234904956 -7396.504896576721
-2142.0033307597096 -4947.693978554637
7936.821803518091 -3609.528578427059
-6302.702639449384 -7093.139788837318
8109.62858289653 7194.397893150261
-1893.3421665569458 9264.66712578374
-985.4278676198282 -3155.699450506968
2840.2240809832983 -7080.668319562506
-3260.372017326423 -4512.03126958414
-8691.99592482589 -8881.008820207226
-4772.1158454110355 -7891.462618755901
-5989.108491479691 -7338.624535387724
-6643.936326118407 7535.208903250943
870.6259501268378 -4017.908789064222
8968.096221298321 2666.018498445166
-6353.79053254705 7659.1114025760435
-7911.524798691016 811.9403081153723
-8274.029521423845 7010.348421292161
-3799.7159399282764 -7611.958447403062
-7192.888487570037 5840.091102348064
1257.9382152453418 -7381.196265747403
-3677.7581206626637 8894.008877445664
5014.840847306368 -1508.8744127703121
1945.0414403405139 211.31016759813247
-9718.69156466629 -120.06179498990787
-1895.1243069331003 3316.568855718937
-5111.715892303799 1587.7658675481216
-3837.181791055533 9072.623582438766
-1582.5008181862795 7980.966954709835
4749.206779155253 -5980.127348174268
-4831.0839469138855 9971.807641317359
-4264.485613109557 4156.183034418687
6371.429554573599 -4713.085795957368
8410.96187775617 -5634.452367412628
-3697.0368464943813 -2720.935776690312
-8343.029778753786 -7917.474539034349
-3228.738658551578 4980.680845767851
-4739.801437692717 -4716.59653197128
-7683.182470579284 -2336.197514048259
-9022.435112874766 -476.06199329280753
-5465.446161432814 862.6985843324292
-8435.681259110748 -3502.581913673912
-1928.9909127638657 7631.725171805214
1698.8734130331595 -2534.2762404658315
3138.957197383439 8752.394664504227
-1414.2245974660455 8919.937736957108
9801.529645982111 8670.072067439563
1990.8345718084693 4955.990025568653
-2186.9251777034115 -9867.915800563791
-6439.895209857107 1104.7129594670441
2464.1375301831085 9815.462748807218
3497.05152525849 -2265.4094855532358
1663.1129003012356 -326.077915755126
-980.0950686996894 7649.400674422086
2397.2610456219372 -5699.890058774499
3493.853641608808 -7868.159338119394
-4249.04958220778 3290.5349327865133
7730.385407073256 2438.1501706506297
-1180.8630874110422 -582.9715607499747
5668.743211018304 -372.3662643804164
-860.7529990952771 -1650.0395956452194
-4497.8834083479405 4614.906334586984
2674.796559900182 3744.8628180908345
-5716.1500351518525 -7538.416640725381
-80.7829828660997 2695.5174872269345
-853.4013764365118 -9821.954041332554
6348.535609215811 872.9542624961123
-8509.97557449398 5684.815182742323
3236.6969603681755 4111.234956770675
1840.2805764842433 7086.981219651334
2757.4819861405413 3767.2856889972063
-7442.814905061586 6044.03348270421
7332.125765395511 6873.459935911196
-6837.352740833596 -3228.65160100893
7341.897540602284 8917.912523429553
-1213.4436799548512 3088.4918294374256
3610.0685012839567 -2970.726969387696
-3925.9897780213996 9933.411018740691
-8532.170641951345 -5591.482435434818
-7129.588007899383 2890.4827255643177
1753.905622893115 -6957.664008515245
-1901.3863059480182 9534.299786463653
757.7416206444432 -8951.291826380942
6464.955510956526 9769.984740708893
5901.311524395307 -6553.203860998525
8978.692475569565 -1145.2834145216693
-3135.25118063068 -9290.31755145239
-5258.039441157783 6414.078918443665
-7103.84842239113 -1850.129029764571
-7934.899593196478 -2479.2761391791782
6206.081623233837 1003.8917126100241
-2315.20657121741 7781.770446297505
8632.419163848139 5023.741803959734
1710.1379447770414 -6614.749041399844
4171.403077269173 449.3174824487487
-7105.552140051026 9184.831388521554
3505.837858779081 8427.376156735554
3928.1976181669834 3155.93444778883
8321.601518125419 -6741.000963155066
9671.215062113937 -6064.701166743982
-7011.245101654962 -8701.090356021748
2589.8622988232837 -340.07616688787675
-906.307666939736 7896.423641929148
-862.3889101596742 -9049.758577425653
-5656.046679574214 7459.206353569305
-1584.928664769046 8636.273711392616
-8472.555926694811 8537.416299061122
168.18976200509678 -2295.565273476328
-4506.999285344317 -4232.769874867775
-6969.012748883439 2946.5494586766854
6529.358514393618 -6420.856693666905
5891.867906648247 8921.555002370918
-2945.233107552709 -7232.157148680701
-4639.818220184755 7094.271821836079
-4810.368351667733 336.86694694530524
532.381440992609 -3605.4728191864597
-6430.267269016965 -4527.3379147841615
-7395.228893620431 9943.821988541742
-5332.284187531429 69.06067802503276
1352.5024938918887 -9674.35458795066
4925.713413512902 -9085.398926245534
-6907.877186663429 8529.435340523603
-837.8887189600428 -7528.472055409398
5467.644872237855 -2422.9014138027023
-5999.376762896016 -5883.288270671172
-6752.239621239256 -9155.089320580086
-5519.990240567985 -6218.869435035356
6294.472730387979 -2777.484564326447
-8462.092554645968 1115.9645373469011
5961.088467627422 -9495.345661555215
9722.42123637518 -2370.23093271999
9400.150025945666 -1209.8349387184808
-5729.736362145177 8682.57920639074
-7390.432005641887 -8833.312391694846
4600.397246375405 -7210.772073071627
2517.8457699660303 -6411.570573228729
7307.280449091748 -2624.45740807971
6006.961962348107 3608.243298095229
-4102.012190938622 6947.515716631115
-505.87345455678224 -5495.8218498024935
6802.615601530531 -425.071554753893
-3458.7217728327378 3344.5737501235344
-8402.448196733789 -9342.67361898397
2933.857709651562 4664.667352237664
3916.3426647052383 -868.3473125120054
-1231.9648933925437 1681.5986625979585
6183.041800260473 597.2401734852701
-4691.7619513259615 353.59095264851203
-3911.9142061621124 -5724.717514465243
724.4737490935022 8093.013101973029
-4363.102431919066 6286.2992589432015
-6708.402206647812 -1428.095166081659
-3363.4274751381718 420.528806408478
3230.344822758676 6812.486294058974
-4353.836540081093 9392.573688949004
5092.577761445207 4634.052114281396
-1298.773269400146 -5486.955249637919
1440.8888173417126 -4468.42857331482
-8466.536250498984 9776.346643386489
-4454.680613779243 190.21665467424828
-5458.571612297849 7555.155017776848
5917.642140566415 -906.0466722727015
-6571.548426538896 -2591.45328484333
8726.291293880644 -2934.7781340701104
-3790.9375918933465 -3047.8559744049453
5482.688748195504 -3923.339937256498
-4804.633115259389 -5694.953851792555
2862.3725042891147 7304.709540381344
8609.986015847517 -4680.277187052033
-878.0175141258514 1148.8627828317349
632.3171398651502 -4382.545853489512
-2704.1768671866203 4819.21532713588
-9029.963822083775 -2606.6949170649887
9203.37195189537 -8901.115348452995
5457.9171672159555 4021.03086982226
-3728.235991151425 -983.2263619594287
7721.201950641116 -8320.28584065791
-6725.060203030751 7420.055251431168
8600.902684201952 -3459.6569617994755
-686.2103186625263 5814.669348658377
-5176.411236280592 8491.94449973229
-3290.7014480706057 -6653.98136699277
-8691.649516815967 7953.291082450105
-7046.656769597053 6420.965952031642
-7461.199751574359 1007.6095274749969
-6540.5506139710305 8226.13602615058
7588.1255655101995 -85.87228061212045
3578.4748222060334 9276.435129144393
670.3573305615846 991.6906324615175
7191.845141701626 7131.600466397511
-5498.816971893294 9936.09952822858
-3832.389212980087 -4452.488417592533
-2713.2133978291486 -4175.778065706121
-9937.727755921645 -1417.114568371302
-4180.653080865184 -625.6717222625011
8673.954412574622 -6439.103841073129
6942.9990336878145 -1526.4709150380204
1400.1804631717532 -1710.839314069457
-2435.8050897603835 4549.565517602603
-3173.848061814748 -7429.563078667647
9415.584036998222 7055.652383458993
-6432.913101063861 1790.2939988049056
-1057.3327233898108 153.43643861416058
9110.839726312133 -8753.090744224512
4967.644560441153 -4379.426477568484
-2745.328008755967 3892.0664231004957
7195.035141853656 9075.809644348155
-3297.300608456834 1281.3221416769993
-2841.201922781911 2805.8763883259235
3488.2048028351546 -2214.774984757075
9870.842455588896 -2205.0972705344375
8107.653403935736 -8507.62668803971
-784.0295106568083 9998.461682162313
4600.91045989528 -8261.001554037566
3048.45412756507 1470.7661187766043
3284.8140886285 2828.68147143213
-5019.397704829003 5644.948613618122
1444.9111868681666 6259.70042817765
-986.1691043132196 7882.752230961436
7012.823754066805 9656.42023919856
-9552.099251841892 -2648.6247600859315
9104.366486145009 -394.95254668438247
1914.1593284375103 -5648.389218031349
6266.197529647623 7722.970806905938
-3086.2475624881163 -1587.1616982231717
-1623.5687667524744 -5455.187962563828
4901.959476234166 -3213.176896564103
1367.307986232243 -5812.766077062271
-8255.068342489467 413.6845750058328
-4714.333374119257 4258.439607568671
7285.296337030119 -5000.189520298819
5679.62446143703 -9892.787915119103
7788.222721437771 8538.88639427999
5897.519628227716 260.2560410819624
-4800.280114126225 3423.6313159000492
-6392.160542371925 775.4922685911788
7434.082199185013 1237.2215633703745
-1303.5005586370735 -9757.116591328813
-5682.442699457302 1379.8022897288683
1670.5044222615397 -5706.745171679207
2350.4701123118757 876.8880732204852
1794.6784130739597 -1270.5032547648534
8110.186752320231 2032.859640473911
-7589.200619119938 3773.433084784956
4902.468466025744 7034.172202932405
-2763.8601915079007 8425.544018587836
178.90998653536553 4173.293512712235
-4088.93575416329 3563.649384642311
2273.32017518477 9055.801170178507
-337.0038704688686 5160.55124243016
4170.060065478558 -4030.528044681041
8676.713439836221 -5120.4515770245625
9302.504826633995 -464.40064688810344
-8391.394082035316 -5689.357198859135
9789.955388838142 4829.18913231465
-5344.84057780918 1239.1579335832485
1056.4823978280874 -4653.920004646743
-7316.386226777389 1592.3999758940317
-1564.662592648674 -7488.547292940362
-1844.6253455042379 -911.0990340614808
-8852.271324380627 -2134.4120111397324
4920.435708283934 -3881.3201579532915
6954.90955231374 -370.85638477548855
3433.707609843961 -5988.12042817888
6817.685299525932 9041.631159686862
1541.8171079442545 -1392.9754691502512
3057.604812863534 8683.169893566152
711.5899618769963 -2090.934405625675
-3200.748995420877 4931.013118241079
-8580.909371758511 2631.2822803674353
883.2082753690411 -231.26250186267498
3390.747726571264 7544.0081007935805
-7025.559882690855 -6642.600414380799
-3514.2492785064806 1807.066841391863
-9749.043158570319 -1905.6329194718555
6231.5521519520225 9841.699558894365
-8157.169441368759 7326.939751286747
4371.9835996256315 801.6788984118011
-1898.2583062390177 -2545.7207912673675
-739.8734440987682 4332.210447780144
6816.428748295664 -9157.426171374042
3525.759634486576 -6940.882587473427
5649.541537926287 8794.774766064504
-2830.161202224189 -1870.2687263867501
7356.57560181497 -1242.3601300414794
-6913.866882692731 -6869.200669041791
9757.707271802821 8015.2319716340935
8982.80556778019 -6162.367574232303
5968.5166931950225 -2690.579306682126
4774.355332919591 -3497.375638262437
2055.727451849223 2144.351077147312
-2262.969717805612 -4229.819304644846
-930.7325200942196 -3026.7606367800863
-931.5584504473536 4808.995360602159
4312.093270911242 -1967.7349457052887
4964.798235204087 4881.527510763102
-7255.610638150705 -5722.257263398072
2926.806075462544 -675.5688223068955
3578.8985261087455 2699.146284410246
-272.0389227648702 -2207.4004834423185
9409.311792097724 4221.987327631419
1326.5971915279624 -9376.608697226044
-4376.214904097815 9480.931289958116
-3024.2727330068183 -9693.486744087168
-3609.1833418063698 9934.960595055378
-117.64718340988111 -2701.0626153585135
-9835.125975758447 9112.790986329874
-5009.410177947105 -9196.859440395297
2444.314638355727 1218.153842942571
810.6040953094071 -8369.141734979747
-3575.7041398601605 9890.968046475336
6688.011144441192 -6096.549872976777
-6777.461456932563 -1388.1773302899364
-493.9497014852277 -4906.115950354226
-7484.0493351807045 -3946.3892059995524
4535.49609704738 9794.24817694951
1711.2790250546786 4625.548623089144
-6005.066135054242 -8403.389358578286
7183.123106689789 -1478.7755278023942
3856.671766200212 9603.946484771652
-5352.219633438706 8773.73635679411
4531.2325668640115 -8658.234526237597
7401.572476483161 -2862.63322855588
-5713.996254859894 -7780.023041402759
937.4352869851682 -1943.3339439748188
5601.305526049637 3198.4315476692936
-9636.269059581738 -1449.7866201824309
-5860.228602959889 2938.488074480905
-6915.611715855172 9527.727231930363
-2397.395450770492 -1523.1348699873797
3359.6255423838793 -1124.382391856907
7468.927014920737 -663.0661704365775
-2348.313398748809 6587.458569540715
-9537.91144746579 -6003.479210700127
70.15652795614005 5282.287321123957
8559.468936704343 4760.1945566541235
-4233.40794185548 5645.021568431539
-3540.043432655715 7337.917487274535
6788.354802806571 -4360.290068707009
3645.9426549065756 -5189.154823563656
-313.3126745583613 4787.728637310489
-5475.670204446586 2168.9681943118485
-2915.7600775534556 369.44168389043625
4603.707876826018 7234.197564840717
-3557.604904440137 -8900.745575133673
-6737.493895775319 6536.393186898364
-1571.0900804738449 -4359.606073443169
-5614.412786142817 -9411.251145968365
-5428.458207888227 8267.15179313744
4994.408635982434 -7987.147540827728
-706.5178695409213 2048.7392974689265
8968.524173986872 -7907.353599690689
-5038.415877374369 -8879.697443161662
8053.862802963558 6590.410701288722
-9761.48590758274 7923.059647959635
5575.879100109261 -9963.18699070997
-8184.870628972445 -1263.0793303870778
-376.6860470608699 -789.0337467263598
-2490.4734963123647 1395.3641466796525
-8059.01925555834 1155.3382342838759
-5245.63092405528 2763.7423019895377
6367.621614557986 -1175.7283567666582
-7345.743426623329 378.6031066320029
-3622.434153033302 -1656.2228969416683
8080.055650161219 -7412.983233283756
5132.548719799286 -4135.8382296125565
6677.2639024665295 -5408.7019154782065
3422.7272394034662 -884.0288213846725
8200.644418506465 3995.933779332656
-9026.42529296018 -966.3765487315104
2247.5134969183164 -1230.0833750270122
4817.9958390876145 -9809.98025088646
5247.226606194239 2979.1044369238407
-5219.3441797936475 5289.326710892468
2474.5650583720617 1209.6203946931564
594.1849518783492 -1405.9727715656772
-110.12200993350598 1294.7264855293997
-2235.4440060109046 5916.244235674714
-231.0105721514774 -3225.999673011537
-9974.384457050184 4682.251135256005
-8628.950808205238 5455.052898281001
-4929.624336099862 -3417.0172028375646
-6697.3620992646365 -1485.5627925354056
-2780.6441880319953 -2547.7255030391507
-2228.3778235182526 5765.795079799538
5783.904722373543 4268.454404462838
8584.389609799637 7039.702960443607
1105.0917943596996 -2446.170122540081
-5474.743001435014 -2938.919237993565
-8403.58004385481 8950.508461240708
-2332.993580200635 1776.4319772241088
4591.258301861088 -1620.1018697978689
2196.6538054999255 7774.595075659679
-8606.443088600656 2947.1528341760513
3500.7108446813436 3261.086835423075
2653.058099923426 630.7071383018465
-460.6403454459778 -1012.472902056732
4033.8775650013595 -4199.012358046994
-3050.8795457484575 604.0422370970227
-5882.015222916459 741.2561762485548
2848.7348713879637 93.94782722325363
-3417.2384868707286 -2402.5228615267324
-16.83841712580579 3266.4155381944165
6914.487187654464 -1437.0086958552656
-2374.2815104664223 -7275.7537933642
267.24280068175904 -1392.315755576703
-6431.415964831429 1290.2618855841683
-8450.611908376603 -5309.743614145906
-6432.998610031491 -432.7536836001527
1417.4211458565696 8146.091759784016
-6237.293693217869 3122.769039734605
2579.689359682716 -7177.857689214311
-1102.753171091219 -268.37077272410716
-339.9319558509469 534.1400268187099
4536.014058290268 5175.067068067154
-7155.610072662215 7550.3648221489275
-4941.025427388448 -2712.7094673210213
-9369.942748776966 1060.097476535604
834.2346547788402 -7743.716632300837
-9778.067972294757 2963.78921006828
-2224.265530770708 -5372.750845748091
-4534.758231968599 9825.898149497614
396.5201949144848 -6976.531515598685
-8321.084552997829 -7539.766386502815
-4495.799571342751 7290.743355789997
4350.401910255392 6371.566945312454
7845.353646420212 -411.9864992707153
-5624.311671205977 -4843.829171552321
1290.7991665213176 1888.1303053814718
6375.892694916101 2967.8531316189346
-436.18755108773075 5419.1884834686225
8594.454121990188 9284.956343161757
-951.488611229297 3768.2157329231977
2976.6122950065237 -532.2920829245832
2875.808224329301 685.4241044569917
2255.509308131079 7974.205030938359
-9730.539779942636 6068.645073048718
7216.917857846733 -2392.778298216913
8044.9320385265455 9173.9621996325
-8212.756990706233 7792.94705246263
-7811.084835364954 -3210.027939196176
-3812.887028792111 -2353.3516840118664
-3392.474804629357 -4070.497404221369
-884.4795862709325 5459.179586898505
3416.340261039788 5534.034829002114
8777.135606105094 5242.144824505713
-5444.392161871529 -247.53503373127205
-461.9234988029184 3098.447178765431
-1950.8949664700067 -3452.734243603013
6093.061730596459 1438.8469061408014
3885.2816141951516 9697.49975080317
-9750.456355758164 7444.070747127305
-5715.510863277942 -290.44576224512457
-3217.9356986639696 -6324.091465439541
-8973.76176908007 9712.863473175003
-5717.2590915234105 -6630.346873268671
8545.599743434534 -3890.704371488092
-5468.561792141935 -9305.87030481711
-4332.00194380953 561.292045022401
-368.1547991467032 7144.4846148918805
-8863.165490672262 -154.75789216825797
7.325660933787731 9236.794755061692
8498.497329500773 -6837.008289059528
-1676.9253778147686 9802.472966490033
4444.5054390615205 2695.789159781585
4498.762583756159 5434.351627830054
-8629.340388942597 -7498.626972727947
-4801.493293906296 6015.225930243823
9698.257828662612 -6703.682858265552
-2467.3274003216266 8763.552711555556
-1587.4339886642756 -3767.844572434462
1178.6528109394712 8859.905553213437
-6691.09666588551 7465.211953959861
5725.434390667993 1471.6822281406476
1596.8578914898608 -2863.5338721084127
-9230.57717919605 -4127.511841850702
8798.294337315529 -8680.801862408973
-4863.356791250404 -8643.500266195431
9284.98881220222 3558.5563056468
8579.095014581493 -3222.9556967359404
-4663.136721221719 3818.597835106186
-5609.300979879601 -9207.482872287135
-8738.039833565554 -3031.23618153412
-5389.076677903093 -1718.3263278822633
-1095.5439346333987 -9616.850016406563
831.8383389213832 -105.75675037304245
8777.155038491397 -9207.655646210966
3097.0023397390705 -3668.29005174496
7090.078603083533 4219.009582436132
-3021.7606008721987 -3292.986755371714
-6893.094828105171 -355.2061317931348
-5360.9802086725385 -8789.166248472
-6453.814585804974 -3002.445895880941
9540.825321133809 2316.030676313443
1154.4066315597302 -6885.70461699963
6421.515465597975 5880.702283243663
-6886.866886007294 5526.621211129315
8272.389706088601 -6235.74955563752
1602.6191917815704 -6768.0940085474385
-9736.721746824294 -7050.262815663007
-6370.572144507616 6054.803208524365
6912.666781361528 2669.72169619168
-9864.233623368102 -229.88717698742403
-6727.50043063691 661.681786906127
-4556.614505941979 -7150.575369684693
-6505.02187021434 2433.0192356278185
-2754.9373093913164 -7489.6132161010255
871.3155306691388 -6705.437144189108
-5358.166270740589 2688.822875808257
2280.072612627673 -8074.611570231916
-2865.7017718276893 4620.352537421979
6955.353936233947 6360.6747061941915
-8988.51742445449 -8090.4352984488505
4582.791965968405 8548.228689695614
-8759.10248574115 6281.201010413848
953.9215513180625 1998.2161742672488
6748.581839217284 -2350.784048168506
757.1803195696066 8554.53769499415
4888.086191668546 2705.977045150308
6556.4464029064075 -5054.798543537869
6932.498658804452 -74.70460377859854
605.6687768067986 -2477.0545389546814
583.7816623631315 -4310.646567020537
-8129.1925446474925 4486.271867025478
-2221.168448844084 6191.033484382509
4477.956135964347 -1125.039729959548
-3518.1582543952563 2829.531250610027
-4220.826620341564 -7236.9667455528215
3687.695957499096 5008.5640554065085
2325.2113780430354 -6673.946670483761
3521.2876089816073 -6437.121221643347
256.97637681691776 -5161.457896515635
9102.795794627105 480.17115300835576
-7024.775187170893 7161.20522242739
-240.86570980471697 6151.943705887708
3420.6438118923434 -9093.429423395864
-3803.0856336587603 4078.2197289060023
-9105.870812961663 -7774.459434469156
5412.446704782327 -5232.543879820239
-6930.28027125685 -3963.7322898475213
-5600.556538355634 5514.389256459817
-7299.678032379186 5520.676473292027
7125.249540261953 804.9541500034629
5488.989316307598 7842.84925424703
2781.5823556850955 9288.843656265537
696.2045906103631 1297.4087108903059
4975.918021590916 7576.649016587024
-723.7572823078735 -2525.063797078268
-8685.176993249186 8559.956108739061
5683.373613894621 -6464.640803616749
740.669156732074 2519.164792049074
-1038.7023395163815 -5690.831009908615
-7981.644301493092 -7024.7887224606975
-3673.117604489742 -8299.787837126176
-9071.217019584743 -3942.232023880668
8181.907017723563 -257.2764926597265
-3988.9869400920234 -7896.077854681167
7334.198550084646 -2330.8345280391877
-6894.8222737663455 -8732.282128597815
-2817.82549674428 -9525.650190373248
-2516.6199935441646 1112.3713196615408
3714.48698089933 -3284.783806322047
-984.0373662985403 3473.361361363428
-5600.893749986982 -3335.43690782498
-9394.302182968677 322.0129676158376
3383.8373326972614 440.9112655387762
-6967.4054444098 -6074.404230273704
-3097.0750977776443 5365.610337843436
-9612.821285896178 5291.356114530166
5382.063129511827 4552.185177113286
-569.7371827724892 6698.32772679381
-543.2380998475146 4611.8358107412405
-6497.632046769397 9062.15130949632
-4033.2961893966512 9362.911469439961
7016.129238133864 2944.5494862093765
6961.366062277757 8561.074010789456
100.16517028995258 3210.5140590942938
9849.84068651541 -4079.2083651730773
4623.0434463442925 -8347.341617501565
50.44399447128126 9077.689837730799
2611.1436314878956 9343.600624244857
8843.366223975361 -4354.793432781963
5984.36501515049 1043.6493665650669
8602.25955325264 4147.898304574599
-7431.219524312986 -2317.5323552873397
5178.325281243528 -3632.344808240935
7505.511211505953 -250.2021841755868
-7066.879441309295 -1482.0189842157488
1460.228100435268 -5628.262704457905
1763.9493742072536 -7334.590850970064
7447.8620348410695 1915.4627051563984
-2561.6279136287258 -3053.9701869578485
-3377.743976490994 4156.696012701692
6652.016750927403 -6620.998840967501
40.63969640309733 -4639.36506504605
6446.528259320337 -4542.159384647437
-1802.0210827782175 68.44655506829258
3972.1609940611743 4204.1793676668985
3036.3931747866936 -3052.1458030714975
-2947.8400678582075 997.5835349806111
8170.002382487273 -3242.2560267758163
8603.74677276576 8248.948132006542
2225.712299338873 4293.118130864796
8693.170039248773 -5136.130237209604
7485.6106535498 9118.140169581657
-3150.0518705062877 -7553.678264348029
1426.7952915815677 -2038.585545443243
-5761.922573285514 321.8492020959711
2289.6199027553757 2839.0540602514575
-9620.354013866478 -7286.582102027112
-8534.507720815327 -6712.507481452592
2348.936320261757 -218.0464668648201
5280.520591218652 8529.405285203065
-4297.226152592954 -4252.490031073544
-3338.544581844704 5962.5095872646125
5885.513888044898 -8064.080865685009
3205.538644234817 -3947.575546180271
6444.7353895230335 349.67286889979005
2336.015902601939 527.1654669549862
-3883.6465022220136 4240.705883442888
6510.23636409442 -9287.727044986956
685.5206768241624 6166.635853811844
-8142.5855255742135 -4088.039665027074
7502.349852153362 1140.9452220115709
2158.2794318830493 -2066.907081407827
-9370.858434816977 2741.477015911063
6739.01122572747 7165.195500303147
2818.454512396218 -6579.464259074252
-4363.005959832258 8071.11424757641
6869.018846337316 -3236.2189058341364
8306.098773084075 7509.342264118979
-6620.8550025552195 -925.9831604823194
-6835.657554696996 -1999.5560724938377
4514.937370582969 409.8810505579204
4446.942957357067 -133.59319410659373
-5866.722988316748 -8911.659644632065
112.93636189832068 -8886.838894826007
3447.200360910916 8663.81795018561
9963.678277429703 -8007.087163401973
-1606.0540148287128 -7474.3318164193615
-3333.280978622546 2374.3426957959255
-36.392350331891066 -1490.3656139188734
-5961.319129569875 -5634.8719926439835
1968.9847808660943 4297.821594482548
-3274.062149631196 72.65061063690155
-7915.123615158474 7885.632261358365
-6667.953902172918 4955.162818629964
-8542.279376462859 -3976.994947011205
1076.0309912649318 907.0918040538836
5784.140708963081 -2708.7795486036994
-5774.206599057124 -9961.442859536954
-3520.384726351089 -4644.5704964534125
836.0569222595168 50.59638807362899
-5593.858939881262 1936.9716847807795
-7269.574365717908 -4826.005735274714
-9399.581793565796 -3821.538052786759
-7797.70915376536 2831.0153277138706
8541.74362137329 7328.519679139197
5569.467179348387 5495.750596337577
-9278.548395972959 -8948.0723841157
8502.608910168063 9670.18520033907
-1376.6001769639606 6174.919297857981
-9042.397168058429 -540.4789465631384
9697.65498372672 -1695.8178175033772
577.292418095205 -9078.333550357283
-2492.816407141825 -487.90713379807494
2588.0502592690627 5182.235883047362
1950.0188500864551 -840.4111941159917
1501.8678838891628 -6752.204982044889
-4692.977631936759 9931.992416371082
5344.781016318231 -6483.5037037658
6838.02133581835 5292.019982307711
-3332.379399676948 4176.659896944684
3746.7525607556945 -191.90481143863872
6255.222768812053 7000.25461308231
-442.29279701393716 2195.0087205381515
5235.390865155448 6479.642159075051
-7704.378399915008 -7592.1332230754215
-800.9364763525045 8822.363788279636
4331.018848140127 -1240.825474060217
3978.291881807834 -989.8685628470521
3352.859941141318 -1217.1903054711674
6888.7879809416845 944.6221566590502
9652.018831879035 -1552.4484583438443
9528.967565083029 5644.051987062157
-1253.0442562152548 -1673.2749593075096
8637.560401085862 5520.934544187712
-9644.382400195545 -7540.55879689683
47.015113390431 -1037.180781598272
-5184.754074370768 5892.810856245544
7430.094084710265 8754.220501141554
6274.438911807938 273.4151147398861
2322.1978794960633 -9680.6469833292
8329.458825580608 3360.2282773586103
-5187.881866330393 -8668.310538151001
-7750.557243866363 7960.093336545517
-4670.921085307183 2927.77276503185
532.8253113938099 -1459.2512083078127
-2885.923326430866 -5420.888945455691
-740.0654601359711 -344.67606181645533
6248.6895425380735 9617.39875016686
-8445.608369502388 -683.8813751103935
-8475.321492490151 -3525.295014925443
-8561.416836506169 2584.3867731074606
-27.13293765567323 1891.6859033395813
2466.150390517192 -4103.2391372647335
5529.928060236178 -3336.726199382576
8737.075132111353 -8972.152222376146
8106.883836185465 1932.7126240274665
7248.621329615111 9092.43926706104
-1766.7421824611065 -5388.794509648689
-9991.974030252024 -380.3104216120173
8485.99217384954 -5808.145935496578
1930.5037765106772 7485.509308105629
7072.390586899059 -9957.028535590956
-3731.220185294699 1368.3415841037622
-8778.492581487712 -1792.7414005825085
3168.0248607060494 1397.3849907697331
8448.554317423303 -200.25953944262255
-1087.284368799994 -9208.763313992264
-7707.938156799081 9288.758795909594
-6470.38672960552 6538.8396959028
5783.676761974877 -9739.26026861352
2633.6904681011492 -2446.484492265193
695.6456513462854 -1289.1630505921112
-4248.483490897008 -4765.225170529339
3521.1804843765967 9467.9845084864
-2170.7598627490897 1001.5105445517329
-9821.93454368115 -9945.726032553472
3229.9930876725884 -1885.9298205969053
-9413.987799887293 8095.000092848924
2248.1678911551135 981.6253211033036
-8446.556165184507 -6662.895800145294
-984.2983740581603 4155.152008144738
1819.5181617206326 3400.1660616337685
-3351.8610606629263 5335.244930970677
6632.385113586159 3575.5000802676786
575.9098070750242 -8022.101109815465
-9095.194909270698 5305.30112908459
4228.913618315395 -539.7088499641286
9773.431431402263 -4584.781732980084
-7409.84485732127 -9727.493727585674
-6701.799993537252 8740.119194815052
8606.837799557226 8330.056251777736
8073.435576860316 -9525.778537383741
-4955.027107944159 -9744.056077305126
2682.4399599037915 1393.1800346336677
-9903.781567015558 6359.938104224893
-3787.526101135357 -962.8886748683781
-1106.6752671314734 -1953.3770768567856
9457.216496830606 1009.9578655586065
5063.2095159068085 -4487.303181388896
6968.926237417534 2741.9903760253765
6544.349636035313 -152.09794781713754
-5217.30352931055 1378.6543694350821
-1882.167340330734 -2967.1335926937954
3420.3463205722383 9900.381910221615
-550.9403357138617 -2168.9433806299085
-1308.3522452933357 -8855.619252088989
1909.7570968526015 7200.9365056616625
3845.748234072673 90.83251846400344
47.608554699778324 -391.6647242989384
5785.793708877345 -5407.665649897744
4293.464642419105 -7502.059255412277
-4655.066249360213 -333.18166981903414
343.76191412365733 9186.729800563946
-2967.98026407254 8540.595488784445
7628.424004607659 4571.06518937351
-2809.5128314903086 -5180.416091793308
-5627.8178643491565 -7706.917357017182
1174.0592091538165 -5516.835228963759
9979.901598097604 390.9100042999362
-71.94217317644325 -6163.458092860566
-3175.8325551213184 -6038.8429306941725
4275.284043389638 -9876.126735306361
2986.0289339090705 -2008.9746418510204
-8759.43753909598 -4804.153815583125
-4902.540176748391 -8728.704261934347
908.2216785705205 9441.785379505272
6156.75805989587 3180.3483226599456
4591.925329843898 3137.7794399003305
7035.748551225559 9133.292107129993
-4493.572825584424 5428.721866965125
2370.32438124056 7619.165206303267
-8334.012763639275 -2646.4311818944307
1623.502446984814 -7996.9005492112055
7394.332036686967 -5360.476139206052
4332.84639765684 3649.223244201874
4616.203606517045 8432.257584861796
4901.741003159774 9424.002934977201
-1989.300185352925 7695.690875475397
6766.6824317669525 6268.619215814528
-858.2409760303271 -4293.739531360283
-1629.615499177784 -1717.1203227073966
3841.3057688398385 -5116.992126634712
4093.1752264637416 -2357.9130259398153
-5594.277590338579 9136.223774784477
2142.798220589757 9672.17060087702
3576.4746721289794 983.796254931025
-1624.5965573562298 -5462.687797444132
-9189.129907393159 1875.8186079524367
118.15846215231795 -6751.807265886536
-6990.907596008075 8484.40522374402
7286.570786109522 4077.8953415658143
-8351.20306062801 5157.090546161762
9437.269648155372 -3023.5885561292107
6188.726146060213 -6701.4259405545345
6869.6519440387165 -1796.4088516540232
-362.0537848331569 2136.989780419037
1487.4475577658086 5154.302595350222
6347.468987916818 2147.287859784361
8853.924718714268 2228.4492597487497
4366.179089208399 2345.7087886222034
6722.1046713777105 2602.4266594654237
-4886.860570195601 5735.754155704262
-2705.986351611038 -2112.521886704115
1653.50924186671 3377.4514086903946
560.6581852135405 -2085.658964481012
-6474.540213106418 6868.121023426782
-5702.935182776385 6262.46151196766
-9149.368020086253 -8535.74036543709
-7365.620161034116 3655.975441327897
-6629.161233641114 7640.565140589504
9603.68295562574 977.550039904696
1088.8648237254492 -2426.479937133042
6643.824357500896 -3594.9052985901762
2351.3802847603965 4853.377115908934
-6211.746933875235 7055.250504794309
2497.1324000239474 -9330.221450929406
3093.4519244783696 4521.474828464145
-8396.25277575407 7782.659575415899
-155.72962545811424 5823.44559791591
3401.6151372077366 -5218.5145520447195
2169.07239920119 -3461.583718275325
-916.4952717308497 -2547.723191371876
2920.3072490899685 -8735.94303616077
-476.307638317443 1513.2980600735882
9023.738466466482 8066.2216385224965
7330.565029815843 -8453.33375769901
-7027.761646035895 8193.992960458261
6191.796162996952 -5355.434211729682
8737.710215324787 -9901.740374515035
-868.6378618758354 4105.150694132815
97.3498488376481 7668.986105716063
9582.812437648117 8454.619410526062
3218.1181875078855 6610.242596697652
-406.6214740973901 -5861.634898667252
-2684.039989699587 0.9664090864625905
-1991.3588419747593 6415.4945925615575
7303.9451562575705 -5656.658359570552
-1852.3471119103906 2307.4302689282613
-9433.824254450648 -9220.424564843803
-736.4448924233711 -8107.2908906891225
6341.960977884846 2661.766252735986
8994.889475030799 -193.50715384997966
-9322.595523247019 -9711.535533847067
-4952.033106506439 7494.725239806223
2499.223475222916 -3624.5712637718516
-6489.2044620796005 -1410.7381594030667
7088.255254131407 -8293.01317383087
8484.245415148194 4711.716357547644
2077.7813344311926 9418.323987611035
-6873.726203117892 -2919.8350981673602
8074.446042975807 -1512.0825478741135
5740.189066381014 -9515.734246366643
1097.1971897200565 2273.246769431129
6198.093042268889 510.7458924311777
-2747.6497024088185 6301.823632306727
-2224.2027030899726 2342.622526176765
-8589.48340434757 1033.4713181842071
7385.661246359592 21.93189550628449
1123.7984262817008 9938.712993959689
-6771.04369538098 8757.137357879536
-5380.686272421129 992.0188114887842
-6950.471978677859 -327.2000315728692
7427.766217281227 -9442.425236817797
-1544.3375464079363 -3659.491769306791
-3946.571069962206 2649.1376954892457
1187.2418437025062 5496.453165303492
-935.425676589839 3674.4554287599567
5740.416624010228 -9457.544825851613
-3918.9670230089105 -6971.375667655595
-577.8181222366256 -4256.349705953699
-6641.7794064400405 -6720.320978278613
-4307.59480883784 1477.4515630866172
1014.6351008776892 -9806.39952469621
-439.0010923598493 -3545.2006223786393
1422.471583960738 2474.843456524153
4843.101584742626 -8473.861637057045
878.6671211579032 -6147.61319685528
2235.278207092384 -8499.055168824136
7396.3420408789825 -3979.780016052541
-5539.09602332098 6351.04570907048
6304.2596862498485 9945.082315949923
143.0634761782403 1234.379335292766
-7685.41950793785 -4816.824570310802
1598.4423036019143 -4032.7569971516277
1816.8472808675233 2101.4850987084865
-6594.148455613744 8889.491790601143
-7621.207728225388 -9721.756178293068
-1611.8243143707423 -2491.45227748236
-2217.786904721357 7860.975728614012
-4443.302583413151 -1125.50768222439
6394.8197558694155 1289.4782561726188
-9398.095046081578 -3670.0818452003505
8276.613537735633 2544.9879546950433
-6324.957509418355 -3905.3750569051535
-7857.98842122484 1965.6984292091747
-8510.17343593783 7086.646387161636
7146.593933632768 -1327.308051034759
-8816.100586862967 447.50401620913
-3560.004010517452 7779.2645352671825
-8085.24634913605 1430.9909228874803
-475.86883067068993 -6189.48330512074
6825.01519496509 -4368.80740012086
8678.593247653644 -6860.996162842519
-7202.873819768096 -6033.141148681389
-8937.2802584252 4746.133981061201
8327.63547171386 -3594.3511054421087
-7423.513461724742 8247.910326796791
-9113.560619005944 3103.1741042027097
2160.032053093202 -9122.469582919997
4286.50151520812 3448.1716035651298
-4065.721889659202 -9003.755473259904
-6125.290120823362 8446.551118246603
-567.2229851457287 -5292.205441401418
2764.6967725264967 -56.542960307466274
3147.552651179354 -5719.339144897315
5867.6112507454745 -8626.101039083087
1709.3787058804737 -7663.762040921114
-9863.02769801803 9048.907372650989
245.57922127641905 -5860.01590948394
9228.900054480051 -9574.416862799704
2806.1031744313514 -8163.518145270356
8689.17935748566 -3624.195542674044
7221.270333937868 9098.260124546305
-6186.245028728112 8159.77177349454
-1647.7429314353103 2412.1323231925235
-3510.572983533153 6626.977168358124
-2581.9730285557707 6105.710733857781
9606.66098936458 -8891.419269644623
8930.086328927908 2220.6662349218714
-1953.4067481592629 8531.591433164933
8739.09214536037 -6531.79272225038
3779.456046420588 9476.65968846628
-3205.0080737434937 -2243.8451389326783
-728.1829710482907 7217.680011072462
-3554.9586543871746 6155.903037125803
8185.171322874128 8222.827948103233
-1558.302716067623 -7318.545837663049
5258.591334321667 8163.044637940406
2305.030846872123 -6118.366710926568
8303.28602472238 6165.396473032119
281.98600720644026 9000.478042825856
4397.086654282146 1865.1504151701956
-132.56912425214068 7339.7223860751765
9652.024124924017 4751.79192265649
9699.638747985617 8461.187914624523
7338.326449447595 3370.6416352119504
615.4692266938382 2995.809467227895
2683.316136731397 -6866.883329844087
-1251.8117261765947 7079.918880505447
-5676.156899972811 5805.097879379007
-9226.488712950288 -8181.668972587899
-7823.947058909318 1184.263977699764
2757.12708344374 677.6679828868891
9396.4342288048 -7956.335204507832
-6470.404646406025 2342.2742069585074
2143.254890447801 -2889.7867632316547
1112.183210170304 4318.973618057362
5007.651006028393 -6336.827718313704
-3560.1434973963596 -6544.166187650131
-7731.21753396358 -8720.866465625506
-7524.705467722577 -6455.997525848596
5537.63759798042 -8683.622386854757
8780.459832946486 -2699.409046182157
6889.211561974305 -7077.0805898637045
1709.9069173895823 284.48069145240515
3242.9502342265805 -4331.049738588706
-1387.3324474839374 -2324.153838638438
2536.502206441557 -8654.218150412351
777.2168341908164 1354.0809841531445
5147.979674674516 -6960.174636789363
4326.664154802384 -5662.274985940816
5057.082154139447 -1718.4799821949764
-9131.012218115433 2403.9043593006845
-5604.399365943371 4885.552572219041
429.7711594543398 8583.685716932054
-7677.031651149584 -6959.896813763511
-1957.433613928274 5233.671003276933
-5427.321051485658 -4730.736772604245
2344.666573918368 -9486.949316453742
3550.5624424475754 -2915.8198388273468
-376.2860485692927 -8650.751906306106
-9473.94934583359 5454.881826251738
-16.758406909300902 -6645.809782493255
1242.7271269085632 9676.149690059145
3642.892581900758 -342.8552467259087
4184.611957977302 -232.79273012238446
-5138.2818122703775 5248.979903993884
-3230.2120406560416 1236.406620892918
8570.620615671058 1186.5898336546743
8903.131439587614 -8141.512665099913
522.6483266477389 -6114.840344513927
-4394.9327124164665 6053.402506308321
-4382.476776356639 -1270.173529024014
-9156.580856914215 5522.111392157369
-8970.575705116504 4367.217661945997
3230.593019179556 986.1296161424398
-9135.290541040313 4291.242230436903
-9091.525224769255 9194.052426854563
7298.925770255188 -4283.57593962972
-2271.4077313625066 1799.6674971204739
-509.9068873991564 -7764.035241635712
5745.2364070713265 8282.669521909636
-3962.075373165184 6390.641895316876
74.4023439321536 -6225.590164864303
-643.7120824106769 -8971.458986079262
-8668.440206912534 4467.51243907537
1048.873872803062 4214.535565949989
-1853.5758427076225 -1770.4048874543932
6225.698182092627 1452.333426265057
-2336.948656073203 -3892.259199347556
-8329.292199301148 1110.8080565071577
5468.740239511071 1601.773270085092
7868.43405285601 -5799.747013559393
8055.378459362306 -1099.2095833292733
-1879.7227756726206 -1976.913897352988
702.0252739844145 -1281.1742436578352
9328.67234024914 4727.453530097637
1577.6845788814371 -9068.09612028614
8500.04226098007 -9578.920028777622
-1101.6297133443586 6910.168343176483
-3384.9104268417605 8256.615415963384
2132.7316134510384 -8744.837110352593
7237.653238752911 9778.648479831303
-9464.349356758536 -7406.239204451331
-8919.006867608601 2826.4430051776817
2699.396668833613 6146.631532810274
-276.96213372012426 1415.3826716573149
9347.057648812057 -3019.451547195975
-8240.225700391999 -6726.004645277273
-1746.8526368728599 2170.2496170573268
-7091.374904343766 4092.3457754971623
-5038.576843955476 -7463.041531225983
7921.30772933544 -5958.511313832079
5880.1198176831895 -9802.907113194791
6638.32903127496 1752.5845056150956
1369.9571262324553 6846.081281168845
9114.92609846727 -6301.824411167945
-4399.573842726978 9518.626851505403
-4529.082794125139 2797.042625799453
7235.031572685006 -4491.846349874831
4964.587437260212 9067.947416199167
416.31366150549366 6194.581035474592
5763.386427512056 7286.500325922414
9056.624423098769 -9279.020352164904
-8018.131186392668 1853.2667718413559
-899.1935733200717 4776.066955239303
-2220.0221796775413 7460.162139740081
3212.058667686808 -2819.0968921000394
9662.40581175578 -4353.931949977079
-9757.554131375085 -2455.4359008725623
7592.448153310728 -8038.47723631338
7884.655545054622 -8055.037001048248
-6868.5979104851285 -3783.7573870060396
1061.7631608803822 407.4027286933506
8537.226844859197 9162.129780109262
896.9292349918924 9894.857003103083
-5396.158878890123 2968.339864625217
-484.8984220983384 9590.362263279425
-3004.9169612387414 9973.87636998828
-5536.051484307656 1443.3359720834433
-9074.983785911332 4457.101845473597
3201.422582700914 -1731.983101478576
-7741.0724798873125 -4459.560706701624
-7117.513254905472 -5876.3467994818375
-542.9925198304682 -4147.533367756331
3587.7107973840157 -2727.5514387948842
5255.372823784139 198.4974572298088
4171.591137285419 -5297.300019107167
9576.7348124475 1244.65384539785
9068.609162800876 9020.955722037546
-4114.317884738841 5099.34560536762
1680.191948601645 -6541.560094234391
2051.204372976612 8679.966504799271
-4624.091782547582 8803.378019728862
3751.722596982725 2881.5385970589105
-3322.625353245232 -2737.715442358999
-6444.4210157499965 -9182.070161290989
-3146.4870957432977 -7430.331056761619
2032.5571492085073 -1214.8178488289705
7940.94953569537 3107.0181346842983
8599.696932140982 9100.393090383066
-2886.4869295083627 -4641.664219477253
9277.295173952305 -1401.4999899590111
-640.0695643517793 8720.906649144603
6128.659590048952 4323.219248927462
2588.9839007374085 9506.37326918697
-1120.1730367197088 -1172.6966184030462
1566.5579341145803 1908.6145948615758
-6936.880028594393 1501.1865134827112
7499.1363386599405 -3218.682541054827
-8998.929839896335 -522.0170703026433
-1386.5085267390714 -4740.448839332834
2044.891875227153 1916.7301426863069
3742.451337050721 -6423.957205975164
-3295.6516885722694 4844.652895958801
5711.784480829645 -2135.7241103967435
-4346.494675631303 243.14507121741917
-5766.5890115814 -6693.070925567099
9069.529933175272 2691.0698582924215
9045.28394632634 679.5821354761338
4359.336752851657 9632.876604267905
-6801.533812998279 -4843.977950724378
1051.5550900920316 -2782.0465257542337
3677.064924329041 -2817.1092501338626
-9521.065871509338 2661.525681219953
1946.8495531584213 -6702.1864440075515
-5151.032669972246 -3793.6702227811293
-9436.46444477894 5956.572798148276
-4601.833489727862 1018.1890158287297
-6368.127176029512 5751.266001777118
-7451.916510469791 -2272.472497104578
-1308.1705073079247 6842.832396537582
-7671.182220323843 -8167.233882380123
5518.325040609778 6997.703971802399
2808.4220412663126 6810.4481629693255
3356.1164109260717 7309.76593551764
-8135.744017455278 -6469.15022348995
2271.6001564771323 -6494.796130002261
3355.0163907315964 -2543.2630837595034
-3411.5473037729553 669.2328049795688
-7400.201234253867 -893.1660474887376
-1215.8223017664022 -3699.9014344565894
4043.2387101454406 394.4807656130524
-9240.200729289132 2787.1552275344184
-5916.601254353606 9705.855503515584
-3944.91772748774 -273.7710060883237
261.7566936797375 1961.0523393846051
1366.8285038025824 -1073.1246882195428
-5637.719829515036 -3594.798840176408
8637.946295488739 -9467.436887114376
-8560.747750814531 4505.734875068169
20.149394341691732 -2633.805468419443
-608.8542037173665 -6914.197712110812
7173.301589087074 6429.811927212078
4420.523765506854 3702.743832914768
-6350.428660092984 -8571.282664368156
-3432.4207710972732 8284.44155037522
4520.724668033854 -1743.3410409943444
6477.597841303628 3165.273753832482
-9057.963876801525 -3429.870095164356
9660.274317880445 8917.297730282786
-993.5414696833195 4896.241073199028
-2278.523266168846 -8248.800353050048
2027.8397731919085 -5839.967069470693
-2604.294917275809 -6234.545236600337
-6697.857519217572 5083.492415796531
-2319.855417621735 -6048.953826676006
2430.7705036372117 -1400.0422080398148
2968.8759529423533 -387.00426659895675
-7549.735395207331 -4756.013456994468
5808.4597078938 8748.867769119312
-2702.212186117048 9418.186645191097
6743.761779185861 7928.314579370592
9551.973041031666 7504.894310455562
695.5550004204833 -2653.3584991341504
6923.867911516489 -5017.991366961829
-590.9251364374013 4979.259564552454
-7367.137988511076 7018.688875289303
7735.375036971618 5142.82369373712
-412.3602032553026 -531.9730832224923
-2145.022741800919 -6727.255614653897
-8797.636457694814 -7259.781788443877
-9974.02910161206 8355.669592257738
2713.437018992674 9731.153954628026
-8963.632913556385 -2790.554709308637
6022.3669429799575 -9202.226935574881
2263.180880775266 681.9630710699348
8375.390786750086 3712.9074925727255
8088.357284797941 -9155.787508736683
-9399.307939753668 -5401.228809316794
-7605.678800695845 381.7656389452786
-5840.809515776215 7029.641265258637
5959.585801772804 642.8161657754008
-2074.959986761147 -9189.310463674454
797.5114527051101 3179.8181936146993
5397.131464373493 9381.332260269272
-1171.0379083021944 1125.6590691006368
-9046.951232635307 -4642.137334493604
-8247.741500794233 -8625.780179224155
9792.08406950461 -2578.451142244935
-3428.5058449126864 6289.075900497766
374.07740251555515 8574.776558460326
-3033.073954559093 -5456.99855136838
445.9985335885558 5729.226020052363
4538.810053301217 4694.842942990306
-1841.6572922597397 3656.48160609148
-4071.2841657440267 2239.232807422064
8308.579270449838 -7477.128305735181
1919.9998206739474 -8881.469201827675
409.03329911987566 7546.749895527333
2841.780133342758 -5934.728286381684
-9938.250688533682 -8242.169844597038
948.4082421395342 -7352.684766172932
-1966.9678054655978 -1595.4004287466723
-5080.90516210508 -2483.204530654688
2455.5299032600706 -1752.7719078165264
-5780.004074135801 -7882.122670495499
-1254.1387298544942 8789.817773624145
1793.7216809071815 8987.22742001553
-889.0366694057666 7447.2242457007815
2388.902268158128 -3214.9811847084056
8926.483449667496 8708.096743729373
815.0726220401357 -1676.8067546660277
-9194.303028592547 -3452.806679544289
-494.1738989497899 5111.611122934371
8837.583650843284 7656.420109838917
7995.815786522166 2321.623751946996
-4742.1342610902675 -1494.532190825632
-1735.142529214305 9570.511346114545
-273.0501139289081 -190.6870986753347
-624.9632299314944 -2440.8637903021945
7423.883318079028 5671.256977007952
2424.377380711967 -1650.9362219486393
6325.586419446396 1486.5912622025007
2563.2879757663886 7944.314725051514
6325.779202470778 4633.376034278181
-1332.3394140600067 3846.814411778638
3258.178738037106 -4956.774142774085
3235.1456103591627 7383.514690106782
-576.3010577744917 8936.40608446352
5168.794249933193 -9142.935329140186
-1118.4629757499679 -1678.0481865684706
-3665.099401620975 2950.8208904653275
-9450.802394359076 1304.9111710684156
-870.4508104609831 2322.8865404845546
-4933.355705394 3809.2503659387257
-3238.987272683964 8952.77790287698
2414.9475904838982 2016.33435117517
-9447.180352141211 5558.226111767814
6439.930080328741 -3364.679999269236
9294.94608663438 7278.522216919926
9716.487658164973 5063.204930773572
-5481.736595912045 6824.721732508424
7599.402520587522 5558.6695647886445
2540.0158588816394 -5574.060370982914
3841.639244333939 8745.27297821503
-774.2384130106639 7154.8558796126745
1821.2536343224856 6075.953669502524
-3364.129364821928 594.4742138043384
-4796.787402317648 -7667.796898125303
-7927.673724158757 -2687.925453967857
9772.573174690111 -202.3187813958648
-485.76788230692364 -8764.791304138702
4210.628949523223 -4562.549686109079
-8971.916846861524 -5221.508679729683
1745.7856830461587 -769.587530838111
-8538.47780715135 6448.851318505433
-3103.9159028457134 1743.937896124895
-6423.053882982824 -9339.193177936622
1930.4462955150811 -7893.921115850848
2753.9973007060726 -1377.7579708855337
6210.877964447431 -6277.825753687022
487.6193133202196 -594.9376885825332
-1761.9887398321898 4399.047592626692
-5868.979468689504 -6305.985879240841
5007.53537365903 9981.42012689272
-3319.4563557142937 9210.862157921289
-3804.786497549535 6171.551752039575
-5127.909669631669 6440.026384785553
1723.3424428921462 1894.541059300851
-3543.5837897705123 -3964.3233140526136
421.6673925245559 9388.117718377784
-1756.7439039794626 5169.201169070773
-5219.076305806203 -8862.836412206763
5351.907042773286 9079.865000044174
-7792.675441500669 -8160.389234264274
-921.4570236462077 6220.382353510113
6721.48562782268 -5218.233271681976
-4111.801543254536 643.0309452597503
-3294.5877992141395 6317.525045613471
3262.0112320294174 3650.8472963550375
4086.353188775094 9587.32717748035
-522.0296637752435 -1757.6563889390527
-1743.5306559458368 -820.8579393077507
3876.0750068694524 4507.093468482388
-5937.58301651097 -7874.853532113997
1756.4595130746147 1883.4467094595184
7359.117697429381 7444.183194415502
3781.706913861057 5068.52533555248
-6092.872343407842 -3618.512563412537
-6397.784787666039 -5625.421151722611
7803.18211237351 8563.582508258933
9396.151938314084 8454.664142287373
-5831.347843630175 -4522.362088881462
-4886.82291631568 -2425.4672445468414
-2519.209396633897 2001.0031128466617
5433.7760225517995 8986.513460395978
1716.8227853891476 -851.966102775772
-5196.299375420277 -7534.921991480841
1391.0762223994952 6767.7222817156835
5375.672386834636 -6307.30504126135
-6399.497145336343 3617.0662822480444
-8711.845720914855 5938.469811721661
354.1132855993237 4051.510253013441
-2566.3414495107427 -3649.012295707268
-2253.010145983425 -4484.81111584285
9716.714955160882 -7809.326707703305
3949.698769091794 -919.8695788718906
-9225.724663974504 4455.891263964562
1519.089344758735 -3525.0378580312818
-9771.014500619483 1610.9224311070066
1196.6171838813207 1360.0812441764538
-8231.574262403476 4502.840104356581
-5854.522641904654 47.65310877851334
-9308.943747540048 -4941.754963696397
7488.01032668446 7431.208314406911
5032.274622339693 -4020.3079072675864
-5960.022498168102 -2418.984834692579
-9018.353705474294 6415.574216321853
-8701.528409967736 -4722.189655290194
-974.9738646839032 9456.1196393699
-2974.6167752196143 -5301.123391171183
-8907.066460510312 1312.071651399554
9178.495914341707 4536.864687071775
969.2204892003228 9161.523751347464
6477.441755681404 5023.159002195105
311.71182065611174 4904.290719519151
2551.9073004425954 1643.996881224326
-9140.84267631629 5442.100581035169
-8595.369684945117 -7221.046009208556
-253.50439917817312 -3393.1983532823742
-5168.108462006604 -5942.18119375768
9323.082994405824 7487.681484393837
3479.351994642646 923.2796211466357
5466.1942067300515 -5337.096391577592
-7628.743782715863 2703.2612744468624
-895.2368675194539 -8281.02546677413
9036.16536256676 6438.145316064045
4515.985310847103 -1553.9470446973992
-2237.4559592679825 6774.526087403174
4930.061294142661 6225.8325197947215
-2947.312145146252 9428.547285060533
1076.0106034034143 1382.6236986087679
9003.62463081173 38.28205226343562
1524.156515475379 -3352.831307565958
9128.784776274471 7666.020693755705
-4971.482731807688 -7613.362673894031
3044.391297760989 2777.7307233032407
4545.018356570516 3883.148985853808
2479.676073534418 -6781.625307663866
199.07401652073895 8697.074954329506
7230.183940489736 -1481.836464318978
4198.766140605725 9030.286306101134
1958.585071727879 -7193.767992623038
-5462.518730508144 8008.407249140273
7157.568567347065 9674.641907721976
6302.540657945192 5930.058332314176
2124.551651336027 -1472.9982696570842
-495.9923297192199 -7215.042346493406
4458.090884883955 -8737.579660371943
-9439.491962797489 6721.675736331294
5371.03718592623 586.9074540859256
-9073.430314637206 4649.731523268865
3025.639358649183 6810.735889276966
818.6236063372744 -9210.372502299728
7130.946549053238 -1318.2998642804705
8594.486625366852 -8261.66718071012
7203.031170842856 -4379.403877047736
7063.783045316293 -7503.376788395961
4173.688401043479 -6333.327676242441
-3145.5681321727243 -3091.407536914654
443.4539456675775 5507.18281219142
3932.979265679478 8092.565474747007
7009.903981546271 6156.609833419821
-6525.7949870857665 -303.4647802561158
-2037.6118589041362 -9832.49876058023
-4501.901273959455 7190.167925381698
2419.485469521658 -6303.705025205116
9039.952757961684 9909.309960289043
-8104.370880186187 -4686.1021030131815
1091.9724896187818 -802.1469343989374
-2881.4875025791407 3142.195182588528
4152.4639669314165 -4254.292663927988
-7520.961284557097 2714.074803145155
1941.3167759132957 -9899.453812865757
-1419.2737578986944 -104.04363244567867
-3311.844455239053 -5665.1098356175835
-6234.346199538219 6278.218600228405
-6627.820048256308 9978.999379759549
-5970.827787570239 630.3281328124158
-3609.6103570932155 -2416.0378030064103
-2604.2312920802906 -666.1224240482679
-7646.474501637744 -3341.7405896249775
-6386.366310687208 1148.1465826522854
9056.729418299212 -8775.000770274808
-7064.376665299778 -2770.7932897577602
-4855.425096592747 5875.919859339627
8789.480232585563 -3985.003050357669
-2412.225978968294 9952.168969797658
-1699.6798140739993 4405.2045007912075
4811.535097019296 3360.7645966029504
1913.5578298582732 -8393.815103114073
-7836.815645662069 -3460.438020066401
8776.59339657846 77.57403769935809
-6620.664576028343 -787.5571647751749
8072.744654716287 -791.3614277647848
6810.538643051659 -2169.63675477553
8161.058205329402 1668.823288721962
8384.00100631065 9972.792530557519
-4839.200841615095 -181.63464608098548
4632.627714974857 -4512.015255433299
529.5622775305019 -9868.763977596318
-1408.7177270494703 -1220.5620914344436
-6780.8783689657575 -2725.9040557793805
-1041.1717137088235 -5600.214556558243
6153.266607299995 6301.3398045040885
-1352.8275718977438 8992.290557542827
9057.059682125411 1367.7270846748506
2686.169668879784 -3375.994502656392
-9922.921859289672 -7573.513151215508
-2574.0660239149274 -8316.428030913354
7167.378030915446 7572.202850989066
3075.724889097779 -6229.46085452287
-3123.9353187632423 -1995.8134744791596
-158.73943902943392 -7618.0099081678045
2952.5187351853965 5027.449526447866
4269.948937455078 -4293.833621491581
-9894.531293958918 -5925.199012523454
-3113.8046123801796 7461.688528865165
-722.7207471451839 9424.990749972672
4796.588433227509 -1525.1212621618597
-40.04681255217656 5108.237799316801
3667.4394861090677 5566.598409118553
2363.530739256754 2431.8741798616375
2324.789148722295 -676.0876733668047
7657.69947545417 -7374.738688000486
-9800.335023371637 -5539.187393247258
-1957.3979624144777 4294.522213277967
2939.0240381139283 -8273.878547063163
64.98273603877169 9694.04787643925
-5274.53355216293 -1304.3845319313205
-5619.045701511238 -8736.851715686711
-2803.5262710057386 -1710.6849251991334
-6923.146505227449 -9557.389338707115
-5673.429774879346 -1516.2189855692704
1694.772729397333 -5522.652444596146
-9766.528756292873 4443.180676074931
7269.546161136699 3727.7166359659386
-7408.070871697052 5171.7779961554315
5969.098770436891 1953.4974154501397
-1813.3477036571085 794.4211700636079
4340.239953807157 5100.926997117918
9108.326518571877 -6299.503595029511
-3302.8718455666976 -9685.410138548894
8194.420697289086 7040.729906721168
-2150.1998941435295 6212.376894243145
539.1170851612205 -2554.874375638441
-4844.699020923577 -2096.8808929369325
4244.367081968599 -4665.772556556278
-3215.8765709721356 5792.927371733078
8056.72295613998 -4175.191786857322
-5870.194178512629 -4082.3476936526613
6132.2551150216295 -4015.012013650703
5449.707622370521 -8644.68940159695
-9105.479518532675 -9927.30630988489
5110.12596040469 -786.2952010343597
-6201.79242489002 -6604.722775045469
8219.081368401141 5754.893404273989
-9216.269240764885 7557.017060208422
-6034.746538475127 3409.5502982848375
-5694.285928807932 5115.129318127005
-7358.293891581083 -2249.3133969086184
-2959.0494056395864 43.82957921251182
-8881.809302449237 -62.415700593874135
-6270.913016005559 1909.8852012566695
9435.985795080898 707.2225871746032
7071.938301754522 6292.003964296908
7234.370571912943 5681.870681545433
1214.9869364932783 -8269.679282416526
-7121.996886542878 8577.926437904709
2057.2879139870965 -5628.862475887408
-9560.383939201092 8842.496189279445
-2516.3521856012476 -4524.0140014333965
-9897.390621035855 3310.6067637341494
2585.610228785423 4092.9859954971234
6083.267809257715 -2332.646322624326
5035.425471676386 7442.38325512789
-7167.506095034668 -7184.308341961969
-6000.147084717136 -5052.956635060406
5062.1002470033345 3691.984615173915
2328.2886682041153 -1657.3921680780913
-9949.14337883051 3637.832263400176
-3777.6262069801805 9930.897630605668
-8279.343699211144 -3871.898115750967
9191.88814651658 3794.07685524469
5133.307202418744 -2528.499920288372
-2175.594983959106 -9334.011637096435
7343.620125893522 9041.419043985727
-4256.182224624645 6160.97107179163
5954.620598473379 5661.206910174125
-894.4751907110531 4189.39140003136
-9744.140129254307 7959.412910248095
-7926.2970779414 2643.0131657952006
1485.9711813032718 826.9635988082664
-6051.237282277555 6812.246850731663
-1454.2432320201551 7549.639512298512
960.7316202365455 -2498.788420979816
3398.2651186923667 9755.613159081378
5216.966787274088 -4564.528017040286
6427.453609032011 -2990.7636173752317
890.2608641057068 1311.1899919031293
-3812.78997102201 -3301.347191872912
-6543.947173375719 1713.3669750523568
-9742.356187045041 -5193.773076506787
-8364.881784991814 5134.7301492092665
4335.729455790895 -8782.817556677426
3670.766702104829 9455.749594674231
5222.524758825964 -586.7412381944105
-332.7711839652311 2500.1534039
-9970.638037324088 -285.4129278502751
-61.42063232842338 659.2394481156916
-1289.4555099561385 7674.3994356695
5665.185467640806 -2917.8353607293066
-59.73882185585899 4797.599523791301
2627.341558947872 558.3190735337193
-8613.437669355537 -2554.388957541045
1383.3937969244944 -1028.215907936541
4595.4233290031425 1606.3475261212297
7982.3242607768625 -2913.209416440698
1983.051478849693 -3850.466698748949
8148.414196910129 -2573.0097104201514
-1155.2281454504464 5254.027155203406
-5151.732146029011 -4859.734289312958
-3176.0318587069805 1885.1991926126357
-5751.874435059878 2994.707223090376
-3055.2828541913814 8516.816724736116
8292.066795754774 -8969.702320930728
-9903.089048200134 8733.305923100455
-6520.663162144878 -3105.2569736767337
772.8199593238442 -6085.340437500228
-5108.285323259827 -2479.2047106722184
5889.196281246808 -7102.334175516525
-7880.530286061651 -9443.670178381706
4689.186831482513 9323.543599324992
9457.131889570632 -5162.667144588111
-1996.5257745404697 1323.4690247592207
-3412.0598015688674 3197.866191075247
5560.214867009277 1259.8971279303769
-2051.494926590065 8039.98818447729
8568.513708893992 9432.971325101913
-937.1383824622499 -9659.497452448657
-8539.682643142492 4977.731786390857
6357.7616124931465 -3849.6704596165746
-8539.22730062434 -380.7562608257849
3318.694800575595 1146.1871051027738
7567.251026397658 -4480.848919495273
-9681.19954469962 3423.1794604470233
-8447.60983272007 -2861.3988477461035
-1949.530285683487 7470.802739946794
2766.6753260510177 8858.85564883178
5212.112516348712 8153.776515061174
-4198.783470513392 5042.339255038258
9950.206782372712 -7476.9865153792625
5481.560839977861 7283.266713914563
1529.408201872604 9410.964518945359
-2801.490772286362 4788.400338821433
-6198.841849640433 -7980.55009666687
2242.0809502586217 8144.895496188092
-4736.121384134331 -2912.967779213298
-2410.078344542956 -5826.3997638486935
1855.497576723592 5726.858498682599
-2488.3989990435084 132.57809693904528
8091.718567578577 -4345.172533391741
385.40656971257886 -772.9685197684976
-238.91885288118283 2281.8379902403976
-1715.598367302524 -3801.792349866646
-2889.4642982282503 -2977.2286031780286
9173.659966531945 1705.277500372571
1302.906747161811 5178.787764183919
-8029.246040576608 -2719.4166015152186
-1099.7361109603316 2878.398311429881
-6743.267333934853 8830.056056001718
-775.1044654701473 -7183.302258023732
-8915.029706056437 5967.008046548581
-2327.7830305772577 1911.048104435733
6120.432456897946 -3091.0787868944853
-5602.380380057808 -9504.604420452239
3252.0628460903135 -5766.7527652400195
-7728.099162388027 -7695.670101615242
7856.1409160921685 5479.644300789147
-9402.396778697548 -2748.1149356656488
-9951.371711348842 -5597.509615183003
1801.2078930218104 4888.991081662791
7549.672374097841 3618.9041949079256
7163.821351530474 -4572.600182732472
3193.5862935459973 7463.926313292468
-5374.376385046237 7346.805760112522
6652.798693909957 -4944.092782557023
6797.0177909320155 -4144.211267287869
-8395.603063031964 7891.563774166549
-9467.932054978359 -5143.8800451580755
9353.067184627365 -6268.434342527662
767.4751963197377 -3436.1303685896783
-2165.6192453800686 9103.922993151493
-9197.004872415082 -2430.3328892522377
-9042.471684759259 6443.855053397787
-1203.1464156957936 -2125.6316955137036
7406.768878961324 -1294.7822253244267
-4027.620392255706 315.28782036218036
306.01202270124304 4219.981775476024
-4120.273386298696 1802.0709299080845
-438.89459952845027 -2351.339646125961
-3970.790597528262 -5089.829245187614
-2770.4347432166032 9055.979707210001
-6689.557813724014 8633.815235099628
-7072.371062191234 2462.509617535223
2834.1182697194254 -9520.751442510258
-8930.318043798536 7664.36294528906
-3819.071106846659 8582.941979600248
4645.256005904226 -5320.5145213818205
-485.22623025694156 -7831.633860746839
-8726.050129589745 8870.463300411717
-5384.925918941143 -8591.161461036038
6438.796594139956 6610.18150218407
6605.651500402757 3642.849915356712
6083.735437771658 6298.071621064259
1005.299685078764 1892.190650366083
6171.019030218913 -2398.9057539790747
9697.819902245948 -6237.89787155117
-9670.461861936452 -7014.9887244458205
516.9623471604882 -5943.423663716185
8385.196181003663 -82.10231148630555
-1635.6410884103007 -7179.151351178536
8349.634784954338 -430.73048010582716
-2873.802738478499 2027.0194078227505
-7646.245612730656 -1605.4144716240007
-8872.961801488582 8747.656498641096
3047.6393649669626 -7313.690724617174
2456.836587523345 -9583.867757280765
-8851.349819898755 -7010.890420216152
6229.881099186008 -1348.643505114278
7104.60201779936 -4781.8116154177615
-317.97499957697255 -7871.527458840513
249.1016893123633 -1613.8645916000023
2985.2371482577837 -3894.0099110595993
-2638.720827975385 -4964.8915774961115
-243.84408101053123 6473.735260783549
9202.298152483567 -212.4555250894682
3457.990363766474 -435.09567631871505
-1613.8103606472923 -6129.975844983519
-7757.241718033696 -4520.5894565089075
-5147.288694242118 9031.301696388146
9253.526935373717 -7705.373049988991
6245.087936418959 -7033.069196096107
-1996.0483990842022 1293.5268982661491
-344.35973936985647 -9820.679178652452
-6824.911574671908 9219.136235943803
8487.482303268116 -2856.5411305175003
-3982.8997954935867 -7431.8908884667035
3590.601875946233 8714.94727386555
-9483.868400282343 -8934.839658576204
1365.8118491870864 3908.4033559606924
1584.291405324664 -7286.027317540204
3190.2076170846794 3490.6856472248164
-246.6716989829456 -8800.873992618644
-9697.077336981027 9274.805378532583
-1799.7429696204254 7917.482317565209
-3799.860641430333 5566.79552576738
7405.820668025284 5546.381746456089
4623.452699251489 6909.217318725448
-9655.62905600416 -2190.102376842442
-4614.145159712965 -6918.618525687594
-3173.6374189962335 983.320797321041
2564.7615517221275 2257.777404608307
9462.343047345326 -3320.0690032399007
1.646707446381697 -3707.3956989086755
5689.970535726288 2593.0342454431047
7583.027592220133 8289.709236161987
-9596.76849453471 -1879.8536305225543
-1562.320265015178 -8066.366675921213
1945.711695006552 5175.106906227165
1970.13144949231 -5501.114009502068
577.4096302554408 997.8164988961344
560.6326997529031 -8979.030720130035
-7002.751701898577 -599.8042388894119
8796.960375873256 5804.069909842909
9101.09739838491 -359.12821419493775
3263.5669679807706 9256.762820389002
7877.76721963688 8000.003691567104
-1801.25095021997 -7011.539898545598
8193.096863821847 6129.5599534587
-2259.3500995071026 -5834.250555105887
-2815.077945906599 -7616.718999982206
-981.9090857430692 1319.1763887191573
4089.344275137344 -2415.5556527379686
-7997.64321770285 8107.430133900845
541.4074277894779 -4931.521361520917
1821.2378349846458 8987.291529985585
-259.08676008678776 6341.365110983326
7146.775355703005 -8695.879530360062
-3653.2060425187174 8323.672967958439
4303.315472416871 -7990.947193583957
-3438.9112500489127 -4096.011535823681
-9097.360505184703 -5974.504725502829
-6413.751823122862 4404.393569019887
-4901.918758832995 -2771.0948536020005
7487.137617927281 -9435.432706163387
-3040.2831543835964 -7929.750087076161
-9538.2378751055 7779.976459727459
-2992.152070028742 -9935.05051376884
-1377.595473077652 -8416.456797642966
3602.1741382625587 4685.508715532347
9611.515575853628 -5260.9318680874285
-4330.804167962736 8637.454644105663
1724.3495577151243 -2181.3928846692934
-9839.454557157878 -935.4002662853418
4683.002907004609 -9235.099771223924
4670.10674090578 921.0538738909472
4804.163994862314 -6306.14947158245
-5202.068007395366 -9436.17416353685
-1974.4603140334748 1070.973834827646
3134.1314857636116 6561.244226738898
-6896.419872558197 -7600.370883817141
2146.050948293032 -7221.1470031405715
-5732.218281466579 -5312.240954929899
6787.2298747650675 9995.822420218185
-2285.4969462042955 7213.763778577988
-5693.232758982423 -3378.6549651474315
-454.1207609819012 7491.052211698428
-1477.1024484793743 -3478.127488237197
-5892.908021931414 8834.705169308512
3734.7236321296023 2536.465812803912
1147.887509694332 -5437.394673093791
9481.210735694749 7948.938629116899
-2168.088293692019 -8382.71455934464
-8483.292253106347 -4998.125574870347
7340.067985402558 7273.656380012482
6657.412442579844 -520.9967300346798
9661.782574980618 -3398.3166019940472
-436.6390613850981 -6551.156829796593
-7859.3077798286395 -4518.015762789866
8055.662360903145 4453.896525816528
7438.951158799271 4226.227245695629
-9771.122872248063 -1253.8828596725598
-5193.0127087202345 233.11732918366215
-8596.420502836774 -1389.2377442430952
6893.211331818111 -5385.338733571972
-8125.701888200434 -612.8576132858198
8800.834768601046 7356.312393328382
7443.2022989503275 486.2073102012673
-1303.4059946220332 -1671.502513369127
-6109.962155747537 6521.289988948523
-1.1387404049874021 -2654.061632728144
-6186.014320207653 9609.75580694498
-5979.744734128986 5475.084779491877
-306.7347247658563 -8030.301931510633
-1087.4684852918344 -8081.116680442706
-9456.531550334139 9127.23441063094
-4140.81086647833 6062.0112426248215
-8784.241268419026 8366.358926669327
-3316.1180254628734 2638.6116165743006
3161.2286365630516 4494.717621482549
-1609.6159146711652 -511.52754887783885
3397.869624604291 -4434.9253121445245
-377.4893391021287 -8003.502294741443
4451.755881917139 -5116.349767269122
1630.0538847029475 -3935.7736596726436
-7795.7895995286435 2452.9063930559587
2049.4533955407715 2341.059687332354
-9138.1343031538 -1062.2206101458214
-6344.434115743463 -1553.2373002766708
4676.700200091436 -1689.25635007438
2213.570742315862 -6954.281978473755
-5421.721645481343 1522.5186264643617
-2342.3102553104336 -4112.693904880686
4540.583590482569 -7138.381854672273
-8953.93402922649 -8694.295831318566
-2709.010857248735 -6892.634567889011
6088.795249657813 9176.288694194362
-8120.939844157909 9147.384997161102
8518.766930666876 6954.7476454170865
-3341.943820590045 -1577.9955874079205
9172.621712530821 9178.903616941108
392.1339027971244 -1625.6010230999836
7371.791092259948 6692.15780760027
1487.4270012947381 -3973.286425271176
-9958.754878269749 -3148.6239688738897
755.324291371644 -9131.18729119993
8976.219638361872 8110.937024941315
-3348.568529816498 -4562.294352818112
3764.8662656131564 -2371.4276999348076
3593.84978329729 2282.1118072767676
1097.4065685138648 -1082.4591771056585
3749.5677201455856 3448.0215222315255
2540.0473246956244 8073.567862541127
587.9184176355375 -812.4714874635774
-7675.4508517157865 -8266.087138499432
8535.20228230063 -3715.388842633709
-5697.979678807142 -2320.1940759205627
7224.745991093183 -6792.058813626103
2932.140448691336 9872.424185434069
-8878.189037878039 -757.7847036877338
7026.693274543391 -6283.528933323252
-4287.0727367095915 -2184.1019010271048
-3061.0653699529284 4474.333140993511
-15.612583087104213 434.68409340564904
-4012.0215040251514 2007.6951040478925
-8425.215212323066 6946.383150424623
5130.0446721589105 8402.398225520097
-4228.358610804717 -9695.652955978103
-3763.9345564881596 1536.231955473204
-7567.675188330963 -437.04832400073974
-6192.199626037267 -2721.733923561813
-4055.386605373039 3530.069857929444
7562.272256238182 -4237.783965908475
-7497.582454866066 -682.1405076843039
-963.0078640224092 -6944.738350007618
-3742.6693485918295 4974.614019385683
4216.0875113663515 8547.634813244364
1316.832879922058 3446.81229036273
-8849.876568729069 -9482.802418528923
-9904.872079450271 6311.929455436835
6640.038260077334 -2422.859353458859
-9817.245328973395 38.95719141263362
-721.7017766161352 -7906.1575570226705
-8313.73852876996 4975.004549901254
-2511.9953226311263 3165.8243096122515
4899.399148641231 -2177.2535969990695
-9326.63093187452 1383.6578869913192
-5797.563288630067 2064.896622928809
9192.606504027626 -4655.4254058381
8246.35982663717 -2391.70833823056
4586.9681343723005 -9225.56112164449
-1236.12185531278 861.5690507668623
-4652.713764676826 7113.654915949279
759.3076059745927 -473.15866250261934
5472.051202118624 3552.4787748442195
-4635.433782326477 -7422.838427107468
3168.7170657600054 6755.1148598107175
-6691.331412418986 5207.997544013098
5272.5701673913245 -4109.114140643542
1733.2624161862204 992.3150437586119
9305.154136986188 7094.66479213077
9996.906654083858 -964.6935275843243
9566.91469209925 9107.672338835691
-8854.047609495487 2616.178815440502
6256.362313601181 -5396.3606385096655
4890.031993825511 -2379.159068573229
7330.729438722545 7584.248224408253
5205.331299763111 4010.726627791548
-8329.26320121264 6231.6733985397
1098.966947884659 1639.4013067561682
9084.74767692358 2734.936190460854
-7397.047935095838 2920.0001026857954
-2214.7494404342424 6860.715886813101
5726.3857341723415 9162.961523893558
3193.254407507382 8418.139678137362
-120.334063532644 4844.912424478087
3273.845916681874 5271.006260590728
-805.3368453832481 -5364.014816871209
5078.814277383617 -1820.215635711289
5199.980685718841 -8295.767653658204
-5230.101244507552 -8490.360255394047
2470.5451142149395 2632.233533829931
-881.1200358446422 -280.33816591084906
-8844.04207217662 4222.374101068373
-9671.618495455901 3552.3434585064715
-9297.820514767434 -9466.304327812277
-2010.0859311873728 6971.299005619716
-2383.7234753118364 4684.620657557985
2093.346632692226 -3850.9062738426983
6784.121486434287 -727.7419899041197
9224.642132306784 -4814.025752983324
636.0881955426848 -8299.597525681678
436.3590466252426 9744.192289380848
-6634.0572771055695 -3725.2501931249117
3748.0681753560675 9411.514314310349
8443.287365499858 3615.256956026693
6831.4986926077 2361.4343994193932
6820.069530164652 -248.02489401238563
6157.8738045254595 1756.486047006234
-9483.175788616574 -7787.902231981729
7732.56278738867 -7655.013663296377
1684.4760430578935 -1527.6293003289647
-8485.172931475277 -2169.5808152919735
772.6818919855887 -6657.588086813435
6718.089429123749 4846.603693084773
-904.1469865345625 6160.903294858597
-1591.1726768257886 -2249.326503223563
873.1464750050309 6128.016259356427
-2830.173500172553 -50.18949968859124
-2271.1166891040557 -5336.16060616136
-6933.793224447345 2106.58673733497
-5325.009303159119 -2626.0060451869194
2750.275209796504 5321.665621525315
-9242.758595137015 -4979.994019596228
4263.9216712991 -1728.4793590698737
9832.199322434757 -7166.561305242876
-2055.0679534906994 1282.7467713586102
-2648.0470217835527 579.171799651971
-6183.752909939409 7453.430891332686
7568.864542905383 1964.6310016593743
5934.848196640685 -8814.034382603602
2232.7267551378045 -8691.823290078182
-7600.3861735125165 -2125.4099492950427
6637.864724041614 7821.26837280934
-3934.8577263620728 -5005.148667867167
1787.8924577204907 3425.4202685725286
-4518.802999568798 -5528.915237739391
-7519.033284684376 -1283.6198364462307
8175.079310021065 8951.91798533583
278.5684487495273 -6495.642555318129
-883.1028910794903 502.7121903284824
7605.963393354454 3300.5489105074594
-3944.6477061118303 -772.2502813187511
4642.680904661023 -8813.399449567942
384.3239086291778 -8536.09449539111
4196.482030171637 -4304.940126475621
7298.182040009415 2441.4174534440463
-8585.53730434432 -354.72397068528153
-7783.578095739862 6686.303984802202
4970.079779457095 2320.6119746055138
1805.8673536537444 -9057.136691718597
4275.054860028218 7939.242494494076
7401.348278593865 9023.605450013722
3300.2572518670568 7062.20729317141
-3776.5952952008865 5747.873183417842
5749.836018466223 4398.8095657510785
-8485.757215315853 8009.311969754617
-1381.9877159349653 -3589.1529195305275
6560.807433719092 5016.256849955234
-8431.889785027453 5183.569113754029
9546.502671123126 6878.006709954567
8108.560849142123 -8777.33796763155
6270.7456427478155 963.8725409065919
1200.7640760383747 -2847.02437114214
-4001.8075248959885 -1159.2222118109294
718.8479582256696 -3263.903412328579
2047.1345600418535 3099.1101672701443
3091.537334777806 -809.7044811837859
3199.2174004226417 3005.4193919448862
4491.473861776916 7487.774842188232
-5389.705830731248 -9325.534463617345
-1902.4852195695676 -8879.454189657197
7624.87655508953 -4667.967558374225
3240.663913816208 8767.676339360463
-3255.6931520405133 2243.821334996135
9654.475484304101 4363.05800314869
-1028.5703169231765 -4985.351057353932
3585.9004040307173 1254.2390458787067
5852.196553512671 -4783.923655974698
-5817.280865518335 -6540.717067968025
1757.296496092431 -8320.488303954313
-1641.1491695207078 470.0217963987561
-6705.443849423827 -6704.274316600291
-9751.00435539082 -7383.534915922459
4215.517620545768 3790.6238262193638
-2600.793403487385 7698.549327249348
-2222.7534321944777 4701.039365420689
-9999.836021434592 6407.809528112368
-5756.902691321357 3653.201434321467
1755.0655615421147 -5997.041674841863
-4946.207261402895 -949.5531275596986
1384.2053132487836 8769.772734694638
7172.860356292847 9405.652031577789
2303.4815189839937 3987.0847472239147
1208.1016529232056 -4192.238224771078
-5325.788734124654 9437.092248143523
-4866.561541335262 9390.701779264531
8806.802855141017 -9060.403615964562
-8216.869097865982 2176.8700520911752
-8189.018900291161 -8043.810977914687
-7236.977529608073 9296.300001038635
420.42748566194496 1.8176276873364259
4021.1230600756317 3336.5064393420434
2079.8416310707617 -7582.4388946870495
-957.507626504721 -2543.07824079441
-6332.400845438197 999.8523537445162
-5518.954839763186 -7094.259165924872
-7362.674907343958 -6952.201533878752
13.563356672280861 8705.89800369012
8896.870255292026 -2418.3554226635424
9298.84250279752 -3469.193618596102
7403.323295362108 9801.843453367666
2147.5641313617616 -7830.605169646107
1237.8552157622998 4299.592776210857
9356.146796349985 6483.8878398408015
-7165.654255935164 -1903.885089496449
-8869.527076494274 -6607.330281701978
7070.898861745121 8279.346365057154
-2376.9475124747078 -9835.501272248739
-5906.49294690512 5823.13280878954
-4170.157981182061 6189.224047620248
2026.2881219016472 -2884.592186478454
940.5892133557518 394.0722520466916
-9867.134494605 7788.2573926264995
2209.228998875982 -5396.5129311664505
-8471.37342852341 -365.83036271790115
3508.521663964544 394.387816531058
1203.7436145415595 709.175679902215
6955.765992881279 -9622.35429196704
-97.99550076238484 -8834.996354870502
-5655.907577550856 1340.462134378653
7310.650298436609 2918.7536316218557
5586.48433734573 -3686.7492403427195
9051.579673370125 -39.96460328767171
-4022.662569577662 -4621.471320691493
1124.429414377657 7911.886684710917
-5200.972392322769 -9081.774675173398
2737.203130030646 -3596.775616863728
6648.600821948145 -8000.2713115197
3870.2678243681876 5876.965025107673
-6167.626158810252 -5270.105426791738
-2545.2908164167275 -8350.627098701878
-6726.1300173486015 -9339.859419078983
-2293.826117703835 -7647.412959908131
-5396.809770244559 3704.6720741236513
5940.497276699802 -2666.3023057993105
-2556.4413801803694 7537.77264363494
-6892.431994494539 8150.138966094481
-4616.54921262068 65.01477130272542
4315.029786731226 2992.5761522585817
1720.3630216126385 -682.858174107283
-5226.406012786789 -317.1301504015428
-2215.063156353159 -4005.7165138735872
-1119.13121282877 -7163.894828845501
8501.813777768839 -8107.929800625393
-5429.210118922511 -6157.914351171803
-8183.753453011824 -9429.874058853056
-6409.1183079277525 8513.08759049984
8713.151269167633 6877.311940885687
5029.7332238443305 6561.088166570575
-1222.0576815821514 5327.011887157294
4202.237739153417 9509.077603336718
2596.1473476484207 3819.6499949102836
-8089.706980120787 9207.480406651066
6761.453946031681 8838.541050890075
-9868.181466061505 7818.106170211326
-140.50012568214333 999.0763158047248
9351.106382755868 1944.4698558607088
-1482.6300137900362 5710.156019814513
28.669528046188134 -1471.2847053417445
-8543.575227079911 2710.687843349904
6118.913300788805 8201.789048683215
-3541.2631990634336 -9627.125030341118
-7920.880024692207 -7035.079445301906
-9744.929968672575 5917.91851896206
-3526.633323375603 9396.85850911868
-5435.006126130644 -8931.320519629004
-4939.807274595085 6022.734174454867
2867.376754761017 4167.733982853657
-5837.054107629562 4046.821708754451
-8047.8336263006295 -5581.8245246121005
1156.9291635279533 -5657.133310608798
-97.98814718940775 -8341.58373701153
-6932.398965842935 412.07370811249166
7874.946140631557 5961.153440219046
6559.255871154615 6960.236360023951
-3092.999704916535 -4649.441013353268
3003.749620109631 -3188.0929890522957
2926.2789352806194 7060.677429108277
854.0166773213459 -4929.089502905839
3267.6771962150888 8011.902064572125
-5792.750461640679 8752.90419614203
-3799.9116192432366 -6438.677987766967
-8772.20198340852 -7442.895574212871
1325.5884101294923 86.62861369069651
9009.98002285014 7010.696535532021
-6817.239453289063 6592.183840985592
-7503.833654290209 3910.857632616431
2983.963023525659 -6720.250060870388
4225.6470719990575 -4194.279900534374
4139.009920359615 -9094.703032427326
-1025.0486533998665 1197.02310436888
-3934.6169987888643 3747.2029806535447
-7239.5550110436925 5213.589303483979
-2242.2416871490695 1140.069804793151
-790.810355617712 -3303.81611070534
-2312.724391566885 7782.286193258253
-2035.8052301405905 -3049.2864135289155
-176.35210697299954 1404.3745013579191
-424.63469873784015 2868.1258863938583
-3079.147180253006 7889.0587140739335
-762.4130044856174 7675.78507128256
-8320.186808578252 8562.911535994885
7772.561963983033 -3723.5046528900393
-6000.877405485412 2133.325358050919
-7588.847215881698 -1052.239635001024
8247.536991839363 -5376.5246116801045
-7781.842289714443 7115.261601619681
8339.59786769973 4661.838702079516
-6588.4114766942275 7980.9597304549825
368.41987073587006 8611.743642681751
-1636.3137362506004 977.6103647858254
-7352.67231098139 -9719.667693645284
-1268.941017785277 -1662.0877003806327
-8765.320787959328 3325.2170220898734
7946.488618918338 4507.894541461883
-4636.124087922258 981.0251243227103
1215.1043728424756 -5299.431376673667
1673.2117789772255 -2643.0635662770037
-7807.219316767219 -8422.732262796584
-1272.128282454696 -2689.792873293626
4684.773726213343 -9139.490027008856
4049.0414819725847 7779.600201790818
-5012.2379792472675 -8376.377523308227
4712.757521000332 2466.539485424122
5908.617156174434 5068.7728575898345
9553.77137404224 -6119.296752089825
7028.390857160357 6796.460273076147
6107.359592586845 -7979.3038187885195
-2559.8512034834876 1885.9218968264377
-1355.3213509247234 -2660.6686214543824
-3025.55031403289 9547.321361992319
5004.90470394315 7146.9635424475855
9836.42028580554 4672.989066732549
9400.06258469796 9235.227820316086
-9386.472619527369 -2693.6087403138017
5966.110066684365 -5742.569311527941
-3226.6805831576285 7863.908435309208
3556.480479850541 -719.2379665263197
-5944.457401564749 5885.918366499749
-3878.028780987024 -1070.6091878384286
-8426.777648757812 3160.069321839079
-5006.507593397007 7666.421073600017
1972.4300626644726 8251.059626135793
9481.870803398651 7016.583741854109
8660.626085991582 -1212.3867278113903
-9568.45807127096 4910.456661070097
-3101.3755117266337 -9701.2146672845
-2287.365468970137 -9165.101921737478
8461.38078078986 -4041.8987890047365
-2891.4053503544565 -9896.699669286325
-9392.04684002324 285.46590749782445
-5345.838700707879 3313.16140931444
9261.156530647928 -8326.82577409151
-2798.8375127054233 2937.386526746657
3582.5744633705563 -6456.238842549668
6837.247052452782 7999.645392222003
-5461.2431090177615 2013.833897744733
-6244.661332180847 9912.99437627475
3589.5800791005804 -870.5530925187759
7269.236653376225 -2185.091903757634
9289.915676828226 5054.965780736771
-2106.5338797964723 -9889.25482477876
9380.88994821769 38.79460113876121
-5246.884541166046 441.5984582815581
3857.196644979642 7545.732095749248
-7937.934097143259 -9078.627272519503
-9467.939451151866 3637.1326521118535
6005.679783616568 -6758.151625953578
8781.619020621529 4496.460667907786
9086.65117553097 9123.392693301343
-564.3621723499327 3939.217509301814
-7159.597732651046 -4407.120785951825
9191.63935511095 5812.649764014246
-8200.951271806629 -2300.6992463110264
-3535.3275050353923 2382.030253788769
1680.6171731124778 -8468.555736151131
-7754.888664631352 9116.72107660192
3002.858795649403 3780.9199353766253
-5677.970525832843 -1269.3618356431434
-2331.3433180516595 597.7370070980796
6139.847624036494 2898.135592620052
542.6729343621719 8114.521091702853
-7408.889146744879 8757.730662402417
636.5576989162473 -230.61667651600146
-5791.588539660024 9132.511895170413
-2757.326313280053 1436.345973653948
-1496.378702042888 -9662.535546470708
5203.965913445765 4376.149457297295
-7387.237154131385 -489.6438771442754
-9519.749438653971 -1850.844156673932
-5060.000404263492 4594.242028805051
2268.86184506101 885.9878520454149
5154.380935737501 4416.04060196526
-8839.756313260652 -7309.570151339828
1678.1397765448291 3747.0456769952325
4156.7348721579165 9453.04421315375
-6284.510007459756 -1202.3505342343014
6855.452498060527 8982.838644901742
906.030099057758 2289.94982964494
693.8295278799014 -881.7468904021789
7847.017229079032 -5931.679323469612
-1120.9733741953041 -1642.3826673731946
3013.931113075101 -6850.553741711401
-1529.9118763797305 3553.1486057467628
2018.8999135041322 -9820.297086413277
-1945.6318494628276 6341.467817146173
-6318.277572077984 -4540.803846027792
557.4171134409553 -9762.491855446115
-5951.626509884411 7008.161660397927
8948.165223653847 -6302.394132555689
8277.036864335405 5592.84047912497
8948.899322785037 961.4640709900486
3221.863602889074 -805.6480891222946
-2667.8091622976026 2111.5881948711813
4579.814748916628 8095.491413649743
-3015.4212902854497 6542.700271797581
-8373.896804845755 3576.783334292193
639.480934773308 -87.46233903589018
9848.894793460287 8154.531665909282
4029.4441033877847 3649.362807030817
-2795.8921457112783 -6639.990822972483
6180.526381554884 8220.394633049
3246.2753613215136 -7749.655976557195
9669.231584461799 6619.307820913869
-7948.373746480648 -1841.9458392470015
6885.097618921176 -7090.181889572369
-365.33698983367503 8627.598659147978
9689.6783596337 -7833.6872237389325
4469.696028473236 -5946.284513521072
9335.328915054804 -7218.637595373852
5763.939878093319 4227.721312820842
1104.846155878682 -136.12465692805017
8288.92655993011 -7185.6434746243285
-6144.311370434134 -669.4447683143244
4862.169931715132 -276.8323713853297
8500.1420692151 -3702.7738654421037
7981.1364672212185 4404.817620098289
-8574.54071163505 8505.501062819214
-9353.226293963051 9294.130791623775
8955.663089193375 -4225.824104078038
-6926.0310771460445 -8061.924352576038
7179.348959368359 9843.631270078982
-3228.5088923143303 -3211.695683113884
-2184.5135775140025 -4514.567571142696
384.11125170292144 3204.2673782148795
5261.869500710853 3378.2357912060634
-7275.2382376845735 4904.328177092131
2568.5328798567753 8004.9963831916975
7584.742372381512 7918.712904873861
-5198.9088983965685 -294.60915323926383
2195.147693149429 -960.4618148573991
-2893.372016915965 -978.7220958339785
6622.834693146284 -5170.44836089209
1767.4139029179532 3601.912218298943
4919.418721775546 -7557.3488608202915
-6374.616563244144 3189.547588110985
-9498.068513249169 7825.627895225109
-3517.0313491665775 6584.961584703517
8028.932977747805 4312.004901176109
-5566.472057151142 -4003.651315162826
-8053.96663985285 5185.241989047068
-8452.7180447806 -1196.0751543888691
-2090.071711248791 7479.977721067473
-9063.690742049428 4526.502327930892
-2539.792160094501 -8893.601347744063
9944.822427428087 -4344.805749619578
8593.361159218835 7324.219239546765
2058.593341793008 5023.3194692375255
5303.554348146197 -6340.828476521167
8100.0589478337715 -489.5265894462009
7689.905085845108 -1453.6925022722298
9373.287414340695 132.65591808478712
890.1500637484896 8300.814472847389
3645.6525531976476 1949.2323948983994
5885.74447084932 -8541.53158989039
-8799.292743328846 -6278.573007251786
8133.59478752681 -8905.761329653093
2669.4097669295697 -3114.0583292664423
1014.7825869558728 4418.970985968483
2944.5192981813325 6161.211479188763
250.7885017782155 -9229.51220617946
6205.616925173852 -17.29759512458986
-7277.108936739809 4056.8346065967908
-4070.1196414445585 -2032.4309958429358
-1459.4404061203168 -6224.169564045401
736.3894312667326 -5262.09647296624
8739.826051469336 -73.53671735642456
-7990.604098727099 -5314.307379921248
-7347.2268869976615 1444.0951025646373
2468.650872132632 -9358.46843734631
8774.432432210164 5232.83947368617
-3797.468859014064 -9086.971989615584
863.5419470044817 3434.8777393561304
-9847.623921821527 3787.751270073253
-2951.230583467297 267.89939783269074
-5365.911440023414 -3650.5223145684877
-6127.832840673362 -3421.7598240664283
6205.715891473788 -4664.608417348344
-513.228399267362 198.71391982346358
-9962.612184849606 -8234.180955515609
-9364.569478037907 3266.530169289901
-9087.367193607297 8206.952655565019
6573.0798727018555 -6151.899031255508
-7912.235279979641 7780.961677445535
-245.13257852289462 8533.943670724275
-541.3280469719375 7416.765686703544
7897.660251244433 5108.295510972028
4832.017683546241 4338.66458616548
4932.640938980085 -35.541938730902984
-3429.5095219223385 -5581.071685087089
9401.843119416091 -6371.698907689624
-1520.5714279159838 -6225.656383592253
-1988.3530798583452 -431.2428714139951
8524.773220779989 -9134.36122864811
9341.397506057438 -3584.4526641857137
-2180.0212232816566 -4637.4079845295755
8115.471283199724 1770.7790636090413
-2707.8427084354416 -7833.442303314943
-6017.722504061078 -3007.5212496374033
4535.388197290935 -5763.963789097926
403.82476169148686 -3355.4966674884336
6581.791215820049 -3760.1817333148556
-955.345322370129 -6251.296442188865
-4331.398945358474 2566.157622928995
2959.0842274619863 2541.610831519016
-5447.845620310763 -2154.6889942333755
7910.871474335268 4129.317313967213
5517.344901269806 5896.701562950286
5319.559681214978 -2749.3622004960416
-7046.2386027874045 3890.873318756523
2612.9282237313655 6300.041207084538
3217.3862949002123 2520.2964311255255
-2824.8852849487257 1828.2464219914855
-2530.625099444601 -9897.999863353922
8615.14615361284 4929.785785807337
3281.108760099867 8788.914547212713
740.7683259454134 -3756.7577127338245
-982.6443060230467 4445.705259594433
-592.3884802097018 -7268.725215143783
-8642.960964371057 8248.793208321302
-4676.102013009618 -9026.042395104896
-9216.231144106416 7699.16096879882
-8073.956499914283 4400.349188115964
-7524.057982732635 7490.4462646567445
-2399.3291877200454 3699.6346686949037
-9251.121246992467 6553.736400794172
8813.697518363948 4594.577107709551
-5950.881708587459 6604.384061863289
6117.330023827351 -4773.580019204517
4473.651103818538 -354.94117147052384
8540.938694832399 -3408.201589596325
884.5209439017035 -2866.823339598627
3531.9583409834195 3788.611416443804
-2088.108967823221 1899.7310087708393
9398.102609976708 3269.223560453971
4486.317641738182 5410.477435508379
-4887.65405221222 1865.766313002965
-4986.361324539015 -2410.683031738725
-1622.7235607632465 -2956.287519008618
-6096.469979628824 4177.631984401045
7005.586893890406 4656.31032959257
-114.54558271575843 -2517.765098383242
958.6171987559937 413.8646749751588
393.3663904303394 368.50479246431314
-7204.971842790024 4348.261666348137
8273.208007742342 484.1714905395638
-7183.162969935334 3744.5373181056893
-6835.123034655832 -8046.858418460798
1860.1980551870474 9327.700207944355
-1866.993527672178 5157.645141457531
-536.5192423083645 -8065.579372428373
8468.559097637582 -8269.106913468113
8055.33748774042 -7534.393239815638
-5944.119116022606 1511.351375644961
-5159.380163887346 -3392.7036912671383
-702.4679604170906 963.6293593275113
2222.160847796282 -2376.305357269126
5311.855723505019 -1550.0998634480238
-5118.416699330231 -4532.398917955167
-2034.090538942237 739.664236754832
-2947.531258605989 -1480.1365738587174
2279.032972828909 7274.584655897412
7054.360120670914 5460.922135406987
8829.995349760069 -6040.979289287121
-2183.758411587569 9093.89245692264
1023.3040864202467 6625.7983487745405
1903.2883538979877 1380.0514216240826
-6582.073092726207 -4169.342715759334
-2529.166585300258 9514.00738603566
-9205.670713049103 -742.2732866623137
-2395.336734441724 -3442.7834435451587
-4766.612169038564 -4227.718269695657
-333.1019641052262 -3035.0601222389014
4203.394201324045 -3964.0590128796885
-6448.115867755712 7283.124326644924
-3500.978593370305 -1396.620957394678
-1833.3346954049266 -4641.895375350699
-5151.2171639697835 7548.516214215859
-6014.230341237392 7593.4305401052625
4105.165460839884 -2077.9225380135504
6190.198280054949 3104.5223391281306
-7845.718770650658 8721.29883624415
7685.66038729245 6063.271780597865
7029.531892286941 -443.52435755061015
-5794.747580663944 3091.112102432089
8186.4407955633105 6827.9531668572345
-5263.057949952065 1250.4747362410471
-7506.537781149789 -2018.9396462100403
-323.63577817341684 4000.976526021326
-3783.769549150691 8285.403965092042
-3609.3945863158306 -2571.928935395913
-6879.622163573749 -6411.166536472161
-2711.2070407509736 7118.306831443697
5790.692379915174 4625.306702497852
9030.47671563283 7246.750898061764
2362.054190972707 3709.7807243812404
3162.9406878984137 -2241.468547179812
4080.239026709025 3032.168252775653
8263.733793572395 -7032.13537624946
458.3397950477047 5266.3003649048915
-8425.123589594827 5464.335118895242
-1732.7960669098284 -8161.257702711618
-5849.65665067672 2907.6115552265346
-1804.0487725753064 -8043.778523655465
7698.58943475287 2108.171273774231
-1258.717034287729 -3630.674695577045
-6412.964210522438 4733.033921852049
-9268.038976246256 -6145.964293244075
4885.59228441537 -7958.108335954239
7867.479300063835 5521.578419244404
861.4469745774095 2250.441530977445
-1252.3875719301996 -7679.037430313265
-2.4912128318646864 -6565.874958880578
4092.1885529053907 -5522.501709797638
2392.052110837005 7326.894320630163
-801.9234279856046 8114.484544456427
5307.258606729825 -5063.980879278151
-3846.957948591541 -6065.834701425918
-3330.4855893004205 3585.3662206267472
-7076.212905347336 5587.96288760087
484.47637798634423 -3184.0185263279964
7158.131666225279 1244.8911743229637
5415.074799305612 3514.2153046455132
1388.9667266708038 870.9740578070923
-6819.22075684908 -9295.963678900787
-6699.750753032629 -6138.609261233567
-3028.3918756155927 5631.585290303397
9812.980702824247 6920.975140707578
1730.5181183917011 -2913.5726052048176
6971.757083776065 -9532.392642675602
7942.971401587103 3345.365306925638
-1039.8653443344538 -6663.060185012819
-1517.372766661454 4691.089349293203
-954.2789076414665 -9804.191054873332
-5902.735066586689 2149.329858807945
-7146.4542550538645 3825.5790576249474
-2720.7955582201594 904.6123729360952
88.92657343961582 5315.590516249893
6549.637049155874 6796.084860578525
-5321.28951282616 -789.2269204488675
-6403.552276191307 7361.328594002218
5272.404816735816 7786.396394072104
-5759.744162786673 5087.446291819615
8142.396698615783 -1123.1550681926456
-9136.434374420216 -154.8617763714592
-7254.907364424011 -4935.805055728464
-1276.9322606530877 -77.12220540931412
6552.478992915054 -1463.7062201716508
-8524.706237541293 -3355.2892628773416
-9763.744066504261 5552.931017898412
-7719.0230419438485 6246.6037772349955
-3115.6477498434733 7212.617838898426
-3986.3611429845423 4502.673223949865
9652.292683407428 -908.6257861031991
-4616.938476663706 -5465.963879970992
-8900.465697088433 -8671.15011421579
-805.5218836929253 -3700.5747686993336
-5566.450152060027 2865.9975362367313
-5500.540477043139 7458.127022742796
1982.099557665968 -1207.569875809555
-3945.3650271337183 -387.80910957959713
9436.773048817417 8140.500829743411
6289.542683629055 1376.2823643806787
5758.5546481492565 967.0421502610388
-3104.9414531936436 289.9454154321429
8108.815914278119 8192.61699705079
-820.9905339032393 9278.454224646302
-1233.2127408547258 -4577.962757193077
-5504.265739041709 -9815.166232619731
-3282.7644880040953 -7151.191026732946
8341.51411646089 6837.042020018191
439.7112872427151 -2649.929510691233
-7882.0576133739005 -6819.293198691414
403.39647516819787 7.501868278492111
5100.468456131697 8199.22194706128
-130.7615659757339 -7456.422302333567
5809.503425770428 8659.405057064188
823.7097821976386 9541.459296360717
6766.629723475009 3162.3379111507784
8216.191500537585 9820.709899220634
-471.38198250202913 -3454.592385974551
144.6319268761108 9969.93653110633
-2072.8960520219644 -7627.029496010023
4231.793799883515 -4208.63890145877
-3398.058384228586 -6930.5204022875605
-8842.950603583684 -6708.765146466085
-798.6035015710986 2190.3119926919517
5156.354576124742 -146.09317943430142
-3967.4889860510975 -8608.064688556642
-1724.3295310503945 -1633.7196563439193
4480.119765414458 5854.477443863472
260.77635268839185 2313.2782327345467
7173.148210918203 6226.14625965847
-810.9446426887553 8243.855208661604
-7338.000396591488 2600.368471566964
9296.510505965121 3511.0044428799665
1280.9680821661186 6602.919529737035
1925.9023893950816 -8181.900317416986
4904.793621998846 -8642.281608505731
-6880.417334058577 -3142.1637233795655
3468.6160956063413 5916.369391429444
-2896.777705019891 5208.921382289804
3405.751477631082 677.947042145428
8754.320945090276 -6340.409755506371
-6432.140593737498 3391.90802776483
-9877.980369584659 -6744.078338983321
-7272.758270688113 1528.4452636611713
6162.398613578807 -7373.177424686765
9421.15265224638 -3883.0195082694227
3076.1099837984766 -3483.5189403265285
9683.168406103752 -5405.08344995581
8982.830927540661 -8041.028123029492
-8883.186441954615 5775.1687595027215
1139.698995580513 -5841.386453842239
-7198.194722879005 8732.399292685019
6508.53966562272 6893.587602735071
9683.421471920614 9224.290421558475
3199.342151476978 -1860.7765527218571
7380.669630754692 -7794.403316107244
9165.118375031292 611.2717084049145
8759.07260232506 7059.116137391833
1495.9157039547317 -941.6113784109002
7149.062808778053 3359.1396354973585
4757.417693740315 1386.9582779523462
-7248.887320264439 9299.330650105403
42.22647086008692 9080.2934959442
-1446.097270672868 -7641.597520345183
-2250.423551482332 3878.1547777255037
1.9735072389939887 2343.363721773643
6581.873731121839 -7688.563740873342
-1315.5307630909774 -9358.495295462626
-1155.8694385808212 -2559.2259618110465
4476.736659463753 6328.715636838993
-2144.9963679180546 -1973.262141322538
2851.694516978154 9723.115660819389
-2874.187201580574 9363.17481181011
-5511.946375582348 -2960.6000908541955
2936.566795190065 -2865.824246824375
2837.616582012275 -4009.3061474866245
-7964.320583857618 -4090.9538844489116
1974.0422205561536 -8498.866944720023
-5587.282700559466 7268.569023009481
1830.625533431321 -6866.220612805491
7441.181061697804 -940.2514127872255
844.785752421536 1404.8906425521163
2160.9644743459958 -3094.8632511877277
-2937.8762644654353 8846.974030388723
-4932.191531843253 -8153.253575037045
-2086.9376632309813 3499.4587292340766
9499.714042698579 3883.459687868077
6160.23035085735 7447.219243524112
-442.0671661304841 164.75401714300278
4924.928925369541 1093.6051207931087
-3527.1814614253126 8732.464326440622
-1763.8520541442813 -4953.984558094229
2422.470683101381 -6043.783920464636
5205.780750882694 -4191.506251719373
34.761470893778096 8187.059785365927
-4281.176744552051 8917.189126823578
7150.995331363512 5657.755092941099
-6562.484658650563 -6279.0314702292435
5902.100969439996 -712.9517040109422
-2046.4773534580272 7700.84799900914
-7254.080760515113 -1200.7967808779813
-7917.572358849018 -4961.668637889818
-8163.200381168765 9448.938084658133
2579.947961578335 4084.1403933062084
7946.376681371534 -5354.150641287185
-7030.546387933876 1445.2386667235078
7127.061597984593 -7098.72076615567
5705.519689717021 6599.444687644431
3407.424005953162 9774.522850494464
-2441.602058018235 263.3442659795146
-1968.690954030907 -1125.8490889338227
6889.451805593264 2180.6188842606207
4100.192431693169 2474.141942436878
-5602.239596331789 9564.307500432853
-6049.087039658136 1933.4260471164835
9953.239113794614 -3882.0712853114965
9198.609313057525 -9138.654893364932
-2708.204849930449 -6623.200421146988
-5902.688408060095 9850.433063085122
-4366.810961423455 -8947.715384527368
-8281.680907971704 -9398.156389652047
-7307.5811703748195 1128.1269223434429
-580.8601621377293 9397.644154943093
7090.618845980513 -8350.591838698329
-4826.575804605984 5128.104027532556
9831.60136103793 -9538.90161501337
-445.0103673954127 -4538.983857319614
-5704.657659743652 6594.557557458706
9516.674557705253 6243.996569885348
-7890.142513820934 -2433.2372880898
9577.43392878904 -6140.397485084599
8298.074621345007 4548.432629272083
-6371.270244082099 8007.034164049102
-6743.531082767949 4173.639391919525
-3706.066179583054 -6736.928830369681
1407.3758160798188 5704.88786738323
-3377.8824817706536 1778.8198255688312
6777.058326009279 -4665.930883419691
-1129.7459014819979 6597.74007445087
-5713.238077172648 -4408.923202264435
-4774.484277626117 5334.333663754456
2204.142160322932 7148.308344001158
-6457.984118168279 7331.774138810022
-4012.3916984139732 -7249.348086235845
9513.980006754802 3920.684667625963
6666.287856680981 8566.992242048636
-2819.9909208022864 -8969.854760387221
7933.463965485629 6950.64865509672
4250.743364621454 6155.947431227825
-4708.500993077578 6412.592744418973
9474.886322744522 -2429.9987740609995
7871.414573669543 9552.672454839205
8106.216848214488 2658.713587848444
-1039.5466969953395 7760.495249240914
-1493.130377784346 -5592.940595541809
-5193.896510182108 2689.021363069982
8019.808067332793 298.9806446287075
2925.221138893905 -1179.6794553778018
-533.9069813498681 6283.644552084235
932.0504454210422 -1115.636880395643
970.1879503498458 9961.003367735535
-5190.91522361171 4458.112361570384
1289.2010138621572 1769.0100543438966
1579.881493398403 7763.593074177374
-9580.36786211227 -9291.265865125219
5503.088188998772 -2499.975559730565
977.8333555062018 -7977.446575698028
-807.8972123737185 -8513.49878516197
-301.94250660140096 -1755.526021947755
-8525.059678061863 -8041.8774072403985
-9635.37704228218 2170.5622673194794
2344.0391755386645 -4450.131108749849
-407.61945210332124 -9448.63524332925
-7994.104525156158 -681.067779265044
5092.322486943747 687.1044796852257
5825.564625935023 6597.621854565266
-7593.174037317316 8610.341352651369
-128.76094128531076 -7964.645032855249
-9428.304517340095 -2830.2990184287455
2799.247118286812 -6120.331901821883
-240.19815647412543 -4917.8270134377235
8979.999006419988 3362.5788508368896
4683.790969857888 3900.3919411319293
5050.536058757982 -3999.962266701338
6382.980271946812 -1154.7828341967688
7489.515707621136 -2321.3889236406994
1992.2265551509827 1582.834343162318
-7654.38470373398 -405.0414009424112
-2811.8074145029896 -1720.4880634378333
9910.484339964976 -9569.951817597246
9231.108649134985 -5353.954713597309
-3087.452431375291 1581.4858841604946
9867.77523948118 1187.8315897195644
6718.10470256308 1843.721810709194
6834.2083993555825 6505.424541568049
-5938.666696916551 -8382.68545757548
-9706.010657925055 4244.326575033892
-5015.040572837981 -6455.165092059198
-3728.9704238902123 -9828.326712613087
-5041.486971428575 -3587.6020053809434
2983.1340490644707 -138.61754046135866
-1448.7563969217717 2222.219936811269
-2044.6235843912746 -5401.758188329746
2571.932300647937 -7467.000932276313
-6110.015490246917 3365.311084891897
-8752.024517012342 9481.336144148707
9492.065858367954 -7842.071987922083
-3198.697878242474 -661.20408103314
7798.177679505188 -1628.4910913792846
1688.8072823302227 -7974.356428332254
-972.6073656126337 -2360.754076453213
-189.82877540627487 8693.6723230256
7572.167600764216 3249.699111268259
3146.0688686631784 1306.9635555512705
-6531.01626462848 -5846.79884277912
-2425.057841911169 -6909.188655540556
7536.379875514242 6569.889921188544
-2973.3385834275605 6785.4632516077545
6340.657729098175 6341.088454534007
-1333.4478368064847 -1167.275991066972
-1752.8108338038346 4419.670656380009
3463.431887324983 1939.8833198361335
-4962.075288872203 6273.939151576924
-3719.555927558913 -4093.168153711009
4923.34244450235 -2516.532644721776
-2462.3526539776194 -2831.3666588459882
2249.742497973426 2434.245529316948
4530.455820052468 1197.2323858281397
6800.453762211557 -9225.6084341604
-5351.795405201496 8722.381699713314
1312.1557672153685 7170.585225441966
5022.249773263155 -3326.728009711781
9675.20026703383 3909.2956711744846
-6456.814358840404 -2191.2320691737696
-9740.549413007751 3015.7707462458966
4721.905852268266 9195.547509286043
8904.834657802738 4817.673238444708
-9470.60328481604 -990.1472059684929
4338.438076342623 -6740.85140456802
-8864.690068731827 3579.968440283259
5127.649613437459 4775.014938063365
3375.5089542716014 2152.9443531251036
1751.5009799331983 7163.67559144842
-4186.045813558186 5560.49705452703
-29.985990627867068 -2348.7410330533103
8424.42848538312 -3224.586912488905
2394.0247962633384 -4781.605344941444
2202.782522457943 -3708.800780892838
4005.602299771792 -8735.050943946753
-569.4813571818377 -6675.871792779207
4351.83815317351 -5183.065192460585
-1154.3030017066667 5028.2220314764745
-5767.5492626877785 3733.7343766003087
1637.3016044378783 230.13996787325596
7924.285708875115 -8247.335633266557
3964.3600230959437 -8367.667959342798
3333.460765761776 2711.829938622288
-388.73498439769173 999.2262998452497
1938.566467968023 7921.115971871106
-7574.090416033468 -4467.366997299138
7985.9702931322645 -9594.934313214993
2347.3926880885247 458.93853170191323
-7879.049491137997 -9379.684446366953
1115.2170609903587 -7207.90856880525
8486.025846623961 2254.1472084574216
-5837.945072961592 -5697.236818948437
-3709.4898586877625 3839.6337313578606
-6272.689595177936 7915.493807765673
-3047.021447694021 -7823.242399940924
4888.871463725827 1072.0284833998812
-3859.0165921316784 6927.789816713226
-9004.41208918137 -7959.542694125239
-3619.9787054621193 2259.119085348182
-2106.8176018194927 716.1814238520128
376.3980503314615 -8969.369666996465
-2628.5512077093845 4152.12877070166
-2203.694057683794 -212.35740943592828
-579.2543571120914 8872.057832761711
-1033.9203335278344 8689.306716002091
170.96474378522544 -3037.8167714125
7806.24980191312 9511.29295979724
-2203.7131161290354 1002.7714591876684
-6715.327970908447 -3010.5188909731705
2204.2167598205033 -5907.241990060578
3771.671524095407 -5974.710180137885
5987.530236127712 5536.845626337463
-8097.212518774368 -347.8202972588406
-6097.075470771952 -9794.056853202368
-1097.6309474419631 166.77013891798015
6050.331586417124 -9851.780507664616
6793.922681144755 -1543.077020566263
-4038.0116508132087 -9280.547940972794
4520.773434361265 -5686.957528108783
-1029.4606268998414 -9682.257761306759
9723.25448170369 9387.757527665199
8510.578180674194 -7250.89891204898
1766.2968904583558 -5526.948960671128
8418.21209759728 -5683.211151051722
-6416.051613526108 3892.810293373781
7828.380699709138 -6081.282429950705
5.005837858991072 -7937.3211123213805
-8070.191176492413 3753.621081648431
8446.600774712733 647.995148734246
-3377.3543283646677 678.1078407627701
4210.238900643222 1254.5123009386898
-1966.011932573082 -6176.8835776986125
7087.440632078771 -1784.5057160102006
-1118.3582422384989 -7230.295884033074
-1420.201335779915 -1207.302947222679
-7163.364639176421 2400.492045734838
-239.08399753870253 3987.641770354021
-4679.843027868919 5484.520002026529
-1344.6584686175502 2163.5028576124078
4580.738644743335 2119.6443383100996
2982.2916428912886 -193.17133004138486
432.66417953888595 -3651.9629907349963
9209.585046820692 -987.7714530980757
-303.2504909158379 -5423.259600831918
-7914.119734318559 9652.061958327224
7169.777166812717 7876.646902374709
-9833.02968931979 5697.06924651894
8859.043626759547 -9200.331490106855
-7675.467789365373 -217.20202354441608
-9746.377106116219 3045.276583939378
-2176.6102418829432 -2129.4277299910473
6564.109006759256 7123.992187412423
8276.012338967776 6730.675376409341
4147.755605675526 -4893.180102440045
-6369.385203807147 979.3037486614394
-7253.908639331186 -9383.983551356112
-3678.1126473371996 -6470.225613004168
-3302.76352581621 -1596.0000824887757
-2188.953162903291 -6427.643561516405
9945.314924855447 -6816.397293927914
9964.542049090349 -423.9742757065669
4454.502514626905 -8185.711057358891
-9931.586148928447 1309.3178937875764
-5454.591222060239 -1484.6502855500348
-7252.036341139552 -5493.604175416777
706.6554485844299 -8531.490685594785
4660.039703322856 4558.325424165721
5594.658932911854 -9011.229419693658
-1452.0951208695806 -8511.527530475458
-7780.2124475194 -5616.258170286376
-7903.688472468977 7474.839988575226
-272.78152131466413 688.0887678871077
3997.058640848054 311.072861759274
5715.97620741249 -348.83528052909423
4732.967780885487 1451.7497970875338
5699.790835041509 3672.2773017568616
2810.8675901241804 5666.507906541192
-9901.432682077222 -1180.548993432314
8521.83506448237 831.441585476834
-2940.5793690686014 1633.9669309096644
-3220.405979356371 1015.116263913329
5441.377378566165 -7885.656213062404
8185.6362049921445 -6229.538490926285
6458.011591424605 -9910.148820094038
3192.2727902739443 -6577.298818028359
-5242.566985235116 -7864.956643085936
-1917.5033616421051 -3852.6167935323665
-9870.80195434277 9243.205856245622
3458.176386047853 -238.50663850731144
-437.11819988422394 1668.021707187263
-3974.227663511363 1404.5188375641064
-3956.805641548942 -3340.8423549832423
2691.4118394582692 -334.7371213143706
5251.68766321482 -2741.1042266017384
2324.8237845109506 4214.089901522195
-5744.7506550088965 5893.318018925753
-4975.71910858402 -4370.792262316998
7296.746921335718 -4817.018032783564
-8687.63404493416 859.4884236718754
-7036.672859986978 214.4130714345738
-5584.9782322956835 -4354.759261573966
-5706.955636495459 1455.1560763682173
7624.010889598714 -5777.751255796173
8790.643518038476 -4438.468091389806
-4284.437972869999 -1236.69612931327
8858.474542459327 -7480.352237014196
4495.63596237323 -3734.641737442901
4808.680775237721 -8123.378325785242
-4235.092749296267 8969.333260986987
-7592.046192487232 -1739.6120627090258
6344.1987584936 5903.532287680411
-5183.696536065092 -3047.1536697883184
9273.786838411128 7770.497475657641
4816.4504729810615 3972.5410672033213
2897.621359864963 5151.073748500294
-2609.394310072388 -8060.5557292379435
-733.8122086163876 878.3365281344759
-5013.447157255875 -7064.158852077138
7139.376742293676 1437.9490242479205
8225.11062450834 -7356.295872939231
6843.395212832507 -619.5706888827444
3336.2062108906357 -3769.6358628656235
-5666.605435772453 8984.699009850126
4270.948023976347 5770.683857308684
-9963.830041478983 791.2071159340703
2222.2396020943397 1435.3491723841526
4394.913238884963 7126.815036908742
-1803.3628859499804 4241.2973965535
6510.684703334842 372.54617514345773
5315.307262198998 -3148.2904280848697
-5127.093551879362 -1520.7981052824744
6682.095416561777 -9270.599333781847
-106.15516858743104 8114.757635774662
1941.874454343506 -7111.153617454047
-3190.293629583063 -5168.646451472614
1062.5028129966813 3558.4909362481503
-5516.380262266754 -8231.394335935729
-2591.1344324411693 7256.392213846477
-9256.5519439418 3663.8666307297444
-6162.355746522677 4098.652978824508
8110.008713448242 -8681.026867829063
5326.605434272804 5601.515556553806
5118.9633313531485 -6823.081952773205
-437.6445116269806 9804.375990351546
-2087.7340402265945 -4709.194859308434
2945.6764830143366 -5767.594573133972
4372.74374757956 -1278.6707585388376
-6366.303725782867 2033.8599685167464
-1201.9882660507228 -5722.04763934196
5523.317109323498 6568.559829035123
-1042.3953181933812 -1477.157882730884
-2509.5214396455767 2790.4466970027916
-650.1495532048721 -7914.46195866139
734.9834441242019 9958.508755743904
-5427.332725951497 -8409.762641331417
3740.7739589906178 -473.20940261813485
4945.128526817352 -123.5223289312471
9146.706906111645 4505.59447363047
2864.2919470323195 -4302.0889419622545
-266.9784024332075 2152.4011735053427
2854.445866852304 3712.7723062149926
1763.863309911978 -9457.569574286637
863.5809380920418 8333.539943760636
-6913.632042300222 1385.1787154181966
9084.556499424685 882.2044064848869
-9328.01482849172 6394.670289766091
-8573.919837795547 -1498.537705333587
7695.857564436934 2587.5691766583914
1731.2787243009043 5401.055850582166
-6214.759417717486 3074.704501080694
1939.3018589923158 2272.393954491072
3728.103596869143 -5772.0369787855
-9391.962629591715 8083.480695710514
-281.79969061044903 7545.9180138431475
3563.6967035830057 -29.891827184022986
123.06249925681368 -4892.036493033094
-2084.332494692145 1568.1477355650422
3796.5246894515894 -8801.873539451317
-1727.3054010263586 -2114.296098881585
3117.5358522598053 9496.149350897449
9719.103913519335 5692.78884758196
-8777.81205002447 5174.819864319861
5957.445959034832 2410.0854589356823
9306.02522255386 4308.956199811661
2996.5786533402734 -6392.729878763492
8408.872270539705 9192.838067101256
8861.884338931792 -524.718671978264
-3245.4318321923647 7479.301404823524
-1973.0467513678132 4015.812370428079
8503.148175071223 5495.103005280025
-4386.264483427598 -2804.773073351079
2683.1750058267753 -8346.419453339515
-9119.187257401218 9938.990985752811
2107.075802434527 -5422.966961212494
-7882.900008662937 -5403.368179635242
-8767.503538009836 -7642.345303391021
5780.942060553036 -613.8700422147012
9217.843795664012 -5672.737769943017
-8427.769125543931 4330.562926878914
-169.65864325007897 -5227.540606644383
-7902.186154150781 8328.727328738616
-6599.9242622986285 9223.29290813658
888.1375645563949 2255.3649164483213
-2326.322423435927 8259.855959672015
-4254.289846872465 -8634.470563178274
4206.426983446541 1222.7042653207936
5753.632861406948 1781.5423618898749
-5158.267043163843 -7220.646095975753
-254.89596619635995 469.8767565371636
-1137.902207330546 -1009.4575096209537
1632.4543584189305 -4130.7687529120485
5555.824402847458 6336.326372159414
-6283.072876759006 7209.954643480472
-771.1121512343416 7103.51801696535
2948.082386290389 -5431.116952978343
-5898.455158733662 7602.343370436745
-2925.6562488912996 8832.569253686885
5064.416130751959 1871.6343482062257
7723.880728991604 -9004.215631180865
-3071.0766357898374 -7151.747376428781
5677.663793838839 3601.0698761462318
9592.13167052008 5417.871502853513
-55.81359220606646 -6370.9558414511175
-553.8087123118621 -8669.375109058357
-3281.9859543721086 5778.051210564976
8397.74109989543 -5343.4438564085385
-3098.0346331928013 7825.664459709678
-8977.221125867913 8272.199117560842
-8404.609060835237 -4356.547492340439
-2332.323119608801 6811.031151083516
-6201.326382238323 -5559.674016928997
6717.160390670677 9576.941114616038
1556.728548633051 4938.686060978804
2785.231971193307 8111.264601963576
2861.9363561630835 -1558.4885226286679
9245.183130701818 7420.349208526106
5859.598596694041 3127.4115205046164
3299.9828911154655 -2687.9922148866317
9246.671940569555 5414.592349073284
9704.496133267774 -9144.369164774978
-2772.831797640596 -5136.411930006073
5286.134231628801 672.1417673957912
-9014.704550150796 8842.501669694637
-9429.290987618688 -9423.631829577827
-5639.953454413578 4057.428537903357
-2894.601916956465 35.826166499447936
-4747.388724191331 -3945.378745911612
-519.0951735539693 -8023.692051580278
6270.638287889295 4929.874519849247
9590.043070074786 656.0799563094388
8211.03348936476 5734.506693248892
7320.129502303811 -4353.107482843606
-1794.3667143283838 5446.22656622258
6661.734356485489 -9598.578179460468
701.752229334692 -5122.924806203348
9126.486959458965 9453.161470605053
-6077.74494506643 -6480.454020285968
-2598.210668739527 6986.18870416989
-2952.5301981557695 -1914.118849199891
-8669.538892092534 1328.6452275301745
-5916.1047111152975 1374.4609352641528
5588.471379085977 -5134.83798442356
-767.6608064443881 7101.10326300564
-6155.907177960447 6929.882132906725
-4459.2444539886465 8461.992722135856
-2283.045058749438 -1566.8725695349713
3724.7187029365323 3448.8730345173717
515.6338091022008 -8708.826552539165
1261.1274334431346 8316.038247891323
-4482.423329850602 3169.9889588113474
-6791.6199878679745 2102.562660545169
-3534.6949723450934 8620.214805179523
-4321.0698320066895 9742.122666819494
3988.007522635722 1372.0645670243157
-9512.218831513579 9046.661396204257
-4182.2161903206 9375.21477895954
5223.131922334329 7729.057229515012
-9045.04014965666 4110.191318102827
6833.046715660301 633.8677937164848
8347.044212532932 8764.136303021998
8794.684120484548 4474.117855282513
-818.9340286483348 6055.259126364937
2030.259141820712 -2373.9845668974804
-1450.8256926290778 -4193.316337796602
7956.588086521635 5912.377586916158
-2967.4548874621396 -5188.198165422537
-1597.2932839298064 -8190.535550901836
-4341.200152388216 7099.65485250725
-8397.278428428986 4140.8133469115055
-1276.7138827207982 1400.2705215178812
-3931.3026059775184 8075.5813967673275
-1875.2639130812531 -5573.710675404124
-5128.948433469469 1127.811362974513
-9849.026910348544 -6471.385381447283
1701.5738799124592 9856.9285826739
1060.488994632864 350.237918152372
-2933.1451838963667 -5901.298334337222
1340.8743662406723 -1706.2097701653674
8057.549211903002 809.7944937934171
185.24060214226483 934.7720347820541
8361.574974799689 7987.939916547701
-8487.074586018807 5953.83211255005
6536.988272221537 633.6871960848039
-9229.065189261388 -272.13473511730626
32.938565531725544 5348.564734558486
-2212.2749979439595 -8588.89978184229
44.7663607062168 -2081.586158758766
5111.0910928768735 2153.7679434199435
-1988.0441497503298 9109.557570581834
3547.074501214429 -4952.6631959849055
8415.31846147728 7909.3718788306505
-2973.0255126700777 4451.70293265406
4502.431008413472 -1428.2734075443714
7464.682787786362 9551.155000111154
3668.016748812808 8081.683904030113
6926.742018585086 -3697.699426443084
-2561.3921182441654 4032.7393952563125
-777.3395037269547 4378.583664431366
-2641.509591020814 9413.788476131103
5933.192003823202 1282.408107511179
2546.576128173803 -9568.065805343047
-7070.56809075411 4487.291944870953
7291.522790898176 6251.122265286895
2595.743977419532 4288.890764972586
-2224.940874184318 5405.530294942122
-5745.3119205787725 4985.123894651955
-4138.8589945178 -7349.483557496296
702.2716729935328 72.05281914143416
-5138.784526251663 -7857.138023973033
2297.00604537646 8333.562237823207
-2716.469844700995 -1904.072677849349
1706.4118755636737 2019.3007187074018
7797.072599050698 -7565.733723178636
-7800.243903352979 -4253.251497444908
-4011.6041919407053 476.1338577449842
-9714.01843238771 -4670.321465135232
2962.221783521156 -9698.757290189522
9530.929549262088 9426.688900609333
3434.395719717586 -784.9817250026445
6548.118880047645 3719.8947074183434
-9311.60494300444 -8400.484466795824
-7557.496227948026 7275.259908662232
5614.27231829525 -3554.935023929049
-6603.219877143343 3802.470772211929
3021.557293777085 -14.378765113378904
2624.9761797271367 -3276.3482784532935
-1484.6955789813364 -885.3067460187121
-7421.784888042098 6276.630309641649
7447.126657605699 -5362.355149027267
-8927.312341648021 -680.1345297574571
-6199.291049176681 -79.94566826960545
7920.045765479441 8072.561627706538
-8656.03924501805 120.73418070215303
9675.561029737299 2714.892688925387
1977.611869874927 -48.08324123584498
-720.4275788547657 4589.671376277451
-3067.278506738733 3788.012391233551
4652.882917990031 1688.2011195425366
5317.2186491234625 948.2642718472125
-4283.064320784717 -3830.542311346452
-8515.744443701364 1107.5164349421466
-7155.250292639104 -5146.848387064193
-2207.192783168457 43.2311960254392
1408.75330528015 7943.628540749192
2553.6063252804397 -5694.2136078566755
6876.806103640243 8682.973940269829
-5698.834490545579 4903.0005358517155
-7182.134489215435 7198.0896026438495
-6994.715230208189 -5281.270563445158
213.8980313239863 5497.921654426045
-3566.894640501968 -7860.708230304048
-9365.196473779182 7393.422653477861
-4404.571005163809 4240.38547357151
8118.267335718592 -2945.76543982118
7058.669330302837 -3108.9408240216508
-4993.383874028827 -7017.510287725737
-8123.530312945795 -3739.783192439676
5527.9134494741575 -9624.466447826047
-9007.336426515703 6465.02934327456
-2431.327552992934 4165.773971891649
5189.931592893376 1479.5478451686413
7870.743979284878 -2532.7288358804553
4006.1346600823235 -4074.29877367083
8795.066968739211 5725.094923862338
2512.995573544802 8997.7835983527
5830.143693582646 5554.86422733725
-2550.5784760004735 8525.434270682294
4183.256470120497 9076.316360913032
4924.444961898995 -1940.977287682149
-9922.417176118186 9486.132429118723
-9247.597892091664 8865.250203119882
-2211.4515762034916 1681.6722769585595
-8544.378786628182 849.702275739668
6987.8901372874025 -7061.330979976375
9067.565701195264 1676.969987339009
-3375.9321878151186 2962.3378450276614
6092.013916957252 1737.8876052599135
-8647.177727350836 -9927.230602284977
8321.528324948125 -5882.682646508375
-5558.172363268754 -9148.129358076982
2691.1129895785543 3344.8414304059133
7108.542727933214 4270.538899085297
-5059.376803364175 4464.607271754177
8410.528764118422 8131.1431905984755
7582.141712595221 -5160.508517619848
-7907.353687369547 5601.809551581944
-7483.811453130296 5108.648841435621
7205.712443525681 2685.398396554916
4613.303648943718 2846.422121183552
7846.346178063704 -6342.514225618106
-7324.824566835501 -7275.513818822348
4027.8906916798915 824.0446279009884
-7587.837453195725 -9641.978925540163
477.45611016901057 -2609.050176595062
-7578.294577319884 3520.600384260375
-6935.716904798226 -2196.1763454921092
8624.779476586536 -5958.604253346484
3599.7844525549262 8608.147417849814
5215.199149734548 -3547.798063979919
-7090.222372603063 -5304.026886712383
899.2401652063181 -4669.305506794379
-635.4275065731599 -9253.021171186116
-1949.2978071979342 -7709.76527975858
5462.749542424466 -4261.996248986377
9379.186790668293 5695.450149600438
-1400.4034845991737 9586.623765295328
-8192.966997922726 1436.7166901938908
3811.3551989347234 5310.723393514498
-9527.011457968738 -8524.422813326248
6071.561126387647 -2472.5786851747043
7128.379769354058 -1622.953473186426
7625.932044888526 8681.132512019663
-3335.831364961983 8673.64022903072
1887.410968186774 8081.932528970938
3104.96754403291 5659.894356154273
9573.125042916414 5651.811265547036
-7871.280742734241 3095.026351065211
-4949.819178621094 2217.8088481076284
1018.4226360172379 -4704.689830054234
1267.3682347327376 -8742.57696087671
8924.923772206828 -3773.3588773971705
-9814.988647831526 -6806.907087379947
-9582.538281211708 461.66370004654163
-7724.6563388857 2648.9682148066477
-6478.686069154566 2244.7559012763268
-6549.0397944807 1524.5754019653177
-210.474926172923 -4587.945691988062
689.0441007840545 -3693.596788475268
-1571.6100861980503 6542.629174876245
8654.222428201538 -3270.165998277088
-906.0160771297305 6470.802405390899
-1216.934430000092 4720.2533152910455
-1300.2796272138785 1168.5301958435066
-421.60158024512384 7483.5779910530655
6422.545014458854 2010.6587307980444
2271.750532759477 6682.8470017996515
-1931.9438941164726 -2435.2136299576687
-452.5770520486785 6828.927083885716
-3947.523698209632 -5698.650891149617
-3318.1867231494925 -9670.20762465391
-5517.924421502045 1998.4815988989085
-5763.211192597424 4084.2422048088065
-9841.717906260108 -8879.919264785849
-643.9353196324773 -6927.67612689094
-190.60571465368412 4074.430762334485
8748.683873301736 86.14413454709029
1447.4474927471674 14.639980814876253
603.8703571217266 7561.143286007904
-6528.546963915105 -6278.947375804893
-5033.329490415648 7409.33249059373
-1014.1178594372996 -6890.299542112827
-7486.042829609332 7822.377433717542
-5224.078518699697 7039.770966966662
205.53070285855574 2203.8411268974796
-5521.3134871826705 5346.969105743179
-1054.7980455769994 -5293.715557328577
3712.233600571657 6408.562810210369
3171.902454122228 -709.6523664257966
-8728.135922114478 4049.7972345748276
5211.022350528054 4789.324855157916
4975.8823796290635 5230.285754681534
8251.331246651713 7154.165420953268
3340.605988274019 -7297.124506516279
-9027.003406380198 -8129.770630670782
-5012.89723372135 -7283.598332560968
-5862.635642745715 4478.541880380415
-3470.225846796535 -3162.353295400424
-5140.664416687986 -4799.314750319006
-3330.4401496819282 -903.2705050336644
-2181.691299975033 4857.888572890282
9312.205337301097 4914.0526982604115
4323.836012585136 -6408.734093747144
-8245.325215620236 6645.846058739291
-62.718391072306986 1331.569173344351
-4669.536524823301 2089.2453658250815
9260.93416283136 9533.23089751435
5377.209414239405 -3083.237893168105
2541.1780795619907 7378.865607717835
-5012.336408142113 -236.11314322349972
2892.490181379737 -7523.180187894803
2727.736622097238 9572.501565703493
-4765.824319203449 -3984.2448853229407
8352.992581706025 8796.6588548849
-1558.075612541219 -4593.335844849286
2527.618692474176 -6793.797227903178
-9248.589359591142 3634.116135933431
6647.5542591023295 9277.616141890674
-4888.665918406175 3854.945313681019
-2907.877954665123 -6459.627837612241
-4031.560986156762 -9776.008256797963
4576.158420095839 -5249.005004255329
-8122.787744614968 1492.9195976311748
-6252.708310838971 9395.91173251353
9362.120463540057 -7380.465384272937
770.6859476627815 -6221.882556681741
-7379.605260487634 1441.4385799624615
-2633.7914768194532 -8178.449999237771
938.5357267277723 -7590.7420451346825
-1389.351939358763 -3268.997042297643
-8894.139087796322 -2558.910542327786
-1209.7407510247376 6774.293763236856
-4356.4227637184595 5151.2206710268
4686.5695038165395 707.3192322762443
9328.015847116767 -5977.422750266867
-1098.9614065942296 6741.534397590269
6271.8256116677985 2533.7651199874854
7171.817802534744 -9542.702520254836
7737.070827232907 -182.02272098022695
3108.5128580178934 1695.4276439719652
6889.344481032782 4122.439747186865
1368.5073362383628 -1786.765499403953
-9137.843786811247 -6846.516520446541
6021.067328090097 4770.173913260558
2786.016037209154 333.7274502227192
-5306.904265058257 -9687.793775887716
-3153.2126820655667 -5935.727219515392
-8936.935678687885 -6947.177031093919
-2026.9581089167032 -6723.794985390072
8367.309548678913 -6497.376539941226
4412.306100273903 1872.1157275037403
-5194.465441734248 8878.23256565334
6241.235946434159 7099.758456329408
-1919.990011581256 -1174.7548235534086
-4235.068898907377 2466.3552322278883
-9224.369726174169 -7981.2015160288265
-3204.267183395057 4493.483947570594
885.63583749188 5959.281382593039
-1037.9691647635464 -5571.119518990239
-7489.538291429023 -1840.4149035759929
-9517.26343003241 -9027.110228537938
604.8419316164636 -4075.7858050801187
-1746.744701978947 8143.718638774531
620.9425681015819 4049.4865707975405
7623.937347854815 -6402.965504376607
8992.959726742694 5027.946961975336
5912.141842416913 -2968.1272795639306
3631.2736889468524 4719.031007902835
-6525.7839774402655 5756.2181514373115
4941.905654372207 -2048.0749237045566
-5926.172149284874 5052.0254342768
7359.681707273183 -6844.534781537153
-7681.730643538989 -5329.1403282757165
-1018.8393456715366 2863.8390946484215
-9905.511010083534 -392.25950091301274
-7393.95370958752 -2174.261453518263
6221.770614467117 -6757.824563432353
-4656.5505841452 -3551.4546993841996
3948.135325637244 4001.7810904359194
5912.036452713008 -1561.9889244627411
-547.2993759648944 2895.2935210759606
8860.739289749177 -8252.180751562933
1176.3797624377512 8578.173192580478
-6840.621064093093 5332.312821035168
-5411.531443705828 -944.5765877861631
-1043.813044622466 6699.576378990372
-93.18310318033582 4692.637534697211
-9228.110244678563 -7109.020606122429
-8675.553157295042 -4102.293003197157
7997.658318704354 -3732.8228160129947
-4544.376378445671 -9347.983453161269
-5713.110343046108 2359.4864172474554
3999.5512727022888 -7988.624494793057
-3721.5537020846987 -3950.5509278988147
1030.0197165999252 3763.3192692426146
9061.62728516824 -5531.689880887769
-1145.5184029561242 3618.841640071125
-9109.192050542952 -9737.958927991618
-1953.7991916492592 -2366.9883065251397
-7119.660402281415 -2753.561680700547
-2961.7411022808574 -3009.6581111270934
-9242.047703408378 1980.7475493672591
-5421.620004674448 8857.175022001225
5227.571390706498 -582.8435974729837
-5621.326589987004 -3305.2317665666387
-4909.902219906985 8537.41424149782
-4545.444560578427 2243.1591756569596
2993.378254770936 4766.735327461567
-6067.721687479426 -8672.700364212582
7530.228159986018 9959.0599555702
-7485.369166890608 8703.354780666225
7376.041530640323 7876.641047780955
-7670.452507955397 3354.469384316195
-6744.828698615369 3340.836621788232
8546.516025473375 -5038.291270492387
-8252.083245875141 -3390.1003031164364
5930.821623300464 -5282.712230750555
-8702.376734169326 1043.4501695346316
-6584.168411770903 9213.611166636969
5250.040135365147 -8257.765813070035
7808.676216579872 4833.046783709358
9354.747654619649 -4394.3289725620825
-4095.161206830573 -8120.227414135339
-8118.876049853267 -871.3980455002129
-8427.676096642312 2636.429448647612
-6651.031695822309 -737.4431356604364
-223.7733202137715 5594.726191967458
9846.558682574112 -5204.239618603093
3049.6889343295334 -699.4452208163348
9006.587515150848 -9039.986757122291
-2422.62425263162 3570.5666137399658
933.0496676699622 8351.47814899177
5842.768395038858 -6721.424224710202
-2280.14925350883 8756.31733586322
700.7247349166464 476.56444240251403
4674.515758947919 -4898.972749727448
-8228.088889964562 4306.4595171799065
-6041.917643391408 -9498.770963940002
9215.869410907653 -5024.728294116018
-2925.1292340211176 -7738.4289132266185
-7775.361573521298 -1992.4226718279851
-3506.479077534641 -9316.68375132697
9989.007468283718 -1944.2528269279992
-1346.6849620124121 -334.91915864606744
-8575.372135650188 7739.720227301608
-9292.52679474769 6336.115269889011
-3394.6279932425514 6304.525986280569
1577.7631539058275 -9659.600422687929
7636.491125754983 5325.178512303404
4242.419614860502 9893.758554202665
9610.25890612281 4254.957002597879
-9347.97071653381 1365.0852117226714
-6678.0321024812965 -2695.5027320283916
3265.688602659762 -8113.31444153282
584.2889335337622 4955.536961724369
-2077.6000949469917 377.64957831004904
-9736.842150158913 8354.540233016964
1610.3303016002828 1368.0694124367528
8568.52195838283 2897.8617317199532
-4330.787982372694 8140.82726094453
668.4216529495261 -1488.5129175359361
58.81146250877646 -3038.4184887611054
2355.0478754749092 -1555.177888857339
-2450.9285501743625 2546.4915620822358
276.5705832982567 5839.383594697052
-1964.8417196949877 6421.117093789791
7158.682487976417 -2100.3312396655338
2653.328658491533 -5547.15273607493
4474.974498164753 -8815.12234218743
4971.1705001147875 -2406.8899879335513
-814.6074961997565 -1643.4278987912367
2248.4357418917807 -9255.4760458807
3447.20938932424 6658.759541306823
3612.3341420631714 8672.060798330145
-3386.9273184998747 -8526.699880832495
-6036.179909718693 5006.193166270421
7365.871463430678 -5515.066125674044
2529.0551916428394 -9360.098086121749
500.3021105556363 5306.640949583814
-6807.112776802009 1200.3383224990703
7646.1811949596195 7857.447567959487
98.84204147613491 -220.174372476622
4138.704003225828 8351.195119629
-3527.2148930926824 739.7996852344677
5276.0050443994005 -9553.796940043028
7225.057392237944 3155.200344527915
-5635.465656274962 4922.16000654301
-3391.4451306580086 8345.715407854645
2237.916946441559 -3808.0267782678593
1057.872017918029 4944.200387158095
-6654.876675135967 -3977.2636994894438
-5692.710969914465 -2918.5043564804555
-2961.0728881547257 -3968.64896867491
6983.035589760228 6520.771620318494
-5644.204337031897 4836.776202021167
-3912.075006034377 -2046.5609701110443
-9636.500795354472 3192.254971546625
-8855.899906698985 -1827.4380532553014
-9937.10553372672 -9012.698199228993
-6767.699858787439 4468.631042268697
-8134.513134353218 -6299.382852500681
-9236.291500352545 5346.439810273123
-3171.4659974457263 2701.5179853446753
1543.0883651332642 7540.739046306691
4114.609600790589 3738.874635664546
-5470.410261153324 -2687.7766758336884
3552.704700080796 1022.942817305111
6674.249009616113 1134.3338570275882
4713.093789932587 -9503.101639681005
-9689.132280896336 -8864.750131464694
-1431.6417391467676 -4788.716257756564
4799.6105906143985 4038.3608309661704
-7401.893267767352 8155.972409877755
2470.322012432507 8848.407134709694
-6894.904524843674 -6529.316981548385
-6614.787941714851 8159.388659060551
9545.604864333673 -4353.540867991262
6038.2206164848285 -9285.747966670211
4837.082381207589 -1853.044181613377
-8168.968714500018 8725.255757821495
-7108.7751874090645 -2180.23186447802
-9986.652339009024 -7532.155744535514
-9969.179809840203 -465.55218914393663
-3252.2783977461777 -3210.2565304798536
483.8379684925203 6675.260514565009
7056.856154312547 -569.0852059469107
-2191.605826800598 7433.139702407429
1633.9844225604302 -571.1009018456189
-6112.600814316209 -5717.294023906962
-8155.434490702139 -4612.001251827895
5041.824993849274 4596.6155620729605
-4279.799279488489 -1980.3636471916789
-9153.291053368072 -5959.077751005812
-4656.6665030958075 9115.158230854944
-4605.850678654641 -8788.470290478686
1743.9468688909437 -8.767798148292059
3032.717064146007 -8086.77466631381
7277.125496022203 6451.91442116426
-8977.145748723075 -5450.807581965011
-2576.9777836191097 4440.353521046514
82.99426933446739 -5719.6968677474015
4048.4018962813134 807.0189025816435
-9538.710461860646 2929.896248354564
-9608.390702608662 7000.230601856587
5952.991555576791 4051.1560681077644
4380.458890235193 -11.309966063066895
-8806.31649290633 8140.6162288189225
1365.1944975846636 -5645.392226216192
-1406.2805584559064 1672.7096356664588
-53.66319381641188 -7750.066680929038
439.38799068628396 5446.701078482463
-4700.125907559669 3787.0955085955466
8971.463595578334 -7321.259448143649
-6750.07131516769 -560.4223690699
2661.975326602482 5338.183473232186
5311.669458617738 8156.543382419251
445.17121963907994 8418.729645587937
24.909360523619398 -9850.351508539421
-2681.183214479319 -3848.663166613226
-878.523177502786 -8310.928772420812
-5482.875215860839 -8392.723846525643
-1582.8892533068865 -9250.294952405462
5366.760547757796 1706.0987351851672
2791.2778788545293 6977.366078233794
-6027.465319342564 3334.6893891363234
-7784.025237843748 -2801.2385023390343
8039.542323063015 3099.99065982094
1517.2335148051097 8577.88835116477
-576.3300829525342 -6820.61127090571
400.695441777465 -4474.573685964018
6412.545391145828 -1200.845966581679
2245.2889091242723 3596.5973989737977
274.1573788490732 -937.2630277085827
-9733.30954018991 3866.8762910753667
-4729.45728973919 2167.1336127107297
7874.912689114484 4653.831085352895
6119.070718672447 8486.926542355359
-3601.984155365707 -6042.70585521622
9794.041000678757 572.0283188292451
-2183.4050121411037 -4381.0434767700035
9596.435970194736 -2203.449108788618
-7248.645572573598 -5043.606601213857
8579.852744844244 5212.63565657869
-5331.267402538193 5505.428264583594
-3294.223114410197 -8895.51927783351
-9882.797914711951 7508.658239974335
1511.5230145949263 5804.216527131304
1779.5208457088975 -9083.1374109339
5609.328732158714 5522.672473693821
-3776.1267683397673 923.9189491507987
-4004.7666580476807 9264.503442271813
1459.4832229684762 -7565.2279221548115
-68.45988028537613 -5661.468188719101
749.9590022822249 -8630.108962922915
76.81028891748065 6540.579097135484
8610.258535778234 -4661.433413394598
7572.494127687034 4777.463293861279
-7489.148904141416 3967.3021185159887
5955.463167955502 -3282.7536275779566
-464.7262172819028 -9951.539517217487
1050.8657703016397 -8007.780425538409
1084.9696350773502 6678.233015547557
2409.872757149349 2547.520448317313
697.926850350439 -7318.095669086495
392.05258223044075 -4080.3105027777756
145.3066660382283 8878.294589550242
9652.260975136633 -3454.136047906147
7192.902903491471 -8885.836245160717
4577.087465452849 -7354.2625926576675
-5238.076487277827 2503.2690283016473
-4873.937385248241 1784.790010169585
5696.254379047958 6933.678114769355
2567.9757951289303 -3081.2715832525337
-58.985948403949806 8660.838726717884
-6237.173730733601 -3464.5382738120943
1659.859069951517 8682.817108585583
-74.93332971648488 -2547.644332679213
2666.170185832849 -2401.9734296972265
1213.96957346433 -3107.0910674152756
-4484.106788029585 -3225.338174081796
2032.096879835317 -8341.596708585104
4707.467395693899 -5085.02283267477
-6426.98961998615 -3473.510305875325
-2343.061022685686 5476.4389441956355
-55.48148714899253 -8549.935461247691
8463.997256822127 -8084.302078587122
-7896.095195173274 7696.221732208687
-3042.6514643377204 -7649.771812298045
9876.750124662922 -3243.5597242302892
-6894.526703345367 2986.389639591849
-3508.889963423403 -7324.393966971324
2601.497050539765 -9458.42841016802
2343.962238718759 -1611.1541798240687
-6721.466346563482 -2108.010111202454
-4872.994920760052 -278.42697622191736
3984.5415562684757 4306.60661672877
1974.0336685348248 -3100.4500243257453
-2356.634433060205 1881.5535804798928
5952.2853856816055 2732.16836458748
-1548.6829596664957 -6831.649648611035
4005.295847120524 9073.568120142892
9506.278294613126 1493.0980196414293
6364.964998182757 8732.610677544984
1638.9924878445254 -4907.239180265677
-1514.304759253655 -1305.8612743460744
-3186.1536469776183 -1051.468019451484
-4286.395014845992 2330.344965993285
189.10912322715558 4075.195058142659
-1811.0040481937958 -6777.4931972477725
3774.252807551602 3029.303347023002
-1109.6055116374482 1279.7107834294347
-8405.36879458661 2527.896113412631
-8736.352627759985 -6967.361866054964
1371.4516790037596 9323.381154264403
4539.713749740391 2296.8573988612115
947.6308666092209 -6140.8727664489525
4629.944207673743 4841.490918067593
-962.2194688246182 7734.198672494382
-3602.2024655127825 1265.5293392828953
9353.23094340906 5634.58648343849
9141.102690661519 -4024.5332466755126
4750.643351125715 142.18990966258207
1279.128170523345 -3025.658109862752
-6224.56451402637 -1288.2866617606796
2523.8765778968136 -8886.327501944634
5818.890166854539 -3890.4655984117253
2225.1818364126757 -7473.8194857490025
3080.4681687507546 2737.5313664595433
-8885.66071702541 -1851.3905764050187
7624.522603817626 -481.25927037413203
-9668.845811432755 -6439.659359133223
43.24456316535907 3400.631253949674
-3595.5411311846474 -5195.077460619244
-7414.65786076079 4035.694214053212
-6233.711487181488 7428.037761945277
4082.6069894199773 -8172.0639544181695
-2584.914156166358 -7343.171856194414
6604.173682917455 287.7925177482048
7503.432044132071 -7538.086026884654
-5509.057903620734 -8483.136862300555
4910.986297414776 184.85084184128573
5270.284372726228 2647.792373178463
-7726.551741089032 -8519.8402794251
-1076.1908583782824 3193.5143182443844
8473.535997445684 -8487.507893756047
-2921.3729157347097 8513.995786629512
-3739.8956238350675 8665.882404750017
-3084.798942216973 -7012.487589026612
2446.709624591267 -7536.547168318457
5932.528989896986 7977.398485661459
-1948.9361908583105 -6037.656864787497
-6815.9317855747 -5685.880752064328
1771.9847893757706 580.0401542335803
195.4530274939243 6766.426430522151
-5639.3904907797605 4124.688668303284
497.7259184752402 -1145.7528808756906
3727.7856190289694 743.3790484523779
557.4563394259148 -9640.11431129577
1039.7158737216014 -5431.200327049654
-3142.230248987381 -2976.9993413525817
-3410.9068402511484 3036.0588254240083
3981.9739891455683 2158.748066106993
889.1033550756601 1157.8872735117657
6774.128277114105 -6682.633468261827
1222.84961651489 -5512.16957534151
5998.543522238924 -6392.596692579891
-3209.1055139191303 -3932.5444121345536
1392.8743953130834 6933.679984334241
-3365.226605697784 1344.9934149325345
8607.10866307847 9154.996533899808
-6325.500352757441 6869.259378355517
-2756.578563886509 -6954.507972955011
5483.219860446316 3504.0804012756053
6059.516074817282 -6052.522590182168
-2167.644685759864 -7025.1187606604935
-1629.2707005682223 5132.45990773771
575.7037489272661 7750.480882466556
5783.836172292553 -2859.007330235968
7101.141472381212 -1420.4474784369067
-8381.85519674587 3750.888667874784
-1636.2814266420864 -8557.381932315573
6717.128919123068 8727.233149886863
-9575.898318848986 6246.8422680949225
9826.501384371422 2136.551056192973
-9548.534755845201 -6717.693459422493
2312.2863436269545 -7238.621868876493
310.0941148427719 274.8432794314376
2715.1075388854188 4030.4030150322906
9134.125703710986 -7188.079478339994
484.5674894378135 4883.243518143992
6704.991548947888 -6015.525632902114
210.23796747786218 -5882.17098354854
7981.303460804433 5278.9879513134
-2236.5423155428152 7022.27591700292
5791.064727767633 70.52806236698598
-2013.23469320221 6472.033718379294
3481.2514898650024 3508.8477438939753
9915.476635706582 -2822.9971394865543
2229.9663378670775 8156.086862734952
-11.449862750940156 1392.2128768345265
8761.518764065288 3425.9826040030257
6303.555759822901 -2840.4236730459797
8364.944807426677 -1309.0640583280874
-2306.7867095465135 6027.121623591165
-4598.362174990627 -5135.3365856832415
248.61536623652137 6196.025612575313
8897.910669541743 7334.589592833458
-9113.077399202071 -825.329487875535
4353.476760369196 4309.521311322615
-7341.0389403053305 -6727.150300027903
4556.981580281483 -1035.4309799948114
-285.19007129790043 5648.168782319139
-8015.116494327692 1206.679137022311
-8806.867785656532 6120.5712922636285
-6729.868439221605 -4549.4567694626185
2772.6495569341223 -9400.151922004512
2262.2465866487455 4486.0647904476755
-7778.181839258981 -275.11928200369766
-7639.431084968038 6334.967216274512
1005.4237713886378 9192.280256282236
1087.5938108415448 -9064.472412774936
-2145.5278932057363 -7744.009464392351
-9720.534140499884 -3439.162326601353
-7821.606832402239 -7991.673453794719
-6194.136693310245 -7932.610461233955
5296.252292071889 1306.8300854467088
1391.6686374990531 -9612.804770214947
5686.306286074816 -8409.7681554673
-8102.043055105592 -8881.945403528944
-9199.09822996543 -1669.2987347753133
2330.011005473316 -4367.007313769036
-7533.632839157543 498.49887304787444
-124.78245617789617 -3178.7066816026236
-4514.789824285359 4169.02164764712
-6566.145947296127 -2610.0404187396607
9780.587486629629 -3718.8393953489403
-1609.0578710692644 -4404.157157909727
5270.6645520498405 -6440.2152902367525
-6212.517158891724 -4654.914880937014
5633.1486946115165 -6255.922513177475
4584.565048379925 8787.929041204192
2217.9264829270815 1517.3521169130217
3373.9782073406823 3853.3457469573477
-7411.600698927525 9912.885469439869
-4325.872761875867 6609.354772926406
9519.757656313679 9474.212152144144
-9139.80504109611 -1098.699534983405
5755.110881715078 -7922.777591436096
6812.666481732336 -4588.237863088727
-2581.9866268498035 -5924.6725703818065
-9471.532362298236 1102.1829854679854
4702.621165239156 4307.847379291585
-775.8534026400248 -62.29405278507329
2310.3375992764686 6515.690932705507
-3129.332218824754 8863.110099214806
4074.4835756004377 -7162.703288443912
-365.4492886377684 7189.155427646958
-3687.8228610860097 -4688.275308841315
-9639.757353864554 865.0349200560086
2665.254547793287 -4305.32287413065
-2986.231379085022 3554.0567126688875
9539.745695755595 -9602.860905016816
-7082.143207760443 -8003.928632501316
5726.038095578777 6985.246786432981
7643.899381818901 1831.5739093140655
-7620.442066616968 -8566.1213342671
-3413.7399172761925 -8121.188742830589
264.41731687481297 -8794.612818189747
4529.593610423504 -203.36272105471107
-9989.837040041157 8228.784352789837
-6069.988305022142 132.25782652226553
8104.39514645025 7983.6066668070525
-7833.936360607782 -3055.577894222434
6441.697795948025 6146.590575763568
3675.682357470323 -2490.9905671866263
6471.967932163578 -7361.809354304942
-7319.6183050913405 1055.388748133404
338.8895047577407 -5590.113068442129
-9891.842895959144 -2951.6930307615667
-9128.038852066138 2942.128650600651
-5638.301443618055 1221.4974555799436
-106.87032570550946 176.66681055388472
-261.32776403738717 4385.577991145163
21.750074626492278 7485.942086877854
-1404.000262992753 8974.236643553973
9009.245309967013 -3713.910586809963
3760.198799012487 1359.0992938556883
7607.48716244923 -3970.9629121640373
6221.02792094926 -5844.923132480262
2072.592956378152 -4436.920949484173
-194.18911468706392 -7945.595175465248
-9371.532004250605 -2769.7938983714175
9316.998679282708 7168.985760998381
9562.099661199154 9572.388369011322
-8474.345803573344 -4572.940075419294
9095.253550494148 -5852.091535872468
-551.2699951810955 4261.62288503653
1774.8759593419 -5287.250467738933
9498.142597643433 -6355.56689368812
-3152.819483686835 -7099.051634818008
8374.814029057066 -2539.159634278665
2928.0261300502316 -6458.264321562459
1991.0104679042524 -9712.915278702374
8254.878714490125 4880.178226912121
2239.452802493819 -4176.882642982238
-7096.71894596245 4221.9636897285745
9087.841869779444 -2449.600001183734
-9426.574851391893 7901.854395099421
-4737.410667249722 9625.54928815224
-1099.9221197894894 -4020.7410464638224
-1304.2949109959918 -3412.907184664964
-3288.244343613691 -3306.732649129798
-6056.050645749212 -5855.981110262789
4262.713766256942 -6536.594149987809
7949.511332812726 131.20037192524796
-1816.0358535519808 -1898.7291894629734
7796.628749203053 -5341.82333661674
6747.19328327792 -2097.8865625567187
-1471.2671578992813 -8455.798153969652
3008.1090474527155 -8585.660181590072
7625.842242625313 -676.15279083118
3493.4016661252135 -2061.1809730305276
-597.90451863821 -576.1237228831724
8318.15680432065 -811.2259951963879
-2631.531261794855 -8446.501238531007
4968.223052589254 8044.953306695825
-4484.123855953008 -8083.467992432341
2454.6821979943707 -1030.3183725179242
-9490.991231276059 -1454.6110797536294
5145.232763855025 -2602.706270005022
5941.428828980861 -126.76886601312799
-3700.0430374067146 -8702.639282221533
7087.582722309071 -2397.977710822305
186.58470652191863 -2888.968830835319
-2.436682021518209 2990.6310084736633
8623.044539254784 4389.705946085889
-7684.402611811578 6878.532858707575
-7107.277200406659 -1280.8241958200033
4863.402843498174 -1922.9297316517677
-4799.466218377511 891.2669156884658
2814.7021816402466 -7798.3685352368775
5185.5391458599115 1788.9223303210656
3197.347507693634 -6415.473946752301
-3521.4724848757787 -2920.418119731543
-8505.338153244964 6599.726541860746
5890.604721838137 -6434.39403215424
4277.760453968744 -452.9371154714918
3541.5207021512106 9919.409762838073
7085.769231876446 4184.858054304075
6084.096050746461 8534.871592662344
-2818.984675683756 7066.401803044657
7153.783966269526 -7644.508823045661
9341.425979419346 -4972.940470273111
-729.9541321452289 793.6780834398542
-487.48470197905226 -3514.7669285412394
-361.114113529291 2234.4552184895874
5926.511297664931 -7338.222799167739
8653.540199607967 7120.7689957964685
206.3182216951136 -1611.1000059259895
4362.972347790057 -4753.493545893848
2007.1703815212222 -9129.027942570498
8775.487332662295 3637.227039643567
-91.00592953076557 -3423.925968899777
-7412.569750176612 -2722.490678257237
-1442.358989278795 -8621.472890902416
-6225.41398838181 3947.7463015464127
-2536.6726544011863 7139.049207376807
-7543.434070588675 -3437.9020382381386
399.74676320306753 9100.58729970434
9542.111934089084 -8346.761354902126
-3992.492513377435 -7205.714619802546
-114.09034522052752 1028.4371877272206
-9.31851837909926 6591.454821144973
-7964.844008634031 5125.403611806119
7205.415880019114 -3396.1866839134473
6116.788915367275 -8774.739619713095
7974.712089625758 -5674.330795319893
-986.0677197641216 -2566.1126547989707
-2876.356249187508 4228.140230880455
1702.7802255062306 4221.803903654878
6514.417094296499 -1543.1117682856056
7468.783522761281 -683.345652769327
2270.8651652927674 8851.270382091323
1693.6742685648096 8871.271129735269
6417.0960669989945 2694.2069400113414
-5997.491076875789 -1915.8043474984179
9315.18616926865 -2081.5273376158184
1782.5728914058382 -2171.556863814796
-5928.032411935363 -4063.4708719423807
433.6407572377084 -9651.79815120587
-3004.901984691286 5827.414402504841
181.74934850664977 6712.068418402163
-786.2154599324804 2305.6213320035604
-8113.70989513162 -8534.67800379058
3739.659526701578 1713.2925874312405
4992.888964483236 -4197.350871233414
-471.510847525642 -4781.524848212797
-367.8070626441604 9586.636724367308
9513.532230254965 6468.580949027881
-8162.65525638745 -5333.7439658859175
3116.5347452955957 2139.5982151138232
5950.577417707709 -2796.5303107441787
5402.495838861356 -1861.9763080590037
1512.022561896827 -4905.0068679649385
-5170.500594267609 -8346.134830672021
-6728.523377389839 -1919.8398442779953
9455.063692636693 9829.498637350905
-7563.4702747940555 2754.7347292445847
-2504.38726600497 -499.4529473010116
4868.1172288874495 -7535.574493435608
-7704.16904503383 9281.370557541206
7657.207340494631 2930.767396514313
4049.827299786817 -4790.849713854677
9364.001966451102 8465.933612996465
1026.1726390662534 -5773.031636251107
1173.671193922175 761.9543880030214
1584.054008478004 -4022.3165120928206
6320.315933237411 -7506.281513198624
-5072.077079707553 2696.804983104148
-6646.510519513156 1354.0512141872168
-6666.811302872899 -566.0126244937346
-4830.718422280404 -3356.9484506450162
-8514.344657000735 2399.163007299392
-9799.38194431075 162.79636372763525
9612.5546728037 -8079.262536159841
-5240.918135331094 5922.408047313613
6243.1949301472305 8319.681489085291
6243.223490987708 -962.5963717010163
3722.3868742425093 -6055.238172703963
5775.984923412871 -6788.859496891231
-4990.020132687718 2680.5540052230954
-4193.488227660767 8315.077790544517
-6165.018971821845 9431.285571882123
-6690.7107527699045 -5161.506187338023
-8067.095187626263 -3600.0229127187476
2436.1957548099253 357.18206633379486
-3119.8636873888863 -9576.267188632517
-8175.284856462313 4674.582074100659
1949.2675258497693 -3807.536241734333
1238.2196595831047 4917.6812966593625
5444.509384924682 -6130.28924256122
-188.12910875779926 9623.952670179911
-8863.559706668002 6450.654272925811
-6099.629998941278 1734.4831708746242
3700.514396579407 -7866.198199518571
-3628.5871025891183 -5587.636798379292
3473.90050097524 49.243121062752834
1161.394955662705 -9265.691221822379
3380.3864052700956 3877.783571633794
-2992.4673690291283 8557.398731220335
-2466.764572005315 -2788.3481415160704
2493.260218955207 5241.710149683036
5811.036100749272 -3051.090133732392
-9108.61469574364 -6586.452365623361
1611.7521898594496 -3419.9279596628003
-2237.837680424799 -1417.1364452102735
1025.320258747941 -83.12921958446168
6861.0950172623525 -7817.629480572361
-9174.683908226518 7629.498135714119
-9366.071520308376 -525.2341000591405
-34.645799930198336 3900.0585327997724
423.9571468778631 -9221.62350986547
-5323.956889273713 -1433.614423897272
-1510.5740723505278 -3409.5466922707774
793.4893281853019 1321.7684998534478
-973.5408640994483 2441.242256790956
8610.469616692866 -1147.4511008034042
-1384.394270832443 -2309.129136427532
-4673.416338470648 -6763.046557273112
7857.752534046162 -6015.009694562459
8083.8249022537675 494.9287331410451
5437.805085857588 -6285.979494473684
6609.183516445941 1870.160900705334
3452.1964026734695 -3425.2417956025984
8646.036634760301 7241.855844756825
-1441.061319149081 3212.004272543154
-6358.746653308233 -9994.723352586685
7356.595547706605 8921.778386855582
565.0833264218109 5826.430118974455
6371.193632571101 -2473.4022156405517
4276.06459387315 -6132.298945011487
-2872.234535607241 5787.19616736135
-8496.668165944591 -1602.3497073883082
-4994.1361481549975 -7906.028384645744
2303.880405716758 1139.5811135886252
-3073.960439238279 9685.352632545237
-4237.527655252651 279.9044121119696
-2613.056719226237 -5730.812462053156
-262.94562188265263 -9251.277879806528
-5029.64692337736 8677.152564337608
-6387.312779961225 -7798.537648194144
2154.1020366391003 3061.097877700129
-9687.83010393814 -3928.188828202603
120.52030804576316 8144.1465691780395
9221.669284128766 1132.5805113250171
7220.675221067391 1168.266760059294
5224.84791512785 -1807.4332088005522
-5147.6611908935065 9433.952488885465
699.1213093475217 8873.857197510082
7732.282606274181 4706.544620136108
-2887.158436983086 855.4490556605451
6891.134945665304 -6732.362630937066
772.3569037525631 -7464.548359337468
-6808.286720051641 1018.9163945961373
3303.0515122971865 3755.548579948645
6769.387304181499 -9200.31210807242
-8391.36797909662 6047.8005311220695
-6484.3108607382055 9958.251935838634
4338.077970618197 -4194.715895318833
3574.0436714388707 -9778.804235153924
2299.8289357951326 -3155.547374388255
-1210.8558532156094 9033.577726421834
-1202.05631339303 -4981.468041131158
-3850.837425248399 -8203.122522195732
2525.117883693316 -3142.352290259855
2482.6321957090513 7810.5054374692445
432.60188055767503 6652.809547978068
2019.4997178884169 9226.559838474474
-9092.776578743573 -8032.737000699741
2898.5009442012906 1956.4300015102563
8620.865435274722 -3749.8571580615135
-8699.329846728268 221.752635260058
1577.9193655840081 -956.2427099320885
2611.4458073825863 2321.13080633979
8171.374385425435 -782.7586444826793
-2138.497795646941 -5812.0668685416895
-2531.623758666712 4725.730723332928
-9330.924940737172 -556.6022299414071
-518.7698568532433 -6414.399388290776
5004.221876336838 9903.169552374024
3839.989114855289 5072.731221923981
-2681.8894850678234 8874.308006263454
5067.921097854336 7592.165862364411
7928.07467944565 1083.7075234667773
571.3060202033394 -9766.072598888753
-3978.1525562412635 7707.77826681608
3490.1634086384674 -1278.824880447144
242.0285202821433 -7272.8559118330895
-3283.3135049074126 3273.2788601362045
-7465.500773016345 -2290.983364014327
6673.28356434622 5847.808268341536
-3207.8328813219523 -3876.1859914987417
-4147.683160837243 7291.822615671437
5798.051453541277 -4568.500293524758
1654.7654866529338 1124.270596283779
-9930.587907844025 -4572.985085685397
5725.196264426746 -12.294162098327433
-9572.749181515615 -5286.898755675884
2765.591582442974 -6751.070387317753
2463.1859966150078 3672.69436510012
-9279.266485732502 -205.41351825041238
-4451.645439076544 -8058.003661977511
5262.997093535983 -1240.8648679476864
1626.6510380986529 -8860.773268670635
-9335.430240006488 -7260.971155306248
-242.73523722132995 9482.964803656309
-3569.7338930028573 2988.3464122305995
-8780.853973942549 -6062.099871925595
-5525.745314671591 -5842.483313216493
6962.670414032953 -2345.2814135236385
5159.1943855205245 -2671.809787920676
-5708.557575115098 -4275.255562943527
2176.399465460332 4413.714371565231
-7120.173814855238 648.8851263485521
-3969.157536259034 4436.0763904518535
-8420.549432199205 424.31752066994704
-6195.063021706322 2756.5901698629405
-3059.4084426329828 -3218.740940484544
-1089.7941909088313 8028.992676195921
1971.9952507329926 -1143.913822454333
8696.107143076097 8460.043062975288
-614.6489440078694 8465.958843486056
-9929.577040137896 8904.109254173458
-2581.707484670268 -2845.985974180865
3695.798767124492 3384.638991593307
8302.450115117295 2303.108277075984
5862.154548559494 -6173.186544031039
9540.744305556109 -130.0117556922778
3794.866242857861 -4897.900771894554
6380.758527264834 4670.6671344514325
-5056.250794168713 8926.801772998271
-9781.315851888652 5651.71360002809
3708.0541149883775 4723.152928070331
-7858.99877814181 3211.036994675049
87.82671986147034 -5757.149178205783
-6591.307223705365 -1614.3126361703144
3912.1453268811492 8569.385958699357
-4588.532419169668 9603.069316827678
5579.903536213449 1056.8988005177198
-9532.889261919883 1695.8947184464087
9658.967805061879 7829.706851814652
-8186.265583994854 4010.097222844286
-8775.316924597042 -1341.942572656897
-3759.624002262898 9688.834535452017
6478.875637917572 5342.061532089674
6024.021118097595 6594.6187831959505
-1024.364195827944 2177.178002150742
8188.8065682103115 -8164.485619636687
-9309.663025627797 -6358.989037484557
-1424.1934114564247 6490.254906684033
3203.498243266751 -1867.3966459068315
5809.455140514981 -5118.970460240131
-1568.7525682201467 3411.807679236441
-4030.670108727688 3621.6073943042265
619.310632283401 9327.72171687556
2623.661856837689 9672.356436002454
1727.598605619818 6491.5884869429865
8853.60170243483 3762.6436857136287
867.6216893283054 5740.956827514083
7994.929958423574 -4205.016282919216
5115.125685642648 -7441.685034372578
8046.548048166518 -7775.768972962054
3805.4845073924644 -6951.1892625520795
1042.74762372019 1909.0052776967004
1329.558257621964 3648.0774207631584
-6841.083760382078 -3438.5544545292987
-5517.132594174083 -4577.4080073593295
3917.982068963147 4675.303416496563
9581.097848326157 -4358.600260833232
-6412.433567517244 -6308.717017284957
-8159.893986012232 -5760.55388141818
6705.471461847956 -5837.556445661645
4928.750316178368 859.1570573119006
6643.76873647928 1811.3943375458766
-7861.975869253295 9348.322705951687
1219.4387833223282 -1375.095006783018
-7729.861119606996 -9091.257636749277
2582.138689745556 2510.4712323919484
-6863.659452800277 -5468.505904290421
5957.353933201357 6543.2779324183575
3462.416503325665 3921.099452341223
-8704.167337267514 3460.907085436198
-9964.004216216836 3802.2604064034185
9477.865681442407 8817.046602165796
1089.9089322543605 5319.251354390402
-9556.375169315766 -2915.6400537846357
-798.9803455658584 -9820.54335248137
4468.433784095754 9000.58590010869
-2605.8870732182513 -3741.05313218192
-225.50214088561188 -4419.1615431428445
-9324.43816294094 3579.3965126529147
9768.280928616747 -5527.006671932084
1881.6689081357526 8882.052679323566
-8584.634783922811 7711.939032110095
-4488.282461161768 -534.1321487233363
2612.294380520756 6432.389723864078
-3874.057757687011 -7476.686742374834
-9112.445277555267 7728.860041641194
-1076.2338857134564 -5101.188120331748
8361.497741124705 -8394.69910011178
-722.1728220639707 11.105254696652992
8617.677363465584 -8164.186511835705
-4715.548404644698 -6377.687992368417
-14.280440887361692 3561.7562164385145
-7198.589816033742 8202.811434291318
6708.503075200297 2579.465478303877
5978.930293064226 6832.508099319457
4564.08769933097 6526.726185260624
-2049.892844821761 -8104.562268066098
-9264.522785135969 6555.0234465598005
6132.006234310054 1266.0726245946025
-931.0316860645544 -421.481408973772
4498.906313154133 -4747.897510515506
1334.4882528008693 -4180.39871973386
-8775.711614974161 -8750.133841620354
2698.975488074846 4124.76640205838
-5751.659639587596 9885.015060955437
5346.527696689005 8403.484627246326
-387.11687823163084 -3647.6001072572762
-1973.3181208724673 2546.6265110032873
7815.810029674594 -6264.423144001161
-8715.142594938618 8309.920232488796
-8027.745438196641 -8722.270079260923
-1773.3499858233517 901.8176593740536
8229.887503267582 9892.22633908243
-1109.6906435015026 -9605.94260300182
-6329.122014316855 -357.59187446534634
2649.4093493335513 -6422.880880136665
-156.77651620710822 9486.65196106309
-2459.651024179623 511.6628719488872
-8900.694001623735 8276.113986797202
8007.008441350135 -7219.038678428946
6079.681473677152 7808.999756582201
-6722.481410027396 6328.237728330932
-2034.7215256034042 3686.594671078352
7435.762417746395 -9233.276117431875
-5468.672931951075 7782.701521143055
9222.897032316578 -820.8396535645843
-7428.502427880907 -2670.4639209556326
-5298.178033349938 7677.376556278974
2920.895073497897 9939.542701702328
9140.187944705365 -7628.524130269021
-7908.307842792703 -8676.012701104086
-4184.807175740255 2902.079301161919
4445.3606180338775 -6964.394697632657
-1083.9297371420726 6317.9665492797885
-5139.398884021684 1253.9746988912084
-4682.17532044058 -7164.625255003969
-3983.762488163511 -5551.297594166232
5722.434908307192 -4105.88278623174
6693.4943852007855 -2303.0869418599395
9511.397133091232 2929.586124009653
-2087.768634782514 4497.929032331043
-373.8711955290328 408.6107383359831
-7749.135393581412 -6880.545412056834
3890.430719122718 6931.061567751425
-1640.1294256250385 -6174.039013117101
7411.834561457916 1577.9711745450786
-2536.0957920176515 5781.393822668628
-2953.6572695999384 -8809.123233142283
1557.7422343265625 -2015.2779046863616
-6616.289923598571 -104.0193770116457
-5963.59723996759 -2711.747903895359
-1691.9245922114205 6940.624228630262
2659.954450473224 8365.044178238451
6911.41356271302 4788.501965004882
2038.6846210217154 5433.168970011919
-8615.076762462162 -1576.0811100402188
-1765.5471467613952 3610.9471670142448
1486.1369139435192 -1055.677342846364
-8390.79064694146 -1031.2716458717168
1277.1802129500793 -225.7604991757653
5711.816512526064 659.1638599009038
-4947.724849182103 2212.648575670013
9779.467888667717 5949.33759464069
6720.2360383635205 -1470.2654951837903
-9659.843562921675 9544.531208979726
6380.354708120423 5457.876078566091
3437.7926049135604 -7715.2101964254725
5427.744069380156 8675.613171032597
3161.7437926327 1111.8808317177027
7246.846074821726 9762.263374983992
-5552.29390815551 -7854.367972547869
4399.485347889655 1104.7520448856103
-1473.0106151707623 1775.0421440624523
-4813.511836515505 -8632.873759780578
7936.441225328872 -3139.03240948048
-7440.441768658461 4387.138515249528
4661.404073962074 -5536.404273660318
-3417.2538029509196 -2256.816214615352
-230.7544406752204 -6050.688216373874
-2009.489028728548 -6261.222159788096
5801.161518519768 9897.990765872844
-5137.972044161685 5180.683641464771
-5774.89064682426 -7076.870616931865
-2970.95042824566 -8919.315018191113
-587.1117047551015 -2666.3392396702548
3557.2877724750215 -6710.078909134334
7889.5271197312395 -492.3165477184921
7488.941412034212 4078.5954896287094
-2986.68811763295 8914.756243099004
9006.63909423802 -3197.210000130699
779.9309668028709 4914.808860522442
3276.742940689768 -2945.9929020917116
2104.3803778685615 -3221.8785868678815
-7547.4020029956555 65.9796380599928
719.4117272309159 1812.2478690367534
-7334.027627379603 -8342.809998702727
3739.4917410061553 7048.141030146249
6307.595308615595 4616.448234591531
-8025.642641612836 3629.165540192731
7495.355249177006 192.78119920475547
9236.449558191674 -136.92075778293474
4351.363483550485 5229.798533229659
4171.631311911311 8838.470250138384
-4443.230693848177 -511.40493754983254
4552.770157444778 9573.543114156044
-9374.15949389856 -5167.824085761435
2510.918119332515 -3143.4320616947616
-6561.491685687031 -1801.7319546690596
-4161.028069399195 4253.681943877165
-3206.7954364704756 3666.3192624291205
5287.861129547706 7201.17373519194
2089.4971486508202 -4571.631346252827
-9314.534720012764 8665.762734739612
2722.671186571124 3102.3867885652107
-256.3885518304978 -1452.1988919120795
-7629.926868338018 -6419.403596051225
2578.672409624325 -181.26395968481665
71.6721122002782 9484.179383853705
-7743.576107436993 9325.563044018025
-7145.027685662802 -6700.310293325609
7082.000593069719 9261.424353928436
3627.0468209620612 8401.394592562086
-6109.085010729116 6492.900194161994
-2845.868283134503 3417.6760970024006
3257.2938166258464 -8749.0505054075
171.86794093180288 4778.526778943515
7320.612718169814 -5866.132034167773
-6983.058128615827 3785.082807532308
-1157.6122288654951 937.0328008161741
9643.52476509308 9171.044040315948
6139.423907905424 -1484.3934240278631
485.571268611342 3879.7343996942855
2700.39234601924 -8297.209008595335
-1651.305730172102 -4340.5346599094855
2577.6410893334178 -8752.386017682129
-8637.013231110577 5083.7666266761025
-6943.668781839993 5802.646454556771
9000.819559975218 -8268.036206764189
4638.114860525529 -2816.5463961988335
7261.298284998837 -480.5246548502764
-4963.2455063779735 -2562.015489864447
-2654.275914929982 5546.120025008149
8668.219083497683 -1294.482508605768
-1503.9507359271065 3334.628010159131
6027.960700345859 -7588.819272247827
-9859.013530397813 960.4487042138026
-1616.769355117689 -6966.527460362417
-8907.920363154593 7327.866554129629
-7631.5578473303485 -6501.380330331054
4254.698490454615 -4273.669930551325
6356.752441806646 4197.0087609240545
-5833.41291710127 -7195.1810974410455
5891.188048639628 5683.3348466838615
-8350.766124419592 3230.962546035731
-1006.2026981146028 -3686.473697511765
4955.00866078384 5555.551354617524
-6168.538145822815 387.892895130366
15.650308066911748 3181.967527047531
-8997.830901818072 -188.62647734799248
-6254.647921052816 5843.982508485253
615.6868880238126 2848.144163562416
3824.3542467974985 -8375.730282296832
377.7568308953214 7239.267888892227
-4013.4038768614673 -2700.1148518006394
5047.057406590302 -8231.529087102717
5557.64811663818 5679.877411004469
-80.63145110411097 302.5264684076046
3836.792645478419 2604.1001991077082
1403.5020990856465 5399.153977481588
-8110.213351860684 3401.1886270981013
6288.734144900032 -5233.276978398753
-5583.5146904773555 -1142.4068079844055
-2036.3697439376338 -6823.519402808806
-5419.828990612176 4128.446739170426
-7368.702808115579 -5130.593633228684
-2966.9178841376033 -9475.034726820024
-8523.722760047567 -2933.7748541219244
-9154.700387615216 -258.027438556981
-4226.576784597318 -6119.50222851563
6641.79377335362 2843.061270179629
1089.2820539279292 -8248.877364945809
2975.104981641849 -7800.203626935947
-5988.351109258676 2451.9950353780605
-4191.226698613535 3585.2825294784507
-9746.885021234864 -2197.04088146675
1959.3007827777528 -2248.6856797338796
-3490.4020795496617 -8602.388698331048
2442.077421950289 6072.24390646658
-9885.01445915125 6979.911244884199
4889.363779448433 3217.597885992056
-9681.811471779944 542.9644901948486
-4443.925154896117 -8680.609776611262
2919.055784540711 3789.7488016161115
901.7734752874912 4728.975355929715
-3965.2465927435032 -9713.044626954663
6334.924837826966 -7787.798705856743
8928.376446063343 -7540.462584668541
5428.138232504043 4310.5170994011205
8116.705254765431 -2485.0532416571023
-3239.24330670772 7599.610517115947
5384.185158224362 3452.4565928720003
7517.832560965657 4706.042550965656
865.3653034303716 2504.376289798636
3072.1688711743736 -803.7390803741255
-8981.826296690935 -1327.6394180605312
-1.2335282020412706 7831.280860194311
6095.584554227564 -1536.5714103615683
-3681.323511116585 9184.222910089142
-5366.633427288898 -503.28473337967625
7241.913526479613 7246.8056286720675
-6493.22055720001 343.38271223466836
7276.73025567691 1404.8025388609294
-8730.77723198972 6778.520247868513
-9704.769454595214 -9958.631003837085
9771.010302628954 -5434.726101927232
7992.934188433152 -5968.93920142842
-5533.405093569779 6957.85632792125
-5847.422423513262 8516.263690633212
-2646.275791786379 -3698.520514088359
7220.082667841831 -3388.3291722339527
-1851.8354310699615 3423.675744340404
6923.281071552727 7061.332492615016
-917.2104815842195 5952.8681217788435
2011.649389202099 9376.737571976028
6629.980950317084 -2733.53997554149
5667.950212208292 -5386.744632267122
-518.5525715294352 1462.124357833758
-7259.6567468461235 7696.209299231439
-3720.270054726353 6562.372193653497
8666.182329375388 -1913.264642996617
-1119.1973645860598 8103.887630728004
-6193.634014293184 -418.5056517302546
-2662.644485721852 -1670.4680664784937
-1118.223254086024 -2830.7881603967508
1327.4809586250722 -7607.686906863635
-2699.0112319330347 9120.924576390316
9413.658526162846 -7702.97194459197
8391.083896823216 5869.721810680427
2302.0782554086327 -8253.302390575804
-8108.920761641581 3739.673669805885
9182.502222857529 627.306869144797
-1459.8887083939499 -8787.46116801472
7264.02534407124 -3444.2157994224563
4190.196592774855 8174.769548264168
-6217.757798507786 -7267.450230628625
-4403.9804192073825 4466.209850861469
-2961.506576571267 6281.371411049684
-5118.1110205211235 -6944.183373616133
8442.013784698702 -674.3262980943873
6658.6226916141095 5298.619992408439
1060.9654462565413 6241.855932823171
6860.809571679529 -9017.944012392727
-8151.505772750931 -5153.42844216768
5597.528126043118 4248.706563436419
4495.099574747561 -3283.6651896705016
7657.279701753072 -2013.610484985138
-2231.227221117373 2404.2274988787412
3780.5312371804484 -6094.552246334119
239.50704624596983 -8990.118296554472
-6589.071593152412 3276.9908194977033
-3555.0558856915222 -9624.680953660192
5358.900322262556 4184.752786221989
1839.0722164491108 4120.638582381605
6659.022313710189 -4852.869649362395
4276.059193316434 -5200.053549448607
-8124.8335027188205 2094.8773637482664
-1683.5609545031894 -1350.6672876794382
5205.126091025011 -4056.1635122904872
-4696.946020633343 6715.098639977125
5959.051764222209 1380.989225039064
-3060.714017312538 -408.1467019232714
4333.702181594414 3986.0222313302493
-6987.719606164001 8566.49403173283
8877.154153298616 -7560.492192473387
4939.021114832369 -5344.492071564586
-363.7107024065317 5322.697356017179
5973.266043767502 8839.412506159897
-8297.980672129066 7892.848045928757
6196.514318581314 1739.588869105226
2714.873308613329 3221.8940050531583
-4173.671260571248 9049.145651400759
4866.222749836521 4215.185596870551
-6089.502463327226 -9779.134083323424
7028.084194270785 -1719.068600625811
-8864.331087741526 2231.696034714105
-4132.9158064110725 4799.873072750965
5264.256027917823 7684.64167397167
6145.837012436248 -2951.3587656231466
5623.563416309686 7075.339344449618
9887.641835572387 -5140.865143530844
9106.234409302193 8741.98312795864
-8321.951978339901 -7949.815050208411
4301.292317430623 6833.685076803005
-6900.483500782073 3546.658904410646
2660.185257398669 7573.763751487451
3143.0446539077257 1105.0777409963193
6012.415149746055 7160.853932607839
3413.277636066814 -6306.286145634114
-1719.5181476998077 842.1364175194703
7041.3021153109 -1170.943989653846
-4095.9727994011173 -7990.598213167837
-1558.0492874238334 4549.420127582785
6268.224768416729 -7389.940722832147
7400.124565987757 -1789.5940418856608
6341.619009037175 1731.6094391176503
-4556.719287343652 -2084.207834245167
4763.761660172113 -2090.489165536942
-4945.102750860313 5151.378239702743
9783.16650976269 2524.7711372730882
3006.3808456104325 3068.183621390186
-7268.751096137306 6599.004001196841
7932.53869634838 -6134.681541342313
-7871.929313710671 1361.0961646767955
9248.393239466008 851.756963700107
7050.880255166783 -5848.964784252499
-397.2252400787311 -3979.866793256979
56.578784587463815 5542.859910766863
-3713.218082315506 -7655.395002884567
9734.406266183603 -8989.908626750133
-1637.1422122442218 1518.720675548093
875.3075900903568 -8976.577261112703
-4247.114117680541 2478.1441154416443
-3720.432315660287 7161.836196886521
4121.360887209339 -6193.01340603613
-1615.502905951631 8634.7401066587
5112.358413062044 -5994.587697809102
1179.0723884945437 -6445.89628495307
-4653.333131844821 7600.0782412951485
-6717.3847988813295 2361.9964092448063
9558.115189838547 -7792.109641002873
1599.737445455261 7010.324497444442
3345.780768629631 1917.448796680228
1623.9422512110887 -1194.021300885619
-758.5839927062461 5731.47266712995
5247.422414965486 -9723.993794538206
-3860.908933319396 6317.39207615494
9844.759136721612 -8026.176800295278
-3393.2909036756164 -6057.784648254885
-6566.6228744941345 3838.900517314396
-803.3003098621648 3221.660961113732
9873.764062883878 -7461.247594285945
-6404.141798363731 -3807.516167449565
-4642.3668217851555 -8836.530808383102
5301.952633437115 -5779.202500435872
2842.3415833585987 -4290.565057629175
3487.378003222577 3388.1256933739896
-5374.9413240226395 3980.289525580978
-9192.210643931858 3250.8069084019353
4910.31149198859 6849.585827395749
-2863.6919854853304 -2752.706314465796
-5990.292925882486 -728.9884756049541
551.545006952414 -5468.213976255014
-6277.218648148977 8988.440351085817
-1619.6546703034855 7641.544946510163
9483.078606661667 4589.498246328667
8693.817837867875 8159.148113307507
-986.2737807789745 1362.7169830619587
-1622.1427367741198 3409.8408017769398
9521.924439549966 -6640.226885993481
7747.039575517087 1238.0550448877839
5871.922472822078 3130.7035641908333
-6356.588311588132 -2963.9307920092106
711.217816215596 -3208.6016451742826
3059.365734715613 7451.68725105705
4184.8612431283345 1399.0847254198507
-2453.564461732465 8580.72240102763
5657.915045340798 4052.90940404261
-4980.48723555035 -7046.018591402981
2776.263434711085 7703.142854884969
38.636444266552644 -742.6548984628935
4231.131937313439 7343.933754839596
-3751.8324970584445 -8522.549373445258
-8247.174140292 -7919.054064329635
-4624.191145929679 -9955.613413426214
-5855.6377355165305 -6493.387616624435
-3958.4022293768076 6546.720488729214
1575.816154070675 8882.161281102093
2599.6487260067825 5723.076301304449
-8104.637787384637 8816.955660397543
9333.077507215236 -6311.597848042158
-7626.847001785167 -6547.8892748710305
8545.203058750612 9731.950507900183
79.32516346162629 8596.754708637836
-7562.233244293561 527.9285444480975
-7992.415603654459 -6168.304881198079
8139.580887183387 228.6536689258155
-7909.025796879403 8286.676988330339
-7153.341143650303 7663.978590812829
6416.595618698568 6613.811289997273
1757.547383523426 2749.641317277241
-9768.808221279554 -2378.837251266439
5335.229342016135 -1788.8870251428452
-9260.327176996263 -8903.107553360976
-5600.370964191552 -141.59144298589854
-1766.180290454604 4545.759621655996
-8347.598270755412 8901.250390088899
-5251.4572164595165 876.1875809733683
6458.350499739459 3172.8654337086955
-5771.7502797958305 517.5094616738643
6055.465143362559 634.6049577798949
1096.0175753121184 -2986.5857175823485
-9161.763092578156 -1837.5061015170077
-4846.5740699606295 3829.019195607316
-6043.437600716846 -8629.290558786643
-100.93431520973536 -8074.5969502656535
-3804.805072556889 -2894.1011873304087
8638.89213236477 2596.836789490826
-4053.6253153311063 -749.8426960915403
8171.741225976606 -1867.6383014005942
1060.9068068581128 599.3887603497369
-6631.494851282402 4054.7594762439094
-5539.370039271165 8837.676766563141
7623.586027710906 1006.3834687452436
8617.859481206262 -6992.794476796449
-6057.5622960186865 1792.6999716378814
5355.057800072811 -1622.8296424587916
-660.8623879231181 -339.17391435686295
-3109.3681927392927 2244.028299170819
1253.096428902636 -2418.269479804225
1654.416733807946 -9050.657500623773
-1145.8312923173726 5121.181953638274
4119.067220040377 -719.6196889573894
-5609.4157526888175 -574.0610077169476
1741.2187644521964 -2577.461357659711
144.27477737819572 9918.069268699619
-5921.042598017713 -2238.44103090115
5093.325154973338 2481.7104665268653
-750.2251183241078 4087.4242990030616
2041.4433998257336 8242.967654964908
-8884.142737740776 -869.2838091691337
-9240.517117437154 4485.072542135073
-3068.8079511010756 2866.1252556549553
-4405.772204062397 -9192.678592279595
-342.3352882443396 -6353.282656567017
7034.792492761007 -7672.285015967873
-8245.063889977013 6986.455675392117
-4112.853730342652 3545.6394604253546
7971.580912327048 -7312.6045716757735
-4007.5628509729477 1422.3214983481575
3512.598087872242 11.860584143552842
6834.936559621467 4303.210241037594
931.0816546346741 -7271.164321093298
-9079.413427145773 -5502.170543415142
4189.477876587045 -8882.305164921996
-7532.710595625773 -3350.933951320092
-8441.47506908717 -3608.692362143426
3733.229874086912 -8534.749253365506
-9630.380329699798 -5495.5348083174085
-6780.315493779321 4954.811390613246
6109.015671205692 942.4725835852405
6019.921804311725 6994.667631824646
5939.914471444925 -4161.338053712416
-9254.04456843578 -120.04964240874688
2461.158222860284 9648.493057921354
-249.92741529939303 -2555.957690405262
7358.90625619813 -6388.19969317008
9768.207675895173 8404.327328550655
6580.315008615511 6363.666255175245
-1352.599492669653 3780.453305918825
8755.91281907148 8308.301395897019
-9520.283717734863 7548.318019862832
-3179.9964177985894 -1250.7912303055728
6250.180292577246 2134.3903935349426
9126.101897467386 -2727.1616897501526
-9983.575589807084 5921.385617135986
-9172.94873815336 511.81580317628504
1672.9011862049265 -1372.2700382193452
8887.132853154257 -1832.2346870505444
-3487.324348663863 2239.632597293963
-5183.86505875164 8052.621583788499
9084.972696127192 -9883.979709079154
8062.999594095054 8911.264397971088
4256.7926971891975 -5047.030315556369
-20.668930144560363 -8082.814858555354
-8077.909388640578 -2514.3071526854246
3360.6941032917275 -3013.1731476048017
3462.140966594572 2122.5332923149217
-4203.700323271189 8437.125658088135
-2154.101628080205 3146.836353876006
6405.318360464233 -3985.300861323697
3169.291139432631 -4311.0332126906205
-4989.270633019127 1954.0334744828215
5467.561647600247 9362.146920955609
-9600.734337645648 -7524.084062514576
-9205.086011129473 -727.7993497683674
-9961.334474069974 -6983.716196415879
8850.88568093879 -947.3094549381858
-2528.8941670044096 -9520.453157593576
-3156.9748161743446 3643.3479138208713
5574.349405030316 -7060.629857719372
810.5969776034417 5721.090813514493
3979.782961775616 7463.779994016819
-1705.7881851035163 -990.65436717997
-2840.807738136801 -9879.604094525805
1021.4181544612475 4132.77916553168
6039.769548364 -1278.530706355039
-811.5403434792224 8250.967257361634
-9520.492689131772 -1502.6660272805238
-46.444408608193044 -1604.0769189616603
-7467.212966563728 -6359.230472584473
-8082.789018536938 -9745.17659562545
1158.629170529337 3543.6916283095834
-5349.766981544537 9080.662544152896
-2128.2727934644945 -8448.515896275829
7740.274175565508 7479.99035191696
-190.95867148071193 6189.198780667588
-2637.114232907671 6018.277156185981
-8217.607632382145 -9932.249520188621
-9956.785180147512 -3100.127126707912
-7889.8621167480815 -9942.853339870786
3059.648667950796 -1579.0885861134502
8368.686498449071 3817.689321680893
8850.84516658626 8459.945057188812
8677.247086890537 2409.0027785919337
6822.762009776441 -1037.5217074043594
1726.8760654565176 -3549.3600601646876
112.4483818865101 191.98005204040055
4487.537732855624 4186.925326802284
7150.513789810331 3461.3753555654584
374.5486868901862 -6187.389421728316
-1725.6483497093686 4125.399714856469
-7371.563640084914 9544.8041338611
-3820.649134233614 -7194.373772464924
-2240.1053066035174 -8819.433453755517
-4344.5215956086195 2136.3695568477833
2134.178849097594 258.44942756756245
2841.7818591967443 8761.081802832028
1116.935493521607 -7553.823127376609
7141.507334985428 -4124.737633493174
-5323.878147685177 5405.559841518454
-24.305861486494905 303.3040098691181
5932.324220283139 4139.6572245028365
3713.2551828360447 -86.88394852471356
-127.56073193907287 1706.088076362972
-8599.287351140909 2113.7538363186904
8289.343613407851 -7815.68289609629
3324.916778936258 -7752.290175080505
-6017.172436052742 -5086.36776613767
-22.775145755513222 -8119.088645783141
-7645.272939590688 -5727.550488740967
-7352.217536380398 1309.8856188495138
-8246.15290140833 7648.477340630627
2663.696727926974 -1953.0444412439492
-4726.076570233542 5753.183755511032
-1804.9427383035545 -6389.261894955252
6180.522199539118 4062.915825264299
3587.904205458277 -5359.379117829277
-3259.558694868476 1922.9248473617881
-9656.5883702822 -8829.700837059423
-4050.1729992787405 6729.461779981808
1147.70578143274 4836.864603973847
5504.880587841488 4609.004476841674
8766.88442725431 -7131.659675849531
5331.679349096985 6142.5962641428
-9843.017696505776 -116.0369379696549
89.2976564858509 5937.17222714417
2798.761222769779 -1142.0784338245376
6283.072615202147 8224.661013965779
5052.367409457169 5038.666266365137
5972.506537375313 7173.550982809989
5237.06393417296 2182.3071537548694
-2469.0374981559617 -9773.473360057384
-4823.609958259521 9150.032843505429
-3488.0393644636533 -4468.3262896850365
3109.25926840771 -3264.1232486015333
399.54390107531435 413.66355411664154
8152.666045026439 -467.4264278495539
9867.829251993666 6835.241811410346
-6088.171036288985 -4290.345557295028
-3852.467043468091 1928.2350032000759
2368.7470193098234 8769.324096863733
-805.1066796020659 6927.214329654536
840.3127261660411 -337.9147788883947
-5418.911661811591 6217.844174987866
-5417.732542437099 5085.474633546359
-1632.1061887413543 9715.864187171352
5525.459860633959 -1644.3251178430255
8707.986737603773 6421.552518869499
-6333.99704045847 2933.1851510016095
-9494.051852868795 -5251.580178217771
1791.1030208891025 -4499.8695185056995
-4801.3111741149 6103.803781093255
-3492.5294328200043 -4571.798823637514
-8438.3350522257 -7797.0777079286945
-1050.6076857845856 -9457.38524446018
5419.912023546782 3726.8680643638345
7078.697871179695 -4721.094585784888
6240.583624497469 8188.917263612133
8149.002738253843 -3354.252652343379
-3193.663361262018 -1747.5594385605345
4691.779566275571 -4151.575053450647
-1483.4444173417178 8247.612390949747
-9708.052030047716 -1006.0252695793424
-663.9247169274968 6263.010911437137
-7544.148765970784 8990.419517614984
4008.704429376703 1942.1205516481677
9034.621083999922 2568.934663323418
-3124.4748820118202 5993.639467639787
1951.1063322015434 1299.1782704068846
-3514.4211838177953 -3571.580702014572
-2611.309696785649 3534.438417562498
8159.229711626023 8664.752104177373
-4864.525006316947 -4585.355968641671
5762.12831011544 -8102.357636753785
-8562.528002608915 3371.6979483790674
-2829.6238313676604 2506.590893456909
9499.596425487434 8022.999513511568
9255.12829096384 -3219.6582161670694
9683.407691979315 9905.422885721215
7687.5508856069755 -134.06339694985581
-2514.2909757837797 1193.4317035241656
4462.675178444617 5603.330364669104
1542.2689422212898 -5638.589797644582
1763.3833198912162 2785.733042345013
-3813.9229655100307 8691.703289350662
-5366.619777811319 7389.741409988288
-6500.282420822834 -1403.7445464813773
6900.695014942419 7448.23680726171
8336.586658438759 3911.1573777359845
4890.884201420298 -2507.073377146793
6445.842650075363 -8360.19617212677
1691.786697255924 -7127.682166020444
621.1329759449309 1061.7767587679955
-8920.678285779213 -9245.185954674453
2703.3005163289945 -309.0239866664306
-5313.515288605111 4255.533862940683
-9697.579400047136 6257.925605753331
8595.354274027246 -1120.6433716140982
6264.686137180866 -1292.4172038106135
-3745.430673712606 6351.606161227643
-3805.1920797994617 145.39859295422502
-6527.595381455105 -88.30893164995359
4754.754700748717 3730.762950060105
8208.21795126874 7273.921541731954
-5005.184077463232 -1291.5987038630974
-7017.290190403669 -7286.362054084035
6633.1235675841235 -5915.33674951142
950.0781954361191 -1884.3171881957878
8984.928307935013 3897.085815388029
8022.824187981711 -5673.839132563187
-7846.921990146565 -1408.013321953771
-7087.39663824125 -1222.66388293007
-3873.6920783188734 716.2709985793736
-5451.808002952607 3109.41728368194
1592.1034096852636 9946.037331513016
-7945.727984966852 5391.898952229421
-1443.9463163513992 2415.9650954611207
-3677.5797079977983 -4448.980867283969
9269.77410531537 2379.8834946442366
4178.317807627383 -261.1882089037663
-9495.375032710414 -9575.675755922493
6246.87299176011 9633.132256868212
-3131.3818786935863 -8226.737241272429
-2160.4062646986667 6036.9414290292425
-8350.94670308152 663.6650665200286
-1463.7906112204437 -7350.959063940245
4573.585140252793 2337.8600321739195
605.1941758261819 5507.360331117377
-3082.424387514562 -7109.839247601583
-994.5002544045219 -3640.203496315695
3545.7472340492386 9021.576229869424
6434.466482282387 4096.523373749569
-1238.6959459667141 4697.840546172303
5734.5339919453545 7381.581304692438
-1754.1532518768163 9772.418622543773
-1055.9727118792925 -6249.524935385993
2908.5627897449813 -3172.474556009086
-2625.043401779845 5694.410687364743
-7876.672139744687 6802.633470102806
323.416934993229 -7369.297778740051
3617.517419599528 1421.3156948469077
-8634.15650987016 9162.796688833067
-4813.530067321401 993.7093859831584
667.0117997989528 -5337.736743884751
9442.71898488154 9863.264848842675
-676.6421943953465 6958.999831124369
-3030.7522948138458 8582.873397581447
7487.822120498076 3804.8214160566313
-4468.810841356212 1846.8555003403835
-8129.903664491687 9779.495220984303
-6589.451780144497 -5728.292595242366
178.79941847618284 -6562.801925746948
3463.6717766116326 2309.9104257128074
-9830.236103780817 9745.273856825239
1161.3631176203107 -102.49284952320886
-812.7199260687812 -3753.9207661679575
-5343.325547591893 -2122.439925080924
6432.789710829711 7876.609359369399
-2164.4127596215394 -7191.986657260266
4668.184830727801 -4990.500761295151
8340.928565832452 9453.887748658584
658.5208118459796 -7967.0876295636135
-8279.956182004766 3080.132720530062
4381.608684807066 9665.720098950642
131.8876427804753 2602.8869803839207
5879.610267428088 -6791.704763146508
9459.364044646649 3723.2821301951826
-4399.5851768794455 1058.1398138271416
2207.8925645512045 2359.347239519582
-825.7726535623569 -6926.521388330358
-4768.656738987343 -6992.026445999618
-9206.533081835249 -3253.148472924907
-8888.371457488589 4110.29606766808
711.715619971772 654.6561821520518
-71.59413189800216 3060.2718161690937
1850.1219387466153 9277.474529620034
-5809.50232349752 -2812.375358002153
8097.324177499053 1039.9531800599852
3860.7903113707416 3862.743057159978
2611.6027318839515 2297.888630093663
-9308.46841407366 2812.5190661416545
-1718.3651739671895 4004.090860361159
1497.0977348104589 -3197.4765336801656
-5525.113903472401 4913.493653336243
8526.471955208508 -6967.677852374165
-5699.687910415003 5441.895733129028
1757.8089381454847 -3092.8657387216417
4834.722772788738 -328.38171426659756
2722.6406513543297 2290.455561751174
-890.2006756291157 -498.73352015544697
2377.4142798964967 7908.6612283528775
-6870.582532234015 -5434.295353091261
6575.2265102383535 8270.017773214255
3784.5903002052164 4306.232421457513
1850.7633946240712 -723.0660979625718
4255.992941247841 -5550.106150293179
-8483.387911529298 3651.6946189358296
2341.693454083972 9160.720194721242
-2520.724358180859 -637.6810274460349
-5879.633876626418 -7745.363307186117
-3281.6323735080277 5426.597178327003
-9542.076320178028 -3876.335260669961
3032.6248602765445 3788.7613604123762
-2911.842543692551 5393.953108823031
-5558.464331247832 -6595.341082923432
-9654.364865549747 -6153.921578847501
4541.528765594132 3237.6924643402763
-9898.241995257791 7754.970025520932
2150.8322455206435 -5440.7874578568635
9052.533650533696 6560.7079865907
-2262.732855541907 -236.5664919004048
-6770.7127007957115 -7339.642164064331
-2591.611788805819 -5151.624575208398
2451.1785098225464 6114.908819577768
-4346.446330072688 5780.7166217948
-8588.946805056943 7194.291409632508
-3437.3452935007135 5153.865072438806
2183.8135085028134 -62.64915195229696
-93.61435961097595 4864.952924294272
7169.152521829328 3282.5637384126494
3248.1063232337347 -7022.128132979746
7828.141390795947 -7170.806829017806
-5832.503384589784 -1494.1337809438446
-954.1700824781947 -4082.5264704582387
-2288.648515182843 -3461.386618136644
-8450.330190744562 5470.341603856703
3347.0399764473004 7955.123209107911
5536.219165200109 3918.112306465926
2979.2897307717794 2905.1958556513055
7506.25883275317 -2468.5754255371758
7001.123766278575 5308.583164807698
-718.9035019363018 -6383.320368289172
8884.933912064946 -3187.5936095949564
3270.4866866091234 8282.100523847908
479.8246861103744 -7036.211735618045
1285.2697448605213 -9138.55320348461
-33.47746869177172 -8203.938100897776
-4464.536403154387 -7413.666712569784
2331.3053295117006 -4406.671581284984
9927.223390913117 -8273.005239324986
-1744.4518676398166 289.5409030580249
-2630.2810833184976 -4824.746173562937
-8522.339106999454 -6225.304309090898
4525.652816637568 7322.356074877243
-3030.673473707324 4322.120479396468
9286.785893818003 -8911.766391146733
2678.119293425065 -6582.741007153443
8228.504062732747 3087.6786713895417
6123.734993442042 -6540.254498181681
-8604.89387261238 5172.797993805389
-6204.781899257825 -9873.014356833133
-9.84657288348717 -2029.9579995599352
-3918.264841203287 1628.8544121452323
-1106.1158174060874 8533.99880909301
3379.586537673491 -7350.471601050242
-9597.659886457568 -6130.951982488912
-9946.680143686584 -536.1126752583223
8180.513964878846 -5176.117924615313
2088.955507806344 -5467.6917291928185
1144.4905583105028 -9257.188908613334
1562.4932719142744 3819.09936018981
5835.198529960277 4261.658592895754
6457.0225625152925 8146.2154589657985
-7180.951301913339 7764.97812985929
-2103.0761702314594 -8914.693648576662
-2251.6003162740826 8275.22213575073
8527.792533097669 207.55797498472202
-9062.56007260309 -4076.607586887344
-4444.1168650751715 5952.188649916176
656.7269783857719 -7345.37717916417
-128.97613225755413 -7059.126418832435
4822.298953053329 -7548.9629489547115
-1287.8965666482181 2256.7725755396914
3352.904396020338 2108.1354789611905
-6505.5975571927665 23.242211905786462
-808.4209877234389 -7520.120845855656
-3296.8251999315216 -2441.2753745840373
9835.431329472336 -5888.468063757179
-7831.929943197923 -8549.28951430115
3190.171916714031 -1691.7638199520043
1568.1107911322542 8083.070087765358
1663.5673600341306 -5058.7980490929585
-3322.8695803638693 6467.468005285569
6634.662200571274 -8327.702980700193
-8355.299359078665 -4329.025992703535
1783.263551354743 -4218.272011862838
-7482.241793601821 -1301.6133924026053
-1763.1568040720613 -587.5868270425908
-7756.717448067126 3379.2022576128657
7089.666629774711 -8201.448425380608
-1447.4610943897605 2625.557641607931
5571.614886188814 7924.7963108492695
9412.554817429253 1368.8880011976617
1991.8198135940129 -7933.645256164011
6140.658325702681 -4450.5548586879295
1554.8938939387735 6789.235327967555
-2186.9464872996396 9724.229190065751
-9754.813785553517 -6756.226696874641
2258.5755991262467 -5824.713157334842
7197.157093279733 6963.469038779349
8713.921094866975 9841.747007004702
7317.619318343968 -5114.91892022361
-4873.204879417752 9965.360762703913
5398.244881581806 3934.8298621184294
9128.592411818736 1030.7215127626714
554.4057245056247 -720.5463184619584
5858.368427565727 -7602.250561308774
5549.050816133165 1219.791507195927
8105.020225037621 3965.4339520693793
9408.006288663284 3708.451077823109
-5355.247364426204 -5727.780603505168
3705.7169450982 -5397.960857364019
-8813.93399815754 -2370.1541580714847
2998.116825644842 -1987.66456539738
-5005.357421906018 -1796.1522029695188
8101.97032995363 2499.691631807651
9055.68597942076 1395.3268607089813
-2732.3202666670586 5355.853525491742
-5458.591222845568 8445.01725724661
4765.213681312884 -7147.70046823443
-8613.473515734007 -1127.9277587022389
-999.5357344661243 9084.105367430137
5934.765994143056 -2823.5953149949555
3002.0021780412426 1918.2417335480932
1904.5667050253705 5174.820345737375
8965.846368819144 -6440.874129739799
-3667.7099674489355 -592.410852351717
5518.532653605591 5373.148166435727
-4313.576352565736 4243.506803273911
1456.4107282577334 -8132.194828080366
9006.418420195667 -4372.095237380471
-7058.235744448999 7099.97457316241
4704.9489756804305 7859.471700691494
2483.9983375094253 -1708.2265945294566
-4417.448102480675 6348.160202658895
-2493.200108708138 -3938.6493307936043
2638.743346721825 -7002.149604593699
-6100.171652326771 8429.867672066048
2423.884441904909 7673.85721144126
5676.154271632309 6644.827842164879
4961.2085541697 -843.2297483511848
-4295.68323469679 -5136.179771889935
-321.4124537107873 2050.52182456383
-5543.471522527901 2871.6564960242195
5324.769495760018 -7696.019557059557
3812.2149425329335 -8742.223130973853
6504.972756723924 3321.7862051784705
-8821.27762545765 -8140.290489424838
-5744.115656126105 7081.5345879956985
5538.700115475585 2782.2825807400986
-9009.742259868332 240.83434214202862
-8493.695943430757 -3068.8185262499637
-8823.527898090408 3909.160664825069
72.03333424876473 5753.355213209563
8278.560631964225 7575.844602596557
-4561.333103348011 5755.69133300224
5767.380545326625 2626.93126464733
-3801.5816181044747 4377.267706816401
5423.748084022216 -1049.9473313461676
6074.093536264832 -6080.591860272991
9689.520302897476 -682.1276443234274
4544.6789627016315 -2508.3253238721363
6482.761911154947 557.0536939929843
898.4569446345395 9310.826489762483
4678.290610184895 -2048.8789148046035
6604.389694331519 -6806.3040157730775
-3634.9503919119043 9891.979876032634
-9634.8195888995 7713.819529608685
-1973.0803404403696 -6513.726676823044
7813.070286667531 -5754.407930963501
6953.721995970154 8639.166170010234
3532.0807917561087 -5001.408785979693
1474.3473139507787 8079.530432785967
6938.0854453206775 2148.650658383709
-5985.93330284753 3856.9416817345827
5520.724472570699 -3698.8477426561976
-5486.726146298386 7032.281649684635
-951.1372860819029 -7224.088560409785
-1594.9639215662082 -3399.843067853257
-3436.0842490692576 -2418.0485519673603
-1866.0012015672019 6122.744221460645
-5666.9427669212055 1454.3529396947579
-9890.654039123674 2121.0894478385526
7406.945756695095 9954.27648691009
-9980.324887586394 6961.281744860698
24.29187244853165 387.16892715202994
-1402.2065453769537 -9210.663470440544
-9171.774063960278 -7826.941746212495
-2791.3919492505484 2010.0301537156702
-2292.9094621654485 -3693.242749990557
-1956.5639717238791 3871.3282651292902
-5955.066823894576 -8325.299141353897
7239.213971108322 -4092.5414992365013
-6735.361674782565 1249.0446961156795
901.2453866725918 3310.089755355346
1769.2859743640201 9558.561100189087
3793.2777560259965 -5261.518977754451
1734.9840885065732 -5660.2222060916765
-1631.1341013466244 -354.1344971962317
4681.0824560067995 -99.29688476089723
-2146.881044893734 -109.24447390194291
-5658.681056195027 -2516.60148002552
-8755.898867560229 7218.242531615782
-6917.874843299669 -1209.4462210611782
-9611.697241041456 8137.7862317421095
-38.04880556695389 -7154.864423010238
-305.24608112325404 790.390105602004
498.15160209612986 3481.0835961484354
7587.517686106483 4589.457906655092
-1694.397890231232 -4983.068450665964
5456.445437308143 -7263.952900624257
6993.902306961809 7043.139091032615
-5348.758359416342 150.62821941221046
7057.650343722882 -4242.166827277733
4974.037105215391 -5070.126451346042
-3033.0519434592306 -1085.452886105999
-839.1738809347207 -9871.599763002243
-9737.051915198013 4199.471730671348
-2997.7178925106564 -5518.199436269316
-8814.09861251438 6734.62377776832
39.62007624045327 -4371.298162936819
210.8356804968862 -9592.747381497375
-6818.670994637717 -2544.003228620686
-2161.362143737373 -145.29408935919128
3121.760396053316 -5617.201119685209
-9912.024109201839 5187.8860050841995
5102.704707904622 -284.9188521482174
-7643.84634849991 -84.66658553777233
9344.253904784604 -7355.639579953735
-335.3611650869916 -5966.1210258828
6381.400289194575 9030.201451312361
777.6796247483799 8880.709804555776
6577.974446334931 -5202.288712339285
1280.0544646485705 8095.6149656940615
-6750.3120228533735 7597.612735734037
6422.68470362376 9921.056952629362
1113.2012967858554 -7682.113990139318
-1607.5308580345009 71.64879754837239
-7811.7136103922185 9102.367555002991
4635.384142443823 1533.5024828554197
9815.323183658042 -1276.8822427768937
-6040.482955309155 -2092.16451286782
8110.509645276328 9469.756362572694
-4632.612786545618 -9707.887881057526
-1033.6644719528795 2160.384177453114
-9085.45597902473 -5804.075120769412
-8384.982723959389 -4554.885963250133
8364.09964474399 -7382.299783745822
807.7499596501457 -7735.369150976654
-7995.497783924048 -5837.755080390505
8822.792372653777 142.62164922224838
720.5170470737248 958.0395685851599
3800.5477461767405 2932.3068744797492
-8744.958977890425 -9862.905596464569
2313.9748741200365 -296.2729934973595
-8427.97849352548 -5230.903279896353
-2382.2006835982857 -2350.17276035554
-5671.578831981356 -4604.52465876769
-3319.827186651525 -9794.191835483976
3685.816541758413 1687.9187894533552
-1114.4293594944356 9017.595414915384
-9960.123542685746 -4740.208717456269
7207.875002182784 8961.709555480225
6718.624375713323 -712.2065828353061
8687.75339910921 9110.205742276321
298.0471396179146 -1644.8736053304365
-4791.403537975094 9350.768221784438
1906.2606025601217 -7193.688133318725
-2149.571769244725 -7686.548217351732
735.1098706004123 -4092.253910628161
-1488.6272184080372 3321.961137120621
-7049.273855315901 9236.954654977577
1021.398138253855 -2721.2295510030663
9292.231673607374 1977.4284800890637
-9366.763652847823 -9290.203078975168
-7129.571548024281 -6825.1701079146005
5560.5128175392365 -364.2645661598981
5025.970026348856 -7485.739538191842
7143.29435206945 -496.4234804156804
1579.1678134792455 -5192.813761297645
6256.407131375554 -7896.7602596521065
4401.244846814967 6130.52721465435
2736.036315595913 6210.646903525445
-6040.49822223457 5439.32544579358
1885.2829852197756 -6360.0190253088585
7336.510313247654 -5521.695960890977
7529.493848962735 -9545.725110364356
3196.1263829474774 946.54189878959
-5372.644705617433 -5725.121967039908
-9733.256499354462 -4876.603241825596
-3896.1194522799096 2946.765583769371
9134.886149675152 -1457.2895949988178
-1643.409445262645 7258.046698388469
8489.886560317125 4806.23795526743
7796.334301341758 -9021.550577852653
6433.0481107592095 -2743.8478199483643
6819.358855129831 5172.954288543298
-4937.642512191786 -4019.6255946860383
1767.3879618943138 -9436.837839812517
-7733.541463716438 -2496.6016652037597
-2282.3696230645037 1650.3834014129588
8509.259798219595 4519.165931835905
-4645.205909946581 -619.153595063266
-1640.7911638278038 151.48007347130988
-6287.665016256586 5324.824751042126
6614.9110716240175 1481.3222558173547
-769.670726767632 9657.89471900553
-2898.561611223363 -9540.629582027675
6362.51490353245 -2326.0698152725045
8559.324710912038 6825.904774664832
7875.199114745414 5125.864829225002
-3479.1032458625377 -2710.800334542354
-5984.108658507685 -8618.357852867415
-7333.741532723568 7967.412535478743
8889.673710107778 -8800.814373175908
3873.8866129862763 2977.8707352819547
9666.474876844124 -9134.364995327773
2028.4633306067244 -8938.414847596028
-347.4221613612608 -7487.515060618323
2621.2237482216387 4259.702721931888
-205.1614553381678 1609.685836629622
-4724.246358427517 -2087.460004874144
4846.256000714873 -3041.83970545185
-7445.174573852684 9630.721508399089
206.6847971537245 -58.39957939826854
4751.523529005059 6391.874759151651
-6637.355573544672 -9635.18155961484
7840.560364962486 3545.227097767671
-114.67281744371212 -102.67620934674596
9363.338724995116 -2739.6426356962866
-1893.9296648021782 -9042.788750182695
-7257.01389808133 -7164.7355849333235
8873.712124646852 -1188.1462057940098
-5626.778142230222 -4717.173307527655
7208.4038660246515 -2261.7132295013007
-202.40720947014051 -4256.387216961763
-8798.389567287695 8277.591645403762
-4606.738384128664 -2473.064203190749
172.19026026643405 -8066.011737005376
196.18296454088522 -1039.0685963035721
8873.593941202365 2110.742685573303
8852.171483293532 6736.352897770947
7457.383990952563 -4358.579266360756
1151.0109194005126 -6942.319927358947
7933.433316404011 -2033.5958202580514
-3801.585120959374 -7330.947158725703
-2972.688026898738 -3178.988602529693
-9996.692775369227 1701.4347256195488
2620.534962562897 -5757.044106970122
-5894.463741154787 9291.32282803543
-3630.508426868284 -5226.7100148989275
9841.813954989953 5050.236266799142
-1365.9566209663208 8916.385656517796
7945.303836639116 718.1021253439994
3506.92414379189 5240.9116036401465
-3603.048465539194 2712.5837845806327
1520.2356925701115 -8054.83150237154
-9205.69100305705 -6209.711935994129
5515.4947202677085 9276.5526848794
-9023.751109562527 6664.705090986237
1198.8303950000718 7886.329309448713
-4760.36583475528 179.6290747874864
8063.099944971647 -4982.705464777994
9206.656173014962 -484.2710475136446
8643.839841617093 -9636.687448586332
-9750.785014964802 -4088.1699364507185
4486.1275551075105 6506.132918186198
-9650.632286558844 -1488.6189295499971
5734.5866033825405 -4973.719537882226
372.5313673470155 -8801.505991354794
-2081.0820058287136 -1298.771965054817
-3047.219413888726 -9333.170181788459
-5707.488708880964 2645.472366382788
9537.238807338847 8468.532679367934
-5008.175820084147 2813.523349960804
-390.7878731720011 9419.309604391288
-4680.6037338739225 8978.242534033841
-3292.620846868357 -8510.34349906306
-5386.4944966309 -8886.64060091127
6581.00192071886 8191.144144172318
-5547.366995589969 3050.4054472232947
-4331.219715712719 -6529.416233622038
353.0719424216186 -4653.29031389174
3061.6244437546284 -8746.207707235322
-5346.850964702432 492.5126392761613
-3792.713879689213 -2965.4134776399396
9937.707063004527 -2098.3466688395993
9837.435636086222 7283.548408514034
2141.6339935420656 3571.6877267225827
8945.429843833594 3954.996193003404
381.3960731748175 -134.2751609192128
-3884.3193657749016 -4000.484421450703
-3401.324807737602 4559.63888010795
1103.1773047326114 -2456.698085056779
-7739.620790533101 -4885.2459880166825
6284.383407087233 3274.4793530894567
1644.4376364636828 -5922.51615109199
-4551.626095566595 5580.457644117321
1650.963624373524 4573.824900187017
5369.750142285711 5109.307622873135
-3386.4905356961426 1058.0018687564116
9702.50777054912 -3317.971227611578
-6754.69175713814 9790.97888578254
-7043.295703528729 5861.500560540851
-4359.46224792239 -4034.0564570015376
-1332.5773298849144 7987.803702200272
-6839.183306061152 9964.289749849537
338.18202686208315 1118.51611142185
5072.280289441564 -6082.975797350542
6338.6052434880785 7066.48755732206
4958.755318369065 -8437.070887901245
-9341.18678066894 606.4959976367863
-4778.300994089717 -663.7793390995412
270.6637649044278 -4073.8835581096146
-2612.272366731112 4682.85173307787
6818.612508855196 -8474.984812229273
7479.71961206567 -1203.996726250809
5460.6359757762475 -9979.196683672786
-2632.3752121224306 5277.729647539309
-3097.6979195717804 7698.485905503803
2800.281199358449 -6324.879310298435
14.738875383181949 -9855.550717016966
6729.681454078123 7405.746290680814
-8100.099966027438 -5065.166681998828
2574.3028951416363 9278.569051109836
-135.80571025131394 -9897.955983929256
6228.258623119547 -5367.104767923705
-4515.81328637962 7982.071444252186
-2091.809130220113 2059.368245499327
4795.749212834295 8049.174376589861
-4660.01858899127 4733.388867554815
-9389.313489810018 -526.591207875792
8322.511153346917 -8417.232716304992
3062.5204195041442 -5609.620897090293
1365.8546851281935 6827.817660531724
-7294.2202275985155 6251.499300310763
-4113.545013978126 8873.50661850621
-3159.216314502236 -5873.043750252582
-3648.0191107423843 -4900.324137125715
4208.579206414279 3462.4712231832946
5803.718136383435 -2213.2335156734453
-4201.660948985715 6544.867971731899
5344.510479147515 8230.8810447723
-9767.813259665372 1810.3562402487441
9465.422550840205 -8956.585084695746
-8959.93007005127 -9866.649036582618
-5505.559743885249 8696.913347474096
109.9627000785149 8362.544126653273
-9014.296592476145 7570.193314124943
6696.326458302225 5624.869254322204
-7472.105667855056 1062.1998512074151
4592.428786667773 -3703.11398850764
3235.588000732738 2785.454868189956
-8580.244496833218 -4952.970855249379
4097.5070372849805 -6583.632859075042
3460.4311879149445 -6018.923820272393
4390.789976287177 8471.087277732866
-2943.7983836696158 -322.92117512984623
-1469.4645007350464 -8908.014176933599
3320.1893378884324 8774.930825110492
-8990.956295243579 3871.241202133324
-3244.6913445279724 4789.62602285892
2489.324037353348 -3195.5599402454272
-9654.148856316284 5946.195349041111
8652.607230301724 4658.487693332325
-213.55975248363575 4088.1889230265097
-9940.252644673257 -3645.4658982996516
7735.186898414788 8090.49935782027
6071.553366689104 1408.0374965020656
5325.548966129165 1711.2132526879996
8783.25929491781 -5965.525600336443
-7355.958045106512 5446.089612118405
3963.478719320663 4220.637291235904
2478.6179113529724 -5296.824601945369
5148.1674291003455 6877.839722779274
-7634.8281147509915 -7506.039769868676
-5674.747261964455 -4865.224097576868
8807.299347957662 3841.398636467895
-1944.2369122042337 -8105.8228814612285
4517.0892906635945 -8765.988558672469
-8587.566251691242 -5031.180720635589
4622.374835563385 5709.20815669341
-6223.0706694660685 5428.835695699634
-8991.453268465251 6527.856639291964
321.97481065689317 -3766.296452997706
5310.664338331242 3906.0491233807097
914.8506471999099 -1211.326766306307
544.2767466013502 3898.9067953967224
-5786.153197086043 -1243.1880686316072
-1038.994083941494 2285.1891360685586
8889.454799014966 -725.743012461131
-562.3834394122132 5180.35213081525
-3812.798871848586 9657.652793181107
1554.9339315086108 8109.639918666406
-1540.794336499819 -9240.81867614028
-4504.3530574345605 2401.672045761463
6826.69899587084 -5684.024848480111
6987.678120870747 -1983.0889038703317
-2204.1256336728666 -7042.868247338483
4742.458956505698 -4695.705455425192
3434.6334045336043 9972.936100289317
-5814.888388809063 4683.228659085307
2627.9148653730645 3517.316053311628
-4253.813440114298 2877.031536172819
1964.4652596263095 -1394.0454377519382
-1417.730215365449 7077.844235158838
3968.069034710761 -7911.106897545658
-8684.579271028015 4301.911695526935
-2328.6003936851803 717.8671244204379
229.06732836411356 -7801.947580436821
-8059.177503532657 495.01518492974355
-7669.365725041935 9701.043971205694
5495.629520361674 -3318.9818355084853
5788.8376050665265 1175.5498832927788
9225.341463688692 8157.120504898801
-6523.758774780151 6075.1264210953395
6193.872891301673 7276.905823456331
6695.317063553564 -2355.2466375282966
-7370.488008844744 6910.090039117607
5638.915910551357 8824.23241826062
9234.819657772441 -9927.988883259059
733.7064240620311 1263.71218435013
6310.708470018893 -5651.097977704205
4737.798463865271 -5758.500809142908
8474.126202888838 -6729.569900061804
9311.42465215483 -5721.774868071032
-4841.086193712176 -152.5968761346503
-8247.793940232066 -6629.66192792934
-8375.428361662569 -6316.058403217675
7684.186710791342 -5980.197183863325
-8142.179347773306 2389.824986734806
-6287.517588053821 -7384.203062574699
9537.00597955735 -9539.870339552795
-9596.969209776886 9228.088486781799
-3860.465508428876 4355.670402761447
419.60798701947715 -8499.299387065932
-3692.283883445378 -8790.812833683724
-752.086660703826 3088.366679288032
9748.506010472796 -9601.408910005961
-3340.8098102387203 -7042.8156167617835
-3772.168612922317 -7829.972693098787
5913.506389501214 -9125.211427322232
-4369.683911728166 5559.887455894743
-5324.531355669893 6544.263519544991
-1409.6063863801664 -943.6728481168884
6712.812366108992 5089.930789823891
-5139.060501091979 -8242.74813544208
-3329.049494922496 9982.04129052185
6370.721308591808 223.12542459335964
-8435.76927127939 5991.319644679714
-167.88591566528157 6789.3802787048335
2097.309282445638 -606.7964086358788
9795.688587793476 8794.603277267888
-5472.307321348644 395.5424848899256
7208.435679294133 -5002.922182214506
-496.83236904864134 3642.405187391245
817.5435791446016 -4606.32605831772
-1844.504555742952 -3349.427378937169
-828.1928120544817 3721.4841460478838
7704.3876009914675 3164.1860216338173
9507.895658488847 -1886.0002442997484
8923.459683190627 8666.930236164855
6468.86879722754 4700.044082894299
-3957.502704872105 -1329.9617710141029
8387.490189954846 1375.069147865439
6008.03152891993 6898.309789631046
-8222.972852378105 4540.843835955295
-1503.1206322614871 125.24427597964495
-4292.5961720212235 300.95312365036443
-9325.041368052784 -837.7100978467297
-3095.2834443244747 -6584.053853183549
1416.340324914232 -8613.879273163227
-6302.722878678617 -7736.628697704933
8545.163660212344 9191.76234521595
2341.514430285286 6114.340726514947
9635.691576917801 -9111.715670436497
2796.2131548470643 2229.684812675114
2003.4384996441186 5807.694482213246
-7326.270477024011 -5404.8598585027485
742.966415491368 -6223.432080802222
-2118.029258684648 -6443.548687462108
-4984.411867228667 603.8550796950421
6381.101098418214 -3818.355171276022
2262.8941825734164 5867.21519993925
-2485.9311709881586 869.1580984423636
-2380.355692885887 -2965.8683063444705
-6469.7769539431665 6536.903973346045
-8477.73898188143 4832.971621469465
2206.4367469449535 6668.761865218701
2356.7772262091294 -1206.9455007610413
9880.317757063141 -8438.608989744906
2962.7803907318557 9001.704136483178
2745.226208377562 8305.662854200284
9907.531186442091 -9619.835247445684
916.9983743975536 -2646.5710234058924
-7332.9024165955325 -840.8316041573198
4567.416565175992 6961.73196526647
6199.005090972081 7738.84170989224
-5670.377366488017 2372.981049264132
-5136.447022809636 3746.55542331797
-784.1637627088094 -4718.977106714599
-1751.3931068349211 1860.2188914669787
4447.885991187248 949.4353850369971
-9824.666181459606 2843.4323030112137
-1113.7745976447204 5289.788013006864
1010.003645879191 3242.812604684961
-2846.739908744802 -7725.988630772785
-9620.369180528613 -8673.283777002756
-4918.0384713962285 3246.4281358434782
-7513.103939992596 98.49078284220195
8780.914280922916 -5982.5924011521165
9442.43449169334 6596.291192872148
7392.08043569883 3061.9985878805473
-619.7609003912821 8195.400732915365
-2472.2593194249257 4713.3221334708505
-4405.414075255622 -8742.093668293133
-6591.789258626353 -5068.105569016097
534.5334937199805 -4771.512724384237
-9117.896019517146 4048.4625084953095
4214.718250361142 6153.97025950424
-4203.950836933197 -9180.654229992128
448.81699374825257 7608.224788754342
-2409.0508667174972 5199.677385149644
-3715.29813599341 -5867.127408958954
7537.0033241518395 -6568.655969178186
-9882.023170731054 -7441.815644714343
-2320.114119522207 -1641.1647704539173
-7816.76990718239 -52.54235498213529
1355.6240205012891 327.62076442578837
-2529.9915341607075 -6587.934959491419
9041.874788167577 9586.06475877759
-4416.84087404743 -3326.7307025422533
-5651.544167835501 -196.68449190696447
-5335.150580778676 1000.8142250820165
-5889.853901783537 4131.996702479746
7218.237555496678 -5962.800308131218
3829.9246086314924 185.94308293893664
-5479.594369968235 9020.459312810814
-4869.032125568841 8369.621766858629
-6715.157228827691 9047.162672262439
-4589.104072131438 -812.7032901574457
-6668.594141264494 6271.2764849182695
-8448.10510102787 9476.390789550747
-1755.6465524638406 4313.415859857692
9325.520524400486 4950.907306898398
2346.6981777330293 3658.9270153990074
-1958.8787939375334 -2992.8111893718224
-3208.219715706493 4452.160435201495
-3978.001150525898 5435.682386314247
-4829.3773206460755 -1151.8258468183703
6653.559810608091 -4501.200935662974
4756.283195330194 5962.040907407811
-2967.1161121780897 7776.353705617854
3354.077903773934 6459.819579356827
1659.2774361744341 2246.486381708104
-6300.8024458725795 964.1678227697394
-7859.448437160095 -5738.643653969771
-2559.0871295065162 6701.474084328052
549.9058627828181 9393.329568684669
-1024.8042459909375 196.29508217849434
-1146.537227918523 6568.763157461955
-4264.734653360964 -9677.207616567875
-261.3412579471478 -5527.084886429243
-3977.793160101859 5651.767220011501
-4791.160916687467 -5099.098733696273
8055.469742063284 2785.794613502301
8469.57684125864 8546.032368269338
4645.722109159933 8253.873231306636
1917.3822425058643 -6341.72347738146
6740.1664403764335 -4459.096614160098
-548.374949604513 -3928.016697828034
6063.112567452223 -9043.779041219654
4865.657586868896 -9706.570844360354
2172.230144431742 -2700.6847872232865
9733.268733184828 5655.138181484042
2473.5761533820914 2659.764305169896
3991.769577131885 -1014.6566150621529
5086.147108246612 3192.3377164916783
-9666.84500871174 -4192.640637444407
-6080.650292401792 -6662.89511795028
-450.0473285654043 -4224.957250175889
2924.4646453352434 4708.313076391825
8142.519419112654 4866.921720781162
-7796.197144940155 5754.693357056367
-8220.296480135687 -3197.011013032098
2508.938166074169 8297.75599447708
8614.950623999768 -785.4524176980576
-3367.9585254573794 4183.559710264208
-5004.9194667961565 6288.915175715943
-3708.0028030742214 -4462.674408082375
-7240.870636108015 -1072.8080183572856
1339.6488019699354 5489.187975891626
-7890.208410464051 5894.71202417303
-5545.835276150564 2743.267115855715
6950.172044070274 5010.190897110308
8975.183347968134 2991.172875718501
613.6984654602911 2111.000250703868
-9886.957776983041 2924.933779952191
9075.205706857178 -2651.5930540183754
-9497.938472777232 -1516.7286128026535
6016.36695120796 -6691.995195326366
9909.497254359496 -2030.971657020029
-471.20841010611 -2483.0045268907643
-4114.54702828085 2804.483225371787
3773.274398097519 3091.3646261443373
7236.671196469 -6054.823909910718
-9426.168609569948 -4407.588641130636
5429.808527829084 -9648.219714869481
-4289.683378372098 -8396.502586365024
377.43222646393224 -2576.5325200577036
-7416.424751613786 5104.285887579632
-3467.3533258472107 -2074.8891727282025
-8037.77394233633 1411.145500070299
2815.9049814223745 -4305.417430623086
680.3576880121982 -4731.198398096421
5620.228045832711 3295.3063525219877
-5559.468378886137 -380.27039240474187
-2011.3064886697466 8783.132647576622
-9713.310081367126 -5355.820565803453
-9969.263797344 3885.5111355304143
2846.684830546992 2855.1340481824664
-4258.571486886953 6144.8373008823
-4895.674653427011 5348.916322111127
-389.4028421170151 956.7637040884965
9245.978922853068 -3246.453286557303
-7243.738732848473 5938.165336677164
6036.934894391259 -8016.612251571635
-7210.445535986089 -311.64484702138543
-7782.119395987975 6599.984126088322
4215.931242536386 -238.93640106646126
-5427.993553682065 -5604.552100996633
-3099.8674785571075 543.5829978762886
6598.40548141623 756.118488960321
-1029.9730387583058 -9256.601323414401
9137.598310503523 -1569.3549919647558
-2492.893752684149 2311.535442489063
9830.157270841191 -6481.957184478273
-4530.926207005446 -2114.2637176251756
-2050.4257209936695 3807.6847335617076
6512.609919553008 2215.524615344073
-9064.338921545837 -955.4144357015684
732.0675259628315 4535.0828562975
-3135.0621918372526 -6740.241314646595
3802.5008001552615 3478.794559699383
-6870.390788172988 -7003.188095748505
-386.9214066467539 -6111.783593524855
5756.897817651101 -7917.627114740735
-7800.388008117185 5738.127450374255
6085.649671331401 3529.330037107702
6632.554592726807 -586.7693054576448
1927.2870581600564 -7771.712827298123
-9510.487334377258 -1304.0194735040295
8873.342779428476 -1725.9714722384397
-2361.054170887769 3079.9136688969447
4071.9594364963814 90.20733891986674
-5715.5983811280375 4401.769316342925
9580.903731267244 -1043.1287355858403
3566.2771973876297 -710.4060613384645
5314.788887170691 -7888.160040424915
-509.2344353141507 -1447.0731879389787
-7360.633194094888 288.3731683414426
-6446.706927837986 7395.071274318321
-1174.0997973904414 7367.94559984544
8146.4163396015065 6206.364452234258
9863.78559429769 -5231.615383938135
-310.20162838468787 701.2612025759354
4539.749791672655 -8745.993528902725
1392.5427512227343 -7709.04273148241
-3772.89695377965 -9954.196031494352
655.8229105633127 4837.178771138351
-9511.312476318677 9426.145256339463
9346.393191126695 -7688.320796675425
-3617.6890923249075 -9526.150104754119
6519.232656241002 3389.8812691335916
7267.62135292757 -3868.0940318533867
-7359.778693487833 -6363.984425862188
-7051.475546670272 -498.48636654818984
-8042.587531126668 -6308.994143280138
-854.5905266294449 6072.5322151491
-4607.8863125299295 2753.2734760283056
-7423.3994207951255 4541.8191443342275
-9831.351440113087 646.5119058488362
338.6084040121241 3937.3652146714758
-5625.669477808377 -1102.5800708276092
-9190.081545366796 -9042.486756105776
4738.829736401931 1500.2662408779142
9963.195049135895 -9249.01514232368
-5855.222866086462 -575.930691989648
1755.954822019934 -3195.1858822198774
1729.0990921249177 -577.9077431179157
4179.899329540131 -8826.279813091342
2907.2389910433503 7332.244643429061
3584.2732924406864 4975.8398500289695
9250.074766246835 8810.901583836021
9048.75663726377 -9103.846660543933
8865.997657229433 -3678.4565756790125
-4133.445489800795 -5619.655071537426
-3211.727526451653 203.54402666664828
2608.5216273190763 -1731.7568343920284
1840.4613159001055 -6224.677195852823
9774.292643857189 -3192.6114083113207
-8449.655595996708 -2320.0068917576937
-303.4421856633144 9303.694512380218
9905.42510086219 7060.543034495251
-2850.215668199301 -8892.44283097566
-5909.228483581117 6655.493557567159
-1975.173542768558 200.1932741123146
5822.595016495032 3534.8773257373778
9466.03151654181 -8663.627228045976
488.6239734153223 -5049.701051905325
9027.610806478566 -3483.8606920204593
3028.9935103509615 -348.2696159535335
2691.185934947731 -9500.498005222404
3339.0182486214817 -4972.379983024011
1996.5907034466582 -6855.505216370081
5947.878246524078 -446.22393995038146
9073.160125863145 6540.404582652918
8824.902193678201 290.41350928463
-4981.106973447365 4224.380511823043
4387.792589633118 8545.648460761699
1860.0298910973615 2211.030807305049
-7865.21964633976 -6672.369561094236
-8766.248101840227 7131.037970292407
6795.37651655966 -8163.590075911719
3971.851134091072 -4533.794428544209
-1507.985456201357 9000.555249259127
3923.3905869273494 9684.78733653405
-7872.435934620304 -6057.585736701603
-3360.4814545683066 2022.317071953914
2061.3246421016393 259.85640467152734
-1046.236659130247 -5280.394942803994
5108.789333107214 -858.7989512799177
9026.291890752742 -3279.062537164641
-1.8946117421273811 -416.0238297221367
8080.7692348451565 1151.944558248837
4638.825790583347 -1632.964093207951
-5152.390229406012 5338.000649862739
3906.1968094070744 -6070.519739721989
-8362.424179303194 5690.424966716269
116.88792967552581 -7061.270823542487
7004.823313280409 3479.160932483117
-4030.2787680586034 -3916.0005662346057
-5881.333697105222 -5672.983038424158
-4552.384012193406 -9489.645987490485
6248.46773324569 4201.958667834675
2024.622860794736 312.38118475718693
1176.243408541237 -2249.6542927746295
5494.572317943537 -6364.511323718476
4886.701682660892 1005.4183118690144
-1164.4739853728497 -4813.319821625226
-8455.389619890404 9821.738347997441
-5253.131192038698 6335.611106838511
-8445.46275382271 -2172.2984150474085
-2156.4598992537394 -8509.389204789046
2408.155852281332 -6745.3593635223115
-7035.442059175203 9063.267979864835
8059.485589260741 2692.4436502114186
-7349.358425724151 8089.090286820869
-8271.433233458876 1638.026746841988
7568.407346539461 -2549.3570798629726
-5680.754866759889 6644.39371087807
2506.2474053569076 3653.4900929202304
6046.895041812788 -8055.56883269491
-2460.3171622787268 5234.153674370067
2407.051754117527 -5385.008061781351
9061.614024181607 7133.231124796861
7276.103495901189 6663.221507489383
-1404.4317266016042 -3254.304391243748
5720.324881808703 -141.50286724708167
8657.684761307315 4864.334754066249
-3000.285499151558 9699.74215788761
-5594.1555883251785 -638.8376189334995
-5711.772046220176 -1400.6995423875887
7412.004702878363 7205.5690365674345
1792.1873140043663 5180.950468448835
-6383.54982151506 -8703.132142844259
-7766.232586005515 6531.044266109664
-8629.662249879984 2592.8023575647385
8076.648909024072 -6691.824765550078
-2554.44180117586 5144.492522150062
-1593.9395169455001 3808.1710805621424
8988.604057674289 -8097.802975494122
35.60260946488779 2397.616623484346
7617.781610185153 -7464.820500761507
-3801.605748679668 170.53202624525875
8210.764146480153 1012.8673614658546
-909.75722353743 1249.2142024867917
9402.142067434233 323.4074496606554
3567.698125256311 -3158.324245795492
-4591.72423661673 -5540.379324576053
8463.994637752585 984.5136725195007
9519.421472286489 -6318.737364407498
-728.9399235981437 6841.443133487624
8446.748442073225 -1933.5822815562387
-8654.0905533326 494.1477943678601
-6315.474004489955 6493.737866556254
6334.907382109308 353.49366390992145
1145.419602359265 3451.166992590186
-3830.4616202877214 -5364.4347580848835
-6450.519396318455 4445.67986599866
-1227.522311910352 6788.390827064752
1395.0793775566672 -7707.518375962237
7522.909847920881 9321.624803494607
-2187.3127220173765 -8808.986476278238
2565.2083834756922 -9817.134378830318
-9799.935718295541 3249.025223144872
6205.2334815815575 -7359.311480822177
7260.066775987645 -7005.1340880852
6923.666095130513 -424.11018120301014
-6090.046686114086 9422.07202968117
6945.960678942083 -3851.170762954297
-1496.2907736831294 2239.216295297236
6843.6396725507075 1002.1792361605039
6906.581395966128 -748.0965613540284
7301.821849239801 5474.785133320216
6183.65981460468 5182.695758179656
2973.0281558470306 2743.752741554421
7012.003592006535 -1261.3348372163564
6247.465919328251 4378.282192833272
-1601.534106261728 4365.162231917615
9805.143074838503 -9519.823916698753
-9116.971567062368 -2121.6825909649815
-4024.667483951558 1402.352575350018
5130.105965363622 -8952.323219260605
8214.049866219983 -6021.891334787683
1657.9518575989405 9204.29412939222
-4579.627590162201 -6739.730880834444
4428.932081020548 8078.504098202149
3347.578932710172 -8039.215414907808
6121.112328901612 -8674.498809801571
-974.7490469381792 4097.726440689479
-3875.7576153866594 8575.76530743151
-6106.375276359235 6798.049789580698
3650.8895465142996 -4648.723476094155
-738.3485603341796 4770.890520565041
-2173.8821222238003 817.3631861785852
3735.362317812427 5657.578763248472
-5783.217933022608 -2906.0583397015116
6423.311182480953 1280.9426156773625
2984.1414709445107 -5271.189258930027
-7988.994896515303 9757.90199297131
-2308.823135085354 2939.5612936937523
-5793.594106322659 6505.740430678783
5768.627590238259 -9640.41689692685
2593.7269268494474 -1636.1396760697662
1741.4436130498852 2277.5428163268334
4592.917101849458 -5630.772694231061
2539.98561837506 -6261.378864644509
-992.6227787618263 -834.8797205167866
567.9752083596904 4379.7015641402195
-9447.39897755274 589.206542904838
4671.844992684293 -9500.390145196961
-4206.3891507149865 1678.3678023598623
-8246.19878740632 2619.408655009549
79.1851213762493 -855.8879257866611
2493.562705242375 -7333.343070866507
2346.060127214494 -4686.190725981259
3491.398267690707 -6078.544340710048
-9923.578631695513 8599.397512164458
5117.742667328423 -1009.0028179098208
227.17150853394742 -1253.3924485802017
9452.322515194799 6333.255813934777
3609.61303176818 7434.170761964462
5918.388130255144 -5770.652376406655
-16.666646781659438 -7766.131980028405
-6434.709386603366 -7391.991877544624
9038.251314182788 2508.694894622611
8425.316177739416 -2245.4638938850403
8473.922177050616 9517.814173823237
-8031.669642009196 -7309.549838550029
4545.374059491369 -186.61321751273135
-7599.546753306814 -3110.9663624169843
2729.8850155202326 -9044.237791168938
4400.631523288193 -7004.178683389708
-3420.7173174545333 -8360.069529585064
4861.64441688941 5352.009428767951
-8642.505613348725 4517.532500242178
-7700.282517261068 -4627.332813682823
5723.235960449561 -684.8600863881802
5819.595277372146 -7789.464125763408
9502.887377686759 6290.916540133308
5869.563010398746 -6359.894763393861
-1491.2537448600087 -4361.813881839531
3493.573894659021 -8274.428067442243
-1606.973914941398 -2864.175161316786
7385.287911802581 590.1778262540829
8688.105599114391 -3838.1783238566004
-1228.5030939883727 9483.345101299208
5468.697042045891 -2872.260420276447
3000.0430941931736 -6654.0803106860385
-3518.2341275218823 -6541.777053217319
3680.0274118337165 5202.756429186522
6125.174793610417 4431.104836215498
319.72364195161936 9965.76107646534
-683.8038181130796 -6489.925022108086
3630.305561228828 -2390.5588710726233
-6923.818591084801 -9756.734231866914
-5988.875535903604 -4815.10382429492
-7432.156691319915 -1632.4691070462577
-1795.059452141455 1767.1007394099615
4356.754723051237 6449.595717876768
6709.173228709435 -1815.7621352654996
3828.8232541665 4211.657874109049
251.88356902853047 -5743.263728464892
5980.666784232913 7630.426947034917
-2511.143103786213 -9722.413521583763
9209.962745812067 8965.007575847107
-1949.1813392178492 6594.406184006344
-9732.000811488764 -5939.586948231015
-4832.52954311459 -4592.365611284738
5196.822159558045 8589.930997298256
-9682.322300104634 -7721.860929627737
-4141.4842648159065 7340.948784418135
-1297.1834475126434 -8658.563386305323
-5425.678744783872 6215.258213559751
8812.924383168192 -2145.3853781558237
426.4487707073986 -4693.728406691215
-8047.02748253163 4455.966719783322
9935.592474647285 3231.9759579666243
8319.217200196646 -6603.749057177839
2112.325498183247 7843.8695652834795
5063.259033043812 6004.386296734838
3290.6884150765964 6498.523306726605
8754.084736126395 2779.314614873032
-9312.536415760836 -9730.18006607696
-253.97232534104842 2753.653080948181
-4709.232517806911 -9203.669141761322
-816.7640134409667 -846.3192917543165
-5533.245557240875 5899.68715931308
718.8981188854996 -115.90891081406699
2583.384484398346 676.2297679904641
-1499.8727508051597 -4005.1290914152805
-6014.637515800823 4455.598334829547
567.0654194952367 -958.4508205350667
6814.506745585881 836.3558823423737
-7462.58084776934 9128.987570196237
-1545.0295181343572 -2049.870453845643
-9704.692924319643 -567.2284498327426
-6207.111690732088 9172.169520640851
-7624.061917472282 -9878.820536881125
6015.1833996462865 -9312.379211015865
-7164.688654754305 -5145.39117067983
-3667.583000021408 -8360.776847485584
3616.776020602885 -3581.750276214977
-6204.270971788903 -4976.450952670324
1773.950416266276 4547.688049686674
-711.9305520321741 3069.2982648528814
1382.1485588878495 8636.047587978203
8805.072393532984 9522.58295032191
-7431.869828163349 765.1723967894868
-9698.906537525334 3080.530701313257
-9189.363383352194 -9617.745137093723
-4338.928891125817 1155.9436920388725
-1488.1662460938514 947.2369231255034
4769.0431738396 1222.1643953041166
-2187.5577921714284 -8994.800968658228
2179.2971277505585 -1821.3033246492841
8720.98961774517 -2608.1248285489346
-1443.7078588023596 -9505.459588671763
-149.7268046006975 -3340.6810051781986
8834.648939775718 5327.602885633994
-9598.215289696216 2312.676460451781
6960.652677232156 -6615.03923139958
-8488.50739613385 77.90238484856309
-6888.118097928675 -2019.853144239929
2668.051824879978 -8825.81554565948
-6548.279522744789 9560.043945598292
4637.1484666052875 4443.727750651933
4760.67612878553 -3084.6224702221334
-5826.645999466959 -7804.525465476881
-3303.424364684948 -644.7996364078936
7773.519332655804 1748.22801925774
-7029.126345280516 -9682.825732664178
1823.3898032529796 -5087.437467973675
9388.458985584843 2201.851453333895
-5288.213209739052 -8970.194592820659
-8516.496151431053 -5339.424362632212
-7165.653619365029 -4309.717512160767
7394.055298768137 -5866.981334198991
-3118.524652795327 6881.925653370225
-7346.773145369952 -8878.216011854223
-2597.173041709577 3074.2491291065126
-7264.997579213184 -6492.09441586041
-636.7288257565087 -6378.394787533627
6477.818955859406 -847.517004810501
4252.971772128149 -9126.466659406866
-1080.7431595943326 9096.100242761058
5286.855134297428 5508.93164591984
5610.319057313174 -6140.921061038624
-3673.595679856312 -8135.323696863066
-7862.067760138016 9662.020661725524
-1620.633478916654 -1591.771683145089
2369.471656749387 -1172.4921687798378
8880.624163024455 -9992.334040851285
6843.249412769717 -809.7691486231251
-1569.870199389523 3281.497814795428
8764.084458336874 -8965.783391235478
-2738.5300384299426 -5935.4980760889075
-776.7929001791326 6892.248060189224
9437.264802535003 -3095.2350981505724
-4453.076073685455 -516.0461920829312
6615.284858083192 510.9732477938014
7088.61227556521 6135.473438172661
5201.806545317455 -9802.05478913901
-8686.21890935259 4214.992988653072
806.3967138595326 -1367.727385060698
9688.084056151045 1434.8634615309493
2134.9594635164776 -441.13668166388015
7663.325388093599 7312.411655737331
-7194.447686522251 -4306.924295126848
5966.6657379945445 7647.971161675232
-5955.886735755976 -8407.953726359092
1433.3760195080195 -7429.949415098896
3814.9202831923158 5072.707663465215
-5216.339223611928 -9486.017300074927
8663.24056175557 -3377.0797694076646
-9970.786773843096 -4558.216993054795
3395.2930424451242 5256.02108835947
5605.3279590731745 2677.372221524767
-9306.692757509294 -8611.972528745142
859.5579227876533 9922.710958208856
7861.108049228133 2570.613286751326
-6811.9524395249555 -5663.199022658878
1118.3167526189554 -3708.100038275006
895.8383649378648 4000.9240617433243
-791.0785104661918 -4438.9935344278465
-5232.402543085519 2659.884689951925
7562.611958837246 -2378.7984856893045
-2629.6239864816844 320.43313024678355
-8155.052629943482 3890.4154827160983
-6729.8434980762195 9104.456493595757
5455.064566158948 -9893.223664984607
5629.113297467244 3695.9172823663994
-622.6975340493591 9660.728160473387
-4939.342100283122 -1213.0513203656392
-5234.2261937100875 224.21915997735596
5154.502175477264 2119.8965163892954
-1261.4366227139399 4041.32383288647
-4255.874775863777 1038.5192358937184
2080.8982708554468 -4376.401349701786
9774.190055672221 -7097.034100268955
-6095.719234633332 -2902.6453188416053
-7464.390202186854 -4710.456419685618
2781.248712549648 -8921.047919868148
3071.1179509217072 -9412.291466350312
6473.05836365719 -6291.884322158661
6714.357459504259 -8576.893134991238
3090.26732759878 6348.186414734631
-4989.340766968078 -1723.085042067969
5373.83363884521 3466.125458760518
4677.82805370065 -1261.8897523897867
6757.011656855389 -3666.003190197611
800.4280196037962 9016.73792689767
-7034.021723391859 -2552.451437238574
-8888.805670632182 2662.623078744511
-3860.220503237526 -1063.5553676590953
7998.374678949302 8875.396959433929
9797.848066043134 9744.57554678266
-7212.057163144882 -6641.895017667028
2455.9895302373316 -9012.196796825318
2884.7985299381708 -1641.9269316986738
5289.403188550206 6650.395737679122
-3482.7939569699247 -4644.87931215047
4963.947065168635 7660.308145934319
-7886.096284172121 -6201.39833607658
6604.526249952396 -8612.618636528026
9753.445124432415 -7638.824385445427
3842.1225545866164 5737.431420474963
660.5177491246086 -4631.395217041263
2978.6633829800758 -2730.8924563510773
-2615.8871924851464 6381.293129676795
-3468.4409758335532 -3860.6931641421797
-7922.39637608872 -6655.327127957198
7767.412033612818 7186.83805706217
-6789.079962897793 -4708.036284259862
-7692.952444981189 -3907.0698558392687
2080.1860357716123 9274.233849730852
5481.68060939438 2311.097045710734
9640.328242543656 -1990.9128819813368
4842.678453765839 -3662.24012887798
1471.3209666185994 -6319.273617448111
-3924.954161611602 7898.9552318500755
-5901.099331555484 1390.5315978403232
7537.408896984183 3757.343027964982
9425.727237405426 6948.704220356882
-6251.067132121287 9097.651849797003
5689.126939860105 8013.942240570166
1366.2634736985074 4827.592307441979
3146.715991549685 -4970.500893303724
2541.2417163077625 -5364.817789022766
-9398.64701226639 8970.412460215917
-9977.207829258574 272.3366732713821
-5087.973271729029 -3391.937596112917
-4035.953849361773 -8711.529833567285
-202.55980978473235 -9185.344433130305
2118.416380766319 6316.776863389479
-7475.785657665412 3371.61697181819
-7044.009162194445 -2980.243571582695
-2518.221147900994 -9187.710504152496
5204.282858369124 2929.457732412624
4181.193554227239 20.73809904971131
7415.0097132027 5671.821270239876
-6124.72503936929 -375.12888229456803
1381.2533728848466 -5556.597486211567
-6217.419134079279 -4336.5089980585435
-6423.009032170117 1112.6753972040842
807.9491980041184 -4426.70453683164
-736.3468874412283 -7052.9890567467455
-2312.551080088643 3233.253078097907
-5493.983187542941 3720.332590420643
-6354.244027072353 -379.8071451169435
2062.403651507171 -164.63352691359432
-1060.8780772029404 8570.838446086771
5961.797907002354 -2901.7013386005683
8067.261004543296 5211.941217182426
-3446.830952402888 5912.564204533113
-27.36091897964434 -4188.443615014423
-7090.068641467844 7912.399408905596
5205.7963969518405 2120.9255126914522
-7304.869101117834 -4564.309090193244
-179.49229350652058 717.8273151894991
940.6056033531877 -3260.432040116192
3672.717581522338 -1571.333803678359
8666.027632246169 4491.0802449365165
6832.371896652581 8597.978546303264
9861.377947358451 2819.222977620013
1977.3913470413554 9790.438055660008
1079.0784712517925 9093.46662725553
2924.2236620635867 -1548.1525431360988
1729.6482291089014 -9402.14203006684
-140.4649864568055 -9877.985111643888
5147.4140948126205 3398.6684783878954
372.7798729293718 -16.1828370621879
590.457509056705 -9042.530246700826
-7950.463881111827 2849.152593828112
-5438.3552845132945 -6579.581206900011
-2829.352423716029 -4876.093471113992
6185.229139915735 -4981.550863079671
-7027.625686942059 -3139.558191445455
-4153.812560001291 -3358.03118250878
1957.909250862207 697.5444947242595
8897.089019200615 3407.5596474680788
-4089.228300008971 -3695.841095461481
-3040.0227667107374 2913.1002312483306
4545.746528116953 -6115.3507677325615
-1801.6255186753424 -1118.3727904991065
-4856.802356735632 -1630.2673778688459
-5092.8099457788 -2976.8473070364034
-6952.268884848289 7108.63986931062
1865.9741437074335 -4802.426394169111
4572.351742246608 -1805.5452902339111
-7876.403029188348 8340.709444810047
3634.4045772846093 3996.0044232801356
-1769.8901965897694 119.40515894675445
-8640.250346075603 5036.0615275466425
-3595.817259497132 -2089.4451608801946
-6073.221452767845 -6952.951743660004
8722.18973473984 -4547.2053268268755
8082.038000224893 -1148.1911222385952
4137.644236073653 -1601.467970967642
-3955.6287928240527 658.4536969326855
2987.3654949761603 1997.8735921035277
-8075.336218906233 1424.664784095652
-8386.59675421443 7274.928245815474
-9676.587644241248 -9861.736632177626
-6172.5976338338005 2310.8645133716745
4428.518721698998 1177.2497841833356
4166.750369470354 -1372.9919925898248
5720.8384197027735 -1646.0712565327685
4239.504629848252 -834.8270475508234
-9694.806340225403 -4185.857546278733
-2072.2485900912525 3991.3236179534706
-2080.295195286628 6654.0345396379635
-6183.2916641537695 -7397.4280751985425
-1163.5471783499124 1933.181663941239
-6060.4641875720945 -2403.575058042078
1151.6385844887482 7704.331368400864
-3224.5251356174995 3465.093916753276
-3626.429605451176 5746.387015952001
9411.59870107918 6406.594683657968
-5248.044206744999 -5121.298880537551
8876.102562009197 -3701.7354405463166
3452.1382006197255 -5948.876857706091
-4126.267958990137 -9642.765417530907
-9536.92816592324 5845.677815239234
5501.588707525043 -483.7013142321539
-4962.017143028011 9592.133938578183
-1003.7774151331578 3172.527115942057
-8498.172370764978 -3008.84996022265
-1839.4351001694795 5719.88280268442
7419.806740606986 -44.92952159733068
-158.07218849101628 9155.995885984128
-593.6448924607976 -9682.129479893734
1679.9254579014505 57.171364588424694
264.18533106403265 -5867.862070642093
2315.866471784895 -3655.405504864091
9678.110764341156 -537.6017849067539
9352.78131256533 9518.622221092759
7348.5419551968225 5900.487756512832
-3422.0580468013377 -8583.057530684297
2234.697759874305 6470.093871022815
-1692.6399766582235 -8943.708080744189
-5512.273006532504 8153.975911833961
-6815.5757996274515 6746.337884808494
-2310.8918770937726 5968.801104490396
-7637.520517351761 1418.2208532383102
8169.824509326143 7328.920895519597
7723.820473069794 -5010.826846473153
-4528.999094032065 -1618.1670712468895
-5364.783910356044 -3411.4676315061397
3416.8114239117767 -7935.526403982231
712.74950281563 -8400.629637712687
-5194.349309631226 -1179.1133055813643
7166.398383280379 -6276.13238209229
4385.699499211467 -4761.762883953797
2517.4581215647268 -9340.527396092255
4566.183926387914 -6700.4787813050725
-170.45502031993783 -6523.216295754719
-3774.225327910667 -6482.2448030944015
-1933.409993929984 4419.00724883419
-6985.266218438912 -1092.1888235336792
-4211.12294164578 5596.740929638467
-8292.428696108975 -6431.510582000566
-8879.154239587266 1930.7508895802457
-6551.866484349099 9588.809696198194
5772.027967671236 5699.301769088097
1139.1939508843825 -941.0766956272528
-7134.851996337903 7175.520102326227
6763.779800277505 -5842.5563783327525
8423.071998447653 -3905.8318662313886
-914.3771208625003 -2396.595570525211
4588.943383555501 2066.112244531356
6961.280190345013 -1797.5376012584238
-998.4945241016139 8562.682372333955
6406.618760315439 -8216.64107933229
9220.26397485279 4721.019091801836
595.52585099526 6512.073541869489
-6307.203890658386 -8024.586937418879
-8871.140953293474 3387.498842417699
-8520.825232150997 -1601.4533774236334
-3803.203256321439 7663.877741885801
1796.1303226279942 -7359.540464667782
-3332.0739186805404 5011.64837102889
-8583.773125521426 -8518.045335836436
4673.538139898812 7419.743871363542
3054.985680560554 273.085901090255
-9084.224879974554 -1841.1837605978217
1101.5516511572569 -6093.751036365143
-3286.5749460457864 2566.2338198759735
-7603.854531712097 -2522.671494892441
-5290.696039285734 1980.1348522496537
-769.7919357742649 417.24938088532144
8198.346161661928 -8158.7892901257055
-657.2086693777819 -4369.820018170234
-6804.347494549883 1797.2942953048514
3409.420136268971 -3946.441726295933
9648.924541446031 5587.256965834855
-5632.712100979215 5058.996367551716
-1390.1444102760906 -8452.90403970376
4893.32082248874 4242.052325131888
714.2090399512672 772.5216312781558
-550.7066239683973 -7597.266726531165
-2019.5251284096075 9288.750879980314
-4469.166954072659 2897.5276944006146
-4277.849530681939 -6980.378828860752
5104.816412441138 3047.6529586003617
4278.832965775229 9914.544663781122
1692.306773917293 -1082.8813875119722
-8693.499240381923 2283.2290983342737
1151.8432631467695 -8471.887075872046
-5472.524235448024 4204.500535831852
4940.54658984534 -3539.882931591378
-7874.250875425792 -6183.034898053892
-6521.834161206816 7783.071461126718
3383.491047857304 -1634.3431474643203
-5788.157466870507 -596.1837595285651
-4310.275427620898 1070.2206550015671
4077.028231695962 -7841.0710311291095
5712.303811014739 -6803.407163384276
-727.3576132123053 -6633.9921481773345
2309.489101537374 2155.5390808321044
-3383.776027780601 -2950.6680179707037
6667.571793175346 7017.821437968647
217.47624834589806 -2315.247918809194
1186.1492744178759 6527.177072212486
-5193.737064763759 -1937.4324843820732
2792.8184731577294 -8491.32305118429
-7226.225605315215 2746.0482710009674
8654.206187104424 -6488.525566045538
5833.236427546088 2607.1682585254493
2660.4083893442894 -5408.679693220673
-5820.81325662451 -6949.969124770954
-404.9274286873315 9329.655317859619
6122.005485356296 8786.354883374504
563.5099479315777 9502.4907564602
-602.9573140706161 1406.318144104389
-1963.6186317018382 -5746.317792721187
-8304.665792820459 -7508.0560988500065
1776.6575797374262 -5806.374239938201
2435.567493127737 4649.132474601882
-2047.2910029062086 -3464.202009877097
394.5977706118192 5588.340920857938
2900.541571550537 -9800.025301606564
2536.4870643105005 -3737.1763508775402
-9716.658915731376 -5247.63081806646
-1772.3134886897205 -6922.750916249399
-4193.343941323313 -4880.668617957458
-1.3623321750765172 -3691.5820853835176
-2817.2977615814034 -4797.335703245758
7109.731689321117 2133.7123833698515
8697.419050540942 7841.011957128645
-8597.786512405482 4041.813544724533
-480.9198302214354 -3996.813463113418
-3737.720165493468 904.1249820489502
2797.40227756895 -9334.298711721247
-1000.7255655381159 3614.2582051538684
8637.262310899005 -5481.8104161347155
4536.539061046844 9956.827278206038
8191.284582195105 -2543.2078319375705
-5963.862946511993 -1754.279430773604
-1599.284612211477 -233.00061297260254
5926.321709569342 -5724.086870453025
7324.162618907183 1963.8471410488219
-1226.7246928017667 -6738.2086451951545
-1471.0698792210114 -3551.232397234525
-4463.69105794586 8688.8777781959
-320.16368853451786 5458.800586201376
-3031.643102821844 -6615.268555060609
-4754.44222077585 -7774.717587939496
-1728.7334345481759 -5381.2731404423685
6152.702087148005 7825.531590830542
7588.039370812236 4669.29943222076
-9747.037293560523 4902.458942117524
7511.827129338719 -8948.82559819744
-3371.1291108750484 -8756.56773663397
1514.1515265567596 -3526.0236018062715
-5951.185888272956 -8848.860360940396
6042.473086974149 7607.55213492913
9292.14204966303 -9394.407369562685
6009.880937272932 3858.21624450351
-5399.652942653932 3407.8233902360244
6497.342472584925 -7385.9409406242185
-4829.545653400382 9812.231682907113
6711.602492743168 -4203.651821186009
7391.911913959371 6595.951507926198
-6410.5210797688915 -5942.029536106331
6438.440706427333 8079.997057451124
1911.9599892113583 -401.2455432360239
-2138.5606188042457 -8691.621537296534
-4610.842241120447 -3678.5603360112536
-8008.286014094872 5407.757702922303
8899.839392360453 -3069.0552324060527
-7758.550265409883 5091.644004346221
-4083.0940142742493 583.50703128452
8808.50060978168 1339.516935476091
7122.8447584868045 -8178.837565349963
-2179.7750981205663 8472.68245617588
6316.845915239503 1780.9524163347814
2614.25918230197 6165.07008268336
7937.914695226653 -3952.8646752641207
-1361.2275230487485 7368.584181581478
-3124.0126904792696 18.605088202712068
-3635.1013850913487 8699.030097293922
5715.694667930817 2292.6044023448667
-2360.79302005467 -1479.9578226102567
-2844.9107062209423 9319.746548277613
-9935.775605852794 9778.847278028301
-9935.70248038655 464.25340256788513
1280.1707662825993 9589.102220107488
-3503.277922070094 -8392.776529110459
431.2431784057735 -4377.550988741954
3938.0703417914756 -2440.337127045722
7634.920936203322 561.846390451401
2176.1478509697245 8805.897932554435
-6067.06189476709 -9813.87626619867
-2603.0012769639434 6476.9142932953655
3987.7077768324434 -1903.3657863551625
-2539.347193725852 -9042.937833811995
-8301.84412428814 -9336.728694596188
-8217.63095424981 -5843.528751101532
4944.068853179922 -541.4769547419019
6842.947727330662 3235.4415748538613
9828.216358506852 -4735.346621136964
-5925.683569273388 4445.958150914403
7070.666813291347 7680.496261408545
714.2692410612381 -240.59137797573385
3619.877882444591 -2579.244027411636
6196.8824272672155 -3921.5321993768666
1080.285636225115 4592.123118271193
-3257.201278788355 -2914.9634516746573
9216.282520303117 5546.901558845038
-963.7921867559835 1155.0160560663717
7577.629332313973 -6643.723991504507
223.035270299657 5274.613594594171
1201.5012706377474 -7488.273104212156
5937.483261778347 -5478.225549103031
7381.5242643304555 7154.5279363977315
-9338.266048853988 -569.7510836061938
9654.31133793173 3949.656912987224
-4553.71273776823 9432.702153077713
2439.173718374086 5661.856684582721
6866.0452494454985 -416.8125574534406
5176.824970866448 -442.00271394732954
8059.932413057777 -111.79710210698067
8348.069320366816 5951.282815201017
7799.476326133557 -8170.534690133569
5413.597439638877 6519.27079464975
6754.446941010283 -4959.566799710722
4501.200029359237 -530.939621096848
-8528.701134865109 8602.525957871647
1576.837337411389 9189.423526782735
-3947.184008474949 -3944.115350213273
-7128.825222571813 -8278.94581978046
-874.9710073672795 -9026.572527423126
8493.348425949367 4192.523192418543
9400.106713549481 -9174.131171847206
1448.8823510327638 6310.919343183847
-3008.393393357547 869.2581339023
6688.821591171756 -4937.419473292892
9611.103918811037 6915.5245238359275
-6647.67380970676 -29.28580529224928
-7127.108006563678 -3899.6055189106182
-9974.89402034163 5573.11083046756
-7843.917724049276 8141.979508640161
7621.240862747727 224.57100121000622
9821.117053380705 6087.21899967205
-2593.91302845255 -4104.9347129092475
6050.333921896436 5172.282229302682
2713.1295271787167 2326.046784322667
4179.901711163684 -8823.072278920288
-7932.212605119756 -9276.239720601568
-7886.914353458745 -4468.260595255042
-1283.6564018091904 7109.779794258622
252.47149187007926 -6558.9505422192215
-3031.673359628102 -6484.578916423882
3361.421403857674 -6586.724075259065
-704.1767854823356 6398.081764278781
-1137.3025822940617 -8155.696462224047
-206.6436831604351 5973.970398894213
-2695.155545475567 -5321.555452888969
-612.8670162270882 7603.080945018552
2074.5806467730763 -324.5803014989742
6092.598612605178 -3071.3095417018476
-5093.905553837903 7440.712965056333
9654.414139820525 -5834.946954342224
1335.8126944503329 7130.547450983209
4063.1159868817904 9743.373234339615
5973.852097126344 3621.6517184281365
-6272.12597457735 3467.552249473105
1311.029337445496 -3060.1230648170103
9494.930756868696 2397.5932969825535
5752.953495477639 -8129.356184975236
-763.5559798815775 8869.980473838226
-3329.609915844211 5928.097236261126
4394.6272278777815 -619.2748606750047
-7522.262708655326 -2761.249884464756
8651.229955235605 -2501.791914707698
4099.103546575032 -9600.680303867668
7802.5541871582245 -460.67313821667267
654.1546919157136 -2002.6562513704785
955.373768024816 433.8796203819784
-3206.4767041835366 -1762.912429314716
2319.2554913588738 9018.520822465198
9836.26121593848 -5007.848664894854
155.96250675869123 -3056.9773597194617
-6290.555181709529 -4389.902370120384
4856.758638235902 -6562.007600780351
-6337.279137979226 -6076.684669328633
-8346.402074643855 -615.406879122027
828.2211510604848 1174.2617566220433
-4869.664209488347 8443.231957660922
-1081.0582033759529 5942.107666688344
-7514.74154196263 -9560.427622898338
6706.328260451173 5661.731906458062
406.374146038037 -7227.351825799568
9390.47555714667 -3045.0801237098603
6456.081266695979 9301.24996624275
-425.99972437046745 -252.4914136340194
21.969675135540456 -7018.827705046422
-5726.701869068951 1025.152881663369
175.6775250425526 8467.308612129153
-1751.434507778622 -1915.7323114161654
-1808.1226060290792 -6039.014199107276
5906.602968440342 -1736.3682210781662
1014.6224902858794 7774.346638001607
-5871.900467606375 -7603.97818555758
-1381.5584174238156 -5600.013559246977
-3406.274963502964 2598.172223616073
2996.7289070461175 -2684.5482852405094
6531.032685940878 -8478.75429127143
-579.8759338008422 -8681.369384507982
9276.83058918906 9812.919730004633
-8357.258133000832 5881.457985165776
-1352.677992646135 -8703.911950972004
-8105.733663448016 2825.763648542692
1830.9868449525438 1248.0925104395337
3781.0718645851175 -3433.48785740484
6366.82593846632 2168.299955629922
-8370.296815386957 3234.071604324092
9743.24252214659 3550.748720957852
3341.19359245558 -3821.432439095509
-2749.500368749971 7432.496058943441
-4515.145468159681 9675.778259189807
-3057.656296569662 9867.201437862961
-854.6610110898418 -9904.563028607223
1910.0369684373181 9977.383705414308
2946.9210290671217 4359.209711407504
9544.709871781677 -7132.287486811458
-4285.897604757949 -792.9728952333971
5061.585056132915 -9564.42520221241
5387.808470810456 1606.852767547205
-7717.705560543749 4994.086994701203
-6898.410833536302 584.3784925092496
8519.157633129274 4626.616297739642
-8267.594150795108 -6184.4640006291465
-7622.0467283784465 6320.78808246388
-3224.2709794004722 -1483.861237047453
3393.3670616112086 -6816.146858333119
4054.8407541877314 -4520.651567270073
633.9519334641482 5420.2087617422585
3559.3805526335036 -2446.9093107011577
-6238.891950513504 1255.7582565502544
1618.3397753689296 9415.93415029518
4499.226966866097 3622.7145708467415
-5352.145692225346 -5798.6362280731355
-928.1888700994714 -8827.653146050061
-3125.682536800041 4336.77762061373
-7118.96166705203 -1937.912465783933
-8281.527951556853 8904.950463217323
7555.891150556239 -4032.6922481017345
-8063.684008554528 -2097.8931405533885
-2533.3733125532044 3896.9980872989745
-2852.204280883806 4958.155370197166
-2098.9749593368924 6646.469051756965
9044.428168280218 4401.044584078056
320.50740981986746 1099.1229535993734
4352.146872680207 5988.60167248218
-8538.131538082778 -8906.772805483532
-6464.1810655306745 -8802.37402711225
2523.0256328672713 -3801.4568979895566
