3472
-7051.853690892216 -2420.5820895694605
-6130.177395419929 2849.937888071325
6800.580373878827 7103.644099522382
-3011.673131463841 9660.283111577635
9766.84925537161 -6120.733359782631
7102.31905659835 4327.656859920075
-1792.9947869958887 -5058.333104556574
4737.39604563958 -3476.5363767125336
1457.788776851723 1564.1970521184649
8166.228476979362 -4881.499652205949
-4332.919576489966 1826.0253886054343
465.4541924078476 8545.15504655868
-7202.254890446338 9608.680403087052
9056.717170279579 -4580.829521355925
-8611.605752315883 -4226.1417077911865
-1686.4777564510605 -4441.684727041977
5053.117593055456 -6299.1613686191395
-9477.399230187004 5773.560821639385
9721.775270994764 8412.63180310412
-9179.48146594185 9671.661698323507
-8733.035721439344 -3804.229033454434
-2316.7253044476374 6196.31202368632
-8566.685668547463 -80.57132419966001
-7871.305324518833 7748.329608102802
1879.2882478398315 4185.336982001743
-4001.570838847004 -4536.396746922471
3661.2015007893187 -6009.245271412105
-7481.586936087337 6590.825693265939
-7366.295373169034 762.5181623899971
-9206.327027764584 6899.301169523751
-9989.498123322615 420.98831845101813
9975.39372638677 9660.411416307514
-8276.390462823729 9558.486390822447
-1454.8098654543082 1984.6013263478762
238.99727797175728 7867.598097926664
9493.563949262614 9159.025689385395
8130.97260150205 -2369.4996148860973
3126.554259187773 8119.2755274548
3987.2150490004697 -5618.749730752088
5816.620066832971 -7698.107240017937
8110.884825543588 6778.7577430828715
-4779.173279302413 -8137.3412962478305
-1994.2266999397207 8278.937652474779
-9678.55933478788 5608.918954682671
-8225.017272136356 8370.330331518297
-1898.9377859512315 3982.496133204537
1333.1648332237528 -3061.752240363151
7746.467881299908 -3956.981038950411
6726.8714505581775 1748.2980129150947
7982.349007464258 -2360.2239244657803
-2122.8955387447113 6090.901744555829
-6531.814229923088 -7176.510843732589
702.6809837313795 1304.2208125382313
2148.5055999726483 6037.6756492970235
-9147.430729689013 -2806.3190266624115
7028.820019619881 -1257.4440034488598
169.86765730914885 2292.0575163726116
-6943.437280288683 -9137.258106897647
-1470.351959441965 -4545.121997415023
2618.378897384073 4813.220403258647
6837.3963740776235 461.6724416462839
-8377.84956523576 -2153.566694491542
5744.335484864641 6094.384388984274
2214.171181035719 7076.52928894397
9030.425125247453 5590.040605658383
7888.921547710663 775.1502128616194
-9374.612927338692 1415.5480940029847
2080.9157419748735 9396.393818188018
9882.613702373736 -6011.71307487675
2285.1326848002973 276.87315013397347
-9009.634818258679 6266.924679269212
8334.572127332536 1070.081821152924
-700.8136574290565 -9937.319450390201
5670.505459246164 8712.54132931905
-136.0009493762227 -5527.957609616685
2273.0197725925245 3082.510362196019
1643.8721580037472 -7992.293598769103
-8623.5000026017 -2499.710960664789
4571.984654887008 -6194.683201373837
1176.7022266118256 1832.46007003671
-3897.1551090456087 1709.343219800503
7443.12067409213 8200.669518798699
8863.348321200305 2092.223326397394
5282.374899037473 -5841.160234990339
-8321.208045076399 3936.674804973245
2255.3763621567305 -6309.008254791342
2514.5003514733708 2011.8718195098409
6633.064814278303 -7504.8753709746725
3768.2347501005734 4899.950194527555
1782.5303905727687 756.8920823136141
7868.104109979118 7180.092237231609
507.3843092967145 3980.092430457673
4275.22321011315 5253.228858038572
1623.2522344641493 -9570.733323763334
-2240.1189655835533 -2908.8343605760538
5131.3090965297215 2352.985668940142
2214.539234380887 7619.730370392215
2059.8059824015218 -2605.3100306040824
4286.485219407174 3496.3219096302273
375.55562565866785 -3538.781957186441
-3242.481597074662 3718.0104882835167
-675.6021139970744 -5192.551051912331
2867.561923917745 -4202.868014035186
1141.6769572219946 4208.762193915416
9673.63103545957 -8832.902451723012
-8719.196416816625 -4168.694471241283
1055.1258862740488 -1968.0858984937968
6140.006866384028 5773.327446699432
9120.934524808723 -4951.295297927236
724.4066877701589 8239.129960868726
6543.3751393644525 -4966.7144686664715
7762.572730958651 -5079.530884265231
1738.531598984213 -5695.350327617845
4503.768293754425 3398.5115418929017
-6167.929303730209 -9665.019310984702
-6245.896803289426 -7757.258772182294
-5005.845064374676 -1952.396345467595
1666.8571497448775 5971.486691145326
-6003.393409399558 3406.0627483527223
-3615.739140212202 9152.026037106472
-3259.9998828562084 1863.295235751455
-1164.9395010710523 -4343.49844417913
-2982.1075538593323 -1209.3484296625538
9824.214187390684 -3546.8381347332142
3929.94091034176 -817.7044233875495
-3991.89510692755 -2699.265854236781
1125.1767853705896 4731.295558160884
1430.686516123409 -3673.006146646274
-2548.7566545908976 7799.505511182397
1003.0092110372698 710.906730413597
8604.934592570491 3854.1079850608003
7640.5970941912565 1550.9734787542657
5023.905276501515 -3380.5224841227855
5730.196359127487 -3509.2944031676752
-7471.055192119573 3493.802421388091
-9820.577380841965 -9214.56634090981
-879.2464549754168 2705.688286184437
2509.8884169408284 -767.061544787035
3854.6802249385364 -1763.2624761218303
-6713.592798562749 -6246.338428884526
1861.4112717221487 -6288.105873802272
3631.9100669081727 -5605.444021487314
-6648.859912168971 2260.110730893144
7659.74011552304 5143.893771333707
-6166.728577992329 -4226.30989446916
-7637.978058045865 -9817.346393484459
7803.24443271014 -5954.582465881568
-8175.16938976105 -8938.636356015026
8792.597068252318 -8061.599430804709
-1402.0800946676663 779.591574846354
4947.918830685325 1044.300820307284
6628.804057393816 -3141.4809423946717
1198.8712314350923 1211.4229980906257
-2621.9916629882837 -7764.653531968706
-3405.0068032960953 -3125.0774002239214
3564.3426006467307 -9828.458999133709
-1464.4735883765843 -6702.847045296858
-6553.9122379957535 7355.224955553895
-5613.957424031566 8626.974419605136
-7374.003180855544 -2008.7143017425242
-4629.825843507864 -887.385653163843
75.07428274192716 -9088.934025987257
-2355.7131329155427 -3146.543456926148
402.09350488434393 1596.7760589365935
-8892.53805387125 2151.918720654132
5352.876100720627 1504.051732528471
7768.6861851709655 -4172.64901503007
-5894.6370608777925 -1820.6363817945712
-1612.3164452143774 779.6821372005197
4133.553679227014 1407.2569337500536
-1374.653113023649 6641.309692616418
-7754.585507931533 2985.695914644377
-5915.735941649047 -3468.4821697580073
-1143.1107205990793 716.057034642914
-2610.6329363833165 728.4869855698544
7646.179609855339 -9192.400117460364
9853.249075466334 8499.738116982095
-2560.511899887323 -2865.473719486651
-4709.750214987427 -3617.3599229693564
-6488.546453784229 647.0205239724655
4187.9171758884695 -1117.6154954449503
1440.5383930354674 -2274.0570908153204
-7285.999168299084 -4144.379915603567
8241.655051868474 -7615.8705364819125
2931.6511534989895 -226.2878377262041
2705.3550185664426 -6044.4655060461555
8115.04590362027 -4389.617730617246
-295.06596205472124 9276.734156261751
202.17741180513804 -3725.7432077487083
-8310.16871922076 6353.582759394783
5191.082700441675 7307.639256246275
-5334.251934417087 5119.110845741428
-3319.6847311886213 5998.60366086984
5668.921271887444 127.01413311477518
-2225.998180037589 -7895.720736987621
4074.0369329573077 -111.61525904430164
-2783.6523357211163 58.9896549381192
-9967.71334589004 -1952.3976289241164
-3110.0070877842745 -4158.319902211909
-81.88512922193331 -7293.412785431195
-5292.8528213625195 -4397.142620047374
-9129.780768429784 1944.9084765063417
9441.968694709569 -2297.961578135192
4344.4118526954135 5946.506785928872
-7802.822957794289 -5017.506792615552
2052.9766673872055 -867.9194752762505
2967.4263956912328 9910.843094540793
-3252.818107490576 -690.5301994925721
156.49523253070402 -8365.13513885896
-4993.349999840766 -4907.359746977325
-4075.1247924626878 -8936.384769388265
9531.309685622346 -2296.8334737050973
-9111.11493620619 7749.795963553584
4388.688543081107 -1243.618438854115
-2038.0493417294756 655.0403581923692
8251.338384006984 1747.6503831215578
-2976.762167103715 -6195.409998204343
7866.210505650364 -8307.497135891366
9618.346420453687 7388.619629154062
-3170.159525599678 -5262.361308574433
6041.311969252294 5043.235323631059
3200.2176196343007 -2451.8936594893366
-4083.315981572484 8844.96293664406
-6441.738149435547 4889.235354868742
7794.994997961538 -5021.680432361113
-9161.152377316947 -6939.823071602979
-6705.553368194097 5086.848656797087
8583.359410196219 6699.202224193839
-3033.8082796924955 -9006.232297544824
-4777.219353913702 6969.175154883607
-5669.896732351885 -6220.82251153506
-1417.6384777304756 -9755.094333799954
-2577.534929734722 2126.540573841052
3005.9329130239785 -1837.6297883347052
-283.45333199902416 -598.0568290761294
-670.026963503693 -7746.937745990003
421.55260393004573 -5894.589928732344
1394.555730959606 9375.027246054844
-8065.028029711465 -5865.654085742395
1860.3507534229993 7765.403993028762
-6382.113578345234 -8275.059190717924
4807.868267143336 -2222.4126503889056
-9917.681853862217 -7011.828528612563
2927.175348185243 6229.400260801678
2824.2402248661674 -6367.198561109762
3063.348796395914 8776.954064993035
-9694.600912893728 -9231.431906053425
5464.943431263497 842.1436131379778
-6518.3742060820605 9608.53235497719
9289.810376943253 4360.019081645312
1294.8512802834466 -6559.665980831089
9754.605888273909 4975.544830345718
3790.5692944727853 -4588.10842610378
-9228.617783794301 2307.549732636944
9292.017342639298 1477.8541374887336
996.6751390558384 -5489.056389113031
6456.887761621263 5278.906590328499
-9074.473592397942 7606.5600854111
-7938.102129478229 7776.798339009951
3994.931779427079 -88.72820736317408
1005.0948281245837 7143.756222718886
-4381.788848739221 2389.294348243813
6285.289830095344 -2294.28174860965
653.8483284850627 -3141.109738795196
3612.554406861542 -9335.39197878457
2019.368798593894 5726.949302552668
-2176.759780168216 3875.654718287895
-9007.140200233036 9287.224057538391
6417.515417180261 3131.5339063136344
-6798.237931199717 -393.74609697110645
9306.94053241457 -6794.10324577191
3380.605524669547 3634.321165604071
3254.145222153693 -6665.365470483722
6686.379773708097 2417.037971140324
4506.183445599001 8863.99851358652
4692.267029058519 -1853.5382724602223
3767.6935253350166 8470.489212756976
-9862.50163696685 -3721.0884487542926
-6070.489899389944 -5341.804245396304
6093.124156293965 -3940.0620483323755
2862.9045430234582 -5834.935508904356
2410.5173644296647 -464.81955263144664
-8890.827175112863 -5539.662276142139
5151.461539170692 -3510.864813948773
-2561.1918424445594 -7308.797861252394
3155.7114379094655 742.1220430683697
-5975.964153695104 4237.459103800718
9983.939120338153 1849.0378502535368
7363.013679084441 -541.1911748931652
-818.990943843035 -4518.249352252231
-8886.460101239458 -729.8752129061268
-3863.4347688019234 5640.280714201441
2638.628129679337 2855.8812448353056
776.9344208399943 -7673.810531712406
-3664.141518336736 4135.662434596232
-8095.613028074215 9424.877412451766
3716.928488657504 -2481.5163467275106
6206.828735919851 -718.2160372219023
2723.367351879402 -1965.5848662947383
-7206.975965350511 2820.745639683644
6908.910558040519 6107.802859551941
-2434.5171712993333 7041.0717380874485
8888.552477471614 -6962.86477662156
-9174.82036309168 5343.156594375123
-8151.160732311289 9672.414148967862
-3790.7002271811034 -9629.256102952824
-2066.5158587382275 7831.647579224336
9395.239359227311 -6078.765177988504
-7037.073493730459 -8326.127094822594
-9038.880943121843 -6036.288642131949
-6784.019215571937 4546.903275977973
-624.9008464776944 4917.629021237508
1896.2599565115343 5753.760784421651
-2707.1783020117036 -5916.58581919001
425.5835726435198 1232.5523677847668
-2825.6707071404862 4479.48428563766
-7148.889637996766 2320.316858570195
-9311.156477422815 -7671.513022315497
-9577.52354916263 -2427.8407631948776
-9542.180745427067 6048.8370896147935
7789.7387668379415 -5967.23247100043
2393.7236133262904 2845.9138198533783
2292.4647714709554 -3591.8159648424507
2224.0104562760243 -1139.4414263319923
3454.8330925147147 5261.49263165616
-9253.191858947208 -679.2060840592076
-8928.851992532329 8656.858290072323
8946.8524490393 -3744.027049030272
7160.695146361504 -4397.859507767496
6307.240901726043 -6929.159402925192
9590.403359979042 -5808.922547784477
-6515.392184301585 -2359.726240677631
-6691.696299399404 -7478.171095227111
-6027.642053779526 -1426.2518570910252
-1099.6891452569016 -3730.5637781186915
-1541.3796320727506 2911.8637373130805
-2422.6179621087103 -6784.452674165506
292.61896409729525 7755.536320252926
6719.642846693314 -7910.468927860073
-9194.8115696706 3191.7447740373736
-9251.40871886684 750.8893599045168
-813.8049558087368 -631.9852328450634
-1631.9587749947132 7043.655058581342
-6796.3497944096125 -3318.918821987336
-891.0267159951054 4579.243792209869
-5743.6600401347905 -5216.521862653405
9633.012539808362 5255.013060032228
3083.8204757466465 3475.0601814551737
3393.7755758929725 491.5602806095558
914.6689230453412 -3465.2361439086562
-3975.1414687034267 -6027.426847845352
4915.895915414743 -1838.8212630059434
-6782.226057953541 -9903.17473572467
-3486.5258099257826 -9071.20303759628
-2127.3266744526454 4402.694626268018
6485.9562020963895 4030.077393752341
-1050.777400585157 4901.364051839177
-8309.807924237157 1061.7468851352824
5714.530291212035 -3444.3613304521923
-5139.814499028361 -2272.9507332126996
7979.558426852836 5067.101219446045
1127.160444433548 1563.9177966734478
-4565.018076228873 685.1065402794229
-7259.059235762194 -1827.6531760292273
-2658.018687466397 7926.898410634327
-3070.2210008390593 -8597.496498774688
7603.002457041013 -7101.088894690959
917.7906773484228 -1421.5871348256842
-367.96664803590284 6335.098539238605
-7173.794075427073 6070.326266258473
-9536.511925036899 7518.92255005633
-2483.352033080555 5392.1606530139
4183.31043333804 1931.3995105506892
-7608.2883019189885 -4511.311681103231
-8964.544400767049 -6231.596186014356
9750.125012133176 -7009.573857248041
451.42164205125664 3396.184822805757
-499.184570736812 -1047.5402628202773
3770.048416324409 9364.864193936777
-1127.7643765813136 7956.723082064331
-4440.673406152138 4775.430438939275
-5789.669646278546 -6554.47316137642
-8778.514099893768 8596.555161873785
4040.5635425076307 1767.4169247242116
2957.1767082463666 3953.320804111223
2276.4427980560868 -3345.273862902718
-3815.925518662213 7460.735200325205
-4210.967998461583 -4284.548243822322
4149.779653866619 6350.693547954856
-8491.052184988455 -8989.606814142335
9748.41021274202 -6558.175725192872
-5185.610320098844 6899.74692012095
-9555.181211240504 3927.4369553614324
-6834.230469273548 81.64288409534129
4729.895898325496 -7492.421826230475
-3220.45543472425 9108.39679899595
-3325.049447349488 4566.971516675496
-8409.111043892275 -6345.484517781244
8922.696526167532 -9098.592641329229
8836.867167031636 7423.7929707116855
3846.8977761194 -8079.067064410377
-9701.194334866477 2821.10531026271
-2367.7416914775004 -5691.0430053358605
8574.591757220896 -9622.207789269987
-7329.32219213072 792.1880546247849
7708.656539139967 -8592.196366571783
9939.520283863661 -8022.913337418938
1089.4351501823112 8485.062525833575
-5077.92268436859 -1865.6954962476611
731.1193210007623 -4929.223019523288
-1850.0626227866524 -1636.6373025953199
-5111.435770814525 -7017.274228668739
-5408.494639709888 4745.59882652128
-588.7777588962435 4386.805047416528
4880.444618445912 9894.19614048881
2324.0309860744874 -6395.575283317792
-4227.650437215871 -2264.106126975269
830.1885021148391 -6732.392282156701
7237.484842175265 -590.2528516687416
-4737.193568648062 -783.0613752766094
-758.0421263393073 -1155.8973855228815
-4530.561178415846 -974.2184229181184
-7460.773560330318 -4126.2799465284015
-8304.465922186339 -9852.527025692401
-5311.628490103417 -1315.232768414966
4239.877392117978 5420.473524340545
-4964.904576443443 1926.1802021234416
-6012.872648370769 -3970.252161428305
535.9388704314479 -7998.318788692298
9379.583415089943 5010.9158833385245
8075.7464386088795 6857.509462542417
4472.3404256637605 -2002.9901964161008
8322.926011249703 4006.7136184352803
7423.0402731374925 2145.9454002112525
-8813.40048742649 -2418.3686202717317
9099.43340166891 -949.9061232590848
-6415.742485230229 -7118.036574407524
-2554.980419965942 2917.6381287465847
-3501.9344587947135 -4813.371616108108
4825.056716778667 -8571.342859580145
192.5088478066118 -1476.6284382423582
2782.2496399854426 3407.1776743731534
3985.583576176754 9640.876812879338
-8536.514315284116 -5186.286568523626
-9889.724748818773 -7396.088738664164
9435.990472324098 -7448.916716475482
-27.395616078365492 -9767.176502911901
-6306.67874454006 4189.5912491287545
-4492.958317489857 -9965.517861298189
9358.646274754261 -9044.071488166317
-1650.3699179515716 -5677.467501711697
3924.7874567467006 -8806.56163963342
-4806.317717484348 6900.636467866851
1827.5310736223637 -8010.333025996312
8962.450430858302 1983.119641408095
1730.7521809756563 7780.403799085565
2327.707776913705 -5046.739441011947
-8891.079926506602 -3522.302154040224
2622.6884178242726 9110.210732264815
-9455.410289045263 6032.616406750432
-4657.604606303676 7731.335986083639
3615.5094580533914 -2668.208950604081
7193.788410996931 -3422.462624989126
-2671.9831365358004 -7059.912816479646
9052.91449245904 -1605.097485408396
-7239.590742996737 -4560.002512247761
-5794.433179237384 -1983.1971449910643
5912.025167383557 3981.6613031613415
7892.584720764364 -5653.642533086662
4710.792477999046 -6854.3266465555935
450.45422458257053 -6200.0603995024785
-285.97022050796113 4334.144229459551
8232.380639249895 -1281.7951190824278
3244.3300356869604 -3356.2604459551767
-5985.450062779707 3801.8857713784164
-5465.630375372825 -8462.27534178404
1736.8197794836487 -6194.612439581357
-3088.466068169797 3622.3006578767
-803.3824659492584 -3477.9991506407514
7135.272757789389 -1554.176062057173
-3290.6529668060693 6520.321184057197
-3292.8705731091013 -2522.245311477928
-231.85634893684983 -2857.7455166947966
-9694.577224018258 287.492756191461
-619.6522824835847 948.7643166554572
-2546.408378925691 -5568.491815073174
5027.587228046576 2100.3014604874697
-9886.758679545981 -5329.518086588953
2090.914284826278 8084.634995813292
1099.961075722602 -5123.566331943314
8101.942263628 -7244.419813173792
6052.018771849909 8353.111696558379
-9674.510961979982 7821.9162314790265
5139.0665914963465 -4718.816218224402
-9051.258602336247 5726.547993850472
-219.98392345799402 9613.06592930017
5546.505882663934 3281.7606442264696
4346.288400682517 1980.4937354708436
-4488.378249473708 2477.190506461324
3158.6598228753264 -9958.766428099942
5784.164652744734 -7447.073403805933
-957.032014639799 -6820.4034021025
5482.582867984545 5730.917644162435
1291.9599131033974 4588.7249907133155
-9065.547750245862 7923.671090590462
8087.61312695884 500.87040377961057
8124.057158138563 -4710.020235445866
-8729.726113111437 3695.1888996251146
4718.543982831383 -2316.779680171743
9798.002461789216 6400.8522024651065
-9396.079566067483 838.5276976261484
2321.5378544190025 -3673.452294376074
-9743.294540828467 -9429.052242449794
-992.673027788831 -1214.2666091881274
-9703.432730956496 -5692.562188318875
8073.098972861826 7750.2869466006305
1209.8202167848685 7951.3790354819575
-6542.509579599958 9153.47041652073
3503.175055379912 9379.030776807442
6627.263910775022 876.4178946693919
-4558.325971360297 -6206.8439664270845
7732.689912110109 5590.628919383005
2044.2822150449028 709.8091900468426
9153.694210884154 -5007.764248932524
3155.1092983565577 -2469.9222147683695
-2063.5938030107463 -3047.909520724721
-7822.191521687773 449.33453253684274
2701.772979624586 719.0045758705674
6455.187480031807 9882.347794896694
5314.930406272777 9551.746147845079
-4704.364323075798 -5366.624671704088
-2063.931401551329 -4981.308770430773
-7707.526312583224 -3283.8494148440795
-7969.457917739002 2692.2995252207857
-5148.119012427408 7029.445633826854
-2501.9838399915643 5078.8697839882025
5739.579189856233 1019.6854315270502
7287.476376279406 -5637.691225904089
-1024.0157958839427 3012.8614068697334
5696.946049503455 -5096.069846511644
-4445.926871008385 8073.777270892213
7013.798100746739 -6571.4130947459835
-6776.267818290187 -8948.559709021009
5233.582907501861 -6559.294897635988
8980.902580900041 -6104.805321149757
-4697.694240099937 -347.90863398791953
2919.3508230862844 4376.968638965847
-8340.857244603518 8066.648634317335
-2252.562784942387 2030.79773319975
813.5988910215437 -2144.5769892933213
9541.784024872057 -9578.440625270323
1273.1466024207984 -7731.31009629941
2204.2653068342297 -1219.3607486822348
6344.423347054093 -2429.938538612735
-9391.709300761986 597.0309240187398
-6836.9182573461585 1340.8826903976533
5564.867636709758 1928.149520215773
-5235.568720282373 -5508.5363566365395
-2491.5253305919996 -2004.573805715986
-8910.963935515521 -5071.019908534738
-4802.707692371624 3055.522493608367
-475.53416534680036 -4929.854201751922
-9258.112653992072 5588.798704922667
-4083.576979092525 -9749.941505281095
-7079.040453121641 8522.433425764688
-7060.488062933332 -9433.120217543668
-2987.6881266953533 2506.393341736737
4299.932566899832 -5184.684728022633
1261.712520368399 9186.21292002371
-9550.573691356947 -8099.877685324787
-2368.1311986718765 967.3439195204446
-5678.176820947631 -7515.835891860674
-2381.7470885575394 -6058.4008338952235
-5939.424571783824 1613.8096193912352
2688.0548041467937 1447.0115993345935
3787.6892206237517 1677.7561290962221
-6706.930009464664 7158.195877291928
3171.5090310911473 4293.635682955672
-9573.148330930928 8655.09394397364
-8117.179891703543 9580.047615410953
-658.9943468988731 -4906.239169132729
5985.78966386562 1759.9404597993998
-3694.9803897617194 -4096.375663152749
-107.71967160454187 -8845.456194128805
6188.562214965903 -8638.551500441627
9715.106336682187 4365.340103356406
1164.709300173321 -9557.010687392318
-8312.15997911742 6804.839726858438
8977.094697478718 -3470.865193381196
-7224.203186928597 -5274.789490864764
-7016.490198033754 -2655.911557872033
-315.13076535517393 -2492.914385509397
-4416.999200888472 -8071.05772309962
7181.901065888127 5209.165334205802
1653.0636664451577 4504.762979057818
6972.333768028293 1242.5018887928618
-731.9605919655078 -7244.897293755406
4337.877145023245 -4478.360964517272
-8760.628705603189 -3641.3834305423507
1319.0070392404741 -441.93456459832487
2912.89934597914 -9471.733170133357
2434.0943858012215 1699.7093855501498
-822.0941556206253 8864.351400517044
1759.0327713287243 8083.498859579169
6787.149644950699 4.400645256939242
-1351.7598788712512 -7143.719411766422
-3143.3256537236584 3353.75009340382
3459.952787346063 9832.678656590018
-3191.315148536635 -9393.617212343264
-5644.242938520858 -3003.2473390213736
-8959.663086609455 1816.4232889829273
-8423.664554529829 -4882.403205561401
-4754.196634617585 7456.432927877988
6552.4390121158285 2237.303123625452
-9411.480733805549 -8800.549003722821
-207.87905316232354 -3097.0070058769443
815.034245197865 -7912.502935581849
3692.309095185363 4752.902339301903
7921.437464081388 9300.039589559987
-5745.185573500349 -4570.21331002556
-9872.156814755406 -2088.2906021611734
9143.910083234288 -216.80653559254642
9685.965140850712 9829.3235670334
8604.650361829386 -9064.566743193493
-2560.6628799928612 524.0633648815437
468.12072997903124 -2975.643285716814
-3924.7392008329025 9225.433509946757
801.8501190800343 8299.330059177293
-5347.898411708814 7919.409285115373
-2279.361119245993 6735.085474272819
-6744.9120070756835 2793.958014004769
7455.102877945712 2441.3928861745153
-1471.717585215456 700.9092604386642
-1017.7593708927652 7884.798284106768
8349.949380020764 2753.919988839056
-3645.6095862808224 -1698.064967451539
-2936.948346757579 -2641.9291964568138
6319.95078853897 -5327.785923697313
1442.1592788384605 -4232.59938917842
2911.283741725485 4230.967950476683
-8027.429906122096 4692.486110372673
-9617.752196067493 2742.410077154438
-5963.0193716840195 2530.926109587601
1209.8346368220919 2615.051411447397
-750.420426330038 -1530.5972259792725
6831.423619523139 1430.4952644325913
-1553.0467799187827 7006.748736395617
5371.188095493922 6569.8179139987915
-5260.252922075452 4373.245553531162
2816.2295255698536 3360.016853217514
-2451.4664108952356 7872.148270562833
1935.0409885080426 -3473.705342558833
-3308.1149198839266 -5654.775617222723
-3312.070158319766 7724.229574744204
9364.176858606923 9764.869765884378
-1038.9286674713348 -4460.848457410587
2235.172343519056 -1618.8593667090936
-837.1149287783956 -1421.648670843906
-4077.0186272860246 -3097.1640367846658
2553.4620875526507 7144.994794342427
-263.49396084357977 -3132.47094860805
9134.800838895273 4470.930655710155
853.0247734689383 -3343.753952189699
-3488.3529621898597 4598.83690231119
3991.100015842785 3534.2514068027303
2339.7509838733913 -9257.552335820319
5158.511312611203 5650.197836495092
5810.401917932331 5316.866199622384
6199.466484348506 -5898.328624517517
-3922.8830679718076 819.2802784963133
-4365.1384120723205 -4024.054479699952
9612.40640488012 9353.636792321253
-4316.106581734611 700.5351875281285
-1810.445449126235 7831.154605157037
5374.865835694331 4088.933474896685
-5483.598819483064 5741.809163046408
-4702.446705527863 -2857.3182485761436
-6494.877286865355 2880.207254124278
-9180.973842442145 9971.715433246543
3744.0661323542554 -4477.432623193383
-2520.6378186970514 5120.705444381127
5944.692670176848 -8710.21814798814
-5196.78686528684 -860.1068746954206
2968.74523845769 5294.829652475642
-7092.285782507066 -3585.2959282633146
-502.2327541907962 -6838.908699424786
-9943.237047215529 5069.201709591111
8489.139584682154 -9888.612384433256
8706.222261921055 -8815.77152037226
6269.83237895769 9565.861910822561
2604.13795706824 -5378.143419046595
8451.09838156071 9550.08995282156
-1845.4184384143591 -2576.439189517816
-5195.632507476797 703.0923068699631
-476.72279141938816 4050.296180899926
-7179.369229879821 5788.20533714018
8857.68587672865 1658.4529357158353
-3117.3608459235493 7348.04486898466
-9486.238698327918 -1843.5578996490776
-7188.738123551275 -2491.9212957405825
1326.1228943217393 5962.439091164375
-3995.5992195899053 -8078.396048955874
-2272.083625475636 -9815.397988520039
-4531.140072397928 8462.215004648006
-5078.830124831546 -8629.141130998109
5752.629855147554 508.1140224952833
-6682.017085603362 5026.138953664327
4117.058931754838 -5474.089676521434
3117.415322754272 -7229.293769198577
-8754.581592117105 -7850.166092807735
9152.474735971013 -6685.966744723058
366.4044802416847 -1934.4428094238328
5036.135814737498 -4655.564817940174
-8121.849838797845 6746.126080650029
8154.850009374091 8985.46404360476
8390.34195898837 3450.748890586434
5202.544695504419 7645.846862550647
8559.085309466893 7885.506618267751
-8282.374472322697 7890.530813173489
7171.176068081899 -7461.695024096917
-1519.9503317028593 -8613.82099292747
3641.4766499556154 1938.6808655354198
2645.0502790000683 -9974.755760062273
1419.1276425024062 3956.352478352661
2134.629279814966 -6991.472253636675
6755.346523905704 -259.306746001821
8077.474132378411 -7033.091053209444
6867.611159336313 5016.572356189286
1982.4696571345048 7128.722553735759
4742.044562761197 -7809.690073507516
-8149.472148465306 9090.02368256139
-9352.144502773674 -9917.249112196383
4573.970446768077 6920.783860169988
-1105.2838557960931 -3905.23457335068
-9257.757949927569 4140.824451176748
-7554.0025571461065 4223.751360151722
-7632.741217491794 1525.0839944073414
-2292.1991917848427 -8412.005052600882
-5938.768415966906 -251.40409585888847
-2854.2290427554362 -4020.9615382609436
3844.3266393770627 5557.336053397346
-1661.3072270802058 -2549.524802165024
-8970.930133904993 7451.872509699049
-5340.083816737826 8064.8714732233275
5522.9207145739 -9203.456570417095
-5015.31943471444 -4341.191950844159
-4590.022339799726 6817.66121933507
7653.434932372613 -150.6988013311875
7817.311368610215 -4869.9756814255115
-2621.7013485123953 1493.1576510824689
1840.9492017621378 5231.803717705301
-7138.183814991697 424.0859854578757
1701.0612738638192 8833.644082709852
7604.210317185345 530.6800968509924
-6684.5539863084505 1938.6086355529387
6707.357597556027 -3898.338373119359
-1875.0792492236415 3265.375605502986
8440.746784906005 -1146.9393504862983
4273.777836128276 3907.8725567596666
-9083.291810573004 1165.2806444201397
-2857.0228555519716 -7949.68231874181
1429.2353788387863 -2203.7096939171597
8753.297910871504 6107.423328328821
-1157.244031942375 5700.453806602993
-1299.8202915755974 -164.70976625155163
-2125.7712397762352 9570.79984149088
8051.540532057112 -6240.696538628834
8193.987304427617 -664.188979439361
-7965.633694652245 -1308.8640388007789
-9022.226740954211 -4919.915251969158
-2644.5815816782115 9157.719830320162
-9125.560120207132 -5278.4815235153055
5645.918010627864 -2759.145496954261
2310.8311564381893 -9734.06332094733
-4210.384880429779 -9373.11166370481
-4362.620854536334 -426.6390145171845
4788.165097583991 -7408.31334423561
824.9894300769593 -7691.583846316204
9337.285692248694 -3803.1036854274244
4255.8181791747265 -8889.370479737525
8431.670043178197 149.28263086172228
-2392.4252656467097 2008.6822803614468
1086.2024953690907 9575.70464656033
6913.010730865924 -8284.070395328405
2655.511479826542 1392.0741174958202
4583.301316152358 3682.812020770698
8253.462172407322 -9004.579448124903
7516.0354042693 9645.039385652512
-7581.30243637108 -5316.024052825074
-9634.42046435834 8894.727881219686
-9558.117226295364 510.9610837662858
-5364.393123402671 -6385.059366769537
-1335.1707427629353 -796.4549793765345
-8539.395012625779 -4643.634788058602
-1418.784421842207 6329.2342801723535
-1224.7728146552 -4901.848944941789
-7286.859045379861 7067.714694668204
2027.3566361680678 -2676.8024456812564
-992.7040505334444 -4253.034108730365
1672.8119414179891 -2848.522554152306
4889.043565307396 3728.240484873306
-9603.370821526316 8813.251067510591
-7867.740575147771 -8724.712540072194
8337.907626847402 -6392.681196731589
9347.292567984216 1718.9697683473587
-4447.779257878106 5977.728113603258
-9841.05337354237 -470.77634028963985
-2472.364716667459 7455.644742096243
-7959.086547410072 -2167.9291045836453
1777.4096288257097 -48.63060636256705
3292.623044330576 5460.193325729706
-8635.52488925275 2244.769546507363
-6211.00351903074 8801.34110010822
-5330.168473426127 -3489.326329446316
8903.136536143298 9509.65358933335
9799.023854587027 5329.053301776996
5396.498996678745 5570.71833634161
6727.8958136728 3868.1090907665493
3090.64321190975 -9737.98727219832
620.8476971255241 6791.649700219641
-3220.827570593694 -8773.876864712869
5711.858193027483 -5069.5676908103305
-891.9818586460533 174.93443451130952
720.5567198087574 2870.429131409879
7046.743134897035 -7331.24066391597
3982.675314407914 -4650.756978077275
2093.0837873654964 6965.160163825705
9306.22201252648 -2284.800517259011
7497.466451017564 1107.9900996257093
-7978.230200837628 -6308.09632852072
-5436.223373491067 -1772.0258066818933
-1222.7320952114096 2304.3510251863645
-5522.813163857662 1451.920590794487
4334.827301810699 -4939.058353034933
-7870.621845499481 -8131.563581539334
-6041.044224913936 -5650.94965648169
-5943.976678517429 -4326.18746945588
-9057.249106264984 4490.065681236792
-6129.064643020903 -77.49352069647284
-4599.408235547356 8013.108940791164
5475.805245925794 -9767.548874637196
-7337.099189099692 -8555.08399737484
-3156.0033055269823 -1653.8138285712048
7440.577979750637 7276.6480490762515
-4678.61191516882 2624.593896851906
3383.7402314624087 -8243.321099829092
9156.786148692325 350.8062739004363
-3258.56510666293 1771.6907896852827
-631.0311720810623 7147.624452150572
7536.016168277041 8316.684216876296
1076.9415280598823 -4137.421661004206
-8002.078769843853 8917.799787602591
-5935.470921428767 4950.5349064885995
5963.596887225531 -3139.883123044354
-1380.054906959811 4684.539215567496
521.3717473451889 -8814.108467625581
4585.530843112547 8451.365214004087
8397.09359526636 8166.962898738337
9072.363907494524 -4060.9841456328377
2403.382624667114 2318.3475273266813
1438.987966980534 -4800.778819042628
-4266.610551744139 3008.3187640336764
-7096.965913902737 -8631.270922528598
7961.966509984421 1333.5500920922586
2549.0398254830216 -8741.00102955712
324.204069482088 1166.1838505530013
1515.3064930535384 -4925.33301061467
9173.305298959905 -1857.033712413634
2787.153653319263 9196.938021742011
-2523.1879904047846 -9145.13117848804
5293.483740816437 -2731.1483706527033
792.2195639552883 -391.09232060057366
-2101.9242869381997 -9254.869955592902
6370.049150331299 9872.135655694754
1396.5721535199373 4620.121048748193
-8135.511477234172 9871.085683455694
-5225.337991886203 9223.107649347272
3588.7235455618556 -5191.798234931477
-4247.531141928973 -5228.944073381361
-6665.862773012061 3770.0945312438143
5034.711273535548 -8205.36046805177
-2520.438129154525 -359.27000729430074
-1294.2811565119027 -2395.827241914175
-7551.1788646324485 -2804.0603386834027
3852.9212645003354 6637.853236299321
-3468.1871076029647 -9956.070363466459
-1228.0412758380535 -9164.490996536982
9666.430563379126 3189.741041168785
1001.1010595512689 5106.814650734126
9985.634805314068 4739.8937189357475
3952.175044080801 2513.728640372796
-1233.9594449769047 7626.737123805557
-3950.2412407084385 -6037.3125010678705
3871.3894911035823 220.29809476020273
5059.902053334266 -1997.1346890715977
-4133.6661165019705 3308.7104494486102
-5315.809407842611 -2247.403238618739
682.9721834765332 166.58538258355657
514.4842607402497 -5973.161192056793
8054.61631923604 6293.9622358203615
8088.198109474688 -3585.6745990750524
-4111.70264272084 -4103.236366876541
7053.529140944611 7353.85985701856
-2670.4458928681697 3292.9618848362516
2348.5557561588103 8184.960131554835
9480.068584470293 9166.93661017306
5817.672766640158 -9301.144786810311
560.7586029068407 3957.795023855404
9833.357436409322 -7108.376200188504
-4230.043698742336 -6344.300378737906
-1739.214020571062 -6577.968841776263
-8831.660781246272 -3106.4659278312874
-502.63698034565823 -4297.590329080641
-370.6904088253432 -3540.4811834995307
-8661.255981013961 9601.71203660966
-6774.447540576701 -6780.33923767261
8067.473555108347 -3584.3556888293924
-7620.474220801143 5927.223273448693
-3570.11262693951 1059.5631246488829
3687.675500468129 6509.657007398942
-938.5428167209011 -5634.3902931197335
5535.201706519683 -2838.2658060296026
-8559.705169179526 7916.335513767779
3450.217337655333 2936.902037415388
1593.052277613444 4022.8416256724286
5603.195994486137 -8482.847962750633
546.998141206228 4256.255564494279
2939.6101153659583 454.98578860143607
5916.572933861527 1367.1347114082746
-1859.2778559716262 -8580.665889434975
-8967.739996144128 1478.1744094895403
-7060.5112543897985 840.5766176590478
-2335.8582987786194 6111.377129968654
-5724.39807190424 -3161.9196872350703
-8337.959527069212 6911.619880621394
-3644.3040879537402 3426.9615203347057
-2271.327562330721 9854.342127958073
-2108.2009275832434 -5260.9417890762925
2061.779908905137 -9724.14334728439
1623.129064293984 -5643.6184216501515
-254.26749512539573 5240.557384391877
-3316.635380725781 -2156.4141098149394
7542.621323471907 -4439.902573993324
3457.5624736175487 -9820.702943813549
2127.405844000028 -3794.6215256477853
5279.912628496972 -5975.596391735367
-1168.8058568459492 902.9740691678853
1655.560508233486 -371.3015356910746
-3398.718173550934 -5616.602095501037
-6353.244624812951 -7334.443580099303
1156.09162450461 -5950.593670463957
-6354.385843762953 -7602.411675440493
207.69931847724547 -8241.699010751538
-1037.1777881869111 -685.4864126759694
2144.1590291012 -4037.0135798578467
1493.6236599257118 8747.768878783067
2708.363254136677 4632.310905353883
4179.485442736459 -5045.353206977701
-7020.27595383927 -9827.992297568198
-934.1503962418883 8778.046916361796
6359.46747680708 8993.330468409753
-8536.579789978812 1226.197590230322
2279.8902962699594 427.25711539115764
-9947.537974750325 5179.991110727307
2.440696748200935 -7642.080160229339
3726.6218876058647 -2076.1449356597714
7139.020784697877 4249.7038912990065
-7445.190854014807 8309.362428262186
-5574.5517181546475 -7831.77320288504
-7553.2918682997315 4099.069819326156
-9204.466223086838 -5053.793556005057
-9060.46932731033 -2598.6572821427108
-9051.232525958876 -4179.002994773858
-5019.372554642896 -904.771608378669
1374.1425841327364 9671.356409827447
662.6445671066558 -3242.311845987085
187.1671094972353 2406.790307954294
9574.900958046772 4843.81703676281
-8843.344675974662 6113.597671414462
-3233.271788688141 733.9298105295093
-7057.587733799797 -8762.47294933681
1275.5250896384478 -4250.30771428079
834.4659953844766 -4616.269149281733
1754.3182478512717 -3645.25002517299
-9820.97731811937 7240.487920928044
-3059.3469920697626 7493.590941506969
-1804.138872466563 3683.942144648605
-6459.340590936773 -2614.3430730266946
4036.4067070642886 -1703.10406385052
-7440.811639415364 1080.0027244633457
5701.26276345216 335.4674367306852
-811.07830240968 8689.08247212418
6830.498593043514 4603.20272474416
1078.4102336932428 3458.5237826553675
-3600.460064995854 -5256.968994913198
5131.014891336188 4693.028675745511
9998.021326621947 5133.204302310627
-6056.243291649066 -8953.172164150423
2638.505961986135 9874.173187535336
-422.87743390632386 -9199.610568575412
-63.4988277066459 -8720.887785278916
-5446.109413176594 7483.369742254734
7022.731796227745 4831.5948501617295
7817.082671948425 1567.0701813975138
2693.1631372533775 2749.7053985492366
6834.175106723098 -8062.049343129885
-9928.199657943987 4096.646282198635
6116.737005696023 -5522.970815574681
-5544.179146082073 5803.686693633996
7131.682767742619 -691.727465338181
-5967.879201518845 -3977.9165538133057
4912.379744620621 3142.3745289934286
-201.0981327356567 -1103.6304927991769
-7365.140424068994 -1369.4015185873304
7295.438534242938 8152.215778986028
-2993.5757453706956 -1243.375061728837
4637.718394402073 -4182.181882694398
4520.976323723815 1032.6557951764844
-1122.846568402143 -8051.4266100068935
-8532.585685223448 -6370.722047462652
-4155.881267763961 1400.5714363595798
9034.486081468567 -6443.104630038332
-2592.4179390250847 -5500.784979087565
-1062.4901509791944 5629.7987509152135
4476.63847033779 -124.93179092931314
4699.413707203648 182.24087730779502
-5910.718162213356 -210.19702568998582
-949.4348883911916 7369.155763764025
-5421.71942458844 950.9045086409915
8868.906832233395 -3627.554877329493
-5926.434778045844 7114.573974890231
5663.930460010999 8947.034367975677
4495.045739644449 -6297.9538750844295
1815.067125711772 8479.188035359584
5709.3306050947085 -794.6751308458988
-9392.905679300875 8092.845428792185
-7331.660175846264 3334.1191087303996
-8437.809747304022 -5671.968546228587
2117.3279621526417 -2343.4592137239333
-8349.69502464877 6528.661023473487
4854.385303250112 -9088.090738206838
7666.541524521181 6315.362333440033
-5457.006786008876 8224.792265449454
-4603.721807049217 -3617.804548463908
4723.757729277015 1125.1862367523372
-2854.2146258436205 3344.4486293563423
1940.9701227835958 3580.524949224269
-9201.86742946079 5477.96371788035
-5205.8269193364185 8170.989146264637
761.2023609151511 2928.726814092628
6244.446365153417 -3909.6353772028488
-5993.332600226276 -4665.26336339186
-350.34449338673403 -5169.51467759744
-7144.188311830227 9790.456161029633
7772.431992632122 -1791.9317976770817
-9749.88804196047 -9302.58047355763
8399.203433450177 4818.541658409575
-7048.4722769641085 2282.856519049219
228.09634456033746 -6947.760571106006
3449.4710250462085 4431.481245142253
-1671.9130266877055 -6515.8814649830465
2308.474909175664 2963.857406420775
9741.301308756585 2748.9385301526545
9272.589414181348 6608.05621248902
6694.8905769001285 6939.624720248488
3649.586134419451 4649.583643906371
7408.444461880579 7117.310119612008
-7669.935061088864 -8392.154277798749
2627.4399804459626 4697.348758356735
7253.6073052262145 8275.703119638594
9782.742981270469 -9723.64930196475
-6783.871121789267 2071.940447296338
-3929.2739524921562 5891.0970411783965
-8380.361296887633 -6105.239435308434
6768.082141981933 -2249.05177741227
-3902.3749995581693 -6472.302557196925
5739.958446277327 4161.1625712143705
-8093.668744290731 -8862.37870722864
1369.5543734252988 -8344.69040531829
-7445.791853188808 8517.785056680008
-6968.130935425896 1280.746116060107
-5651.132745502207 467.15370032948704
-9246.191333984902 -3468.0901266670608
2372.8870263282715 -5939.470798143873
-6152.6059200969385 -5398.039530985517
-143.14934457402887 1552.2707552354022
3072.3462860062755 -6575.918997900209
-2999.9592829424546 1269.685874142695
5278.856821921005 -1600.462123635014
4996.227106726556 -9909.540580676721
9500.873797246291 4760.369535087395
-3645.970795753008 -9038.24376740265
9114.779003584132 4190.368514956825
-6441.63415631374 9406.920766146432
-4052.150204947793 -2371.2133364828533
-5298.476871208489 -5921.017312853954
-884.5582867345875 -9893.006790212348
-3080.577448397741 8158.44601396432
3885.3463347199995 -1980.9239949695439
-3699.317535655673 756.1379887071816
4012.326277310396 -5596.822469822607
6393.112505457069 470.1549605858181
-5244.65448436731 -6388.87679771474
6514.303485082302 -3140.757064597179
3184.553256076706 -6830.3108868496
5780.012342489348 9833.219506896297
-2595.393342399101 7687.634730165046
9096.062997380111 -8175.671584608275
-3034.546889807186 7338.406991707132
-2683.472326192895 3091.699798773441
3001.2187189495835 -8250.793469108137
5352.98053850374 6624.373972641995
-1467.6151370695243 9052.88403156454
-773.3644965105905 5846.615823231021
-3114.033312538025 9409.915091769493
-4112.769057154657 -4307.453784229784
-667.0674298639715 2483.4922971236356
-1920.4594015260336 -4394.619948655467
1811.6419418905334 9151.54338920959
-9379.57664055009 1629.8568883011576
5000.606205416194 -834.7303809772093
4156.363569361763 -5995.2823109117535
-7976.5888409571835 8514.583403475288
-2196.523709864833 6525.374798322591
3713.1655961527304 -7063.399984744128
3028.9856493330553 4435.196403347292
2633.3798736281205 -2695.8763955184286
7715.217695965446 8717.107402575733
-6053.300170505636 4556.845791178932
1554.1791071767566 6395.495213478156
3742.4663089541355 -7611.240910226625
-8247.175308791919 -1178.3159922182913
3578.581508958465 -8918.935880603849
-8513.856039709235 2904.530392367702
-6237.281543584426 1670.6415667058245
2617.2382800323885 -6139.03869837227
-2707.5772326387696 69.92309362817286
-1089.421715472432 2299.5729847472485
-8606.806848892113 -195.20252778398208
6296.67257246302 -6686.322039193015
-5761.838493582818 -6287.048005295577
-7296.592295874145 748.4732535144885
-9297.476285991283 3245.840213895888
1551.344249092952 5920.284561965547
2900.394188902281 -7056.753425764555
-9782.702664711078 -3195.877063470567
8771.305785907847 -2799.80277383669
7602.54722449751 1069.068837427798
5128.090359244003 -3378.248869903373
3399.0710215925774 -5670.719689608077
347.41883382001106 -7938.018151445492
5729.200514028902 3591.70920707617
6278.806261513972 -4130.750942873018
-6458.834245856693 -4880.12104011106
-1032.5857038342165 -8089.368236983727
5474.988442479829 -4203.626799010353
-6569.472484719925 8624.182604093112
7870.2432834487445 7554.950167002433
8997.092764838151 2648.440867977113
-8830.775671460593 -4433.506742817992
8614.261943583944 4504.425622706569
-3823.915419252966 2601.279669154261
-1955.6061311290287 -7643.8929288660565
9464.558124634535 4353.336658055849
9020.509980303323 -4948.85967845407
-9316.10771499898 -6499.072044479049
4197.729155442346 1444.4248158844293
3594.656314859343 3890.505219157205
-8867.262821567685 9432.834807126117
-2626.8721636149057 469.734106036758
-2457.123880500473 5180.244078283458
5054.975295643855 5458.479556695876
740.9737133415856 687.7546601403938
-8053.994696773201 6734.934577091957
411.56263465701704 -3835.1799699060684
-1590.2427130774286 527.337437940183
-4211.333554367191 -7417.274223847566
-1351.2303536877062 -2759.9855946525677
-4185.131569683571 -657.3149114116459
-71.62806439490487 6605.772216822144
-5994.094393571203 2166.58007963616
-4851.117529400921 -3655.0770212694906
-1485.4400963504868 -2880.840944990501
-4245.871364204035 7124.536835548286
2282.1562890736313 -1903.7131459296616
-8328.760717045212 5849.772591091249
8185.497279356678 7164.627423218917
-9691.318911561928 9182.430900890184
9731.615170956418 -186.09047493159778
-2403.4504983959296 9670.15327068857
9122.224296366367 483.71622642859074
635.1588105816263 7982.969279960227
-8595.679585741156 7652.523603260619
-6275.004959736254 -3507.820136188724
5942.876603166935 -7672.520652558647
-2616.859886592726 -8210.158173468817
-5403.863489555311 -1050.7886974276462
-6591.700542293688 -3264.5988615869446
9743.526938551895 3526.7297895392094
-1861.4036581778691 6229.303427763221
4710.743656419163 -9756.73995304631
753.3302012545282 -4848.303723201932
-5843.901041866621 -5175.357990683878
3801.9306864424543 1767.608303733663
-7373.248509974712 -9362.305164669482
-899.6428567380008 5388.283008806589
5762.963164044686 1786.7420564447693
-6282.757298113776 -6808.379551935901
-9476.932780159983 -3597.737411876021
7979.098134721229 -2157.0397786601543
-1678.6438140815935 2866.4184331267134
255.93215643455733 4920.723529771767
8115.639020018618 1895.9974020271366
-8254.331632445323 -2860.2863829896805
5250.732251200956 -1795.926154517414
8557.777668322018 978.1509687688977
6258.701595906145 6887.492137954749
8103.566504904506 -9447.193785324636
9836.18228143713 1738.0443521324014
-7867.391328902125 3449.86948891491
9863.649708547691 5350.998265309199
9711.816308127509 -6292.517586347998
-2398.9572853809623 -5794.584828069087
25.701245935229963 8259.133135754884
7088.663136549243 5816.481026606272
-2916.6064094330004 4885.405477219807
301.8189104085268 9610.84579802824
-3749.9834876583236 -7915.161470348211
6752.20633022338 -1648.24323701305
5977.060356052116 4262.958796337451
5998.545089315867 -7258.452163676193
-2811.5901200257995 9251.800874643286
-9076.464673820072 8254.832461113187
-2514.268667163761 -589.4669756459643
-5346.287631833655 -9693.478788061937
-2331.061355302879 2421.0822387886747
4643.326087587582 1534.576895171267
4024.501764470775 3380.9221420717677
3712.8849057865536 3278.1893305493722
1416.388035947084 -4091.5091187213347
9727.557285301384 -7742.1528502290475
9421.453770710614 -3285.040068327343
-6879.870984280466 -6985.451476024638
-3416.856950467635 5459.3826950388175
-5392.2289271864265 6841.193787987966
6314.3744612841965 9692.51410741296
4221.384647632089 -1260.0382129783502
2062.5322824065042 3307.881602948315
-2839.166305648082 5365.273963767644
-943.4931590851738 6156.968836539958
-7991.101121183026 8962.718542476523
-4712.23411186285 2348.6528076255
2481.323800419701 4990.089633461232
5334.458194764293 -4758.681886258818
-4840.149629581505 -5592.512687969293
-2780.4032991691984 8249.350054238672
2549.673737368552 -4450.813128764826
-5298.609878070723 2323.996103220803
-6677.714527134486 -4959.210562499971
-4774.177377079298 -6668.1424557399405
9749.185575822255 2400.9300158578226
7228.6201215680085 -4457.434429391316
6101.49955450028 -1232.3916378336144
9555.764539985092 -8949.539376368271
1185.0514658794455 -3385.0152835470744
478.7548759741694 9193.397820365848
-6800.023361705027 -5622.7271015839615
-5887.161694962136 -5104.938736098666
-4241.500363121544 -2427.871477892465
-1996.5206762774133 -9654.539060444871
164.0207716327077 6316.7306306183145
7228.3447736575945 -9452.428285261549
-9050.806903545137 -1944.4818344594769
-2430.865368786004 -3.6566438586178265
-809.7957160145343 3869.3381075064863
-6860.3900075463 -4880.398100645442
-8740.996610243701 6911.53501693991
2313.1970858028544 5098.640390537781
-555.2492887535245 2317.2948508515074
-124.40807735650014 2299.574676295446
5270.289304765633 9358.339199279773
3034.7971283115166 2784.8285733883295
6348.98663125778 -1334.154698507
4253.086844320182 -2762.611735580569
-6728.199648600255 -9979.751076158296
4822.391293172874 3118.7475106876936
-5716.01906565137 9507.370812135
-313.3465376868244 9994.752056914724
-7594.667632862426 8766.079262541862
-3778.2786433784477 1701.8213707974992
2167.4975777867585 3603.502513493333
7515.383239861032 1389.3227207615328
-8713.73911170247 4429.557958869958
4147.177484489284 -1537.860672574674
6356.3903317361655 6763.375524074476
-2450.3580154560113 60.76278417871799
-8948.923191502683 6489.948768750819
2739.6995310129514 3954.524499928184
-9672.441437922273 1596.1489226733956
8540.90838147575 -5413.150646481322
-5214.953463850793 -208.9981297141403
9374.332535152851 -500.2867417959442
-4409.402226907319 9715.920745555333
4277.8292827952155 9477.754417092176
-7716.872419976917 -7623.63682521032
6020.566542516146 2490.770410219784
3285.2575478659364 8977.160490258138
6011.627134212462 -1123.3736854622493
-7902.741950559961 1519.559842904826
9158.58618711464 -6805.13532736365
916.8455267925401 3318.7810864110306
6913.969959918188 -3205.404531654807
-2176.8488528595717 -1973.3060127783801
-3545.4495247030036 4378.534859962905
-6317.308298828084 7794.9830973077005
-729.5551999594645 7708.324866439354
-9420.287603668876 -6110.035303593278
3398.034613583941 84.56210299237318
4842.803466634547 -3629.0121027768164
-9887.254531006643 6348.239270281463
4634.213809199709 3370.1454448840886
8104.751193502649 -5111.418338806213
-5412.164600859462 5061.789756991753
5992.712697679186 505.5502101271504
8126.340205202938 -7413.858059544771
7487.6821281140365 9963.55455719737
-8142.5007190884835 7992.051182427556
-7398.662323097374 -4313.793281415215
5844.241439382409 -2310.245059294991
-7000.257025334069 7280.226786594696
-1437.4650882317892 8955.262944443293
-64.1339781238712 5439.891695334043
6005.709474305058 -3296.227654478159
-848.8947733870609 8271.698566364052
-9336.62457112615 -3949.6977648430075
8718.12256290538 -3807.8027185846986
-2002.3917555714843 5101.518523845569
3004.3019347263053 8290.230928108595
5558.623945065416 -8026.4989988893285
-1232.8204719900277 408.09392054336786
-6973.321922290401 -9794.019437388055
-2149.758206500259 3184.4128644753946
-9763.53058267999 -2455.6351085633214
5029.494930065868 -3085.174855248294
4634.847540639204 4486.642823274073
9268.257201586126 9324.81588790816
9642.169135362856 -8956.948257148373
-8030.348378159256 2212.3548317611385
-8967.834916209758 2832.14904683486
6773.307707180753 3406.258465043702
-285.28126158161103 -9062.250705744304
2024.8108674985233 1599.4791528348524
6200.489165514802 -6123.078842403302
9253.471052608591 -6645.192963106732
-5454.162402854173 -5419.932837706713
-1173.9844866958902 -6056.250818988356
-8278.948831971846 459.856241736592
7400.836821531877 -3332.359292521174
2114.3927039348146 -9553.427511148431
-9110.538178488905 8923.30728877084
6279.02188590028 9293.232490040657
-8661.060775627702 7513.898115426713
8049.388759590973 6504.590103305793
6480.869834757006 568.7768975215658
-5201.795903168742 -5080.060528569852
-3350.1561236475673 -1075.359723288664
-8125.353741517596 2280.4021239175345
-4643.930006155639 5933.327334421305
4158.979163510554 8037.169636089038
7004.019590321084 -8599.954918169351
5188.294813142149 -2792.043632699372
-1919.0601004543705 2719.0338383951876
-2547.3729528073427 3264.6847756975403
-3403.8826596638373 4261.967086594517
6230.203967432502 -7163.77361202362
8633.809090321975 4687.664156615787
3725.152003125906 6435.790316268078
589.7845869491211 -8920.019485018114
-9709.517833466769 -8526.669420218106
993.4602131642259 -1315.9877796503042
5163.73259340886 6489.139068703567
6774.633394874301 5499.037772143289
412.1615134996573 -1154.449372044337
-4584.148238985057 -7900.09278781322
8678.925158167207 2039.4909050751721
6638.497835556162 8796.85706466795
7841.1997257107 3349.362257093897
5102.684048457513 4607.020748732577
-6164.256894084135 -2294.4501632722413
9058.094485957823 -4500.818590030022
-3323.0805458497816 9474.613348395374
8964.939708607184 2986.5976595591146
-5913.260177105212 -9726.990716452983
4811.21808881676 -1618.9870538419
-7823.987048425273 7976.966692724967
1184.5157635300384 2884.2356196920045
-6739.784672931097 9770.926563461606
-4886.403532507639 -818.0317484894331
-2836.7628301060276 -9622.265444701763
-6722.919511724254 6317.838371371054
4256.679980010365 5539.550685991731
2383.526180826704 -3636.136795720382
6001.921461364593 369.2343884578222
9359.271673815292 8766.869729513179
1906.6889748542562 -7632.267623466997
6437.4182265497 6238.663704215571
-9422.58450287925 -296.2165193875826
323.36965798110214 -5328.971214721881
6943.1843408129425 -3221.9621180104887
-5680.623082222333 -1205.081911896079
-2253.3981871838523 -8855.537079109592
7622.562176735613 5166.474545247029
3041.4607156376533 8537.69444136374
-3032.064570316379 -5449.193184352514
2706.5992537968195 6055.774181008548
-7630.064850076242 6887.725636020874
-6120.116271102917 7473.487928835952
-9076.923345681942 -6238.077275210466
7735.777110219078 9212.3125844317
-9545.698463547778 -4336.641009588056
-7825.514556899829 668.7442782309445
8276.66151955388 -5688.083908294557
760.2114299385048 -1596.4159064321611
-623.9900273568201 -6066.370878278118
-2359.437433710934 -9879.487336792547
3069.3881947279096 -385.8752018954183
-6801.292379078932 1413.089834085984
7505.840709345346 5718.140693964664
5834.399349932028 -4064.9192990364736
7337.413726684204 2852.3162414777617
1539.5066748991358 -2050.199236212289
1470.1286243991344 -2038.3083268088221
-5171.754494897816 5139.944273153194
-4988.245176730972 -1111.334387731289
2101.811790010457 -889.8457933111022
-7634.772468438733 2086.4166385299905
1671.6688155977918 1190.3579104709643
-3126.3993309127945 167.0943423842491
-6564.748020915141 1948.6894443359688
6504.447664870233 -5421.646054399767
5592.41024779247 -5751.412112435368
-5231.344764372163 -2059.902627664831
5810.408265445811 1735.451253792613
-8599.411542826654 436.5614035280487
-110.13384674573535 -2686.000511837423
8283.639735394841 -4852.821875960693
2253.5332089947315 9478.2888661225
-7312.808213725766 8312.905499327011
-525.676871252188 -1717.904628330345
-7911.92031430389 2273.0235518691097
578.5820628762503 7288.168654979527
2681.640340618982 -8829.349231975113
-3994.9312114460045 3010.6369481526635
7144.496055855834 -7486.461095966785
-9130.315037612276 -834.3685436018332
6293.226725014547 -8710.029681016278
-2419.496731336737 9470.968524190077
-6009.866244811108 -2422.1324366713825
7867.181873698344 -213.48135915166313
-5020.6798065281455 -6551.490965821311
-5066.617682630772 -1937.3273007599719
1293.347084513487 -9545.475906985195
2710.3477668901705 8865.0872588229
4452.752904376908 -4894.883276407536
1084.3071060639413 8169.682586454081
7887.7657227861055 6469.762131556163
3489.933764199928 3672.6462786376505
-3156.4511402079897 7414.882306455762
-3593.4076401804923 -3964.0309442105017
1487.3735376220357 -1033.6933969115107
-936.3540834789237 7289.833194630646
-6981.870803992237 5903.591816920318
-3944.3596904787473 -5961.059952758292
2285.617383786215 -9069.43303002723
5587.688402126241 -4829.339806779955
5759.109685579009 -5370.264806581038
1715.9358228713736 -3561.338341612197
4641.675049173746 8896.467699814588
217.4968239830232 7596.449602042201
9508.81860453567 -7337.815498712553
4618.797517597288 1681.0435674923901
-4942.995570251929 -9545.989561861903
-8569.213537527618 597.7912368962388
7379.661702849353 -3298.32504459804
-8215.99606052607 6333.09715526213
9645.307116269705 1690.7000357794823
426.03803063869964 -7077.3617575270055
1134.4578124867257 -1325.792630906557
-7561.5785871445 -9271.599309138377
-700.983595657126 5893.9559257345245
-6950.448399766403 -8371.326703463506
-5160.130106020464 2124.499074755966
6564.76233208074 1400.897677658806
-4244.549489794777 9842.63578311881
6704.185434229788 3878.066988942286
7896.056098923607 6237.610138048887
2533.590517669225 385.14528995392175
-3234.254376852119 -984.2062919667133
1692.9120331947015 7512.752049522118
-1854.3327115356378 -8683.13270824992
-4228.294167060191 -3538.8513180850014
-6430.301896903024 -1953.198197855395
-8549.687249439814 -2011.658356281394
765.3151381464104 4546.212858194822
5420.031688514506 -1578.1071154325236
8879.639245928927 -2249.0430682618444
-8884.861037158727 -5755.184440989012
-6357.364071919756 9865.100937345967
-9065.87235343911 -4558.286712532667
-1423.5294160538851 -4945.301879213853
8897.058020596422 -8907.902118344342
4942.074893861623 -9215.93231760478
-4419.544330380465 -5376.386708338463
-4679.022369344334 -2845.436629665599
9690.718373681582 -9311.346883973605
3562.516684231514 -30.89654662927569
8781.522076857978 -9196.330912516169
-2716.4426611531026 6234.003152111558
5390.252841648546 -9308.776697003286
-1810.11394414585 -5577.056611150415
4263.021219400274 8690.633273033578
-9804.52505406404 6066.183992024315
-8642.657051054237 -8346.164377153333
-4352.155797810573 91.41148781952324
-4043.8924430663883 2418.87383961856
-4075.2191437867277 -3169.0989694298314
-6504.020461962122 -8745.799792084106
-5750.293812058291 -5277.063917107227
-1392.0809820027553 2592.762773206905
5780.009045415207 9473.730144610618
-4612.970085884922 -2074.374584688967
-7145.296455043213 2809.3647933706725
5053.476687027436 5900.651543227061
1744.786594174233 -4064.4628235682158
-64.24894415475865 1472.5766923886404
1331.7197362232127 1436.2038429078311
-2897.913170192468 7376.545194563569
-6153.527293474812 -3419.524698429712
4985.364063223269 3248.004646194022
3133.616136350425 870.4052109143158
-8008.629848614754 387.60888682057157
6861.959055196086 -8849.403425006834
-2650.1829909933085 -6529.438255945483
5685.285622911484 8713.828737618955
-8637.95644695176 -5574.367545219401
-5436.24884903443 4575.193338913688
-5281.1332870119895 8259.83787586767
-711.453788383611 -8549.499285218752
4706.576749222637 5780.570293841722
4709.4600446180775 3963.0084958420466
9888.59393960586 3967.742400921461
-9752.99159756329 -7784.199894711543
4244.852736175866 1174.2885518599105
2977.8248038368474 8105.425412769619
-3229.5110543552655 -8615.851544339312
-1085.96283669058 8615.69019833512
-6820.043589460547 -567.3563632977821
9054.395520600701 -4181.225477065176
2632.221431490574 -2605.0679373801813
-1633.0656790748035 -575.8736036132777
-5712.789654244872 1274.0131430899582
3069.9968443898524 4453.872606475645
-3976.7710085287454 6670.530012575127
-5589.53190331805 -6013.239824201102
-9210.407693738907 2292.408125420692
5595.104031940917 -5099.075187128861
4838.24214006287 963.1372882190717
-7387.128167981427 3159.070066305554
-3527.3463434665528 9213.293035554609
-606.7537065501074 4417.912708045957
3971.875390130863 -1409.3235049284394
3077.439386267697 -4392.960755787538
-3007.9379310713075 4500.228692197428
6136.574045323285 -6389.405316250114
-2982.5923246067296 1685.6542564782594
-1347.1603017227098 8298.507753289028
9326.900949475817 9390.47935301501
-3713.295299635435 -1107.7596270412632
1462.8760798455587 3787.0407637008484
7285.279932090882 5013.323269531591
-8668.160104144496 437.69225256599566
-4656.01922572457 6751.230028268546
-8162.389810352211 -4646.712413038989
4215.636270669094 1700.4158905935165
-1658.6870719482413 -360.2127500793558
-5331.741633373786 -8845.365006400254
262.3305831787693 9774.615617106327
-5275.317476999599 2509.9219091367504
8778.81865690184 3230.173442714022
74.35398372199234 415.9160376361997
-1144.0634604162296 -2537.3050507176686
3129.537247711485 -4671.5192902044355
5724.477789925315 -789.577506113701
-3594.722850749694 4854.851656002169
-6547.890985282156 595.8421707796861
8734.460601606392 645.8316861581334
6393.961394600079 8702.521637334416
-8713.63291561773 1577.832067520856
3078.850537544229 6097.85850356839
-5560.883599161512 -7419.165725624619
-3518.073638452619 -8801.167914585685
6263.466416642632 -2293.362282919862
4654.094185366041 -571.3596268359324
-1292.5656715653658 -4104.964831417894
-8676.925680985625 -1212.124344493599
8528.25124230183 -1616.1701851895523
7350.496883451342 6764.676764630007
6600.191203142727 7821.913414332059
-9176.034774290187 9434.079957943417
1433.844392129542 -9117.124550609253
6082.550826557535 -1852.4316353730637
574.437749660121 -1460.0789622673747
118.70651274138072 -5610.399358823362
-2996.1626652612085 1151.1376364081461
8569.132589251996 9178.686873627852
-3247.1041053098434 9117.447373283423
-7098.357405789093 -183.65030462494724
-1362.1552638604026 4113.847028134274
-4575.382088918099 3838.1033777337343
-2633.5468221040755 -9242.165268117558
-609.8249950523932 7696.353227716638
7216.719046882114 -5932.810033019308
-2268.316041335567 6005.908187520994
-4927.123827045352 -5827.434325611392
5870.8312794129815 6108.5675615547625
8810.54451604823 6488.627671845472
1548.9277958083785 -7735.951201817686
9854.869954816666 2910.7502772624866
-2218.286722707634 3950.269473126702
7192.543814924575 7592.581090601685
-6193.575199110801 3556.8115076355807
4200.610723778775 9473.035890848132
3284.4441128880935 -9818.843578467066
9362.015626534478 -7040.399768746619
9042.348759042874 -1711.9324645902889
7269.868340674715 -1961.9323721937644
-721.2536690198376 2668.27660896779
-2720.5709177070685 1567.1443093711514
1433.7840739231233 -5566.584711541865
3748.8579537331425 2629.621039180276
6812.768549118438 -3290.0897271961903
4016.8039817865283 -3449.9005780516527
-8425.147428354627 -6754.66172439575
8096.928083674255 -5447.46433735936
7842.29037779164 8316.534712497298
-2473.5007503246798 9019.156658022916
2455.27595393051 2129.504803339967
9888.227476839362 -2074.431632808929
291.92924593650605 -7673.005994117339
231.53096612642366 6265.1763131246535
4092.5087410355627 -729.6622536332343
951.4618182147897 -2860.6990096647824
-6628.524484034746 437.9974241611453
-2359.446101329637 -9322.333666700737
-8729.445434154244 7583.975310193953
10.875610598650383 5067.216572627693
-9899.524209515565 9225.073013581128
-5809.379131655734 705.4915660606875
3838.602298842743 -9423.25145401385
-4468.424472821651 5858.079430665495
8994.197500405877 -6766.898007756605
-479.14418483614827 -9812.05105243112
4022.595908404777 7687.303836543677
-7527.672585476566 -8862.26677556743
1864.0924414486126 3214.55968497046
-6619.846147292978 7384.329226697962
-9797.123526695406 -8309.509399821754
-6351.050637262206 -6551.545206749254
9685.890113558318 -5406.417762825968
2372.046710048424 30.085603142391847
-8388.996155638595 -4258.856525551147
-8588.577560048647 5753.974787006029
3488.438679254725 -3766.0066756783954
6739.844019607142 -2252.2574537868986
-6601.098114457507 2635.8796735551878
-9662.150296466089 838.3021218453869
2216.426630607775 -5410.593031307624
395.18780606563087 8140.666214552493
6533.438218737792 -6128.9578775420605
6648.385830269366 9426.470588581979
4520.106408120044 -6686.461853173883
-7606.859977346423 7897.8173754564705
1969.5688424463315 1074.9074223955195
-4957.739323696051 855.3340631795654
-3574.8578166315338 -6591.156889191978
3056.9242476891013 -4762.37998405028
-6444.826401229293 7392.287909762181
-1338.9741853707274 -4877.4649449466615
1835.7118403680724 3991.611719061646
-7044.544754249069 -4980.936286918147
-879.2941445873385 -8600.349113669485
2881.144529693178 141.77468168562882
7823.984622452688 -1248.3548263129487
7936.774377130067 -7151.831365746206
-5793.2210502010585 -8871.120038553468
-1360.9461301356587 -6967.497900228803
1659.1025424842992 -1815.3664375991711
8420.518152435256 -492.065039667621
-2117.177552214779 -9222.196180645446
5991.823260657204 9272.157292843458
1528.7874702209683 2675.3676451964566
-3847.4538883605146 -7960.0936525794095
-4890.07832564107 -2314.379816499277
-6383.468724102677 8539.084798561475
7906.6991634342885 6509.90300907187
-3375.148698871717 2805.4663888207833
5100.977294079143 2151.3329894033322
-5048.510012883012 -8925.752343750879
7518.671968059138 7894.804623443495
363.8772928628223 -7144.998283628183
-9868.699664174737 -2326.663948631518
6682.440127488921 3389.863181179766
6860.953218792609 -4938.400990698151
-8709.627679212359 -9066.95570480184
4252.77303209333 4188.261979697323
276.84097715819007 -2846.9094087440626
-2776.4320638190347 -6465.447631026748
-4646.101630880144 4447.530872388645
6364.699659096859 1887.2241202336754
2269.3807394776704 -9927.10895050397
-1828.0643171678657 4639.906806925939
7645.123552475536 -6268.703843043604
7094.471638434901 8187.577574467356
4001.834742274168 2618.184634547886
-8560.133888056465 -9665.302690178192
1189.0250102016344 5923.927409796481
3941.1706395493766 -4561.680527550218
6520.391720220916 9395.434488396102
2187.051173167367 4433.268950265154
5622.1221612072695 9802.10670674749
4135.239457164078 -8062.738439717139
-8666.423146451874 9013.777438076406
9574.191386850773 -4690.36886144728
8956.87156497631 -2113.4366619327575
-332.66230259518306 -6161.909046898891
-7266.103859496041 1265.830297482753
-6391.130467686931 -9846.239510739028
636.3401058111358 7153.761862370735
3939.5154740601556 525.4498801337613
-7613.673244515869 5452.291891138535
-9784.69784234835 -4140.01161808311
-917.7079326736421 -5319.546208229844
4491.826470019034 -8963.839743455217
1886.774840998678 -1321.5274607851206
-8518.906567390277 -3374.4088099124992
-8060.195122908644 9549.212614812288
-8742.496716456591 4104.712136720293
3993.6335810327073 -2049.1296993905435
-6965.884953525092 -6662.290129597139
2221.545363150124 7343.084455289769
4799.82341795803 9411.147397130888
8235.559278679397 -5098.078309944767
-4497.359304144677 -5173.270746188466
-1445.1719921601507 -1442.5308438615994
-6016.2098244799945 2609.4602366357885
1598.5936662420881 -3028.949512590717
-7988.146053080875 -3935.7692334269623
-7265.4166846536045 7257.367513764071
-2464.2472092633325 1714.6400309034252
-4.243421816967384 -6129.858986013351
-1330.1400459050456 3383.655330785583
-7214.643562686396 1308.1143693945905
8944.089914882876 7426.481258059277
-8777.765020058505 -6838.438568759684
9996.325035225753 -8198.205208686422
4735.467898234892 507.72002076663557
9154.08451227651 -5031.7120306134975
5099.293228056798 -6223.143268870315
6246.864899418602 4519.236846995895
1306.4522436073203 -6051.050653502186
-3489.8888491805537 -9981.406203100158
-8489.973766717718 -8695.752744720081
4586.315213337799 9677.892710846983
720.9104758901103 2939.2663218604866
8398.264492420876 6314.024524583581
-7969.912594328481 -6126.956677433819
-8936.002297408339 -5546.271546181636
3831.892548282649 -9193.243221981542
-5957.449587154997 7501.430026566868
-4143.491566037218 -7536.885366554254
-4655.8822908655875 1562.8255315422466
2776.9369896788285 5920.170345476568
2907.7695996813472 817.4073836207226
-4262.255880652364 -5532.467667758971
-4855.585999074124 -1741.1012498061482
-640.1013170376409 9251.193688746313
-1837.7892633570746 -4826.656677645371
4608.057378798685 -5663.4941445924405
2336.180810527845 -7099.607746489099
-3636.3219880800025 2807.087181292378
9653.288636320147 1224.0937651834502
-1370.6210208531847 130.75047739499678
7658.797949052649 -834.7183619047028
9996.988806436595 261.8080056108738
5849.243386514434 -4001.559890663324
-2656.236177394433 -187.60349373567442
6001.882266620245 -7008.294985790346
-3321.7170793910445 6113.743333842322
9200.02857071042 -330.569960797171
-3360.437599309538 -3898.4214261332763
9208.196156727787 -7677.448731794753
-7640.044984637552 -5301.819402916334
4370.517591820988 -2957.260936986144
-4765.5554145730575 3726.8188039678753
-1649.5710911146416 -5267.873891380073
7595.9613244498105 5382.640137930108
-6200.855314130158 1341.1747342655071
378.39035148125913 7897.336491670336
-7565.018310461384 -6986.975698905853
6555.965395591742 -4726.808557041844
35.11397608265179 2863.448871030907
3479.775806422811 7825.40776327252
-4514.119550706039 -6198.667898589274
3189.1471188360138 -4240.115938866446
-692.7043127511224 -9904.658329285807
1357.682980832231 -5873.1054121165325
8961.93904280508 9318.284268492975
-7259.207942791719 4229.410977588452
-4222.05966237213 -4148.618605726259
3823.5517716857084 -6071.92281024365
1460.3002866035367 -2693.4980981590015
1824.7894941158956 7273.138976018501
-9065.67399505214 6025.170521007622
-6704.695572119221 2506.9075935322144
-7340.521715686453 9238.934442159501
5255.164408216506 -3281.382648355071
7571.477381386874 -6473.521975382755
7147.066782786933 5296.814030020132
-6544.971596570887 -8121.368367377912
2839.766276783168 4812.706511538065
-7180.9308191132295 4983.221072049675
-1502.3915729523214 -918.8235320973545
9240.96957419816 -7732.528091230773
-5660.7554623623055 9884.436781166089
9665.6462061901 -7213.528855969438
-3859.372036331707 6206.603744050795
-1709.9181324752026 1221.970481287457
-4205.573988908273 8815.730758326787
-8566.718867387102 -9943.406575338156
9320.011648091997 643.1327068491901
2186.2077477245602 -4585.710145623257
5425.2326056291895 -2351.888098710102
-1344.2002172542761 -8891.335557225857
8053.185147799541 9719.477013994754
-9738.321682083859 3116.5863257547353
-7695.748520474259 6653.5256887620635
2813.6930119450444 4995.27189502484
-5294.312232783862 361.44942643673494
4992.995785105026 3686.8037371107584
6008.091958825351 1197.392909258142
6378.84423374926 -5295.159111626331
7520.092001704601 3661.6830047474377
307.88645919676674 -4125.9455714424175
-9550.349824445286 4722.030209175968
-6377.805165674708 -406.40425266676175
1802.3913589293734 -3391.2236093042948
9756.861026425013 -4978.2996949784765
-9905.596343344909 5178.552241751902
-8362.52125974574 3629.2946200805764
-531.0113008982262 4803.98664316171
6502.398944629356 4246.268454689312
1763.8697915225166 -8764.612583049553
6034.13900103056 -2975.147265650393
2657.400432798968 -5006.400569474949
2078.8875913920983 9670.316164603195
-9770.658085025949 9591.528896034197
752.5661442447454 3839.9872158539674
-7896.188936958801 -8754.907252904299
-4123.565944449759 -5212.618289326305
-9200.962321410861 -277.3517884925277
-3545.2292822102245 -6870.999934781927
-4009.407930784774 -6404.771722943415
-7698.317561734025 -5962.863487740444
7101.778662650104 7388.193603214724
6943.624263631285 -3787.1679428457437
-33.07546308824931 2998.1917888937096
7568.757385392601 -9331.130484845387
-2729.6731880774523 3227.6006002986705
-1936.2142431585362 -2346.4915207993627
-5954.364790072 1401.9040177956394
-6926.541180296228 8971.423416444693
6727.508717440283 -2226.2599309568977
-1462.5538846905256 -7490.899913974019
-2920.616568647718 780.6348928923599
7303.833810129352 -4052.2832756819025
-9221.756358219309 9211.724252759574
-2811.990249021088 7447.33136248713
4519.314163411367 -47.96324463756537
-6759.7496024458305 -7488.035737252969
-4789.394137039589 5211.203027288651
6004.841446688539 8295.951871852998
-9840.687682176696 -6993.269234616972
3198.0997613578475 -712.2670546558547
8109.046324145518 5160.26866310078
-6497.796659080377 1608.0017392994869
-2431.027456744783 -1821.435918897363
-1933.7521790383553 7084.949451625082
1082.8968627371123 -5870.901513653204
-2174.494910880285 2820.095838774412
1918.4183605242451 983.6679842976027
-7105.6348102421125 7133.990222481891
3113.281857014903 4891.458051179894
-5942.006376966072 8581.848941651639
7898.0882194082005 -9543.5620368407
5782.259108885379 1154.9729412955876
-4778.434816740382 9332.190490408793
-4818.989803926508 -4165.430475482561
-5563.377185261067 -7689.436010277886
-7975.665956947866 -3659.6148671008714
-837.5469997998534 5568.819574187093
-8859.068847625309 -4782.654462410494
1919.9660202386112 7853.233939530106
-9537.701245584014 -4670.841234982095
-1655.1201933286447 -7884.615753816841
-4524.071994806623 -8621.352404062534
2614.819589224724 -7519.3629500521
-6000.742287404681 -3749.668896241038
-5816.193217009611 5416.63917048119
-6044.333310444787 7771.576024249192
-0.4394466230460239 -7417.1121684836635
1228.2982493211093 2914.409797484337
6086.0465999039425 2080.739803716009
-5312.931985249825 -1489.1265079785444
7705.760723633688 4686.504034280961
-8871.291813441243 -9769.433205579438
8273.251901252937 -7861.461371923266
4139.26095350883 -5130.168094906638
3773.4227378409105 5662.5544641339
7782.943840272717 -5072.213034044937
1645.1847734509793 -5342.38312886534
-1459.1511437020763 -1004.783368494318
923.0638635826381 7828.605035690784
7067.475827093396 6658.0988721922
3886.3956162379163 -7960.819416695171
5102.61411809673 2418.331810221276
-1452.2295055224931 -2227.4063911071344
2270.6365993729487 -439.99197171000014
6019.432155071925 4325.9389913972045
-7481.2101202464355 -8059.644665880621
7128.3466507552 2726.7484357993017
-9409.404503238373 9360.262641347708
8607.711032934978 9849.09802238048
-4799.9806260992655 -9529.934383328777
774.6852338502631 -6680.318192159011
7466.5824085706845 6092.073815493031
-4188.829811282247 3542.5867668028422
691.1298583995977 5392.084114349789
-1403.515399231137 -3465.2144980816547
696.495222785099 -2492.087106629905
-9502.17254358698 9252.647540818489
-5273.153931369303 2043.763909819827
606.4339925596687 -2296.954838511995
1294.0015761676204 3265.0197035944148
-1385.6222516132893 7370.912829693949
3378.569684565906 4878.843410577707
8858.996492120503 -4641.591891363745
-6961.728279554835 4961.735292667572
-3981.0566208918963 4119.090085988137
-3254.654875422507 -6104.006767086883
9527.913194683482 -2216.1784257273794
7669.465088959612 2102.7921658597643
-4020.891150473054 -6186.614437104325
3642.142185234594 8910.380839291778
-3374.4485452424497 -4923.9281808721635
-2316.9115457006883 9071.685599331006
538.3676124892409 -9563.20841678551
-8261.421925783814 -753.6233223055515
3067.2237240916274 5557.545454026409
3676.3597351874887 -6811.752127871798
3954.0944069976995 9847.353970300835
-7398.797349931489 1429.530414324916
9783.60356972765 363.0420910134817
-1800.3003355194087 -1070.4461022879095
1410.184837811701 8950.55640943655
-3907.5256666807536 -7544.063313114502
8584.36344955577 -4970.242005321536
-6933.52818350392 8392.281444755761
1207.4705727863675 -6836.061086993457
3579.549459595042 -8782.879391039507
-523.8479572441611 1918.569716243548
2074.1025932542543 -6925.3481063286345
3635.0457249694737 8502.078068202984
-5593.988801849728 5658.565879973154
8138.050762710282 2294.742595165977
-3910.298779181194 -2943.9245363352447
-5274.370667855239 -389.94735184649835
5079.665425813571 8250.007833641223
-5742.37885970359 1896.1864052996607
-7546.691475899981 -3347.372994213678
8098.079980319177 73.52092408536373
5629.519994005206 7345.622475035238
6430.671231249129 -1182.614734460849
5651.896468456305 6626.477041835802
-6909.800744240027 6333.536388666778
2585.086550749209 7012.230709920779
4327.873448116137 -2462.8715866716266
-8782.755594762657 8027.401611391902
-7615.060672978869 -8465.778477385215
3031.11554388048 -7096.35252461557
-6168.653079676141 7918.16046729522
-199.1819670819532 -2255.5012639315937
-2666.854171864621 631.4303380243673
-809.1031381517805 6759.295720482587
5844.340508166364 -6993.114921036654
3378.7759678853363 4846.234616232741
-5824.040459950048 -6909.479626410457
-2008.7467213951868 -2894.786693214797
-5522.866104427633 -5538.759549209276
540.2250191437579 3786.9436439983947
-630.000750202762 4501.362938020124
5062.343512762323 -1264.418430761234
-4687.716500268999 9434.871232754733
-7188.1424453362215 -442.08913884320646
7218.453605815226 3438.713617929403
-2374.591226971783 -1447.1099528362138
9452.3432884184 -2254.269377070672
8972.086540209184 4861.157518592925
-1988.7928198705067 4896.06901527582
5721.581835276642 -9655.126274596614
4053.1757692117517 3157.224518287092
-692.1917888996541 -5615.944167347025
-122.87636157150882 6621.135157900942
6234.884625651477 6076.341020728572
5045.988456839243 -2399.9677137702283
6766.918835597411 6252.903578786232
2551.61256984835 -318.96898495054666
-837.4563631412802 -3725.979938168369
2751.212125933789 2162.7280730206367
6959.707334721566 5743.5722499657
6262.603622557039 9585.356584726916
585.7397643128152 -2917.455074719679
-3912.645781711901 3679.323659565607
-6037.752315999005 -8672.634470314164
-6061.9441619414065 9295.2440673979
-8206.070809136485 6569.713697101051
6077.942966820878 -9258.139792016442
-6125.077154262288 8130.204638262418
-61.87759695983368 -9553.479450201086
9015.846095315024 -2140.863702926543
-5640.304245636714 -2033.825769250515
-6910.8049324264575 -1116.7288072430729
-6484.897861050278 4115.110101100279
3210.3266446845973 1668.400210114185
7395.03218685872 -7661.035321183891
-6784.241382711829 7443.2272684942145
204.29511690646723 7452.792529320515
4370.068472679479 -4169.120934621875
-7907.942796553672 474.2788809053782
9627.190236642393 -5039.8556544227895
9348.895059236365 -2478.546594250124
9791.454822538068 4379.309674257474
-6464.858591456122 607.5515319444639
-4431.770341090828 -6228.742300876418
962.0372563393357 -1346.0599279107482
763.5708187476957 -6230.740661336982
-9470.779478866658 8155.316399988642
-1213.1916958737474 9098.681343895074
-9870.867574993717 -5330.3392287415745
-2870.4692360163044 -1179.386339871995
9660.940083283473 8668.716455943755
2638.960731887144 3629.196366754286
-7846.394316072583 2273.0372952432062
4173.247055025924 -4044.7946799855463
3579.7743266585385 -2991.06268916286
8620.730558204887 5054.25148290982
-3350.829076501578 6962.95052610954
-8715.236660712204 6308.709143979106
4202.2362493391975 6572.691304077336
2280.210929695073 1648.2879043265038
3781.762576886478 7781.293584890955
6857.276098214665 -3705.067287336041
6542.312421064555 -2604.126597838752
9462.831708647336 -4036.4769650750713
864.2510461492438 2228.762278722592
-1131.0283994766996 8200.622616362187
3871.2391221866164 -3036.48300367287
-5156.975329453275 -8280.688511553737
2507.066323566223 7676.008438775847
-4397.197141425824 -1611.0863215266108
-90.24651654219997 -7445.827304237034
-304.60697628269736 -6035.785781683707
2527.8529327316683 598.2752595425136
5957.328017418686 5689.545268812557
8755.93816909362 -1053.1613480965007
858.5038866623036 7588.89351032663
-9176.714055025008 -38.35008222286706
3801.74330347487 -2446.0281174249767
-1748.212243198368 -9681.440003004174
-2155.5623676345003 4267.968948803758
-6593.83014544676 6089.047664263289
5828.225852897653 6553.488380731524
-2508.382109583931 -9839.168554103537
47.20841379129706 -7091.0534063458235
-1189.0575314105954 -8665.940760554531
-2645.283284623414 -5201.49771693792
-5824.550617857116 -1957.0780146157294
-8996.806792884705 -6313.640987846212
-929.2850170672591 3890.785193823798
5531.272615460548 8857.067102103421
-7489.514193142848 -2949.753091732914
-8343.318846274538 739.2318301368468
-1531.0288550271562 -8932.220423578288
4403.099928830232 -7249.184185258693
7363.810954004668 -9274.081813493
9583.679494444306 3610.0080389532213
8269.04579673602 -6645.768510392975
1283.409737419117 -8393.594073474982
-4630.565336672204 3343.58666872476
6127.095476604503 2503.0488520932577
-9375.484912972734 5606.509208750716
-1110.792132161423 3540.609712005684
8692.806108398294 2339.7164840398236
-1603.581542512291 -2559.15601302334
-126.38239713488838 6683.186275295495
-7306.8467364218195 2357.1719640234714
2155.9258853978663 6733.399624176891
-1914.9681334397364 -3603.9520693695113
-5579.162930155148 3856.6830534036
7944.6005325877995 -1366.4399564398373
9426.175226071133 -9638.147871123301
-5941.72656143733 -7522.525382282106
-2591.2375555895806 3329.6442018371945
5812.963447979655 -8224.268009650807
8971.996523512316 -6240.296130144527
-9334.623788892835 5248.169612840064
9383.362157146494 3184.1740773466317
-6893.487885786948 -9380.955345360893
5488.536784187843 3510.2145666656925
-1271.5908541248791 6253.689394352383
1155.7887771059068 -9907.935918723271
-4980.261956697467 5153.434613848216
-2503.6048015980405 2896.5371194108648
1161.344353638895 -6161.292125301439
63.84117052917463 6114.124577934697
-4637.592546995555 -3049.0140631090035
6816.583909410074 2681.1565703302713
172.3791699315152 7330.082883747615
7836.211897865367 -3083.2402822333725
-6276.570270046395 874.0183049720945
-9375.159657833665 5841.627120310866
-1997.3687300963875 -4335.502465269044
-6737.359187024974 -2266.1011630324883
-5977.336693143938 -4358.180166570327
1788.4056853398506 5090.731191005516
8154.338794481348 538.8090502529467
7873.103949528842 -1597.5836409276872
3903.789920023153 5834.141861158261
8188.4026721795635 -2990.80884574654
-938.314386484295 -838.7709423195138
-2170.84059645912 -6200.837338161789
9421.373386876723 2909.59212213345
6730.932469268599 1619.050119889962
-2842.6194312069983 -3318.545032625295
-9769.425620333132 -8992.26857253377
-5524.763001045365 -2182.957179489513
-7249.984376890444 1225.8573210241957
1288.1097795157475 3377.886128825141
-2959.6337139227517 9543.087578600087
-554.7220947794649 2778.1788479482275
-9494.491652524433 -2642.2292374179324
5431.996962599755 -3319.957559001472
4831.369975594882 -4037.8176387682506
-1520.1520381529244 4819.320098989139
-4520.891180332631 9629.71401329754
-8328.816451172313 -6895.688785652878
3557.468041220689 -811.3198760136129
-109.17863957245754 -1369.3716290028296
4171.5878978551555 5360.704724332292
372.66757051844434 181.15381886859177
-7447.3976267868 -2120.0812644437565
-891.5207441569528 -8669.160489993254
-7895.634664855295 -6227.518229070647
9530.513548787414 3451.889720023779
6960.695690206601 -3835.7645086749308
-1350.668145248037 -3284.367071887551
5728.555024698853 3597.5561998727007
222.5698228595793 8613.183923474691
-7200.397109338996 9076.776725662367
-5449.9928571525725 1567.7688719513899
-1055.3920488539188 7924.811836077199
-9865.191917292072 3887.368394459252
3862.2240663734046 4021.917467499454
-6279.673139138839 -8392.876997733549
9935.672359293734 5110.77909195316
2106.41722614239 -7303.285020896664
-1342.1017207150453 9590.421723630374
-8331.30183759856 9658.731527767028
-982.1943731695319 9584.70708781177
-351.2243106466758 -8280.209755525026
597.2077081388379 8059.460637641307
5052.944394824084 3616.9867350766617
-6789.849949533433 -8624.436859614601
6391.421110001291 -5591.982933749766
9623.31290535214 -7096.383424285848
-1490.2996930196296 6784.092134670682
8228.209565393994 8189.073253834846
-8591.848842388079 5040.560118762223
-1507.0516763788528 -2354.9978408747284
-9784.502043738528 -1839.0839784880427
3603.3436308284 -1137.0534716025213
7376.376029495379 -6604.32455550128
-8089.802190457849 7370.610820790906
5632.663701400077 -4731.639134073455
-8368.390509937839 -7971.611074590326
-6477.156219037874 5116.631870088357
-8283.81615687278 9245.033419109932
-6106.84133707514 -2922.625630582914
5855.07335912728 8806.048260776177
308.87374020417883 7850.3419126434455
-3662.2173790952247 3346.657933490311
6273.480802554332 -374.2716073591673
-221.2807807000936 3364.503465212092
-2191.788721001939 -1763.1776885368527
7698.504274914045 155.48096335701302
1213.7584702283075 -8100.307962714984
-8473.925871582433 -9830.56970242475
-5269.360959412957 -172.39143306836377
3794.6516663878174 -3979.3425572406995
5334.1566993073775 4558.72017168323
-4863.314866259842 -8248.437638932422
44.460727119520016 7011.2500291142715
139.89034090996574 2935.9096927830033
4901.72296939475 9081.28651312616
4208.562379989062 5821.582141820629
4150.99120689657 -4975.989337055548
8281.349491341476 -6049.077627102759
7200.80101887988 9909.982109675526
-1411.2799319716578 -4439.946977971572
1564.171278979793 1123.8986052371365
4590.381299895096 -9453.14854301301
-3739.8729413055908 -2825.992112600319
9814.93596729849 -8089.468095473972
2048.4326597737254 7006.151577572662
7531.105509198023 3304.0679837480784
-7610.2527488189 -7432.815658986038
6011.86069043184 1703.9771262671893
2167.9447911674706 -2461.696196515826
6609.860186223486 2190.2609819057325
9980.87304074044 5959.605394716511
1944.5931118233748 442.5807177751558
-5799.641246951408 -4107.045211530136
-8791.312533918415 -2202.968802219085
-6978.204234202996 5321.056381958744
4932.853883644075 -6428.8494361323865
-5631.819375168075 156.37052864647012
-7494.02550550786 -146.9072759034043
-7217.000658519537 7534.326896231534
-7671.120459453323 -4935.836076862425
-2659.1040136842503 -8508.96085430707
-3312.6191108726007 4342.2110283043185
-2875.4196273772977 2676.5415908501764
1262.1627390516405 -2843.3760290326245
8960.972985124725 8930.307490587209
-7349.828104434 5554.0059532173855
5879.110165129236 9346.633272319777
-3645.8393241716694 -9953.164391848868
-5853.135978075709 -9116.78003127293
2404.087812988 -5604.264477756063
-8236.936954500821 3617.082110322299
6106.102744288944 -4600.766757015908
1926.1378020027569 8427.692238413885
7371.867822271102 9293.195231482401
-8730.069593620852 9188.048438150727
3663.0157484197935 2475.380216161304
-5448.138940652368 470.13432976780314
8792.558344583023 -8991.147315713939
-5001.847810505659 1322.0240097128026
-7342.90181969764 721.2697451234544
-7344.63993731526 5849.659859366788
5430.733152838502 -2294.6580312419846
-8133.0134350533335 2137.12456756995
3833.5614332138903 7639.046014110969
-6611.521621613967 -7535.00604947307
-3205.259984080182 1582.447319538076
6673.444600840012 9837.150823307886
-6837.93069225167 -4228.720690122241
3508.4694933765277 8502.216683528233
5067.11227390024 -6584.304453040377
-4556.586188533689 9456.540555693016
-2863.103187908775 7625.907719849649
-5641.365336529802 5841.459305063108
-6049.74211100489 6324.684539763864
8030.095142838381 -2301.6600290076103
5968.9364846455155 -7630.014597845098
-9302.159135025076 -9279.321750705467
7630.560645189646 -4900.724181888682
-7587.116010674282 -556.6822240307174
372.6739851999464 3120.349497277097
-9667.959907155968 1734.6404420667932
-1935.9860611163795 -7588.227964421283
149.80862430826528 -1491.6548094508835
2651.2589476628054 -1340.6628029041294
-3499.084504517049 247.23197664548752
-6213.48934236889 8243.20427763727
-2563.335761803365 -9767.830626018786
-2217.202838110519 -1596.3225909704488
9972.780208848508 3295.225271657502
8451.918082977365 3851.8570588462426
-8774.04209611529 8466.704534572422
5210.989332568479 4454.680931453024
-7199.147259178362 -5938.372620567962
-7698.938238494226 -3387.84428275382
4858.795361414106 4551.965961643895
7043.240247520229 9557.853429093218
694.0322352936582 9996.728611170925
-5235.2606175184 -2947.961703267115
2662.8286672067698 852.771100775506
3359.3607721526714 -5199.940852110898
5955.304768515825 -6335.0119947707535
-8596.10379420234 4416.938851070641
7969.398728888991 6435.332463954292
-9666.004109840505 5872.356230751448
-2059.1024003469684 -3604.131900588063
-6609.918262495913 -7911.4899282213555
4002.9859596102706 7461.871115051377
1875.8936076128794 1726.633212837045
-7006.685832780875 9816.751808277095
2729.316663429965 -813.7990023217353
-7903.893499852613 9881.367922651621
487.14659943202423 -5545.83348530866
-9198.633097653743 5346.0659362922415
1432.4895891673714 9679.82858618276
6682.767689731958 -3005.4131659099785
8045.529611017988 4214.230449025061
-859.6594984458388 6724.732057893696
7835.414832099788 5341.255178826781
-8476.382597328851 9471.488405800425
-7786.941615439915 -1959.122675695291
-6054.594736830805 5664.07451070171
-1728.3275471268607 3863.3036375714782
6615.903464897325 399.1623304009154
9173.891185653352 6356.018713887619
6671.407914652595 -4311.692127930733
-2698.6419532988766 -1525.9642555607115
241.37732048140242 2938.3997288188966
8404.705405254892 -3983.0705028050506
-4107.835249605809 4249.727555741114
4698.860650682474 374.5138690968797
5605.25711916438 -6832.963220899226
-9819.33490278783 3726.302016363059
5092.381079963996 8194.736180602136
-7597.193132653712 -9671.822989630096
6519.384841976738 -4311.810890895189
-8479.88554041149 -1367.0278961217755
-6394.678342633737 2658.8163842814174
9631.279576824982 -9270.049826773185
1582.6948711742862 4581.50181919951
1271.111182867895 7951.445367716427
-7350.637501212247 -1531.4078786773716
-634.5469368385966 -5516.78225981946
1312.1228101072975 -2724.453367893336
-9957.063687607993 4428.347128620908
3416.5375835139257 8129.089565721944
-5595.245433722651 -7987.218860250212
-2322.921037202703 3919.4822443263074
5685.695591192958 -516.0790312278514
-833.7806608333394 5474.33056783579
6196.687081564218 2741.929533777791
-9509.388148428745 -167.89017668243832
-9978.857178901455 -9143.299074389315
-1722.95344505116 9059.380663307315
4644.436680656585 2361.7448693315837
110.38513944623628 -6393.554761697744
-2472.1495099253434 -1420.517262897718
210.2313224803802 4371.976090351958
-7904.614980753744 2220.7710600608934
902.5943786956032 8447.932965319535
1683.8473258340473 8114.719023194233
1337.3674395962316 4941.858220550368
-286.3426909566697 2163.1661095423187
-5078.052600675404 -675.5691460094476
-330.14288661558567 4477.462766671046
-7414.134232785239 -2574.064461847701
-560.1728352000791 3143.4685806156267
-9739.163601985825 -6493.917499017185
-8863.748567000766 6173.985319262778
5855.140911798018 747.4017220512997
9740.904282166302 -9053.902329727329
-6479.177289959725 7073.211036993238
-8263.14472435575 -7215.8059587276475
1156.6766606632718 -5633.063925090036
-1646.265745089424 7337.717549047706
-9140.439016377135 -5029.645202470241
7132.716255192136 5015.969989122248
-8568.909182622992 -4235.8969183217905
-9775.075582668966 9980.585671504417
-2933.7113434048097 -2815.430405397714
-1831.0234765301711 1059.5601468184304
6995.3288016417355 -7792.910290051891
-6149.563803736768 7435.01348159432
-2880.9962704427726 8626.124169078867
-7072.041445494124 -1929.8623878138187
6573.110386197055 -3111.108279041877
4217.9517490348535 579.0635408184935
9676.458374531518 5289.712199713367
6361.602860941044 -7393.333828973358
6861.748653344181 4508.082388283863
5555.158799037452 6773.606287560986
6958.091522296996 4274.309385751536
-6793.628061786654 -1144.8162868699983
7588.476421462976 6372.286962968741
2087.059210093954 8100.866565001903
-9534.975161824877 239.79555185459503
4883.751495934986 8464.63779405029
-5990.6033090666715 -9897.514893739188
-9994.558215976034 -9995.422089427937
6995.249848803924 5878.4707392821365
6089.4732558503965 823.3939060538287
3804.1844622144836 -5983.728367745138
8853.636594503118 1659.874893368933
-5593.871307476703 8979.58776527084
-8225.41811786904 -2395.457241399492
-9680.332050611727 -8731.805645660996
-4470.323410531163 -5598.95299407474
-8422.66657531348 3665.0282773998297
-9778.525653290866 408.1311550834598
-884.5895675562133 3825.296844547458
9110.993460923662 -464.72111667942954
-7972.648136048981 -1625.7529799466192
2918.032060233367 -4671.559170964632
-235.58265565768852 -8644.004818480073
-296.2275286928925 -8129.500389031175
5636.6808875497645 8176.607316458252
-3067.0225013863783 -6725.556150159491
-137.90137217475785 5110.4041282055205
-479.91287418883076 -9714.52799645148
-2069.164391368792 3989.233228464451
-9504.425685365604 -128.44595622248562
-6803.393661356212 1870.248818557402
-614.0537225740954 -8329.759704928205
1376.2966847736388 -3721.4921949540367
-2517.2022527781946 -6227.196512533135
-966.3261951171335 -1953.5221586091247
-1116.627681084061 -434.93362249931124
-1857.4762562729811 -4176.664419878673
1517.1019174339071 -2792.4330531848836
-5530.9187635587605 9002.707691175066
3329.6375350847793 -6174.0259290114755
-1216.8444636395143 -881.700822294606
-4622.091709436624 7595.962871495067
6801.876627537658 3682.622073523118
5796.7830809806 -7354.965307601671
6289.529422228476 -9005.166897624673
6429.93637999205 4057.048304624237
-2118.531349333568 9619.452607883955
-2625.4515955415745 3253.5087858162697
-30.365907788789627 2038.539953702255
-6228.488746012231 7638.943023203334
-2618.2732076285183 8405.660689910208
-6120.1684445611045 2635.9774307237076
-1394.3687371137166 3380.77527187546
7805.960725444249 -901.0013701505723
6955.20259804168 6700.956145713779
-7784.191054663408 -5416.415898978095
7343.065462493538 6442.623123926653
7939.236338719675 3062.143292025523
2220.6092132475205 -7143.236947247984
-5416.162169781293 -5585.48681099603
-2235.1117445816017 209.39027690898
-893.1201747401756 -7614.476041222715
4536.672641786996 -5764.727319107313
3751.266951923193 -2310.1721934041498
-4396.578461514473 3613.744494705339
-7166.5408416166065 -8442.424887949068
-484.5127113991366 -4698.804134448207
-2421.7188561053945 -5747.20299872552
-4456.614489070121 -4394.383688841168
3527.602584437893 2959.632753359203
4228.499191503128 1564.3498490691
-3993.097197230646 -6080.168428282232
7569.116994418284 -9513.001094091784
-4284.249560632996 4818.224918043532
-9941.761665984017 -548.8019883083998
-1284.7217323572568 -4848.840336324123
4309.10057574486 -8910.240375831692
2917.752978886234 -5323.840346926409
-6851.068361106203 7183.4690346678435
-3359.6296310782072 -6970.64150010218
3830.9407817706924 -2625.400892057248
3867.444015085661 -2789.462272681236
9409.115203404657 -3258.0172914914992
5572.185635731068 7873.877149893127
7339.8979082427795 -6970.724694800625
6781.301153298067 225.81264936045955
-3980.625455266504 -8006.1936042813195
-4977.33974500387 819.6692265600177
-3765.8877152044415 -2355.779573119891
-2621.664017892076 7650.027496954008
6398.335439888826 -6939.136450395548
-9427.673136327481 7688.059537612164
-2030.353994730698 -2956.3233880624166
-8645.676628788186 3362.3465138490574
-9419.96482844165 2008.1244079352655
-7102.1076232790365 7477.977436915353
-4811.539501850543 9350.471664747849
-2986.4949656329445 4680.013809297874
-2044.2090471573438 9929.50339230854
1683.8461010761148 6805.669727795321
-2437.5390965878614 9362.56554247451
-1239.1135040828613 9332.859649157854
4333.699365625775 -9490.417545849623
-2378.7715127788833 6621.030184764717
806.7308459862124 -1180.5123843707825
-2841.742001229186 4753.480564441539
-9731.114477337262 -9860.707204185797
696.6834939055825 2528.662867067258
2315.0759061302633 -4863.209239956139
6247.056555172379 -6488.7813163963165
2617.6302747133104 9663.67644288543
7974.914337794864 -4958.191011081901
7871.015619200516 -3813.349202838758
-6158.797490639267 -6281.936912848474
-3731.5021019077003 -2160.1495896008682
-922.3199422854632 -8902.744437080346
8887.331427260346 3702.7297412673943
-4506.969355324657 -1765.3961937257172
-1996.4072670227524 1583.303432740775
2562.4429795232136 3159.3613929848543
-5372.690330050596 -7112.564606114136
-2164.55809736235 1504.1560486716098
-556.9335372141377 3080.6478509253175
1403.804362265988 -2758.6850920432735
8860.796126771318 799.6958929686862
-7996.600826166767 7843.184528218924
-8973.99713416379 -1153.051270590655
780.8456132106094 6171.754494873116
5408.190916416757 -8898.622564232346
2837.8972514367015 16.151889148713963
-6019.196333246959 805.7612897933923
6373.504156780045 9434.876700913082
2025.5087589426876 -2259.529213433615
4575.526085867901 -8077.085008090418
-7761.797532155144 4469.998584557521
6371.106858413161 5912.153575242253
-2916.3735971211045 -4850.831321319335
-1273.2459958456238 -5773.20173321137
-8759.969463073321 -5698.250975706786
-4603.813636923126 -9146.2126489857
-1505.153157557439 7534.961659058543
-5153.940281756592 6751.459110773765
-4403.141399407448 1329.181029770616
3546.70488858926 -6591.973430033589
-660.0980220797119 -5157.123279938145
-102.96751573042638 -3525.3145884107525
2547.6412506333254 -6901.351091125381
-1240.1845471630859 -3963.5312793778585
-351.48067891508435 -2033.017160506467
6915.567001847005 4947.2358530443
-6825.512036407852 1040.1281400404368
-4299.72490873193 2143.4727474813826
-1213.321279956741 -9210.709991373407
-1325.7158126903814 -6035.144215940902
8325.68719214162 -4675.8922777211255
9376.645855197617 3247.811121570847
7903.684854393687 -8375.83547180537
7051.290551888575 3321.5937596343556
1200.1052931008344 2288.0634520852163
-3311.5981274041496 2024.6778261890413
-3107.8255284560673 -8353.612698888655
-6193.5862737504085 -527.4611298582113
3546.0904760665744 4510.630697613531
-5892.9290396719125 -7453.810452188696
-4685.805007084272 2880.982521238897
3468.032971855382 -1065.890519368695
7427.999514163352 8611.617070699343
4694.53249678405 4048.4918066289774
-8253.532648589426 -6667.067092851875
4033.625680286992 -4749.9872485258575
9513.481126176885 -9144.04237713006
-7338.3980189848735 -446.3946204627482
997.9632813638782 1834.918565945245
-3812.8332686056665 3351.008095235251
9834.632132447921 -4360.236752273549
8670.018175865549 5674.133839754137
-6347.072345256342 -9808.804810926757
-3263.5070802754453 136.58872568765582
1976.1583566401023 6936.563276709316
-5919.029437215453 -5071.0465902180495
7392.456862323059 -4804.260126522575
6973.766786901171 5106.714602873761
-3356.3384088348203 -2218.1149469841885
-2646.722209600872 6898.020704043349
4547.774711430564 8102.792339983924
1662.1569867857725 9871.720615881077
5565.177594833443 7874.284732714681
794.3555895926165 -455.5886377353454
5338.3157959258515 -5872.091631613476
-648.1300318699177 -9631.478166656778
-2320.906853964664 4370.960623932473
867.0885624588573 7031.72261674107
-8752.245021215402 9557.662310798914
-271.35362374010947 611.2427925775664
4561.562202638848 5956.070912748792
-9744.262983691737 5364.960096125553
-2008.9048218856997 -953.8888185690139
-1302.1414023736652 -8195.605703501993
-2953.4476788474985 -4740.120810940305
-5105.997660196058 -7816.960624321463
2525.9489677405872 676.1564392882428
-3092.675810129408 5646.727818458188
-8.359656742735751 9706.859306801158
4158.372704672505 -7968.9790625075
-6438.866217221673 -8636.080908803246
2411.968790016803 -4346.114529266005
-2857.3140309401897 5870.87718033899
-2570.1174261541837 3440.2074115008654
15.703575339937743 -9815.739791660762
-6816.541541154253 -4672.0263003503715
3050.5080366233124 -2584.422375849931
-4772.600396160378 9144.226678168456
-3118.451219264167 2195.567997134316
-9832.0743336675 -2997.8110551426407
3992.6857196288547 -8301.896476643957
8115.572869260141 -4240.772531501242
-7057.315391901267 -9658.062591831544
-3405.080245951737 -9811.387154049182
-5146.3856198931035 -4885.732157357854
1590.5638948600226 -5743.690298849282
9804.351618171357 8010.867149302943
4240.700267956772 -6742.689550671683
3915.9363509408577 2263.3071022267886
146.68473727993114 -2445.6821685718987
6685.059182013687 9824.599639630527
-7650.998535691982 -2725.1517465719853
2516.474745954578 9010.339361611997
-1272.928394557035 -3438.8801010310744
-9575.308835990661 3243.2298134854227
9912.394279675176 5830.36569426305
1519.7928074598713 -5475.348683533194
-5238.486357621843 991.495929538045
-4838.198408293401 8557.702499728392
-2982.634127801238 -322.68592184223235
1562.5073361107661 2371.9427647801003
-1005.4327054087171 -3710.2331285877317
1133.224573256859 -149.16751885070153
5956.249134560037 19.002375066102104
9021.477073812926 -4261.34948556236
8307.077828910118 -7014.7195798078665
7049.12369178862 4504.462935895288
7809.117070341257 9266.059856059685
-5341.005862500004 6866.473580860424
8734.234995655308 9808.885657587743
-4503.3926273460565 3830.8947266392643
-4801.220350298785 -6906.049332970041
-3101.8971982075063 5775.23560493902
1883.2851431220934 -3101.4801384414277
-4174.9700605440785 2406.7059646871658
-3078.0047951969937 -7371.3382039139215
-3318.830592985846 -1647.8045379466075
-7045.971876671509 -9577.971762516268
-6033.887545613781 -1312.910900667799
5160.032341794771 588.6919271005772
-4135.171862383773 8885.942141424435
3565.2214430268723 -5054.65098254906
3641.9987374445227 -5521.166546683476
971.699049140334 211.45861357110334
-3895.5689331553313 7122.992764202161
-2409.9804471003836 -5125.818749926352
-1585.6242573142354 5850.071365000116
8771.969465670765 -9207.739645041484
181.12467950323116 4925.222219944588
-6796.432698331237 1297.2666848432073
9027.78754414685 3054.919881410882
-4500.668604346796 8663.909966588395
2724.6766492874267 -7393.753878887122
-654.1184424835828 5559.406202669446
-4499.739960341778 -7948.861900073261
-4825.021671274631 -2554.8359466411166
2285.181490041765 -9975.11518982131
-196.863999767711 -4107.661230650568
8414.365178157113 -4811.070132410556
4556.971883212711 6386.083604793359
-8293.233377759014 -7486.166751786826
-6889.514380317443 -1568.39320911512
-1138.1481975141724 -6350.990299373178
592.5033480598904 638.4333853456119
8756.427027012873 -3278.3418879457286
1479.540708609995 8947.53033395834
1494.964909746186 -791.9346415265863
-4628.628549791624 -7720.734878726082
-6038.889821985034 -3553.744875439611
6953.63239878921 6618.420796011153
137.57758997280143 7909.736573993941
9283.807853872473 5915.792307003292
7606.179572494435 3537.8791533619606
-2006.0179382556971 6174.155743175221
-9590.733465095347 -6780.765715508718
8085.774522091386 -2300.3065633462793
2848.3784028317314 -6050.112595811958
-5300.096340957394 9738.236112770115
-1184.5528180210222 1239.7313390974614
-5425.145238745213 -8421.04061873093
-3103.578757137524 4015.305710981984
5866.165817498142 4696.460760650942
2756.702812594038 -4431.355890253823
-9420.134195730143 1615.4206743431405
7212.3390155685665 7027.355417662708
-3919.3616070383077 -1079.6677514504754
910.4229247067069 4371.928679756367
9967.316988241397 -5803.932405043013
4686.697516840626 5202.056069152084
6065.341804369287 9673.326318496966
8437.888030032045 7254.524597282023
8367.840339251688 8966.298364089136
740.8211694021975 -2898.964106904771
-5535.96313426379 7528.147741155182
-3530.0881254259257 4505.0634601584425
325.7118086589235 2313.2135588191886
-9690.85816543707 5592.671399370394
-5720.532413684543 1623.0961934604456
324.1762956040093 -3707.0304920527296
-425.3997446980102 2227.0865465568604
-2345.1996674223665 -3570.3174346144297
2163.3885571316896 -2414.329336140677
5907.383273871756 4396.080663581422
3142.657202624079 8369.130577214331
-3028.3757754312555 2521.3062753629583
3762.5011660269283 4451.532613273008
8755.339873645826 -5963.092187319346
4990.077759580361 -3826.3093036738137
4725.6099538239305 -6021.822985194094
3323.4226598368314 -8093.043460917952
5164.114189424183 -1594.3334256082435
9882.258996375636 8812.985140348403
5689.027087973518 -991.9611705460629
-9240.186661084888 4182.893683697084
-134.62424326307337 -6551.802585326783
3201.6779682585857 5852.5203538271035
-379.719640548361 5740.406374049564
4384.787541752605 1928.768743322531
-300.94547743011935 -4503.093283249465
-2598.3835765234444 2425.302352517576
542.6438184787548 58.312918302404796
-7488.26972235846 8394.139937838769
7736.436452189882 -677.1531051637467
804.8536435594287 -2247.02382826349
5574.999368702349 -484.7393978230448
2126.652168677265 1246.3454266535973
-2693.1765395984057 -812.9316851475178
-549.5415246499015 -3157.989091378481
-4732.297804627896 8415.499035972152
7835.196363409268 -3647.739380004289
-9619.114272205392 469.3582770293797
7691.798873706193 -5816.940733639722
-7603.30194538261 4135.762289468632
-712.5655952294383 -5147.708394324897
9763.824702279107 -5547.494662453021
8248.900759348639 -6718.382993321242
-8830.983725192144 9766.583660089364
-9716.43424232145 9854.72998584119
-448.52083219438646 -6159.802779451922
7418.272275607553 848.1060032445002
-6207.2346242840395 -6848.683970824703
-2236.346640423588 -5921.404911178339
-6697.508660537462 -8413.306273066586
-3856.669238029346 -524.4962309230123
-3635.242012317228 -2599.017588271832
3884.516306807511 -5226.914576694239
-5620.330907862559 -9383.612191349926
-7351.457581291356 7632.649856143595
-8971.117113202366 -7036.916832382396
-613.0940693842731 7241.769065245291
-2086.3460196333335 -2988.6137688936706
7340.415705773008 801.3509571519116
-3641.6409760683473 6322.479264198213
-8543.90989904547 3299.6320135164387
8842.03666998891 -5754.767321821397
-4321.54140074771 -7414.59368396822
-7085.012275492164 5412.485359902823
4278.970670793207 -4008.882964063696
-4522.967729551972 1040.896824828411
9719.236725268831 -380.31354701123564
5938.533913534377 6814.289267536908
5500.859048114622 6897.270104526331
3054.846310512985 431.15804324772944
4036.648008031598 -892.6178087375811
2119.3589502831637 -5177.171264380269
-3214.964446648958 7360.126196558438
-3280.1443818224434 -7400.4943715770005
-3278.4525753399494 -7186.444349633448
-7592.570778382459 7457.247321903706
-8321.785281768258 9952.4529013805
8396.727247915489 9079.681675838776
-8836.162645516952 -3656.8878699041597
-2189.170514149341 9494.055380034242
8985.048293265008 -8479.016539454533
7003.604037390494 -9108.007777498482
9320.158158509057 -2468.67798312147
136.89930468558123 -2398.8783412280636
-5145.217989647799 -5868.738891492225
-3540.5220003541735 -1805.4903452392828
-7829.7026920077515 -7224.981955741059
4629.12408831593 7650.619001541949
-8216.802877301612 -4757.783940389857
-9061.121804278151 4027.2933352123255
8065.444098198561 -4867.411752595585
6452.903710598155 -710.9481190934312
-2267.0393338673175 3438.6099726346147
1826.9986150630466 9727.754581405556
-5328.584134111469 -6979.104543149988
-2016.680360450203 -2157.5132774714966
3575.5096525499193 1049.4598509094176
-4171.608930464737 4595.284752999365
5209.979617377072 3337.2447144569232
-1151.9667741604244 -1364.8862036979353
2057.5903083661487 -19.42155558029299
8682.345201147458 -2616.7186282252296
-5298.606355417422 7834.523347321803
-4321.567034720138 3799.2638643940263
6495.583678175717 2089.348923366546
3938.086718774861 -7803.312098094528
6911.296761215759 6577.642682205194
3522.1593546738222 6655.005532650721
2400.739451560439 429.86150189069303
-8757.088953405339 6373.176601463312
7705.065117160622 7309.39972871694
5870.132756619971 3737.446644124695
238.43875341421153 2696.5344007655585
3596.3839465659294 -7073.897559475199
-4487.230859418738 -5446.108758906174
-4748.792620803169 -450.135679926967
2524.6213157902184 3194.3505530660987
-1976.2684869287004 -4872.6563612246655
4607.845350400366 7285.600721981533
1347.5772331652606 -5879.204519157448
3462.491662158027 -5336.175455997345
9121.543204436719 5808.164715592806
1902.620208043134 -1007.7186096754158
-1415.9423803540576 8443.20127612304
4322.634208648073 -3711.162999620634
9928.915822876406 8956.220734751023
2963.800602080897 -1040.2319552598256
-9855.62707170716 7873.839492157971
-7230.337805027957 -784.5486320990676
-422.83833945548395 6186.827460853785
-2048.940657017004 -1393.1673511591307
-9632.433002648886 8570.967753125387
-661.4745677865267 -4090.157605827978
2171.2029117877355 -4333.372416465844
3181.84531178404 -8301.782089013393
-7522.3336314145545 -2951.5004856622036
9263.598650933236 4683.463027530377
6355.788533290601 -3932.2307671321432
-974.4633439029021 2263.9665161516095
-6400.27792380117 -2075.2579280268346
-7136.3178576932905 5713.570853919246
19.64030401173295 -6869.265458372427
-169.93645196389298 -946.8231448804218
-5984.647892910854 9943.839332043848
2686.0306642845135 9887.240334905422
-409.32843182829674 -8586.073717811585
6584.130073348919 350.3045478204476
-7389.089381401622 -4651.956056044449
-9387.453969216122 6796.988972594234
-1624.6090733795681 -1191.8426627428871
-1981.8461312911495 -2017.8580528733537
5471.410968484997 -7321.055925439364
3131.24771677476 3216.1375550716602
3395.6228859506846 -3605.851798985471
847.0529274545388 -5656.409103391389
-426.6774662017251 8085.772855324907
-2023.8456359295824 8382.030968997235
-4824.335265768657 -8778.824071260422
4858.002512062747 -8729.634452072583
-1470.62760330142 5218.918774966394
-9661.300687628358 7415.249120709428
9933.012993831497 -5415.017437275243
-6453.712131646429 -5413.260233693717
2338.4729169837374 -1213.229138361794
1853.8027585731397 9202.92536275887
8625.772610732976 -6616.9184648318005
6002.377914886898 3156.4677341201113
8093.901053959002 1854.0152878861772
-9436.274095944564 74.30271228913443
2309.888042255232 7125.579463583988
-9246.654546462021 -3734.991178666238
3602.8538846778683 1959.5123250702036
5062.83788860946 -403.3486323434827
8259.30776346241 8179.642749707309
-2738.2458426722797 -1838.8309094374963
-9129.49158363455 6131.882648443805
-8973.590901200188 -180.32621360489065
-3697.784457276285 7825.726844471043
-4214.852134726403 3586.2978070543613
1401.7061167380925 -119.08402466168627
3326.570441099031 -5703.482596348599
9826.451778614246 -4296.296300493574
1299.2545427213481 -6880.847337527718
-9726.609888980653 -9757.05599834353
1938.549038354955 8209.528853786978
-9092.751437127416 5227.004224663166
2188.0390958188436 -7835.431046468029
930.9197907027374 7958.284211622475
-5159.683487343552 5928.863962820711
4010.40489084619 2542.9024803164375
-596.2747037922745 -7585.951936498889
-2338.612942428862 8858.896973028212
-3891.2314912017546 -2667.909496347216
-2275.9768490564984 1617.068407734212
6799.915789187788 -393.60234360486356
7697.0596930812535 -455.6334837639133
-7584.437766321388 9212.894852498175
8971.940914115996 -6979.484918785705
8340.930292418088 -3583.4561507415283
-97.92556250473899 -2575.6596884371465
-3874.26084050752 -6892.9688224003785
-838.027848656704 -1002.9415064206296
-7109.510084671541 -5699.356548970298
-8004.48772758606 205.54772510609473
8202.253258554443 5863.628918007686
-3277.910037006295 -7610.574157482526
-7717.1267802649 -6874.379741330165
3263.9702954546083 4901.5230799060955
-880.4652511651493 4289.986901696693
5477.672845648647 2002.1274981355273
-6620.331475433214 -7588.751418331043
-5283.237170260158 1443.1613040738648
989.2101650782861 197.9804406286512
3322.941960903385 -8020.776894216259
-184.7562461413563 3012.9120089239605
3636.8752466486458 -9031.776604837449
9101.107989529588 7180.2021524416705
639.7115807441933 7775.10311399461
4134.065632489044 -6926.839261885753
4480.793160717998 3867.928674098095
-3917.330981991083 -4556.035216474028
-7083.421465113435 6296.416926652337
-3977.0121103111996 7070.192352324233
-6919.666395609649 -2331.2538594367434
6879.894122628179 -3968.706511313442
7021.6783481042585 -7206.734458030631
-2658.365536654628 1791.3813011905331
-3900.394241121845 -172.4785438840845
7762.946053692853 753.0237722150068
5582.127783457754 -7922.214145927648
-345.99443923008766 8059.983014403937
-7299.780048774435 5518.052611993913
7559.537793069965 9165.142231324317
-1076.7150932810982 6648.25714576117
4964.427055520204 -7956.863138237273
367.875325059038 5487.25185096862
-5680.773067213174 -1084.5171204978851
-979.0537611112195 -703.1548236739145
-4639.028178994573 -5030.70894361314
1853.45070655985 4059.0079432807106
-4388.2551341489925 788.9130614923652
-5080.391315161521 2779.115436067901
2269.4772057560403 -4916.8216653504505
-4818.279718534885 -7636.116743223422
-4337.516905723173 4779.1293370530675
-5930.076893461258 4123.441551230584
-8978.718262344875 666.4671485634663
-6319.177670079362 6872.75957226719
7528.262312064922 8515.191831770437
-961.5406687071518 -3841.572851042134
1437.809285327985 7952.204538191072
7985.604870166389 8312.571107541338
3516.5111874801714 4370.916090972567
-5957.088003364006 -6163.5258304710305
-9864.876981071742 2761.1931521981787
6967.972434564363 1042.2370619274006
-7949.022626869309 6585.2552563598
765.8725357452131 -2068.385405619504
5251.573673227103 9688.407706272515
-452.63844576005795 -2033.0733685941004
-5812.902182795212 4721.790558313538
7900.286125198676 -6310.260975795534
9301.67205483585 -2332.408887647739
4334.4660466027035 1068.7787899449559
-2019.8513308056017 -5204.539291673494
3879.728882706386 -2990.660775358884
-9140.696707077039 -4257.852361673134
-938.6586788545646 -7367.797216484826
-6090.690248922665 4394.650121667199
7246.618623221464 5730.897030775224
-9226.585287593338 -2129.540824948018
6751.008946798986 -2758.1182185322905
-439.2443083517719 -6873.23568045269
-5888.503899818218 -1386.9640171035535
-6380.701445725678 593.751060049206
579.6887590907536 -368.3906429777053
6772.909738051749 -5284.5808535725555
7156.489593256316 9573.5709159531
88.59382241779895 2394.6310015349645
-5615.21652432531 8462.079006374806
9446.977855637633 -7922.6384280945795
-4363.901571758582 9773.570236032152
1021.1360812280309 -1425.5696166300586
-9228.260328786408 1105.7526528808958
-4774.105489168832 1707.255716368256
828.414697980772 -4877.436128879367
-1218.2218577664808 -9522.537297111738
3772.9108252396145 9516.939223672882
9244.797599127003 8698.45380700312
6389.908190129721 1783.0189310502337
6685.302864433848 -7109.663382163547
-1988.4529609681704 -7734.803420820555
3156.163167841878 -1272.1221942671527
-1933.0977157003936 -2747.795708037009
2172.56128841411 8444.44118560206
-8675.961821781995 2810.1942904046355
7632.726187419328 -1666.859792643545
2216.8644832983646 -400.4211938131939
-5559.045800352554 2849.728402998153
-7206.469582220449 9096.152481586661
-8448.696135181302 -189.97993629451048
-2407.3661724266703 2437.81556117358
-7767.617854566984 -212.07849236878428
-6851.9500502875035 4543.988421640137
-3939.341667393983 -7941.56609203253
-157.28324481208801 8205.598825539713
2481.7970510493524 -706.7286821019006
9476.248912640262 -4480.707808521658
-3263.4891140575965 3705.010929464792
3180.7696331246098 -2659.6889767550747
-4470.530716300463 8448.986241418865
-8786.094335496622 -4645.743892926628
-7973.153163738387 9830.405963564262
8677.3943068396 5918.736986217553
-2399.89832929957 -1772.538939828184
-645.6979427858951 1.686824943011743
1190.6230048208363 -1370.5229186358392
-6372.621546081982 9343.913108263569
-3748.084801659975 5302.43056917242
-4164.398659260751 5399.220786608621
-66.99067467584246 -667.5528122690721
1445.49561486112 -5343.758352978303
9498.831490355919 2661.1706437649627
5058.353974859063 -8378.129710414858
6940.290734905917 -2284.825524818588
-3456.0043562269047 9046.999137906343
-5691.128720970775 7844.873259403532
-5513.744278876385 3901.0233746449867
-482.4488630814176 -9473.335595783781
-6355.089564243295 -2847.638896048308
-4818.0954523285145 2645.3226583511005
6283.281865987443 5588.027052091025
1532.2645717311243 -4838.060734085006
-4019.6998396440176 4706.070386370991
-1490.1324658147132 3085.991289557882
-3059.676115205192 3140.4712453275497
-8133.078809564649 -4091.605131844669
1833.5605365182928 -8871.127081127943
3422.576761046528 3515.688825623809
6844.452248584752 8209.3064017316
6583.810932491993 -6906.230211002288
3874.9236799830505 -1367.1539646311558
4822.262284934857 3642.881542001842
6743.93213042316 6904.914682310842
-6994.910925053015 6463.84854295948
-9255.730368697688 -9581.256716858223
9309.95018234853 -7661.187766896934
-6937.88234961809 -8679.739025372086
-1088.7485283671467 9118.028723080257
5334.37945627276 -4455.51574164629
9706.81095100061 7037.544357959596
9013.342028140833 -6610.750846093003
5061.14499109021 -6669.12698253306
-772.2456714466371 3042.909114637474
8873.607270599838 -7438.9458173930325
-6526.056263541135 6158.409687790974
-5763.370502269858 -5412.226966023172
7740.118522237921 -7133.072993280045
8531.361826126602 8197.495356900054
4561.535444665691 2550.0393903049753
-4984.968958924398 5162.848066901257
-4976.255417763285 -3759.8166647949174
3786.369547499029 -3139.232707483561
9875.657484548025 6694.925529970686
3472.4979782426362 -6432.791727494356
3683.709808551359 2991.367454888439
9062.680184146004 -4840.499992056113
352.9272471417098 -2087.2289256862177
-8978.608799162295 -8804.300126141345
8360.225451540944 -1549.7108600070533
6145.180187742137 8203.594704821342
9689.820729374253 -7581.548363418933
-8415.164162348876 -7499.7332208103435
-2269.853288817725 -2516.1519981042193
-9963.608374017147 -2023.565917465453
6286.202556452083 -7167.772089544513
6311.54995810366 18.043701009726647
-5619.1943175196575 8250.017745236619
-6669.883644403502 -899.1080303190574
9662.732205275297 572.0365589933517
9034.088525674015 -9417.68647889236
7009.27668113634 3247.977355592804
-5194.944454564501 827.2695413384536
8305.278102970231 -8794.0099509055
673.6141029506452 4044.4498001090014
-5599.789123777037 242.5070812980357
2941.5186217402843 -928.72526325748
889.4492954175312 -2156.7992018624627
5794.331514454394 834.9722593267343
5635.357561589737 640.776981253397
-9935.640673989772 7330.183620200136
7838.388727829923 -7358.936150618871
9510.700800096034 -308.1646114669784
5987.901393155866 -2100.346499100432
-2184.7474894595 305.2915081601277
5166.9379812688785 1507.1216384021973
-2049.4377618518974 -8115.9173732591025
2954.7390332894774 -6458.350684998415
-342.55764148668095 9058.796032535542
-2434.697841041575 -7926.371175093723
-9522.709398184272 -6741.0177536879255
-8120.1830701614645 3357.6402602873095
-8883.908998101482 -8466.777205582031
-7324.651540868445 22.950735958856967
-3125.887422702507 440.7784305604473
5621.665442929638 1374.4744475793414
3457.3395976003976 7261.527880664224
3512.650587978538 3841.91622619364
-2306.2965356602817 2509.175910342072
-2281.758340631599 -5834.401878480422
1509.224097139304 -9903.998840471246
-9012.586705509268 3083.249411338158
-9023.807830207983 4485.689712650119
-6497.788809625522 3082.8273808397153
-8672.445954985445 -2215.9125085132628
3477.397972454206 212.20868020494345
-6461.297314891921 3955.9749594384557
8619.80021695964 -3012.6160802224676
8409.89321377009 2219.2627354315046
-4594.026372391191 -8883.446283801637
-9960.44981954812 7156.2752732382
-593.6687596302254 3058.3252446968163
2160.754136199783 9195.080643309979
-8221.576457041416 -5642.031811572765
8020.222439550638 -4147.898997499435
-5428.424558973006 8256.49095377779
-2688.8527201352954 1490.5181356482135
-9370.374169226972 -5756.937431236311
2128.2675991753567 1337.273886079356
2648.0450871707035 9022.09478877789
-2004.4076950006247 4114.74592887839
336.2356710676813 -2207.916606166147
-4275.781231621296 6881.454883216131
-5344.65019307451 -8215.920274607048
5189.73021382827 -4460.551718370975
-6253.502293095167 -9316.549104916608
-6924.328724035413 4954.2844868723805
6433.741506099199 -8140.630463490972
3211.6538161476456 -6253.184894400487
6080.807008571221 2252.2502728222607
341.64923079529035 554.2598463639279
-9900.024827293904 3320.1351379561
-4009.9137705143576 -9078.667258621887
8556.148120054808 -5379.191776853556
-1449.6253897868573 -3029.528688380612
9078.60900941403 -2592.7936801666892
-1197.472628106918 -4386.500523954875
-5312.4623965767005 -3960.5311822298827
-3226.4257799219395 5305.327642401093
-3838.1337824727234 -7932.250889832014
-3813.5031754265337 6203.590761815907
1219.5911008645471 3515.7025808402395
-1299.5588310350013 4086.3908556825427
-948.8081425180553 195.33415857156797
1727.000025950325 4493.597679368013
-9358.65743483425 4809.671356428844
814.3839648485082 295.44861341635806
2833.6174237109117 9150.527264502438
423.3367866488461 3255.4604758632904
7237.443681937322 -5125.6307492816
5375.677343621006 8142.94735906089
3846.070582168635 9140.119242160134
-661.6189758590372 6563.733387296241
3628.861448603566 6818.473418446352
-3586.847442868093 6915.910975855662
-5619.253566336854 -6966.877478669439
-2766.540501784156 6740.791697331777
-243.79642740626878 2470.0221464036113
-8071.95623670832 4227.4721985273245
2684.6677675075443 -4808.336253852659
8891.945780038022 6742.715603135966
1258.7975513710844 -7380.95091383008
-9486.885016105527 -4003.860087711466
-2293.437261421105 1894.8900853341092
4834.705729616955 1813.9724201873323
9202.645199118102 2017.295708240821
-4409.8009751470445 -517.0735584323866
-6955.821657411514 -9065.976864747206
-7869.491818747174 -760.9776911591944
-1889.6210702497765 -786.8675311431089
5469.268503162286 714.4652639003925
9545.160655848766 2956.672615893176
7004.536664747608 18.973972014980973
4246.3461804363105 -3700.1947517396984
2432.16247767144 2620.232373574372
1014.6251317241276 -7861.448063232661
-5051.883392995791 -8698.587622468982
-8890.055141968887 8655.142469072623
-955.8985060342275 5212.0135023740095
-7517.462361750391 8760.704107554007
-967.2066052321188 3391.526593601562
4090.336043586307 9750.836622298226
4896.104854684314 -5866.2753894356065
5484.040704975603 -8729.626635066137
2131.8758921443477 -9827.339761967216
-8764.34122550363 1109.4354606356465
1981.4460548195093 -1090.2761678514835
9805.83776590716 -9596.355449482446
-6247.419653385992 -3235.586327280693
-7910.129095728349 2487.160311891552
1909.2630245435303 7219.731973290291
6151.771803746995 -7052.02645863313
-2818.1078916027454 3246.4161226582746
1550.3442867619797 -7639.319039273207
3158.4544997489065 6528.490062183675
9180.717589810072 -2277.263420536331
-2350.7257145625645 -1724.1012117866467
699.3330694167926 -6204.030531087607
-8425.0191980247 9398.279244898717
5369.910364762165 1355.9213545922248
-2790.6537277138814 1427.1920472380862
-8437.552336258188 5777.361041220422
-7684.297416915575 3812.4263100784847
5156.842820537306 -3564.9127600452603
7047.658145913352 -1918.7297838028326
-2252.745779380425 5074.942667999929
6441.873283157445 -5162.081204086808
-6187.150496703765 9610.71410771858
-7087.312407982125 -4306.528413744921
-2084.8751229151394 8728.397800574436
-9634.582484127613 8955.259667787966
-9498.495313672123 -7769.924978569548
-5622.821052639362 -4732.484733680347
4039.4664998377157 -7774.566994082397
1351.1166432655755 -2616.3182052596576
9974.96311455718 1079.7458249967276
3631.9571311727086 -3136.054619769373
1403.452149003895 3452.9048729655988
-2722.170865225411 -270.15270425930066
6361.362069969149 -8185.116204078664
-5484.666780059708 2971.1186366511465
-7709.624314143619 -2501.217197222487
3861.8650353158373 -5711.839820429629
3496.4137125775524 -7346.597461396474
-2518.766306440174 8566.87133228192
-9680.23567216772 2383.0616335656305
7545.648544793548 6320.815114136505
1252.3122557242477 -9086.842148971706
1209.1741304795014 -8301.017149962769
-2617.6383230566926 -9204.241012251165
-2745.212711264775 -9354.29208222228
-7682.919390999157 9970.28261849954
6559.203866390442 3412.560834954884
127.11706799545027 -2079.885578705178
3226.6708085562313 9860.329267295187
8877.481494613483 -783.214383239736
3574.94641739743 852.4798616288117
7953.301660331461 -9580.879952902062
6113.734881553592 -5470.226675260774
3658.616627401181 4595.541400302258
7237.860245081523 -7631.012101911161
-539.1273346146027 -3336.4953699584275
-5435.498466855302 -3333.0176693487565
-5226.655820265082 -7709.194917315703
-7324.1551866040445 8454.619681485234
9312.220289866007 -6720.69842945006
-5514.468499537433 -7166.649925894022
8834.629925869274 3152.3599621633275
-4470.680057925165 -2659.474798973549
-7541.588514710833 8093.116962825308
-1812.5904103521752 -1812.1862190842485
1783.967502380212 431.43939904991566
8177.897893066347 9080.352552539418
7683.064636641389 4553.23216788908
6617.886721938812 -2187.4419246002126
1888.9869045510932 -1593.4603102224974
7530.774853565439 -3050.196060074937
7416.971218045503 -2295.342465342447
2885.305816422506 6643.45057330226
4363.377267608996 4477.24999590074
-4916.024293715866 9989.988441659298
5776.601677454382 -3203.7305260033545
275.4369436754296 -5666.653380657942
-7937.75322203629 -7695.7754333257
-5052.440769986774 -4477.300294656344
1779.6054687677952 -5401.847563630417
-7035.155721202773 -3623.627256800077
1706.0515748043235 8573.422270346182
545.9261147753641 -4534.2543842771165
-309.554973404418 8507.266822150923
2633.911033124152 -2178.674397632094
86.21186784584825 962.7421000839713
5694.346918401356 5276.443347024113
-6550.725354856455 3519.5776372543896
-817.3498914684205 902.3059694447766
-294.45897789532864 -110.82942004026154
754.8316362155801 9351.424279393472
7137.203311387209 -7853.24178237462
-1247.5809459794382 -7085.284557405996
8306.614925203627 -8385.423557565438
-425.5251510255275 -8289.145707330605
8431.053795114327 -8644.395419696368
7256.67198588073 -4335.262030054631
-8258.791270810023 5288.2710359657995
7909.393203360854 5795.205721629776
-2999.2463812657725 1608.2742775720963
2623.867796182647 2820.4316314826065
-5366.081403387675 1504.4613405161872
9037.38606093415 -7797.296377712384
-5197.526959344503 -1918.5178173463173
-6044.339096607428 -3507.4393331863666
8293.100758246153 -5047.280138959251
7262.439497106356 -1804.4291385450342
-9779.356560044092 9142.77915341243
803.501767478183 -626.7158973426303
322.2495355275514 8739.599617835123
-4985.796259014248 -2196.803383699211
-6988.022952401032 2162.032442464124
766.7702940543877 3760.834991757236
5384.938737469398 2959.5138844613048
-5754.4385935623895 -3649.647054865879
2004.6120241894569 1736.2360353271215
-1384.4331832596745 3798.3085542063563
1576.4538965723768 5093.009339169263
7831.424800842509 8238.585655265917
-7494.4876768158465 -9594.220231203692
-4858.713982549103 2254.6853352790476
1855.237518330976 -5189.4413119702685
1671.8696781235249 1808.906662378331
-4630.758279809784 6940.2933412304665
-1061.89899300865 8176.220336740651
-5012.7235520254335 759.9920379650539
3202.745063627439 -9886.095320476685
4681.2407022093375 2272.2004744352944
9318.477710271785 6736.313059859418
-4543.4504942698495 -8084.299024491123
7016.878587371764 -8572.590970228553
-3991.2676970173734 -1843.9008101793333
3565.8496097307507 7611.993142382784
6794.667921513967 -8932.271181971326
3299.000710977043 8319.827443946382
2172.3752964931955 -1367.900564799067
6727.575524482261 3215.1402529920397
7782.830147605666 3028.8853145786015
9777.516076481337 -872.7203265442986
-1508.2003735335347 9371.240432416129
7151.304369299225 -6893.435866187338
-4020.7858075193826 -4862.001481941316
-7103.7562767713825 642.6568693617355
-5541.859453225819 4981.1107865042195
5967.874488330839 -4078.9244755651825
8024.935163830196 -7362.563109558638
8909.25604015567 5856.730196830975
-6213.299162847423 9349.804604449964
-6276.130131460743 -4868.338211919218
1181.6933991197784 -3496.9762495270443
601.9356664719253 5577.431930583083
9802.863082570297 -893.6757037233074
-7633.03932125859 9980.905572966007
5554.235358284652 -3695.531666074008
-9658.621431071026 7755.4368218148265
8114.382721760972 5275.570906098794
5787.152078369043 7907.759882455692
1450.7554881341875 -4325.559804830082
-4840.73018975677 -6655.834954930941
-6476.820170057378 -6793.964820901346
7117.06501654255 -202.18732834277034
1334.3610840528927 -7035.588332829047
-5429.64766074691 -7477.662653255388
3129.7581060645316 5848.32052629102
-4005.6245012309046 4385.158665387082
818.7279115338315 4665.391085375108
6829.617850571372 -9892.799127503318
-7416.622774757553 462.6210768165365
3989.5385750579408 -6865.985951650116
8161.070550283992 4171.676111945111
-5668.655932372002 -6013.444151811303
7431.102109339601 -6166.721917987994
-8598.079900503551 -8071.814088984528
6705.547921868114 -6534.252667392186
3853.1004933178665 5397.703826819414
-3481.147852889523 -3931.456327547995
3627.458491766187 896.5316549967756
9730.241821710439 -9697.569580498433
-7652.147504421431 -5118.551876878912
9397.580324364153 -1936.3270029648193
300.9892363972813 -1297.470966900606
-7849.18434561251 -1529.5480503366525
-6012.715867014844 -7260.734490875256
4687.699782134559 2705.472702228617
-4583.648779003326 2626.081448021334
8533.993130182233 -6290.490129023902
9159.467352512402 7821.776663144512
1354.8944688369884 -5103.5715803286785
-8372.60144045993 765.6867844659573
-8126.023808226692 2860.9898146921914
1124.001987865331 -6523.357060861048
9850.42410282914 -9523.461524807868
-3066.950630072949 -2310.9099226901544
-7415.076101375306 -1169.5527967278176
-8972.248342668972 4484.007561169783
5069.060558390976 9120.975742385064
-3050.50946747087 -139.45036830685967
2162.625992075791 -1060.0173726355551
6984.299840540894 -6192.383292468639
8077.775279273206 1291.7079830412586
972.6664716631676 -7827.162357267827
-9031.515624964599 -751.3670261377229
7920.252574200884 2989.733075841712
8568.304551027366 4321.192786127647
5034.175606079914 1912.1038876405728
-5411.058257290709 2418.908312061478
7891.509512981451 5017.977840703232
4986.712981325474 7706.284451157273
153.70057324909794 -8516.27631302964
8223.467767044149 1707.5941886343644
-8427.36647908492 3492.220002723241
4293.089917097621 -7309.534797648897
-1008.9039774575067 6227.259750840458
-6445.761951995925 8658.946507222543
-3377.5587154488203 -3080.3621353683993
8304.491846126464 -3787.4653478308182
-898.7385767991636 8648.658361806058
7550.628304303045 -2921.5958432058733
3628.934533391719 1966.0822131099812
-1425.734637084588 -5700.121903750391
5994.91746677966 -4602.193022961074
7661.645754675988 864.9467135792729
-663.2911870161824 -5508.1377832202725
-3239.127461845437 4984.439362694546
4208.423195714644 -1680.4201890519162
-7150.573728212006 8280.213887067861
3859.953882762995 -7799.921000397046
2439.339711544495 -4180.473304642842
9585.742155900349 -4093.5070325186016
4916.9203029456 232.52431668444297
-2415.825213592202 7725.634307643089
-4691.538766943278 6075.56949645329
975.7014104454993 6481.095832249099
-417.10609546450723 5153.907856426822
8459.759736740205 5993.037887335007
-6253.119486504533 -1307.042164581173
-5452.349926629118 -563.773596814206
1757.369523482299 8048.281056468008
5390.5195415956805 4671.137863967155
6671.169925661539 2070.086870673271
8928.65687907633 5861.24937227665
4470.62974340694 -3711.1106332605723
8420.3212854302 1552.9014638160515
649.0404106448441 6764.730193595129
-5634.635973832682 -5117.591935668662
-4091.087943955682 9743.14681457646
-8579.05885790017 -2311.6324625850384
9220.803075604392 7186.86975479918
4113.6226553644465 7045.4109824823645
4009.9165344972826 7802.985207550017
-2015.7318767116194 -9901.099239405443
-3617.7951541227867 3361.10474289356
-8740.960431949816 1068.3824272636593
-6928.7444880330495 -9101.147296726424
-3778.0269418056305 -7099.134158466524
-8818.230154493414 2836.765436678981
-828.4449682534996 -4706.704296228099
-8175.035986707535 -924.5221793770725
3175.7762480805122 -9333.14555832278
-4614.2342621896005 7823.85812625831
-1202.8206580732476 -9835.979977105868
-2568.7959337462216 -4792.475719968344
-5458.5657992269735 -7147.417606294721
-8836.077919279944 -2367.0357072017814
-9009.98709616128 3059.1039324408757
4844.278510726705 5433.264817240206
409.573673307621 3117.589477370053
749.0248458939332 1497.2208874691623
-2912.325625501744 -8192.581811470256
-3995.9112262516446 -5615.599896780379
-7273.504038993184 2367.859187375845
