8469
7053.013543521392 -4276.171588602285
309.66230733319026 -1172.876232356357
-4990.889019741986 -7543.2007711061615
5319.631248716383 -9150.033211846052
2299.5583122642074 6120.1874800791575
6473.726892926628 -1204.9239305486753
-4177.5368138806625 2191.262425438932
4698.446818931443 -1063.7544344219223
-1402.4637523926503 7680.348029663215
-92.21005434746439 -3927.26537953338
-8218.443507791686 -8905.214336731606
-6283.676554555677 2605.8267411564902
-7548.857403947762 2276.803726451424
-3890.4380454522025 3845.8025938734463
-4567.748522974759 -3233.2203214773945
-7709.473691381266 -7156.6102558571365
-2134.0201322808516 -7590.206280001346
-2105.9876402280797 5168.6663618247585
3735.3933372709507 2114.774779523106
857.7583303150259 -5685.704080175087
-7761.7160475038945 -4008.055998576425
-3537.6582072992232 1778.8822493923235
8675.884836017813 8535.673082263209
8399.313611012767 -7609.865858593257
-562.2466433990357 2086.27817491968
-6800.283700915648 5056.440439795915
3698.175928927083 6495.673905249041
7952.797550752879 -8110.642091541822
-6400.395776898846 -3261.778902364438
1967.3851843582052 4518.427120521264
1983.7957495422706 5149.511313320243
-8123.952450805965 -4576.370007601509
-7858.517482885137 -6957.775419959838
-3345.1901428546707 -5760.28591893106
7586.547642799138 7639.623205052583
4128.875141562086 -5759.488374386563
-8479.147984075344 4583.6321944423635
-6242.575435019984 2590.296106885471
5440.997845165186 3715.8726049434536
-8161.74443182826 9453.1079733363
4248.488441646023 6396.419089303217
4745.659527534315 -4320.092384606948
1259.8792456072333 -3683.544096821496
3412.5893595895377 6547.306735880244
673.6979296469617 -7422.578974210485
-2009.1512975168398 9900.536047448488
7336.035610393639 3750.6149788901093
5470.659699943248 -8942.77376028739
4056.895385767575 4697.686299032837
-4986.353420187337 -6042.537582933501
-4735.468568779968 4123.7806481369225
-4149.083740077235 -1700.4956484711092
-7554.846078009989 -9848.430620097244
-9179.421227094897 5779.451450121167
1600.557101001743 -6354.226537776462
-5033.298337614576 -4942.953191008892
5866.363158781849 -5415.806467740996
-6905.645174481448 -5301.281414383172
-2531.257791141812 -4537.31293758463
2773.0529112385357 -3897.134442769683
2357.6151833555414 -2462.089370777161
3.563383634756974 4291.294631114484
-1860.4821654968173 653.0778814935493
-6389.30083808148 3454.6309001843947
-8656.558502059373 5458.375141631195
1397.378300304821 -3731.580034735047
-6411.860707538088 8029.083566984329
6192.88175664009 1250.5592641856801
-2120.4687787945577 1200.8681218060774
-6849.099856196983 809.5844596748921
6052.003500806082 -5616.898483899968
-8999.378371974828 4137.26500222964
-3722.4477622027034 -5822.514973441095
-573.2441342345355 3727.845758114994
5601.879130350442 -8179.350251785598
2352.060739343069 2060.2002715132767
-3373.3008483614294 285.8206693648699
2618.584526891005 5858.047896749305
-257.3191222183759 -6179.970565031194
7411.496257472256 9347.307687384196
-7272.403258506559 5759.773341265693
5742.03168786949 -4941.436782359771
-1940.5920441865865 -3340.5754241343484
9403.741726407505 -9023.489468652951
4954.1814333381535 -5916.90889136539
-2961.119487873658 -3782.8125431764056
-2076.1264755205702 7852.05441415514
7299.433490387895 3917.665365279903
-3440.8139392174617 106.28962893092285
-8440.060643172004 9651.808724034137
2277.850968110235 -1769.9896444185615
-763.0909651227794 -3560.395637295277
6938.852663249789 507.5610653109179
9492.31792205066 -6703.52496003058
5508.260910885159 -682.602395845659
1946.2827960412906 -6727.111516025894
-9627.5012578261 -5261.69313151045
-4003.2896065475506 9063.49262206658
8430.02383242462 -7366.591341847464
3441.3459579420687 -481.09955465375424
-6247.435145834439 -4406.091208686745
-7679.684884846125 -1227.8324852605656
8392.204411487412 2565.954691977455
-8755.09032138296 1195.8972677057936
-8179.239532255969 -6449.624476201712
-7048.988536658964 34.82856650316171
-4476.928881865798 9456.477049680558
3413.2252678094937 5312.656570308933
3425.9441582245217 4007.4761848510734
8578.425394447404 -2509.251030705952
-8870.302966589901 4536.565322817911
-5374.901775679262 7360.328795718175
-2680.647465838888 -8421.000004424059
-372.49908883859825 9778.589908285197
9267.728546151426 -6642.989354045745
-5398.674069540386 -886.8673394509569
1002.8096485980168 -9429.245586531984
-9869.790930872601 -2361.999624182201
7496.939710330858 -650.0907914238142
1120.0820210364218 -5371.488468376231
-8854.459025715963 5786.938519199202
-3298.9845071224645 3530.98731001737
-2161.7893155365846 4164.453706445118
-5106.126798936867 -2662.623749763151
9085.214606394635 2805.502296167344
-7618.268383637273 -1826.310633343609
-6052.460457174391 6417.026390045052
8573.694658850785 -3884.936123955067
9928.835113021018 1863.1329158532099
-9878.621187741106 -5630.825107667836
-4477.275461094318 5496.2288999584325
7146.004633259574 3223.632061832979
-1230.8811935532885 -5509.518797647177
-4343.316080105752 -6468.1104900941145
-4041.6636073614827 2063.4632918831994
1988.1500932454 -7983.88251241207
-7468.031446097938 7038.257915235634
4558.836379054954 -4705.619410205806
4264.605909925782 -8110.30189998023
5847.86066119126 -2706.61969969402
-9029.319075869324 234.82300787407075
3212.1303968981993 5586.921186838676
-2734.146788482588 -5330.95826084345
1012.4443772950417 6204.1655211621
5322.504533516234 -1084.101754546995
-1509.8846483157668 3580.6593752400277
3094.0828366737296 4449.743832149181
-2066.699202625664 -7421.002743008201
-1856.8228273026334 -8932.982451880387
5894.8818838698935 -7115.080117380923
1993.3705516494902 -6676.743253099838
6571.385766417887 -7411.461683158455
-7164.931822988863 319.35214900467327
-9074.891780620246 7389.275760052777
-4549.336404778311 5011.9774824992255
7729.244403325589 4617.039564199667
-3615.4536798760946 1039.5265717034617
3438.4907483302777 7141.028463041446
-331.3734011981942 -3.7045168914828537
-3364.7541058913985 1241.498641653936
3824.2034194804037 -9845.944188575124
9774.183553034753 4648.705884616684
4396.148803878172 -1178.4267752244577
-3954.3641160665957 6207.158806086969
-2064.443235849616 -5150.975656243213
-7599.125366145307 7002.215374441825
3132.143771247871 -4774.317677462667
1130.0399162697577 -5710.031147739831
2707.8532521347315 285.6366001982624
-8143.880198564852 4200.269182729688
5718.268380654781 -4272.275761827143
3406.03654074706 -3063.365882160747
-5931.397330952866 6472.2605774879485
-9257.437569075491 -924.2861506001136
9336.177265120321 7318.551630444723
5988.429216642242 1572.876418468246
-3598.532981453289 8433.589898542472
4546.664368052923 -790.6179796182132
8924.946780152539 -106.27178012776676
7418.839656917287 -2529.46456085757
-1632.877839433184 -1182.4493886058845
9045.567987031296 -3776.905811828253
-6965.709536427083 -4930.45932332058
-3658.750495444696 6064.130175545119
6542.731631725637 -2919.4209129770306
-932.279498402142 2842.439120352061
-3870.812281817224 -1977.3068976087925
4289.111943031943 -1392.4904756682663
395.64041030194494 -5608.1105951426725
-1627.1157455354714 3119.9519795182878
3361.556464693769 -6005.689124245273
8849.66385796142 9061.217023525318
-2893.071648850001 8397.364782476183
5417.153804688902 -3790.6821447588654
8824.58896394692 -3901.128828574516
4471.058214602943 -4898.80965165486
-239.56075142440204 6983.690097183135
4768.608753630466 -918.7726888982143
-6694.618295143706 -3921.3054783123716
3177.9420528604333 5139.426971131761
7412.913480629966 5183.355138602306
-1060.7713575535236 -1428.4935479796059
-7448.520995863359 -5355.383333201027
-7538.88697350525 -5752.764750414212
-9439.148631285654 4361.15025932561
398.6879839385165 8152.147071835414
-7933.042511039248 -6956.535217571207
2606.8636459156332 -3128.299585167325
519.7255201972148 7822.782423634184
8535.66685141344 9815.861621527576
9453.679900291012 -7507.030600280403
731.6570291202534 9235.98666068177
6231.17837764533 -8013.762357339887
1332.2910640561931 6464.79168729013
-9686.665787840044 -6875.270301058383
-6212.255934796365 -685.8968335357349
-2986.1837611752608 -2743.4936778828824
-3482.6657377656065 -4806.013178776354
8725.894998306227 9075.862151166682
7805.356407276286 7270.758086038797
-5226.763283868958 7744.3086868372375
1963.805597986946 -3139.711476666871
8320.121700336218 1369.95451026698
-4362.907201193522 4256.924312035939
4186.907307104351 -6030.562446699745
96.54684045464273 2327.2369626638083
4951.722831202356 -4772.046211439134
-9529.86938297479 2451.7444751973235
-5620.476150950438 -2310.6555614780546
-3924.538421576216 776.628530730768
-2995.185671774969 -6550.393208855876
7371.88565084081 -5758.60086310773
-9395.528553199398 2993.5938760801782
4520.008515379426 477.34941467105637
-5667.708000259259 2506.0870576352845
134.74052300716176 3425.5595251915856
-552.9855885249362 2804.8162489816496
-5459.423676167152 -2597.891634109824
1850.742554313225 -7015.574554731096
5685.47356567763 -3657.940647594144
-3935.160859637599 -5073.226569676163
-2157.631074923983 -7917.302721101265
-1194.473581376431 1024.37268863572
-6674.992782015892 5800.396484643423
6981.577816896657 6780.175141047177
9667.42775083596 94.39903082080673
-278.3537468483828 2388.3193656423045
1064.1070097152588 5714.705706817918
6948.930453357483 -7033.141621418917
-2659.5913228890677 6560.171643304646
8056.03273263697 -4195.103908440554
6320.6500507216915 -673.1867953510282
-6606.977457017938 -5197.034707518571
-3816.2489354910485 65.23611493273711
-1433.1249395114373 -2773.1160099081408
3244.091854948052 8910.007003540126
6960.610330702028 -4038.2602415215033
-2432.1513022448225 6372.684021851581
9415.611839888617 -8355.94874020728
3932.754442033227 -155.85513627468208
-8319.23365017202 -6633.4355330236085
-1138.1383021835954 7330.74013233362
-9982.784119763937 -5908.449495884447
5809.565290436702 -3047.2767082565124
-6742.329206047537 7474.872039456346
-9949.215585284412 -4637.7022278805625
-4345.603540709289 -3505.502439189805
-7578.137812583094 -4007.4611466125743
-989.8718906395479 1093.5464753952692
-3215.599225107524 -1072.6442212466372
4871.339953676148 1989.3538329683233
-69.09765849540781 -1813.4445355915195
7973.438698554997 866.4468040242682
4623.746412519971 -651.0182146936932
662.6163814162119 -6637.255668680577
6556.686779483633 690.6167417385805
4679.2485474541845 574.6726708055266
-5749.291686425735 4393.421880013906
1472.8800707320624 7248.328810722669
7243.7403306732085 884.6169424996824
-4870.996462376837 -9609.801780477332
2406.383537242562 8994.991664025009
-6977.017388956943 -9277.642236579182
813.4550912799332 -2621.239814169534
8476.632001155427 1223.5036856177303
8323.820739920619 -1483.6379517339428
-3021.8699743112284 1938.5319931060185
1868.6363305093673 -4374.465551189346
-7063.921147699857 -1694.1753458294097
-9579.226036000577 -5065.1259334416945
-2526.297230649723 1442.7949991662972
-5284.128602807518 -8971.978164125838
-570.6808252136543 3146.641692631414
3018.09107558866 -8654.497248484011
-8485.629659323693 5808.684196731607
-8428.658037834948 7435.170867933313
-8509.521973792109 8007.0456598979945
7849.359011807352 5171.096452746975
-5737.882526035259 233.8602181101287
2315.7110330031865 -6085.338917709512
4941.6758447581615 -7970.408283906177
127.43820556732499 5470.515965220695
-4771.18257430464 -8261.555357429432
8063.707907573626 7693.973619618875
5856.226666713203 -6834.724602512279
-6066.497462973046 -5264.698513547319
6388.963508311379 9605.790019421016
-4185.966288683129 -3839.693417249432
324.8170336141575 -4961.747725427182
-3305.7826713474615 -9434.514041082388
8228.1999004754 4706.3043357014685
-3554.786186034322 -4190.051901504446
-5459.711523789035 -7111.0742339393855
7512.675458355014 -2384.8116702301713
4743.2612470695185 4344.959306870302
-6676.974715953404 -8962.25934817647
8716.647132781429 7736.030736283916
-881.2820018367402 5198.60215503938
3408.9583528749954 4273.10568488297
-6214.881326678694 657.2566271777832
-6642.073183845316 2898.3331274277207
8204.265860401032 -9052.984088396799
1127.8276788398016 4505.216468381397
768.4639286431884 5042.312218753759
1392.5313222273799 2016.5796615811632
3909.2857295849353 -4092.523579214051
2178.0710670218086 581.1905971238921
6845.242256583297 -8219.55663019811
-5311.318450756504 -7283.690629632398
9224.014228813056 1473.7342800874794
-824.5863150827863 6914.838462408865
-2067.189390942727 2728.971051798846
8466.587409173306 5052.1644144131515
-4926.930887708705 3540.084942065714
-6935.498004098115 -6130.8305523415975
-1056.6344673093845 -9635.720009418272
2122.9782961010187 -1125.6813440667283
-8152.929908337452 4268.737929372532
-6844.533084725295 5199.116987018091
-1361.075145484845 -3685.069151279701
9983.606877550184 -742.350325219737
8147.391680286433 6861.335722586893
3221.2791740369466 7502.316140732772
-4042.7384536736445 9969.241743139093
-9500.640175355158 4134.28058884685
-8490.319651110516 3725.247210250598
4671.520112745806 8318.564555794597
-4925.594888949531 -9952.047002211497
-2598.40334546525 -6729.884567982327
-9128.24981890511 -6574.737546842708
-7181.807009574772 4518.589410215311
1469.3461745556506 -2967.3942050297874
1332.340913251137 -7274.005102401305
5551.496027774208 6811.312609218912
7249.2026502320405 7622.747484128813
-3743.4438010110107 9340.260099010153
-4535.049614149005 -6055.904842664881
-9499.56507853697 7712.83983380915
2325.121623314837 -2309.7212790982403
-8948.040657821939 1135.1743202457892
3630.891307074362 -8399.804479133523
-7401.49106166978 -1409.5564648944655
8814.878708202235 2419.745040818214
-9362.023127159136 4668.071049939548
-5531.759273824779 9362.4410729966
-2244.222892745156 6535.4267562484965
2685.9811036122337 3101.274025458053
-4306.734480076524 5033.621913909683
-9892.458447884334 7697.225010545844
-6413.390563067272 -9992.134065404904
2064.9104533559857 -5938.768066233819
2852.780447610494 236.76201741048135
2910.6381580742272 -7137.187207150277
-2577.977269492575 -8296.165782614897
-1616.6986519696457 7239.960718104987
4363.7846813624765 4458.472840505927
-1221.886057785854 -8768.661956922198
4425.772003705537 7942.3987528765065
-7274.455122653254 -1456.8142310946369
-5396.568942834545 -2588.3480459157718
-9459.043213488443 -1920.2090266675632
-4420.172211760387 9963.016920861723
-6606.574371221061 -2392.258277804289
-4276.45715931654 7677.695451747029
9952.080218088693 -5009.37326249617
-9695.135687670487 -2476.038690646885
-4296.571681121879 7622.220227403566
-311.7879150465833 2914.416087080701
-8206.679298577605 -4997.382087891904
-6518.619653556488 -9807.60919824312
-9967.664583051926 6843.182092326155
8969.852155114531 4825.928524973178
8613.54139907047 -347.42551422877114
-8362.917376506723 6716.702200683892
9126.740771557856 8447.544110163788
3169.315889219348 -8214.880816945897
-386.5397039112395 -2951.4389289846595
-1933.8504017295336 7871.776325449522
-9307.898059310613 361.77955824534
3825.715078560521 -3000.6704612756894
2192.8358570021046 -4884.76990034991
-8353.989627257764 3167.754946561912
-3723.0379525498365 -8291.456879625453
-5318.439365824088 -4890.121426508896
-324.3708464166448 9151.9023545534
-882.7456831807194 6812.964133378493
-7532.040459188221 -2488.6406285620315
-331.1499667422613 -4883.952879400748
3728.7701188739393 7844.01225803986
-4407.6966200069555 -6678.383645083288
5411.257428362536 -1702.0121886224133
5881.72930974382 2514.149638662535
-5009.8491109863 6868.552398844793
3058.4645606066315 8156.909145172911
4676.008125360611 -3756.9031183537245
3801.3473911315305 -1457.6795013774572
-9578.525366628453 4234.133376817843
-8359.000852483878 -6199.846582006621
-2524.509297517483 -5509.1318531122015
2038.5379434079405 9421.636879472451
-9098.416718420523 -3503.7099799129837
-6608.180206592549 -3363.4529923226282
-738.46436652796 -8701.83975626102
-1140.0542189212974 3484.2040189679974
7575.886140462215 -11.345624876244983
3369.4515874906883 5048.2308416928645
-8292.136456716875 5638.849458158904
-2236.7748934262854 -921.1698698302425
-9522.481975128603 6210.625779411934
7775.877276545281 -5894.763383837753
4097.970492280538 -4090.0170593178873
-633.0636782330621 -8855.086399204847
7935.853514776572 5512.158864186193
3915.89043407427 -2755.0317021180363
-866.8248787791435 -1619.6426023128297
6880.7664407141565 9345.166358957173
-9712.00491522573 -1783.7072066032815
1744.5852202028855 -9669.172335362175
9176.45646728732 -2977.840582910856
7421.691352684218 5647.80213174434
-3591.130085994021 -2679.9438535773998
1768.6054889983188 -1519.3813920122484
-6052.2880679957525 1366.2842898608906
-3558.2820714022164 -5751.186072746248
6575.549397356128 -8085.641021226497
9066.77845857896 1055.352480214231
-4313.948156659295 -5978.036027637925
-2467.18337964311 -8275.041709339206
-9818.57189692822 5463.508107429534
8195.757637840856 -4800.925840554473
-7205.239162112735 -5498.676713945023
-5125.319092948337 -9691.913986866544
1815.8775387796031 8084.96713883703
8746.301566274178 3320.3446747044964
-2015.4457226671548 -9010.5027652398
590.9309430499579 2171.4283505128933
4225.003573426502 6969.9813419676975
-3684.188578430243 -5094.005448545513
-8069.254827024128 -3299.0742951893108
4279.3919505034755 -2381.5244006524235
1669.1337549670843 4085.700656376119
8662.754498523289 -1942.220005889144
8459.954153833532 -7537.542912847295
-3017.931861456851 5065.066772957449
-7807.341248035653 -4700.5783172788315
1808.5958688791907 1142.5636656797724
-7718.012064138666 2163.8837922746607
6860.4398604767375 5705.316645290974
-7678.15165252605 -9934.429230184554
-4147.133731296984 9946.645177447102
-4717.4950302331235 -7283.466998626176
8841.706728412399 752.0076969365964
-7293.723504820324 -4183.940970553772
-4733.011328063967 -9275.131735714542
2392.100132429283 -4839.459457975006
-4498.394560297561 -5857.930494238793
8219.470948767208 -3805.369054002721
3432.4905536395636 -5464.871582602304
3047.4278844663168 8561.428400540506
1449.4219053871475 -1402.2326949157232
-8965.583836949012 -2724.1683993378965
-3810.7743573127937 3248.903926751387
9259.993821809694 -6663.380131238179
-1519.1719258393368 -2065.7659762224266
189.5391339444468 909.217604545076
4159.229932238357 2628.439022405839
6308.234788888614 5652.503747763627
3764.1649791897853 3503.9623157927344
6160.7930177083945 9329.438995615212
-1388.1635071907713 -7138.796889932635
7068.51792831688 9532.6868216172
8325.796589854705 7668.883591937589
-6044.525991979217 -9827.186829504526
635.6793697044013 -8057.7519154481215
6000.678089625591 8318.049152937827
-1899.8343185025979 2190.6629293673177
-6756.61204956964 -3958.980850866312
-1616.7979800832236 -7704.907068103015
-6196.27736916773 2119.2308335384787
4810.1648313526075 -5570.171920073734
9040.99844744707 -2247.464223464639
2153.3025074099696 -3978.2434392787145
-1242.6726432748856 2902.1783019713475
8943.461651362442 -755.6351199264918
-8535.823340877909 -4577.550969639412
-7922.259402354304 -827.4284991598342
5764.746816200426 3847.3706656407085
2090.3918130844577 9478.39802858607
8065.179933010346 -3488.7469183533203
-1823.0742917631696 426.3882338649055
9112.768215961474 4623.350712001624
909.0507797556365 -7068.412700401234
7269.486173890931 -5016.728083413606
-2449.2821398656224 -5428.184540218605
-35.67065830369029 -784.808969693946
9983.208678569616 8699.857710139662
6428.101103360317 -9284.677558666894
-1530.1389667361145 -3819.8952768692425
-5400.571001015324 -2051.48469094919
-4161.329861478544 778.0974350104425
3000.977091591076 -6703.7506949701165
6133.679133868636 3860.310248661841
-5580.050081983339 349.69912111287704
-616.2906616699383 -8184.560247003467
-7612.847484267675 -642.0462958616899
9859.653232417011 487.3516325757828
-6265.971256150569 482.88203364388573
-960.801039451313 4913.75909196592
917.250476256324 -2421.4614943513952
-3529.4880815408724 9793.60144754756
-3664.412755168287 -8595.592840929414
1824.0652335246614 6360.0065465498865
7523.952233226653 498.2004459086911
-355.5473137678873 -5285.378019622413
6894.655337608907 375.3180471221731
4661.686714237407 7183.005846256252
-7393.922213706885 7288.491593642269
-5.87186544998076 7879.6783758647325
8174.111535232623 -8527.459491874602
-6827.132645451784 6425.338276952189
-2398.110294553122 6615.5723402315525
-4359.988532489289 9637.651958718998
88.46292312556761 -2760.6336965218743
-9778.99268465632 4020.9400667646205
3787.257851747383 -6261.914294573001
8043.775526590518 -5991.02212213868
1620.2931006463223 6015.871806971863
-8524.907614648531 -3830.9594096763713
3814.2943895320223 980.2753705713003
-7132.694943934519 7954.23576231199
1609.9988519003182 -3410.107701835738
-9743.863653041928 -8904.942697195278
4506.099560540719 5720.972310116706
-9377.02997516943 -5649.98708634485
9434.44323848353 -3190.822012073686
-1067.3092616921767 8089.084251357232
4423.230452687061 5039.076158813354
-3119.2189523397237 -5937.3299346146105
1590.1522853045553 7795.354970562694
-868.9446890684521 7712.59201252562
-5282.473173591218 -8843.844857733699
-3201.9427378206155 7510.6293831354815
5196.674458509633 400.32241803637044
-1974.1932385719283 6063.963535287237
-3211.085871055301 6816.790559227367
-6262.770656285051 1105.818759404845
4435.731745784078 -4454.298686919553
-7023.720516518344 -9006.504787792572
-4739.189840121325 4747.290984423951
6737.396838427507 8964.88477521875
941.7894356700508 5085.966185740088
-8225.3851243426 3158.48423106836
9789.759541611253 333.39875302393193
-3394.719770725689 5280.808829372709
4159.663124372983 -5164.11337597851
771.0110141067198 9809.029890344824
-5775.075902772755 -8342.382081147733
5391.170970960129 7745.552367748769
-7315.205929989947 -3597.1035368658668
-1858.2100293170824 4195.1733581504905
-3366.9531180793874 6036.784012284204
-984.4733860490524 -2585.6549992559467
-7398.183957867006 -534.9782546599836
-5434.081987133865 8485.996852505228
-1295.4726418235223 -2799.4947630343468
7811.81917108937 5402.254107285291
3837.034802700691 1134.988484139927
8575.594028846695 3091.31611027856
-1943.783926859941 2251.0964743668355
4751.2708828766845 1803.652246667134
-9459.546351864996 -5948.8588242011265
8846.537092829338 -9723.41839076972
1946.5706497091123 -7454.367691947296
6115.0993930404165 7225.211290933166
-3487.0399608407924 -164.21301753537773
693.5952194300135 4961.6177911432715
5918.785473093161 -2359.255838033465
4379.896804697553 -7676.954589509734
-8305.692506889414 -438.39885075854727
-962.6978010859239 -9406.171285520211
-4112.473099401847 6440.787913621847
8081.770440185035 -4265.3713035685505
727.509702577443 -2133.286801166987
-4892.993500701421 2986.487612638948
-2815.1027457725468 -5309.9948606519565
8424.866347600702 -4203.8816560571295
9615.278819877967 2359.0976941990793
9146.1974879398 -9987.258680555955
-918.7508579433888 -7050.69996885181
-2600.096473862077 -3564.304379786525
-8515.872893594627 4950.899990687763
6385.653405663448 45.951955320651905
8296.48394779725 -5801.732787745071
7178.342148431195 -7366.435667091924
-2528.2374547478194 -3236.6859374345895
-1449.963504929623 -2962.9971875193824
-9982.550969038237 5203.0836992577915
5547.814497054038 5839.218575587491
3753.3965730568907 -6757.351959187801
-1836.437750727384 5119.1900875148185
-62.93446010681873 -9209.105573564919
7154.435187863975 4736.616634915927
-9277.402043247108 -8871.81007225434
-2079.636436667418 -9368.671855232129
-4169.192212428743 5171.321418475709
5317.626102858398 -8252.124630763385
-4657.69305215062 3912.5101684214387
-7614.821308188764 -5550.306017788824
2186.1653474010473 9445.712765190725
-5816.925159589686 666.1173239959153
2681.644484982189 7434.817567687056
4289.984837779353 -7480.566036172491
6400.703305465366 -555.2371744956199
-4020.548772299897 -4191.9063147179795
7654.136984863602 -7752.001472684582
2692.2067237324627 7476.056553072631
-9935.644150239033 -6964.873182129705
-6855.491101149049 8077.2068432965825
2972.980316498166 4399.96220156993
5260.119436566267 -752.3591830504065
3841.569675981078 -8964.347269259362
-9913.798897055978 8327.557604176342
-5661.028901614224 1269.9175223144612
1951.0753440879107 7528.381007994198
-531.0725270190305 -9116.14107435971
-5655.5770067285075 3419.6448452966397
8876.72936061391 -5899.792476759347
2348.178398533435 4014.094162486628
-2616.1241348954145 -2806.719186491162
-8080.977473986275 5358.337735090623
7834.835794177052 -6135.676810964558
-6078.970484909312 -2709.682868336198
-6499.818631013594 -1657.6881523816319
-3470.310909545149 8903.750547690302
-434.4892413309426 2111.7262823749097
3476.1691721186653 -1736.3855291821365
-6354.264089214057 3235.161468671986
-2426.644110553025 -1954.3566773329558
-6200.538898092862 -6569.8967744443235
-937.1550556239017 -973.2753538634279
9178.34931954894 -2624.43983722586
-3455.2636318918476 6731.970800585459
3231.513766994525 1165.6754663363863
-5400.278079688459 3048.170305507807
-7704.863813450467 2393.832330726731
6685.619831616659 4242.20660993865
3432.6698399727265 3042.189149858661
4488.169824203933 9576.9557518072
-5448.862066425444 8167.963106028634
-4371.449426599745 596.0715436779392
7104.197566535597 8319.216827788958
477.7434531013405 152.9769178562583
-2897.2052184268196 -8320.716156653983
-4199.479428033821 -7611.716784849589
-6310.609608636078 -6869.61416908791
8049.490398358463 113.76951476738031
6191.896988738974 1743.4037559356802
-7647.706627852047 -5560.04302526139
358.6179362842995 -4357.836198856308
4582.697744337467 -7011.779794171662
-7614.358476658261 -6242.991599524725
3378.988463956761 7657.284466724035
5383.293139590352 7673.830463318693
6570.72139982742 -9332.134267415473
-2911.586443401872 3601.1538288870797
-7802.448625594345 -1511.8899780859592
-85.62323279242082 4419.2495924342
-1848.4948646130015 7246.404994283177
-5159.074651602251 -5158.320659216591
-3553.2661318888395 -9632.96739334173
9181.05399193396 -1088.9230377736185
-1781.5764055658474 9418.047666233339
4922.3308680925165 -1632.6360691699701
3775.206938843121 -7460.33917463679
9125.196055798966 -7131.97565976419
8377.07438169244 1325.328381559335
-9229.05500212441 8606.452195876296
8883.43560718733 -3343.3609886237537
9487.242456831147 565.8023512306572
9013.641724900412 6747.006634634432
-9260.807931543 5462.175243183197
-8315.063432635905 -3471.92109310646
-640.8795994327138 7372.374642105991
-4259.545421780497 -3483.319910432092
8698.405869039794 -3892.1107646458304
1352.5475493556005 -8570.989354573661
-3780.1667676970665 9588.139762629198
-6515.627756928657 -5937.265120700641
-1990.8900953827115 -4217.539459433033
-3984.6689214869975 -1653.509631299241
4469.339507800534 7231.6709599756905
-9516.387522775522 -3039.736888129203
-2627.5992123466804 -8273.484793671754
-7128.264312656771 3558.9786385603857
-5523.655267299779 6411.638199040281
-541.3452791734544 -2614.4397084172706
2078.0601098990246 -599.8112711050999
8484.645159261876 8938.620568247454
-1844.3596076403492 -7074.464397077378
-1777.16197043809 9363.845239568567
-834.9815735339034 5122.990409316737
-5976.064866278172 -6632.946394450681
2090.6020205667846 3725.842946908926
6998.285300549513 -4299.191782052209
9.80042320033499 -5723.586649138666
-4777.833390577224 -5344.638773801038
4216.48286600294 7894.2397809883005
4702.7699538938505 -7511.3688168033095
8858.571472208387 9209.914670576905
-8190.96328190752 2358.806963678069
5080.123100538658 -6235.494268390885
-8526.840513275556 -5922.912487975098
-9181.585800453382 5990.886995975994
-3809.78384346663 -3123.0366914788046
9691.697866206254 3834.7236205628524
9691.051913625175 6400.361102083007
7823.456313006343 4139.253419188051
-3863.804413423695 -4770.126967486625
984.1331946399332 4109.41701454983
776.2378711610454 1550.2006844512525
-3908.5197488447147 8487.300572064392
-8753.232440585592 8900.853149542927
-9104.18645713784 -487.75772941865034
13.608721740502006 -8513.96430982193
3586.632474302396 7305.388402082885
-2043.2335770295394 4136.581601699258
92.20208159174581 -7990.136140447957
-3320.8638670480786 3772.6827698518136
-8996.134210233406 -4165.8527107776135
2848.695599991357 95.07703138898978
2342.0059736142193 3087.6355663343347
-8269.449230818635 7236.262602951916
4790.729700895878 -636.2029396592752
9037.862162325731 5232.210983002167
-5436.494456784253 7217.712623438554
-9671.659047709778 428.95833113705703
-4277.854102492335 -4998.787898717068
5395.647940066638 -2682.6345719007195
-1443.3256411852144 7960.22318804343
-8547.29883666597 793.2321229726786
1543.779853883325 -3734.648522965722
-6623.4606738104485 -2531.131151825237
5436.714941245575 -6661.882188058795
1882.051093089507 -2583.8677526632828
-2800.352112838069 9651.687051829911
-8785.458113876237 -6400.1707176026575
-1215.3606449981853 -7873.672450623714
6798.751388080756 -4735.685833448329
1159.57228139389 -2693.753119592062
254.60685027059844 -6335.002872651934
-2469.491184929755 -2304.1457302951503
-5712.356196582556 3790.3968506109777
-8637.880789260451 4949.908501445463
3184.6874032678734 -5900.726139017802
4584.971252417192 -8946.583779737864
-4006.9633062705125 7801.2833369774235
9288.636388410177 -806.4470031348937
8934.061235745605 -6161.499479082886
-7765.289774300243 -282.72416636810885
-8800.235403407625 3479.0698665654672
-4315.978252430661 3384.7226436901856
4003.5329510356023 9313.142854330417
317.43771476540496 -5930.125238144326
6603.941796646326 7445.166510909057
6439.8464882913395 6126.389892892235
-5006.85331689612 -9194.496159673436
8192.050591010957 7827.89851241649
9039.043244163386 -8241.743547652504
2155.4523229007045 1608.4749884793964
-7906.961835612207 5561.085717462673
6519.58046894407 -5729.599414082302
-6577.072201117471 2736.7172792657257
9892.65623756735 5892.731435163467
8303.038271378551 -1955.270613928883
-129.4431169701511 -5134.39344685934
-6808.564466260956 6496.132799326137
639.6833475394014 -1708.3757401096354
-5853.329153312327 2732.150486848983
-3825.586058799444 1937.024842158262
5484.184947155996 9092.51381534506
-9000.048223843121 1981.830557373005
-7354.84779392189 9827.503750642321
4026.5629323083613 2009.488696501272
8348.187960444164 4161.859794018081
2621.3356484577453 2992.9805593888323
4317.029615768957 9297.598348162286
3868.7528432605213 -8524.243179887279
-7775.085341545747 5946.682405344818
-2118.4655491436506 -8287.728152775177
-3030.9202914488797 3613.3864468295687
4058.3500548020293 1224.2931467738144
-7013.570624681857 -9399.882352449158
-4654.831559793575 -3954.4278841883915
44.089669896542546 4589.351130751309
-2157.8406793032937 -8131.144515089383
-1213.7730458208953 -6341.752315631035
-6491.7717952829635 375.6477282894648
8291.149166144114 -5288.574721241573
2250.4076135170144 6220.512730407072
7990.386163387771 -3428.7329929069447
-3654.4979166527837 9458.131234373686
4524.076591002913 -1655.9465995955834
4926.521733478663 -9357.27647242257
454.67401544697896 184.10436251181636
-823.3906028639922 1395.8610679485264
-3766.3925465556968 -6792.9637795078
9908.320518472243 1930.0914515635795
9413.222888565495 8057.1369962866265
-1633.740824219809 -1167.7878893131165
5818.962075724219 -2487.2316270976035
-1623.7496834462363 1351.430039345336
6244.400935070238 7517.616550496328
-6625.635133886225 -7495.949215840245
-795.5695916148488 -6845.491750768522
5384.2832179418165 2497.7582560587216
-4620.4905515456085 1332.4331811350294
-5328.3645491404095 -3705.0718581737938
2606.585617549539 -9663.706209719725
-1410.8922491354479 4575.853614334232
1619.9245440671457 7892.841555622639
-3963.7281748206397 -2070.854631574044
2217.759333970902 4035.133878169783
9993.236753710597 7787.984874454651
-2871.6889862304115 -7198.223958827856
-5252.608309386799 -5552.685454103161
6571.402885141371 -2313.8958327025393
-3282.3454717651493 -7561.5459237582345
359.53628938696784 -245.62140493821062
8190.805704458824 6604.03642735229
-3645.0422858327447 -5519.037740238535
-8180.368586459568 8407.568787390304
4196.90328557348 -6397.637653680519
392.774849703952 -8671.677898445414
-8564.141736370037 1670.9192591046267
-8828.672561447158 6633.669401775234
-4440.668303952422 -6507.1577225171095
-3002.630173588769 -3612.615091221034
9866.298127736143 -1735.8187330988821
7414.814235788886 9243.841462159082
-6254.886184617129 -1027.7507095798628
-7796.939805504974 6394.427255330211
-1367.6209743159197 1508.8956208634481
7009.137321171278 -26.06737458102907
-222.13731160466705 -3054.039295997777
-3825.845484175823 -5698.956229776401
913.2699722830857 -7447.879345600872
-8614.957590738177 1518.5008174529885
-5979.711952956548 2384.2665968559286
-3557.2779431892786 -2485.126949115999
9616.000818112974 6665.444090539877
8222.99636232598 -8548.679204522223
4321.416197754219 -9334.69987439481
-8183.384339709032 2783.1124378293207
1951.515896132536 -1572.1175897705816
3870.120333125611 -6642.929848552671
-8037.119174570215 4445.553765027053
2309.2253047776176 8982.5332805984
-5182.387605940997 -2743.3272521639647
-7088.332959042769 4814.8236134325925
7669.917119313373 2948.6127297740404
3606.5830029706067 1956.611283901264
5754.389338439021 -6323.403044555107
5912.66227402995 8873.979509912508
-5047.329459249979 6562.720520543342
-412.552783499159 540.4020946828223
9237.828978512443 1718.4528160634163
1345.3376403172551 663.2402502703208
3043.458151450346 -5362.188718388335
-8588.008835915149 -2086.2135951673636
3077.1407771262875 7837.300871423824
-7282.019528570329 5773.276199875423
-3304.3997702077486 -627.3693818612846
6694.719176750947 7423.707726686189
4681.488753718841 1741.1127223637377
6920.822686236032 -7946.302067711555
-4890.549591985975 3682.56570207828
-2722.764373673459 7016.03292750306
1961.7268732015855 9520.443157992955
-5195.402053952527 1464.955359122143
-2748.754812922476 -4061.182807052526
-883.5042037463318 1417.6516765216966
8632.774401629893 -5530.245197152149
7.387566987397804 -6374.200998102968
-4169.595510677979 -530.4702210203413
-7195.844974716343 6209.449510136194
-1317.755849427207 -4008.9848949558645
-2954.6150316036865 -2303.080924796257
7200.901870513211 -286.48449596068167
8232.650708524441 2930.7729039689166
-229.03806142799294 1970.197483873304
-5316.800728093578 -5758.608165941905
9452.332326117688 -3082.8134631872354
1923.636317612083 -643.9859461613869
-9669.010255434157 -4982.695775320727
5599.324700791061 -6297.44056541464
5956.304211022747 -2734.6739657766684
534.3935308180917 -5916.0616262421645
-9873.209863390013 -2039.457209551032
8362.40160963023 3139.964267257854
-3366.2240940370784 336.3240373861645
9057.848340386689 9580.384946156733
-954.854804171131 8985.275075104299
-7266.104057091096 -2136.0340510267715
4208.965389000807 5772.499154435804
7231.8146947161695 2814.95563089801
3879.4611114303607 1808.3693307783305
4312.814756950791 -390.33404348882686
7715.460050846075 7056.134011622984
2673.0952679688344 7632.328283686569
-2125.913581133016 -8721.425556925304
9538.091309326708 7890.760488063643
520.1425443965418 5281.847760211231
-5747.945578938283 7998.812323636041
2794.2588147108036 9793.548521767261
7064.261075430528 -3826.046163054655
-4869.429114867261 815.9337695812719
4223.300844238047 6264.771222747973
8287.31790805664 4924.159245764869
-3473.9486814857564 9514.551821098328
2051.426953622231 5733.281770760381
2628.095988252988 -4416.457772993427
8300.798096962735 -6363.312517236636
707.5149606066097 5293.861144998022
-5044.338963059365 4922.516604098137
-7515.885997543816 -9372.525247399199
-676.9668817093407 -6496.445844392869
2131.3279533398763 3699.021837166858
-564.0377935152064 -1250.0291018452353
9278.185231047151 -4258.288938545751
-9788.10355676839 -3706.80214753119
83.87836291163876 -414.10538341072424
7602.174867416168 5173.124876604868
-6722.361296015147 -5323.660846763527
-1622.7021089900481 -5670.271035677708
-908.2272242943782 -7634.368327661287
5790.283677617605 4194.129577141392
-1824.1247732073589 -8962.4643334167
-7916.929383170861 -4987.015282426184
4865.3812352527075 -4444.446843254728
7648.603115644084 -7455.952277736073
4587.7929132391855 -6401.669932195639
3633.8612469587533 3889.605967943071
8725.050042346309 -7365.044060736319
9866.783017702903 1488.4286749478051
-8089.306662130438 5609.617009513626
3212.6601482483184 1665.7680210745493
6525.605566144288 -9153.523823687821
-7186.737064123203 -4355.153198305084
7066.287917192887 2252.0292129865284
8134.588330256949 5552.186494982678
3094.7725866187593 9583.63924778772
-6653.198908248106 -4296.969148166454
-6360.563578209005 5369.31131673611
7282.571857808474 -9667.977705827678
-1798.863872361213 5005.210717912667
2067.6978136536836 -7061.797798325899
9929.236185073249 9623.811068425319
5490.521911288748 9542.310137805238
-4932.733424243003 -2483.0185759164224
2274.343254966445 8408.253595701528
9428.090781698138 -785.2861515184832
-2360.345498261374 2159.5440994856435
-2556.3628070032255 -6238.390260891231
-7109.290569249045 -5274.611233391335
2244.382552839639 -700.354007761347
7233.565742885243 -4819.969257044423
6258.95784202456 -242.85676734242952
2630.419201356519 3292.8529272236356
984.3737280054193 -8739.72516387586
9217.694153967572 -2514.3529634365123
-8137.450289332828 6824.850376900235
7663.008216928618 4897.372280961321
-391.03992644993195 5952.524845239788
1808.7937931143333 5385.623018528298
2874.3853011935153 -3053.019501152152
-9951.989485642727 -3452.0643269040966
-1219.0959472354025 -5917.9597189487795
-2899.9623748102367 5224.974921968254
-2341.5801875748984 -804.9178226636559
-797.5071297242393 -7548.464811620026
-3781.828423302977 -2154.485488406812
5207.386099736077 3450.212755030352
9434.838329106351 -6130.497689522467
3667.6592139232 2016.4971781794793
5568.995605294942 -7021.484918199265
-8277.1624882924 -477.05150787555795
1046.845691657174 5990.694114370301
5440.153928770964 2774.0242479402987
-7675.7035105222 -4649.570436243207
-6759.812478966822 2072.0308087487774
-9602.380562574746 -5217.046552325782
-5866.313908215519 1108.5783470512415
283.07650227692284 -8752.848679311845
718.926473642352 -6325.171209379137
-7426.943886172355 -9208.786340010309
3236.6018400926714 -1312.2764452317479
7086.422174941243 -4517.861599860919
5451.892512260454 -5341.706917202307
9665.932099557129 -2728.477618039573
-4268.9708508892645 7482.056469090472
-7664.26736879509 6476.46424311963
7402.312844898304 1310.413184208941
4317.107595115225 -2504.1756544337377
-8660.7809173553 1265.8539681238399
6810.800830092176 -7551.512386794868
-9324.146009437642 -1107.2936431669605
-2010.6064222571977 -5388.324708350187
-7337.289369755927 -3510.94701121061
-3696.62291367342 7853.769522092214
-4106.695719597351 -5155.64925453647
-10.287680838890083 -4302.486711680782
-7520.0593408663935 411.1976058416094
-1418.169993197418 4215.854571809756
4229.519417602347 2568.5974322375823
-1744.827695724487 -3345.887631741173
9467.928927211127 9387.971185297822
-2997.456996128334 4488.550301543102
-7115.747860947868 -8807.916590394334
7918.6859140805245 9572.840785276527
4613.6565551986205 5200.9442758840305
-716.3410092962768 -4909.6761035791305
6750.489182520963 1687.6675299271774
-1330.2494380931912 -778.6471785668418
-4419.228370276209 2321.157353702667
-5043.194690000341 -5248.556263253458
-3954.07341385553 -5248.58277317606
6926.023881422952 287.33599804780715
-8702.761303708447 3997.1674445999597
-9987.5782168828 4314.489466360943
-5326.79869146389 824.3729838595518
3831.312314428171 -7979.059017203261
-5970.440593576583 -9941.814660969421
2254.3202055955917 6628.856419490094
-925.4890585996072 7649.7107460842635
-4904.397942279004 -8083.482910718958
1209.1958300737242 4322.920651979894
5879.0917686418325 -9320.11908401486
-7653.75855989574 5755.929995071461
-6307.243961583157 -4925.719785754137
4276.809243474387 -5495.230063596543
-1204.001369820413 -906.7953352833774
3379.2267464704746 -2743.305313468827
-8568.498444337198 -9117.462550069124
6809.95171496996 2503.9628675698095
-8797.035822127582 3155.0156628775094
-4209.723528485143 -1642.055510674536
415.3330031805963 -6338.908210532243
9199.826726261763 7977.301557754596
-1065.7034314051834 -5511.223768635007
6410.577780009353 -9037.08649125088
406.9580358763287 8906.45578216427
-7857.251745992591 -6923.8930244091425
-9904.238274109633 7529.075723007121
-1903.384457791788 3765.6669293547384
-6887.092130342331 1779.4956194397964
-3788.078149236505 1243.0079765583032
-1497.3627493533477 -8066.778028928665
-3370.7766978813925 8223.793505243691
9403.938438569403 -523.8683229687049
-224.82687309570792 7958.191538276384
2436.3680458862473 -928.7917302371116
6466.394077480134 -199.12866335216677
486.8489098408154 4121.720719524785
2524.2488116318727 6325.740021329188
-7764.547422293992 -8265.33138695422
5115.476802867986 -130.66601712426927
9043.339959619105 -2170.2540581570147
6881.314453606039 -4609.317755074314
-4763.818979701233 -8794.544847726524
890.3828117242901 -1335.637751936274
1351.5387570171515 6565.4366264771525
-5451.726805748569 4077.3828570187943
-8421.147432037998 824.4593906472037
3819.425337511766 4679.426156608271
6405.815592447212 -5545.053577685708
464.53697583914254 8639.893360919697
-604.9034107053758 -9798.698610765688
4469.421943223835 -9105.897396268661
-6949.486415560773 5180.711874836248
-8561.138048586752 6514.8921092515775
-7108.07941485031 9205.51610215666
451.6782400853699 -6775.206354909731
1143.2245965540023 -7896.381425585892
1720.8885483678423 -5532.162627662771
1848.114542927402 5879.854112135814
-4624.517046310192 1588.9692717561247
7763.225198997687 3752.5972975324494
2777.9989958263177 3922.955874481466
6038.630625462662 7416.331099411389
14.73850985972058 8973.561571622813
-5519.291958277972 -3677.719661112482
9543.125168036288 -8632.301793188135
3102.5700222657524 8335.643166207723
-9546.64920902278 8898.13367653628
6702.427689023247 9819.334001694551
-9600.87344252243 6722.278592755501
-6629.6069298502625 -4989.420481455391
2975.001191990028 -3336.551242921766
1109.3877887620965 9498.103553624434
-6834.633389463239 7564.929967780397
-9834.010611613608 674.0494785556293
-9537.065985428886 -5223.934406462369
2202.1923515082926 -773.8147253996522
4352.110964736052 -7896.505021276792
9099.221006180374 -9947.640945599878
-9924.626761070575 7939.58345180691
-6030.307963954656 -1579.4415233924192
3948.37358519563 8783.981331134444
-5135.42760361715 -2235.6461080792633
-3037.7990333084263 -1996.8367602289354
-2303.4569988673593 -805.103854939327
3008.833892282557 5426.704027113707
9061.527098756771 9627.055043447486
3788.522154176386 -5742.052178061794
-8074.693015213455 5358.685144730076
-3694.548078793351 5780.642475031418
7552.298737239013 1008.4170438872588
-9169.263246388658 -527.9904890391208
-4411.279547221374 -91.22461516943258
7309.406542667279 6386.631586342439
872.5407338714449 -8632.171677999591
-3589.252393096902 -2945.5555154469757
327.7503017419185 -7346.0118587844045
7768.979463974883 -8359.979645682324
-3789.341201444112 -875.0202882869435
2433.9295308478468 9739.24885197439
3011.069770036116 4613.404271384219
-850.9877250748268 9943.415092748179
4471.3521364328135 5997.730777121531
-5203.520853291377 5179.58822097176
-5528.428107248924 -9171.041801091867
8197.561195000922 -1159.8631938657818
939.0099852360236 4949.589434236339
3427.77998275362 8843.09623440697
5475.551918825275 8232.968386763434
-6094.628429227148 -7980.984021109994
-6943.417579122482 -9112.556625192814
-8266.602514700548 9598.824209262235
-4059.8211421207343 211.2166161178884
8123.805273736325 6081.151423855905
-6164.440654816286 -1749.8476322228344
-9795.66406634399 8386.463489172871
-1585.1167465959352 -5497.782928140369
-2893.166638299341 9959.255136544245
4412.675252932722 -5371.35841716468
-6041.8190157748295 5358.470242770163
-8157.713434689169 -3926.7137896864624
-3757.270014811622 4880.211434538371
-5731.031225269332 4558.110227022138
8977.750153395249 5885.715660088908
6614.296427261252 1614.0459167693025
-4758.91071030726 7761.473669575542
-7373.1807877632855 2622.984164963076
-3187.1207141798077 -9182.715724223308
6938.993012773317 7287.98597844028
-3959.2125628290196 -4068.0754434409146
9540.587423147077 15.241565834217909
-7489.032235239785 1385.0509709516227
1533.9294344174032 6382.703926350774
-9295.482392902311 -3932.1791261669305
-9803.51210819241 -6313.27271637503
-4458.09023398515 -5856.344342844764
-1338.5212883336444 -1500.5462147995677
-8434.478856462965 5234.457370649994
-9062.692131028929 -7763.909770791715
-1516.9661349097169 6336.505449189284
6521.8378637506685 -3077.3724038436303
-9107.854758244332 -3075.837261450709
-9472.387811513645 -2329.036535903162
3229.6787461667354 -2921.5750305891497
5019.332838953396 5809.789777727505
-7664.158748873322 9981.260545426241
-4824.9537828318735 7186.014568873143
-502.97193243413676 -5254.416750830049
-82.36769650161477 3842.8984714729468
1428.2415874386606 3304.619462903169
823.3715223210038 4097.487059253272
5378.829997109751 5963.323085370557
-4600.496280334627 -4018.6721717771397
7392.929480371869 4218.414509911643
1232.851034503632 -7925.134083798157
-5271.373888800812 6582.510738014673
6046.740448899536 -42.67387337827677
-6462.466858243807 3401.727368387861
-4636.384541214314 -8189.718106418173
1129.1159160608677 35.04151246521906
-5744.127403065065 -845.4699128283464
-1508.233223988398 -5732.393251068164
-7422.367072510044 4266.289904931022
-6784.718762043616 -6540.883420910013
4105.297340245283 -1489.843286470934
-4442.956091090289 -317.77673016805966
-825.0951440127283 9642.636897906828
1116.8942076052226 6984.923444778477
7689.453818805196 5081.508968474862
2433.2876912312677 -6085.271944611959
-5220.479127615871 -3797.3465250901436
-1213.9634871182643 -3428.662037808641
4935.655535698797 -82.59455955957492
-1411.4376876462866 -7291.542883473001
-7908.816585292986 -1900.1151825603847
-8024.748590135912 -4215.718963707578
2919.221888847729 -7124.828052862577
-7462.843412157039 9364.095637026949
-1482.1542557290795 6345.595619727697
6631.958103446123 6907.347466987874
5692.522520453458 -2976.1865721876666
6291.731488119718 -274.572311944763
3205.0696474993056 2057.765930306148
-2525.2516515375437 -3224.662147751281
-9356.43983481648 4273.991702709871
9255.173550122166 3958.304120787914
-2022.2556602911545 6132.205901533927
1517.195031549265 -2278.6879663776526
-7600.274498759036 8875.43415678883
-1182.235700092364 -1986.5570160552616
5709.776866439712 4476.418117656518
6304.793329749202 -972.2027563167758
292.33642331314695 -9577.598242504911
9925.30062456927 -7336.303144864653
-5362.608209445539 -7053.175674449337
7630.663759048079 -727.231307729211
397.5986688062203 -6992.162559678219
883.7853111186905 3006.4066482569688
2131.656272139113 -8870.009247841066
-3504.361248067027 -5038.967378179429
-1830.3966543946462 2166.8183545782376
7666.316283211334 -3678.533399915449
-3554.1410583020543 -891.5307201990672
78.35835186916484 5831.63239985727
2680.993971430238 6249.944775014967
3987.796584586067 -8824.269719905125
9953.367465360709 -3648.1156579708586
6481.002773261611 2231.9078279674195
-1513.0777016837674 -6132.717533796214
9413.092895037731 5664.377111259175
2391.591563466047 6873.889516738698
8016.283391484842 4948.8254040997435
-3872.0790870692645 4043.4872820068704
-7235.733137031597 -2320.1317972355073
-2372.3291321898078 -204.3854105092105
2801.3176763728206 -7111.784173013034
-2712.6837924081256 -9275.264805466923
3092.501228883113 5099.113515595702
2461.519296307888 -543.7608663004539
-575.9839587480183 -1007.4696299390071
-4381.191926428607 8278.087577996663
5480.350835328718 -1220.5212850963762
981.8469694823652 4211.301012678317
-5552.399094497476 -212.24982151885706
-740.1581513002639 9623.909130423857
3939.937964444249 6254.254773172419
2990.7855360784797 -1940.618040328719
-2481.1118220946146 8950.072484611115
6046.3921653327125 -6358.030698296328
-1327.2744741115002 9018.21167456593
-9987.258938540383 4237.781770110141
3845.9516077715907 -9717.006360538824
7444.792128313162 3491.8510184277766
9956.479042651325 1293.872844522859
7403.103475326403 -5072.184039347103
-1189.2026201092485 -9504.577358813869
2216.228214045068 2488.288782330679
5925.059451176228 3169.11749887728
-3927.5687810118716 -3789.646355349192
4482.674019655402 -2828.5616473670734
5829.521058280061 -827.9336597256661
-3493.3424857107993 5996.755732213083
2341.7402377365634 -7587.773246689724
2797.641259107624 -7677.670993588297
6637.829660069143 -1782.9065306089233
786.1024756297393 -7053.315417189911
9444.522962098847 -1015.8659422816945
-4829.975430607587 -3088.472959527473
4834.891569887377 -1185.7092657755566
56.86812204282796 2601.2584199963167
-808.8805800267 -1949.3376706868594
3301.3770732132543 6743.070859115833
-4793.569222068517 7172.905186748867
-6171.599014987568 8484.499921669241
-2688.932535470567 -4226.9466906248335
952.5816522504501 5104.219228405853
-307.6453377167818 -5220.116071043126
1054.3948906764836 -7584.227976209822
989.0558990036989 5665.337782038398
-8555.294424593869 2552.837532951229
775.3721599732689 -942.0722361633198
-6152.360579275406 -5421.463635443313
-7889.893857832269 7004.466762502139
-9345.754321757091 -759.813777617881
-8288.35367500005 8062.852897510114
-4052.9357414557253 8194.827396742181
4729.6099408909395 -7524.940842207814
268.38133686329274 -9840.264408128867
4619.117161627686 -4139.1187207739795
3202.606237858856 -8303.938120545281
283.839981889103 4189.394868669871
1065.8603025865705 -1287.372758750591
2439.114304518853 226.49365145519005
8343.52360142026 -3719.1851400447385
9056.570296812377 2223.27671335185
989.147306657318 8980.416638866445
5786.885450246049 -698.542298856717
-2704.2164580582194 -8249.822464549534
1417.4216736366125 -5191.613583651378
-2226.5426279016 -7904.289868800826
-9293.332884715932 8855.66583140262
9314.144999636614 -1488.664592930636
-2652.439823173676 4321.760576282091
898.2946522342263 7101.333059533103
-1653.0806963081195 6790.4055245237905
-1805.435274301739 -1360.0225034209216
7768.376655220196 8213.009620815988
2627.131697007455 1688.6424737326179
2571.3517026652426 -3475.3155523758396
-3167.4476886211696 3892.173100897824
6188.767740515264 -990.0947844753955
-7099.154354721888 3205.618571225872
6521.368502599838 5905.238189197382
-7606.906003637304 3556.3344545526943
-5813.353933710954 -7457.0350537134545
-2149.462547456793 -4674.64077093098
4145.550370137238 3280.84382096228
4357.7761714979915 35.89357950177873
9240.303935726071 -1470.347261516814
6695.365106392201 765.592236694054
7711.804992170375 -2618.433571782779
2714.7318168504316 5053.313629619002
8425.255634790683 -7341.175124330186
-3208.991256502285 -4550.1544585525
7317.808146547824 -7356.439836029469
8557.031104387192 -5633.931477309002
6492.1830660473315 -5683.953809524769
-8405.60480681017 4500.888177373254
-6584.639988068863 -3379.9453046566086
4355.147303870763 3885.2053557714225
-8158.390249141263 -909.6022032640612
-8689.691048878407 -4542.92570826861
-1635.7173041420556 1119.1436801326126
6169.119072258891 -4912.876752269523
8910.92921626756 203.40674707351354
985.5127867373994 9102.210539298423
-1968.5143693839045 3709.008079180623
-4933.96673835524 2609.1886182746857
489.4105791177735 -1999.2820581599617
5816.001560784807 -6700.424168326192
-549.181293494521 1231.1940716839617
-9991.542180304567 1919.8123516359938
8476.80838680275 1647.1352463731055
8433.016181871702 -9779.285543303808
5559.344411452661 -8037.424154109795
9479.445788378835 -46.3829501560449
-3398.797939606453 -7834.341450015416
7933.44559964614 -7640.369487887097
-6974.351004433283 8066.62049911718
-5890.265240469153 -3397.6844975567565
3611.6849959887204 961.138210195013
5420.233481799554 7723.009287966219
4185.820800357478 4974.588150765056
7572.772478807645 9951.928130535518
461.53805777066736 2969.1731686029943
5818.422091830644 -412.91495182200924
-897.2810995515792 -662.7132625706436
-1986.8152390638725 3156.962469158778
9997.501111110523 8570.880291377514
-9267.542385637184 -8788.210362518797
-1235.8411435990784 -7811.989131504888
7274.321027167578 -4157.818299174849
-7329.222819804977 3414.156899425836
2110.3764809422664 -9097.20385122625
-4564.362316599173 -1042.7165337377592
190.49318081255296 7922.582771032914
6785.386603807587 -9717.939088018975
1480.5057347946877 -2187.9089660383434
-8816.774122494637 -7019.968195843514
-8790.462679690749 8732.21929421229
-3200.497653529941 -7851.061533722772
-5473.706141776182 -6132.303805064023
-9417.748266554872 -5864.178713564043
-9388.675116448903 9352.4777109803
8195.387563867574 564.9161354877251
-4235.095643928233 -7776.833757887986
-1372.6012078665299 -737.2334869928945
-2412.1569628290663 1030.4515909189577
-7566.437443550518 -1490.6074750229182
-6904.805967645991 -2382.513221488196
-140.15343073878466 -4014.2467454386606
-7549.5235820627295 7578.019710531444
-9493.176150743391 -8145.8549720620385
-3019.301730289095 -964.0045304485684
-272.922361696832 6599.591328680981
5230.105420599966 4642.268777277079
8609.74357494892 8576.681305057438
4033.2549345434836 62.9566738973117
-5809.027572370731 -6352.280067814829
2935.6565666078695 3737.875519048028
4439.2705569795 9864.461551084652
9762.884896138596 -2683.5890514818075
-1400.1764032680385 3837.102258676625
2736.7241713493513 3932.0772380712024
7642.06171692369 2250.6150034685033
-9740.440558453394 2355.9226037047756
-8160.108797748997 -8070.081411403989
3335.8870724208955 -927.1444676237024
2924.165053897641 4921.771838554096
-2427.5251903090193 7453.855710892065
-3217.879166947495 -8747.302488034537
-8203.649783600908 -6549.040845430389
9338.682075017176 -8661.355211645754
-1447.533936376136 620.7980137660034
3039.6562068446874 2463.500282580948
8090.532631447069 3786.387283787464
-5732.96385976247 9309.974917862248
-8076.82469099942 275.761506361825
3051.764682296807 -2782.2132120359774
-5364.77422822216 -9570.0382862337
5609.4637226772265 8660.475448887373
3346.6087128613217 4951.784344042069
-2490.1917777749704 -1626.410094249939
3078.9531490370955 5670.6135542400225
-9299.63586252497 -9366.609396423271
3248.7010560833023 -1572.445046553743
-8859.125761501813 3376.6212173938875
-4392.851170871304 -7960.995247037019
-4535.873322565884 -1831.6956033138258
-2829.4838358844836 -4324.3102871772935
4864.703473587169 2465.9314226027673
3030.783772394361 8498.115847022043
2327.0589365851083 -8805.188865642456
3410.707164765765 18.28491982289779
-4660.469905531053 8340.754534853815
6924.065791309487 7411.419207654875
-9598.952670137327 -3917.3134282215824
-2275.139403684576 6880.369500785651
-2087.537041829686 -1070.84154365231
-1923.164303892695 -9820.735134098877
6454.568374620878 3389.175808818376
9847.350549905746 -5468.118586234292
-6009.963215280983 -100.87479869719755
8527.28584952814 -5565.892726988049
186.67801689177213 -6955.976684038651
1601.3288066221066 7208.796136484958
8844.547444637814 -1447.3093324891433
-559.3734676734493 -9314.808708740491
2319.608445959997 -8887.123482176024
1362.4725338600729 1004.0312345421316
-9128.189323426446 5743.762903721201
-7900.676490487433 -8696.67139970759
9025.588802310253 7279.677150708736
-5357.8798792403795 7918.748695536735
8315.957101092321 7460.251902018721
-5729.46645993573 -263.6134600308651
1203.521755717824 7188.680911190091
-4444.588796138225 -1535.3142700344652
4476.893458501168 -7288.876246713423
-783.6380348540224 -7153.8873228000475
-7878.861830008168 -1213.2897755492158
8940.06816829653 8208.132893326743
-2583.942013099707 9359.018304394664
-387.43043539583414 -5743.074388608827
1938.2563177118263 -3193.713241157281
-2108.5676555643577 -1353.809918721381
-4823.911605567897 4539.046284448934
3641.3467072992335 1607.292474801714
2626.766520362844 -5469.75103757567
-3520.6127320639143 7805.92148746183
2530.031981058686 -8695.611501546471
5523.790180683964 -4405.683659163202
1802.9734886623864 -3021.5030733878502
-7587.208687184062 -9042.962755388395
275.72306935671077 8139.33555647426
7757.699086059001 3702.1675566454505
-1012.0855927361299 -5342.526123987983
9417.045657989274 -3171.27671439609
3090.950594138738 2980.376878575493
-2673.6812225830727 -3495.028068754631
-7188.719282706764 2013.0225662540615
4090.418853820547 9721.249082212638
6965.039669285452 -1614.0271757410137
3143.6580219903462 -565.2100554465032
2674.5680484025634 9727.232594419518
-2995.2384512828266 -7097.025946836082
2222.4772831667688 -504.3632829182061
7002.001058846545 7905.309892323832
-6610.915809051652 4999.908410221558
2816.226830868025 -6316.619935909564
-6845.796890184289 -8581.055629083925
5287.245545097061 -1318.125023732351
-3695.573106008703 -1044.719857995684
9151.626019856172 -4447.245463737863
-9727.80933015018 -2304.896300019219
3727.6837447279413 -4611.523059887466
5443.074343735496 5314.585386594572
-963.953460875462 7779.147861405887
6202.943851617514 -3536.2969378106145
-7558.141007299695 -8957.662994066648
-7843.302425093597 -524.8569660110443
-3372.650365917815 7853.233066757555
-8764.463440238453 -4012.731615253855
-6448.882081429126 -4493.303570289615
6819.830070093372 -7863.452277054002
1023.1854446776015 -2828.3117015847492
9539.81618034025 -3833.7497452674434
-1377.5147531243729 752.450990504487
1076.5140813573198 -3385.3917663599304
-2093.8655944584016 -4650.267101642198
2070.4008648729196 7687.069682511912
-1792.5140201369795 1819.2420464496136
9155.550733490589 -6016.345907890252
3792.6141216539145 3553.435109999771
7172.088789252528 5443.843571682039
-9257.459263261362 -3633.3607829892835
-8230.020149271018 5187.8377159712345
2651.17067641412 -7757.575875201896
-5097.687480863897 -2125.582737700367
3076.5565218102965 -9293.964181630778
-8883.588053056992 4262.054438978397
-344.2254044037636 -6286.3759422531575
-3913.7435112557405 -1148.6701995337953
-108.6593671535611 5203.881233536389
-9510.161231856844 -8196.893001158072
1839.760242612023 4836.641521193713
-7879.733596656522 -6231.665020337665
4280.462217211025 -3053.125526699363
-2970.4514473834597 -7168.258554750757
416.0150104824461 -9628.575466173372
-3460.823232018679 -3536.8963420913824
-3247.814240179343 2559.7504111781236
-8888.23222183023 8186.171068719625
-5470.937996674507 2258.8266694381236
4363.175070946916 -1383.2664746161245
4922.102351591675 9066.274156787546
-9095.34071291431 -6412.272026776853
1204.6480861894324 -4725.307456811998
-9760.164469950538 -1729.309812548745
1161.08138329523 5684.075795876526
5601.295727048186 5519.251591629012
1262.4659458669576 4438.095708751576
1396.9425693147823 -898.1953053584784
-9535.827761221646 -5556.052631080157
-4153.7604602527645 -1943.150554424984
-4042.36141819182 -5435.648230403623
-3578.2688772601423 -2904.0472743513265
-4193.923900728371 2524.227312971121
4871.34858443003 -204.34788518918504
-5883.412431801058 -2646.568629724684
5882.166167879517 -3738.9584020315287
-6751.183610339785 4190.899156071448
8856.437287005792 5010.187733828734
-5467.089920944663 -3595.6015958233475
-4194.110072990274 19.92658694469901
-5932.77068045667 5234.027453722316
30.416723306871063 -1810.0018701536455
-6611.107873122985 5546.500040769675
32.45988369972292 9923.885559074388
-3842.094416843649 7791.153733412881
1028.5350334519208 -3908.8734606853823
-8531.718930440806 -9122.469816503872
-7545.497970776092 8327.275635511014
-8002.799948379362 -1551.713089396986
-5978.64993042446 -3555.900237926262
925.9417068620769 -8099.905101502704
-4836.593788063949 6663.99537818721
5413.942160722998 7509.099170234815
-6868.9456672342985 7459.025898645574
-3619.976061479162 2146.4024684080177
3515.1857688625114 5966.377555600557
-5557.5348312055685 -7677.033901489172
-6349.223498118814 -2731.5582943444115
92.26466616711878 -5317.796517836282
-5867.869452188736 1267.14268620652
2521.586838878402 2562.4642941857437
-3417.509810085273 7448.524009350611
-3997.950622052198 2880.5070423187954
6855.873562102417 6525.02902873054
5305.158080630574 -9659.038779203613
-7990.853369018096 -240.701234829412
-7620.143454953177 -8144.301946212385
-3332.4988687249024 1714.7341347265337
5349.811957128659 -6939.083957493619
9816.665360868574 -9755.534369392328
-2134.283621528097 948.6776521929223
-3409.6739951816253 8721.781695542857
-8054.464894536071 1883.5162212122377
-8718.599362701842 9831.472086345682
658.29917769651 2653.6557590464545
-2409.045038591269 7682.9546104758665
8354.681906352496 -6289.717524332723
38.71274546835048 -4427.548454353873
5620.267352716355 8377.219163051079
-3505.73066237944 -9587.101975505877
-6274.932392258963 9567.256300445595
-4051.734339691089 1666.657251799783
9065.508884308114 -3579.700504610768
7927.947743417968 -7442.460330187307
-8057.2468619471565 7282.403390560557
371.68125409137247 4405.016983434334
-4006.1144410083907 2573.664647298663
1312.1567199633591 -8885.065611055596
4690.15587689795 1346.8526829897364
6378.170775784227 177.42978767267232
9539.109124123232 -1282.4349986540565
8910.028613273113 -1035.8295122471973
-9024.894771630716 7850.601529700038
-7606.232318691596 683.4328901762474
7395.382722935283 9816.15161719947
-4045.441769291385 -6957.048498343829
396.4714532957296 -2616.694329656233
2809.7934189342195 -5513.137762757819
4988.425374309038 4697.294614068605
8867.540385053679 -2185.5073373649584
-7588.007284949838 3790.7831781147997
4066.172947405659 9055.132583814404
-9843.49402075146 1008.4300664815
2586.171995551118 -9335.656584981536
-1126.0776122160114 1677.8571564116937
9725.229355858959 -7576.238076317983
-892.8892716810278 9739.053075743868
-6987.053933944069 867.76558194666
-7901.875289069866 -9451.83974967914
-6948.416249147073 -1373.2360594490528
8414.873521260502 9700.490251134412
5604.46255078242 -1231.7010549238985
5732.243372043422 8471.527091671112
-9386.217521991002 6033.535809459536
2826.3889517047155 7353.570604283665
-3885.22238365024 -3191.8715087713026
688.5664824602718 3169.6002748701394
5423.278290613247 2732.865176235704
3637.5349350070865 2374.819895153343
4508.92242007948 9050.88434349305
-6592.787025118472 -6589.726252900036
3126.388873782913 -1895.320676870393
7408.930343575499 4351.810695096414
8062.210678075193 837.4992103038439
8715.269102766797 -1398.400938929568
-235.14051443874996 4720.167351865188
9785.15368462697 -9001.718268479206
4660.961821701281 5215.748260531314
4547.493365121498 -524.2196889413117
4620.65625278711 -289.1086113012461
-5816.654348444825 3279.6619088808293
2320.266913606274 7784.092830839778
794.2225598785408 -2246.119928810197
6660.608985487623 -252.47833395844282
-9883.180651333205 -2160.3813200044715
-4065.580497452279 6590.4589828232165
9542.096544397857 7681.86618000011
-1903.4638428834842 8768.81252831572
-9080.689889822439 2118.2555825931922
-2724.362752940253 -1273.4314091133638
8973.233661227529 -2671.382631098396
-6423.528936601999 2601.449597240584
5635.479623517691 2552.585916650485
9256.701106580043 -9741.541402258841
8188.474854684639 2536.522197948956
8522.616591692356 -388.6099383980254
4843.309705104715 1249.908122483619
473.1330126943485 -8866.200885064229
-4779.670818542354 1415.2846771675231
5131.656107305085 -8472.67829265851
5174.001481714617 1524.7037256835629
1040.5422463821942 1706.6494325608273
5501.237697707073 2269.5732720180877
-446.96030698301 -6423.132429598458
2295.013388458352 7689.688028212968
5742.760688863931 2520.266936882932
-6947.214107330989 2851.128608407673
8760.875483431337 -1923.842493173549
7121.855673645659 9491.636646930925
-4493.60416917171 3988.5995063843966
-8338.50896103033 3825.962850531827
635.0487576825199 613.397287845657
5024.271096252845 6582.608989154822
-6782.577547301407 -2382.915717417589
-1693.2186323779424 4347.268302131952
-4232.804001095123 -7032.947210850934
2792.4259137758527 -6582.799143766173
-5104.555606085783 -4596.6233194215
-3893.1962802857133 -7375.334328744351
-5492.845353144735 1899.2818192315062
-6871.266157360503 9966.446221661972
2241.2415124325744 9058.63864518953
-952.326248460111 9380.417148695851
7765.520669471149 -2034.7672048559225
-8569.05739762618 8638.99307313635
7573.238765857906 5690.005994297349
5761.799533726829 7083.222670256182
-4912.069939602144 3478.8378931461557
4632.102000438157 -7199.8193333426225
7168.511472320792 1584.8640042798543
-5379.095010920647 -7149.766099250197
-1483.3028666751597 -6224.273411881618
-3136.9560860380807 7279.644125157971
4023.959659201193 737.5539103812771
-2590.6283582744227 7907.902074705064
5755.4294454548635 -9086.117112106347
1702.9974466194562 6258.064640050226
6053.272263341476 9759.136049617384
-6156.470556378268 1502.2937846503955
1152.2478996092213 -6047.329462761287
-4216.039472800392 8923.700297884763
-9264.693806773226 5810.834852270738
-5797.477845448313 2149.4874246846157
8017.232900374198 -5049.146479043121
-6485.5387881346 -1710.6861466396058
-7770.48989351252 -798.208441416602
2336.3659717321134 -5883.310702411662
-9210.27324708039 -5175.764902236799
7688.323251141905 3560.1275534960714
-8025.991474530334 -2708.2547526578064
-3683.168197454871 -7975.314777573519
-9428.886671093782 -1796.458646701869
5744.072610894766 -8556.572556321096
-1218.0171502492303 1339.2753545329433
8996.77747610096 -8537.746909159103
-7461.299133223847 -8566.825558918092
-3559.4012367205696 -3209.557656983082
9451.96444131151 -7063.778648624433
-4256.452974880977 -1496.834528983427
8756.333252179858 -7148.541033421656
6714.701327447434 7961.126923256186
5907.670231765256 -8331.089177234497
1612.073317607932 6016.405472346234
4897.356092868526 9493.006832181836
-6513.850265930303 7302.464988982665
9883.003626948062 -9353.178996835088
5223.2977425658155 9660.218562277492
4395.560698631358 -646.1710843205055
175.87442352264225 -7869.073285294939
1167.8483270499255 1539.2938350982258
1613.5392058678717 1450.6290617970444
8539.730343455703 3359.813088549321
-7297.081109075199 6609.700555899097
-9569.725291653349 5760.934524678671
-8679.562981589772 3795.0438620243895
-3972.5834601506713 -3820.8026063188254
-5274.223398700628 -88.67550009886509
2630.7910040728675 -6553.6844035286795
7971.088458782942 -8118.431636920675
-9506.432234648104 -9980.335703619223
6893.737766713621 -8943.65592074593
-7955.742410608986 -3145.385813054897
1638.0087217850341 -2685.3390970140326
9529.63911623308 -9449.325751580955
-126.12924627130633 5818.619280196061
-5094.905925200502 9844.805025854126
228.5413366233861 -9112.24857716438
-6291.198396886024 9091.67476078822
-4080.737334024131 -3912.091188023741
-9308.598463751654 -9937.965092350114
-3826.6635156928405 7383.444526495132
-867.117009223668 206.79741347422168
-1255.8538946330082 -2919.6465773466707
8063.625861015222 5475.80303941557
-9320.470976630122 291.93938660564345
2016.6608340472994 -1153.3220451745838
-3528.466472488707 2787.4835978170177
-3526.612631169175 -8089.424101355309
-7185.760237093071 -661.7140898997495
8825.134098594466 -3821.979587510911
7418.989324090151 5054.380331434339
9458.102240271623 -6790.545122120808
-4315.979383810298 8709.101419346855
-9520.600170028181 -1758.4725955144022
3488.158812587859 6677.609685900668
-9362.98311140452 671.529372842766
-3024.1240344707658 8869.37992813181
4146.755448298503 -3421.1715497608357
-9076.317074974582 3913.557595323142
-1575.7127854625633 -6596.467750020003
-3874.5225556164623 9860.010370975022
-8869.34254675222 4969.024744844943
-6792.876114428484 -1212.2106455930661
-9525.27746086337 6226.432883234516
5378.204318369817 8966.63511993426
4376.156073646771 1415.4781730778577
5851.524857224867 6596.062482146001
-6122.181743503725 -3222.4211154761197
-2991.3699015571437 -9349.53082929725
4106.4361993295115 -476.52907596173645
-2137.7721956392534 8987.611889259202
-7884.292120604683 8449.027827220456
-6035.920925761089 -8368.290008946737
5106.084278555587 -1590.6411364200922
-370.42193523442984 8021.336485608281
4800.654794363343 -9197.320359938796
-3802.1160193292026 -983.8417355787351
4166.709879509104 5281.843088264355
2019.1400269639835 1585.5110739217307
1207.70918373102 4102.842775156987
-42.037027656089776 -5644.324203610023
1210.5465165734367 9835.985351184732
-3574.9575773157585 5571.650132863642
-6381.843459256306 -393.1425064887153
-7703.654222225667 1533.109012508563
-7392.345073533104 -5399.404193283554
-9447.911491885916 -6806.855793472199
1489.3827882155601 -7745.600016012624
8065.269741176169 1362.2988017766693
202.35354394638307 -9620.390027147316
-307.7508032419846 6839.2986326398495
2466.7801916379212 7396.093490354597
1665.4769649037917 793.8031970755947
4564.506365709911 -9071.911128388041
-1738.8346721601229 2855.3972636988074
-8746.68136981595 8202.05090741066
-9187.671061020628 9616.956478099924
-4018.714945410389 6003.461779372881
1360.2859247467331 -5360.583109972763
-7647.592242371284 -4609.026916340229
-5414.627297987984 2548.8958074298407
1705.0388999332208 -3067.3617539454854
-8869.73479980914 4446.014571926511
-2300.3234462241708 -4079.5686851429537
-6973.022844886958 9601.169597566484
-7027.11155681564 3835.612838310948
7661.243523458135 -711.5785124780996
5199.293861261311 2278.953944562176
555.6653774750994 2614.564233000119
313.6759375247675 -1353.8070090512265
9225.641215895757 -8671.146566446656
-819.5485090585389 9020.546301070957
-9540.22666286304 -9147.235015738741
-9342.106035981578 3070.465524120649
-8400.914825398917 8148.080377381775
-1210.356227464872 -1817.7347720278967
-7262.948244106596 3545.481628548452
4766.216581435667 -4376.362574089916
1235.0934651742555 3284.764452408772
5334.358428207457 -9774.521817243993
-7454.15862713962 2271.6616174285355
-1507.7392603034623 -3114.1333931277823
2059.147271228041 2435.2032817497675
4593.811304658968 2141.42562752553
1533.4477533864138 -8926.584207226471
-3604.8028812950397 7117.716587017974
647.77400041289 5704.09591997403
5112.346248907079 -638.2816746368571
-692.6661821200669 -2808.718273395896
-8782.154873941123 -4624.151413367743
-441.74083726659774 -8703.039599863796
-1508.8746382451554 -6885.610988537423
7314.765028928508 311.4519211779698
7745.867490117576 4269.589898796672
-6425.374724959438 -8955.175204727391
-7306.264168482785 -133.87367271093171
2396.5228780823254 -6784.413270413283
-5436.305139425413 -501.0084320273345
8635.490788115909 -6848.176983238756
-5618.6609709656095 4491.316000305898
2280.316395271464 1723.8426604665256
-7777.197739483275 -1684.9930490534225
8209.438796570153 -7443.689446803814
1292.9825531129845 -6191.487461828579
279.51790205374164 -3178.2615397163163
-8662.032644917228 -3957.585533706325
-3116.4755277850854 -5703.866690673743
-9313.293579145799 -7875.03134488158
-8537.157252115321 -3138.518856861563
-872.8710465646436 -5193.891192906251
-4069.461982880218 268.6744344634353
-5142.93665304836 -4570.154449591601
-2439.3952359639816 2728.3852393957914
-2089.5253339217797 3601.3876483455842
-9379.346581882077 -5223.7051344477
-255.31882282588595 5876.730809537792
2873.1661312730757 -6137.001060575085
4084.3852239407315 3848.8552925922613
-5956.910813295988 9247.806630409093
7653.490549359973 -6803.913696969373
-1552.7885412336782 -1970.427063046849
1085.8514172516407 -425.4265855514932
-2796.5983196671095 -8473.409386991796
-9908.756984082367 -5321.745209354361
-3214.531504362115 -7278.510030346968
4863.001144401893 -3643.92278170188
162.03704005113286 -9884.006196988921
1748.947618542028 -9632.35433131865
4355.50065325835 1094.2817717600192
5367.349399574685 -1825.1105949730736
3979.772622271159 8772.625032984419
-8365.154066264724 -4891.269494641912
4163.196888938341 -9683.13947395238
-7416.594439901293 -3683.848098812983
8235.661889679479 -8161.824566182469
-7621.445377077456 -5915.532837167259
5656.584278141963 5231.586612574452
611.2569117788116 9455.998954772578
3883.1200465880756 5700.392297540402
-6279.00345116732 -6512.21819027928
4225.588080808509 -4786.199513412006
8317.75636566085 -922.6939948705312
-3790.234871221496 6773.82348834418
-8794.247080798312 2966.734328203429
-2436.6367121950398 -2878.556983803078
71.94060605377126 9354.42407309893
-2333.353382258676 -8609.0327995184
6087.451111969323 -8516.013266159043
-8845.175907776566 2225.3848106278438
-4919.70216841934 5647.541678509775
-4667.51879325632 7994.445544953585
-2527.178909938357 3231.205923621166
-9842.004281419018 11.0991514795478
-1162.4825614420133 -9252.715223822459
2778.5252554301624 -2979.175306280995
-7289.957340477933 5239.022903562298
-56.18867065445738 -3257.7061576158694
-4791.658446467331 3010.1891179326904
-8900.292416296648 8866.717795715616
7042.009177514803 3323.1716157615847
2559.9860414376835 -8322.868327895041
2656.14644293956 5525.664919567935
-1122.355458003074 -4672.21986860425
8539.130410997972 8007.437711845654
1384.5819804468392 -1172.3349117179569
3133.874451767004 455.0821307506867
5841.168310256766 -5098.76266057532
9327.304175903835 -2935.9636305982576
-8765.09837938191 7153.106879239327
-2847.0514774934272 7683.599316034521
-10.015150686744164 -2657.4421786269804
9126.675732333224 6312.045475031891
-3802.676512640226 -2922.435303761328
3545.7874130772652 -8074.638982251394
-7052.90292367982 -2133.0962494482565
2116.8165027523773 5314.52742671235
2443.7131489912827 -3777.134465068204
7437.550237733161 7422.690036166063
3305.609836955082 -3614.017331331156
3143.9412377110693 -385.05393944403295
-1699.9691239497024 2247.087428570463
4942.734559120925 -5620.101545351082
-7264.453863419678 2170.9226225621333
-5714.207337127248 6153.5281969254265
-1167.2393007598766 5679.436243643546
-1897.7470697941335 6272.343696158992
4616.2946303268345 9331.79863614004
-2210.1835428341783 -6495.829202434443
-2781.213136303606 -9357.920682928368
-1423.3871407090155 -7828.647604248876
-39.677844363472104 -6495.563997017693
6400.252764626268 3572.536523179986
-9835.655950218474 -3650.4293036160852
3610.8258419057656 3225.6379284032228
-9606.232418064952 5135.1105951402715
7089.768132821966 -3604.0465647300616
9638.663334772675 7276.487023577047
-7213.330610292085 -2560.1595137243557
-7040.45475245878 -246.2222169353372
-788.7457705594697 4685.7465814876905
-1812.0598833600843 4883.903012627803
-922.0733429065531 1890.8079451621634
-3491.4145656442597 -9373.549390764509
-6914.583813150286 9752.626000007545
-9904.749108336335 -1204.6695212575178
-7275.767784981659 -3477.7546288562244
-5555.167151133504 -5822.647001030925
39.77886336320262 -4544.242756960894
5652.040785751293 312.73988553683375
1439.1436553439617 8658.362881101697
3589.6298149550003 3571.4726742902785
9914.732231893086 1816.1376138812484
-9193.189629670374 6163.302822355812
-4531.932275778922 -7622.862063816542
-6068.889637552262 -9151.857912457534
-2947.755666266552 4934.905260722808
-543.3779764543651 5367.466778334763
-8988.334116768921 -8116.175088877664
-975.7715103701448 2996.26742126321
782.8655413537563 -5142.797317539336
647.0548146868114 7118.993621865564
-9469.639006746522 -6974.668256205709
1807.0454425604403 2361.8329279170266
-8573.355031645704 8022.224024915427
-2053.7672080865323 -7432.411797757883
3445.5767253008544 -7913.907515400884
-4401.096389256387 6778.307063512471
-2176.4060536667685 -4059.9315322265284
-6741.451650354486 -1605.263289768609
-4246.676504325177 -3993.9422147758096
5046.107262634709 9810.573367358098
-2590.689000681792 -3263.9749426780227
-7656.28952692084 5073.386727774065
2065.7722154390485 -6838.570088796656
-3219.2573620810917 6503.010604833718
-5148.601085824666 1202.9135204799095
-5693.262698998149 7702.08487827062
-1403.576755936465 -1151.2325529269456
-5441.748787457656 -4977.648467069291
262.29832142646774 -9997.892541727091
-7675.476152537771 -7695.790776936593
604.5072178762111 4613.082553248207
-1360.604343021223 9585.937801892083
3004.163765527679 3653.8649012898186
-2125.3967196178673 5482.9076962105555
-7185.758912581426 5560.559072663502
-5817.771719601652 5066.002885903485
2101.4008675869172 -8042.410801998221
5731.736620980904 -9677.62072387263
6324.560686145351 4796.5147933375465
-1590.30105197589 -1339.3945264510257
-723.4985625785284 -5517.352844367465
1997.941066460431 6426.1158917136745
524.9548036926772 -870.769944570362
1318.5204599814606 -978.1632826790701
5624.78753834101 8770.36725544932
2431.5991013901257 -3017.268222235277
-6466.966737974351 -4819.724901345392
-305.08041275887444 -1768.0698196027806
-2056.296999315483 7887.849779546119
-6658.739462608758 -9249.991738937875
9669.442195772393 -9958.0483668968
9202.898458483349 7017.893856661445
5732.266218717581 -6025.800696975103
-7690.2348075666205 -8152.225715556864
-2514.236047561253 -4377.515841422812
4310.629576100684 -1404.7034705535025
-5123.685170697132 -580.1750512967101
-8985.682130136283 -4749.750988883024
-3138.9856332242225 -9180.425719687459
820.6096022019519 -8468.17468822017
-964.8300349698347 -7680.588145291436
7408.130682494844 -9131.525285858002
-1317.6253240172828 -9337.047794904676
769.2013023108138 7021.247974715181
-5254.664369953965 7839.20701691218
-470.7333829541167 4113.46137594914
5625.77187309876 6566.54954349131
4461.182678145442 958.3970555407432
1256.8705770242323 -7860.767357680461
-1797.6986785862719 5830.670159744246
7551.939847883099 -3169.086851932323
-595.0686639317828 -3794.194670864952
-8881.955193750167 -9508.94219259456
898.4371590807314 9496.456134593373
-9966.414605662052 -8463.512161382023
913.8677419519208 5442.619916061749
2523.9167241537525 -3768.249352781825
-5980.316914131438 -1432.8952824073585
-470.7209337899767 968.3947478145983
4139.7858560862005 -13.591035544706756
9444.450383839554 2194.6381439524994
-4127.26098729546 -8128.92359652607
-6280.2965467127715 1713.3294130095837
-7696.30892641958 4978.5050176008735
-9452.204119070977 1257.4970819188675
-2401.8034295175503 -64.90948024237696
-9478.122779301812 -430.7976757055512
-9110.226185124864 6323.486040250375
2934.3652912785838 7648.802194527947
4320.690917370623 -9865.326842371807
-5703.016241258876 -6591.850518192972
2568.1427151317966 -226.55656901588554
-8302.678587559745 -4347.3456748403
3785.620720055662 3559.7924170515944
2767.428000856158 9133.537311523673
2611.9432239154667 -2452.3579830263543
-8674.892029871131 -2646.981647173672
-5251.928305667259 -8513.795522817461
3158.7477240700537 -2128.415126835168
-425.5145850713434 -7121.788923345808
-38.35265674567199 6057.888787115258
-7620.444378875651 4343.14123017282
-8917.997557507264 -2461.766479094711
-9007.995417963213 7872.480476370267
-7460.173130811505 -2955.9849815044445
-7041.7993296267105 -8932.04282202409
-9327.735132909967 1921.8838212731443
8877.687511051718 -4917.401864717501
3803.90350811572 2262.8081517874907
5108.014336623386 -8261.632328636508
-501.1567422815788 6422.6240774760045
-5227.424066426636 8173.0427555875285
-2763.5504327356357 648.0517231238955
-147.16023143918937 -8627.103064192794
6762.856809425593 4588.584420641606
9118.985267762178 2076.6643070487426
905.4607702064241 -9333.953278135112
-3249.3602396601727 7790.165430243884
-1702.2149025663784 -5409.971848775727
4722.056261818623 8029.876484690925
-3752.739154083247 -3251.187229240213
8373.722779466487 -8582.358907146387
6888.629369027818 -228.1834737613226
-934.9344248981233 -6122.380527446556
-9199.18308076677 6250.969776341666
-9599.454849947544 -59.52387774645831
-8574.70506514929 -7575.133426812328
5244.1225984186385 5038.729004272436
-9090.899973579051 -1429.0713916290315
9584.707789526095 -4318.941234380156
-6594.169489326725 -5082.772751501959
6287.8754191704575 6522.326328096235
-4596.890641181455 -6922.989499046382
6866.777892322592 -1400.0986848939792
4305.144938013749 -2674.5988790768706
2627.851593762678 -8614.137764116042
-3715.812445276001 7479.123585138415
-2105.444104208731 -7191.507259011351
2324.8292370607105 -4293.466231517657
7485.057974067975 6025.432892935338
-2579.7461618633743 3286.6247392810965
-1782.5861994948627 9484.737013897095
2039.7042712591701 152.09851643131333
9938.466591452085 7688.998095004223
7271.5756189901185 -7.017499007191873
5420.33456794232 -5918.392220267432
5456.723914167307 6763.699151867571
-9558.98960188023 -5396.87420117999
6661.7072906442845 4627.876230506086
-4536.730720007112 -9280.363285657373
8001.857723232861 -7308.381012476435
-1451.2890480944116 -5896.116133285307
-2390.7782433464918 8317.348908403885
-4508.554491448955 1653.8675626611148
-2049.426674657937 -1623.2648149384277
7628.569741882835 -837.4892307049086
4235.854034848058 6492.643244115083
382.24492075070884 4705.896914669911
-7182.448093478302 6136.431925828778
6310.842409694576 8696.48484565353
1766.690368361731 4388.34369352843
5294.279544790874 -3448.3714925139884
1221.252689310375 9235.128508166403
-8548.677949449395 -7943.382840466007
-5361.9803415555125 -5529.548173045826
-8515.709764661538 -5244.633274709665
3738.9614293073555 -9419.94567989653
-7630.742147660094 3080.801111003675
9728.47811549619 -2564.985781481754
7657.4924421183205 -3559.1321092368735
-8732.064314828809 -4817.107720041296
1126.536001860568 -5894.971506149053
-4270.891437479904 3417.935513624714
-5883.006136240676 -3510.013506363567
4408.284724797109 5527.915094088927
8613.739430861937 5322.312757851852
4667.962456211568 -4943.401025184815
1977.9101335875566 -6840.470563401092
2383.199653166046 -6012.756774123511
-8791.275791251388 9880.135871648716
-3395.1340891309665 -956.08490727971
4711.801182284538 -5993.05155938234
-4987.837167090847 -8576.1553961427
-2226.6739746027224 107.04389916369837
-6488.021464599275 -2184.571241929365
4287.056659275659 15.498144038716418
-3747.240515350334 -3877.0963780224974
-8246.1727306331 5259.019457208209
-6644.23348237414 -1989.8903952241544
-829.1470912447749 -9190.519946247094
2826.721581247235 -7807.812642504216
8150.810810940362 -3823.7436837773075
396.01891515536227 -2654.555453855025
6458.307050992586 -1149.8008622694215
6445.820813530547 -8427.97282821214
-9875.978392453471 -2759.0462680168202
-7282.473350100109 -3452.5326039418887
-4605.547100000061 5503.258730641646
-6846.757023182532 -1204.455039325445
-5002.1364178947515 -8973.232457873524
-6989.941917126592 7976.341765941852
-5445.334092665935 -3132.179607147207
8296.06457912211 2639.75160726162
4433.156617134653 6030.533976202691
-6387.757529298561 -2411.874278140829
-50.84245822423145 2258.4467949260343
-9355.542089128077 3808.1357280418306
-1469.2220140806312 2876.8923352592537
-8164.996623859106 1873.344078321079
-3682.829384003947 3230.1627615724483
4173.251188487091 -7214.625115392592
-1367.1870854325953 -613.5642483013762
-3419.8486031303573 6412.992193770686
8876.492542685795 6037.35061003426
1021.4647962389372 -2995.2119032185683
8586.842321544638 -101.9893280158376
-7730.229314739454 -2307.4036007110335
7793.920266432007 -4582.888510418006
-5854.546632016557 1469.1581042259604
9238.986915085003 -764.2079622377623
-8897.978412591705 4814.954478438025
-7357.7068912405275 -7412.289801795521
3181.2742861517545 -8034.4489959793555
5921.338228262706 -3288.2405726650395
9648.982996276176 -7247.81405084886
9109.727421632451 5352.737418352492
2031.9121905821776 -4985.249762624601
-6300.599906538646 554.1980038077782
-9187.837143292862 -6222.288755751408
-4773.330564153193 3201.6072948487363
1694.9781374245667 -6304.062827669072
-9854.838549728518 8152.849978881204
-2848.7030101007504 8718.788200384082
-623.6014395204093 -4702.981216604731
6846.517620061604 3487.2413650867456
-9598.565729647355 -7488.6576242381925
6602.066016194392 -5329.768640499919
-2645.4005430226825 -5759.99638982575
9696.541770941098 -2737.2160448746263
4303.0701917225615 -9702.48811722144
6598.352778954479 809.936979167227
743.6358891080672 -6496.809983968755
9631.916701321854 -6413.160190030247
320.6912851371708 -8117.739223181644
7614.664236921188 -1043.161787195162
-6132.857860838743 -8577.098897576638
-7837.773957114633 7445.745003986434
6092.5552505467 -1242.4419973557615
2144.3484234721236 511.9203597034466
1590.5657366782307 -359.28319639010806
5684.243585366763 7558.172415850935
310.1772042580433 -1275.7825499408336
129.22194650756137 -3577.085463629688
-4766.720772751487 -1114.8732040704035
-419.37175706334347 9404.402476122661
-4276.6604693404515 -5759.921905196641
-3143.7576473290837 1813.3004141768797
8857.892492480663 9983.892490794631
-7831.523693663603 -1884.7877034193907
-1969.8890839428532 4319.207763346802
-5663.154252979625 -8083.761688019906
3202.3831996709905 -7002.252342580548
2013.3520051834512 361.0082756163374
-9582.501859137468 5372.75712461589
2184.5749021464308 954.0599475920371
-479.3223626628951 -7633.936578493128
1124.4192675088543 9381.83032871857
-1481.6391626093518 1382.0905861990104
9006.624357328885 603.9391798510715
-9402.69616352369 -9044.898625543223
-6453.6966994643135 -7701.153271130177
-4449.793021945696 -1205.184219313176
324.9231223680854 -309.6284018658571
1201.740442030734 899.4771120525929
7863.307412957871 -6152.028270797001
-7598.49756954293 6534.340554866274
4042.3896823225878 -8254.917646087557
-4751.911848197638 4127.462854574158
-2868.394492910378 -4323.77549429656
2431.1130892302663 6513.578700389175
9469.971126102948 2074.994518457179
-8074.311173572361 460.75578862891234
4755.040280504854 -4658.541536939424
-4253.495572546617 5043.430805437058
-9069.895179555864 -9021.123979806878
-1933.6819554265185 6179.327222593329
-179.85258347483796 -5843.914747092491
2726.3326237229685 526.6669794327572
-8047.785696805406 -5246.705683437136
9013.57188562765 -9058.005455847477
-9593.963451766165 8015.415842030128
-8446.962942463473 7827.835297123012
-8924.122629590327 -8871.495844531582
-4739.9213685715 5953.3210880519855
8384.748232293208 351.248195190512
9521.074140509281 4709.816306583241
-4722.718541545463 774.8884914447444
-2881.842489588429 1267.4863495842128
4227.716078115043 1351.3228670649532
2886.407193473622 -9272.33988654423
-7965.403303988003 1520.585213200884
-5310.452423874152 -4880.260450460416
-4666.044496164505 2585.272938697488
-4977.116454706052 -6029.682703735591
-3952.1121633234798 -3079.0824874909786
5399.837039135769 3176.0690023662864
-3604.392778437018 1177.6915301202243
7651.118182806644 6040.8988240120525
-8370.803807912092 5820.255633694034
6363.211524901864 591.7072968143966
5316.460350617674 -7331.052354121892
-5094.482935131059 -9333.915573457069
-3221.591843074074 4546.939009574706
3843.152023690949 -5230.899580527844
3199.0765557083305 -3295.63371645959
5005.054214519951 -3674.6900304838027
-39.457809222574724 -1618.1243547384947
-2925.29437553128 -8294.035444240126
-8083.855569898035 4692.405201064354
9293.438831481446 8290.348665112473
5600.076957673347 3941.450288859509
8713.949517024415 3824.0555695456096
-2218.3134361866523 3572.4515746620946
3414.289370222328 465.92516398196676
9307.944888714926 9115.364359957453
-819.7180658951056 -7830.722570854496
-5162.253122257914 -5167.139636787945
-9613.057667847517 -7578.026067711292
8856.815507714226 2200.031873382506
7157.157686587143 873.751153605821
6272.17723651724 -7080.135683611624
348.5229989711861 2008.1766380227182
1920.2980006747257 6868.1571603223965
3516.897642129803 6770.475464412761
7483.158818592619 -7822.024494601507
6727.897660097078 8941.399040143042
6591.6800674681435 4615.1196673757495
-9064.807368446627 -7948.80539294897
-693.9288531233469 -3537.4906434160966
3617.1388825416216 9756.652418968646
5697.839540078912 -8677.211195588381
6460.9330705406355 -7141.8884688970265
4918.343513381898 -9435.150572353572
-5893.876772858493 9512.206746902688
923.938206180339 -418.6015568641142
9306.982843755999 1700.0563798796247
8937.90721460773 -2408.916838303081
4345.889830267974 639.477806686511
7764.541027936404 3410.100908001581
1127.5294840333663 6583.748627287081
2230.8784137580915 -8565.36852175127
3106.3835762653307 4328.315307257213
7316.768555665429 7016.82544200086
-8952.373935512629 -5249.230481557883
944.0937717981378 -1516.502481030304
-8405.792445553672 -5161.682070304465
-4068.879787169968 4238.075145078861
2710.559071371761 -6089.128322153698
-6721.875359861871 7702.760536558773
-6703.989238929189 -7873.204650207906
-1264.413764232473 299.27231753432716
5608.664679085567 8862.253717503427
-7483.60610590064 -6767.064970845298
-1386.864110853021 -6815.990720805201
-1951.3231450831527 -7463.707982399945
-2036.787653045244 -3610.5782085936507
-173.97805499145943 -1355.1698016488808
4053.151825377119 -2533.687471415791
-7303.007687590919 -8281.201913095112
-6581.008876799719 6329.262799534157
5346.028245249616 -3008.477468343438
-9256.106836110253 6817.814409549355
9252.957981440904 -9383.986742628404
8819.214744499594 1695.958489354789
1078.5069265039801 5798.0767364853655
-7964.359256188389 5271.19550192434
-8791.649582527813 -8554.45599924831
-4673.624596877124 -4244.641249525298
4098.409591030593 1129.6345320404107
4957.0537484041015 9118.300848316267
-2900.75677397297 8845.889201154096
154.66897557361335 8939.446777697733
-6402.443868608789 -121.50464969711902
5290.494972409762 2641.1281950854845
3597.986209175717 -9986.74683724286
-8820.381544529093 -6508.488433085804
-9721.502789259404 4410.820522430526
-8967.640949724628 -106.15295296871409
-5412.140360512912 -1356.706923857917
1690.51883163797 -1267.334067488022
-8386.143121320833 8713.577104164142
4004.0394404444232 -2073.5346959443723
2236.0119081223875 -5681.581673806287
-2448.670292900605 -5159.67940665254
1486.779103799594 -9817.645146305249
4379.152750070589 -8159.227756487766
-8919.682223499884 3981.2778744824445
-5964.359162897428 -1970.7515073454852
-2271.9000075978 -3809.325547257862
-2107.3496161078656 7069.17863982722
1145.776654073863 7135.049373783033
-5398.668035517336 5025.864651079013
6065.877968172612 -418.5844330859891
497.43833679301497 9267.089788644309
-8893.924534334392 1411.1607342147472
8870.560624148402 9726.33917792813
-5997.101831133152 2220.990137665449
-9765.868909522875 -2790.579544836549
7505.943726535137 145.07076266840522
-7919.310390746712 -70.82366058587468
3137.7834838088966 -9243.116011501736
1079.5662452343295 9081.88945107692
-8940.07535642999 -1399.2712828426684
-6728.206715740821 -2967.1186677046317
3445.3316174898373 -6280.807713268444
-1460.2945998101786 -2442.282984125257
-3956.812672420727 -9515.657771021662
4476.359056816769 6589.338571985991
-1968.2919301238262 -5893.225821342773
1752.5412074929773 -5949.659197783341
3790.004382110268 1388.0744774010982
8176.808739543587 -7396.4707469869445
-8119.884240179116 -3401.3474135533843
1866.6428193597858 7532.788691315229
-3684.47900314703 -9195.696800984218
5296.470865773605 -6529.789648235232
3102.5689470107154 -6468.71864462182
-8539.04198570276 8314.322598899565
1076.439065993125 -648.9472692973814
-9010.377121093787 2438.1829784203965
213.39530808708696 -1217.6899389109603
4771.503178342531 -7835.012525609178
2886.245290799283 2849.2434402705694
-9503.768571791927 492.77358910981457
-6059.906922683953 3701.4619598979025
-6509.439529273295 5178.679504847214
4000.600975352134 -107.6369617937653
-7672.985689944508 -5452.8495482362605
-2912.8366178456417 -5770.837306528922
7904.010816598198 -5234.630932585691
-1611.4746940781606 4549.200101266662
1044.4509463663726 -1166.8923316123128
-9031.449504459992 -6656.467004295075
-1867.5730264008507 -2836.9005546159306
-8795.003769598903 840.2581594370913
-3094.636699918329 2381.9327397213583
1924.306111940743 -2023.6204141705657
-4758.449900476562 -3139.6176025279665
-519.4113416409291 628.4756268145102
-5369.303347357249 -9514.01077004151
-3562.8894819995276 4538.8006248500715
-3012.22131279066 -1680.3784208058678
-4956.219196353551 -8435.12217444654
-1431.8806878959695 -6968.363373035085
8364.270192084252 2197.040366367437
7964.2880784893605 -4607.8125608500995
-4308.447884592923 6729.785638376921
-3486.9276840450493 -2405.886855782973
-3199.1790217286134 -1960.7901740732832
8913.415234802938 8815.763413222736
-4376.10517225872 -7389.79400429256
-546.1095675351098 -9814.992118764869
-1910.6422897981101 3273.501096390708
-5029.078239111808 7184.597917351577
-8842.129528508172 -2945.972310159952
-493.3793927581173 -8457.056828649318
492.21808922129276 -5401.476988663922
7607.773584448754 -8216.722657475268
2736.8278649679596 3841.6529376185135
3305.1610959696536 1858.0963648025208
-4958.354284457436 9886.380270536996
-9964.950456846283 -9325.34976868656
-749.5856258867625 5515.678796304981
3112.3514533273974 -8178.815292778241
1083.5551594870194 2319.1208983151228
837.6132585532359 -7567.470388486712
-4318.99544147504 -8890.733844326513
-7082.369192396047 2887.5382401636234
-9969.472005163618 2119.177874110481
5602.168445883321 -5090.207807683087
92.16741400632054 -9586.186757761967
1786.8959321152797 4646.883936711112
-4160.340149862674 14.429955063742455
-8694.675262226725 9432.505421899616
-9025.200542697019 1426.5598847515994
1730.1808642736378 2189.470022122312
5730.886654932603 -8421.49053288459
-6772.702401903563 5810.703943062028
-9033.447238679322 -7381.249943288748
-7647.21622803545 -8640.848542627988
9661.415948212918 6586.972994704156
9156.866572757062 8556.440336335236
7960.172818511677 -3335.024482261424
9555.465649300524 4784.063598408515
-7928.115279458869 -7470.026078559377
653.2224571997394 -300.2613092616084
-383.61616561134724 -2725.675953742856
-9450.652713534313 -3424.490073640505
-5580.129597799004 6422.04723840933
6130.320623888449 8593.071868280647
2296.9343917027945 -4236.036719025129
-7548.872245384153 -1414.3131618057141
2016.3843664374963 -5950.357854792054
-4470.6302515628995 -5905.01033870713
-9566.561743975892 9015.77874620978
6724.249509443562 6114.869455925447
-6319.036913753187 797.0246322938929
1345.0813732773677 9523.522731994613
-2652.3700312167266 -4543.308136839383
-3268.361132197597 -4041.3097644578675
-2269.0072787176914 3191.1699235282704
5771.303140046317 5769.984615998521
-6461.340283288224 -9296.710811852192
-9334.362426731555 4686.124349980126
2820.884508508774 -4693.720068502685
8731.662470684132 -7036.196615319812
3453.056511471208 -488.621005828476
7120.765678927277 38.81854470421604
-2853.270866420925 9168.538898978877
6560.8448695290135 6079.000032709308
6752.9810391646715 -4328.893414176149
-4425.078818536636 3342.378185265872
-5467.943751749427 -6698.257769877511
-3897.868012728274 4872.9435465422885
-4901.603829560162 6488.251467447633
-955.3387458000016 5820.246364191242
-9089.679990753528 -1445.5813117437665
3986.824364115004 3548.0064256947644
458.77634186498653 3492.3292609171294
-8819.824569450135 6700.791723713399
-280.26066292315954 5349.071278134303
5861.172949919006 -9473.254304788952
-4030.0169457704496 6012.127602409109
5065.580833374894 6008.239010715475
-273.8825044852056 -8505.840477264217
5326.448341991481 3731.234224230093
-4648.064999980536 9259.296977388596
-4009.830975786628 9928.056785224438
-6210.736419233506 4699.45873422978
7357.766324874254 -8242.833654016147
1902.6876977550219 -6439.375021880225
5456.22041176982 -8362.56086995725
2088.6433522510433 8935.402746951775
5967.299695865999 -3666.633680582143
3084.5620232892543 -3620.386398178157
-1310.9813751537367 -4508.505558246862
-1676.115174750399 -1222.9437081692686
-9122.49833384462 -3542.680693566873
-8282.068699651896 -6232.006710813312
-7085.313995483207 -2544.2225943742587
2405.7584577475554 873.3224370305452
2969.9590493872 -402.64406186329325
-201.695596740592 2887.7901921343055
-1328.5331907287782 -324.2208281862386
8153.26644143743 6682.0266548854415
-6724.488594616633 -9647.892687120768
-4047.6769721860765 2244.5736650003564
1420.0824171735476 2074.0093021694356
9512.455713799929 5611.488751345714
5271.250029504505 -8042.13179501056
2548.299407334456 -8727.483885749014
-4281.215626297044 -1134.7123656896092
-6187.413928013046 -7290.780103323269
5250.030720199848 1034.4756412291608
-6523.077684348893 -4088.1207630909057
9228.728824265076 -7119.12379499891
-4424.720222658649 -9961.642069221503
-9471.884741687412 960.3482234710082
-1382.2487734405768 -8180.442856340575
-1184.7001808311215 5592.0722107000565
9392.2668949418 5882.476542740971
-9743.418955882125 4267.292311540963
6007.128110587137 1853.3054469894705
6011.001304766696 5723.890806233063
5387.370489389496 919.3855213160405
-1397.8913897457405 -554.286260794479
-2276.869238040147 9470.272058184019
4105.551696052027 4349.458570431372
-4221.666446738804 -4495.447837508437
5062.781539142628 2550.8526511397795
503.1898350223819 -5319.537799202654
-5871.203774947376 9355.747780799771
6054.133428573021 -2795.233455721873
-8315.478830959666 -999.3289558522702
-2889.99981147144 4195.7603879667095
-8007.931572883811 -2828.729313074343
9283.39379331825 -7277.327738767961
-8056.218472383672 5956.011047506048
9461.345289789253 -7584.86781456368
-5946.3761429584665 4646.3625835894745
7069.530287668713 -6647.20111111814
-8937.87297379341 -9326.340960867796
9539.464234010058 -5113.366872984589
-6626.229606393197 8976.67898276386
5668.245365332681 8109.705700641422
-7481.678219097288 5222.932589366959
-904.4155478548346 886.8519256764321
3925.3216517147102 8560.52927796245
783.0026332059551 3668.8739504579607
523.5535406677936 2956.4162393637507
4165.244745215648 -3241.5934446682777
-4975.002586328501 2680.67383925343
9554.107440679993 -4739.031580350818
-6774.582338634589 7125.475771861995
-4589.963662221286 -3353.8762262381306
3251.39655573834 -7098.791130450221
-6742.988684243285 -2339.9104030646067
6406.282466768102 7031.171467907188
-9698.618924933535 2272.52498307086
-5884.834661609426 -5929.835976659697
-774.524198981022 -9593.350143892414
-7558.3300709069845 2101.1962820045956
-1838.0185399735537 -1606.7550251723424
-9253.009142239742 7818.439353647587
-4484.791332753628 -3594.5105130921065
4284.267198678253 -716.5356533474969
-5919.444752716689 -4426.995778904863
-8130.95970847673 -3554.2983290062293
-3176.392687332772 -1960.135397541143
-760.8014059891102 -5853.02381422329
-7284.509368641717 -3077.2326320178636
6315.472011416052 83.87239358993793
5181.230521275227 -58.072005775682555
2296.18386352135 -8919.415591115461
-1996.9588463348618 -9561.29692051008
-3632.3555889502068 5028.8280156112905
-6069.377787669477 -7439.6708536145015
-6215.797057376404 2980.281348076782
9785.68667986455 -6416.418982467411
7169.648968241854 -3869.0653070505678
8508.115954066048 -4334.440900024912
-8885.699084968737 -4184.358798579009
-6623.717298660589 1751.2194667750828
4489.784896870386 -8864.949260709007
2544.238956335672 5933.66324940899
-623.8538997398282 8466.036803720042
3073.631613941963 -2745.379268727208
8093.613679389364 -139.38668349254658
-7201.6489792525845 -2251.049407020755
-9446.022490455198 3217.254796494257
-4354.910265886571 478.4088546376879
-7005.795572489475 -3887.560613084859
1443.1289673798037 -8633.681801389013
-3872.436914259006 7309.136917803204
-5208.158529647171 9836.200681238912
-4154.794469031062 -4787.133400878214
-785.4621719226743 7573.824025806931
2823.7854489213114 -9075.126581100303
-7387.533519923768 2173.5324097549455
8742.361737517313 -4954.14849096841
7942.89858036509 -7003.874177999019
6284.497573872644 -7987.429185087604
-919.5784559116219 -9743.02957858885
7699.104226450301 3503.662281619345
5980.689092618692 5179.417297093474
2416.2548394012283 3329.7180393986546
-4448.9386504198665 -1009.9745950241413
8061.835352001352 226.779251731994
5042.695952144717 -8401.521152645164
1187.5606602482367 2101.1808095561646
-6686.169208278574 6996.50019997665
4130.542026412659 5527.636168191464
-8025.854348830646 1726.475969621124
-7360.752510282806 7681.345738737644
3205.241212845791 5211.894105500223
-4749.650564757227 -5611.176006880998
-6037.559598017306 -3691.871849602153
-126.38464635649143 -2388.960616302793
7298.268702725763 9123.487370514951
5639.649799770492 -1573.6199030231219
-9291.879053239927 2976.866320622741
-1212.0447827629505 -2540.153703590011
8683.79060422561 6299.73502057891
-9779.570349023115 3708.7950030488955
2070.682378366175 -7643.385375285838
9318.08515688093 4844.455589230463
359.68866207581596 5849.5894155356455
3716.4173659539083 -2677.648077736634
4704.8711491160375 -6211.185554355885
7957.51814475553 -6986.343940082514
-756.759527514525 1452.3817361418114
-4715.320055348935 573.4325731845056
-3796.9180177702747 -5174.682953068947
-3682.108942501379 4390.605361977967
-3677.565921163695 4598.88283731019
-4053.7114573656318 -8281.58846837837
-9740.512815708418 -6372.228733046648
5496.276547991347 9463.002952611998
-1038.1852948125543 9684.174112947076
-8918.313940894155 6111.758150555828
-8628.48367160727 -1585.8699067188245
1015.0081365388924 -8588.215295880864
6378.503986264379 -2407.0540211530815
-4743.625939316354 6662.983643029431
2594.3156770238747 -6907.098788676869
-1900.3620746385905 1868.9720402924977
4304.006795137218 9417.85536368124
-8357.454365331527 2493.045663175468
4863.8114238732305 -6774.233005886823
2060.652375280946 -1804.7087515138155
9847.436937553397 6951.565625997617
3302.2944163065877 -1319.1572373739727
-8595.999091809877 1459.1973884064482
-6455.4217854931585 -2331.801041873414
2575.780241397055 1593.090303487721
8598.017890113286 4990.421637301097
5734.097818020109 -3434.3157068467335
3420.0903583486997 8970.928393271744
2826.827353321447 -1690.9279899443463
-2004.3555352909843 -3530.4771637056765
-3208.8449110626916 -4764.781349654097
7064.762105398073 6373.187770629387
3270.393727945413 6290.6138636320375
-5473.694151500928 3810.0882948920844
9683.793153707491 -9242.363986913315
-7181.929467910775 -3005.8651616306342
4733.460760787917 -7053.703600607179
5172.0849707071775 -3638.6431895228698
-4407.347369852297 -2263.5432717448302
4366.289155541468 -3461.748672451128
-7695.1490690282535 2871.9986924328095
-4558.542750196484 5686.173058527384
9333.20700023136 -3025.1518622491894
1824.8877901391752 -6105.2594335718495
-7264.922687630284 8438.152919262538
4400.057689011712 2551.134330310211
8096.547066135627 -325.6759421589177
-8715.931163468613 9991.07992711047
-853.0240021123263 3635.0527213062414
2422.3932400631074 5241.200440471117
9883.774077384514 -4913.178095398267
-2416.936048179423 1291.3452453080154
-5927.2398435700115 -2183.1531650562865
-1069.8731945933123 2089.3905390823456
-4850.382661901964 -9239.23308647366
78.81393212321564 3329.9348593539144
6833.113058926836 -9015.162393784232
-7617.437696178968 -3887.806680568353
170.90946321054253 -478.2399039985612
-3825.3408164612065 -5328.675732658015
6273.946723028463 -2749.2905527632374
-215.05490030394503 4641.315399197949
-4344.464758319768 -7671.492721660103
2374.6652518375995 6686.4639983416455
-5123.54739744594 8120.316836211914
7980.218396801829 -8157.606676787086
9107.49040479675 1144.6188625230316
7629.206763590475 9536.458700115236
-4743.933052013127 -7761.346807187452
-6010.156510687055 -2988.709163788725
-5536.339553843952 966.904359866674
-1262.5623236821193 9754.144062598825
5065.980393347074 -6763.375580645867
6669.324023870839 6538.61238719858
-2482.0375030680707 5150.784035192679
2572.270743346635 -185.81070222751805
1320.807690211448 -7679.742768784577
6944.047380858952 2433.051384595381
-9351.54183216071 -6826.553667918911
-5106.50784619926 5082.349990819708
156.0547438036483 7242.961149560273
8891.078113266823 5294.204610821329
-4636.927238173712 -5024.626732227191
-9485.366491643388 -1465.503191972095
3038.9972327963496 4301.473832765641
8932.518786492037 -5374.529429579864
-3820.455882913585 1020.8623192863815
-5410.766799334845 -1363.9552726821112
5446.60334838905 4996.113835023805
-4593.928779694785 -5622.334882460129
-5644.777075628904 -7781.836735971512
-217.897042428267 -9227.593064250126
9026.120149709302 -6004.03802513962
-4221.580116173626 -3386.0286081885624
-5017.646708376622 8839.86371186806
-908.7685409751248 -2378.900897024814
3253.9520477876013 49.60300162837484
3767.0610570061417 1186.854577219101
5964.4543568320805 2584.140450849258
9085.947496327266 8856.120112132088
7608.4549384671955 6482.045613476053
-6363.794381063668 -5682.435973564444
-7610.5666387453175 917.5066182228074
3326.968480143789 5575.23272198083
-9727.727738675097 -7081.548528232477
-6067.621966597902 -6031.152844260714
-5184.948867080061 -2160.321475506499
733.9566079085562 -159.2328874675968
4379.8360579293785 -5124.7044132094225
-2074.6610550347496 -5098.495045444271
4982.364283082405 -9788.816947544918
-1333.7880706872002 -5275.419228255842
7825.658561454795 -7140.418879861476
-6980.047087090231 -8694.595574968362
-2527.2255467285822 3784.339442688248
5482.124172480662 -4752.2129042877095
-2350.9585857100346 7616.73947226235
-3595.368770463563 -104.41490274682837
824.3022100841918 -1921.7673377972687
-7656.989665659386 5605.888693131765
-4989.173891490115 3167.8325911039465
9201.96971100989 -8635.92670361066
-3377.282137483504 4238.30248194442
9026.959748787947 -6930.065528023774
1777.8063383504032 4276.692095596965
6387.209172070896 3078.0387741739305
83.14814008511166 -4978.815615676826
-6481.683830656553 3954.3271114368963
-5269.561474459954 -12.389191158437825
4740.14428426994 -9085.089787771783
637.7881753148904 -8954.587729620831
-9861.579780968601 2041.907596665249
8409.460030758775 9874.216675379652
-3903.8963883481956 3125.0816764401334
6045.341156111708 -7551.380167198498
-4016.767047503012 4856.935819766206
2617.0562294609117 -5359.844166752252
-1838.3721353483315 4112.830255192506
-1462.188335672974 -9908.14153796769
433.47327081778167 -1823.396091635319
-4411.812097517042 -2287.7951685438957
160.46842107440716 1026.0717452496392
-3479.721506697535 -4548.338153852418
7502.886506762199 -5828.309294632235
8847.713116127798 9466.43891258278
5575.535390091776 -8954.419868475523
339.2683413401137 -6659.523527147552
-4209.722333992134 3567.000468744678
-5231.078252331465 -9271.913665090635
-747.5822848360331 -7735.706000754681
5635.360197200489 6596.08983340986
-4199.077083217669 -2787.804145925481
2849.1151918357227 -2814.31790626969
-8869.90151765581 6047.336667825624
-7204.355354205454 6880.674195735919
9402.997134775833 -2546.3417350940617
5717.8489571964 -8639.838403912983
-6135.505066581523 3763.372737921045
6021.655840231011 -9269.921508461168
1184.6306487537968 4698.000385828351
-9106.533037301591 -6230.496374754839
-3389.555884834801 -4222.069625825416
528.4166106511984 4993.984545607022
-3522.7689434322792 9557.851317311804
9303.552842880592 9929.559721899277
2227.761429012331 5599.307991820564
1390.2000018862254 -9192.437870725666
5810.685790189593 5970.543150528609
-3415.0790374537164 -5168.311293845356
176.9970356904687 -2932.30428727048
2548.656800077064 235.24010924915274
566.0766801085047 5680.323424527418
8178.774684574833 1537.8216953531974
-7629.486644153927 7478.135474471168
-501.0890008121187 4727.223554475373
9591.527711144248 -525.2829114335836
-5763.34615338944 5533.586027548212
-5755.490037682483 4527.941962338884
-5830.734534015895 -470.62190447441935
-8453.186505273741 -4434.333862733411
5352.800629431591 1480.1082302881168
-1682.3777657177743 9979.213761342478
-4489.866089491181 -6812.890537956544
2742.352778936538 -9493.935568084305
5138.5647296566585 -5994.873618334856
-7498.285146428951 -2072.9453370614474
4307.826072432872 -3716.136483950774
5238.2104980514305 -6967.67533273106
-9345.524619535343 9174.032748347188
-9569.499761351488 564.1352685632537
-4261.188679979373 8554.868299125901
4968.737004217592 6223.590973863535
6715.603070135923 -1718.5296579739352
-3928.3974504798216 -667.7835361355519
-1819.9125769248512 8516.744752404633
-5341.5366363629555 -1631.7716962597788
5085.839247148131 -9395.881564896286
9887.693037729085 4351.261478431074
-8208.724326708762 -5246.38447501768
1294.8850851870357 -2071.7882246562876
4576.716116577691 -3244.723479053653
8812.325570341105 -9983.241150025255
-4615.929545515418 -6999.673242227482
2923.7530148378846 -7007.956301771896
-6933.609206773976 9281.8842927255
-2693.9077093716705 -344.11445904125867
-4905.331242537812 8163.421944177509
4532.500634550732 606.8165359559898
-2545.5743980235893 -7855.40139992986
-8241.273692800585 -2866.8673243588773
-6625.200751659473 5420.475751036824
7787.4302243086895 -3619.9437666601607
-7432.024173209511 -4278.450688670497
5502.7792719013505 8296.017334074197
1816.985772808057 9538.429434437527
-5609.716301303811 -258.03777073653873
5035.028470767482 -1023.5949755511629
6704.491350510096 151.50898050316573
6329.657603569585 -3448.4572626127565
7819.824301970362 -4741.326038127858
-6859.701290684761 5431.368021060291
6397.489344149948 -9336.205888282177
-1822.2552592637785 -3060.4114442607133
3224.052737865044 -4612.810126875984
8679.421191356894 4585.725681500837
-1075.0720677382978 7064.001891347249
9404.370423386776 -5553.08088254929
228.6801927809629 -4937.442158356375
-8172.941185135325 -4579.412856908942
2055.7039836065833 -4437.481024988697
-3850.721582993755 9683.024150109795
-1572.507889596107 -6492.030541630482
-4965.451004690746 -6369.578756484259
9040.369187927245 -9645.482664599771
-1620.3908278217186 2645.2105268719024
320.21519262637594 3658.3775209716914
-3027.282943137974 9222.030045069754
9872.364547253499 -5190.680731117421
9548.656309761125 -6695.976283271468
-8536.475981987835 -5411.735755852467
-7464.516529538814 6121.578600970164
4020.201234416021 -7265.774074089808
-5301.773978414226 4392.039188144026
-7399.19562796103 -2665.8116465428457
9919.880710499063 430.30378560389
-8103.785214977259 -7396.566006144707
520.2262225459763 -4463.349202492708
3536.3047629754637 9502.72529777333
-9201.879985701682 -1030.4674643333165
-2672.483018550409 -7357.337148765108
5893.107596083908 2877.4722414924454
3519.2921745468557 -945.5594800757372
-5402.684081480995 4755.630982958197
-1705.2331183293427 -339.87498240376226
6408.783815975981 3308.9879925072837
-2096.1518513950405 -7345.492810616221
-7097.493676533315 1045.509610382478
8204.394441187713 -485.54865982920273
-8594.342890263819 7489.071137427971
5849.923186107988 -1019.3953887031385
4998.587135314525 -9406.6894687213
-5040.109418707952 2110.213129302121
-2976.6326431669677 -9246.003656839799
8831.271999569362 2378.711844938958
-9433.211044591679 -8241.099615496325
-9902.200016860917 8811.650150557594
3794.9017648852587 -3919.4303094379748
4715.905039639336 7257.43051072285
551.3185919576717 -1891.2019253651806
5254.030609880399 -4834.760616039497
-7708.324282559928 8236.007623582042
-2815.3305587528357 -1388.544657835013
-7788.208477822241 -6849.8461538306165
-1773.8836146547528 6821.727614355539
-4662.776822396415 3256.1764733469427
-4746.407721229764 9064.823630704454
-622.9178965015417 -3161.584075365664
-4102.953415518702 -8451.750200666094
-9694.88754346622 2392.8377680624235
2665.6074712965565 7824.559884612336
-6083.787255477946 5499.298382262119
6286.2967249190115 -4778.838207839173
16.71485321781438 4670.5002086368695
1917.294012040542 -8064.647636685771
-558.0898245491935 -8194.314879957832
-3006.3208657706464 -5309.791080903232
-4245.544763422456 -2806.473647887431
2686.247310013412 5225.87229493407
3262.4528598862307 -3549.9132469527876
2301.6421707863356 5404.661819775789
906.161794523874 7344.102184382809
9424.710870973238 -4662.623538304451
-2402.566335592155 8153.2824596236715
6201.64119018734 6692.033748463367
-1243.851061613037 6011.7013820138745
7885.093234999844 4225.204706047296
6073.0643610306415 -6350.233289411022
-6389.794086194059 -7419.98225159711
-7061.350753761597 -4005.327736805253
-4657.006327570719 -7476.19634558339
-3487.35556017868 4290.62623350266
7040.332506836596 1052.2559599221313
-5930.7738016417825 4714.565965600015
4283.36349264403 3165.9035596539106
6037.824532062803 -9095.522590044815
-9006.179596954018 -371.42484682775466
-8930.20821599853 5383.832808107563
-5684.572787488247 -5353.532808891088
9496.282003863907 3557.0812653027115
-8659.81796542133 -9839.691654237216
-9297.150443153594 -4232.483747995863
-7918.012988298395 -677.9588993322377
7231.4391696153 -2149.73121801072
1947.7516135080823 731.331380758782
-6169.407566314641 8679.562924958569
3928.7408311470735 7136.132217005681
-6790.151609288874 -5599.2058570807
-4167.387072158262 -2444.5655256848722
1914.48073112352 -6645.62142956945
-8900.77214387043 161.23339086177657
9521.865419229154 3139.7478909638303
3090.9775140781057 -5239.339262341942
-7729.0784607918295 -8165.74848496147
2221.0426180993873 8348.126058997037
-1728.756552372568 9073.149548214544
2880.6330200125212 4951.226765305799
5598.6762678579635 -486.72722850329774
2848.928029441193 1873.0820105143994
6869.262220604574 1144.348253801676
1717.090586692062 -1562.3368943089208
-5706.3752334161745 3978.373326563262
6830.379793615568 473.59167814385
7749.029289541617 -9161.145906866188
-4649.947893701898 4025.78598078725
5066.50406168601 1288.1049003892858
-740.6154251756707 5163.241683229542
-1484.433277408687 -7827.772961751995
-3514.173070085464 9255.137325842625
-5620.745865267656 -6170.208269743782
5783.921538410503 2716.368609987003
-6452.68248038785 -298.35487095318604
-4378.679776935148 2977.508539138331
215.588935513837 -1104.3231661293357
8032.842940618168 -1686.8872191512546
3064.6926446051566 6201.7840305172285
7255.218221639356 8166.17979746791
-1298.5756917753752 2118.6847917748455
9927.770084445561 -3264.502630661421
681.2817489799309 6645.6222941389715
-1258.003986637248 -2153.5035632700474
-909.2188269259586 -5091.569982528985
4645.6201712050515 -2494.841440556055
5453.3575880162625 130.80848189079006
4054.372054342124 -7961.591856144001
-4367.2054010035 28.096578131782735
-3002.6051489062256 -5646.650445270884
9443.29496867357 6392.206418213085
9719.836684973252 -1398.405007337651
-164.5500591124055 -5547.192939399528
988.8521118645331 -5586.152128551087
6812.5311018707325 -1458.7516791637718
5196.874235385318 5873.809497115106
1641.6741438347253 3650.1156352617963
-2671.309032203668 -2470.6164965006437
5459.692518725253 -1327.2788344587425
-5043.487011752263 -6.94739487899642
-6966.597059264219 6423.241471382509
649.866266717383 1062.2220128248555
7219.511698584025 7979.606648030687
-5465.183818380199 4794.215041507521
-7420.745123005152 -5542.326068788064
-8790.333197429773 599.5214742229164
7638.160505485623 8016.603823266476
-2178.048849112448 7170.806542664799
-5558.569644508917 -4288.228492104986
-9165.82311750753 1944.0879404343395
-8659.374481962705 -5247.03910507105
7853.449941480136 -4207.602612032897
-9642.532619432275 -4208.023155220666
7872.749320496296 4781.158042214716
4005.7477299866787 -7944.765046447468
8369.297746352047 6068.39670759732
-1887.526762681282 -3546.7187249370572
928.1092616622955 3411.8341343332686
6964.553047575882 -3759.389244647986
-1593.534966879135 9248.7956971825
-4982.538152231055 -4634.447274297422
-3872.2776776396613 -5056.21176576901
5437.502468457227 8341.39957546939
-2809.487586722099 8552.49798368978
-90.58232064672666 -3713.637042273579
-2297.955188714711 -9670.12538158946
6426.277788433948 -4278.653603565596
-8408.107089953428 -9786.137260206717
-7811.28479776763 3780.929924022039
-3364.7159966092713 8645.261809860214
7275.737830281152 9684.367210626886
3412.5799322477196 2338.085026335488
1409.5140257923958 1629.806895406853
7154.294427147062 -6.284076031044606
921.6629780612911 -9283.655153454409
-1231.364671054489 -543.9599968249804
5938.761542087201 -935.0609465650086
5821.232027731108 7433.663838616594
8839.916901713437 -1999.397137502543
6834.355816011204 -4330.784660967344
4199.420375349477 -6025.28452454246
-7004.404704182558 3314.648635375135
-2287.3497411237295 4847.690536872031
213.61557664541215 -5724.644370593077
7013.550826201761 7218.640041610721
1431.2735854507828 414.82023163155645
827.1667650622621 6680.096859487163
-5795.971723176632 6765.44300415945
4560.872017193078 7192.243973842593
1774.2327537510319 3270.0660509758327
-9776.914193125507 -6787.478960258899
7219.559857760534 -917.3534744734443
6468.42701090889 8782.872626361066
-273.5409090116773 -9914.573709207694
-9396.584716138954 1468.3253336725265
9637.21102502626 8033.852190193495
-1453.0248397546602 -4143.038063955091
4641.788246512542 619.4047438742164
-8974.829805197065 -8727.203635440814
-6666.601140748067 -4255.589542475533
4689.737707153496 1419.4352150495888
-5680.757347727809 -9568.196509266125
-4614.845322655994 9863.833139564387
-824.3412967645218 -4953.279282822838
7449.1251048509985 4585.84508188112
5759.508470743709 -3114.2859738880916
-2283.4657749262924 -2739.3035692760814
4735.295601377027 3693.276654184623
5807.063288121739 8507.883613577567
6650.165883251368 7294.277192115693
-6688.171543041865 9031.43936191046
-513.3934047407511 -9715.19540927978
-6345.447715915892 8392.887750445614
7345.306874742742 4602.847312710983
1687.938795266491 -1900.3599880120082
-241.6999779366961 -195.8936053352245
7496.075133106584 3757.9610988408167
-1894.833003013132 -9002.81800829484
2408.8457482251088 2231.0733101520163
702.7386330635563 -8353.750087960767
-3105.511126876586 -5940.656217201034
1361.3827655066561 -5171.72088913374
9781.598647208033 8840.930963727442
7548.627463485558 8035.715086154891
-3827.984591982463 1837.647764716863
-6226.48198947515 -8755.50663183621
-2558.7837075693724 -6237.76898424331
-6597.223599785638 -4278.870369163746
882.9638643119215 -7480.410863121685
-2157.5313979390457 -8078.451322630837
8840.134917011907 -4383.971992175892
-4133.440280257887 8838.221047020008
-2426.195507989357 5016.838231290756
7846.38067381968 4281.080408129434
-5342.1844841273 -7575.94165809655
9732.695241273006 5831.6017137497765
346.22198854056114 -7737.387357871046
-135.29765416714872 5588.325426879921
3146.1488864863313 -7895.558497570704
-1972.0243508241683 -1673.9794516072398
-7261.227675051554 -4173.356604017217
655.9940867172827 2319.5872121868506
-5573.729125016224 -6508.94003953822
8667.566434063476 -5162.300393774411
-1557.2324739626547 3749.129082404288
-4844.874684897196 -9809.896309359625
-5247.576954613913 -482.7480187977053
8986.504943840573 7216.385984971661
9368.01471877121 5734.316673612915
-2644.5180659418875 -4767.0628307262805
-8241.524413197172 9204.430172951434
-4585.979492571628 -7291.260360388489
4574.033155573548 4844.318630447686
-5658.196095593317 1319.5180339422423
-3297.255154851344 96.25865766235802
556.3034169853745 9533.687622060006
-1417.6252182089993 9833.806662552961
-1760.7109753453751 -5487.538261350142
4726.724529390982 -2220.9868249249575
4953.341092205155 8860.359837602373
2585.6739910985943 -2733.807515055404
5844.575615923366 -358.7132680569448
9143.35865754413 -5871.253579239972
5775.459196287911 -8920.754971678542
7069.049902943443 -2448.0665942542364
-9295.760465449048 9491.657762743132
-9229.520386240381 925.8851652313697
-274.8221684715372 -742.8210538356525
-640.5127471616106 4049.5797927617477
-2593.5777659315654 -8001.220619483715
8325.039530739632 -9522.115714321928
2410.0201370824507 7666.798806520837
-5381.178237200191 9370.190183742441
-7148.77812805198 5835.565115233436
893.7552395794664 -109.43767967733038
-8548.110473670498 8281.083882577273
3795.9538475669215 -1974.2565440343606
-5734.533283973151 -213.79210292247262
-1504.20544576889 628.7441239911168
5598.646478895846 3123.6096257957506
7053.914586745803 9562.169498653118
-1272.5008792871813 -3704.226821963408
1753.1314342628448 6.833893798160716
-2896.492467745573 -4634.859611811439
6187.411245782585 -8682.379795739644
3967.594841305914 4586.445530746794
-3315.8127867175135 6249.946378706505
-362.10961558074086 -2942.817381691747
-5453.524469149049 4946.6160802318245
-4790.358066772032 -6268.950856357558
-4363.607261731861 -6233.780309124457
-996.6697141505629 -3606.8705819239003
7981.84260561645 -4149.317898375939
-2180.2973366101887 1074.4686664404308
373.2878621160962 -9729.06798087164
-1091.901960421088 -7612.385392921004
5327.680925718938 -343.8965131715704
527.0893860112301 -3606.4051516703666
8331.789409359386 -7596.945247838882
-925.86519609059 9864.707926515635
-8062.699230075994 4879.4282788293
-1016.4309815623528 7186.423062020429
8065.248974749829 1474.8564142080395
7939.938636042578 -7354.430023543148
4787.468527330482 -4078.6649537342764
-5573.666523231793 -4519.075165311859
-5112.07383877256 -4004.805459853911
-2774.97949581385 -2173.804014596425
2666.9473180159293 5529.498398185218
7210.350855850815 1554.3188398378588
2736.5050244693975 2607.1094457178006
-9378.441700989113 -964.1245005308629
9964.893241681311 -9128.928926207429
9975.728305959514 -5046.628247074396
-6735.726182887285 -7919.648791596619
3878.873873562092 -8433.014085701498
7574.726192549097 -7644.588424208019
-9784.292499814212 -1793.655751107557
8183.598333040263 -8000.536499624629
-1453.6432748807674 -2733.250827774674
9429.109452459143 -652.3192720145889
-2989.075610082712 -6382.782836193488
-4127.691204187294 -7211.9511164555215
-3359.5405028808864 -7918.419574372883
8181.653871172755 -8086.068791657734
-8304.453457156662 8532.81235371139
8259.629250531423 8709.841145280749
8501.391745856727 4144.644130899458
-1449.023475507438 -7261.6813463902745
7220.928850569038 -526.554491949908
9007.272830482088 487.2085397607025
-8894.864191025255 -4702.7475165143405
-8157.260357013434 8353.053767318834
5982.396280917381 517.7244076817678
-998.6706753533927 -8822.286933510277
-903.5919087880975 3934.724489603459
165.2903141924562 3821.726858476306
-9125.209561312377 6332.124073407487
-9829.435605880502 -8050.645431666486
-4191.803988079421 -7932.667610533568
-6145.469225595901 16.623199715922965
9342.401573959614 5235.964066939616
3646.7653571783194 -604.8834150306866
-3466.5109875593816 4486.9640094430015
623.640835997554 7630.661079234236
-4811.093142530139 2692.4082143601936
-6717.251430292459 -8972.550848410094
1314.8343148745153 -7069.88162978087
-46.72026679888586 -2935.4298097735646
-2087.0522619801377 616.1160373163966
543.6610855511972 -9406.697352449433
-482.66342459090083 3127.8692378836604
-8762.10823651261 8329.942977205155
-5665.037417917447 2888.1707813584435
-8212.804651215953 -149.65107212674775
-6549.265045050563 7633.41230587471
-796.2613138448814 -9891.223268070305
2280.907559579031 2468.9060250990096
-6051.651738627881 -1554.9954126438315
-6693.82697508017 -7682.171540468156
5114.288470685213 2110.13682315422
1088.485701281672 -9500.74230324946
9644.342931177453 -1467.110837063945
673.2913057072838 9424.681940436312
-2721.4209648980514 -135.43533562468292
8701.510982339722 -7218.731600897361
-2284.6563012800816 5782.336551318307
2903.2705215893548 -4925.91547882042
-621.8108998788266 6096.851714079121
-9881.966831163649 4028.3662501360122
-9783.414421128482 3401.591106417811
5583.443299681208 -5893.1541511530795
128.43405425846322 -2182.188989716189
-3042.1546355099617 -4723.958584955172
1877.5467787450943 830.3098228694544
-4610.895666105279 159.33525640343942
-7210.5800012396885 3275.666490796464
2915.0019315602567 -5156.447181334838
-6956.215019081941 -6264.004933394581
-9421.855360940097 3859.685482070532
-1957.4304538054512 7907.685789527124
4860.974832546397 8237.281210535697
-7882.933499712166 6955.983282071753
1394.130528469921 7035.955102218264
8748.258651039218 -6567.316534198338
4364.061910636783 7386.360028506988
8509.40974875772 -2974.381541581947
7643.455175174167 5826.881160942949
100.17640697829484 -774.9824742043693
9390.68871555338 4601.20574655517
-7873.328629008171 -4066.7706232665005
5712.18920173355 -9414.155684714944
-6307.959616278982 110.70514994942641
954.2148595516519 -8354.427254782946
397.2963364261668 2742.5392716513634
2288.253241379236 -4531.3275341729195
9012.290017877604 -273.717875385295
-5523.125261696136 9312.761691871488
-1138.136818004863 -5276.867557175051
-2945.465704070977 -4404.095851454752
882.386309371359 3581.0341269664877
-9369.51866619296 -2103.4017263546875
6339.03838919155 -5370.396977669978
1618.580009273519 -5319.8550407763605
6354.334824490439 963.2170598619614
-4578.487049734074 3947.8173796448045
683.5795835813169 -4229.991503654347
6944.484784170865 -8990.867227125025
9583.065472465521 9830.90218527264
-5713.791529151706 3706.469724302615
6151.998113123842 -8495.743087541077
-3447.3970957565725 -5324.858099767192
-1810.708429893628 3828.060421750215
9961.30037399449 8600.979899064965
8391.517266152157 813.0499239105065
7752.704824089382 -6058.648668509108
9628.470187489485 5566.520213448248
-1103.9950122975006 3204.4786556619947
8067.944582979322 6578.006876836313
8176.2080641123575 -6364.200688260928
-8918.507005247779 -4685.5844286657075
5970.898177389092 -8960.962336872051
9148.08334611421 8213.597009205405
-126.89471951863743 -6536.448366554375
1382.7276658347437 9231.756160917117
2289.3008631315643 8618.427306639936
2852.3158591562915 -4708.498161734471
8239.213943278344 -872.2930664833348
8501.042486492217 6293.740060437149
-4193.198779213867 -6879.972590530321
-6707.029960704054 -6201.966237884866
-1960.6260814640318 4149.8683174335365
1089.4287089889294 8042.436444484887
9564.532151334584 -5923.4901930107935
-4185.891659010869 1665.2396577358159
3792.215748095212 5280.696402360116
-2381.142675889647 307.4601580998351
7291.838472547504 4477.926379315291
4048.3545590464964 -4783.693290581044
6782.127860136323 -608.8190006636014
1611.9840478466976 -8963.728752232337
-8856.050413904977 -8325.183147826441
6706.3872469046 -6834.09732281248
-4035.953154582752 -5264.750642329083
-3507.662445743729 3374.710238497186
1340.2916271585746 -6527.028984351655
114.72498407399326 9816.072160483574
-4973.308269495964 -5525.6650703851155
-1435.3930129636155 8138.409822987058
-7530.945597360214 9810.464587782455
7517.426119055814 -5911.686234846534
2879.8733865731847 -4645.463649652011
-8358.33875188731 4815.696285261269
6223.646081938676 5407.596965193572
1157.3304568958247 -3967.5344595458646
-168.4995478947767 9426.989548277415
-8166.080476958211 5242.61312914458
5336.657055873415 3780.3517267992156
8152.4680508649035 7453.020166845381
-3280.092307356961 1702.0756771342694
-3983.2981837523284 -909.3142526133142
-1523.0413738551924 -1991.9902280553051
6183.255861912423 8293.497708326442
9267.129815062031 1628.0944903915333
-7508.816722776408 5308.058558724968
-9124.438035768728 8645.53700210727
6.114448927250123 -4580.499162651288
4918.7503848158885 -8714.977577779366
-2645.426508872244 -1345.3775943867313
445.85897880397715 4171.373596250334
-5190.877973814198 -4558.924869343401
-5564.053371569126 -1816.013663384737
5095.155690775244 5471.764981011145
4163.87753409365 4361.246341965987
7425.3370079404995 8215.001281239303
5505.355746398893 5563.075338143388
6927.798271769516 7827.363418065506
4474.16803893876 -8021.367884438892
1419.4112939113238 -7332.3547479874815
632.3896282183505 -1929.887483752228
-4614.426879258935 176.6459996261874
-9513.049876343706 3172.5000827013555
-2936.883376051289 -8421.011104923797
6583.621955605304 5723.017510217782
-1316.8980698783525 7679.547336833857
-6267.853293733976 -8027.052251241979
-7784.582568498666 -3031.5324907978393
7643.871754403292 -5961.619574351629
-6632.744080286637 315.185016803036
3235.9241814315355 9275.370202389466
-4877.2956714815855 2723.2379024789116
-46.39127768110666 -6781.125139734919
8770.83237365514 1934.0786413715523
9685.36856684626 1703.7712740027291
-4845.178199568332 -3890.4928419421103
9192.308118301644 4290.131016965821
1784.8392244988445 -1611.2614881187856
-6553.074569863837 743.8590818709745
2492.5103533226647 4807.5371762665345
-1126.6243766877888 5077.701579341512
5465.002599335623 -6116.75318088809
-3795.7837053280864 -2463.466653552233
-7218.108523485747 1110.9592143458976
1516.2698092858263 3914.7364101430558
-11.86831107146645 9682.461722577758
980.8729074188996 3722.404710479699
-2228.383890273316 9931.021394693686
9961.44962958061 -6029.005275356714
-526.0395258478566 4321.461366854748
-9685.997783770463 3727.9613430738336
7948.306319141593 -7753.609859163047
-8906.236608153047 6093.824657441235
-6811.905736804274 -544.139247654206
-2656.088630234379 8884.010697357615
-1814.0877873810487 639.1328333521142
9239.915716315882 3051.7262086703395
4641.682809004948 493.6192532107434
9585.718253442232 8767.023471805103
-7575.391118972982 8557.510840595103
-8494.36942042972 3071.1285312392392
-2896.550698476756 6148.970060739559
-9851.528340825485 154.00064132143962
8394.861505406425 -53.80006534183303
-7681.867209306217 5557.0066347751235
-960.3055289897202 6059.092176116765
6167.405857260761 -1018.505964573571
8402.27879756847 -9115.42932531684
-560.4189499659242 -3112.041813903006
7997.909418335508 -9395.847494434816
-785.0443946659034 5699.398498408536
7188.8854470462065 -126.35169885470896
8717.073000324359 -823.6293027047159
-3550.389104905458 2071.3415130375815
-2543.845574434753 -589.8525501052936
-7113.566705036501 8412.37980585391
-165.1566495408115 9884.300526303257
8108.035778690224 1303.528046293357
-5685.95557977718 1183.9330099511444
2077.378480473595 -1496.1670633092435
-9665.71006420515 5185.688467606922
-1763.6907897158198 8973.158132633365
3410.7212018317077 -8059.425092431756
-5020.8478220521965 -1268.0474333418988
-9832.557314205678 4965.541851640826
-3538.2808825528446 5622.0244032113205
4549.635502513451 -4711.332467716514
1767.3445709736461 -4450.503644963508
4049.507233643184 2346.700628947492
-4388.2805129705575 -392.4739751883426
504.7820422949553 712.6262185516061
-3946.5698716221277 -8582.220548438612
-6123.8945597745205 5634.818400729062
-4912.714873698345 -2903.946602395502
9382.398562073904 7498.256609186246
-3467.339466143746 -3561.149679570095
-1529.1633305295345 5572.18108727543
-7710.753314613567 -6755.888909731671
2320.7991935279497 -5212.521232693172
2817.7478209959245 5120.7219216173835
-7071.212101087858 5790.988086421266
613.2279339733486 8707.814016049033
1293.9643265979666 8152.823177592312
-3526.036977809131 -5083.7138622321445
-5178.383646539146 -643.2782572399119
-2471.1872757669616 621.3764306220419
-3215.4785713663396 -1917.6713328521419
3271.2763105034373 8176.533448963895
9529.827828845675 -707.7701692438113
-8741.435622019098 2185.218771548185
-9908.26951783006 -9234.534801761083
-2330.8373981320683 4158.705594628378
-8032.121285936367 -4026.8553626916373
-427.4746229587472 -9995.678692078407
-9959.894335798255 -3429.2921620915195
-4450.300658252737 -7269.996030078314
6967.724432259609 -714.7329278034194
-786.1824383351995 3317.443808547383
-1145.7018902034142 6605.38500574361
6214.579102534164 6407.480452805543
-4413.559627777954 8434.537156791324
9470.973547171063 4257.844220560941
6965.862293204213 -7251.572248158182
-338.3352411107535 -7625.267633944208
-396.45913886107155 -2699.782617694197
-1587.379393250214 -6713.891138695943
1517.5316143606778 -8453.355492652066
-9843.29266588996 -8883.965620128602
1473.6179294623944 8221.91460930754
5300.144005302711 -1064.265583061304
-1669.3702527402384 -2634.8541755621427
2115.8595001296508 -6691.4800303464235
1999.9324220722228 -7888.935533427901
-2306.04881872859 6012.075293694903
-7898.758301038704 -4817.45540879893
9314.601993018568 -8386.948953944702
2994.5698188550214 -2222.4962280161753
6768.968380692419 -8614.715454706893
4590.7691985583915 8421.557579402881
3438.7104131586384 9004.391203095634
7190.8006204583035 -1638.242831259393
9354.98622304227 1517.8760785404575
-4423.503697975943 2205.6306813343854
-7007.108258096689 -9718.69086850136
-7326.740400512759 7763.657688114603
-9782.511067642525 -9132.47034488112
6327.7884911546935 7432.215332858836
-1417.292237908112 8397.241501131164
4091.571106916328 4957.935031618192
3094.582372087538 5305.765646506456
-9626.44601624836 -3946.678391893708
-4414.582752570664 2252.1366442928374
7923.049784156465 9087.388452606443
-5994.345425915204 -306.8870027992343
-8673.411999939233 2953.968777402686
225.35723734326166 7586.104022395917
4050.0965689807454 -6775.726291171382
-4652.614758706344 3751.3975021973984
-7469.574128609278 -5180.834778615524
69.49302715537124 7615.496917264303
-9082.083783494369 9690.529459621885
4292.739255647528 -4626.226295119338
8294.33363354524 -8619.965828451708
-5041.245641041579 -4947.950991747348
6538.1850151158615 4827.461999435343
4008.5584355618685 5513.125584128766
-8517.943522439506 9429.718809314509
-609.205255395018 2145.695703682002
-7395.711786992741 6105.523089109016
-8792.613872503234 3789.461571964648
-2780.047342698408 4999.685131005028
2369.784700676444 391.70103680445754
-6016.244909822246 9464.79724339856
-1450.8588888483137 -1043.0695883407698
7490.13665367628 -5912.947912499262
5738.8741877109005 -3457.285710729252
-9146.483593052866 -223.17138318960133
5408.2752537541965 -6628.922711857758
6374.257257869012 -2676.428868730749
7010.948295591748 -3433.613459955176
5743.611120754611 2318.4111478069517
-4477.971140192136 -4403.027149896583
713.536608527631 -1023.1202378548733
-2286.706265006126 -5810.833018597455
-7245.039007161371 8147.962417691924
5035.419492865669 298.8350026740445
5950.690927922591 -4325.340599808114
-6738.188051293417 5666.904282575402
1216.8487682330724 1275.1181462688146
9458.581046914765 9551.76908652598
1919.3653995102977 -4757.68601861065
-4619.607918606627 -2577.1156834295316
-8950.28994297756 514.1554126187584
3052.0821384163573 -5283.747270222648
8346.699610583786 -8955.197564303739
-6918.917845194854 -1806.080751073685
2098.882497905566 -6088.112069409781
9155.85058036456 3015.992031623344
-5165.344146569335 2223.2451685219658
-6779.330250143991 -7674.878162866552
4704.91830869695 8640.641020311836
4977.321535513902 -2040.2334276037327
5085.730433971807 -4783.069596411818
-3350.6925866656247 -4146.015143137778
3776.1000795249674 4246.945582007318
9354.442815661805 7747.899892751197
138.67476787116902 6961.347213737165
966.8025843203868 2024.3919041345907
-6371.225294958891 2146.5657169695533
7009.158649426085 803.969211391146
-9620.146881387303 -4847.131733553396
-4097.799447440082 7871.1873871980315
5861.138605877015 9256.493490519926
7806.99450755609 -7427.612999285444
-8904.143544034327 5970.70717345672
2332.2797968312316 -1484.076536423796
-2473.908629162378 -1345.4737731319474
4538.372801879386 -7277.52450863203
1333.0062928803418 -5353.221611347026
-9045.408059155083 -9185.581856446088
-8131.210371037352 -4842.937934127875
-2262.718102088941 6899.660019564235
-9170.637832217808 -725.9200757500366
1630.6661217480214 2996.74216655935
8894.521114165425 -1294.2712754197673
1052.9203596120315 -7835.590708305204
4784.870355597084 -6755.771829475596
9415.00360127362 1940.2657424573918
8032.527304314175 3453.480746518022
5689.950936264073 -9740.459417518998
1235.2658353478582 6704.767920363378
8285.489716175827 4716.382019158764
-9838.602273291399 -4559.222649617576
7432.977418262813 7846.521368460086
795.3649486430113 -7573.118033507402
8590.847358863663 -3948.459396266886
-8738.338817426951 -3247.520113602882
4770.8760405757785 -2148.6090735196403
-6462.637285950994 -3525.8732000821037
9230.754763537087 8343.213809883626
4961.200707809421 9046.083247163635
1636.6093128163284 1060.9246073161885
-7230.230301530582 -937.1816695901289
-9415.745678063982 -4128.582812946109
-3760.885606612772 -5658.088848444536
-6721.861691538682 -7890.332556678867
-9517.395950349764 -3995.3056934234855
-797.9201766344213 -153.59046277793095
-6446.351862444119 -4034.0988776168715
-1223.9340884767043 -1001.537964595982
-5775.527452146834 -3877.5260709133063
278.52124351624116 5933.206044593615
-8340.172033313705 7535.598794576432
8723.634056750798 -9714.903962858221
-9822.842378079138 -4971.053748027541
-1081.540605874774 893.5179523302686
2382.4109933811214 2879.9922919950277
1584.6980739360552 9087.69313823259
2193.341654578442 -9339.791985415284
-3784.812975199501 -14.250419694048105
-4390.2121359328785 4783.810928973413
7245.305493740383 -1958.5257937923807
1563.0901415552216 -9046.324802438781
-8845.348181702464 1763.6787840142952
-2225.5461724420147 -4553.092201159299
1274.5037667210763 4349.509955407506
7274.721006057513 9061.497737066511
4361.733549233462 -8085.558633182808
85.67933965020165 -3450.640404770462
-1590.001558482776 -931.9029824516492
1535.6799940486799 6489.996177233181
4704.193380726114 2776.4519531584483
-6219.998045399721 -8187.098410713178
-1215.704060366943 9767.374759569746
-9680.9450347031 9555.753718377535
4769.909804116849 177.87334127001122
-5344.835094883795 9949.325595170914
5406.9421909749835 -9292.188704177393
3701.3482605888385 9548.976629466208
-3766.9660191417706 -5763.722875203901
4153.130827234032 -9113.533255436554
-3581.503218989402 -326.813677909473
-4242.867043476135 1994.7631879293403
1124.6830150388705 -4239.895825404389
-742.2124619494007 3162.403773336615
631.8561088799797 -4399.310169229118
8776.220681948904 5402.890688029798
23.801382429253863 4892.557786370166
8472.98251832191 5378.494915813657
9876.556415642477 -3851.2325360467585
-8431.036917841691 4896.757551640167
3183.8130678342804 3638.5564138064146
-3853.501313438559 9601.879623193137
6661.681953906624 -656.6662011044973
6625.3123697445735 -8887.900827654648
-4389.311770862958 8915.365530846488
2405.606775543407 9608.0641782612
-9327.002315867736 -1557.019998701433
5893.268859677237 9756.104244921306
-7891.946652681088 7767.5365858565165
-9030.187588725134 1854.2260423223488
-7380.059737485564 4163.800270123786
-57.66428791069848 2217.555426514098
3304.964657526927 1386.7772106671
2106.426499819192 -7926.150506956713
8948.083278470975 -6595.536043611108
-9722.389580523719 2618.6236147672807
-1318.0245403987374 9577.380200220763
-7005.416868489138 5383.329028268123
-4067.2896423681796 8612.153756373074
-429.86480106180716 1698.9332817224404
-2388.8833439010577 -7692.169193559686
-7236.671607462328 2791.158309905897
6669.111939340324 -3069.998220949875
-430.8670050511082 -7077.467231899154
4425.419775122105 9989.223587343491
4469.408912790303 -7999.666178620295
-524.7605064237887 3266.6419510293345
1461.7499121786404 1198.3847416169174
8533.607339416594 9121.109100075842
-8719.620483358169 5394.592949889386
-8777.66448049214 -3571.492272397507
-1554.0619145767341 -394.98793496402686
-4404.429548682389 4945.397953596896
9128.660444684829 3099.120286336971
-5890.829442613852 -7544.500913393724
-4717.906899356781 4509.916512801072
774.2663526236774 -2251.053466994881
-6897.8333576674995 4006.3357446908212
-604.4957851169565 4300.642260268714
4589.080421200828 4474.397386302795
79.65478589436316 4455.449378039355
9837.133175812189 -7342.5985771185515
-3389.5975173315555 -8005.629198890964
-5349.733427573336 3334.397748418065
820.3012968929852 -7852.73642917655
-6821.23610918232 -5129.939342006624
1751.034449804576 -7565.950202068172
-1504.8094183153116 2847.9980258227606
-2821.7293739934203 5157.786986147925
5375.3266292905555 3.4454527879606758
-7012.430780142722 -7060.632185328706
-977.5084239213156 -4699.811873028654
1922.937285283013 2375.0245510405603
-8928.67773139136 -7249.531740481088
-2610.1956660578107 -2285.774628327701
9929.722223516746 1455.5385693063763
-9720.665468233448 6396.951402909472
-3634.6516345455802 2348.4269965065123
-2808.8536474064576 1355.7417109433682
-2784.328779154619 -5750.60553797798
-3033.3241626824074 -8820.68024100248
-9801.713394207613 2098.4492672101787
9105.570879360028 8551.003151538673
-8979.17742238103 -6391.774198045221
-7577.342302365968 -183.48951118369405
-9662.560537411793 -2915.6011541874213
-4786.816278903252 4102.18654852154
2571.572664041987 2789.7476471242826
9229.187268391528 9096.074861193967
1222.2343848509227 2981.868461903967
8930.01449117126 2420.6693897491423
5993.8323246149375 1633.4431784625194
-5244.854093605671 2467.5798255688824
-4062.869096590829 3847.8898458953754
4577.660327239146 -9369.234442639434
9761.638751311631 -2887.88859010698
-8968.17996628664 -1933.6175193808458
-422.65564235736565 1781.9759780409931
4068.409092656211 4423.702311521447
7546.404268807175 -3424.9341482241616
7876.624558806347 3432.968398520359
-3726.9791164784347 -3650.8682818951966
-778.5326672250467 802.464261273879
3232.4209141315023 -5926.391280899546
280.7396927722475 -6431.538572483484
7137.484370721486 -3344.5541785991327
-6774.085542423087 -3141.862983619825
9864.253178674091 5159.404456245058
6076.290418048302 -6033.050375125306
-8594.822040774723 -6033.095756467428
9766.0130412486 8718.36540716152
7291.639732065782 -9453.620893164716
4898.691682876106 -4734.762225871163
8024.929872888035 7762.033120200314
3324.495965094491 9808.555538953027
8277.527108131737 -5973.228464304973
4459.784555531527 -8849.343315443068
-25.831902472014917 3109.010877368093
9179.455973058066 -7433.549083627786
7834.869136451696 5031.957219969558
5147.388050772617 -3832.444030937294
8559.703121194292 2257.8636696112935
-3389.5319480008675 2750.6974498961263
-4442.196374172542 1228.6752357735513
-1033.106498371968 5063.102004744147
9970.711439813706 -1661.6228055630836
-6170.440075802768 484.0307091879422
-4287.153807330208 -8458.722183660308
3840.5221656666217 313.00881540135924
-8650.46080512143 4054.343997781667
-1847.3355085035892 7171.704258981787
4855.712591593185 4990.6347471482295
-720.1245279319246 -532.1762707224261
8645.95611318067 -6735.226194950516
9927.175330013994 2435.7919949317766
1739.4054179170143 -4259.69353941644
-5552.596483981502 -1039.6028095864021
-6479.522523874266 -1657.3040233279862
-6268.770014879597 205.97929192051743
9279.182946860925 -259.375198879392
4622.408838787032 -3984.843956287842
1562.3859277607698 -8797.834023665699
-4639.652917004258 -1892.523074685675
-6659.961322436024 3361.293386436282
-2912.7768300520884 -4700.187794710253
-911.9236375212495 884.120001022
8117.041859458659 -713.3213128635107
8112.315456191456 9403.141916088709
-7550.8316413487455 -8039.8756009152385
-9214.654282245228 5591.685637718871
6919.045079291904 -9184.814816248234
2841.0790209686293 -9120.34574922502
-7586.060084535002 7678.3444242646765
-4530.744169738574 2065.5809239935334
-6258.248712135428 7812.826508950704
9674.878568695567 7958.896716194693
-9973.974565227403 1395.966975505553
2215.195502054252 190.23128398795416
2910.520027170978 -2569.700724518726
-2600.488115986568 8456.473756098996
3391.793190005028 1341.415225744684
4134.761143489877 -4278.782207428067
-241.54538301836874 1832.0523380441373
822.4317206845881 -2729.8684229004457
-1099.128334646428 -9996.721339717722
-7939.911154909705 -975.3073533246334
-8834.713545437009 4320.037435857032
573.4066548202427 5146.637654875205
-5038.558541837928 -1310.2638831089462
-4597.74469213511 2719.3811080154446
-8507.013993605584 7738.956852630508
-6912.928539809753 -7828.437146173179
2265.0723855856395 -6685.217244016198
2449.3773550598453 -3888.203591501029
-7566.27200169583 -696.3704625331375
-4467.019625439697 6372.585536156232
1596.7238024474682 -1948.1089157228234
-2629.9661376541535 -684.706709983684
-9714.163701210438 989.1004829554822
-4541.195881355819 2826.9487337565315
5205.538430683324 8495.726097106257
-3812.363597853403 -5056.41735340635
9173.329296420641 9624.12001938299
-87.7214768135309 -6336.308601982708
-7247.9515476366 -9027.454890136978
8991.366925689486 269.3357718405641
3724.6973755685813 -4171.3826257035635
3807.543092566084 4351.280777618527
-2152.572108028534 9639.899810515846
649.3205503982354 7738.501424717848
9726.531652230424 -4064.206780812996
2301.486450144408 -3338.730825408913
6200.405122547732 8016.276021066347
7289.463282546978 6730.959001156069
-3732.3684491222075 -3960.544894502287
-3054.270307820734 3698.602575752162
-8612.52824345043 -3418.715919459277
-9185.958002262454 4458.138028095498
-2110.7838044458613 -7692.774570894309
-9620.135553482996 7389.202174619422
-737.9972008821678 3087.0339962674298
-1286.936785358057 8888.219965909022
-9743.135337049256 -3299.760880040004
9331.581580267113 -6184.549695774035
-2982.0770165016656 7221.318855862763
1442.4718750957345 1589.5604333940719
-2130.191866464992 2239.9632292229835
689.3051174974207 6790.197474602857
7923.532527178555 6263.224404410494
4632.65158336746 -6617.05856620417
7323.2047999141905 6962.761422049021
-9587.03581808951 5059.922184363066
-2258.8678541276995 3371.8006472209236
-1607.1294858559158 693.2933351754982
4639.010584730102 702.8234784080105
48.52095280630783 -6472.333690370344
3848.055050482757 -4851.586468332903
-9022.69795835021 5491.499610853012
181.0877031388154 3844.0951780513205
611.8875983034941 3886.3689480569174
3074.7482973740534 113.40198865911589
-921.7594258521713 6716.917685738605
9670.158608741243 -7818.179225587883
8607.850621158996 5053.2285247331
-724.4865477440326 -5262.334311176726
-7987.859396838552 -3928.7649962412943
4814.243930751578 7034.334476618995
-6050.370528317632 8795.712610446317
-3352.4568734409695 8669.815499469481
-7935.896226999657 -3925.7076789138882
-7929.797776929308 -5254.281640178658
-5455.303643253513 939.8442160210016
9813.870648173608 -4200.503052759106
-1743.5635335009465 3272.4881249734644
3051.9950828786277 4719.956715506012
-2687.519029853014 -6448.611367433488
6685.861825838052 2797.5277622375615
5806.906139820778 4490.40437853862
5101.312595748726 127.2061991546525
-9600.417844070984 -1519.4344419683457
5120.872476548804 1773.461149612489
-1457.6809487553237 -983.7389161983356
5536.169998910453 422.81432011870675
-3641.880382334808 7660.912219034501
9390.697546033658 -1308.7881588815671
-3466.9546183840885 4611.84150244987
8093.112754837646 -180.29720015916064
1052.8385955950307 -9447.080602859325
-2523.564955373714 -5816.643278384583
6214.117520620401 -9762.49776784712
5078.650016497637 -9145.252401758326
-1937.393563937444 4123.07188001229
-4794.607434265852 -1595.2506818085294
5258.524387319658 3382.893139592281
-6254.464055943951 7189.779733992829
-6658.08826001178 -4251.089670782473
-1754.3414338434122 6566.059499871772
-531.6719938574988 4894.020272502552
-9590.461327082794 4787.8245423920525
-91.99304803721861 4440.746830181137
7973.9636422479125 6787.8748443480035
-6050.77106794065 9187.270046365047
822.3043229543564 5605.21646057159
-2680.7001387071396 -9229.347840852888
-7767.537823179162 -3084.018870820748
5834.202722822354 -7258.981857702842
-9684.045194271692 -7059.796443511404
-4289.360206030999 -9100.651924284919
6990.05020305355 -8061.551579881747
-9178.167289107432 -1244.5435380488052
2235.03710134999 -7421.325429908053
9151.108884269168 -4908.37896330604
-76.14939464611234 8645.151985931625
794.967382413457 -9128.746321650346
-1828.5487121086217 -1122.374485665132
8089.948260726014 -3889.111893362987
1936.4917852450544 -829.6518951313974
-5214.677003507934 -6162.317718563432
-1482.0177034307453 9927.00143564838
5656.242797204339 -2116.463025768511
-2375.2011577141866 -9941.07003116662
-9450.339204771628 4020.8284023297056
6856.059546362449 930.5257621850214
-2422.0040970552454 -176.33019317430626
-9284.472280573646 8496.993734193602
9023.157202579947 -2357.478661633195
6693.371964484377 9946.155074622031
486.20742249558134 -2791.1323631397163
5483.765386126261 2347.332027664639
8915.60187593213 9640.595337640341
4066.958225034823 -4873.226335015653
-1630.40896322783 2997.608141730434
-9830.379004793858 5630.489277538962
-6283.961716829444 1041.1165418004312
-5472.595370364044 7601.7578206612525
-8054.450846451165 1478.958428228918
-6591.168764228998 6091.992453409932
-1628.5205660480024 -2266.8020723783357
-1980.2326668673495 9140.037461110434
-9286.967709108902 9145.168381527725
9692.909735560046 -3503.604690050366
7905.319547446521 8537.026652451568
-9823.148810849445 8735.272100413065
-7547.088478342179 3177.7884250224542
-5125.539096159586 -3711.2525172840915
5241.068175770783 -4544.2705247429085
3540.4662399286553 -2746.22572339668
-58.51900119702441 2937.937101985508
-2266.7171472068894 -4735.875107579579
-9502.967517231342 -5998.298596555114
-2773.7128783259486 4285.801742272657
9642.722854896889 -5148.651863194867
-1381.1087375972675 -4114.159296751578
-982.4298259544339 6488.020405951182
-1452.0601628772238 6340.842467663997
-7855.042394927203 -3921.188193068024
-8814.920858955504 -4107.0375861856755
-9593.458986913229 -3824.4217398398314
5115.9466799839865 527.519562208945
9107.502661063845 -2637.3533091905683
8232.144495791781 -2162.2404582498248
5828.580164424155 -4833.45216005066
927.1440771966118 2858.741506827715
-3517.0344871966663 -9560.180843893111
-2327.587959491424 -2806.2899862914282
-4156.181532538914 3934.8096108516675
4960.207858966052 -4677.281008507943
8780.79850659016 -9587.660350013592
-365.33588256209623 5674.688678695789
6041.675713140508 5383.97358387557
-4207.0958502228705 -9139.522226315676
4137.735964839387 8465.558371128318
723.1214144769656 -8594.041245052304
-7260.64871799218 1323.606827985539
756.6963670373243 -9609.509210596014
-5039.2554002666175 -4675.013445974343
6446.57986216497 2587.5978239028937
6010.635086609804 4254.3041338888725
3144.32935176715 -8978.947773167853
-6091.897249612916 842.2672863774496
-2166.6522801585115 6290.981714683041
2310.6683921876156 2352.2171445378117
5986.017094678169 9591.023797851147
9974.246399388547 100.92670945073405
3247.5926622683255 -971.0535812593225
-6037.724478545876 543.6767137718762
-4090.1402985845525 -9320.426019621107
-5556.004438822595 1432.5159621846087
1422.7325943715969 -9259.74161836972
7769.492888169752 5560.521573335574
-4397.887664985269 -6774.465940784411
1481.7908024837416 -3266.2114230138695
-3272.509414778626 8829.0173348764
-9976.07901533289 7866.771794986511
-1617.0656874515735 -5102.997979836168
-6878.4338467229845 -524.4779511363486
-7319.756374407895 -6100.384094581488
169.5220427482309 -1652.741809221854
3413.2406469759408 -1648.1861962170387
3422.8796747856395 793.6168119532431
-5272.715740883318 3827.8770363625354
391.49182432537236 2648.8465852670906
-4951.716235862425 8529.507758132178
1558.9322643736286 -946.9042007898315
-1699.3747615878547 7809.003142273508
-6605.171291736016 1064.8700398800993
-5146.414251243438 -4884.590007497962
-1397.9092515714947 3275.627835543093
3170.9696834570204 -2977.045394527735
5638.221526253075 6853.399469528787
-201.1483193908898 -682.5363597318446
7772.55165449969 -4178.794658268077
111.47287028474057 3557.8839369783454
-1711.1089139210671 879.9801858336177
5145.486351877966 9096.426007576458
-7084.239925286124 4714.590509698666
887.9173822150642 4232.253490363299
-6836.002850627394 5475.453035127752
-4456.662672742842 -8009.939956739103
4974.217478509247 1007.1698142037549
7590.9338611640815 -9043.740971156989
5924.246547265202 5399.490198799844
-7147.706358630808 -328.053062076453
-8780.705176134092 1564.8284883398064
2325.88327980179 -5726.8169894402645
3785.3238867761884 8800.467751413358
-5795.636755926011 3385.5413701948673
7008.682887923493 2672.4778243495275
3276.0328230862942 -8278.690719885995
-9987.232432641518 6062.302510964064
-1178.148217291724 4394.093972929824
4835.104063778732 -5154.145473268083
-1845.3522925571324 -2342.985164341584
2465.9183718784025 9428.876021771463
7107.271941310828 8587.072223112453
431.90517639015525 -5758.772785662359
-8938.37806359141 -3820.330087421311
-1543.432327208986 1296.6706711682637
520.6051808141947 -616.3023772979886
701.1616738588255 -8946.379195244059
3760.2779206030973 3798.9696526661464
3187.923428080605 4066.2448037972626
-4240.457134915851 8074.227244949445
3229.91915451153 294.1955168215718
-2610.0451683977963 -6514.677211645836
4039.528011272607 9443.171089621701
-8241.67063815446 5739.603622893432
2160.1893240219306 5337.401208322166
5630.014574493705 -3256.0789420424044
-2036.2538009017508 -9920.938715831906
-6979.16336342681 5890.102395669199
178.33513468118144 9628.529926654657
-4669.111920087256 5353.117612708327
4259.451251642267 1443.304170305013
-2196.5122870198893 -8036.404718159904
-8610.534669702665 -3057.7038188037877
-4372.213222977506 -592.2676799269029
-11.47005824772532 6816.143545367198
4663.6643296345355 8824.058242419938
4842.459588778387 5583.065877987359
1552.7062695743516 -6692.081070330709
300.84027999300633 3293.715145312959
-4110.786962905828 2400.9491083186367
3471.260430120792 6917.36208438826
3160.346927501707 -3665.789036816447
-9066.761827435894 -8304.323030683543
1324.6822338685906 -3389.919190411155
-1781.9569019197716 3629.2690113406516
-3816.4279913177816 9449.374887109607
5148.3009470117595 -1733.954511016409
-8890.086822716756 1696.6092657997178
2103.898242141957 8089.365808163486
-4765.964377085133 4967.69473127912
2378.375457046981 1057.8762289065016
-9153.391622152356 -6859.227643283286
-5987.349023968578 6227.803361876118
-4436.399890334604 732.3135827581664
-9159.42889829136 -1107.5962640571106
-2291.4961595316317 5266.990538951708
6953.436983279182 -2697.834618268158
-5597.831265872855 5441.25716116436
1388.3262152421194 5783.269738180354
1010.7693061674036 8696.96627282033
567.6632693944139 4950.722043572479
7887.560574719846 -3237.236734150477
4865.172484268402 -1283.5337171106894
-4245.73629729542 5787.4031068720815
2645.981532730075 -78.28535653385552
4603.049781283089 -1119.456953938965
-9773.6802608616 -8323.387031330101
2660.2671265440113 3192.965044041235
9420.893259932029 -130.71375923857704
1738.2001004005451 -8890.401668438491
5693.690395407333 -6189.799425473922
-6788.682690378727 5695.107616708419
-599.3829487473286 -3393.307879339831
-5111.391944573423 4223.223508017376
-9789.976640873512 -5383.578457823132
3213.774128525518 437.4044238648348
509.8374306329606 6207.406993593073
-2489.8049346171547 6131.8094691134975
7457.677416945291 4056.2126107921213
3397.7393644951117 5707.988487728435
-4697.031820969233 2344.758440163443
-8956.34004685441 3554.082153017893
-292.244436151248 470.1355738924558
569.9518445739595 3409.743656898081
-5984.45398136759 -1739.2873913482545
-8275.274578431325 -8678.601589439899
3765.179246441883 4195.722202658784
7835.288897617404 -641.1415901507135
-9780.614846772118 7754.432882161178
5095.799037671406 5955.720536876421
-3724.6703467305497 -225.09561199211203
7402.49440450644 552.3798190549387
-1152.8800337192715 581.2409496639193
4234.675896036864 5161.900111500932
657.8914375819495 -5357.839536937366
-5510.236964845314 3545.3831587784916
1351.751629823506 -7347.399150983267
-7284.092773159925 -125.1076703560575
-7066.483250905755 7183.996523199148
-4154.201581530621 -6921.613576838876
7766.8344193716985 -3572.2429446667347
-1679.5401155223644 -9497.472851699964
8708.93497636974 2060.3935562878924
1401.9803512805302 -4904.365374618123
-9567.08057486205 1887.6428614450087
8509.292323322523 4004.461559171199
-1413.8615556596906 -4321.16154474708
-7428.744038821136 -6705.1226669405305
9155.88355712402 3481.6950412214374
3676.4706554712648 -6552.059942894734
4261.2606769097965 -288.42833728278674
-4290.613199967191 3349.266247825688
-7437.230866035385 -6561.811490716121
9197.451738111722 6680.985082837742
-7421.217911488771 -4453.327648921015
-5745.825915305813 3941.996731273941
5420.755843624334 6828.726222825597
-7711.843859679468 -4236.355938297549
9806.677479391376 -2436.3966920375706
-1941.713239906171 8754.316955968974
-3315.1053128413423 8777.498486107477
-5309.541318023398 3797.9203305286574
3398.1418376205875 8123.846414165768
-6568.681375449639 8547.533501104586
8040.227034744759 -794.0493713679589
-2800.28105243521 -9202.992429155622
3505.506289404082 -7832.7480728686005
2406.6993415049255 -2520.3645676324386
7703.911401647238 -4496.532593887603
-2950.023363664407 5234.458765893845
1511.9838299364765 4304.722175259743
4749.083044307712 2797.160172165035
-747.0134132457679 -1485.2846695870194
4172.442049210404 -7086.090253376398
7846.856527364151 6297.861369753486
1217.8406993736007 2042.9331835515222
243.39244024454274 -7765.744997131019
7342.896292096892 -200.01538114500363
-3650.261979355664 -2183.7877116745804
1602.2827655533438 -3079.7031236026332
-9614.119669711781 -7400.943836500537
6233.638797573114 -9548.990157679973
7449.532093573867 8362.704235887602
6044.230417422243 -2045.5381977838497
-5955.573024250929 5769.539898484842
-9614.403106383535 8694.156356162857
7423.713248161061 3257.942126263366
-6836.426953796439 -908.3989403775722
6822.786844035443 1289.7656682509587
-8883.771982209644 -7816.357070916671
6003.556765136163 1573.954980563778
-6497.578485656419 6376.313377245166
1004.8043806598635 -9482.599437459416
-2621.163690889527 -2517.3844906352324
-409.06223272543684 8908.035027374652
-8196.50527155606 9848.081309497844
9614.110689829467 5714.084123477891
-8411.065973008099 -2690.6596276775945
-7647.66979940475 -7112.711766406958
6638.358692322858 -7202.651925120326
-6141.173024290845 186.81973550743714
6433.262525953185 -3411.6796730149335
-7544.3740058332005 -5705.476572254133
901.1423428774924 -2478.1624649420755
3726.9075593179314 -5128.981708823053
8677.111729140503 -1053.0241971400446
5715.404270502071 -8293.896324149826
1683.3587182506108 -8276.2545362342
6497.739863317285 1745.8142537977565
985.5502961506481 298.50201574417224
-6087.731069877069 2532.385730543174
-6954.54409001467 4688.423772545173
2935.629560292078 -527.7158527110078
-2225.801575329813 -8848.46475825234
-9948.112090456721 8351.373448715804
-9799.28274103714 7385.18211707841
-4069.2050176947505 1645.1898294135226
-3894.833342719581 -5712.75002168433
7829.349903054292 -2573.7930249356577
8627.144038492115 -4369.161167060238
1353.4976462224058 3048.8728534214224
7643.7862254461725 9444.512421823263
7564.473188664666 2297.11701406099
6622.9399353344415 456.63295852350893
-4113.067752470494 -5692.078470749047
2691.755345119367 1653.7169579130714
5873.684583753911 -4661.535055323425
4821.224462556338 -5180.860424219362
1604.4989538261598 323.24369482534166
2312.324760801166 -5140.071141025284
1344.0925909671187 -9828.502048655264
-8820.400467623485 -9204.20290272265
-7942.909559573901 2884.1577188870087
-436.847832099902 -2524.044138376431
-6524.610997825129 1823.4409685820356
4960.1946837724845 6405.681130614936
9636.00860163193 -7152.858548569905
-4147.555511106771 -8494.018793691232
-2844.8072607744934 3523.5499933933334
-1784.1834658824246 6196.15038703651
8977.14352912729 2271.8506000916423
3434.020464348345 1880.374404408918
-66.53203586069321 3026.756758515581
-1702.1745835839465 4735.98004276221
6172.036992622556 -8094.959562890615
-9943.091488999265 7642.310079771167
-5638.360076773523 6355.523509176477
-98.63358946492008 7155.62277202788
-1448.5433933021286 -5596.988893108346
6785.116331256093 1626.8193456907557
2662.0323621399184 1850.5356412469682
163.57907110564156 5875.204664730234
4807.101875898354 -1316.7920943900572
5003.186481254987 -9727.104429375133
-4006.7495766205293 2420.8603311955885
-4669.5894727062105 -2339.100921125865
217.07351743172148 5795.588607220927
-6376.826363187571 -9790.715492932512
-4422.860431218863 8884.187739852729
2507.655214033044 -9849.712124100852
6740.725018348967 -8295.599318777302
-7491.344470806216 3254.578997751405
7952.939223101599 2287.791712077915
-4988.14798060462 -8012.653914464731
2748.5246973144767 -2629.024440831289
3131.4188034701565 -3527.755193663049
-8375.74114998912 -1899.1780650217224
4836.656892285266 5707.66823995007
2152.554231391996 -8471.820035976358
2476.4256619384923 -1078.793123538042
-2635.4975418275717 168.562837643467
-9249.6808380633 7514.564526221722
-2296.7365757090265 -3462.8618350928027
-8789.293133313784 -8257.388311535136
9446.363139247438 -2680.719119199968
-4460.112190963537 3086.6525964923967
8218.112093882835 -7283.1448124679855
-7868.211695109874 -6776.597680775565
61.01825486262533 -9485.71893477581
917.7698304773658 -6442.434414755778
-5492.277419277944 1537.3695950313431
-88.71388889500304 5477.319341230605
-5807.3562548656055 3431.8042910938966
-6393.731423307532 -9191.593207587664
-6234.8347382803195 -6932.949776736661
8149.293792397271 -5616.038664890717
7213.876834684168 -5624.611963753015
1115.7240545624627 6213.572326835218
7184.003103901585 8064.672488833461
4755.183684592248 -573.4709704366651
2467.8514201906437 -7602.6874022053
731.8823297890995 1980.5687414897984
570.7240498984374 -9893.104342532462
-8329.54949317306 -4931.128803266707
1102.4316901234306 5527.761772556647
-9771.880551006068 -775.5525979536214
2717.1796705073775 8141.761640804227
9949.220087735059 -9687.533699281983
1422.263939367147 -5999.679630221821
-6181.857603924695 1917.4875375739666
-8701.3373987372 -5141.15241291297
-3787.950310648218 -1926.0421217527537
-9975.719674980965 6364.436388514927
1864.7941422105978 854.7439034783347
1063.2383671355456 -8733.30582507083
1488.644641192479 -8976.124585927902
-8017.726517012118 1375.4698061106428
7860.586943164319 6776.089962422004
-5922.032758458302 -7131.870492332319
8465.115475418901 5527.156156868026
-7653.833636054174 3552.953873002114
-8804.408609676007 6785.382199063271
-3202.366617091865 -2175.874432347202
8151.401020605077 326.10425757629855
6221.606192038744 5297.694585567639
-771.7004423284852 3207.3658945390835
-6278.391896709137 2496.798634327146
1984.4826880976416 1606.4034210365226
-304.4932441047531 -6541.664724665921
7175.094072448632 -977.0474041112393
-7595.525503928739 -5237.811609733387
383.01347133194577 -8913.188444779122
8873.160037724538 3238.004684690004
-666.0515447299404 -976.5129268539495
-413.9640441104384 483.438592931554
-6231.007594471672 -1226.8373013690652
9292.547499519209 7331.681278872809
157.97640133970344 824.6404067957719
-6793.665225240593 3534.997794034469
-2927.901677624962 7017.3006868541015
-7018.527818835074 -6815.103514285936
8694.461159976396 -5119.457919060637
71.30528467371732 4768.4780344456685
-6267.678753285515 -2478.432694356703
-4576.8603057012115 6264.395456807866
-5095.0100143264335 -2361.2192786801643
-6065.314206505185 -9689.218497118874
-9783.496369288467 -2070.523604937406
-304.1902862467505 2231.391899666298
1382.3148341212745 6976.903489885783
-6238.181000154559 4585.132341235978
-2935.5706745143207 9643.189946539842
-9947.854992653938 -4091.968746809902
-1020.4322963178729 -5938.969486988439
6940.956640131681 8445.633568585941
-2519.928259372211 3508.4295945200665
-7796.115476763718 -72.30437322524085
9867.455521039734 -9232.78400581908
7207.703566844146 7815.970660500767
9483.637452455474 -4992.559114334869
2577.4617641540262 -9040.232393399243
-3464.9443300576777 -3193.824482504866
2048.2189484193404 3222.8953157487467
-7359.97509293352 -4399.35642171821
-6193.804287218012 6399.485008323663
249.84346925941827 -4307.988658175496
9346.80427637793 -4384.892480230742
-4620.675802757095 1857.5852059120552
8724.680156956427 -586.4934890665172
-2507.429535899936 -6304.447043209953
8043.497211126367 8858.161241353773
3924.9812845559336 9017.828028524189
130.9937615824274 5231.818015824721
7882.62170696662 922.9460414988534
-7432.693236408605 -5703.976952216801
-1154.7454171251375 622.3912245981355
-1417.6410288946809 -3423.4025693276026
-7890.521209691957 -1339.893945861455
5810.701840528212 7769.906143641278
-9756.41108624216 -9143.62319158398
-4510.127463532105 -8881.327956507723
3385.908611808076 2123.6679542266393
-9589.013286479201 -5514.997884993744
7603.527448359098 1243.399188700576
-6222.068868964659 -1147.8148566008276
938.5065709231294 -7240.942028624979
3104.1892975950996 2115.741675925574
5303.791563713286 -1667.5491237743718
3373.983939125861 2278.1029241978104
-948.781500657913 -773.6967238539492
1917.0783651050278 7540.203271608767
9819.152357275569 4017.8184450886474
3794.228678083131 7287.1832447032975
-9822.53280733783 -8785.783059245332
962.9467566827934 7594.2971099530005
-377.28474608382203 -4867.313231300865
1090.880404331163 7633.032364542425
5636.504716709256 -4776.427593934751
-7393.225520260596 9236.351373451853
-6194.750653136456 -6042.9545138387675
-8573.360451874283 -9114.125939446427
2409.6209751567294 6459.9005213008495
1765.4029448539623 -487.2776283510593
-9572.819626402726 -3719.4709854181892
8541.979437734539 -1242.341416359106
9551.828966813217 -4023.471709703197
2108.3465985013827 715.054343105674
618.874348825133 8660.811960597828
-2619.1165169491915 -310.8687581594386
-7265.345313964106 -2791.5119306204915
8924.860536470158 1119.8185646602196
9444.839547230426 -8481.81188258962
1140.6539184998474 -3410.5076092084637
435.6549258603154 1037.9212680856272
8422.894081710081 -3299.253996947211
-452.5322513521951 9706.95355951472
-5988.583238186178 -2380.7321276894063
290.28870212931906 -6468.401705743258
8225.556212530537 4204.793448495571
-1414.0589027505775 -2795.7763394585936
-3129.04959803588 2907.0185530201707
-878.2325046371625 -4508.812711613448
-1169.2868608654899 -9017.747254097521
-3514.068105101218 7556.806185525595
-1799.540060371257 5090.5117290190865
5164.508389523513 7956.888769395733
799.3467456295384 -8038.359171817185
3515.7167628709412 6726.75357749706
7486.926630635349 6572.98200546344
-4003.1833544755746 -7194.935584625253
-2561.7029732786123 9159.986872836598
5204.33085296878 9976.226573486008
-6622.349169532998 1385.1027779199649
698.4201495060915 2580.4861911781063
-2256.9832108031715 -5880.854207406256
-4882.607368057726 9432.284968268264
3852.6203234686036 -5456.7015424434185
9748.485402972896 -1296.1708709728864
-634.0434680051058 -1341.2371250032757
-8493.785957607215 3972.2372139100535
-9319.676224054332 -3204.983370118528
-8820.266230474168 2195.034421039494
6376.214778518768 4336.513566262523
8845.829395289988 8070.173167097815
5422.6374715030615 -2358.40896584657
-3495.713397799589 6053.163000599059
1576.0674536508795 6006.241277172503
277.56778106142883 1245.297814233445
-745.5888227085761 4529.314106140029
4926.867651901393 3433.3735730527587
-1859.9885698881826 9864.625103941464
-8028.216272069182 4752.7050384298855
3863.3710177077373 1099.3513124508809
-639.0215830670058 -9238.359346711622
341.94164807845846 -8623.005469638378
-4573.610181060217 -2842.800427367285
-4304.025110027478 2387.1140819714656
-7236.318460361311 9927.842249343434
8136.085458807807 3472.918384812865
8716.79511848154 5430.806948060786
-9185.161850881545 9861.725201752688
8304.610145323531 -1302.1560745305978
5357.325964145752 -9597.79983139224
2712.8905865837805 -6785.413414262777
2633.3563051278616 -5803.807560199745
1884.831821973723 3485.2012842096883
-3693.4684048321005 7641.890488973771
-6721.300214104431 -7114.622739520597
-206.85023867718337 -1341.0755888693675
521.1912454224785 -6376.897316467757
486.522360727211 -6755.04189912727
5470.3174331640985 -6931.899335056247
6449.9565916872525 1017.2057906422833
-4888.245960999151 1277.1886827015514
254.29611863165337 1021.2295459019242
747.7685542824347 -1765.755594521508
-7766.402358833215 -3156.7372400750137
-8902.015932038872 -3860.1426330560253
1155.13770063443 -9058.76691897597
3216.4046852180127 2027.1532866239559
4147.638903544275 -7886.4598871072685
5539.268264049728 9046.695173834956
9704.237671227023 -2846.431938758933
5913.46883482173 954.7509610718043
-2325.625880167523 -2008.1837119969668
4115.424607784151 3655.648182914925
-1618.5485509669088 -993.5780910969752
3155.449079094462 90.31946081818387
9350.758363234523 5686.782967354558
-3427.188612875527 329.5649978005986
-7395.190969495487 5463.865519521012
-38.147944123951675 7421.959431380172
-1919.089959815985 4274.710593042695
-5870.3348355446415 1362.7313977048798
-551.5824813882664 8307.54610753179
-5428.98868784967 -1508.641564200987
7450.813116596768 9377.825696006938
-2643.707127862065 -8307.974943588575
2870.3689314038766 4514.409682988033
-4936.43211759258 -2037.512084874711
6310.840724136226 -4410.969224518731
8045.742637326974 -5766.684278976481
-4783.716576809762 -6798.931264645902
-3890.7618007316414 9760.860493446267
9891.724654055666 -9466.417359496641
3590.576819161739 3983.733635103681
-235.88485463181314 -2474.5507474674014
6852.49971126761 -7576.034319046845
8719.599194988128 -6541.640197417795
-2618.6253097534354 -9969.57033862732
4075.837915638851 6936.336972638321
5952.81601452108 1303.5158121201403
-2404.2596050197853 6239.343026618681
-6257.411605458863 -393.54012763761784
8921.64552222785 161.44731088999652
4795.029638000913 4260.118633365195
1906.629055128973 9697.935903888294
-9078.623217644074 3334.4083784363575
2542.283384817545 -5675.350263015859
4885.544140133154 2491.0118045316303
3529.961068315455 3116.7434447045543
-9354.955520136966 5798.3836947700165
-4984.858518575046 -9417.037746363623
449.92410347436635 -6868.525016497733
-6397.772997105105 9845.442856141242
-2237.2929314723833 -9414.991473819653
-7510.26743549923 -8326.049523055284
2247.534536171692 -4729.448668981837
4413.49512466148 -3112.634156463563
-1513.188629002154 -6065.975884706126
-3941.821726085397 -8235.849305449414
3618.8478199275723 6021.699022396993
-2304.9911208999793 1357.4178094715753
-9249.865449920766 6139.14765939439
-4973.667912514892 3989.1432066133275
-5218.960435837958 -1710.9997181138024
-8434.762353397551 1701.9620806334278
5193.884907855188 4839.789487312733
9351.159183522726 -3924.0997570427717
-3612.498046871373 -3130.449238479753
-6600.001203792766 -3428.7103811309034
302.53330698600985 9344.269842804646
1010.0058813339801 9438.036400534489
8366.898776897404 -5467.34277274808
-9107.727583818974 -764.696610076764
200.99735619018065 -9874.845666257168
-932.6258852049014 2134.582169272928
-4942.615078491617 -5283.534072807854
-1432.6537324782148 433.03888924882085
8629.802960603374 -7372.668050673268
8204.831965816149 1082.9098315563115
-7348.383255617088 -7517.351736376208
2018.8996727157064 -2453.3489585380084
-2386.1497035977372 -470.5370997252303
-4520.314303418502 -6083.567547582294
9968.181325702753 -9630.232813294788
7131.667313094233 -7009.516242574107
-5659.590146530189 599.4209292606902
-4921.96418627415 -4122.294009248133
-1434.937471817415 -9214.050707598788
6556.292392181604 9705.85817698685
-5238.031696079855 4284.354217314896
-4172.16052591213 -7862.445198407866
-6789.224418764086 -8418.50635785052
702.0093933210774 -3347.8072478959975
-2560.442262124853 -9824.00912544314
1237.614431187656 930.8486226069617
8728.793933413013 -3557.9700811636594
-4487.22978969293 2185.0916454305443
-3857.816893072366 6491.814184060848
-3173.604343800873 7899.553550035711
4230.888019170276 -3257.136953934092
4292.443001463724 -1787.9819736452428
-5282.01783825863 1712.728967861065
4510.582663784271 7033.6852462304305
-9244.990928418805 6505.123888842365
5844.707529675034 3016.181437990057
-7247.262060370858 4517.852141513829
8813.290911734464 8600.78613896522
3323.337478036714 -2905.649503337646
-3806.7238102044776 -4360.739563517877
-4468.63219324204 -8842.956985229892
4661.845155774228 -545.4461884013908
3436.1209129297476 3302.126510682976
-3851.941921552726 -286.406300564071
6818.019988670287 4401.804169601783
1539.0232110894049 6113.244281401456
3016.9302380334757 -2548.5998471188796
1982.8972447832202 -365.54828487762643
7970.393696154875 -6784.822437156692
3753.693813387981 -4001.524572015074
5824.956765440487 -6833.887942002661
-8509.489923185256 -3036.970747186887
-8096.0827925767135 7281.25729696063
-8403.541329816675 -2774.942601615123
7349.972168249875 5445.754621121945
2680.2391038035767 -49.23150927089955
5421.401652753282 5534.951007777929
-6854.069674832553 2332.4712274236244
-794.4150843294865 -1314.5164778756898
7384.2635175120595 4075.6489786379207
-1576.2009488976364 2832.603713081913
1491.2700824671992 6348.624437056451
9036.406322089006 -717.5829362066852
7037.870728801539 6481.066083502756
3517.6905404913614 3904.1221804103116
-2863.38819780184 -5423.494401618141
-8045.235889915916 -5531.261528539757
2899.4347758025815 2207.9199391149505
-5464.876334093556 -1272.7847029280165
352.99357893493107 494.3667690345428
-5477.424168122196 4012.2306814960357
-2024.2879903771118 -4889.457342410881
-2518.5659457489055 -1535.621483072673
3243.4241575939013 -839.9467435573097
-2705.981589922324 -3575.1324418607355
-7081.915474379439 1347.0904430126648
-7573.332789147442 -3896.7521492456062
-3713.286898107044 6510.110364726614
6934.61076155999 6320.088234826095
3155.3768163813693 8335.021659606191
9856.22727339239 940.9492395552115
9125.678307850685 -55.708804919664544
-6067.661834243716 -5440.625205811618
9528.869706928428 -2937.711760255277
9996.383209915242 1053.065052337428
-9634.62775454659 586.0881538673439
-3083.5573572378053 -2171.2345036792976
-304.86399477841405 644.8658055329106
-1369.7480047834779 -7112.153919076829
-3853.066780616412 2609.9165596088897
-400.49572275965875 -714.0784656916348
2562.3238656259255 -2978.7550280990117
-2080.116857213081 2126.2924124480014
2262.7064592049646 25.57166199153471
-8641.560309312541 -3081.622112510531
3025.510957302162 -1325.4876658414796
-4249.9255915843005 4948.727528788264
-421.75792504387937 6310.5888051768325
7470.03946879354 -8746.40151338285
9266.758564442163 7272.64345896104
2109.541105479846 3848.493632939755
-2473.1944011605747 7281.125515342461
-9983.32761440905 -938.535079709307
9885.486773151482 6117.633848429286
6025.0615464518905 -2866.612365797201
5442.0246892460145 -7408.002520088177
-4522.217745565169 4689.820535949322
3124.794358472416 8294.092431550245
-8435.772541847155 6255.471305626246
6494.293561700604 -3743.512652586902
22.79824396694312 5673.697227646342
5459.355106173987 3407.9245956810173
-3577.5749854730375 -9890.129871817635
3996.563938373243 1576.5539940880044
-1478.9117856054218 -5741.1521930211775
-8189.490436557648 -9194.275009051971
1609.6644566170326 443.195080183139
4845.143335683713 -9125.929128053998
-1715.4233427052204 1480.2099082859695
4654.179035714857 -7834.488260277537
5752.892437178838 -2487.7928981836094
9861.129928680533 5413.709014443639
-6441.345142875487 -4564.070460102287
-5712.7751528952485 1349.4209428600134
2529.406698741195 -9866.648212210292
5798.107940964126 5908.099721984116
-8222.994099271677 -9602.439155184815
-2482.115698980214 -5591.008822265153
4746.998728888328 9263.785677088312
-1218.2756948257847 8995.895930683811
7595.971407966066 8397.077186150382
7045.900248945585 7633.658220860383
3586.449813023877 9254.524226032241
-6053.218877364543 83.35879293897415
5724.084844926387 -68.68734609598141
8797.974362892492 -3466.9104588848068
-3477.993126548651 -4083.6664213029426
-8962.545614619838 7940.096370854753
-1437.6054324416782 -4575.542067461953
9484.168023022605 -6356.017180319913
2435.459789739978 5538.991005477068
-9263.718017195983 -8560.424840383082
9671.202798291124 4089.2419938855946
1640.873018340204 8051.948952996427
7439.450314501148 4004.537464959698
-8512.47107702384 -6164.965826910944
-921.1519951885621 1827.4159552625806
-1574.0164284454586 -5480.88890357928
9925.630256230812 135.1541634358291
1580.565489290675 4961.423649820103
-8551.850119977757 -5189.82749552523
-4568.112435338585 5108.039459827394
-1646.696635320206 -7583.7213304007055
-3741.119283392889 -3246.0071036614017
-6883.851584333894 -9620.882023357475
1781.905049085437 1192.650879637482
294.16456709385784 -6764.408286297721
-5379.645758419898 2474.155733417805
9022.756715672094 -8091.569068428113
7775.801900707436 8746.69451765285
6248.774120029357 -221.5006815718607
-3925.586171291069 -4966.743874962858
-4456.044385558269 -731.177322533491
1349.9958257711914 4800.451370069131
-3249.6195259020924 5720.732599063294
1121.7017758186557 4804.856048224767
-9754.844442413738 1533.9328446509899
-9381.909226367368 7956.271470244425
6271.724200939454 -7141.308480642565
6221.875861375955 2316.1775712383023
4570.346508761644 -6430.221415655972
-5242.646762944602 -9146.424574484316
2450.4440813462534 6818.159858036888
7515.173550780964 -3790.6807388824172
-9517.331358317553 -6852.111440999067
-9493.237229274437 -2526.060149696934
4148.712190407368 5982.011264861099
-6836.645753809456 1862.8715864974256
-2927.982422584628 222.7419383916913
6542.261086537124 -6823.099660660097
6862.723399933082 -2222.4626135226863
9075.659174861943 1064.558142236845
-1854.6784546064691 5014.137160434802
2994.8226685894915 357.08990414089567
8997.662110715202 1464.0171959053896
7785.3987831891245 -1874.469509003403
-3184.892940527184 -3464.8766630599484
-1623.0297766326967 -2386.6604869996117
-2476.2270240127937 1561.1598470123736
-4757.19410968382 2826.932272450522
-1898.0206883993978 8206.104609154158
-8816.633896317542 5320.370131527468
-3470.8411243249393 1059.0358664719552
-4710.23121016313 -4410.630833052304
5566.6474344748185 2195.759124947488
8431.09870051192 5493.6923241852655
7184.9366280929025 8550.132431835525
-3417.922065895278 -4744.098294584603
2987.1111500088246 -870.6145242667681
-1594.7078899094013 8838.3486252941
-7361.634496964173 -1575.849918592614
-8275.195289000523 -5120.81098134201
7096.6408921311195 4805.30619501665
9875.662391729606 6872.116081070351
6349.582748214207 8266.170197051502
3386.4416263376024 -4096.59158454285
2398.1758183507136 -9440.047071416913
5049.646786568164 -7986.201938315416
7387.568196527602 2598.814628935872
-2842.573872937084 -3868.426332777859
-5929.242655509133 8922.260941071501
-1472.2718303517086 -6472.772337705966
-8799.041691957253 -2890.9742397393993
5918.674547184417 -8131.1187900676705
-16.364120944523165 -8802.010030650086
-473.41397709634475 2211.608960812324
9379.344678183887 2500.092702312535
-4514.247565089069 -367.2959881232582
7833.6619841314605 -1375.3927169218168
-364.30931197789687 1728.823964801184
-3079.3296375457467 -7890.458661931921
6294.300739403867 7819.864255083856
8421.596212024444 3737.3480257236297
-6627.030048400902 9458.322723561949
-9479.641099814704 2433.5238884650407
-9107.648880856555 -6278.197954250985
1082.9627026109065 3587.0861632174438
3805.177089505316 -5229.767962596236
6397.793708969191 698.3246764838568
-7994.850894728323 6278.273536726798
-7710.93634573125 -8549.368737470992
-9501.424435194216 7607.295322783135
-8824.22069499577 -1380.3898364331562
-9061.890111754445 -39.80298149968803
-6566.211454945378 -1325.9100592242266
2065.5753176066046 -4733.717209417951
4328.601573973703 -3509.9488906133147
1083.5390212203838 -9827.724257665273
8821.838048210466 3289.901693716127
572.9386723873595 -9730.517440931728
-4285.677727021782 6735.932263505834
6296.732228672332 5566.018863247626
9873.988323029036 7048.185411045484
-9922.81352014159 -2783.090078345789
6706.921560875013 -8916.609298028525
8907.089742923934 -2346.207306229391
-3434.977371293353 7503.015675074639
6552.820879773517 -8490.148797549282
8443.922992486088 -9525.112064413492
-2870.138407744198 -6885.484837527178
-7890.045398891685 -3205.7433434513323
-8520.996502624384 7836.372118163272
-4294.881500680945 -8123.439967854975
6644.154941931585 -818.3670302101582
1914.163434551052 3765.578515638339
-3649.701245616344 1309.4140828727086
-61.97295279553509 1117.0557967559816
-3897.1736806813187 -2496.007005975931
-7196.924111645051 1059.2771183165441
-9622.883512161636 9148.102860818213
9945.699874133537 -4101.5018371648
1339.8819268163224 6870.244906862663
-6452.990451185118 3828.5301717903203
8641.479501957292 5792.894344829334
-6247.488785893549 -1879.8138605416816
-1958.9865068664494 187.38789238368554
2696.810925238029 -8292.294924228596
2973.73638823715 9345.184398722111
163.54726126355308 9655.66933841108
7642.895995872528 6104.097981861643
-5254.095252149032 -9318.647959709318
2815.844195872447 2222.007392294434
3533.226468656736 723.8143637804533
6226.865616251334 -9330.546184273713
634.3893873260095 -3507.4970177541063
-1663.1463443077064 -6083.554848170669
258.77242959522846 4994.489275970143
1172.6115604907463 -582.3129368153586
3610.795210765431 6230.899767609992
3066.2109598598545 -1245.624127875497
-9485.833375529783 569.4983769942246
5337.501151780403 5269.58350649879
-3532.8641234899405 9741.784083406794
-1689.4874741733092 6538.184265921966
3740.2009398879964 979.3769886434948
3527.164227756617 -7358.838532535819
-8837.12778616854 -2504.137477396628
6619.326895798051 8968.062347744497
-8593.736349484601 5336.686964040233
-8977.036749046954 -6849.751930348606
-3146.5781808819556 6561.083487362601
6565.717070957493 9731.519296792096
-4440.524656799885 1786.4302037681155
8931.97293198229 -6688.418346916158
7338.8305873473255 -8683.156482881275
6107.083839206212 -8848.266776827702
6676.80474847939 3394.2052708736865
6125.0926436657555 -388.9342477024911
3948.238565396505 -9448.748548719197
-3208.043011833821 -4714.638058987018
9335.789154678292 612.7310814487737
2528.9227274388377 -8650.202856997597
4875.75947522752 7582.070864247493
-3921.641312507285 2360.4442316270197
-780.5212101133056 -532.629337294391
-6462.978437250491 -3351.505290603749
-3016.599219930944 5041.975888060542
-9970.63660095178 -5554.986084316165
-28.75778502013054 -398.73192259363896
306.1749478121219 -7997.046723522089
-8913.346970636749 968.7293864863623
-6348.518867819883 -2762.950276104654
-6584.95727475971 -8679.267450359814
-4296.701314251947 -9218.850989600602
6738.367159960897 -2159.0726124618477
-8858.513832519524 -2133.607923143568
1656.822356710778 -4218.508913551908
668.6019011615426 -8947.380809900536
-2473.45076560906 1199.917695146658
3307.321195514325 1599.2415679087735
4582.615564777092 -2543.5651613963328
-9239.36488957387 -1859.2577918003908
-7098.304682998378 9498.529583446238
-5571.304135349826 -4664.12273678604
1269.012332797949 3025.486008479609
-2351.1537506067134 2288.5446277189567
-2450.707458468033 1817.2324781624102
-4176.991954647926 -9207.792026223036
8821.600973919245 5828.207121040969
-4680.724016632289 -3171.34495688721
-5676.886905775506 -4911.645878931848
8382.214106635736 5255.787908083372
-2842.9808244244077 19.779018860290307
5759.006413352505 7248.038575736962
1754.9207585385248 7468.976569029994
-8653.730491497767 2806.9207379391064
3244.2264134805264 -6429.023003212271
3884.9994207918717 6538.125940790094
2156.221662958211 9503.142460762141
9578.766453086646 3895.4770786767476
-6679.365817776039 -5747.23914265312
6482.94338417457 -2779.026252943644
1327.678728942963 9713.990647867726
-3389.602800095792 -3835.9531168802378
6598.715066893656 7746.112027779716
-5078.264579982594 5442.06981748924
5891.818927317061 6266.449599971891
-4284.140195846744 4408.0587540145225
-1021.2885433799383 -7982.26037071258
6409.219818742971 -2479.581745191912
9264.65537334354 1341.1122998857536
6289.839204794318 2563.4836510078985
-9716.921217458856 -2897.719258224858
-6445.183168483326 -5653.4788306084
2281.8505375584227 -140.08328273071675
7787.685934794292 -4387.246046200977
3528.2752894015284 4431.618095751901
-2995.3445249885435 4018.888962419571
9495.04602987758 -795.7406979776606
-1503.5857956158889 4299.519380856522
9749.537246596057 4851.944159984003
914.8470433627226 -1890.3010872323757
-2846.015809029099 1566.1645427906842
-8598.348982549549 -9457.133894030125
-3105.7485411395437 -530.8058885048576
6028.513441316694 1950.2314274087912
3890.042031032941 5573.136690711723
-5583.846249426885 6441.622211153874
6299.562045268283 -7536.530049011012
122.20151440499285 -5673.297935300994
-9883.188458370196 -1172.684051271357
7235.5277058169995 -5240.621052581247
5269.824687841377 -9986.910871864893
-9412.689843864202 -3022.87430615388
7163.340811275291 -2000.4298560190082
-7913.233717803243 -6219.152783365378
9269.545169421344 4468.870552062495
8912.146913907949 -720.1755075598321
-7844.328688479316 8119.139564240351
635.2343990753434 4430.179491060844
-7752.582064693341 7919.2977590008595
1830.24936730023 8524.215400286437
-337.714066777291 -2300.5353652053764
4315.729290308707 2541.8764347574033
8607.093898710817 4287.16779107716
8900.588447477068 1154.4978211274356
6119.10150064636 -8659.17917772782
353.23617315394586 4174.908592460464
-4659.698281792082 -5901.633398711128
-8714.718628229362 -4623.136965607863
8049.6270485896675 6450.385822449345
-9260.99498686226 -3139.323268524048
7837.948339954011 -8936.617034071442
1490.4425380515459 -9479.140331384724
95.91250047875474 5720.359097195786
-3572.4229352266557 -5324.566993465294
7894.822585815862 -5387.8046880181455
8835.789175100359 3545.529695119367
3875.9112677944468 2004.770291495366
-5979.618998176442 27.78936438364326
7423.526239090865 7523.1501462960005
418.6350109753839 -1919.0532395952496
3682.889306394214 -2764.4139841274227
7201.529850195391 51.94355369512414
-3606.738673667056 -7213.537827295653
2337.895163088264 6395.7801075254865
-9957.507025780193 2018.75614452212
-9808.56399603353 -9502.762614848352
8509.092533538667 8842.956125008383
-9056.279240166765 9681.508603327424
-2856.885068523101 7550.811051622652
5483.876878733356 5004.680736531922
3147.3144982895155 7338.677868805349
8878.398865445371 7043.911251070047
5155.171470858415 6496.643038516853
3132.130717956041 -7338.935856705948
7062.5511117432725 2536.003293724887
5674.132492643352 8592.454980018232
3454.9223232591685 4469.094252086563
-6150.188916824745 -8278.718004412185
4382.20062782805 6521.860777145415
7673.3346356043985 -6981.789289114613
-4231.543987691759 8750.97466125026
-6807.976730932864 -7610.505304378621
8403.866975565303 9353.701552406561
7037.052746954632 -4949.081064250993
-6748.531922123502 5900.139395457445
-917.5334451480376 6549.75522358152
-6288.609673182699 8283.838977994717
4607.156250217937 -6814.1685100166405
6520.451814618555 4878.245584840173
9952.111046451082 7336.719972370825
-7874.892370369364 -4797.219837129521
6387.909322859501 -6929.048202088415
-7349.0665349334795 7343.815770722042
-4244.929810311811 6437.077793022796
1001.9649511563985 -3557.8220520393097
-1587.4520186895516 6945.301610826482
-1841.6280396302254 -8249.764672286105
-872.7042282219372 2012.310107512585
-2598.8881067163393 4078.027742065149
9760.49934932893 -5481.160351673928
3977.3493367451265 2889.303366504346
8953.720812735679 -4866.579349815747
-3369.4038003233136 2874.7314007479363
-1509.1436703687577 -4315.348630071876
3454.6777321845384 3520.966793748559
-6390.5259652950135 -2381.751262406433
-1309.2131197984982 2010.6563717535846
257.7364704400552 -9545.954728312241
9372.04655828737 9729.862809616254
6140.792353921519 -838.0038656746547
-8869.846342812953 5725.816914878093
4373.15329705606 6505.168527282953
-8986.162013061565 -3350.7113584453173
-1348.7462577963852 6651.594676617828
1829.022863867891 2032.2920597783086
7083.0207044614945 -264.22307874275975
7295.730621408642 6193.231990466253
8158.961522046426 -6445.467944633965
226.93625834918203 -6371.97933029362
-3178.0823620194033 -1789.2214005929854
6969.720236657442 -6562.917671039019
1190.295140644459 2272.769327835993
-9490.759814990133 154.58663552502185
-8787.762616704316 4895.179282433688
-8078.8173261796455 -6712.354349964167
9375.862808253612 7352.369794835868
5268.527821394477 5939.622200026559
-9426.653840353452 -436.9495950009223
4573.601068138258 -5916.903038055732
-6685.72463244483 -7560.533594823386
-6843.442378827158 -7635.540724776371
-2293.6218312675073 5273.151551594583
5416.584432462625 9763.48135569066
-3030.6346944613915 -1126.8107386808406
-957.7211131433705 -1002.3538271899833
-1279.7116341223937 9801.824330025807
-8327.19620109304 7252.406136551606
-133.51914560985279 8806.187391586463
191.58445360823134 2634.9600574944106
4664.789956966986 -2576.2102010188337
-6880.532572651082 -9309.4700713244
-646.5240363400062 -9256.644515010197
6984.414414285184 8386.538950904804
-1264.1954067629358 -8568.531770386027
6079.962922481174 9161.491393174667
192.02206688175465 389.4052674772647
1684.8426389729138 -8048.241917663279
-1180.9556301876873 -7216.546533381928
-8398.709996710371 -449.11012374124584
-6255.131167583781 -5304.105549172009
-6220.237282419954 -2777.5278211311806
-9862.646846963384 5272.757539482658
8832.909829506087 1178.9503460253218
-5975.325393713373 1998.348313640152
-4598.192388053523 -1644.7424191726714
7767.436326269635 2605.4597265574157
-377.3643280046708 3847.490745907662
2870.037760091096 -3865.9100251198915
5352.115026678468 453.2675794842853
-6208.403504581599 -2219.6202540730073
5345.187404356528 -4058.1712572455353
1514.3459264690518 7431.411886243259
-4761.420509316498 -2001.6637959245136
-1149.8938189745459 160.39929194803153
1979.0395200822313 4228.235417719701
-9186.924621711385 8460.70803106116
-3754.7969903924595 -4826.051227593668
2859.839061497283 -9373.936636634886
4447.18530156644 1987.5795834578257
7395.163643507865 -2561.8046673081144
-9951.824702630574 -2780.2913793213847
-5335.213527042401 -9797.92169971019
-3762.5616483569192 7125.7725109775965
8004.075541936414 7172.845697279121
-7605.690694925013 6957.919667910912
-4615.9155444004355 2547.335442761827
5317.90528981735 -3098.3535321517456
-705.8054724647827 -7552.838782869436
2857.4500914953423 5632.917061806318
-4776.825971292067 -4300.912091999112
-7636.7546895584255 -9087.108992785446
-4651.838540367872 -6277.5954281304785
-711.5039845745723 2203.7645183588156
-1486.2783766470475 -6538.101478779355
2307.3475737774243 -1019.330766556579
-9819.216701040496 58.92445517924534
474.6388202131184 230.94538664566426
-3252.073621759455 -8168.006301317739
-4761.950273211657 -4426.458588874171
-2504.859144562901 -857.8108926247824
5523.463229902709 -3502.324263148126
-5627.166371871602 847.6369965222148
-2350.4772868488444 7411.319782384438
-5043.481171335277 7305.160480055936
3487.524995246913 -9493.542884757451
-2889.7143883708013 -2743.8436210260943
67.94412624945653 5889.480916129254
-4750.21764933542 -2562.369989317168
-8254.97091544358 8991.504267674973
-2431.8681429454837 -1611.7534808901928
-7933.90892390941 964.7584111305932
-8814.174492987971 7673.143019910232
6652.237835488842 -5412.339143993759
-2091.676730425196 -7369.828605961335
-9317.528007311832 -1857.4560843206837
7122.719473161749 -1255.8659493795112
-5016.764319870693 -7203.560785953642
-5662.4833003142185 6884.490126812187
3260.6249095849307 5206.717646575949
-6032.821261437775 -7104.0958152012345
-327.33240652249333 -3610.2000013667566
-6814.1861327549595 -3590.062851571365
-9275.79462465185 332.53800934630635
-9978.020835158291 -7749.943154250324
-1622.9169069001873 -8607.69445269462
-6660.739025965714 7431.075608874195
2303.494963979445 -1776.790136702457
-5055.055586492432 -491.97732524456114
-1629.4891623231797 -6217.73556272371
-5208.268461993417 7908.349597159904
-2271.056749729998 -4089.237029536781
9085.13404240736 8885.300569502248
-3710.1173118054057 -8947.50505228954
-1918.1792806750364 6859.163785049837
-2092.6157951789028 4861.859426993213
-4538.151832734216 167.03191331775452
-3754.059822874571 7771.334009713264
4380.372330247237 7620.61501135696
-9903.462956459765 1029.1587848164509
6652.083626673622 -6224.460000070378
4815.241206265166 -715.4852733255084
-9005.731561908873 5444.494735747645
-1406.5739211664968 9488.863089399369
3852.0617622492246 9740.458686333754
6428.897385375421 2698.5380062967797
2052.10081618356 4815.196564686026
-3047.658322754927 5305.073074625499
378.4533646170603 -1537.930387504808
7673.665047704206 -713.8351857843572
-862.6462950065124 -3118.854754738256
2747.96599291669 -2738.4298589731816
6874.922834074914 -3841.5171016820677
4021.013052964281 7454.648779089468
1634.7217577119518 2390.379690404561
899.2899029548826 6101.659977752299
489.6264943257502 2887.2760372466746
7499.793841109866 -9582.65823145767
-8444.813178974062 -9479.091929642878
6569.948539369063 -6083.306800437678
5289.27384611235 6032.223959785839
-1171.85185094002 7709.292612872814
2605.4790644774766 8996.465596758393
3660.5933500062656 6323.897518129881
-3824.6042111608576 -2854.2606923644717
-7479.744898440576 4687.462804226545
-1732.4501655551958 5878.296461476115
-91.06640342455103 -5925.8621379814595
3568.427255914763 -4962.347237513957
8483.566880010872 -843.8091779601928
8653.676232707454 8423.58683125049
4613.067159338005 5730.235239327752
1125.2418844004478 -6999.045294655301
8622.145491921885 9258.519524720348
902.8291169687473 9401.173787554559
-6.271062802588858 8056.464780689046
3755.7576385919747 -6934.873290667927
1961.7272847436307 -8225.976228197602
2883.9228841698987 -3744.8478046497403
2211.0792459621443 -4240.136392407925
8204.237746086721 -4832.317497306235
6812.140326337354 4963.753163576861
4971.576796818254 3507.0096055520535
-6948.34292375236 -2776.031185287611
-6539.082660142274 -5865.4487736985875
3482.702232996304 -4897.079941112072
9660.009342407655 -6213.0886761113
8301.127021290795 7875.610697790329
3269.5749494798874 2359.92008919179
-3933.77926396139 -9158.042854171386
3780.6937470257853 -2115.2418486171127
-6181.559287170792 7825.3900093947705
-2003.3230001440043 1076.166117173785
6807.222332724534 -5463.430191356709
-6910.599843460012 9211.64921094053
5327.038148051639 5422.460946854004
8127.719377970941 8104.501399621076
-8429.966452312188 4687.404436325869
3988.2414305855054 -6937.635532346034
-7061.2832506823615 -6635.755070602754
6656.3910967779375 -5023.043685926054
9922.344173948091 8629.96551581387
2148.3601326882454 -3930.4966193755945
-3574.2072054052996 9001.701786172205
2632.186947965729 -8679.677697452662
8349.870314171534 9615.398035907154
2798.8726186646454 6239.89354884983
2257.173374556205 -4519.215544736495
3132.089255327448 -607.3116350765431
117.74733630474475 -2577.2347864091726
-7552.302177147148 -1036.0952540976014
-1586.0235217013014 5360.695023692304
-4078.050058183205 6663.18554175696
-9705.723922321326 -3356.5522453540943
6799.895734026046 9388.284739138911
8000.312446238575 -6650.421509676913
-9926.808021069053 9325.571614720146
-547.3510155593922 -8221.717707736489
-5360.8593726552845 -3456.8529272379474
7664.85530243838 9798.269846483825
-3199.537823436054 4636.277300561906
4566.277881283175 -6711.925992768788
2437.955385303303 9613.733021928776
1848.837023467233 -8407.27763743639
-2214.1487472739072 -5032.456664412768
613.3516974561699 -6261.90056572042
-537.6711552159413 -8252.42284783451
8876.07373552437 -7914.25465861906
-6744.684921575934 -8533.73459480569
-8593.755199051086 8177.231924960197
8136.344142301332 1787.692879833594
-99.33460940781151 -3291.329267075109
7072.916166341136 -9790.817873071166
3161.409780258491 -2107.691993182677
9432.440441583996 -677.5861245957349
-3272.0177653154005 -4096.423575772461
-8881.486214817436 -1254.9780014886728
-674.6337640766596 1678.3648740503104
-1947.0635373860205 3442.508152320932
-475.43185493713827 -7983.3056093450505
-3785.475400453839 -4085.758907970023
172.42463664394563 3765.3718687889286
7168.436557140918 596.1906994303208
432.58651744858616 1793.6215385971009
1867.3823661947372 -7163.027974885208
-4310.240366609323 -7457.919623274187
7478.748494849016 1932.6674440029892
4104.429988420901 1116.964853111138
2089.3184375787914 7959.811370925578
5265.463392658705 9217.617529425632
-9638.065847769121 -4475.17834882535
1173.1228032713643 3627.0421077653973
9566.090858428088 -5947.930832986593
2695.202431978343 -9438.547839631316
9877.122119332798 3861.683742467836
5674.138157584897 9866.262150646391
5436.28425329536 42.106939830036936
-9976.89729261213 -5137.651576729448
3386.702969391501 2001.2945961439764
-7565.742614330679 8587.8186897632
6947.808737905561 -4415.609263834448
8732.487777081715 5246.946397583111
-4436.464538531292 -3225.4010092913595
-4556.904738747198 -3130.6934583613265
-9742.780692864104 -8752.12321339643
1802.097026115216 9498.581662451554
-4451.212747675872 -7569.011655971641
-6777.086037765021 -9328.099326178834
-9362.516216531589 -7783.634916040556
5143.40564713499 516.9749683940463
2026.0361524591426 -6883.884448698103
-7787.6433295663555 2485.7166908610234
7359.822119844881 8391.439544872039
-8065.3258929258145 6559.416653965589
-4022.7461365560102 -2427.3847695525255
4179.720526892119 7701.974170010824
5515.244693730972 8788.61796757394
-1632.6492680673764 5404.070529173539
5886.3019567510055 6454.347558788875
-1318.6061957869006 6352.594758227022
-7958.590146878047 -6882.653899770019
4320.453202430121 1576.020531801767
-4844.43781978157 7644.789323847162
-3418.9127017146584 -8142.14281820993
8220.430884494406 -1564.5533350949154
7478.553039687853 -9223.311098275588
6501.325040914355 9970.205422293726
-4354.51981849099 3422.7322884356054
5913.255792680022 3768.6646550971345
-5591.01187133203 657.2448580295404
3093.564263955046 698.2165322559686
4231.905998549273 3722.5234025575737
-203.75723890308836 585.9187088145391
-2886.067426067216 2076.6362493238958
-8794.278476917983 7212.396044019712
4083.706944339432 8518.44330901454
-7134.441294371858 2020.8931696116888
8572.937759582812 9984.86271500426
-5859.875576807898 8253.51420949386
8248.875399840632 -156.25713570113476
-2524.9760604055527 8730.59538971155
-4208.415810263819 -1927.8805994005024
-7805.3338460615105 5118.057678098185
5137.6172727787325 -598.9761082955156
-826.9679977614323 -5718.505440799693
-6128.142167602833 -3675.565019624738
8436.367261399486 8204.652661240936
4734.449711366089 3811.357170705831
-4395.837845261403 -2046.1195264967528
9619.88204941442 5626.425728736414
5047.4510861768795 -700.9900907307456
7980.4714635191085 8355.833855846904
7741.119109597315 -2144.943712047413
8206.623752759824 8551.798483327482
9.54958963032368 -5011.977723743599
5341.416810451645 -9149.828417612149
5712.6167523669465 2231.9942839248924
1397.2103832582525 482.2205160759204
-1108.3278403090444 1593.6367817991031
-4422.866119647597 -7706.995362910647
-3507.1644958269535 1874.0807652993499
864.4693484533855 -9804.818742536983
1507.5575452276862 -2982.873270217343
728.0960358523462 -4071.5224857687635
5718.075299403392 -8503.427893831187
5102.322194403036 4061.4774503239805
8208.036593026205 -115.60958735302302
-1665.4144981374993 -8636.226827603477
-9103.76662000922 -7004.608504178098
-6545.340099761159 -7007.0606231070215
-4425.971232425199 -8617.100572086101
-3095.8359630358063 -4617.803644801333
8274.728135597485 -1536.1135352228266
5775.31860627346 6281.028096266969
-3724.201213387554 180.9214963811628
5643.061917316763 6092.439566192868
632.493869793605 -4137.82639135623
-8765.214706266022 1466.9250612944343
2864.099183853961 5819.646024149801
-5532.893854259169 -7945.347491815962
-1738.3249768940386 5229.698193181768
-5210.743547804995 4383.741220842145
258.8196184180197 968.8329765536291
5307.815429651882 3023.948984671648
-9595.358694237233 -1668.3689659768806
-5172.323578430495 -1488.5281061706828
-3299.2248501278664 -2063.3868428540673
729.2889499783087 -6048.034333855292
9411.950631882966 -370.2721987710138
-9487.621406257542 7785.320199645557
7932.250573130077 9824.062098939787
871.5040967749028 -1112.8970063232027
-5113.115562820698 -8531.724026634953
2328.9533294847824 1998.0122020980434
-5628.068607011835 1715.1781942545022
4735.663157676196 -3585.9253075250244
-9917.819963250118 -8634.244067625
-5639.027518744854 -1063.2652528569324
-3950.1562520577545 -7707.11734899532
-3172.79839829679 -6726.612325829376
7814.583859969178 -5697.161705309965
-8194.809645786443 2395.314532187351
-4932.06896814877 -8728.33003536661
5172.087960789995 -2198.620156412703
8162.855434459678 -2102.654391017749
-7757.150941096551 202.2689401794687
351.8863938451359 3037.5370733504005
1722.0391274144768 -168.5637523308451
-4785.159855297709 -6643.1984409189645
-5817.287888760383 -8594.651482618707
-5540.125621526895 -8114.191886040312
1164.2800276186517 -1302.9842983349718
5129.240786278269 -9900.808518876369
-8608.548895985079 -3246.7997130647454
7213.760141431358 9247.489949482831
-848.5358137663134 5977.108181240048
2777.7117527536593 6932.564635027946
6527.011838760485 -8385.225987708445
5918.47160525105 8294.7722566187
-4032.6097469289434 -5375.25367607518
9232.89946869974 7684.093843720129
2590.583401067812 5477.099857553045
-3064.8737476804945 -3683.6916126726173
-3355.869142116355 -8880.798985671172
7368.055141034583 4169.228155611385
-4287.203878827304 -2837.944166488406
-1626.4623621864448 252.8936237993039
3546.2039454747755 -7717.516050506792
-2166.15313055365 -5608.443621069241
-2210.2291401719176 -97.23981804377217
8669.734362999723 5784.167653365968
2437.410558351272 -6599.220142759383
2677.9907805840794 8864.005669514201
2484.6516707418577 -4579.797830356347
814.1150851418643 -4643.027663260355
8045.963406845702 -708.5629246498138
-1126.6692400260126 2942.010156992079
-6889.762723939092 1140.7465935230484
-3004.1418516320737 -4454.020771825391
143.53123718512325 -5043.861878665994
9019.993151869643 -1940.741259197418
-4091.6576369037894 -304.8705080807231
3429.2223757465854 9137.221050181139
6153.822592373468 -2539.1211883684937
1487.2327389604852 -243.33744559715342
7241.514420571475 4839.573955767093
-9872.647012434492 -7674.852607162268
-8693.660212182262 -4316.621694943745
-2739.3924519820275 5395.157934627801
8212.72624474244 2939.651134192689
5389.224864725265 2413.830644694075
2350.9187989497277 9568.54460599801
5760.096558229707 -557.0287615345969
5228.672664889962 -5842.4916750106195
-234.65706630653767 6412.948236763117
-4151.310987982723 5532.622521574518
-3105.209443268249 -772.0280759772759
22.29892010302683 2483.0926715509067
-732.1685551016981 5919.163779327682
7055.073154656733 9656.649651317188
1619.7825860533267 -954.2593150136072
-2349.8231311090303 8749.993995936817
-7409.471506260909 -1326.4651878122604
410.4510756194577 5309.842486201909
-1739.1235439332522 5513.974137968651
5980.364361156486 5776.530372250258
2104.718599174146 2185.5710891782237
7654.117972065193 6843.537450551135
6872.746172656116 2063.849722798688
5186.367083312611 -227.29541063741453
-6603.8777777389605 9814.567094270038
4577.154922342344 5996.319543442874
-1103.8336051746792 5458.982596951735
-9237.172373749245 7153.6549581535255
3108.7742945516 -5301.164458695227
2429.844557842118 -7349.050742950351
-5620.06052911008 2232.595352954946
-1421.431909511255 900.2216087555134
9861.407509472694 1923.466597756984
-5000.7513112347015 -3416.271971864744
4033.1461690192136 -2066.48032602446
5482.613511403368 5607.262014772188
-1998.026510323445 -5682.762352576298
7372.580270353781 1846.918115538756
-1626.6589665869487 -2928.329723048606
3978.8169054467235 5360.333164669391
8965.92339494454 2269.296395284
-2598.0115384234123 -9575.158188322443
-8763.675005190566 -3346.4024075174393
-5515.287822830397 -6418.633482283638
3.8725899661385483 -7043.751165049168
5886.3872256715385 -3195.7081748585406
9913.109163061585 1198.759381832253
3690.222691496956 -1016.036255499992
-4955.725338132511 -629.7330156574208
-3514.051242270315 99.86805665479733
9179.704367631566 -7872.8704878268545
2531.8459396257895 6778.939240378291
-2543.267463944945 -5461.149854829357
-8615.112132613034 5374.876330768771
-8514.641430622258 9408.765463976033
2297.945530257659 -729.2755521146391
-518.4338312041909 1326.8630855324263
-6281.8370768530895 -9201.594949380777
564.8649375658752 8365.968437895943
-7619.2348769168075 4985.275026627336
8091.266502250604 -6788.528658850639
-7222.283642844991 2279.2083345661777
740.5667387946123 -481.34519616786383
8190.804327915972 -9529.910202794812
-7950.538432118672 6420.602547968963
-6986.115937761122 2217.0251621070693
-820.3141449213235 4363.56396783194
2749.165374940265 -6093.020631540152
-66.98883808491155 8825.561303239545
-7152.407939325138 4011.9492298000823
-6627.400859370365 4977.932873409023
473.50834429582756 4678.199782075295
3882.868644773056 -4021.585900187214
4308.9732037622725 8972.483961972714
-8902.316376875388 -9661.747472808735
-3326.767447850645 -1973.4170256413881
8849.322860880104 9684.779132351781
9518.020940561415 7262.904678520979
-4861.635853265576 7244.743470991343
-8730.487506255815 -1049.71390524462
-7902.750060922239 -497.3587545099508
-4977.087830181461 9530.550890680232
-9982.021944797858 8742.165143180362
-9744.187949945961 -5527.217608789017
2737.0021261598176 -7442.18763150722
-9988.3803592991 853.6735582936599
-6981.908444675096 -2072.409461971958
-6585.499558850892 -1571.2749103321894
-3953.4450799088636 2066.6745447779394
-587.5590010180767 -6349.530630832236
-3254.1157037191115 -9964.233678703844
-8194.799065530697 -2093.6973435278405
2350.5386123477747 9956.817407186652
7899.067477497076 1189.9151021235302
-4483.764833973441 692.6881716210337
3540.4890855904414 -4513.286258263023
-4778.218682608169 3976.2052702094898
-4184.178735338697 -1654.9609482842297
-7185.8728186894 -6771.98715292366
1364.5701785736273 6421.386897956778
8770.984085289456 -5318.510286628377
-6961.3200694912575 1229.2457054732276
-7896.998656714216 2936.9333191848255
-9449.43826680798 -5112.429459299752
-1209.8410992242334 2696.1041680880153
1787.7221594520051 2356.3236480861688
-1755.3177473515716 1182.141603014139
632.0043386258621 -1537.0875657759807
7515.449121693815 -8371.246747052315
4406.609145908122 2964.7598869397843
1796.5022270427817 7226.505476613816
-515.776448323888 -5040.335847388888
-3225.0402671557295 7042.929346424746
-2875.264843069521 9146.984761967262
3451.2438834393943 687.0805891846194
3271.174016703035 -9240.87362798955
-712.7748361884078 6868.0803178461465
-4182.330186367549 3424.174955557626
885.5343357241254 -7498.910931379436
773.3836279568532 -5213.036260941571
2875.932659071872 -6356.9472900248675
4781.5111414156945 8407.238318457341
5282.3114172416845 -2705.5164053825556
-4387.371555528006 7270.013664720824
7366.53297226159 3982.432952935893
4536.78848107778 4184.601917924701
-207.01788547989963 -4956.276273348619
-5111.039798494426 -2584.7844465382195
-1069.6387097043407 -4343.58298768556
-322.4780571517367 6077.4387959933665
-2795.089837791047 -5078.606861223982
-2254.2862985754473 9151.28377389698
-8358.108036424634 -2325.170587966485
-7218.919971374669 -5597.058715952688
-920.154614134437 -783.7236450967721
2378.1142888944687 -926.2531424758527
-8985.248412897687 -6234.083776616346
-4605.5505939688965 -7113.712760588711
3628.928911401332 -9781.474724356309
-4998.881495272904 -4266.013784534006
-717.8798817849547 -5359.461227738895
-7887.45301433641 -2638.097271177684
-5410.10676467827 7960.53960380183
9292.10409992636 -5587.110441750214
7187.138466288376 -567.6033206917527
-1235.8026251282954 1404.6640972191708
8372.086655212195 -8295.818524176524
9824.041461208573 6519.749775361233
2048.953581216627 -8295.104488886935
721.4036242571801 -9468.348559622658
1734.9426937311327 3064.9577940223244
-1995.2324530804153 7757.034443374894
6870.02171119495 415.2928725697693
2347.529720869814 1615.087032094816
7265.523866550677 -6336.21524456937
4037.986188986153 -5808.353860425679
-9749.704060763237 1226.744924079634
3600.028555752735 9147.07832404839
8920.760874541273 5196.972393437009
-6578.372368258445 373.3063294563599
-8126.074327512778 -1441.123128107054
4803.3330747460695 4996.7935555962595
-5099.982982324515 -5184.959799210298
1499.1790933221491 -1359.3207202574504
-6665.911319658864 -6232.492687113471
5607.5385287528425 3300.6948070529106
-9886.405112366305 3700.9988189075084
-5420.374372025809 3755.867424187507
9061.584100483291 9844.141488415902
9148.50381417671 7126.450126212865
-4487.178753936896 -8261.279067982641
1141.6141180489594 -7992.099852763111
-2877.190755966246 8025.872716268055
7424.988643864443 -1448.8452229443374
6547.324016228835 6162.02249298081
1637.4756507119164 8925.842197418388
-5347.25212614188 -3293.696371913162
8908.461840831784 -1205.5160145333248
8015.1347618112195 -2924.918259334848
-9587.278060635384 4742.145334646106
7688.592340190382 -1961.8814163184961
-5598.802653906043 -9952.600368686031
7571.237584133749 -2265.176754802478
8256.647915561218 1746.870764426285
-9830.377371731585 2617.9348338329
-7841.712280550202 -4362.957946599131
-4839.810086039586 -7514.109582355786
9099.66315496411 2673.402535877589
-8131.0226318831865 7644.049348881486
8289.197535993688 168.4271814603253
638.4407485068386 238.8258228381037
9372.973683295982 -5743.7156260628
22.92570507391065 -1062.2841117425924
-6545.5151819235025 -3716.4262457886443
6851.970170676184 6382.094801836962
-6453.752892365803 5101.7975894684805
4423.280892650591 2218.5672910858575
-8126.689031661207 9678.689629328812
434.8791284313447 1018.5695075614003
-5641.123192448196 2011.9088123511337
738.5709138170205 -5975.182884006837
3657.368386618762 -979.961482920351
7594.548393931225 6417.103048642366
-8739.522911630187 -6097.788401230999
-8170.406865774989 7668.861719722867
-3513.1512304444623 -7600.88758181334
7148.995829354182 1569.8115900849716
-4423.768263452319 -2545.5106833281425
-8175.019934620489 -5381.096657369433
7644.0766563304205 6967.738995288277
-1917.9442035803795 -3254.3000827685573
-4087.2815082550696 3644.51784719673
2722.400112023033 6697.228552700242
2420.4364347730425 3393.740366870288
3882.006707287057 -4068.7536255209734
2319.8427534286566 9285.74280759408
-1718.9845356366368 9485.761573069572
-87.78963227071108 -8222.220145392901
929.2701068087099 -9951.421636101108
-7275.507245241446 2729.446704200511
-5029.169602860108 2329.5129866270618
2220.964347579824 -9327.991446371629
3198.8062407336583 8841.857444455716
-9848.447349131935 -2137.9638983565737
-5255.4584436655305 5328.559882957363
8074.09342537645 5841.14959775317
542.8332251299889 4322.504769939154
4247.895142004876 -4459.924607309896
9397.529008951773 -1290.8257840926744
-3118.8375186193753 406.63571449781375
-7180.506569481591 3663.8890355507156
-4375.027951755719 -3396.314218967429
1281.6060441743884 4964.724261178315
-5758.338614959677 -6985.570849785609
7133.091364763142 -5563.897842172356
6535.640698504343 -4391.0578291032
138.1517491680279 9156.98039634366
-5080.198780495495 5667.148053828025
-9548.472586728367 -9928.553503024972
6400.837547030638 9419.886128732767
816.2537355736222 -2231.556314802585
4301.9755380713195 7861.125270286044
-5133.440679858925 8451.262273554807
5701.733452812421 -199.21492232345554
-8358.511234747974 1496.3253595894894
4352.515760866732 8669.022589105825
-2237.496301137232 1504.717349475186
-3247.007981124033 -5850.740086645609
8200.958369516837 -7621.198507893774
-4916.64113230319 -6591.372557784298
4159.014969651913 -1289.8177862237299
4872.756933255123 -6489.094013686305
-7689.787574172527 -9355.830090329873
7553.257836474862 6538.457033626775
3493.5592274202772 -7610.177673066621
-1535.0083542642915 2016.0357491267787
927.6824055380239 1673.5293200810956
9412.158496596363 7420.79197774674
-1890.7883542257368 -2311.9751472789576
-8470.202230791348 -3120.838692070133
-5217.753025127252 8467.611426863215
9006.36803125637 -9407.231845836155
5713.399838438963 5124.288802115285
-2882.662523120516 3101.8509878961104
1479.5619445249704 -9991.612952479341
9060.135966861766 7186.149600770255
3073.2204423862677 8611.205304031908
-4759.014758912245 2019.575023161151
-7147.231243611598 906.0735832997598
5949.279589055588 9136.408917878663
3212.9529831953096 -3171.8520623298537
3765.3313537634167 7833.175821804547
1323.217824154328 -7277.83290926508
-4417.524333412961 2821.738154213055
3379.3957537259175 841.3020764335197
5784.664213401407 -8734.422530629225
5036.825237620475 2359.125856040613
-8094.159263210332 3772.6170944623664
6040.647915645008 -4139.34130837309
-7992.442456128186 -5515.63261166426
-3458.312922495579 -2092.673512547014
9046.427943377403 9092.561770266235
183.96628017680632 24.592774216600446
1663.1855066333446 6430.870926478485
-5227.416589335951 -2660.0753580103183
3110.2664056112462 9230.682945542263
-4821.683045696603 -1897.342067671615
-9555.010065483504 -7303.654615935131
5107.985334670224 446.2382724875788
-5349.433509813694 5746.6718845943815
4467.25045779804 3007.2159816659623
-992.6724339726479 -914.081723883668
-2734.797046912913 -605.7182139032302
-2178.287058421506 6708.846581178725
1357.725116677755 -6995.4673605100925
530.7213593267934 -6989.105895503658
-4200.710412443928 -1686.925188456682
7234.679225978514 -3634.1231999520414
-5829.501155204286 7515.956798234936
-9128.661450570362 -8149.943030714908
2971.3316143771663 -2714.6449905795907
-1470.522257016466 732.8179799065911
-6982.277089154944 9399.81851271923
9810.32355109202 -7579.410133092077
-1248.2513805849067 1141.3104271817901
3680.2806012786496 -4267.925117504367
5473.356163366949 6604.658557663628
6918.60732785019 699.2393455925594
7724.227447571047 -1556.0321633571366
7048.826357536589 9529.92280156491
3402.024519349361 -8915.574863490734
-9447.175541077004 5934.350388934177
7655.917373845066 1056.8521086284854
-6798.251840174165 -4290.789058258244
8211.956854996435 -2133.7423982028267
3497.9543090347306 8289.394386690514
-500.49256096773206 -315.45006667099733
2507.439439813681 -1081.128242259172
6797.612120476901 -7838.517811725933
-6227.681722071347 -5841.384787402395
3592.816604345164 -4223.20512184547
-4471.913514421719 -359.13898706461805
-4562.36268910671 -2589.5536754896757
-5889.445846012078 -1704.5791123115832
-8178.48267902967 -4813.293653409083
-7777.508361091559 9715.157265117963
-6086.237080358227 2151.815183089855
8640.194631350994 -3105.855790222836
-9489.382344577916 -6026.19922904805
-3024.6857862689476 -4736.56086902847
-2883.720768305373 8606.957780215955
-9732.524067678602 765.7978904406336
-6189.669535683091 -8257.593142526839
5468.349452277775 8652.07395446215
-3598.2970858041917 -9129.956844451026
-2712.004005133197 2748.4465370780417
-7658.048965859101 -7093.896634346613
-5590.523361055537 -3864.9683886856765
7968.272642541688 -4405.5223315897665
2737.855468576221 -1507.1737632128588
6869.369146436584 1268.807216975978
134.8965394432962 -7182.637113767045
-9485.114247465202 3066.302600063442
-4999.100958280702 4763.8309503942855
1761.842199387862 -1686.8607933991807
-2899.715930205327 1579.8530257891398
-550.8899625773229 -8444.819733012526
-6812.312786467248 4398.492748085819
-1986.3480810376832 586.6887056598353
-7723.515441602455 -2394.5156097958225
9909.894750350231 -7166.404565556033
5801.820653737808 -7938.917007406017
-9413.729454468476 -3423.197905450288
-3534.62630572769 5148.331472935988
5870.599284818487 -8245.110344570881
6209.243538123401 -64.04281995206111
-161.33545744164257 8464.526000609229
-1448.4909223198392 -1814.4889645685726
-2412.02672056714 7780.763519951823
3426.1499393500053 7498.767117176005
-8188.64588632037 9148.321884936377
-6294.802212450246 1592.8149472854475
-5337.293827500977 1348.8648867623688
-8258.880785226012 4506.67014851551
7129.859704016937 9928.181710628061
1552.6068388337408 -5515.350477748113
6977.175929435965 -7028.912497350626
7687.104321435694 1348.1535988866963
3293.1589874504916 -759.2293750708504
-4671.4633771106255 2358.9055130797115
-9223.980710098913 7953.21253555554
7878.899447046089 5893.1090621702515
112.77612795721325 -2163.7806159720794
8027.485843133432 9687.386280909868
2155.1483402136946 4626.508634944796
6231.710738103471 -9016.230811784715
3068.133820293673 787.1917079266022
6568.6353406346025 9592.416365055542
5224.841271401401 8981.922002590149
-5923.544827129399 1707.1441321147358
4343.787364927704 1720.8515292981992
9990.370232185316 -7749.742776157036
7212.529595258413 3597.479388783797
-8312.58700052847 -3410.4253609882408
6314.169941394823 -335.64363316036906
-7310.032393495474 -1338.0447964438063
-2229.094344573341 3749.527301500091
4737.860425966122 1854.0283488496298
-2758.5270456567932 -6105.498660002475
-1275.921709178252 -8567.75581517378
-5243.018800449395 -1401.5635470108991
4199.302767255214 2880.7671720763847
-6047.714598963061 -2817.860093434919
-1814.3776660983349 -802.8674171321563
3747.715336087127 339.3921981339372
-6800.062135081768 2012.0085954264305
-8741.382822337373 2822.000028573473
1672.7241845621775 -3659.205680315982
3557.8398106006352 9208.898945968223
9357.97460419614 -3158.7946584766714
2888.9345945457535 5838.531235707731
-6134.682804476745 4642.39418969918
-4974.490389120468 7237.622129907588
-3894.573639556389 -1872.4312253767093
3694.8283982619614 3758.399652542943
-7774.9614857437855 8493.466789906415
-4668.603744120132 -1359.807709175533
1518.0106067625456 -8523.536990558956
7898.943017784455 7340.2585612151415
1834.0363910786236 326.4798830248292
5116.856397192156 -267.40022409672383
8166.775856245375 -8073.708907935879
3149.78867375721 -3347.5805365617425
2388.323334128212 -2104.797890190004
666.7983034436511 6267.797603859477
2507.0834452499585 5582.503935187444
5149.066409139676 2889.048084237613
8361.292224077817 47.50517395585484
8422.865892321854 -8919.853189087546
-2679.434221830652 -2560.6524347785344
2617.1245510688677 1315.5113243926025
8353.024496887982 -7368.78122339685
4092.578526850726 9929.323467223508
5725.689881222759 9529.98577100502
7362.1762151496405 5733.500349017153
-5358.98608504144 1173.6709570901876
3620.032382525538 -1565.6894976820677
-9727.450773164526 -1454.387927451593
9218.903961611235 -143.44820404297752
-1052.0674982214514 -8024.4671379809015
-1716.191096493223 7988.10679123595
-4362.493135318781 7064.184374247576
622.0685485539543 5986.59750683898
-4557.939478692283 8259.595383866916
-8812.300418253868 -6456.227681405242
-1566.6783873601962 7529.401138378136
580.7590675948759 -3617.839258862603
-3013.991879729363 -6984.89600721631
-2590.1209828117235 -8837.565131239324
-7349.627851895084 3120.54812197331
-7181.10172210734 -2291.168190709285
-4350.643971973762 -4821.727502715623
-4923.847668766354 8213.887043091647
-5755.384627745164 -5346.161761815191
-2152.366579685445 3962.6421283145737
3500.8320543458376 789.6060807902595
-377.10228426499634 -5879.60526888768
-6612.107751406775 7655.872244126313
3735.2395897591523 -1743.0376656249155
-5304.342812737877 -4231.345501261756
-1484.6684691824903 4534.343005361414
7896.218233430813 -1250.1582267827744
5340.153281410985 8863.553737570284
-5126.319435480602 -8053.177942076506
8686.72224722476 -3159.653621773641
-3648.328053350023 5495.102861061185
6772.770192486252 9898.392643907126
8883.934885613398 -7001.139819823044
3964.175431074018 -127.55314269246264
-5566.48333277435 8820.741333865422
6851.624448210936 2042.8969787336791
2851.225428474918 1913.6648507064583
4746.613831549019 5737.022118267236
2974.172325158037 2193.7613376792942
-7680.419795653222 -6308.823326235138
1600.3921354009726 -3354.9921175531927
7200.585349237936 -3367.9639766093896
1255.6667628377418 6662.514354144594
8585.655626226962 7913.935612833597
7453.858677345779 5582.8232536663
-5760.487634179505 4553.248589407431
4062.192133137425 -4084.001658091852
2758.107961442791 5629.648833679961
-8581.901128532998 -514.3253810455972
-4447.983446083683 6778.015099604487
6004.386117542284 499.6528430512644
-1265.5962705432103 373.6387575966255
-7225.356251228961 1515.0316583373533
8944.941439483548 5017.297871276756
1630.972325275332 5328.269411885298
9113.698423946702 5055.678763603188
8091.255623439316 2011.9764472632814
266.69357354647764 1126.5160522104252
-5156.626850769541 -363.3491949399413
-6302.551291925438 -3903.253760160057
-4331.109476471606 9656.966469122235
4176.536953604878 7265.8588943968425
-3871.069815272652 3508.636353183467
-656.2111999456974 5335.551193679485
6440.080848055484 -4346.72082166693
-6974.547240181235 -6599.31495255009
-8871.647509553064 125.12054539976634
941.2870256662936 -4904.536403671995
-2665.6453072209715 -7425.23451927934
6114.200685449005 32.6370452161882
9053.014833551275 7871.694615088549
8267.716768289698 -3197.5301352485803
8126.323858697488 -5481.469666307217
-3405.795493528114 9052.092484969053
4467.7418445657695 -8553.470931576408
8499.457346066196 -1455.2235587082323
7782.063095052119 -9796.825759560488
-1723.122542765932 -9397.42235459097
-9045.31273998266 -3890.8740991276036
-862.8425923617706 -8035.3101692722785
1319.402905102148 5653.215479792178
-382.9716145057191 8847.770854314535
-9826.052096303147 -5789.434851101949
-8886.716024332472 -6126.60343142569
-6802.234529996218 -1889.6831378132765
-2864.0412597114782 -5468.284757410948
4836.528290061886 -1854.127415206679
6847.179447775845 2979.269649155047
8253.166466096387 7811.945347030425
5549.886150558732 -2777.125694974953
9105.28402675399 -1130.8732055907458
3013.2525153343176 -2879.6746657235617
-3805.9928844791484 -721.9100489555003
6869.311651527467 -4867.354416806015
-5060.530116475381 -5888.058464583445
-7212.067686710943 1391.4531457477187
-9326.716731213082 8746.659279335803
5734.963187514644 5398.965741771011
-2101.4857029555014 -4554.063599544398
7341.004161857298 2557.0490720519047
-1047.1678660757243 -601.8148481484986
3255.9320011441177 2725.626078994059
-9079.34949977261 8329.830937755294
1336.955468223552 -9860.327442763168
3175.2519444960544 -8989.5390414612
6615.6349846709345 -732.0725787708379
-407.9770837008746 4281.779574913337
-7788.041059244757 9575.354471111637
-740.8951006917141 -4316.266979774983
-3288.7775654023235 3655.298061701702
-2578.1011427686717 9317.579667197548
7992.111998112487 -2173.819347869119
4433.041795337793 -3722.9238782625052
1092.0572817650118 2041.4978819125245
4639.608488107382 -2204.63072899729
3418.5632510617706 -3159.2266953314456
9424.463604095334 9196.574623522432
4462.895221862784 9073.036637135374
-971.1624163895776 5807.447112834194
9145.148366635334 5253.303335726074
-3681.6468024600126 -1824.0648971242117
-5982.618165231171 1666.4311836423221
-7685.099044415838 3259.835377766365
3774.160679016277 -6288.3534749550545
8101.894112889364 -9309.844045641206
1867.5019291147146 -6515.076480422428
-9379.38383952693 8780.212572340588
3495.880197895758 -5774.678766971831
910.5073272674399 -6357.119950477119
-8165.402352479645 -6994.7139437459955
2506.408494836596 -3405.160678974923
9097.490103972596 -1076.1796085705446
-5009.070064919645 9968.050372086906
2867.5859495368168 -6934.655216522027
3110.2676328020116 9515.103904166466
-4892.999640971862 8615.974140109804
5396.956715284003 2786.500242121092
6353.996925122425 4782.833781666497
7903.184380453164 -2825.6876662936056
-9162.192628764973 -3459.040121865928
-1566.5230249044162 -1241.8994214219474
-410.5395735524162 -6263.782742208035
-5424.310459852557 3655.3472413955387
8099.51396249278 -2298.4103149922566
4864.4233359762475 7270.087320063329
2671.2647060277086 1298.0968792552521
-3428.878279369498 -6350.179177186788
-4659.367233004077 -829.5049904296266
5900.265295471809 -2897.8060136167105
-8918.387984217812 -988.1658247769301
-3218.7504867918506 -8710.65403708661
2988.7992449784906 -8240.15948050311
-7019.33591827294 -2790.77960162176
1226.1964941465158 8902.008610751076
-5080.128557422121 -9210.445786327688
9754.121762177467 8445.185369795476
7367.923571411615 -6738.345955083327
-8806.270555152798 7609.340358170455
7090.018963567756 3047.480428221812
4661.289405529307 -65.87815389769821
-9433.145765092357 -3415.026524569169
4002.0377815013326 -2759.299989812691
1060.388147559419 7332.941380938984
4576.064240584008 2770.31306842885
1586.6787700213463 7138.26197878681
5596.356718336914 -9175.16916809457
-4233.373031029384 2214.5357774685763
-8008.215209372991 363.55777401117484
2060.6033916142733 -2827.2523351640657
-5134.549919211886 5264.410415581795
-1446.902571925355 -5139.112529280947
2841.5040157263265 2336.5019277658994
-4761.318498734577 7210.904020893508
7941.1711206228065 -324.92579391851723
-1329.2562581310358 -7142.245630574458
-898.6136634790219 -7421.369009544887
9869.59146918599 -9013.270109287721
4047.1021267397773 2002.0252276439714
546.6898625838276 7681.6390114237365
5950.988620095844 1398.1573776586065
4986.956891625472 -9012.161075116826
5161.886759374283 -8195.139622457049
5341.186081649046 3970.5106222409413
-1743.94570788097 2162.437088667186
-3384.1681989509607 -8760.023294827344
6762.88550123385 -7898.766704085161
-5692.459057279943 -6267.724921816817
6139.439085087515 -2182.4653422445263
-7585.021552733164 -1025.403067166273
1915.7820113829366 8159.976577745936
-7529.351166150222 -368.3856335580822
-5594.204350293783 7677.564893518313
5270.559381737054 -8179.879603170472
5975.755725225563 -3865.68220958023
-3860.246196255799 -3504.1815986574384
-4414.351794766707 9874.432793903357
1856.8707181653572 -7842.50306386427
-5834.144808072961 9425.803271129484
-7228.938686707301 5180.237196757687
1364.4705977368576 -141.39855627156066
7179.743219005741 -4719.296500207794
9298.19628430899 -4330.436577501291
6695.8299736491535 -2066.023597181257
2162.402667386248 -9658.490866695243
-8881.768326513935 3002.793899510163
1903.6005500609008 2231.5392921686744
9229.569138157964 -593.5359420624991
9630.227979477815 3070.261481640886
7980.223240076863 -651.864108297299
-9964.68711052482 -6891.704040943671
-3322.038564609169 -7564.493949158539
1827.22978991331 7825.224422208619
5087.58387792215 9971.449246593937
-8987.58751255555 5120.050707679906
4755.1413259948185 2757.4696175285535
-4153.43486185701 9031.142791664432
1406.4739871857255 -8055.720899829768
2368.5464991732424 -3712.46042389429
-7070.049590254745 1780.201489997662
-2346.2315751381248 5372.40844235656
2238.451041727096 5549.525548197613
-5728.386916670076 4283.343553390045
-2784.2010736237107 -8440.678637235173
3904.014085670058 -7196.89484779112
987.9925692347679 4724.652602197988
680.0147884290582 -2151.6937922912757
-5080.2471645218275 1118.5087679158096
-4496.231357539784 6342.452911707134
4022.056517172943 7794.207450386326
1501.1075450655535 9063.662381920341
9866.475471999212 8254.405100230088
7682.448183686538 1046.2772224508972
-362.6895774816039 -4867.731773921829
-6982.521958291825 -630.494583581014
-8387.351621952135 5966.766019462406
6339.712002313036 -2454.8708837592994
-2849.351043158952 5395.44869337224
8846.659984524114 -2779.784334733553
7167.495390149801 -2345.52311839141
5434.017830327064 2539.6831682914653
7128.63081767004 6967.086844302572
-1300.0688913493977 -9732.519999366217
8735.033539574037 -9781.933126723448
5178.058520768258 -355.96957814349844
-1228.5471014287705 6253.239111742505
-2794.201091812174 -38.4786537480486
5993.680954359119 -790.6599855810564
-4193.288870411596 -9032.498306508052
-4532.906844087308 -528.8965330353876
63.81680331749885 -8538.831618063716
-3571.159894752993 5168.750507909597
-3316.880410603 -5174.36167474254
-5468.75676601205 -429.4963140367454
9794.342735134887 -3256.615689127182
-7765.914756948884 5291.14700871959
5508.537010024733 9970.941829769534
2148.658839206546 -5070.947459985639
-1650.1304613651082 -6197.110548908722
7296.580565304892 9560.514036233173
-2598.4456886106645 1734.0172592290965
-468.4530121293683 1461.6212771958326
-1146.4437792247372 9832.491029383102
-7217.65262010714 -4505.673689225798
-1387.6639918103592 -9534.249761998386
1310.6248237697837 -5215.256865878839
3730.578914233205 1274.7547900776153
-5162.98440480437 638.1536256149138
4637.492683132879 7671.129062604265
-7825.5342971544 -5923.4296530057145
-8502.072197442241 8635.636714318018
-7082.326516885882 -3048.867517427445
-2498.786498581544 -9774.65817509953
-7227.2379742480825 -5726.984171494698
9478.280857274785 8950.704544867072
2271.449107353441 -3777.0705635213762
1968.2810016142867 8062.777992761334
-9100.870990775944 8240.699426709903
4703.571294915442 -6205.428862625579
9076.444068854289 662.8268307526178
5454.6000093108 5729.5514399840595
-1030.9239541377283 5567.326207121885
273.8758692345982 5724.167097961277
-8239.353446747 -2198.448451971666
-8599.144392880311 3190.176296877862
3808.767012022301 -389.87751438558007
-562.7440432370513 -8953.52601700363
7014.445673362519 3846.4740307974844
874.9363287392662 6279.016636620936
-229.8024854774394 -557.0472679772756
4656.165586948999 -8198.65224390697
4012.3787109155346 4630.798047007103
2168.7382557115907 2187.1376435087295
1188.4123730119136 8342.74113489285
3926.059716139218 4850.053331166475
-4640.273454960587 8297.373372958675
-6845.01813674356 375.1815133712589
-4803.608522280818 -4544.170261045666
1611.8230061285885 960.1379594302452
-1720.4082970751697 8857.751123387425
6169.660125027949 4302.894391175185
913.2238921611861 -7715.112739993355
-3932.3531068997754 1777.2686105075481
4556.0777474248225 4767.1077915936075
-9814.249531762973 4365.926851030354
6021.198787565398 -9362.994891842838
-8694.02047097696 -2425.3473881253585
2749.1992216396993 1655.6641370035104
-9956.192550142325 7430.5385449532405
-3252.561706009642 3673.5954691586794
-5018.828536057067 -6329.321233247442
1197.141610282668 -6642.778146211795
7505.068894371892 3356.8243102006163
2265.695341470304 -3297.2760485294075
-46.55641161256972 -1594.6102789976376
5321.503071078943 375.4478832080622
-6107.306295124206 -6098.907787485763
-466.0555926121797 -645.5019437088376
-8301.194878297556 -9433.581224173171
7751.14022721384 9928.52319383492
9086.761554804303 -5611.982479387594
9583.383027994492 -4219.86391943048
8830.539969902446 9155.017861076129
-5219.763189927564 6712.788127494154
6638.656993433684 3543.19608572349
1274.4834641775378 -5484.65439213975
8997.892666119744 -6617.205482235598
-2323.7654203784186 8526.008436647513
9770.461764920015 1876.7251448107072
3535.6994153821506 4648.629491506692
-2572.423759452251 5789.7874358154495
2353.2338377828073 5890.882041118373
8024.983089439309 4008.4304019233514
-7899.5252286203195 9935.152806352551
373.72712348779896 -3625.4919186008246
-4073.4953987253994 9819.417335402857
9332.04304729183 -4674.627080246642
1758.1576566637577 -2503.212369613375
-9258.066846315316 -9373.435004133215
-6336.278141251317 -3141.195584427057
7256.650109013848 8362.254228797585
134.46511803667272 2748.9680894390294
-1847.043929729788 9352.506794308254
-5151.444303102433 5559.406331724702
8194.682571719262 -704.6529232714001
4017.1075216210047 -2805.0267286082735
711.7809679992351 -6814.502981526997
1072.2417902985544 3505.4951622449207
8281.703305586681 9940.576036827239
4242.205641895032 -9271.729705989856
747.6076865981831 9669.457319112069
-4531.249030269085 9049.35301230344
-5219.458319809547 5646.374951044843
-9842.874844793836 5083.536175940009
-8209.580554868899 5808.294059633792
6409.192155416513 -3110.6251972149867
-8286.749995349357 4471.9431913743065
9675.349748443601 76.98796375547681
9049.745033307805 -6029.1583131126745
4171.066028816085 1632.7811801507469
-5496.920558991167 -1958.4706457744414
5939.02306875405 -723.3550199907986
661.2449532559331 4042.141686256349
4097.99732193216 -1516.4157751042912
3392.08287381628 9465.360944217526
-3395.2209141459707 6743.145641624582
1966.7448272272595 -288.3159406220111
-5234.427514517657 5196.413842058
-9600.016116111483 -1282.142248209433
6768.490347764524 -8518.252369035954
93.34005726076975 1789.2389333543906
-5331.097580744686 -5563.153233612228
-410.0736872413527 -9136.265184935677
-8455.444659350782 1246.1343159484768
1097.1993736095246 6438.897640179781
5947.542837466146 -9311.151401171108
5406.734476075089 7522.639971914068
9315.353986547263 -7665.347523728697
-3062.3100831505635 -8778.043611319932
-1336.609686704487 -9150.039176856231
-1146.6909076994925 6962.93681007365
-8333.507063283365 7019.606765279783
-5452.552532836646 6839.258440420763
4147.182850139161 -7345.139644330614
-3729.216528472004 3215.264461181361
1023.4671611816302 -4749.763886421405
-5735.977040619522 -2536.3746213171125
929.2282391585577 67.91001697836691
-9511.938694519016 -403.5007973199117
-7994.638570648467 2269.997652939921
9888.723681858155 -2446.9957401897373
1769.9871135081994 -214.6714784855758
9106.367905081908 -2965.2639485454893
-2488.7792844986434 8788.778747215107
7638.276870518908 -1965.053218098452
-4693.865594134701 7987.606271591441
9684.435481598048 2585.93036328953
5554.708802645006 -4649.329989598889
6254.941099675558 -246.94216002514258
827.7220963237996 -8517.212047766694
6589.944631994815 8532.80406197608
-2137.3169244895607 7537.918557452307
5540.689455666985 -2933.9726325959045
-297.9266352222112 -7618.748657512353
9282.85588653835 -2543.3403586077866
6253.312971785843 3651.6855763057483
-4418.909061981298 -510.1235747443916
-8039.970008225073 -9557.395319204965
-3203.7532262448494 -6327.2825577665535
7809.360992638078 -8489.761357418658
3924.5136271158844 4274.042019148672
-8439.82537169687 2235.3270826636654
-1819.7124842674393 6419.6019123615515
4862.257168939463 6005.198842111549
2982.2738279288988 -2198.075696300545
-1153.337257498666 1249.7801596839108
-6325.027850027638 -4806.39408749755
802.5881193783753 4056.470887587855
4915.3599441854 8706.519909113922
-6283.723523973986 8105.210718772814
-3622.7634483464954 -7381.64792926
7732.628169622614 -1393.5208743007624
-3726.6487307845227 591.7723515583002
-1989.6628447847206 4991.376117949963
-831.910757775393 5240.483078756781
6976.536797954861 -1705.6667002868144
9651.160298852337 -2749.745231789345
647.0942032118401 -6514.587991476786
-3334.6303801298945 -2357.999619696385
8463.84406509639 4450.555755559535
-5370.776330001814 -1732.1791439945227
4010.216320338979 -115.43236751358563
-3032.2254520565584 -9740.1220705575
1.8573833465598 2052.9848666594153
-4737.239057493747 7905.840596079244
-4890.98465512213 -2804.5604191215552
2955.762423481592 6303.577174567181
2452.603087115698 6284.4891967801195
6385.73601374339 5151.649341359924
-9973.983110376996 -2079.6813979186863
7914.971042534315 8161.088306618352
-8170.060412754032 -8666.889992621109
5995.136360170665 7827.8344489005685
5167.518150142085 -3218.7117365779413
-4752.229843660243 8684.119010114497
-5667.541895604869 -6924.735904480995
5981.20325617866 8650.987885388378
-6167.260321451826 7522.684243603308
-2961.4279289304004 7743.061864891468
5327.801058355397 2282.6247178327394
8469.230995735503 6130.541089813971
-8382.784755999286 2932.554698454962
-8761.47210930211 9442.360594090525
8304.019025965397 9993.3121395798
38.56573388695688 -1801.681282629237
-833.9738732915994 -7776.262816945523
2235.2326067051126 386.90049483502116
-5196.401122315137 -8311.987094619715
1084.4254009336892 -8540.574984628001
-4207.477374453965 -5084.8230735111465
-5426.931428677351 -5609.9473651329145
-8644.224190148598 1911.6580295662698
-7411.8333130349965 3955.0975181042195
2478.140765186032 -4645.879729265889
-5410.197935632741 -5986.009851961305
4422.768588211544 -4018.7182640715346
7561.626361027091 4328.146132741511
-2231.045550340691 7019.796894054507
-264.92722782803867 4332.905466870396
-624.450621359143 420.6872195117503
-568.8440809406729 -4718.395892399323
-4915.423736347318 749.2229912694966
336.3850772101214 -690.2446812660055
-5485.214456505605 -1237.4549164504297
4626.982934352693 -5778.779273221026
-5044.959835088274 -3974.249196791963
3578.2408279074316 6177.154128233786
-3847.4326873003165 4358.5448147148945
1643.5167635593953 8972.413430769531
-9298.714621467741 -529.017190381659
-5539.974085494248 -1786.959284808272
5770.554684719966 -3161.7674506300864
-6163.772339328979 -8537.69123993884
-8925.129584827258 -319.3158265086622
-6501.712212723949 -8698.248105178698
-4729.836126000737 3857.1523647483646
8220.722167400669 -2742.503473159719
8372.538461121676 -7454.688099922444
-4060.9833100207534 4671.113713392402
-8669.579449459192 -5225.079079514443
7539.6421932587145 3848.1228865113444
5541.264701379985 -3804.2106188275147
2245.5672978373605 -8803.811454668077
-5110.895788455987 -2096.1432922564672
-2136.990091300421 5568.943286886417
789.4030984022156 -284.85089071312905
-5372.166020051374 7660.295192561705
6762.807205461206 -2031.2064176652193
-1012.3527942663623 8047.966778213151
-6780.434279146059 -5243.32881080424
-621.6816874400847 363.93082428697744
-4578.463526310467 -4581.301203989303
9901.28842211459 -9926.688977235895
-2001.1480039824319 4209.137302238834
-219.302258206626 6472.21621937368
7933.4795931084045 -5769.276734832735
6577.0197028564 5768.8948677966455
4582.059043052961 7049.835052434875
9356.537151484488 -3508.5078935534675
-9904.435474217658 9847.3095065405
-5636.337049867943 4969.597506361162
-3496.5064100110085 3525.924452167492
215.7544699026421 8265.693875299079
6765.431827818931 -6113.02053428545
2237.732817925067 -5313.500384127236
-3746.985007475352 9804.803115632596
6276.47417339596 7883.122470969629
-1589.5493391472046 -2730.570096810814
-8817.408890014747 9552.841906423397
3751.9288144345574 -3765.9101845797213
6119.888612416604 -2115.7587227283448
-5110.600108657388 -1604.4390089034296
-6039.577581900188 4141.320790086425
1944.3606366691365 8351.850900480982
-4754.24389941487 -1838.87291706617
-7517.560488323974 8023.05758967546
8542.65908452146 5043.34483127318
8019.732982211313 -5212.302871535992
2494.156139284887 9939.192569174495
5184.998883675922 7478.156456184912
-7535.522909609531 5600.883163287652
-6218.0289995334515 -8804.626526472623
-9600.867046380754 -1768.19024702981
6281.207485537696 1844.2163221682276
-9631.01277129782 -8818.47926054623
3681.0608413293157 -5642.530090358157
4239.844881002053 -6841.53908544858
1212.486765175605 -5232.276057262348
-7993.246554542115 7887.358011460707
4022.5885978769875 5602.874389383609
-445.1490627743333 -4482.961752253394
-2243.060341144521 -3477.6482873140476
2956.2551079585683 -7411.631437803805
1870.8800225440082 7677.595273180505
2885.1576147066044 -2999.081983350664
4535.1502686158055 1971.7012941999892
-4669.079833503809 7170.847368330011
-2838.6306572379262 4209.579048366095
5511.648148044887 -9548.56224120115
-6141.971083750088 71.35168220303422
-9261.64106758781 4891.571415556404
-3462.1747214652987 -4091.8525362373457
-5047.47658892686 -9463.603195080745
9932.319388688073 1550.8385525086578
-7242.580968721375 1728.2971461188517
2430.0493258984043 -7361.324402189255
-6013.622574410378 -9754.791791627475
8439.40135737805 -3583.807591478665
-8801.31366321159 -9382.778621090853
-4112.317693645713 5513.143479628194
1966.5317285680503 3591.324887568224
-1496.9959585551587 -2086.344333855932
5414.059447655847 1468.0318208919816
-3314.261730464179 8137.177565609782
-1807.7455907409876 9912.567031403702
3061.4663324022986 -5404.790976151266
-1078.9785299673931 -5152.833193398816
9217.491765418607 1154.2160320549683
-7897.509403826763 159.975806151886
-1339.8427849767577 -2873.473487488549
2607.2326444268365 2219.916493934932
7690.341894674621 -772.5862605998791
-9942.273221905569 -9434.184503512752
679.6921491756057 -8522.009980996514
8781.073391083439 -9358.014697992316
-859.7174192561688 4599.918891391606
-6524.386794085403 -5918.647751689148
5015.562674498189 -4860.615682732252
3333.7537132209854 -5208.857694143496
7780.601429144404 -3625.857241794115
8085.974061008437 4975.032291123198
2224.80640906181 -2001.101814535049
8278.628217838032 4229.584291142743
9200.428123932506 9650.649867492957
9070.825613626323 -3018.312341405862
5155.346475806722 -5472.941843650885
-8066.674906107835 -1212.3619653649039
7928.766200727019 3667.291671477049
-8144.971072221457 393.3897518811227
-3926.3806677366283 -1093.782649787303
9010.328754599348 9959.423384371192
-3120.3742810568683 3079.206474730936
3313.2034455663998 8482.579211379969
4306.117206126841 -253.77182726484352
-2118.3700029134607 -8798.893463495653
2193.88515922047 1520.3207006983248
-6841.476015880652 8648.096762796096
-9589.523817867432 -3973.079119959604
7283.076978645815 5022.363145581643
1993.5061781657932 1586.9598274543769
-9720.97118080175 -1325.2599240466461
-2108.2738409743506 908.0109818440778
9724.046674275884 -238.31531142642234
-7436.272390754977 -9615.787435559381
-6212.936972248297 -6503.033019108313
-1520.6679170563348 5047.068660867091
3868.0628131902213 -6063.860476237306
478.8630870026227 -5224.3426542775915
-6452.52224006031 -7142.618744458387
1980.655938038737 -3933.835314265706
-6850.0103552675555 -8943.769143503418
4187.325554199293 5477.086515866607
-49.77980726397436 5250.609855632631
6726.451466300183 -4192.172961383833
-7104.582750422995 -7203.539480284726
-6428.490861477927 4134.8493539280735
7692.9272360315845 8543.215102692538
-8375.966534632727 2020.925268029794
3207.8759422944167 3412.2352678287534
998.1443568888335 -7470.561864228193
3339.159978523998 -7339.751236356131
-4166.267108764634 6117.114254859462
9889.49086179915 3293.7326874932733
2374.759965221858 8044.9421055096755
-8582.108204695833 -5270.91308150564
-2915.7318592491447 3638.460809512633
660.7150408174966 -5452.6432816603365
-8272.125584741714 -5454.998546106058
-1170.1142366791828 2071.1628314289446
4642.660579110321 -923.128473761928
8944.755776183767 6495.406890748069
-2181.462727738126 2795.8723163666145
2326.5813101791373 3432.2270360454204
7954.312319295514 -8314.041723467884
2482.3249915099714 -6015.4175179627755
-3689.14735508785 -422.75810784738314
8827.111586351642 -6158.24502071491
6968.878639996354 -6074.0424675142585
-957.6633903239981 6393.953893801343
-3990.8969559155175 9621.410210525468
3339.0865364301044 3492.133371951506
-4832.447696104514 -817.6700817796063
-3505.8253768603363 -9766.983657713377
2679.1043806926427 -478.53263616782715
4248.757646067021 6028.243951240887
-8692.607688121812 398.67003834508796
9507.161585036152 -6779.5372160995375
8969.413350527982 -2250.9132432803945
-9253.810345519274 6638.0753561425045
898.3174842850185 6264.5447859441865
-9857.153112270425 2734.2880385014905
3948.0135949300784 9922.56810853225
-7848.92556832948 -4665.017433809359
-6571.608704705071 6598.8906260631375
-5394.257981411332 -3476.1370302855175
770.1038223739051 -6534.2559471989725
-6095.203336003301 -4177.776438654837
6353.021182776842 3569.5896963293126
3418.1309513344568 8574.589641836978
5992.616514982576 798.3833257350634
-5.610621507541509 5330.397272842285
-8136.298111058733 -9610.144332289923
7284.574965116586 -1984.2250285228301
-948.9091479144226 5198.71317932117
-3426.0022587523144 5818.404287153862
7451.92113674678 4132.0496540800705
-4088.260397368821 -6037.661885173378
-4585.479720807186 8478.686411350736
6549.477686337472 -8071.4401136735005
-3716.1390773168005 4299.5513021469615
-7950.828446901134 -5819.016702745479
-8066.192555787235 -5387.384501032832
9891.753622088232 6086.481333873595
8401.508707572812 -6202.683175698234
-1983.3538321299147 471.45943560309934
-2100.553219726533 -1540.1970466561488
9444.561324119437 -3863.6235437057812
-1234.1835946285846 3941.73494983986
6983.711159302133 -1346.466061465806
324.0577712198101 3721.789935050987
6992.202199104795 -4097.642037410618
3157.5201105060332 -9849.575968987101
-3732.945507756018 -3949.698709751444
-3034.5981548670943 9274.848224407717
-647.0704847387715 -5933.594365533672
-2048.7464536521147 9952.579342206845
4911.318591506333 -5641.540385619334
-4394.501965670436 8018.34369585399
9263.595614730137 1753.6087272169207
-5221.424225050355 -39.496771118194374
2818.987235525199 796.1685218217281
3101.469900152806 7379.590579185704
-9178.814378757525 -5784.698077724415
6095.542723378547 -6557.055719095688
3694.9683026776984 5419.127548749728
-7276.255029512437 5615.829574070816
-5753.1424314761925 7000.7344730119
2670.4414276466014 5140.865222897493
-928.4981302977212 -2504.515534694383
3297.231886743457 3053.943587260248
-261.87912966982367 -7992.117542503763
9007.317294627544 -5033.728790330618
-4320.987790677961 -1169.7864937473732
8661.104703877507 -7591.4512217287065
-4825.229475626451 3804.0415446192947
7720.916710228859 7224.712705915215
3428.5333355349885 -3070.4237686751503
962.8095564206451 -2680.9233798916885
-2555.789389844578 -8393.18161705734
8878.671568918217 7002.104920055153
6271.332753146033 5896.299553172412
-3698.0689683036826 -6753.524726933176
2151.782833839581 -2683.8537532561177
5325.3482018842715 356.46917971819494
-6798.643347494857 7946.08766392295
-3760.466089770098 9870.156856033529
-8518.26438266639 4987.953628457588
5.988023989193607 9955.2383677453
-8333.877750892152 -6563.900432953966
3688.6070347127406 -874.1895803336065
-5025.555134649886 -7859.893803430226
-3697.2341959400246 2798.738511745072
-9348.318149873001 2296.013564900257
-3298.759982307649 -1975.2869826797178
2985.5298052327053 -1718.7523210770887
7401.385875130149 -8329.518059447535
5707.285688636419 -5247.694806756788
8668.149863597842 395.1570389744993
-2407.5322682512287 -8946.826945500741
5702.646808538881 -3045.1121740858953
3175.36587242124 4236.3621882582265
8446.18627812112 -3313.3763291696905
-9285.647011215033 -4622.658714788266
-1705.2034923731571 463.06209548372317
5892.468041100703 -9632.937767679936
-1070.556381589393 5977.322881009017
4210.408341484232 -4003.8254691735674
-497.6972684938264 7907.256558764733
7626.755015609171 -5101.559508679514
-2420.403514819325 9325.731731169588
-8277.113230808729 8799.749737441653
-3473.3349720425676 1664.6384870253914
8517.708884749514 8523.067176346274
7431.0948078090005 -1393.252906860318
7029.978538267882 1328.5192608462621
9194.892638896079 -9529.01323646667
8783.65238559755 1421.7655697976952
-7913.1688978117045 -26.91438653966543
8674.356667761804 7842.680273262205
9831.273314380032 7684.951060541276
2962.721237878108 -4549.7085062019905
-6780.084098583862 -3917.4480776786268
-4367.020031672748 9348.823207294638
-5731.940166224945 -5236.515652082112
1952.9057558940276 853.6012337149805
-5902.821043527313 -3768.199669804424
-6206.2190440720005 -6025.525037719006
10.693060573436014 -8410.908998691626
-4883.20764495268 5398.3314278424
-2359.9721143668085 8537.218012194448
-1995.1357717796373 -1918.829743893658
-7426.803772901867 289.4991755911251
9716.624915661574 8814.118383097368
-7461.721557502033 -6696.450887999272
-538.1599280503451 -6493.3240626154
5999.357040413657 -5809.604311798493
9945.314982017138 434.3792847000841
5932.595979002257 1720.8897025514689
-6801.083941963185 -8673.014005146248
8585.327686315919 8541.83610140251
2819.0229944822186 2927.1817166106557
6181.159442067987 9030.677058640336
5449.375416002256 -2471.2791294302287
9819.263346035837 -5341.031304891714
3196.938489570286 -9993.175294252347
4226.182860899844 -3698.702632839925
5641.063901322392 982.548366712479
9553.62945154052 4117.684572305456
-4806.11868320475 -8983.239760039647
7075.913263179933 -46.06064653265457
-7207.488585831503 -891.7412904931625
-4574.201854944778 -5354.173520797947
-7748.651024065886 274.47593958204925
1917.7320795480118 -6820.686967792329
-8924.685893563163 -8377.887300799404
-457.43836450752497 -5649.420838026502
3132.640021184121 -5931.035296707556
-5622.013127763068 8385.867766605217
-5691.598403607976 -2242.9082156885197
-9555.81395334453 5922.667136712902
-3892.329857837857 3201.409905731978
9444.17403975103 -5179.875774804812
4149.811302542239 -2653.3299678338244
1363.632704844018 -2542.01775257972
-1406.8848104299432 -6040.2935458335505
8565.101568631264 -9500.243046799003
-8248.39848038599 1162.7432414435534
796.5670334630559 -8462.731770257535
-5486.504777723473 -4582.554165390047
1444.6562094851488 -7399.961875779592
-2356.478477045074 898.3245889199716
-3602.21248430828 9204.490466751147
6648.838462998858 -4052.0132041909874
-3955.2040473134275 -4565.717681333299
9611.066002895193 -5814.349748232222
8219.693849731655 -9515.494511516123
-3765.463591885301 -3155.7573672834624
-4686.599325414513 -9831.093678103856
3333.5426952208763 5040.300672314481
-7691.580245853207 -1919.330124570498
-2920.9765346423274 -4065.196113362148
-5847.403385773861 5413.735294805874
-4452.229772511473 5121.980757602174
673.2595315912986 -4107.001203653811
6464.905626960124 -912.9757055664031
-4856.813193644281 -7171.822494527775
4503.039368670752 6202.570790130738
8645.00922907795 -1002.4880965574921
99.15650182428908 2487.694019368162
6540.811028337597 6883.891076998098
-2527.0427649401554 -767.9231120019667
5638.84718174686 -3272.6173732373854
3378.0172842256216 -6408.072749069608
-8940.544981212848 -7075.4256721290185
-9910.198171533815 393.11141727214454
-9662.614939911906 -4503.481094948769
-3767.7877228929483 3630.88746115713
-1042.054510445305 2663.4955604080405
7267.010780975244 9534.519826845048
-3690.496074223175 -6993.797429189657
-6181.883303520457 9568.973977519337
3945.0401090489777 1259.3952146943247
475.4306392186245 -8625.216436455274
-919.3868784028964 475.40872130079333
-9679.505813559455 8401.098673330922
5418.752405792866 -4888.619137049437
1138.95100945782 -5134.17507451332
669.9430733458757 -5464.566365694821
-1867.5671262896885 -8319.326991527018
5555.527177704025 -5486.5590418092315
-5084.852934784485 -8892.16379012718
-7389.490617841583 5429.450623254301
-321.8982874655703 -6831.064735525112
-5235.1048198787485 -9690.796078417756
6626.5578679969 -4794.2420298625475
3467.366288692623 -6842.372096036806
-5856.043008066207 7496.240441919039
4025.2323638241232 8687.565651147586
-9391.774060013175 2458.0369342869817
1869.775711742408 8208.422652172572
6384.019415045837 2725.935362641787
7616.2451344975525 -6740.189006860035
6237.117641649849 -5731.722180491414
-8927.082159666923 -1483.315420916333
-9735.153294844838 -5288.549167571108
4763.810928202514 8558.85479192872
3409.057094687929 -5829.573103536516
-3935.2342434213215 9289.192889837053
3715.833920074587 -3862.772404774868
-6287.201892498113 4101.227016645244
7728.793650317701 -641.8977166018849
9233.756177830219 7338.244901950671
-2249.5468325586153 -1865.891320385509
-3256.512828766323 3152.426239321687
178.82863977633315 -1891.2999681962583
5612.869705686449 6563.93076849202
6724.074290321281 7359.817401787979
-352.77869410584935 5336.26968806275
-8967.373377575732 8492.903053698352
3715.7566937096617 -3774.28786403504
-7906.025211582166 6435.149304418712
-5823.088003086609 -2771.142257516197
-7222.162684611284 -1239.7901176791856
-7019.472365152224 -1356.064245580972
-3052.82198891754 -9373.500171141244
-3011.9801698296224 -9922.21130545221
1815.1529730813909 -5208.879103864386
-6163.165207326333 7971.899124703541
-6438.264512985133 -1334.6405726555786
3585.6429075526685 8787.23702267418
3698.422781174333 5006.595868694269
1411.8691928494136 6679.100243455821
-8732.917854952031 595.3926972180616
793.3307717335738 1309.5299591711791
1681.6548448202193 -1874.5892115030374
8890.898357821869 1386.2961303379252
-3130.9112154311088 -9462.269885390724
6259.25253868162 2583.8405162475974
-6661.473111333844 -5839.957436449885
-8452.027075529173 4692.988340031337
4905.438016772801 -2734.8992784991433
8515.34383859772 -7837.374358820445
5020.030735017674 -5958.295064596595
-2537.579475829628 -5362.031362834119
-3.054795919530079 -9524.574150039478
6105.057836527807 9666.4340733877
-1084.1216167754592 -1734.8439782766545
-4063.2426998411183 8433.54586791293
-1439.546847886253 5655.499704266387
9295.34359224177 -2792.2926414062886
-7514.707776552352 9943.90960387203
-368.3587468688729 -7885.922777358789
2148.9252108037035 -4574.6137275612655
-7111.5219262922055 2924.1999339162867
-4977.196815434952 2666.470131513288
1433.4910844254318 -7260.565986926464
-315.6429546362724 254.1487021512894
-6350.621190956751 4762.645166342405
-8875.313051031328 -1455.7807606218448
-7929.606613385212 4794.022029098987
849.1390352713352 -3562.451489850043
-9135.983810297832 -1346.7119569722727
5821.658010696228 6841.576877455711
9491.931536629687 7421.985555597537
7901.490605072242 4228.325246722648
-6455.442374813021 215.91392905928296
-8856.553505756576 -1420.938279502614
-3971.449352440304 -5860.785332603146
-1819.4109425811012 4009.6962195222695
2796.864201172175 -5862.006057877329
-1119.1101215352192 -2500.119932423173
4346.08880501764 1662.78860800851
-5432.975804064906 -6597.312654678653
2865.9647397586414 -9634.42051104918
9311.155155176646 -7209.3376158361825
-1788.8960056137093 9498.472039042761
6164.1981790749105 3197.9330948726765
-624.8647846846725 -8752.440788572458
-9348.278072257071 3946.9768464659555
-917.3889994111123 6926.8956248446375
6466.296677161226 -4997.441165371408
8274.206189452758 -1226.0841953939216
9008.751068965525 -6825.759916422178
-5454.136799866927 9029.039676401346
1278.4622476662225 8492.780997295871
4012.721003178698 -3951.4009162402126
-6414.538156032304 5714.659990621065
9603.79844445274 8391.654256214813
3654.7827388855767 -8837.158485777283
453.5779696048703 2137.6430769703384
6916.14554465947 3490.821718706724
6841.778738890964 -5866.766276868738
-1880.2685514783298 8460.905534095527
3042.7711096164185 4433.153802171812
-5108.563097654371 2456.551565891663
6481.241277220768 -5108.831461002826
1438.680639012613 -2797.4499631872504
-4249.138667231514 -2326.2094122271137
-3659.528525923115 9045.685223156419
2337.8948573836915 7410.713922817296
-7796.890808120061 -9847.538510834082
-8698.198304470036 3762.365658624527
-3064.447197497693 -3890.6459110608903
-5299.918824506196 -2623.6216442603636
6496.132708454275 4664.974174508665
-1795.2604505696 -8478.811130231086
-2815.0458824435564 3732.428474216451
6142.924145939483 4126.378824112122
1903.984140820885 -6725.930719805267
3104.425022683001 525.7803725860376
9279.479124797304 -4680.268141298627
-8706.099099266241 5890.769529226121
-2860.9379155265806 -876.5358602083525
-8034.156269543407 -1842.4193710288828
2558.4097779725053 4342.659506718657
-3434.552963878934 7193.885139538666
-459.81847795961403 4127.412160885886
-1391.2925212938899 4016.274746706409
2360.4597691768413 -7863.182757544191
-9129.765025002356 -4938.29334490691
-2284.358979671224 2752.8423884513704
-5892.579888323499 832.3636809044128
-7974.6328523917455 2141.3159283247587
-6665.262731904671 -4325.205910826279
1594.7425111538614 -686.5391262751491
-4427.850563231043 -3979.3934237450057
-7188.255646749378 970.3378931664447
9026.709083126072 8107.391205693784
-2846.619808602968 -8333.560330683842
-2173.374791895024 3014.9520428038995
1496.8135630607067 1707.6053406042538
8712.211986638089 -3206.6572079381813
8079.326775145237 9202.320537880096
-3501.7066425808525 -3474.4061841339426
-9576.349148605932 9814.373689800865
-6342.198802159563 9359.44267003598
1642.844809224809 -1981.2454242820431
-3963.5545894651677 858.7666556501608
-238.43189467139564 -2958.425336481918
-8506.492491144729 -8533.163019930882
1038.2413012052093 -8831.29411828327
1173.9543211349446 -4560.085788092345
-3254.750508902036 -6263.26390095227
-5847.769164751897 -4698.889968637745
-8538.003201547426 6873.742410144969
-4651.761508697372 6680.849328542605
1658.2787138625008 -5063.699236284218
-6098.820875507225 3351.6750179552473
-7806.906723215337 2593.039902539136
-5402.923283117866 331.53359611234555
5326.6713338325735 633.9721936090755
-1519.0299667437212 -5878.899083614268
-8058.840688679889 -2161.2757276263546
-9555.09508315694 -6542.89756139175
7888.044059635155 -4384.290907831259
-8631.974028083721 1404.9908616993616
9728.06895801413 3628.1764005974364
295.2148515008248 -9819.24297098307
-6397.956820446034 -748.0041397351615
8175.8827584171195 3783.043764377355
8568.60670899745 1463.92397067222
8844.680473370125 -9666.84755070502
1467.6597301973543 638.0151157331002
5211.041734819077 5961.925342811923
-5784.16400670803 -268.2510794447717
9034.640311142899 5148.904432338923
-3586.9513541590513 -527.6578256039538
1198.986631727972 -1389.4332261610107
-3763.216861014931 407.62873276228856
-3944.4442808853046 -849.1602197532993
-9176.509038106607 -1935.2071360209666
-1804.0098834233468 8328.522053341945
-6315.926178598827 -6035.8546446395285
-7079.925862390959 2362.6153296497378
-8826.890091767058 -5135.953717928798
-7297.659599346165 -5611.992217134536
-7370.859977171358 5366.976547759037
-8879.679972055716 1990.332793586187
9525.97147220129 -5104.333730050293
-7007.395950833306 -6109.752913478385
7822.624246539384 -947.8946187010642
-5114.959011635178 7713.771519473659
4672.19978752359 -2498.849485013837
3678.5576044068584 1976.748079649804
5747.605120135282 -4225.635076316287
2552.2300753534455 9727.86693968694
2664.72198469855 6768.627328163391
3520.4111698519755 -1263.864535731067
-8668.728123983065 -782.0549544330261
3572.85347587443 -6324.946672968079
-8477.724309651769 -4954.168755404394
7501.943601262268 -552.8311979728314
5580.670800927541 -4740.510445789785
-5338.695594047498 1609.1089134224221
9864.29992054747 -5074.023251477988
9185.184820568018 9798.561420327733
6408.146523007406 -8225.59551694998
3608.215212357951 -6868.887701703566
-5756.66206373739 97.15694933025043
4360.258193084894 -7273.764560512916
9912.110616043487 -8122.9958970392845
-5728.758450742781 5838.147161997136
-5059.4288332082615 445.8944076951029
2006.0186328646214 -1491.3670139200658
-5621.248402335686 -1514.8781084492093
-8740.544476017547 -774.6246134739486
-5009.883803396849 1805.4657229824243
-6422.896599968526 -5239.2950757756025
-5729.678367614588 -6900.193679243304
7826.964813023242 -8817.895875000308
-7802.294737431197 5739.628422108281
-3366.9733644478583 -2032.787183819045
-3534.382556477455 -3309.2672776142426
5491.384360592714 1222.471541576966
8919.377041583011 9752.371313968379
-6175.0631675364675 -6804.042453596937
-3981.712682389162 5577.949750767368
-1107.2093751184839 -408.62278977650203
-634.1992912394344 -6685.684193453508
-6744.3312639589985 -6368.434298946839
-6301.419635757308 200.59244722227595
4408.773212434504 6386.282043091822
9197.861089285827 96.39307610731703
1228.7081268734728 -3429.5416870072204
2584.1718521133844 9663.179680450976
-3958.777342551236 9835.50150170938
7179.129225211465 -8198.578543661475
3401.700532293071 -2482.373939285234
-4034.315788545615 -49.87367157659719
-2909.5369230483284 -2126.381101095778
-6349.1599291976745 -6015.790318094427
-4639.877232839375 9025.836276284346
-6167.467989786317 -1300.9065106994622
1132.3712898782906 2154.6406075094364
-4404.991358731196 -749.1915828669353
8626.74879648946 -4082.1048943009882
-9795.289058802076 -5576.198724482806
814.0936642041888 -1356.4745027941935
3051.3026031949794 -1772.4596763638092
3122.528969920466 3532.593902024275
8576.161958756318 -6923.07177638525
7983.9964687000975 -6073.299568234284
6653.300992378132 -6309.5717336046
2094.512183379893 634.9606615178072
-2264.6677586511714 -156.27380471019205
-6328.536771361298 -8617.795868164141
1049.7634548841834 -1754.3509191227786
-9473.568640962638 3631.442155831981
5228.556220963212 -943.029519089243
1432.1776932406046 -3649.9327877918186
3976.5329915131733 951.6395042401746
3047.584630116229 -6269.355425946915
-9268.111958521871 -9876.124975950428
-7425.493936798657 4443.566973426357
5744.698836653481 -6726.525310317155
-7644.37229570951 3690.2546023769264
6597.001385367941 2355.5935213620487
6782.607698354954 2141.973250339097
8910.64409084665 9760.150228309918
-5831.091548884056 -4209.2304997628435
-2163.2091379328886 -3410.065024740634
6651.901513872708 -6194.586086330427
2893.6045890298865 3835.3858623989818
9723.971257170364 -2323.345922627518
-1183.7071654593765 6497.916986901499
-347.48971849333975 -5747.514285056165
3306.359004418149 4092.5843476413083
-8166.153451868936 7705.558644078803
8914.553767902395 -2535.218954381331
-3963.6942770600617 -8958.767038628579
-9235.317816577468 1484.560518995644
5522.760621056923 6446.2177762833235
-5576.9266356404205 5936.095039442374
6203.185999484978 5594.121052125494
8941.182754648118 2798.675060809406
-747.115684652963 -4034.3469101609535
8946.442372686091 7119.573054304903
6042.205951994212 7307.62810767382
6629.147321613262 -9192.00913293301
7758.749556166971 -6453.687766359501
9570.802187491627 3933.225616648424
3763.180817376733 -212.91663726437037
-6417.975051779518 -3510.918424963592
-7495.045167987764 -8526.240601656385
-8934.245379848584 -4909.518973173008
6734.403296106611 3347.370339109255
4894.165156912606 -6302.8858185125555
-9217.212700904605 -464.44910860481104
5385.342251140437 5212.887808798667
-8157.9212471260635 2920.1301744681405
-6311.55372221184 -8311.167804491277
9461.388087656116 -8128.082219322672
-1266.2753836065694 4861.033410061469
7887.120063891969 -4491.924476222113
-3123.590694239373 5884.065856456838
4409.079413172192 4818.876193462094
3461.1791310964218 -6625.698454705844
3534.92134713781 -3672.9402028365184
3756.529484675628 -7743.609642364692
-8399.512630860096 -2615.600061031242
7056.047980217478 2410.0900556220968
-666.2704117133871 7776.504253263982
2216.246288900229 -4256.439160589345
925.0761731810471 -9001.730962326887
5498.258836101146 3073.1165943523883
7317.252323091452 378.8278609153531
2303.377911822394 8068.348519630483
8712.728190179863 -9823.770727303876
-6759.960410646948 4525.441014644281
6707.112789376646 -171.5093561625581
1932.5464452043598 -4639.600874541381
9991.985057172395 -9260.919630265165
7079.4574865364775 -3032.180001958289
9230.786686083135 -708.7151586587079
4492.236431560972 969.7449980379752
-3503.4156172969497 7227.324493595763
6192.407182244122 -3116.9696010737935
-7429.358957757959 1094.4924973482375
3118.1164007737734 -6137.407518868988
-8564.091313524536 -3848.0095673804526
-4411.3321827343025 -2568.224795310781
5459.703223838926 -3051.459616530059
-8601.760334387454 -2009.9940186295526
-2955.021481185001 -3277.7284334436627
5257.65884582095 -8108.194244538438
-7060.2189715202985 840.7695273362278
5275.760692897695 3020.122679233944
-4070.391935102284 -4309.4098420399
2269.5181508458063 3030.8808287215197
-4702.4355709818665 -6258.046618836208
5914.782579917106 1824.5134669224808
-7777.643783655543 7955.720251208484
-1902.871554989014 -3695.810472903254
-805.6726171415667 4266.183242857125
-1705.035050714945 5109.320664989118
3564.8888819374515 9564.591702994348
-1575.2876327830872 -233.14068026036148
4504.860715127785 -5575.25352902716
5300.518371681297 8581.796885582928
-67.61284081418671 4753.4024129892805
7708.630169859669 -1407.8195030720035
-4618.742080300653 4614.626089616762
2069.2058379728023 -6957.130813344485
-9684.384500630378 -6331.341254672311
5755.994893182235 -2913.8344429499566
9057.178776784454 -3017.7564006853345
366.9811154465333 2796.35184191362
3276.288511102477 -7591.221786842355
-1413.263015145245 6089.0749346372395
908.2166543881522 1303.0710567285842
-2246.11385121648 -7234.564403844503
-7608.6528922248635 2026.8668173148453
-9155.257649193576 -1345.4746465702192
9283.995435428002 -7482.26382358941
-8693.167278857421 -292.91984195834993
2601.7786206066157 8135.308240609651
-7976.316274487803 1896.8171305214
8627.618808566476 -5934.750949336673
664.8939632510792 -2085.074270002944
-1518.3972414637537 -2247.2166017402587
-6226.820668465163 -2102.905519605807
4398.097119498823 6153.9708134321245
-9837.267435001191 4801.360609096695
442.6486489515082 5034.3460720641815
550.8943951888141 -8441.02858040022
8311.382418362136 3110.9515031934952
4817.786360049135 6749.362297759213
-109.25292434065705 2525.179834373981
886.2187430685535 8304.24581455941
-2584.3757659794874 8950.264752333813
-63.16141500165395 624.7379822296698
9348.964787223467 -421.33786153344045
-8478.86261258806 9499.322699345219
5516.286396646794 5300.957170251377
9107.600487143158 -8660.608198545826
8563.503650970899 -5420.6393676324005
-8306.071631877068 -1497.0194182139094
466.73788639060876 -9164.755034941041
340.92628081827934 -9143.757768870004
-7392.107729151722 -7388.414364423297
9831.302822273272 -4773.902456576347
5839.949535891352 -3662.418815450421
-4870.712320670838 9026.413876290062
-6998.907602603679 5214.124282775219
9914.621399895444 2093.9650402089374
-9503.08313400522 4555.211369153056
-9812.863503896277 -8350.668681457806
7855.147300988221 -6138.2207691086405
9785.804828107539 9301.815597196819
-5432.560756695848 8970.8557496957
6638.772260286951 6146.3361820781465
2067.9933935190184 3814.3435430770314
8658.571103254471 -7745.8108251151025
5358.8742978200535 -9361.872114924798
-3580.651146168183 238.45700172374927
3577.069571260692 -26.3705694348846
6100.612493746212 -921.2393248363533
1708.5006205204882 -2779.670786232362
654.637264322002 4018.952610110373
6689.333196106283 1389.1769525319742
-247.64607701422756 -8894.744400301312
-9704.897238247828 -6626.766264384652
-214.82317854784014 -9188.74211781902
-1496.6749144668083 -3946.726979079076
-5952.09959836196 4200.080948071931
2425.41527557492 -3387.5061958492215
200.43305448248248 -2797.0487869935305
9438.897345892165 2625.898614712816
-2796.1868585188076 3847.2901728638353
4811.042662150665 -2193.712942642125
7148.591409349447 7646.377186485515
-6109.769524890389 -9269.763512249623
8741.328129567879 -8133.486697682953
2851.481969541015 -9566.162893746146
-1312.3883317279597 -5983.458722293748
-7982.229592278054 -3540.64287440911
4807.651281508282 7658.476263170072
-61.12391712419958 -2249.575418074137
443.16649908251384 5516.90602322944
8694.702242574833 -5265.288191773241
-6438.055302339693 -8131.270363546439
1300.1210349894118 -8000.481074768791
5939.088232062848 9323.710717477934
-9376.404650580514 -4842.940376143117
-2108.355749484943 5360.218180406855
-4108.0528291512655 4812.654225318149
-7734.046599007922 7359.447198735896
7638.83286944867 -7009.552097183176
7724.715129447453 1385.311800342246
-5135.3904301899565 -7062.326916323349
5853.423632756072 -413.8964988586704
9210.464031294818 -8080.121569719671
9203.484826062104 -6152.07442567576
-9890.196167261605 8435.967323305747
-1888.0247465545044 9208.812555535427
-7834.908447525115 223.2748835266866
2985.673746360919 9546.350557572572
1408.4353364578583 7489.334602323695
-4290.365443834195 -9819.474386832306
639.4285244907696 6998.386087560641
8938.244902557592 -2712.574194323048
5693.868046344127 -3042.919801357609
-4750.6490505265565 2398.3361012261867
4282.147333371204 -9914.754547737446
-510.29595336372586 -8237.330981804549
6946.2775622607915 2823.9897305548184
-2887.371641070881 4982.076117389279
5719.639367644686 -7675.189692992173
8906.469463305439 -4923.000926054803
-9766.270428732358 9679.795076311198
-1764.9587107705393 3025.818871960515
-6698.678076390781 7794.40909552556
-9241.058854683479 3820.6703927546787
8415.615981894422 5370.755830265503
8579.262326907334 8212.900195074595
140.10733459818948 4660.619401877306
842.890803972472 -5424.958482861364
-4975.934407928277 9963.992118724804
1071.2219776323345 -1314.9041551968749
-4536.336567460872 -3709.7953786856497
7821.799904598447 5742.812898837668
1838.9605224311417 -6834.820658834342
9765.028959206331 8556.569670799174
-707.9078595779592 -2740.270584326254
-1144.230585026049 -1406.652209978356
4672.182270612111 9330.242299077756
-3997.721152168625 2463.2268361118277
-3542.3537857342735 5904.483704222428
-7517.371990536226 5413.7074988087425
5876.707740439919 4211.665983621644
7331.36534066483 -4461.911805108918
-9017.885043487724 47.337564783898415
-3983.139222280636 -2343.974511276341
7096.187297250934 -7419.9515855799
-1047.5676859596624 4203.316601347202
6827.496982287248 -2451.8463331870953
9731.98622376925 -8028.157805984731
-9229.376435898173 -9138.470361017859
-7546.414440270552 -1830.479364583588
6035.595181792416 -1685.620835782236
5092.004945474622 -2975.9697541363157
-6086.219523058568 -6068.293957186421
-8396.017141898688 9032.955046602936
272.1449567228683 9413.448586979
9297.547929180339 8966.930044246037
2677.94712493489 -9793.328618717971
-30.5565267145048 -4138.750787097852
-3208.8854007343716 -72.38734418189233
-6587.657067845752 8485.325817525758
1221.675016170997 -5828.203485489043
-9883.816340745285 -6841.715146574239
4834.7952990708545 -2808.1726098142053
6335.631507005099 -2717.1171504072063
-6603.874337093706 488.88106073202107
-831.6838673112834 -8401.149135633237
-6514.69540341991 1055.3251393460669
1886.1573758460672 -3089.328006694065
765.6404210541787 8822.298635125011
-9515.263358174972 6923.695175820525
-3016.8671619569423 -2192.5098650919117
-8736.648593174812 -2173.5899523198414
5478.167838944904 -6475.238710017504
6221.012788381164 -2614.394775609927
8528.357493688836 408.66690010479215
-1848.6611818270294 -8424.965482022011
-8498.829864180469 -2676.6714514812365
541.9165601822988 -4862.862911896406
8580.144016535232 6666.5260513211
-1268.6036044141802 3981.24327329868
2738.62782281792 -6853.717077130179
8250.209920126093 1950.62145130504
-1329.833701059184 -8001.390282305365
-6131.52314556632 -7755.378653885463
1544.7794351199536 3231.5043121498747
8597.317011503303 4661.067787150438
-3254.432360442376 -1578.3151604179093
5737.434838133104 -6172.017740895643
-3849.790125429613 9656.95935965814
9041.509461641188 -9277.403733524696
-4942.913513896107 6408.528806888324
-3845.426378674928 29.544484605534308
-9484.079989890226 -4566.064070072766
-1280.7787924470194 9269.017439561208
6607.972485974828 1252.7698865984366
8880.139707629769 -7870.4282368606455
-4869.0004709962695 303.64906650822195
6395.126031083011 8069.190838694645
-8820.677376459642 -9417.588778153271
3157.3878178847863 3002.104591853529
2269.5265964846967 377.83801135914837
2656.600932753232 1767.7803128721025
-3052.5461135604346 -5337.3401912185755
-9246.154604210173 -7917.6019507201745
-5777.677871748701 5763.983179929484
-8881.804730232721 -8197.962608443953
-1291.056419174698 -3871.310915452511
-6229.601618193617 6580.704443121747
-1980.81553138636 -4684.230621670127
-1598.2615268673435 3385.233916102812
-1271.0383645159436 788.9548935187249
5483.8236569451565 6833.013116249465
5157.222592974873 -7350.58463500544
-2342.293283608057 9947.369126291058
1228.5175211227124 6139.697488414904
1488.3957187425094 -1320.6172316268658
-149.07579273817828 -7433.501721600047
5393.472559238518 423.78063621037836
-3473.751044032103 -768.753795808625
-6597.811926324399 760.4829499085208
4319.571945611777 -7976.100261230675
-3625.9338658536053 9782.274503160745
-4149.623634925912 -9473.242177790886
2403.6982494219155 -377.0233417609834
-5372.359090315544 4791.49126747944
6361.070856208338 -1820.585596353124
2836.4483273351907 -4605.988627951257
-5135.578767450335 -9475.637369961105
5593.799840614502 3938.1931336680136
-2544.721799001646 9136.577222502692
-7273.496979322971 -129.11572099956902
7342.9926354525305 6827.907918757406
8284.13769307944 1287.02620890883
5808.727659896587 2126.41492021836
-4714.728653539631 -7654.864564186201
-6793.469876594516 5878.292778195648
8605.249376392578 -2020.218746301368
-3528.2431352725 -39.65973369361018
2449.0442103744153 7789.119063658451
8144.799024915192 4248.592927846108
512.7939384338715 5291.934008307662
-4859.31454204797 -3632.336958254301
6722.833366140767 -3809.9431219697344
-3157.1781354433924 249.22494621718215
-7648.839701567229 -161.5705313432536
-8428.240064561258 -5843.0010822998365
1341.4466601800232 -8183.510704689852
8077.563254898887 6589.480016824153
9839.859913892138 2310.960292505699
-5573.01800502662 9350.584319073103
-1789.8948535899235 4961.5369210007175
-9495.690560322597 1082.269537894732
4222.2735900518455 -6112.638326465343
2317.4480645667227 1682.1112844555118
4640.223654386315 2803.5896280805428
6398.371987664064 8282.709757621618
-907.6232654357082 9453.75582424178
809.8223947084662 -3151.2839219356283
4895.986601289553 -8974.94419239409
5617.738356659735 9951.169095021814
-5584.934651602686 -8219.939790399738
161.57004752256762 -9092.258623318306
-2432.6630943183945 -7170.209260872518
7052.293015608146 7231.40188096806
-8744.282364538856 -4210.508072659944
-6449.42380971469 -7791.100024262212
4785.007260336895 6999.833235784721
-174.75996010624294 2434.3973948584935
5734.600855987857 -2937.307043378334
564.7719167854029 1252.4629667932059
-5706.784652639653 -8367.9276571339
1512.342076137773 -6681.434303684188
5721.760839357399 3717.0974950965356
5717.399709509926 -6135.900712518363
395.6526999347607 5195.4736917327755
-4355.388491061931 -2243.1160880244324
8788.016447385635 -4197.833148820531
6753.531762589664 -1923.010850866669
-5209.6116531268935 1549.4817744641514
-4239.927846865749 -8318.363751327784
4927.679267433145 1351.1242873984538
-7486.517823896889 111.84047831549105
3309.3132190286105 564.2368308313089
8270.217320265598 8197.36051523489
-7431.372468127272 3229.8017215906766
-4881.281059896363 -154.57254975782052
9577.751073098076 983.2153113876975
-8593.208327488512 -9247.36334062429
1385.3618448433372 -4076.7629106905742
6245.919252166559 1158.2821874411038
-8390.140025279687 7168.933651364441
-7485.481310531519 -1738.6637886413428
430.6587488181958 -3599.3655767777864
-7745.220697772998 7552.160042734347
2355.4502454167705 6372.328044449901
-9044.597199818603 5063.962329478985
-4898.542390469831 -1800.6741001002629
7935.209402518274 -1572.0932913002453
-9786.156339665711 -1833.5540721726802
-1109.7739313683505 3619.6965078205776
1454.5999810260873 2868.344780532123
-6360.456671236505 6414.348615751387
530.3984602325509 2685.06529481727
-2797.1307698418004 2819.793413238527
-8611.955736593965 7912.248048937199
5565.375614094748 1138.8367981566262
4091.3227295019897 -693.1270728612217
8833.07860614212 -187.073946045537
7203.1892691456305 -4624.193832940819
-6045.336738555189 9830.063454954237
3632.4106874326953 -7574.177419480968
-3216.6941367904765 8233.130644327357
9063.9210168955 -9789.811232455528
8974.71202338499 -9856.220552060024
-5622.689711582993 5948.300788398448
-934.7544284491069 -9279.043502568873
3868.018007783652 2561.2650446975313
-953.3298449026133 -4397.961330793423
-379.03244384606114 -6842.274063178979
-2148.3056006322386 8628.45674994514
9046.529452126564 -6879.34592909727
-8612.841716882882 -963.4082910480993
7373.85172620141 -6412.800814451649
5099.3573450795775 6798.642089301062
9806.763042679235 5680.139776501703
9528.6596366372 4427.053414937485
-917.3965072994124 -6459.157127734692
-8091.774112617005 -3689.978484325249
-6665.504002728091 -3969.9173090317518
7584.294068605264 2524.474373903562
6442.722503558842 -8095.559048397798
-6116.844310029397 3076.856928126759
8471.042539696697 -8657.550707153647
6022.601156486131 -9349.065203153341
-2681.081332466142 -2113.9863214256784
9763.264121641387 -4804.245773624513
4380.800631400085 -820.913851089781
-1282.0383786278144 2065.7891993381127
-3211.243618484412 -7673.052802360172
-4415.2246223784905 6929.219356634338
6724.8984568575725 -9734.135690628184
6042.273265607329 -4710.81144557171
-5674.7839075629945 9224.308607849118
1642.9386782341462 2216.7991617763255
-5143.42683905882 4173.313540002699
-6236.484713033617 -1226.4998863238234
-6866.207085621225 -895.0401362823413
4518.644499516349 5604.4394875709495
8553.90189412126 -7955.616668110395
2516.821788915704 -8686.74559493026
2659.7661030303825 892.1128542127626
-8564.64060546158 -6517.323320033482
-2194.490233802073 -4490.06060815698
-2386.310446688224 3584.24213657417
281.2544887128479 -6095.065897896908
-787.9859542213671 3524.2947761511423
-5835.115251818548 5932.635981445263
-6045.054485576484 -8797.61440330983
-6796.307286793186 6631.834124492394
-4922.542790306721 5212.069441748728
7188.9174174945365 -6880.221082766675
-4186.900850353343 -5306.987503834166
-3428.6549892810435 3918.061966726824
-8387.88816703737 -652.7742585232063
-5523.703370802995 -2354.191575867814
-3750.29432716921 6761.152818930768
8811.486460847223 -791.7658609555274
-6917.549081063997 -570.7663731568973
-1178.6163722342117 5925.026936435013
5933.360924250688 -7746.511138429843
-9773.123946529911 3484.4159349590627
-4566.0796659518255 -7202.436689175329
-9000.813109554294 -7824.80477300687
6123.9599526185775 -8797.423801813171
-4147.857000241511 7540.38838405997
7207.936712554776 4426.034694907436
1697.0696044354281 -3587.3772960297856
5588.838246018011 343.9712633986255
-1410.2826652419044 -767.2807347446524
3648.579155697049 -8739.626369301466
-8891.191656366194 -7380.6228070254365
6216.422689772831 -6503.1216270640325
3640.9243085896705 2349.268005873424
-8735.394285135775 -10.390371475630673
9706.629929827785 6223.238702819366
7093.01701958476 6198.950533482415
247.87078049455704 8735.743637706852
5112.414993991586 6141.934798772119
8706.852345616113 5031.02204569003
1808.3486989414505 -5014.1355391847055
1761.7477321329789 320.948764659006
6065.5831157044995 -2604.3480671346388
3744.755640868674 -7244.10555090383
8755.499455931145 6706.298048413129
-9946.828101044204 2681.3273719725876
-9663.406444774206 8995.833446782432
274.302888562881 -720.6889067636166
-809.1558267083692 -1737.0712315640267
5280.197639603155 -3214.5563797534105
8516.394109870293 4167.321925228782
-5791.656162680511 6788.1963502812
-7180.3720335781945 -7829.9129413017245
7029.6144425584935 559.0215241625356
-3602.601938890939 -2585.310629987983
6314.918485258559 -4072.007681902305
-4327.200562338973 -1681.3178655409502
-2152.8359787680774 -3088.8400068609535
4845.556495458195 3599.786337765696
-6114.708714652921 1112.2022759096853
40.73158069229066 -2660.9694466412857
5172.299400247222 9862.360733427824
987.1329972778312 687.504180046677
8189.3390183117845 9129.055273776888
-8770.550037497886 5952.208101571217
2693.1048939337106 -4585.016660141463
-2024.2055822972607 -949.6245385240181
-8766.085748396441 185.9103936786032
-9095.00198237451 9700.553094326624
-2862.9867621229478 -1193.2404366839728
-4394.346745873047 -4777.36557215652
-9660.183191781422 -4467.96580434559
-8208.43987480996 -6552.05610595301
-8487.066440876079 -5212.013702436269
-964.1194401298471 -7005.628906491769
-5947.00975352067 800.3721219614672
3488.971260406417 5040.47948430868
820.4248067668177 -7436.969089375491
7892.515828740023 -263.6091637632235
-2094.426460593524 -791.0649952627919
-5824.766257992449 -7481.817524393
1241.5314577477948 -7963.2400293291485
-6986.899626289569 -9153.58171578232
-6457.570425855254 -6237.565287839518
-2040.3275995188696 268.35442421749394
-1169.0870096364106 3006.5331872743427
3099.758111232255 207.26081066161532
-271.2194889378661 2594.785161216687
2652.3467514469703 -5488.7946266728195
8719.886771531481 3940.3725748850266
8546.345651036794 -452.4395630526451
-1245.432400327918 -3406.8983110212985
-2284.6516302201762 -6491.615333490479
850.0151052403635 1981.9407617751804
-5294.696499436061 -5404.241450568712
6751.167428148918 -6556.186926641787
7161.609350398252 2885.0359857976055
-6748.144656811739 822.9523093980151
1859.8271546312608 -9082.100004293425
-8563.915263216419 7241.525006692085
-2833.156654202393 1456.0047075106613
-1115.4969400272748 8083.638107315881
-5833.013249767704 7329.897836185817
-4198.749357093922 -2198.7529220558154
-6839.751506485241 7946.819186983874
-2948.44967692079 -1158.1044996663422
4837.417782370481 -225.1130440789966
-8739.451059180865 8814.617745550604
6159.594766683969 4000.07212820566
5409.084142650632 -3048.258022182328
9817.209623666131 3556.290643755252
8772.192916770102 8990.744870118291
-6883.681346627802 -6142.172029150905
-6418.646759240661 791.7010585223143
7237.616876840228 6817.226704592402
1451.5862203533034 -4677.705946169117
1036.2567875615496 6110.681407620417
4399.724201851148 5083.746098520174
4898.21776961503 -6843.128301550661
-2809.7176652455455 2617.4431008297797
9641.635327991105 7904.090431213881
-6219.447091091499 -4576.575155895055
3049.1426839843843 -3725.5813362378467
4796.674548101593 8438.332610250109
-7660.053143262567 6992.609470830663
5257.5999265946375 -2838.2084996558096
4738.0046289858765 -5468.75531656311
2174.039760019248 7586.635039493125
265.3353190363323 2032.6479547021336
184.60724226389357 5279.767200000357
-9012.853744734159 -1678.083352429754
51.560128034849185 -4723.132667968508
-841.8823530187856 6504.380901656437
9623.672923715498 6895.562050996337
3066.839839929369 8144.6597669695475
-216.05008875232852 3138.0728745960805
-6151.937858434107 -3346.567741191284
-1064.9679851323308 -6954.224078146265
-869.9459050917376 6261.914956223269
8735.306002479625 -2815.500482831554
107.05419285814241 -1157.038388272531
1083.8899139840923 1380.80592787368
-2525.577709811919 9841.60800132365
1762.8191920729914 -8104.10639082523
8636.77313806202 -3293.2272510168104
-320.088063730318 -3584.8152189658776
3697.0319526265957 -1530.24143225636
2315.9567569389437 -451.95978742748775
-9043.003020824515 3494.0763465594955
7765.009195991563 -1026.5203944987916
4007.6588597874124 -6074.951761320577
1666.7550571497468 -1065.828617623527
1960.1767904063381 9996.524508974846
-6634.960439884984 1472.3671860899594
-8033.9223405383245 -4894.018847209598
-213.16532917061522 -7382.129559858649
-1102.113340794711 3448.1492835834506
7821.049056460735 -9320.480129068135
909.0666188951891 -3998.746102049515
-3613.2263796083516 6858.093087866258
1564.7905440444083 -2211.176370038477
-2084.3214021507883 4589.921224928439
-667.2639968267922 -406.0348989012982
5633.457330356572 -6653.066265126957
3445.7383002990355 681.874129626849
7810.363342389566 -4939.761646320584
-8504.19719781329 5590.287182155873
-6938.9685179373355 -3099.2380915625617
8591.626147885348 7676.467643288106
1808.9488063205845 -7158.123001989694
-9490.560631518594 -5136.772417148519
-1808.9162929252134 -1754.6501808440935
-6010.362442698071 -1094.5968619770902
3963.34315194583 -3346.658002548681
-3820.6829537144295 -1497.9011908163557
-8622.319268359977 6035.622359326504
2193.498486623046 -1291.0796882434588
-4463.15786496561 -7067.470032149578
-5134.526006854303 4358.331601902093
-1607.118897461516 -2749.3483515920807
-6020.6369048963925 3575.1677113344285
-3659.2596772237166 -2090.420973353329
3625.6296155705622 -1021.751661437147
-8731.647956167686 -9895.485560175228
-4207.038369230729 8787.940630455876
959.8589571879438 -1359.1010162804196
5907.570796799177 7813.423381952358
8908.718770498614 -1386.3471683884181
1753.632727127846 9172.319711844742
5882.617933136771 -5354.990635461987
-8943.764532662943 1599.2574622076809
-4007.7399437001814 2961.3466113855247
-5019.133707054242 -5671.161429670379
8551.269599893127 6780.8091305592025
-5098.879366472755 1792.391466326084
-6325.410442251756 -5200.065153080273
-1991.0227069252232 3746.7972051060733
4347.926474738724 5008.900248195014
3689.632219161889 2957.579718844836
610.9353504138217 1631.401758329761
7055.5459920043395 -7812.644968716886
-7467.995995193109 -8323.401044925984
8632.015011271658 -5005.345763139415
7812.6510699555765 -593.0383480755081
9909.23557039311 727.019851951678
7144.703462137881 1967.2462950920053
3323.4727635298314 -6903.799509795936
-4146.420094188934 7486.260186908079
-7797.373886477821 -6147.833548134354
-6103.837186352763 8154.455496269897
1309.1139171877585 8326.571232556227
7941.895750215943 5096.819155392084
1835.6781170977447 7995.20307112411
-949.1021802302348 -698.0849355193895
-3942.6549370809735 -3287.138234457794
-2626.949947943149 -6565.645883154923
6315.458995916006 1903.0139265158123
1327.1568821404016 -6950.629287062546
-9392.665956567635 9738.477820949189
-7120.554749037209 -7455.419406455434
2777.753042387085 4228.303042460206
2825.8212818060438 1125.417964515913
9156.173909939003 -5870.090560673429
-9607.537999966413 7127.143979611465
5456.181912931477 -1265.5397423629001
4.467622807096632 -4772.275774535384
7851.3656090209115 -6172.651562386182
4732.4677581331725 402.2925954822949
364.45921848959733 -7495.417433145261
712.2230795415435 4911.306058101256
7054.250463974098 -7970.233728678524
-257.57661967810964 180.91846057483963
1957.4040619837742 -2454.7329551116754
-1698.9633297503951 4125.492520989817
-7659.986543582831 -3794.919503820828
380.72407904057036 6278.592815594655
-8463.657387597046 1175.804488525322
-1171.0095504907604 8040.189724370459
-3500.1150550276616 -6043.966957724599
-4711.10995648385 -6585.777393634085
2164.5143627107427 5593.401199420432
2371.2778653940622 6802.080896605465
-188.83683208645925 -7367.592239455145
3349.735788432554 8733.947957088207
-141.88143125363422 2005.0480602185726
4454.472727149134 7861.383516911912
-9159.314684399578 580.2097095700447
2751.6464833468435 8100.9105701930785
-4181.384420831722 9716.66566765328
8629.714687931682 3509.783057994915
-4952.629735348968 -7081.566208435426
6074.577965930637 291.51710401543824
9471.918106575107 -4429.8483213753825
6200.43394341412 5270.179347978425
3449.4594185673486 9734.044758469976
9913.413905923102 -6761.17983611533
7080.08670281884 -5881.048168605012
4120.243583993843 -8221.13833201961
-1377.9219982915001 -414.20425000133946
-7445.700345903759 1463.6428950015015
5691.162551494024 -6067.219351104589
7076.624238558139 1800.739505020927
290.74608254639315 6207.509917752246
-1780.4195683340913 -1165.924077818463
-2807.2366854880684 422.12118389601346
4776.020655863569 9018.25833864374
-2213.542350214897 1301.4494660272248
-8603.032582237272 5793.963833146456
-7764.943182684738 -9426.880468767922
445.9839511864866 234.61799320792852
1627.9646168709496 -8687.602293481465
9768.55775126868 5201.015463873406
8788.751273652539 -16.489529614798812
1569.9757370369753 3631.9260634742586
-8503.126799373082 -8926.920797408999
9255.333047714823 5915.154437625488
-4896.285400706397 7590.188920529607
-1129.5334755116164 -1275.0941174060372
2871.1965530841517 2211.544345387296
-307.237701465765 -1722.258615046696
1833.858684384728 8479.06014407607
4555.948935251452 4650.787218787444
-417.0269706049021 -788.863268080122
-5346.869375878145 -9377.710190279931
3093.9037070221566 -9832.21229783976
5847.48961738336 8436.002597087998
4565.586669332048 -8986.319434736795
3930.223771308818 957.2991308248129
-8786.34357940835 -7247.930137066292
-5199.546631229093 -119.68390866660047
6056.405980778209 -8943.499960505673
2201.9911678074404 2961.8344642684333
-5044.580565396222 -1693.9378749999942
437.0100992446969 4699.009717954712
1520.3729833550806 -6366.096391838511
-7613.187195125482 -9565.524367844224
-4039.837409648053 -72.42031390222473
-5794.935755060351 -7436.25183273098
6560.162027860319 -526.2407449680741
7208.990823598113 9336.257065663118
3188.0801566453792 5818.696178268814
4779.223077211538 1682.7537093479787
1078.5387105321533 -1580.2234704368784
-2510.899238189708 -8431.76982172745
-9880.847421019687 -1207.6279474216462
3219.42966164499 6560.910967087639
9958.537950779704 2110.1305555570543
674.8166315084109 9624.26853519812
4479.350365481512 -3404.2700222934027
4502.888979403218 580.4293702378764
527.0914023836485 4543.050480964215
8127.840164427496 -3740.2575220779745
5258.091541408354 3440.605420072403
-3555.090460812169 -9957.31507983211
4067.7272901200904 -6580.0104531081115
-5317.438044297025 -1683.3124469207378
6782.587722360218 8132.001839748784
-7975.716521370646 1311.8716123234371
-6352.0344597568655 157.01548604920208
-1007.9296108600902 -1153.9082345187035
-5385.302758478816 9185.065407797596
6128.837765178057 7701.083401094238
-4472.962295721705 1455.0332132769836
8177.144865713173 6667.928835737737
3035.9151656723498 -7678.7840191479445
2736.771299677006 7741.451242594401
-3590.447690611938 -9680.5269950347
5293.849367826266 -2490.442137093325
8886.122062578845 -9265.952698576448
3549.4106816986077 -8525.0365983568
-6189.267994482039 -579.933588192027
3135.3534932216935 -4136.8811921931865
1521.7170331431244 3515.634500865868
-5908.9932586044715 -3588.406888585744
1798.8507421765498 4681.334011988545
-7116.3891508495 -8297.452375310899
-6341.237019592323 -7366.140063677658
8291.197891424683 -208.64374138913809
9380.49123558167 1994.4130606999515
1126.5125529623128 -8799.166844667918
2866.7626252529935 3851.394991554238
-2434.2392354324957 -1208.0745821903947
-6205.751574171041 -5059.156072314119
-6243.8550153345 5588.146914827583
-1521.3024377893216 1976.9549824519145
-4588.717315732955 -4677.572472809981
-4021.491427453494 -3581.049021701703
-9736.221372672993 7291.462369691337
-6317.0480055186235 -4160.54637874377
-6470.630867863896 7044.046611909263
-9521.077314854105 -7936.570213786611
-3052.794333032527 7496.297668785828
7562.74256372976 -6624.316133953489
-9503.977601215287 -8741.941003648868
7061.203489098665 -1651.2247097809122
-7453.939510609884 -5728.800231205604
6848.688579733243 -7777.8497315820005
-1008.1922887350102 -6698.076545410306
6294.8701377781 -6732.825146842984
4820.74089461059 -4604.4004066028
2150.1376579573334 -3798.3252714780538
2608.437510052074 -3905.9437265057513
-3626.4365362039516 2471.4828050269407
1590.56014301283 -4968.342192984221
-1569.123549225622 -6904.596100364895
-1752.6058078273363 -7532.090643520828
3437.5600026882184 8773.91696862554
4746.74988907222 -1619.264240340004
4494.85593452492 -5909.159699556619
5126.223036481144 6935.982981453089
-7335.891374041093 -2108.9165320736747
755.9439677595219 3465.1041801983683
-8752.457688313069 296.5276123806143
6408.111604381327 -1475.6079139710491
2391.2122048857836 -1674.027149230069
6169.764132548153 4175.526409759737
-6501.461363428571 6714.00551468469
-5529.611922948163 1318.6178425610888
-1459.5160464514938 -1722.463342707777
-8343.864525035913 -6274.669906308212
-4928.9178856663775 -942.3278658958807
-4172.43996212044 4361.0626510128095
1604.6998294005407 7468.484932462063
-6932.045736271282 2651.6039747727427
1984.054880149115 3813.1636504645467
-3275.4829285490823 -2458.9610288839613
3465.673808627338 -3218.0875269483213
3064.7354863990913 -9495.864952793709
-6527.867569157748 -3075.1071396815432
-4584.470136323762 -4882.187941022476
-3691.920648238829 -6402.60256334473
1802.8614904513379 -4637.283991426498
5609.685313085971 1503.3557928528207
-7855.342597520381 -6482.670735232652
894.8437277841713 -4282.821834072081
-9789.935777881838 -9676.554727182458
7304.0709064472285 9942.842964871536
-7156.796244685258 5043.249847168128
6469.741641433739 -8226.947697304775
-5640.246033735685 1094.6508225394773
-6576.0677534980805 -9159.825051148251
7559.8331917183095 -5857.087717442613
-447.1936617200081 1004.6074723728179
-5539.167698982675 3843.0504779262046
4828.133722747554 6105.089155136238
9638.98169989455 7868.852577566675
3894.19282792806 -9700.583860547953
-3021.3929121793944 7430.790142389993
-9939.045678172093 8652.898247318986
6663.1815631578975 -2823.4913741610426
-1147.8890471199375 -8614.180439289737
-6597.566349430448 9183.968578927168
8479.166313646994 -3929.9444144520467
-825.0702563417362 -9301.269176849646
8460.45534381736 6068.924943240119
-5824.287667538492 -1666.7143420845368
-423.3747337070199 643.2387290706683
8193.7174842741 7637.719825614655
-1548.2397293608446 -7599.562395287582
-8696.136247000408 6267.434402274879
8271.992879850033 1142.5904160601858
-2456.1432065191366 1415.0279074023983
3501.0976383329526 9672.96073662884
8155.90673837487 7739.860508678161
925.2201641465126 6749.728201058573
2008.7183928594313 -9279.764883061885
-8043.448349557471 5129.377266410107
-24.734834949971628 2169.516674281478
-8151.58442023868 8521.159336854933
-2672.9863371917336 -401.061672864711
321.88704810445233 -9722.050153657021
-6384.570267149666 9176.236450742643
5076.7231341394145 -1222.2803192727242
-6953.259618469743 -6779.333982239615
-5242.958085778573 -296.24489564067153
16.095393955389227 -2508.646684130178
1164.8349031267007 3810.6608439014526
-5747.580124525129 967.3543522880573
1862.0671661498818 -9732.915242596306
-2064.59433049611 -8615.81463666873
3774.76311878691 295.0182222364183
3181.252677875498 3483.002900768528
-3989.8614889363416 3579.4277852115465
-7546.078847062187 3745.0186023380047
5820.49763491518 -9199.128837021215
-3256.1884781224508 5325.136183337756
-4504.73626757069 -352.3258371298962
-3234.051948841785 9965.205542439719
-64.82713197032717 -1206.8630046957915
964.9027882107112 -141.30122637713794
4760.316297161251 -5422.849971352781
-9226.162642903457 1755.0113102877403
3026.369280197916 8510.508838384128
8360.218065121491 -1966.993290593604
4971.010552300075 224.1171858679245
-4999.106067959314 5039.824718563397
9685.174246537168 114.17459335865351
9264.402619182809 -2317.622563627735
201.4562063048379 8688.363057589893
3338.5104126564365 -8924.631230900191
-5785.370391080209 -4503.06953977889
-6873.837416291717 -5008.927195785742
-8503.097255557399 9536.500134777456
3143.157621451386 -5077.474820825199
6043.186735409341 -4856.677041271924
786.041686701521 4763.166463082305
-3920.6865894829643 -7353.394641937783
-3801.1510711806977 422.40696596814996
8288.796833993172 -8568.555731765508
-6247.514102198952 1137.9721167983407
-6038.622234708364 -5435.178694989484
-939.2866253441152 -4187.702596548861
-5760.737742479459 8766.994749000012
-8508.174226930198 -4608.346035405027
9234.606477162866 -8735.452314165192
6295.294848672329 9123.084469318444
1514.4719290519697 5940.255788294526
-7252.201695643043 -7534.35956038728
-1702.8845817121764 5198.840400109286
5133.202749666036 -2501.1850923167776
8676.145879470801 1096.5789362335781
1906.237605046188 -7137.527142289706
2286.734824106301 -463.3448489113707
-4950.254719045177 9578.990915669248
4050.7145597601466 4711.033133567049
6420.553109674227 -8450.290064187931
5985.068023820477 -2526.450259053574
-9210.836201311811 5084.237006888179
1530.9592609006359 -9042.178490218494
-3686.3737416383956 -9487.48989240759
-9541.882828656187 9507.474145916669
-7651.904951094735 745.9616990633895
3122.035876525075 2865.101656124187
1771.7474727832632 6595.527943917088
-8300.88684973063 -3429.7242433116535
-9566.110902215445 -3279.363636617878
-7002.490019586778 -8354.170356405943
9846.21917921451 1274.735727993715
2539.1600788234173 1905.5409854211011
913.4048735718698 2629.3190120812433
-7168.975887141791 -4404.742630828802
6278.249218577419 3999.804555500523
91.33292945904759 9583.40047572038
6767.907697364535 7363.049087138592
-6830.772814861204 8945.701265155807
-6537.2397499884955 5747.66569540019
5993.845990624615 -7457.079243932236
-8930.302573239198 1794.7325329133873
611.588833279975 -3930.785809937791
566.7432131841015 4427.880472231893
-8282.084066787836 -1947.2890858506362
9496.089354378295 8538.151709269547
5562.720434697392 -8581.21893086343
6817.771664179181 8780.440448669666
6205.951663347012 3480.366387520018
-4103.625749923643 -2105.287873543629
322.83530466294724 -9401.33272827689
3978.310563609628 -7593.37546998756
8105.686528385002 261.37353066289324
-572.6213541952347 -5871.434822359532
2281.9645707805703 2954.539250466183
9021.442143244636 -5426.463293455182
9865.886994929537 8958.10614359058
-3226.740052447656 1210.7195954213857
1983.5607953747094 1073.9880687007935
3023.6273796244077 9432.952992584931
5959.257091025227 -6700.468785452029
7965.1492776793275 2172.7776789809777
823.1089732244109 7588.0766821234065
-2709.860142943073 -9704.90274515511
2498.1624495389915 6092.254018881735
9316.273800886327 -8789.090236742923
8147.3750373945295 4664.539961967868
-7271.212282751574 597.9764260711327
-9491.19259901136 4893.527724252121
1988.1864872765927 2680.7007416172673
-7480.08805236819 -3416.744207419065
3487.5504941842664 8212.892263392798
-9870.52162699469 336.8464683809598
-296.2808784780609 6123.493289294262
6918.450662856747 784.621744051834
871.7583034292038 4726.768342984087
-2001.5116142057532 5000.756745266439
4122.293515134772 1464.8432706303702
-7370.198116328177 7781.453417616187
-1443.5614546639463 -3658.1011293557867
-4902.557989743533 -4288.49706318539
1393.2065818449792 -6474.272972434575
-8392.108156896484 -4674.965654871253
5109.449693716246 -1966.237678762217
-2684.5514254100244 7170.135418318925
-1597.4768099971207 9987.112605148533
2060.559074579962 7215.942630033624
-5158.964176876779 7607.51170200554
-4000.092394606955 -205.28847113588017
2229.1949852043235 -8051.472094014516
-2969.2665017893005 -7849.72577265157
-7004.581980964941 1293.7723827477312
759.4893717050909 9668.202188866464
-8673.966416370453 -8778.75516705204
-9262.372414408988 2991.8971397993373
-3699.9450170172568 -2475.625661937095
1784.9424156230325 -6517.257944581072
-8058.8378592552635 -6503.288333001682
2443.5622853018085 1861.349126054527
-5111.808787915282 528.6370786573261
-6046.658151779662 6370.840915036466
-1704.4294333859762 -8469.147409555522
-7387.950428287877 1432.0196056923342
6610.325214045668 390.8387362678204
9981.417297952445 -4485.819355586725
32.398243459309015 -2515.141593159986
-8877.235418943603 -2175.778050647794
-249.78341588493277 -8790.508695496494
-5106.429136991337 -2579.370703132835
5453.572645959417 8563.103610109687
2309.023385940738 -4512.2006280977575
5161.057401517657 -6000.952907350056
-929.776492240595 -8239.909464393213
-5940.576005364255 5088.7999960356465
-3416.602564900588 9463.877322593933
3837.4382457454776 -4025.3381779918063
-7857.896615997302 9649.813862020765
-3093.095508172516 5158.023607812205
3417.089203217598 -4583.609460134943
938.7290748172636 2860.64016687042
4996.112281984675 -720.2010897026976
8302.035995893875 5012.735788628901
5438.687411654666 2824.013907027107
2279.497964325803 5863.186934530329
-7841.617947229763 -3231.0937074369585
-2657.788148074016 -726.5790231133615
-1582.0609691289774 -8276.884111233428
-5697.399682657154 9948.0904314881
-8179.838471724656 -4857.690691068937
-7176.025202545561 171.9717027613351
6900.150315916686 -1607.6373583847817
-6449.443373381006 -4936.037448647293
5772.142651293258 9320.908692401561
31.903366958234983 -74.56060159361186
-9743.149341482416 369.59887988769333
-3349.151730095681 6951.660194450218
6512.865894791394 13.334719227077585
-7075.780674070577 5391.283715682577
-1081.65999922041 -3808.3719231881205
6830.748972792269 -819.4869983241242
3796.8174081013804 4401.161685906476
-9769.24324606252 -855.264463560392
5553.746590500521 247.51793333878413
-2022.6685963093714 -6948.016050250499
7887.853349918998 6507.961616616914
8978.904264366902 6118.90830638887
964.2198464236899 -1863.9428783755438
2258.255359451219 7011.38525721457
-8216.43451513565 5142.818476957718
-6036.8484074597745 9948.277794974849
9454.880494063214 -7082.014191596398
-7681.021950656661 -7791.722808578139
-323.7745593300988 2308.9340791521845
6673.86709007289 8156.155226529954
3451.15974398043 -2346.370905508732
-5927.9964842729 -4153.828519220102
-6084.077552195217 -32.05736675559274
2200.924691185046 326.7779084337035
2125.144159712032 -5383.446061518693
-8906.202755014656 -1037.8305442894798
-2258.4765350589087 -1949.4335294583025
7627.813594339343 8402.647814990753
3797.5584342640504 6573.875869657386
6644.993586894678 277.1531953247395
-3954.9177160120234 -8395.767572962872
431.8496719645773 -6752.262664634596
6881.004957546513 -9476.156044199362
-5670.482285342411 2757.1614423849205
1435.319216530228 9968.277985795641
-9593.885449934718 -3382.8122730960185
-869.909245464838 9281.322135271097
-6591.751299305078 4526.570500719421
-2134.2010015215537 5867.368901212438
-6381.251625977098 2674.1288699142206
-35.937386313995376 1301.801190499893
9782.849463734157 773.7084503886326
-906.5692500583154 7313.755466976181
-8074.777350576581 -1805.7578600572615
5627.579048238151 -5865.445445113904
8665.388523165064 8289.521255640862
4232.914497885793 -9791.00861418014
-3450.7833589802476 -4401.305751438274
-8044.763219313151 -8104.424342497667
9949.373504745341 9279.928786711731
-2327.2372820516503 -5464.26102437521
-752.2814967426748 7956.061037485266
-5494.5099211830775 -7849.088065246022
2297.8313174057075 -3907.522143388577
5618.513505357923 -7969.708028470423
-424.0147947044352 -9906.125707567167
-9170.426966013638 -7398.974386196178
-3035.948482029902 3497.936403429587
6528.773219060164 -1773.5688350523615
1767.976910524114 4960.412498711346
-5358.94121128651 -7043.195407454284
7360.619289878519 167.4348762208774
-2290.300304431219 6761.243990133531
-252.10176562120432 -622.641974891083
-3348.3194435929527 2397.848305532658
5392.366920691935 -4014.2011940106295
5333.563429609081 8833.535965188625
-6211.5363204162095 -1676.0483581504377
-8160.966311856977 8003.655625933097
-9431.134116869913 6841.6787688464465
-9852.998456637553 5705.447961811065
7331.521311752858 -8106.738058181042
-2088.209367126623 4548.335371584219
-7087.915320868731 3535.1203817558526
6134.595533880078 7137.918982597883
-2513.3478765123555 -5938.7945118063935
-5261.950910948285 -8950.530405540203
-4325.164703256956 -3556.816034792383
-5596.601799701147 -6349.394709039681
-2276.6272575934245 -2591.070851792576
-497.5594252988885 4461.75126470268
8885.64074090189 -7415.749596241539
-445.9698393968429 5496.8921451931765
-3727.4310849795647 -7060.809712823439
-2642.3771568469865 5906.022505225981
9735.638292272102 6721.631928488667
803.9747868326504 6244.616879374722
-1247.2207737505832 9127.357458387258
-7664.216181482786 -175.66069063024588
-9176.846213577412 -6852.884737395239
-4871.304604253144 -6146.872487302677
8536.961403880956 9347.64982860905
8285.777646891238 -8548.317509882027
2271.5611204770503 9785.059579528232
-5313.80049946697 -2862.691704107623
3375.3581345657476 -8184.747869058789
-5398.4757373405955 -7005.049222859488
-1263.936081356127 -8742.321944195808
5790.675599695951 509.1902668736966
-8209.906600453276 1184.9190634179904
-3492.710361377136 -6090.151491403973
7315.01311672643 -7447.873786771779
1700.827457727668 4887.776883158285
-2242.877037759041 5946.701007697366
-5334.522327724009 -4333.698997260202
-2618.6057322237266 9930.019723049216
6488.528820498454 -2332.2967497764103
7191.161820230591 759.4137779439825
3872.557880516222 -3606.9790658799475
-1649.896455603719 -9279.988129807683
-7746.571562649791 9637.365122836229
-5250.783722903733 -2137.5236233844653
5608.752553533755 -4208.151780417524
-3603.3598696197887 8634.0484329764
-3050.874200363858 1737.1294929887317
-5531.657000385621 -3293.2553173303304
-5792.895291052473 -4287.508045727249
6142.84068271823 6247.935689699983
-4913.458045741668 9548.261302351566
2753.2646529025133 5944.962515703333
1407.562566874467 -3221.7020540618305
-1674.7210627051154 -8713.16769597577
-1419.8830221820808 -1596.8134134611173
7229.460455720895 -3077.542147470047
9061.69428740628 -3546.336019781158
9461.957182390426 -1643.6960702293072
-9997.547639546594 7007.720181595927
-22.638304450925716 -7191.2921251194175
4753.661389611692 -1056.2660351782615
4532.911332207383 -7240.443497531015
-4486.976522517485 2465.880535180715
-1336.7224508086183 2510.3974954905843
103.08232592028799 -7683.009447929297
8690.361241916515 -1958.5223294595799
9726.59515007267 -5402.084866512016
4082.6718607988787 -6493.4000413588965
-3484.600419166928 -6758.626635587879
9014.021886967948 -6099.892451140768
9786.95250904532 2442.1681760963147
7631.4193523051545 2746.69566875509
8145.386983222252 4724.547041729415
-7672.789226548033 -3893.8301132948363
911.5847823991153 -9168.59180166642
7220.665345430774 9751.668422941548
-3160.5877597068366 -2751.0539139656485
-9910.63324477967 -4928.719190464519
672.937349901018 -65.7567499718989
-4849.085360966883 1059.3870054490799
-1177.9132368891715 8692.218487214224
6380.61398542493 -5294.533624398147
-5718.134337983159 -4347.7492820277885
6460.971981828661 154.5126610269799
7892.925987402734 3423.6979366234955
9993.987221265965 -1795.387187637325
-1861.0943785277523 -6236.554324324686
1267.3644036244314 2023.6471106774152
4898.641381692643 -4032.4791992539112
-3349.0458532426956 -7591.529906108194
-6081.005528249492 -4297.292155812633
-390.1367742742841 -3523.6489530274494
8246.69524409249 9623.024069216252
-7644.1530910122 7369.8406218497585
455.26647657282956 -1130.198670628899
-7681.262347215556 9372.657160151666
5225.739330795521 5433.040598435753
-6095.159232139671 -7224.427669886193
-4312.460595737446 9355.604686206527
-3580.640296093653 -4102.299669396827
8898.561712075192 1890.721159552857
7565.094289961518 -2140.0157496572665
5941.129661095685 9977.179664053136
8589.789256037413 5024.094254352989
-9666.829203551528 -9224.49517255279
-8060.316228862452 6451.347881886195
4801.610746434522 1512.3016968830161
-4813.039105401273 -697.3245019635924
937.6374915409251 -491.1320354558702
-3966.0490622110674 3792.0534463957665
8851.145274154678 24.08123746835554
2357.102387471463 -877.7561970598363
4664.323399230983 -4579.528899071704
8538.893780239017 -3226.923825091101
2532.014322870613 -1833.7068119163532
-5253.996949965922 5578.917995464006
4849.117056692019 -7684.6694626867375
-652.7764084973223 -5776.617414389389
9402.969144063463 3360.0493381589786
-3675.238331658148 1095.7400488788498
-4548.694624148373 4732.645446230848
-682.2910248984135 -1105.1142094319894
-7945.970860372012 -9267.570279659805
-8153.360152256992 -8066.854091327243
-8540.291597637224 286.8922478240729
9303.442561239546 7783.588150514719
7945.353969163014 -6292.295035828308
-7549.357443593818 1730.9304109553286
-1769.3081193807866 5481.826423339242
-5540.357596700822 2427.5261274332297
-6564.190026768139 141.7689861246854
-6072.550206097558 -9777.668090242409
4523.696325734292 5388.00726799113
4846.623644961843 -4177.849263371005
-6733.135713653142 6890.409773850013
1163.3323301876007 -3739.136802360108
8999.89753605035 2574.4706961240627
8343.559433457827 7593.76157728818
-2232.582263803988 -9297.95360493662
-2722.3345386500423 9300.50524573652
-5050.374822842671 5685.182736678227
6888.656685470669 4071.6244159457983
-4954.7804113792245 -1674.4505908823685
969.6747705505459 -1530.0957942704845
-6985.827598607237 3050.886165897
-7938.6231429263935 4899.393431100003
-9569.528788450565 3723.7771330068117
590.0327579041768 -6618.822379944089
-3332.3922143942127 1726.981110923267
1022.3176384671806 2826.46854043406
-9562.742305918482 5283.447771077108
-1547.062503492245 -4186.026289892046
224.22687249406954 -2651.951356046542
-1173.6111458601445 8319.904299521866
-6491.575522294188 911.9767309456311
3904.29053923643 6415.3940100673135
-5862.738696181164 5189.652985190845
-1875.0945072335571 -4362.493395068612
-5190.473140023586 3911.900476006678
-1338.3925313118089 -4443.587065668437
-2645.5253648317466 7828.044894323521
-7727.783306660143 -7997.270332711703
-2662.525953010595 7523.512213712824
2941.2778678626964 -7514.586960164155
-8503.734050181833 -211.6107972184127
2852.5074699308607 -3477.9906617973566
6609.5011284142565 -8973.662524466894
-4111.191747033465 -8080.529385690696
6621.9087222327325 -5427.859294373287
7642.384401979147 485.15166412015606
-8801.917246192948 5290.073248647859
8827.664298895834 2214.0042422930837
-6650.44992793252 4454.201349106577
24.8840096613676 5689.4015751300485
-3622.5785630751516 665.6099235973943
-5157.654846269595 4251.420234901401
1095.5953260199276 8440.471160810004
-4129.482723586389 2427.821161615406
3147.1348465926912 5106.773278000757
3211.3084079645196 -4810.622143046235
7199.099899146426 8776.428987699182
8900.983226701115 -6217.4030666515655
9898.761450785925 5413.3984589927495
-7794.62550850508 -3790.7029384110765
6696.798628396809 1397.3604063379644
551.1702365191068 -2136.095827187947
-1009.2838259517139 9486.371247344545
-1232.7633363165314 8405.73598732534
-2485.6067711190262 -9289.134258651226
-4654.922760340523 4634.954184849485
-4502.68232991738 -7514.747410770448
8587.695683760161 5957.26316285302
839.7254724215691 4102.26242717326
-2198.7257477147004 8963.848531109805
-9602.486047748489 -5220.879066458162
-4905.747967593499 719.4485452775352
1443.4598881508246 6553.517480389884
-8116.473220744354 6542.861432031084
5468.926642720118 4581.249105786792
867.6728346340315 -2619.4030040033203
-2287.100438607892 766.3286390002995
9012.215296660048 4315.783514537459
2152.8478845475693 3158.245339068162
2.1650136934331385 3320.855323476315
-3835.4344638932016 3179.9805482061656
-4347.833225587115 2053.943468831796
1655.8040679830428 -4495.7189953559555
4924.775849442567 2315.307109374209
-9798.843308375444 -8725.398745389217
-3507.468927505244 6721.538557286069
8553.32175637743 -5628.966380505401
6189.648447595342 6221.693748847556
7878.522238065267 2550.446431448503
-5765.680080250837 6270.895456194336
-4838.488099882307 -9456.034263776832
-1237.2480478247235 3793.3718981793536
-1551.732275515713 -9426.169810723042
-7998.7612243758185 -5491.7116499230815
8942.10370068119 7255.56665360586
-6687.278988858632 -9241.851408220007
-7558.378213233911 8480.333322002123
9389.4347971971 3670.939782614165
-9793.450273353164 1626.183364564069
-3976.5820799891508 -9696.397119405294
-4939.813831574391 -4674.086345875805
8171.784804372335 6355.824180352667
-7615.172465715736 1023.0639545847789
5443.85269850453 -1890.468471317039
-2360.803013599484 5676.53846122655
8672.348700764855 -6559.090164936479
2124.567590196406 7228.236738119194
-108.92055757756134 -8931.86418436091
-3051.0809700643767 7826.968845002211
2826.617756589001 -360.5504248592788
1486.1218707891003 6305.8577337161405
-6078.3033938166955 3832.5802760976785
-2900.1964021599606 1039.3203561768369
-5056.826176666578 -6672.040958836851
-500.7894643646523 7059.638291526666
7387.575965734875 2334.542957190446
-6182.975043304219 7192.022147030464
6182.392313809078 -7711.500796492465
5346.7632846819215 -4029.0072244947496
-4408.55521197522 8411.386684093617
5850.032630820961 -2770.1976258559216
3767.81142485033 -7994.108542688574
441.5822165415848 1508.5200510950035
-5942.052404133331 -5316.426552270086
3282.7350536011254 -2194.674141636483
945.7910485245247 -1839.5131499432746
-8338.54513224084 5699.448994967497
-3564.1901807828826 -6177.052022502896
7509.943595353157 8503.103526968178
-1290.9106374402454 -42.878497636884276
-6991.663647320765 5853.6714633594
9046.731360825826 -8647.483065576027
2645.701885066932 5036.303668350514
5299.977416602325 5930.874263832331
7957.230028861901 -5669.010193667327
-9403.367483713839 -3881.6557258039875
3129.1242257826652 8807.091229716356
-5491.475973649651 8870.25732342806
9760.392015173507 9242.199235256685
-9435.120766632721 7574.193536788462
7293.369660076911 8221.114012241127
8781.668162931186 -8501.533603943139
1972.4795997673846 -6025.36354782428
4787.111789782672 4019.538953253452
-8336.625259642899 2146.765123435818
-1841.2910856050594 9553.306750708583
6462.275570603968 8432.813507255734
-8252.698956944296 931.5682287835243
5747.972007472345 909.8466506339719
-8951.163981855405 -6093.567122307484
-8823.393729448877 -115.23424022353538
-1905.3390490030715 -6468.1926137399005
-7907.982022601484 5214.257805877345
-2133.6735781849493 -1637.487155078663
-5077.914739297422 6304.739018338783
6901.035108954482 2727.9888902814437
1354.154510261491 8379.33563535539
-6460.966999334516 4778.954097697864
-8569.698264940402 -9897.16435395489
7174.391217758755 8571.787326402657
-2824.1665290673936 -7715.533075683716
9905.786567660525 2146.8096495720292
-27.917261006661647 5132.252603938201
8144.0413775342495 373.051753197622
-9392.778746108768 -7588.394499919308
-5981.657778312076 1273.4896468057868
-5213.5485361232 4864.731069444493
6833.216309846906 -2388.845021438071
8855.617700948555 -7623.689863191054
-6636.511065086037 -8292.093060231844
-9410.090968823939 4624.84240746871
2434.6198970217774 784.0893249015553
8122.0067295854315 -6662.063480405242
-5979.047916380216 -7451.323869631569
6431.662187401387 -4226.26048138258
-3995.4160545393734 -3664.0713124085123
5291.368283115287 8679.603686942552
2772.7106547405892 -6224.003035976031
-4839.575229757312 -5267.005085068823
-1008.5446267528368 4803.286898383869
8242.373539784872 -651.4415745764363
9179.35629925337 9747.844366491208
-9231.585079744915 -5260.849773733762
-886.1665063046112 6321.394731347296
9542.092544988973 -9752.431384607793
8639.11849783261 -8498.911605535888
-9121.823952569319 -6780.393614679137
-2895.7132360919213 2630.4194535407532
-6708.666329485424 -6932.034425709182
-7554.820119324273 9498.170125558972
-3362.1563239660727 -7319.525126889541
-7165.824240290773 -277.34195031110903
9886.24451202531 5954.959988924933
-4143.092095931329 3459.96376013559
-2709.5142699981834 -2002.981770194665
4335.199676076909 271.21774126092896
-1538.2035400776222 5395.862063061657
200.62856472116619 925.4391886563681
-8316.860872655667 -2002.7002342995838
8233.30131007903 -19.178961304007316
1782.7812136882567 -9278.17772390535
-9984.435668871529 -8821.237699420928
3981.168904741957 4229.67827682297
-4889.453515666049 7001.3550566532285
3347.9401337448653 6613.727402441786
-8739.43489776693 6184.446245403617
-4146.423831957335 4804.75741814641
-1689.3896651990053 8544.784598647682
1472.8512736654393 -5997.131663569362
1597.2521374688913 5171.1892827407755
2394.8749803791306 -3797.57192788633
-296.51074785650235 -6153.934420737511
117.2082488052256 4757.009454954639
8765.207791775061 4505.014369174209
4049.168506922162 934.6245413090928
925.0698573881236 7608.673372915084
1222.1001379710178 542.4845563169529
-1935.1742157446797 -507.6534341814677
-8197.950256602591 3954.412786414714
-6392.829030097566 -6924.62136594549
8322.933577740401 1252.9415079527098
-5036.543228778876 9753.64028510093
7905.945077440847 5702.048078578826
7113.6951638209175 8864.889201081078
-3796.3918167983347 -6604.637719425644
-6159.531428345517 4808.193205727139
9404.531523349739 -5321.383437957626
-2701.494278070196 8714.987797644746
6357.583027458204 -6176.014581186024
8886.84523600409 -8489.235016164612
6721.854670989644 7437.891390628574
4800.656493432549 -1727.211833072919
-6978.551855111013 9212.75032433835
8174.956078268231 9980.627307497878
-5418.236860758599 8887.026129579917
-3607.398359522751 8072.736223319291
9546.63178696311 -3343.1031909900803
-3085.8881412678493 9663.67042611914
-2476.7055276359406 -9213.289427081661
7897.009054577527 6842.979900182414
9874.870359610308 -4205.663835174438
907.5414724876227 2168.193744972199
-2722.3668129591224 -8658.58490492021
-7812.198403412471 4280.733235020971
4883.058508911987 7837.421694776713
6226.403499881761 -7485.001685147175
-5727.737353549036 3770.3494320570226
791.0512824671077 -2562.7417782554994
-1636.8870103628906 1905.750597582015
-3883.5291085940353 -4557.583593314969
527.9435390741564 6749.7553052793155
-7398.646004235112 -146.9071974310973
-7597.531471554373 -5949.3910918297315
-8846.900582118182 8406.89525600009
6214.136615258243 -5382.833616944842
8229.30522969531 -2415.8516197795834
-3069.164707029743 9361.697794364256
3660.1189035128155 -2080.2404127023037
7128.499031989057 -9771.746646321111
-6504.29332508846 1259.2982194483902
3198.8404999360155 2546.7557428637774
2408.2607038794104 860.7862454772949
5366.076876275687 8356.882091597636
588.1240068387506 8310.088016125104
5954.178856145145 -2625.2899824047017
8608.753442900492 7409.206454639891
443.82277055658415 2529.011482424701
395.4252416347572 -5486.809848049578
4080.89898484679 -9627.02524525281
9217.708070430974 -2767.2329057026373
-6853.944084867704 -6818.947817326828
4535.9213557471085 -1013.7737924830108
-5532.5505117622 9169.527736453423
-1433.0788747252263 5575.471132649605
9356.498686437088 33.314221100414215
594.7366009826055 -8222.41702295596
-1130.8895424905204 870.3854426188991
4336.718308364121 884.6266698155323
-3857.4912147170817 6569.166952711435
9086.030061046742 -1809.1494191509391
8530.430951942839 -9136.896196510686
-1113.5382625451257 617.8278599221248
7357.134646388655 9510.538229230428
-4344.30069126388 -1015.4984886339043
-3666.693247870967 -2563.068743995531
1958.3520777970898 -3129.5086465152617
1024.6153385022371 -8819.6256400624
-2959.817505665068 -9412.559748138838
-8763.6854125192 -7389.76577503103
5770.144300770517 8464.573168110506
-4225.043608281038 -2357.3100381452814
4296.995833874642 -5528.95218291678
-5229.068966364525 4555.824165276619
-1487.5954603459722 1139.095738434191
-1406.7991558473932 -9489.170577811872
-8177.382387598495 9818.342063316133
4360.2628597398925 2014.8120976752962
7265.932307948271 2483.1045398886836
1149.0217291561767 5314.566240792023
5673.353733760165 8630.888398871164
-6774.089088258397 6089.609492507439
6354.978082617943 3251.6800139059505
6972.264682980556 -5683.333107056073
9704.810088141057 -2585.928539315687
1648.592374525797 -193.2915625413425
2151.869043778868 1705.6326828125348
-3259.939811454722 -3330.460033234448
-6954.4130496445 -5418.630310372994
-651.8468152228579 -9160.139907238805
-9651.315552909602 -7384.493265019451
3941.1345822445455 3802.6006428479886
7420.8315579338305 -2281.7597590494443
3748.5830694420856 7784.277366339033
6711.5902911344565 7570.510878789977
-1817.058127339872 -7069.028580573895
7841.267211254351 -153.74339049221635
3893.6698990541045 -4627.508011787744
-2666.5301613414313 -1766.9903564213746
-1592.755843000239 6576.146915486857
-4826.6734488634165 -1171.891954700066
4778.913430389597 -977.5162789912283
-599.5351306293833 -820.8047327599579
3279.764919306823 989.2449962609298
4106.015253721973 9054.097923585843
-8134.678432339779 -5891.290647296368
8488.064074151003 -8033.436337109021
-8980.463411239365 -8632.526903436325
5030.1232182511285 9550.758638763396
540.7194985106398 346.6603843049634
-6597.6472766880215 -2931.1733257906817
5933.573943682135 6754.429751260614
-6654.577846452254 7652.213778760921
294.19110873712816 6681.568862968052
4582.056293479451 5318.878002387892
-6077.507495609912 -7485.128748595271
4711.4617214351165 2374.9035100207893
8369.280498798627 -2928.1122599407845
7076.9974011334925 5500.440096921926
-5777.300224767728 3274.5647764253063
-242.40624483618922 -3363.6887686181135
-7338.419394372104 -7441.825407617453
-5881.404103837762 9729.019973000039
-349.216007633524 -5784.143718212104
6767.852953342117 -7541.6951062541775
8626.327365082827 -9992.00281152424
2298.0351887556208 3262.795436263623
2615.7248103486563 3619.572853377309
-4143.684032144346 8295.723444241314
-38.36657790871868 2927.493463478475
-5632.283234621696 -9615.941663399992
9164.551925207586 4543.891533313619
3148.559090629071 2630.8320735728557
-2167.022411344641 -5269.797254648538
681.634758833301 -7008.16232716121
8327.075023982074 8530.793881418194
8484.852401958706 -7025.726701998989
-1595.418476428904 -146.20054515430093
-4709.712389227554 3546.3337893766766
9025.31090938847 9230.734551749429
-4839.300292578526 4413.135021443066
3443.2950494358465 -6884.645980384852
7705.758542653621 -994.2214110152163
1813.2349148848389 -1163.8528282612442
5220.361977077224 6846.763354199422
-6239.383336583802 -7304.260143091649
-3647.412911092687 7396.356430090826
7712.47575327698 -4785.58762392048
8818.983299724627 5050.9462511776455
-9741.526213407476 7143.818466801713
-5279.947171512067 3655.8052521501195
1409.5879176784183 2630.917392375368
-8831.05738819852 -9288.910661379705
2344.3882652717148 1791.0267058160189
6231.505340489861 -3608.6764923105366
1080.516158609591 -6047.178847146941
5586.064071769364 -9434.989858780027
8481.649433910043 4966.984424799108
8846.356900643641 -7807.587571584136
2107.884516920649 7224.16580304052
6151.300547888477 9795.979976243234
-1359.8745315559045 -593.2428792592873
-4589.632973010913 9139.268326126494
-3043.266473968638 -5497.053355435964
-1496.4761647193664 -5183.368469091898
-6586.6686836417675 9240.391637390778
769.8432891562297 -3852.6376465727426
8474.329271487499 5850.767524885534
-7720.956330221574 4584.361836671638
-432.61591870192024 -2044.647141175251
-8334.61712980921 -211.17384971334286
8879.666878245862 -3634.2837881127934
3713.4776805644615 4588.8544681252515
6787.4642975701645 -2277.5144596968057
420.78004041323584 5231.265453236327
1708.3003093260104 9149.070225835552
1921.6016506676333 2652.3463588173745
