5808
-7599.355991997048 804.9008553471922
4578.50720303747 -8457.80611603967
-8625.045455442449 -1420.989214192743
1673.9649173449525 6008.839105911216
-8364.14347045001 1539.1817353878778
-4071.820983706273 4760.632084658348
7429.8314591240705 -6583.6503962863535
-129.20751411202582 -33.44793185373601
8573.681080174985 6400.684253063402
-6872.629038783929 -5145.510333706376
1997.8967739399595 -2027.6593054952773
-9868.85535166376 -738.584106080054
6701.153342445712 8370.663881867007
9295.498006188398 -1936.483911154729
-6194.017593468165 -7278.999820072651
4722.029481662879 -3094.1570438657927
9831.479314639535 6545.320432478828
5757.292469943677 4670.572557545498
8349.66468263579 -6285.123555916254
4574.612754919817 2767.486812693589
2867.906908488978 1860.1536148825999
-2554.3477975486903 -2400.1732010460764
2080.5994363924747 -8164.593994394289
1479.6719100262508 -5546.798426232333
-2440.9437846082756 -4957.900361481109
-4653.267090727973 8574.761334914598
3499.3782586339403 5247.612278849916
9864.348442073686 2354.380091753981
-1676.1718709460074 9992.576370866496
2315.3908404247777 6289.121079780378
8732.02010505445 -9237.721790974065
6978.322669826659 5806.792515242258
8224.020027738625 -9195.43803285943
3589.1229684974987 -3956.0729451352627
-5831.760329323534 4808.7125157920655
5317.541518115013 2318.055465460011
162.76924716806025 5616.831064232078
-1671.3889739421757 -4696.323467923944
-6260.399665095293 9721.237102963489
6113.615405181496 -3184.1527329757982
3386.950514056143 -4491.525505341567
3513.0044571550843 -5375.138383899145
-6584.310045664319 6042.519988227783
7717.01649580829 2870.0061970016104
371.6595452130896 -8363.171747222383
6518.064299188893 -1590.0774462225218
496.43609930063394 -3453.1185404760035
7702.201416831955 -7158.374455025136
-5835.105173905579 8821.933943745327
7705.294854296997 4939.770313224155
-9721.308886306068 -7313.310085635165
2522.780116045931 -1087.7194890341943
-8729.42709701802 8780.657788572018
-649.8158765435564 -9862.004831602271
-2324.7923826216966 -835.0134373477158
-6455.1387373308435 -8053.497030912664
-9852.00200564698 -8786.405858950382
-7762.3176043518715 4519.890616240575
6364.133191591251 -2662.5521503259806
-6713.305768747852 -9859.36579360778
-9594.0881321061 -4052.1240294551335
6253.0413063832275 -2220.5815481996715
-6952.852600158534 -6853.174773134226
-9307.262677858975 -5588.817457362338
2769.2503021439934 4339.018415440625
6296.139628697831 -9532.76505925159
9394.366159429239 292.97544836373345
-729.7272925942762 -7524.197619622557
4896.725075680621 -6865.078115464358
9847.420942134846 -2787.0893797955177
9254.137659160984 -5658.3859826136095
-3083.303287728465 -1419.9684251215567
-6872.633703507527 -994.8429141061424
-2486.433388401152 -9055.540952067153
-6294.141436317813 -1525.083565635956
-8734.393632004898 822.8999479830381
5234.141779278159 -3061.3413905347134
2881.0293706145912 2558.312544247594
-8466.07170750044 6587.084522659337
9379.814869537502 -6965.455803713563
-5737.216932089058 712.9513801205576
3005.5567523277077 -4507.145564760375
-2299.0222862910505 -5571.986638355293
-4380.590427593449 -6841.053958935985
-1466.0608678569843 -1361.9638396136943
-4134.179426929996 -341.35341327958304
-2601.517857115685 -5501.8219598689375
6512.987695218399 -4905.072768810051
-2113.211323105086 2778.0582705118886
-3890.7115826496356 -5821.532153028257
8252.899010457852 -4602.136012003737
-3539.8081439875814 5948.514223168691
-8757.771036040456 -5146.117126066046
5418.4522860124525 -6609.7051138727675
-1734.5561866630833 -8666.12961919109
-6906.335037349829 5649.81285504313
-4436.228362568373 -2970.294384870631
-1174.4566471255857 -4433.656416527596
2063.6362204258967 -7513.1930519710495
6128.558357249842 -9112.49520478032
-8705.730735855148 786.8200207720402
-6696.136362188958 -1198.6950163135698
3042.736355298015 -8057.88527733809
-1472.288606117605 -9685.90390080382
4346.596374905019 -7912.3317839900565
9963.845511188563 -6477.1091559315755
-6024.799407512202 9887.928827774034
-6189.369163948806 2975.045897498496
-273.5926233029968 -3966.69841781564
6181.980119413731 6077.822644759921
-6333.720874176583 782.9151788497129
-1665.606531412208 -3085.1056280591347
6865.105999501418 9217.371202285041
-1009.2712242487814 -7153.620170935637
2233.88151602574 -5802.800653589948
2374.5965851952824 9913.518192527423
1741.1389621440758 -7020.220064130221
6057.543355998225 9338.644871165594
2590.8338170978022 5029.521395024905
8834.486451794499 -694.3622124835547
-4132.2531183136225 5763.116416776873
-4418.87073630856 3725.555722939738
707.6545318128519 -6196.270570292378
3410.3797211496603 -7163.297020163035
7225.298074790018 -2225.0041881867437
1433.0631463553127 9257.902492104397
2233.972846813065 2747.7511792544556
5041.513412358392 -2491.72176686457
-6783.679158794551 -3840.563574568101
4872.901162641043 -4973.614391077889
8056.71326838321 -1641.8449935866392
472.4409638801244 8366.057169886
-9278.628052241886 -6119.607630778816
9164.897879480635 -484.1349678669867
-3626.8249732054537 -3846.5634547996897
-8243.896433811515 4183.627455830401
-6666.1411598671275 520.5709341851343
-1575.5407688584091 -3593.075841167084
3857.1266449929717 8319.146080538125
-9474.300501871898 1995.1131799836712
851.9379526345347 -1801.3434762351062
-2977.5406949385497 7077.871283449265
3496.045380631209 -52.006384405987774
-2136.522456182408 7429.818953715479
1105.6246736300163 -9191.930065408078
-9124.456656733599 -739.691321969518
1677.6217882073906 4578.040632514741
-6405.419954600233 2802.002411108513
9197.2270550488 -219.61709422762578
-3049.4602792925843 -3698.613970474962
2103.6595573446994 -5267.87899463473
3834.058539236985 -91.10468920982748
-5766.7604312947415 4576.520448983423
-7688.88762097349 6485.874713765126
9109.490426939607 8161.60260416715
615.1882759107411 9490.105434868623
8625.813021133068 -8891.134931271858
-965.2314205288985 6871.177704680296
7967.033586155267 -4502.379723074805
-7572.79259715594 4301.518442088191
41.932906381722205 -3702.599697587146
6328.359860968387 1088.4031047940225
4749.621299138576 12.906500688341112
9490.605470778039 -2243.1736425944628
-8921.574562290729 1963.0090306981238
-3829.811168096462 -4437.370940461167
-6663.281772713474 5197.341000801585
-7401.917278415649 5089.808858647324
-3259.0807837155135 -3738.94480389783
3806.8556583001427 3605.483422083009
2136.6578250680686 -9149.653625547007
-650.6866876930326 -1009.5084907466044
-5195.11151664487 5858.374960132331
9432.963284445956 -8166.837496062622
-1894.4801440399788 3393.2544449398065
6607.626631345895 -3331.694541361494
9136.898314403395 7056.800423493711
2381.8118213953167 8363.011234953945
-9359.721187997397 -8895.231554393386
-6993.258499196071 295.3746963275389
-8945.815890755594 9066.34059854611
4155.202182472645 -2758.2006502138975
2924.343260219579 -17.353197039086808
-9664.326171591445 -2216.945363660834
8800.681415252137 7631.148570011319
1620.4756759180054 8558.804450528041
3303.6088958628116 -9065.269213301588
-2370.0592688874012 -4155.153223131562
217.64067284283738 -7788.607470444011
6702.918127461031 -1303.1600101297954
-5728.836941891944 4002.444329340815
-3202.810408598766 2298.8193212193073
8686.942175342261 -5075.835760387775
3901.6458552327003 174.34543198768006
1638.7472458961147 319.88783618358684
-6394.620908277519 -437.3511807171908
7425.24627940157 -5553.458729043388
-8042.89420490848 5531.667247766825
-8526.881481210017 -2488.344072615856
-7138.372275941469 -3705.5814730352286
2207.093413030221 -6916.061791462549
-9001.68738779676 -5285.348273122628
7375.426304320106 -767.5030904254891
1609.867101856269 9132.291970125836
7595.088172352633 -9793.140257196039
-8502.055780897 408.6804984694245
5681.731936631786 4551.946452026241
-824.5836836076141 -8513.812275317083
-3244.7136245063994 259.1924801548885
6363.426433694467 -9223.732492171577
-8837.205250524297 7887.054009809719
-2115.395617009748 -8665.417010856829
9935.913851269754 8541.150326911236
-7507.87314368965 -5948.651510220861
801.2536874834095 5186.332531824672
3287.569089104467 4979.567043836449
-8312.461933733877 2970.006555140275
-6881.212045769207 -5556.618462839869
8224.32363940882 7068.052231318212
7712.352286144527 -1286.7267838014486
-8097.17788696688 5021.7329181652
-2716.683100413391 -6195.609151758972
6370.133520126485 4616.00463543049
-4021.5799139348564 -4651.188212524214
-9246.01768800525 8056.670728448906
-2252.933827642558 -1487.9284936540244
-9034.162028945218 -1464.1353050699963
7097.732325931371 7568.8314171218735
-7393.924179440599 -3767.637836698321
-6314.276184503762 -3977.9148596185414
-7604.386536470897 7375.271359225815
791.4839500332273 5044.829881129926
-1015.7546865231052 2206.663581857485
9486.938562205072 -9457.328676922363
8536.676784269224 -4489.245155146442
2650.6481861876237 7280.345425860909
-4326.9601736357745 6834.26628754794
5980.809600241388 -7715.304534067005
-3858.552732709615 6604.6332376966275
6768.441036558404 -868.8553837719428
-5974.05446803385 9059.753225041255
5431.358593687408 -259.7358228524263
3343.9721249508184 -6764.992001756003
-327.16467949539765 -9044.455314678775
-8436.75669410109 -789.689063600903
-3382.882845671047 -556.9713074770098
-9131.251985597446 -1598.023609213953
-5612.75099480588 -9652.020143168671
1936.3222320832629 -6108.773393476817
-8671.053063958458 -7336.698167815126
-5479.94195687336 9613.192641024012
8447.532038179434 -2591.049011536673
9336.572312114411 -4312.7082421812265
8613.224203225473 3491.1166926980677
6529.954220575764 -8748.103113924224
4703.376566684125 504.4735211276129
7426.984485693734 5873.2413810655125
8088.50798383875 7760.3470140006575
-1656.9973775455455 5930.542380249075
-1267.7227090057495 -5531.8469016797935
7874.578395149303 3336.347827248661
-1336.1776830349354 7267.019665901345
-7584.073509933755 533.1434478318897
1694.1646015291608 8199.01382425963
8561.786746228092 7914.302568677915
-6013.327847499492 -1265.0594653293338
-4389.735617753588 -2350.5341454139743
-7545.164094118706 -6391.796094169113
-3445.0801725692436 -8648.498571143466
-9051.07852425477 -8018.241556982193
-8243.831679491583 -1895.807629005115
-2193.687585240471 -7132.298886292945
5907.83263257259 4076.8665384396027
-7421.338887900771 -3261.403718401103
-4034.5244147884296 5284.180281568193
4612.243067835274 5914.148023105294
-4621.075145635987 -8993.67565796558
1646.1797344756524 2576.369365988534
-1727.832370516031 6966.941080057328
-7293.514598376662 5160.935446234247
-3860.403359270892 -5426.931706178087
-3687.819123173217 1391.919154179186
9178.34932167337 -4646.531507384472
2372.979824990325 9371.668040203203
4552.279503807817 8188.727205879768
4146.354559012963 6907.085765807296
4683.869582652262 -8991.4693853697
-4764.945892031662 -6351.872924817084
96.17913144028353 8338.572208522932
-4155.562167252298 -9366.153604910573
-6622.289182703074 1411.5658633189778
-7617.730069893214 -2514.138186609014
-6481.158108513286 -1486.1255051429216
4971.886115882689 -1241.3579844140058
-6830.730452428744 9821.292124315438
-1437.0491727625122 -2149.4649364837824
-4708.319562323267 3184.5526203135305
5062.280535057662 -600.9821703518028
-9762.34450247647 -4842.832844788813
6270.502339804549 -771.8594969250535
-552.4207029500449 -4984.775639418093
398.5977633387756 -5314.294327881422
-2222.8668232453683 8600.816925847797
-1448.3415137721713 -2397.771788838654
2878.7016915785844 3527.7934050470703
-8194.53496032695 -2876.7319903120624
-2883.169320531513 -2379.4400254540205
-5635.220479445416 311.25198077126515
5172.633226183387 -1586.3062132379164
3780.5270057941616 -5317.566615393265
8792.841980837435 -6877.845854177054
5316.318259555961 8739.172021940958
-935.0283742067659 5698.9174086805415
4293.048090488388 -5922.755118695271
6150.8443185494 428.8852951215231
-2396.409779675857 -4207.568159713342
6586.506945344714 -35.05049566901107
-6422.1209859930095 -3319.850174510786
9057.3615606296 -205.86867035155592
-2008.034699438319 -4883.559332987837
983.096517988748 828.7387337612599
3252.9035429416126 6528.152443287203
297.7938062991234 7149.519233694271
7654.607748956911 4004.678287819499
-513.6210836108039 6884.8221335754715
-7911.8944577569455 -5126.84454517224
-7760.6619885129985 -9208.198257990083
-7297.108752454697 6953.554987894277
-2986.5632941900676 5312.738923460514
9754.363066968534 -9270.380964647635
-3663.072216626386 4711.583081529465
5235.6121281603955 -8183.851324192783
-4126.457719902592 352.8454904093596
4880.110583518999 -8127.344779365906
-6939.683609476093 4267.0128454221285
-6264.872902160716 -4492.058378297721
-8439.891668827406 8853.67136449083
-1256.0166354793764 -4260.30919084656
4820.424725488998 -5094.423027271801
6638.538048251485 1217.6870682515091
-294.0327406388187 -3906.0758139635363
-9068.423346549807 -5311.184503292947
-526.9147300195873 9637.106834712704
-2087.9456526703307 -5923.476469612936
-5719.892219301403 -9917.71220056917
8284.437368448736 5066.9496370017605
-3021.698733701921 -4038.861767587623
8456.648482648576 7238.471959673716
-7896.010388728409 -2461.8792716821126
-6530.578611541964 4540.944936643047
-3206.851878197128 -2048.262120757525
2173.1409681602036 -4674.571030027657
3765.56403769809 9756.191269794333
-5503.468044049849 -2855.2437966393354
8576.444743776647 4202.92604389525
514.8311288896548 -2810.2085507306792
-3990.875020902591 -8441.428487424739
1513.3753686283962 -9504.2017990614
-6216.683979992284 -2662.1788769647337
4355.8014795611125 -5052.169924340961
-4320.885673661015 -8463.187043353551
2204.3478552422475 -5366.381571876908
-9272.228688775896 5784.628411524025
-2996.97710841728 1236.9418469480788
-9703.993091020215 -3212.4711293907503
-7877.312725302785 -3065.9907372925054
691.4289623975983 3522.602266946209
7180.381558837344 -8350.095940748559
5342.403793061721 344.51515394066337
1283.5078549388127 -7448.315523385225
-2343.494410435127 8501.099018786761
-4187.243702187516 4299.253436550054
3337.4498724477107 -5489.47663351953
3345.950865733712 -5155.354499672573
9241.199404130613 -4565.144667539192
-4561.731168355965 -6535.079851851051
-5222.286751447181 8291.819629519
-1287.433091370258 -4766.638600595689
1415.590354612481 3678.611613719766
-3923.1666415670043 9278.236988738245
-3977.3613641412385 -7861.345763331756
7874.062271183004 6947.888686492235
4576.183218548957 5884.203093695116
-3616.870903508884 395.45152084536676
-5797.2902451291275 -1805.2411594222103
-3672.4697558598036 -7883.943429300471
3557.2174676112045 8143.249355974065
3912.1231499558526 1613.8630935083966
4228.440251474787 9259.0066335027
-2603.704174649153 -3354.159957550868
-843.1271301393699 -2681.4366931591585
-6674.734549720331 -6616.286419959761
7978.321398829379 -5337.6465691338735
4279.493964039564 2355.0483328294013
-6243.5138414686335 -3732.591885096319
-3634.5158398846643 5168.955983887698
-9256.154326281627 -3736.8113316755625
7659.510514271005 -9198.547513335307
-1389.0816888961654 -7340.2800080026245
2429.1040401603295 -389.97724809062674
-4990.259725049944 -7235.783245324925
195.4112666440942 -1733.5223488271058
5388.183446711868 -7905.566164756654
-6437.186963761851 -558.2777345867798
-3352.471665377001 -4446.000569757347
-5769.522054753 6345.584862513313
9536.471882103746 -8782.979487551234
2713.804504562786 4119.386689382209
-6399.454219628899 -5723.719979881676
4041.98533059448 -2401.5337070356254
-1943.3071916739464 -8458.620185727528
9061.216309150732 8106.398011101155
2138.5374108587475 -4669.783791425579
8961.336756451365 -9287.817235652019
-741.3426435667061 -320.8043798349936
9256.99525240797 -2223.7855944680687
759.9588015349054 1504.6456512964905
-1307.3139682122492 -5369.639215082473
-2920.9726346193966 4679.8917880808585
8404.309413960862 8882.024503708111
6820.108645998185 5949.511498789523
7158.172125477926 6101.584918872153
-2460.8361175640184 8184.306788864418
-398.36567443898457 -8452.846957399152
-4036.784681238899 -1312.4336638523364
6197.888853535784 100.09931844714083
-79.01583101963115 8095.214717460007
5880.638686376811 -5270.654080238149
-563.3963941299244 8869.491596322197
-4547.281858327064 7571.953184661772
-9761.03175442214 1467.817109346799
3365.993609350806 7112.051425672653
-634.9323756564445 -9024.455455422229
9758.145377681929 -40.29348012803894
-413.57103540928074 -2676.671425010937
9485.230059854352 -3624.1643391158605
7063.572449617746 8166.864079818799
-9622.809656185973 4958.8284050115635
-5065.823339556483 -4911.212911798158
5056.770712492842 -6196.955410461287
-5533.588484956375 -9010.437201327983
-8599.428501404127 2958.909678099315
-5040.298246457386 9366.205831746382
4084.260738281322 -3831.1544790473135
-6249.056058247593 -5365.275501933411
-2357.7648388964635 -1377.1880349059247
8484.996970223754 6734.197585067053
-9914.677593060647 1871.7683684666827
5234.036627759031 2957.4350092325694
-4641.633377919783 7056.884327406908
-1898.8489516041527 5285.195561029894
2782.857867513265 3256.8778381139127
-1380.6628082282532 -7542.02656352547
2118.014287881251 -974.630969882166
-3442.1681340365603 -7398.606519064233
3987.0266312024105 2084.6931710238223
-2326.49844250393 -5571.715905951038
7153.452375294608 -5337.879904386497
8495.788924545002 2872.5325199586023
-3503.978625460487 98.98793321546327
3409.5009327967273 -1533.1430404396488
-1481.5967205575125 132.76225616983356
-4899.501659024099 -1141.34223672987
-5156.232456279595 1646.5893079187517
-4144.864305203871 5565.144238773448
-1617.7565063155216 6700.415609323529
4255.0744676603645 9400.970761920275
-8277.328280662212 -9697.693447142732
-515.1224919940887 3968.630280432266
-7211.674620401185 -3351.8946060821727
-6229.42587451806 -1816.0948499286797
8909.54496737237 6452.111206874684
2393.1661434887956 6015.689439529044
7204.534344625423 5510.9942606070435
271.82069958056127 4451.54252492351
6522.82270842891 -2212.30948730021
4287.289925739584 9157.34868057886
4194.2031456228215 -4928.455615235348
-8683.133815909689 1381.5058327314528
9439.211056360837 -334.4895016879127
-6622.033708495572 9361.085198006429
4535.5194162115495 -3429.248883083804
3328.2263237614607 2819.4419488192343
-5302.120778879964 7283.4963256230585
-2754.242801319866 101.7819546768369
-1882.462443668307 8588.563416257228
-7085.995296613348 -5922.769752041108
8720.328970056726 6628.473352480825
-2238.565471591869 -4857.0337997297
-4059.066980961845 -953.3819897719968
-5842.965176521276 7498.033472380081
8174.059699424761 -3852.520950089329
5138.430963562872 -1688.5444903394982
-448.38673779490637 5786.415191692093
-549.8345991483948 8491.320690229775
3308.16025932887 -3903.918975039469
-8804.507768192572 8468.538340147476
9235.317290687082 -4823.942614762155
6455.813909238255 2740.986251342143
7588.945338811114 7516.818294609686
6907.660682986327 -7119.186799330215
-2698.673449729714 3198.6770530452704
-1232.088934600315 289.6875295915961
2463.7730677427244 7800.898229889091
-5676.286907425787 7193.808216440579
-2216.588202607768 8475.681181313434
-7145.635594897141 -2797.4676377650767
-8918.848043536156 -5213.733535316751
7928.180425776205 5211.510695561858
8886.140345091218 -8322.068681901295
8858.163505409895 513.2316739465896
-204.72035870987202 -3654.8161725102864
5526.071112893955 6684.932504375105
9504.671736430966 777.9931090814625
7835.253060505485 7155.851921243317
-8716.873227764758 7414.423567292692
-6271.576366597605 -3687.172105907681
-3853.8371814054635 6596.570576821345
3007.2980066325727 -7414.712237614727
-1897.8047509653125 1421.2284452564363
-1883.1821430333948 -7842.301026802781
-8419.090774188215 -1903.7422510859205
-2392.5320535554365 9789.579604672002
-9482.925576378795 8058.137238104569
-6835.038746911037 6680.209193450941
1551.3512478602042 -8124.271009913857
6897.36164107703 4397.199861487441
-2577.076567944012 -5640.1829043527705
-8004.515665000748 8595.126483935252
867.0599164324394 -4682.506359905525
6933.201949491013 -3417.5598293955645
4194.000740868436 -8964.975439644397
1050.0645787217181 -1248.070336998866
-4786.158432088374 7842.338249618457
-2340.5796557368476 5472.013720348232
-3714.632568318967 -8993.186040936036
9751.005285316325 -1756.806942966774
-9994.92671241925 9723.58931758038
-7092.2396597065235 -3243.992829696378
2415.8893323855864 -7885.874339546513
-9767.604965272503 -8056.115702997588
2603.402874447156 -7085.69314192863
-5119.974328871364 -793.6990674748249
-3839.335630264218 927.8763356650907
7218.971069993775 -4315.309927294504
-759.0678607922127 -6659.450104042362
-4307.408924522766 805.5858924358636
-219.0031756447861 -365.3253740127675
3130.815687518738 262.5037725829734
2966.0152373852907 9113.827050564669
-6439.187593537225 190.10233891932512
-879.9531998231705 2941.290464441983
8492.00375675016 -9508.80350546367
3944.790403125726 -5884.1366772638
-3798.5545674710174 -5890.777522731463
3392.2776323942053 -3046.99958786595
-7278.667319857979 2495.7932856953357
8445.575146560306 1408.8053343739375
9031.216450042306 6605.0033375774
8694.827012743197 -3021.0661710810373
-4616.742463893773 7453.184888241874
7834.244025279964 -4076.0075895354084
-9260.344582389134 -9385.16184223945
9068.929473577584 6217.550434893787
2977.155116236472 -5017.501809654716
-6091.276625838116 882.4170938046173
3814.3205760615783 -2299.6739497578255
3939.5081119417955 2275.3629063956705
1343.0448149175445 -5611.7528343461445
-8099.2816211934305 7399.996372953225
-7403.454321314512 -3394.512117512547
-4238.930695419538 3472.042066557333
-1238.11334466458 -3040.6049000103285
7472.800767348399 1730.788687518123
6445.823745520262 6347.453395823917
-3301.981555900542 -8114.977662581666
-171.4124607547201 7527.447057470825
9038.987556071119 9601.270391712362
-9409.036616336929 -5457.256530587225
8167.5276159975765 -4913.266162229648
-4824.163548452376 -1513.2952741872832
-8263.074734488693 2088.803014996456
-7753.864985350116 -3327.72640310125
2073.0727997486483 -6472.414202718935
-2873.1064024464167 4479.798569718876
-5620.184444089134 -7502.584419431438
-5430.064548697786 -3011.7970703666133
-2443.2253571028987 5517.827820086442
-3644.5396865343646 951.6340514730746
5716.198039806102 -1315.9724909359284
-3954.405129400174 -3234.246387104192
-7901.341545804151 6761.41351938447
-369.24393094065454 -5225.132705322044
1325.7221973009418 -9711.767357062938
-2139.54850426336 603.1246199942998
-9209.033280308618 6394.991417092388
-6274.077898476624 150.04024472940364
-2520.969738712084 5318.774836268187
6862.81877897638 -3527.368185781561
2615.6432150520614 6485.144202833333
5567.881426710441 -2016.501102389425
-6710.125197474199 5549.838476692039
6674.369951430399 -9773.814520485084
-2446.882303292219 -3062.99026002359
-6293.218229697794 1946.220329258018
-2512.4001146166593 5180.277976689296
-5463.833033451655 258.2443514257757
3350.5127782943146 2767.402081775439
-8816.861500846193 -583.3283499509871
1138.1060968908023 -7791.089355982066
6466.452593968061 3029.3640946847227
5777.400037819629 5695.557391668486
4870.812290959651 510.8276597438362
2641.429064966929 6979.0003957959125
-1691.6597098924103 5153.466295
1197.2303893125245 7004.636292816951
1373.9366853552056 -6597.526841347346
-3665.9465924092992 7345.054788858652
-4754.481335005303 2751.9517228723507
-4717.435576733628 3627.099047284357
-5444.066914182955 9136.910580884734
1024.0880034952115 -5084.9361260150135
7364.098466194271 -6222.212933779578
6702.222236208698 -5592.9162511708055
-5221.276561907278 4141.203822832844
9787.427655396928 1821.2987272549544
-6161.270818869811 -5987.31632574429
-391.51066844298657 -1507.0863845332988
4930.278303534302 -6365.921812307569
7353.025397209862 2472.8054677020846
3321.105579069894 -7559.496977190974
-6247.511573663098 -7187.1464180041
-6681.384827572914 -5861.396108098557
6405.40304945537 -257.291110766746
3108.9938272655672 6699.999843958391
6055.854789004023 587.2445138210005
-1489.6180955331965 -1699.2102401771372
-867.4785569035212 43.458088711689925
-5326.100262305624 4320.042547543524
2466.83611881694 7830.140457669906
6192.142376650891 -9782.793345059566
5347.135680833251 -3256.864480254826
-1874.4964365147098 440.4264967768195
3928.93745566707 9793.57203513247
3132.4931162610974 -5525.228702796876
3509.7668398660826 6375.955744598938
-6809.011777188394 7721.409483734737
-4709.756693316436 -5692.438754390328
-1676.867977483429 -2894.1859618976505
-4018.5965847770613 7100.079337088842
9287.385816371607 -854.9116057934389
-9018.463862585115 -6030.984894066902
6377.013468004263 1661.5530474788739
4834.068527017325 -6144.135814439207
2265.0655909461184 9411.755199369592
-3708.658821269277 4132.61787981622
-6738.297610196058 8607.101910910435
-452.62710374445123 9677.685162241607
400.48925823672835 5634.338597780703
8066.017740327305 8656.854241780118
9446.061810426298 -8758.863481055903
2919.1769465730886 -2387.562893501651
7216.360248740493 3034.0755546293767
3663.026236921678 358.2817876105455
538.3934020271336 6343.345415803808
6518.491722273364 2697.8602839299565
-6292.710617402237 6340.520402846714
-8014.508434947136 8127.1815106987815
-9505.838787320585 2752.785167500333
-7991.259957102206 -1546.2034366943262
-2450.8963138193394 2599.031729701992
5426.194569772828 7657.708977659826
-2528.584067007986 -3919.7271854104865
-330.4952465202023 -2660.481993528503
-8130.07782253669 -3911.150965182029
-3450.8932742844163 -2254.3256244544027
7412.053547147134 2757.9359264247814
-9555.115254346443 9630.238348413313
-8838.875098093542 1054.895955969514
8336.6031990944 9107.074015035076
-4572.972912250135 -8370.957363604992
-7153.405003498239 165.94444323803145
6906.339488932517 -7043.577504368488
-8169.52626354781 -2329.5034554641616
-9936.36196300718 -3718.7563511121734
-8960.081663697074 -2574.3372273787427
-9493.430426427349 3935.6237896987477
9994.854774797732 -703.4653447824057
533.0330970750183 -3673.6542337511646
-4559.348698461438 -5619.706526877062
6079.592482605805 -6790.647231273102
-8370.786009129912 7877.320316505742
-8023.966680587098 829.7431150239518
2151.1581918201246 5577.130704209767
711.7468044810175 8087.050097014166
4159.507554920094 3769.3156631600905
-1154.586284009627 -7907.366780652441
-7436.339959123244 9909.202558443849
4740.239179493812 -3681.9732297222417
-864.3671869106638 4512.47742445511
-8517.232058022064 -7009.860518596276
9458.88767043658 -6477.455879729987
-355.9041531087023 -4528.7902067654695
9263.312011971557 -5211.075814633723
-4031.9263602295205 6068.46885595087
-9071.779678263903 -7685.460889964581
-3878.1240825871046 -9949.510552916212
798.5159313569984 -2425.766838036072
-7679.908009507517 -2395.77476424411
8447.433520060822 -1523.549276780339
9934.283381835467 -7951.215620345529
-9867.430255732856 -6565.515990998092
1125.7184042246827 4829.007483939718
430.18675676009116 533.265329591608
8089.793482925288 5643.952448390286
-1603.9477945454619 -77.8142703660742
-6323.583148080343 9522.417249440274
-2410.6305712673493 -8666.023354183026
2951.4222657269547 1739.6738307361684
2909.6205036971787 8024.1989898385
5689.856111364961 6176.596411886512
1434.4360668608933 3445.433897221279
-3157.2374668161383 -6945.572373422826
9309.883650979486 -2385.209347456507
-305.1218050129555 -2064.5748964576514
2232.8476542625867 -3597.1197588723826
4731.41636312487 5461.692192583434
-6821.549365586765 -1133.0619505624963
6157.921553191283 -1488.49671614199
7763.75766543013 5270.304520439104
7567.9383239034905 6284.486707821992
5002.275756955656 -8424.990178318885
-1570.9755963517327 3284.0383206257466
-807.9500586285176 4963.733364943499
-6141.570173474604 -4752.610872127645
-2706.5703720477477 -658.0503608096042
1585.5306312099674 -2219.231145153595
-4609.128646840503 9790.588050114307
-7951.107060902298 8789.144301516259
-2303.5831115429883 584.0865004618026
251.63001636529225 -3252.957216056143
-7959.231097798814 -7341.771786497271
1299.4827603313934 -6561.003337819555
-3088.829526537904 3306.697177552771
-4528.148488371655 -7994.81633625271
6833.568994227306 -6595.185859936261
-6773.22631852395 8959.866483609356
5259.840664769066 -4396.555044777945
5716.634320223116 -7692.7397653655125
7109.111962580806 -9294.394306802893
2192.1698417331045 6961.498896540121
-3274.4860479598856 8832.821271925324
-7901.890347438906 3384.3923291748542
1252.9797268161237 -2992.1750165133117
6714.584196235217 -4313.294003038745
4290.973846285273 -4575.28633338796
-7125.794751111549 1395.7145721878424
183.32891712990204 947.2123258129468
9585.506219836683 6673.8304976693835
-4594.358803478495 8270.226191984311
-2680.787750878102 -2019.8800453153854
254.963625344697 6699.392593043991
9264.5926495805 3998.5585552744014
1408.80928310349 -6352.123854801477
-5961.073054715344 113.91914673498832
3908.767414535323 4719.181964014933
133.8960736806148 1798.1969623339082
-262.69367892122864 -5360.707170364325
-6191.50090005381 -7022.475929329204
-605.3743812244757 -6679.037246174661
4188.863832733929 781.5502343827793
-7254.296819735453 6987.544135872129
-7988.886775842879 -965.7040789955536
5895.952349688174 -4446.7599181011865
1744.2284485000146 -572.4805129387769
-8032.801193612895 -5648.785877720692
755.6191500868954 -8475.326843980387
-4616.039457154271 820.5222219376792
-6267.084361536259 575.542688864718
1643.2992128302576 -5092.642467604318
5751.248573656816 5578.710855727677
7529.788417622825 5705.633173810344
-6823.904249121264 -888.9912354563348
350.4274447169828 -3743.5418452101458
8017.530773132254 -4849.851091702138
-997.3836377890075 -6554.406509948547
8402.501847286268 1448.7682639199356
4551.575169464151 582.5096609891116
-4492.453287836013 8975.142654828825
-6518.109551381995 -3485.8115231631027
5595.140118195852 -7482.139892862049
2901.1325504765573 7021.354916900571
-5277.371972280096 3758.7739016045125
3711.787632443149 -8235.64809550172
3243.518988166019 -9049.41021289551
-4868.9841501947885 3190.3953997535355
-2603.355269242891 -2207.52868965796
1926.0369050999288 2583.4901588918456
-3920.479043156167 -1820.9254831786902
-5653.781163388383 2832.8080570947095
2327.9918453658756 -6794.536410995939
-28.768099687613358 7514.868263163902
-8924.96049111192 -7857.6163011809385
-3442.088231400182 -8470.614438798419
-2562.588189310275 53.39255653245709
5456.749967614567 -201.81238138907065
3079.5118448571793 1307.4043604996714
6282.217748548197 7431.131185969607
-7870.233999403018 447.20518273900416
5259.411277528336 7282.477937257707
2675.4678288358846 -293.45273339132655
-7967.218270559104 8965.727686905539
-4962.109453719708 -4074.5410217210983
-7289.002111467655 7164.426211305876
-6169.780204594317 8695.427077934986
-9464.728343914312 6471.011262270895
-2773.342881671517 6273.157600768598
-203.24155711812818 -4994.725718215384
3921.8229994645153 -3866.3643052733332
3491.92001317235 -291.43076905010275
5935.359697344091 -7009.755057502301
693.0257229612907 -7520.598555943476
-6282.572671812799 8691.739024676262
-4275.754583329985 8210.593250143931
-1063.4375562226815 5612.88246341189
-2027.9306920381005 3307.725589661324
-117.85366665808942 -2012.3829409775772
8522.069820086519 6413.106857478444
-5410.477903542485 -5909.364498380824
7802.30922146227 -8170.959932791433
7596.567034474676 6255.277347609712
7026.960690686985 528.6951373108113
-2333.680436541905 -4577.30652589198
5472.018323133554 3662.4193147671285
-4138.967339346602 2249.259819302357
5478.221624810145 9111.862299370885
6028.818754136022 7756.243888476849
-2435.367668398878 -7086.192682781211
3064.812095528516 3087.7670619074124
-850.4435639571802 -5729.858755767603
8234.582398598504 -9849.864341812114
-7886.199254885416 5379.929242592671
5398.289534506352 2737.63785899142
-3195.4660893185664 -4525.9201393342855
7149.866628728356 -8793.05267919192
3066.29382176734 -7797.365202581767
5686.297208500642 -7155.708309753232
-7501.026057095821 2919.227980358459
9647.82242789296 -5223.411947842116
-9619.10007100107 -6573.19007017674
-4779.283810603718 6609.768400291126
558.3841812336759 -7606.747433724886
7470.02408434053 -4065.4426423681425
2091.433937550979 -4085.0213175519975
-3829.534699529693 1421.9899974981072
2558.568941795058 8601.306401246704
-670.5444133707679 5437.989992507331
9661.978303623036 -4928.285014410221
-2852.9859752482853 938.3668505915921
137.53907291447285 8902.77055149258
9333.076437197393 5862.605883029048
-7037.50952159069 -5169.000843340575
-496.46637688769806 2326.8759896598713
-7533.15562244873 4412.499298932542
1802.0911168978018 7623.695325376302
-3807.1069266438462 5359.637257236165
-3054.1825623130326 -632.2666677127436
2210.4538508418755 419.69511856033023
-2431.949021826683 -1915.7385305253438
1083.7763970078413 2929.8665999081823
-3966.9078079921856 -2881.2123095290444
-1200.6873591824278 3077.5324109586636
1822.90937242972 1953.4475335381485
8701.838583465564 1414.2809043814868
-9853.14948160754 -1152.2399818515041
-7150.3057159484 4316.659801401043
-1398.8437439143945 -3821.629988753987
6188.185030711735 9856.191093475358
4505.821010541271 -9065.544692031262
553.4802535417402 1935.7019507947207
-8027.838425482838 7532.485764474648
-242.38539600126387 -4431.447602733622
-5194.789646779376 -3553.9340222282226
1868.4852215721003 -3178.107670962231
-979.1557193539375 6103.618584825612
287.0186438909386 -2785.4198365014217
7058.335466114691 -6911.299735113167
1336.958435732593 -5745.0440411063755
4694.797926516032 -7115.231502489605
-7178.985279270522 -2676.8204709078527
-8781.22649179969 -3761.7453822749194
5360.383038106866 1247.3671734568597
-6404.001225685334 4670.826857635362
6322.942218189919 8692.316566274589
6161.156173389256 -7246.244592862161
-5241.301489599248 -3125.888322885339
-1204.784704754502 4464.329006109496
4999.3448169461135 -5866.547071077066
-1401.2711777764089 -3723.7010692049407
-3557.926709571544 -2454.923388026693
-7252.750079909924 -9406.639468327443
7526.063235820115 4010.1675893274096
3515.804307635395 -283.2895863053982
3023.351103600786 4173.188531922609
-9614.864066821438 2744.7514394637146
5504.064940559158 1024.0967806734425
-1306.7663213156884 5635.049338929473
-5800.705670457671 3191.4326720622976
-528.5875240067962 8115.672931523728
-2526.864183252671 6701.312010162139
-9094.98040302926 215.0846430441543
-1271.246539088439 -1628.1285214875625
-1715.3930403775248 -4113.226069128619
-188.44440039026267 9032.260552543587
-3635.802817164573 1536.8675571420208
835.8840373998228 -4600.209131051358
5719.048001301877 -6780.0307766733495
849.8884647160685 -4281.6014292156915
2996.1073809852824 -2149.4777991920764
-133.4618251678221 6156.098000337004
-6123.872097542047 984.0159016864
9527.007741120775 2478.6366542832675
7117.187413644559 -3445.6142666785427
-2974.04599050294 4661.097971128274
-1774.8453781963362 -7589.004202121996
-5083.5193624828535 -9131.274611839637
2097.40624209182 9580.614443934635
8025.86973059288 -8367.230490904123
5411.899296891441 2886.8306039186955
-2048.557477233104 -4933.295530677917
1584.463495205784 5891.390416910213
5469.18656399979 9612.669605274692
3792.9809067997903 4078.957351084002
1676.0793498135554 2077.5449199792256
4867.8844052403965 6788.845004082694
-199.69604700230047 -4387.410917663814
6774.2005368590835 604.2833485208903
-8648.150298507697 -5189.901175386957
-3038.8685553735777 4741.830313371198
-7350.742889408417 3235.0865246593876
4030.962218732433 -7559.445341791716
746.5643021864053 -7520.503279110875
979.8576044277124 -8567.338646494414
1397.7737815659166 -8778.97759057832
688.8905715831024 -8715.747709882617
5934.4564109938765 7788.102153132222
5394.428713771944 5726.951549733081
-1204.6164818269226 377.2210149804978
9542.78683700435 4058.15093953249
-7064.64218888932 5338.1612836871445
-6265.163984406281 -2730.3281296409796
-3546.3008612018184 5837.385075113827
6392.033682454723 1771.6578776518945
-9478.882165592375 -9270.73711776825
9326.129825276861 6410.5549377844545
6046.997564029138 -3390.6141619926757
3570.5827662825286 -3062.9383979769354
4517.3776027098265 4793.741074937596
-7367.507939733239 6161.967062325275
-2952.7765752353407 -637.944862316308
1749.649297162403 -2255.1857345690096
-5071.16560844149 2423.139302788066
-6211.9204896791325 -3107.6192516535502
-5178.456916176153 8404.607650191814
5091.231636785187 -7799.030109798222
2216.115897556263 438.86682786825804
7892.756381526233 9458.564501519948
7920.572018655272 8811.809362426815
9830.590460425326 429.9076019467193
-5947.607986493511 3960.1672800177566
5650.84872881029 -2520.382132619976
-1614.6005186811508 4648.028025490741
1365.8065673082274 -1654.5352790704364
8887.845531575887 5722.528049463173
-3068.963521146886 4455.981195971381
-6098.460209162242 9243.284451685668
-67.45753232974494 893.598067234554
-2349.869280204719 -2200.347150957822
9825.518191324787 -3563.464007176626
5627.929554733744 -525.5728349845158
-57.86287976495805 -1930.2914002808257
9908.945811487538 182.1272947172056
-7213.436782725206 -4063.0700295942934
529.1000258313816 1004.5652085305919
-6938.849248639894 1913.7467018478965
-4167.16490909554 -4334.107771601645
-7581.41464048419 -2187.754210457336
2038.6502986440482 -3566.127173293272
-9889.503568853539 7686.225932821861
266.3592806483921 5503.6631254355325
4503.857909235221 -7212.858802557999
-2117.8597303741117 -6685.102899098194
1862.270122358792 -2571.730141330204
-9744.250532874417 5272.411949927102
839.995968038078 9346.582979082581
-1112.4654209678538 -6014.505077931014
3812.415132390801 -891.1815593894007
2351.170305596879 5410.034750032293
-532.67004703165 9690.30674995371
-2388.6780278981078 -5827.480201054527
-4992.6588222147975 -437.88483191422165
1013.7227912454655 5874.339684862856
-9135.69918692785 454.1153211353885
608.4301214345069 2319.385928976508
6002.620431486284 -5581.394860937498
4455.308016490599 -622.52852642771
-2311.0061484959824 3901.1543702350154
-6825.932946203461 -3409.366542538901
-3968.107465748172 3232.364529947412
-760.5268887413313 2648.8972724633204
-9355.059063318084 286.2782981813889
385.60967026515937 1506.6236932835327
4464.097811158466 3008.188230444839
9971.375836613348 180.08949125309846
8049.31649015388 -2903.358421875575
-6727.332626299092 -8838.517604735727
6627.165161197689 -1668.5384008707679
-4595.021253345064 9904.016696236973
-8318.349372817383 5871.632499754991
-6056.556472369768 -9022.577569308263
9076.282056535125 -8696.059120108739
7295.607749962932 5262.574386199878
-3508.8153113005237 -7694.721196159593
-1504.4794746437674 -5051.431460571476
4384.864923791723 -511.43549026290384
-6674.003434683597 -6884.914882755429
-3259.0070123311234 -9665.75088616426
1539.1958127381386 327.40641544522623
-9463.632076256074 -4933.574628469996
-9566.05659069573 -8059.017075926429
-3832.9990741022257 -4085.4255560399215
-8838.510273925232 6706.987332837321
4995.037225930484 3409.0233909330746
-130.29784438182287 -210.18654895504733
-5269.984295260917 1190.2165218185055
8158.95055138144 -8547.991706995943
8533.751923806936 4268.930468293231
311.23564474452905 6431.675916409822
9538.903809037183 -5243.39443416878
8367.389140389812 -1568.1083815241382
-1102.9319253330814 3791.9828233885564
365.45681111548583 9161.227147180656
-7476.967171131139 -1277.7247013681554
-8083.34417642693 2008.9960400097698
-622.4080402014824 -9445.862338837718
-3216.421995133527 -3291.625148880351
-7567.889542676625 -1728.2835044081821
8238.595382792944 -6764.924099129601
-7616.188880964599 -6173.891210669313
9718.699986712876 -9291.212931181199
-6258.466092461775 4432.577892714229
-9343.700768629587 209.11977985787416
-6922.5004305838 7268.91168848885
-8646.240666034222 -812.6596469991091
-9958.610707243179 -4249.662011771853
-617.218823555073 -450.3102236397208
3158.8372360059293 6263.442649379582
9227.96439509483 1507.6310848156681
-5512.786234410148 9573.570750673953
-3242.7958929372953 934.8878416087864
9877.350318838191 -7922.785419665972
-9410.15774385151 9240.678881759755
-5109.347937368902 -1347.065718759637
3546.7772773364013 -8336.924981227
346.812475020346 1071.3775268163008
-894.9804451293166 -7594.057814342179
6028.131426480337 -6242.99619598408
-9857.545342639489 -6812.53404723881
6242.2238217615795 2151.145761022637
246.86839750923173 5537.774240275416
-3254.324326523517 -1991.925395351439
1476.556554422279 6577.726767537115
-1043.0035365048188 -9337.239473451318
-3301.8644052048267 -6969.557025731799
-5562.007935051638 3641.063592645027
-509.5593441443398 8861.700012922593
298.46757216846163 -8059.892237122009
91.68602505341732 -1785.1583420665993
-5520.054657213098 6888.628700304427
-8019.654856886999 7200.381053407229
-1200.1296370005894 -7295.878466166892
-9581.521808087697 5620.012210340419
7188.55363022751 1695.634644506079
1649.5325615993297 2849.269153899664
6726.884143785061 3518.095613986141
-569.0943842068846 -9127.390931612135
-106.37512001689538 -2033.910520247633
-5805.143053167627 1859.2261286035955
-2143.112329415384 502.0257615315477
-630.3777243412896 -2312.5716744155598
-3304.839923045324 -4954.320872417739
9255.87916618285 -5530.044175825108
-8890.954220452582 -490.88726878975467
3341.978736656596 6402.123942624898
3485.6521594611404 6143.017903256885
3054.6555099555426 -9850.760163459428
-9896.651389674418 967.5487047993902
8680.195673797458 3509.239760872053
-9184.602223493028 -5607.250771621461
-3445.6711875974806 231.047947942292
-6273.267652239876 8590.709295141507
-392.60021182326636 6638.681355990193
-7821.043045494524 6263.614401332996
7964.638046720607 5105.651382016142
-2215.596669522206 -9841.117705110837
-9460.35579347966 4443.753631620273
300.8770459181451 -6985.381005143532
-6577.519706015504 7914.863174924289
-7185.5050998777315 -6424.349889467518
-3647.9605963566764 -4156.117323087396
8998.808135612526 -4097.583012208752
4675.645947450726 1705.528246920605
8144.175710613112 -3597.939817870446
937.1243381948298 -1922.8413343449156
-6797.858970451382 -4156.955862517624
-2402.1480375243273 1994.3962640509435
-2734.656509483937 -7928.298925634948
383.594453546586 -1984.18629854731
4704.281441539513 -6768.880641225151
-9636.799877041145 1697.4884004760333
4608.016868442013 989.8112377881298
2103.5193634421175 6197.765575243453
6226.697612172458 8619.644572982419
-4891.817398642799 -9622.90309742942
-1210.4373181747087 -280.4527844366803
6236.169407461357 -1972.648080568957
-8627.144577329178 -36.47925029378894
-8090.637471760234 4759.535866855511
2417.877786497931 6458.535761387997
656.5807666739584 -8401.62396083555
3050.175704585754 -2870.0850737890196
-1095.1471084902241 2476.7661886744336
-6473.352560785475 6008.831428503756
5916.979963663709 -3407.403793386159
7938.1300432722455 -621.406009913755
-2612.2801578642884 -4014.9748363881345
-1279.1865733525447 2443.4096088849365
-8550.803903807107 -6293.22432454045
9580.60754086413 6515.356582633081
-4300.566422493215 8613.581761413338
3110.3684995774693 -7327.681182294233
9356.182671770235 9061.42356231561
7680.67226396986 -578.3158758897989
751.4945183821947 -303.2547768157365
7110.607752601991 -888.388377655032
-2879.2218625506403 -6955.647952056643
-3824.1625656957394 -9336.262301079867
-8996.642496485325 -9257.752147383864
5186.959617562226 4658.188888876908
5559.826823109761 -1957.8311308943275
-2328.0145247903383 -9116.171790631524
9724.780674836467 9589.133675330391
6622.523087697926 -1826.325191842775
-6648.2158228591625 -5487.161548467166
-3185.9482233570598 1677.4771483454551
2370.7201381605064 -5491.73048424821
3386.432499626346 3680.448582766925
-5534.063493557151 9852.430207815662
171.604420825719 -9340.797000845045
6896.903479784203 5198.612996822318
-4818.820976648281 -8527.03560697406
9821.355672398244 -490.81846075589783
-4782.56182183086 9420.151655921585
-9155.801991457729 -7367.647925183578
6747.013316645556 -5652.527142646786
-496.2865587023771 4798.000770929444
5977.314270612313 80.6949949532409
-5980.094835431784 4702.051955673143
-2498.4497016345113 -2846.7182853396735
-3131.9143733714473 -3131.4655700155063
7928.966149136882 1141.131040662518
604.1012856476464 9622.924750164038
8592.707500598728 -7131.329714839731
-9144.135089741414 -8720.076350934945
9728.49667312071 8333.597190437482
9509.15542736505 4043.35309495243
-2556.9045789995907 3404.5899238487527
7853.910840793029 2635.375744174731
-5657.703971998593 -8821.663054389135
-3179.456913177396 -2183.2093035448815
-5136.0114960076735 8339.272324608592
9424.06021747554 -6270.326784160942
-2837.401532656203 -9052.569430163103
9147.08578107462 -7611.83568096045
4817.0051559702715 9786.867905416606
7231.126506923665 -1337.249158089082
3684.8097489793727 -9260.873603265425
-8291.261242676668 -5252.097888381461
-8098.389328964053 6603.248798590532
1497.5074777539594 4372.459087799716
-5675.274413513965 -6634.110384394096
-9.948429386866337 -6093.284076580627
6646.581456179636 -3867.9130953618705
-5687.469554553213 39.64286325856665
8953.768366316257 7759.300041681447
8787.429021475396 -8155.741818347337
3683.546965627016 6694.3479411452245
-5875.3404720881 8818.659662974791
8730.365283062496 9594.915252666928
-2521.6844498666906 5884.782620985508
-7119.264038641064 9024.313286369368
-7255.312699440894 1346.4629908541883
-2194.4047078203184 6840.236409496054
-4659.572549525057 4452.930480625582
8515.054089342037 -144.73824270918522
1188.0413608112467 -4516.6253417905145
-7518.771818334817 5928.889119749807
-4250.839976282447 3162.7704158394827
6560.616557258363 -4142.063616179102
-4315.67762058908 -8261.329485361073
-9601.718477111646 -735.8482557358202
-6918.707008109979 -6806.787303369378
5171.8597740279965 1134.915056886095
-9817.79331834448 -1165.891880811334
-2665.7804528718616 -245.0444246728748
1153.1205459983921 -1097.071526402562
8439.359164179969 -3525.9796061109473
-3322.1645506582418 8858.515397155199
-5813.079546931146 -6912.519206675136
-2978.8716940798877 6637.893342592652
-1503.523429669378 3563.8812917655323
-305.1860992005859 6466.5728134350575
-8276.466043361495 3435.4697990176955
-1026.6530058409753 -8315.314458830446
6054.963115720182 2374.7834482895596
-3756.0543309606874 1574.9061706270531
5672.362293962247 -6687.609976055926
-7460.49773071392 -4677.34273662199
-5552.359506968165 4907.922662950195
-2409.1675590821615 8.621221689782033
9735.874716898023 3268.5655809589316
3348.0894781165443 8928.113151186353
-2743.7082331494466 -6483.802547005819
-5840.544416318878 -8448.596685164242
9102.998675704981 2136.4067281611824
658.4982858783078 7083.609233685576
-5397.12532779207 -3000.345949100205
9899.871460918905 -147.69821342923206
2038.7981753465701 3526.855167111855
396.3080458066179 -3354.489008288111
-1817.8012216285233 2678.7183817252208
-2551.856428209462 3642.337072709417
2129.6695359686237 9280.181450166783
1519.8864670120747 -6277.077820083692
114.17666910404296 7648.334792119327
-9593.366768224858 3714.038779381295
-1237.816031470922 5574.247600442095
-5453.592773349178 5521.119656650313
5693.780524773798 -2583.8623642237326
-5927.219279506533 -4882.947465152809
-1586.3069599834762 2393.369580108734
6065.421916464315 -997.3865467115938
-4883.1665199616145 5127.782788690727
944.4931014238427 9022.937722219613
-5667.170133498754 -7939.102968129039
8068.098542450589 3318.958541671558
4259.749708125071 9582.559387542453
2330.272278187491 -6287.72501056761
-2811.974464276881 7538.641204034764
5920.26748116407 -2033.5563592316093
-408.6406890469334 -4757.586218049936
-7607.797676553759 9137.217110447713
4262.1710642624985 6196.272805357943
3807.383982161902 3618.7848623426635
7294.936883503011 2437.5028646788505
5949.9244296814395 -5487.395968803692
9771.543049894059 9753.81488863485
-8520.457393335679 -2410.0595529844622
1678.5589538321383 971.4083235078215
-3626.2801409983413 -6611.23579965494
3887.1252613206543 -3899.643169455687
1124.6665500268718 880.1837782427374
2951.9179588252046 5329.1312140148275
4894.8350527008715 5659.1333001889325
-6963.552544869053 3692.115251771833
8197.99338001207 8758.548392397723
-552.2833840247749 -5309.0005599336455
-2338.8374278079027 955.8132228195718
-935.9372156697154 -5767.036078378988
-4964.013156019054 1834.7784471906361
-5634.235758192028 5955.602623887547
-8133.589011043067 -7113.808470980179
-171.20075560832447 4340.559534206604
1082.7943398410262 -426.09671600261754
2117.9085629990495 -7025.109620233807
-2719.1129191092014 -1436.2457811855293
-1184.1007803926786 1901.1888277112084
8557.381939045386 3206.567013131158
4351.916971205361 -9795.45107969894
4512.011084720441 -7113.788693931573
-3657.8232357652387 7816.462294670269
-2610.5326984625817 -11.768093357561156
732.4427048106481 3972.791562213435
-3677.3055286503413 -7985.937785390196
-67.68154686462549 8844.976527500367
8252.37238715792 5760.385484598435
-5442.809048311757 -429.3232804721938
3335.7085934019888 5502.723915536137
-3555.5459908677785 -7757.927019567203
-2479.068050371571 7766.875890880892
-1713.5786007379666 -2632.9117939175785
-9547.843762542263 1541.3525484715283
-6476.885355830391 -2099.1807846190195
-7017.429968127415 -5321.505731417639
9063.899096724843 -3848.503051394636
5312.18739426432 -5248.525259089572
2957.7129210934654 8697.3325152883
4129.678213615312 5778.9413970268215
9307.430602730132 6907.629842608512
5126.0714284288915 -9001.437800363534
3524.6634142394705 4743.578041960938
5861.416323683499 -3734.7108951438777
-7552.897501177349 5221.175432159474
3203.7569770942573 8669.668321549405
5891.271568148741 -7749.24140928829
-576.9367415282177 616.0738702197395
-1110.6480596451074 -4475.356049854781
1511.044127070838 870.2554805054915
7159.515844050835 2706.428267831092
-588.9594438518216 980.1392319854276
-7715.011141647574 5382.5121451455525
580.4923023102147 7993.335760817776
7627.844145934578 3068.452060594609
671.7353249818534 -7460.643176583997
-8820.696790634727 -6980.222862947296
3105.18826218144 -4885.946354989954
7349.118109508345 2678.931853905471
3922.2462184489923 2798.3484636827397
-3877.6286266612606 -3702.958170060293
-7456.497440181153 -6337.171192888986
5062.820434417465 7601.233529268582
3921.1800985804366 6754.336585463232
-2682.300582122394 -3664.739554349374
-6937.043970218122 -8169.807563534446
7079.657501915859 -1916.7680250954236
9017.62084503282 4900.243198819966
-7112.684906237077 -6006.736124605325
2151.3221210982956 3156.4362864309405
-1303.3232203037005 9849.901043107751
5906.396014195925 -3985.8286248699624
-7168.556551125292 2401.1986282236703
-7776.907245592637 7759.200869389144
-4278.969488981619 4928.376459527461
8417.771597503091 1688.383043762935
8760.88820718096 3752.9926661755962
2549.4274097983016 5652.128995988818
-1319.4958532427136 2708.6129090239974
-5830.310294590268 4550.907234288425
-5519.760952203241 3560.9853322307554
7839.715955281194 6607.707950804277
-2701.0615156849663 6942.762259697181
-2089.3144643171045 7132.898368364338
7500.038702691178 575.8365980142698
-5197.122842340165 6017.42694935988
-2185.331408622722 9386.39787502907
-4618.400504451823 3334.8744127495647
6556.027772871628 -4425.155656270487
3016.518170337331 1202.3730196954948
-9279.893160670406 -4215.291749551384
-3475.784975115941 -555.0477375822011
5213.593880054326 7221.799053359358
-8567.91903686262 7627.392996502807
1500.5920812350287 4906.788053503607
-8135.055602490662 6662.214784577416
6635.554229521458 8201.49197163284
-3155.9015445253062 -528.058060212541
-8049.369041917589 -3668.850643087131
901.6884283937052 -7921.6729584154045
9591.388217395699 -167.9916590317116
-4348.310254775407 4010.750285446762
4645.659477683184 7685.578014440147
-3678.0042088957844 70.53001407891861
786.0543734390576 8357.929662505892
5240.413767358052 4257.4263144277065
8147.443846380564 7044.4608000833905
2880.645042097114 1059.137239944097
-6413.488598149368 -8872.431894220997
6312.612115796865 9324.126396866584
5521.251529169431 -8813.290696397962
-5235.224198774226 9582.65598490044
-1775.9320745846271 5857.358650264774
-7505.64008447971 -3049.5884649740756
-6257.087140504818 5417.402179562556
274.6947182716558 -1356.3358282153695
-6449.3120029525035 1186.5358086537326
-1452.843180517637 -2345.5786796744605
6573.901939155847 5656.276958331233
7648.479247601954 2278.5615550795264
-4572.622568884539 -8274.781720095225
3512.4753782435364 -5040.515128635321
-1517.441509319804 8496.188992880947
-9141.49469220434 3304.3214503663894
1822.7748893482749 5799.024954658049
-9882.701292135818 1149.2988251507868
-7810.420746405522 -65.33318730999417
-791.9765125305366 8195.3741712493
-299.9279713479773 -906.6476734052121
6768.769323323628 -6995.207902556526
-2584.1010521771614 -1518.3100477384287
-444.08967881996614 -3956.261798377139
3770.390072903425 -7599.567290997025
3466.071079234225 -3024.1923665591485
-6588.90658105243 -6653.18907405036
4997.718551576081 -6444.470787248262
2190.73577494484 -3327.6998191058583
-2042.3227390149787 -1759.2798803412861
-7159.5796307857545 3408.747565631653
8831.147090223818 -6963.026765165679
9284.662193696546 -6417.207248361543
-6527.919043368284 -6892.877290549622
9608.630736042745 7670.572608320148
7634.066961243068 -4676.956487305384
-9636.239320122222 4801.708876778272
-5649.860588437099 9206.698901797066
-1801.328364641111 2903.623621009683
2283.2148504692686 4601.85197463465
8728.106664031762 8184.252029393778
-9092.847778450418 2937.4133708746413
-2896.592774014901 9183.2564245611
-9258.312584965204 7087.915291126283
9923.786385404266 4078.876542297694
9852.80402312674 8606.135650852444
-6071.517266258421 9019.573001534849
-8556.639059904914 -9502.57369663686
3335.6273043825004 -43.325763114511574
-8402.9092081442 -1275.1631190706466
-5255.546031817071 -9213.759357723888
1102.3589177685244 6278.648265154132
6193.261274194872 6565.414010836837
770.3581722426461 -86.53199836685599
5266.311891958396 -7849.462960546294
-4224.308312019242 1550.5643173070275
68.64068138104085 3811.366598925779
1285.5776553825744 -6137.342925809095
-3561.47706340703 4207.735552158138
9007.197421804907 -7297.098126842297
-5056.865902464716 -427.9621449938295
-7729.0194655551 -2190.6544121093166
-7996.2870144502385 2022.966392842096
5880.906351814228 -2389.339688919991
922.3289534017349 9642.93367972162
6201.183947730535 3978.486675092543
633.1191456380056 -7716.331296733246
-3188.047983391042 8416.264483852548
-7323.335947465888 -7978.515736656815
-4445.0789582001635 2443.936572703309
196.9320122206518 -6234.232962436976
-96.84038032738681 -8167.528006317575
-3313.9842896917844 -6268.747592588208
-672.4858162360488 -3138.3435616796487
6752.658956785221 -8683.30756602244
5695.428266173723 8919.153911541638
-3633.6368332795237 -6610.451918841007
5726.2045963415 7528.357200963157
5829.625628902268 9058.372205681084
3140.044479437216 -8712.917000907728
-4843.335639670226 7721.577701673337
-7623.52846667903 1218.7061937257968
8587.750224448591 -6486.681085989949
-9378.964434937216 -4318.1584877360165
2644.0556418352826 -4775.750153248866
-9632.539223470043 -7745.773390858716
428.7060729918794 2356.9374391128295
855.7045457512395 3900.989052259194
-6194.491250178307 -4817.23306751987
3464.650058521993 4257.006289416768
-5362.397225122863 -500.82162380276895
-6498.540443847127 -2.3987980549973145
-3555.930793010946 5243.123521413656
-1182.1229964650647 7041.350319597634
8633.311126666333 2198.6621857801692
-5702.931755072038 1723.3115157918328
6897.798879574133 5743.636174023757
-9507.148918544379 8096.497363086513
5405.556552042075 -9087.598716944947
4566.461249204347 8163.983247537002
-900.452098638194 4008.6340029527437
2154.2785946118 3113.5236277508466
7716.899869327295 -2415.7628067913083
9913.209775192561 -9478.8692822537
-2934.3184637859968 -3192.567094399268
228.72442730020157 -4990.43799836282
-2352.257519304346 -6924.869462372268
1933.8000090389014 -2007.7834435599161
5891.889713712126 -5818.284965023608
-6124.667425673931 -4097.537518299919
-937.5298051353238 -561.5854296728721
-8222.165392916579 -4297.047379427552
1334.1984043411776 -7155.556512105741
3092.536480031924 -8510.985867005209
5574.86308259143 -2256.8483313316065
-616.7200337103604 -3355.2708175977623
3053.311611892759 -7646.56429240326
1288.876882754168 -7720.140678898493
1590.9045012376318 7148.703944734956
7214.8890769780955 -5429.7080070942
1600.41164317708 -7737.28261575446
3646.06013333629 1144.2200081956107
9007.099253365297 -4066.3454497882576
-7666.077020032593 9800.800905978565
-5777.4641471033065 -6545.210857954231
-2397.626062420857 -8382.435081619304
-2857.5592788476097 -9817.80453950372
-4372.704287128384 4897.3859422850655
9565.658566853363 -8143.078909075157
-3215.4081478706175 -3574.659210034126
-1517.85694893433 -9168.884818355386
-7975.731997168245 -7849.664478414212
6353.605471049135 -2255.3905313195237
4716.489593162623 -9324.107204986136
-2188.7344354068337 -5219.496194992957
-9471.184962534744 -160.96949277377098
-3879.077237646331 -1164.6846310969704
-367.90609246206986 -824.3004209844894
7316.355453251523 771.3054258898719
-2104.2071737470014 9215.761920860445
5077.82253684607 -9624.390203191502
-3278.201758348898 2320.049044098587
5233.234294542846 5732.841162551091
4779.02893118254 -833.4568601261544
-4814.661218556164 424.85711822803387
9139.460444233737 12.27570926647968
619.0483376002503 2303.4266823900816
-1820.5380701443237 502.0569687749103
9518.809633474255 3538.548477903192
-5901.387881034446 -1935.3096095653746
-8173.28400718782 -6772.787014931103
9021.452856681455 6831.848248008937
-8002.183451489344 1054.4281301805077
-4614.091278773107 6534.322586725455
-8740.110059032748 3330.36853797231
8685.399392862146 -6025.103718012546
-3439.2984454416146 -8815.480957151798
-1380.066227406871 4446.6031865458535
-6013.436727103795 -5220.261482709987
-6675.2300586828505 4859.68981972698
5861.792189831709 -2883.8124120352823
583.4968672223822 -9639.889288871462
-7210.559497580202 -3672.9071573711853
-204.312387805654 1866.927395996585
4569.4548551716525 6325.364558269579
-1042.4636894591113 3225.509454119392
7231.206290846258 2242.0995034962307
2027.190940868597 -6432.0302103184895
-2656.8957588050134 -694.9518330768406
-6215.236170796794 2991.7966254160983
-687.1936816721518 1637.141869109173
1660.2886980898948 7812.170536506157
6567.290902328958 -9087.781660893608
-3008.832889885187 5412.996841618098
-6697.126412644987 3887.10768818394
-8216.058276343003 8116.207229510117
9920.995978926385 -7463.720242411649
-8706.501482214064 -9491.585634229337
2316.423087359475 -9152.727506525222
-2403.90683340751 -4691.458518428409
2860.2549906041786 8292.168484222424
4820.8775197215455 9129.576819403163
9220.936035764247 -8427.59532931762
2817.8715695333394 1382.1277501744044
-3907.761639104612 3441.237086281526
-7221.372132452661 -2913.004776329315
-5552.035477932644 240.21565155763528
-4310.906902304033 7508.502624003286
3118.90806316039 8243.049364302839
2482.4757224721525 -8710.13857338798
8288.376727215913 2982.280553671071
-6626.811308765524 3166.3734304591308
-2071.616140699777 5441.211084246628
3091.236180285936 7351.810604553841
-9750.627796247141 4325.558240102879
8599.679014083991 8337.835826527917
7912.137776159627 -5413.646047440308
6366.10767897119 3115.872725894722
3051.3857498652924 8947.622859490577
7372.322233049625 5725.341169245974
-7913.85850052235 -8600.59197136688
9784.706363486956 -2448.26067580572
-6156.986017823347 -551.2458318825484
-8428.936688314025 -5057.456820816308
-305.90140769310165 5378.276982024296
-1662.0405562315318 -521.5300841640437
212.07971314459792 -4156.014865577901
5275.905233367646 5632.143948132249
9270.877426074156 3851.051239921173
6337.985895211228 5565.7618759913
3570.9668968023634 7478.256958832873
8640.828900944736 -8536.129854480023
-6755.724311877877 -4321.123140514121
5565.087262972875 -7933.090848764457
-2505.652939841714 -6932.215073309242
8145.887342790247 -8034.30216438475
-1846.758854409798 -7188.391832990111
-8918.022037557037 9736.577943879118
3587.4229804455153 9570.778223618705
-2944.399772424744 -5858.543686992377
-4439.328964187858 -7100.6318920061085
1043.3720257611349 -3613.479872995111
-7537.1833649872915 -4409.375567330072
4911.768506125958 -9172.066310239112
3738.9164022161676 -8836.856394973396
-8170.939991929497 6532.350290101589
-7595.777733335484 14.672752904871231
-111.15751573258967 -2255.391467746339
5206.118663288686 -5272.464155737962
-5171.403867369382 2584.5144758522347
-6705.045875559945 -8408.262761446204
-7160.0399842357865 -3810.8650995388334
-9808.502269958657 -2381.20229524724
6205.722384931101 -2963.4287074384292
-1610.4895323037235 -9848.554693270402
-3138.215308004078 -6668.298339573274
1107.7235789025726 -368.72457978205966
5970.650976034762 103.91450586258725
1506.2805622637334 5168.558624300664
1206.2695091624792 -2938.6022559866024
-1891.5095535382534 -2734.6128654613767
7688.337696744187 -7733.941758778958
-7780.480316191234 -7624.613593518044
3367.465905879497 7337.701097440378
-9190.576086140663 -59.74351635968742
5150.86326148387 6165.611367680613
-3371.2836760277632 4125.423453160562
8171.511251550899 -8999.779540502737
6250.437812077082 9684.13311999715
7342.05173622477 7317.069495936532
6283.4770614536155 -5788.669577683514
7697.910059018737 -8010.185583536722
8177.67970958335 7505.716077243702
-1977.5492510643653 8078.542369495339
-7157.946259354609 2840.3864313807408
860.2430449590029 -6065.787148688945
7723.1710357401025 -5350.484979627541
1262.7985535743755 -5660.450596654736
-8958.362921117863 -7529.461510562703
-3525.57755923288 -2948.735808859191
-9439.712991074066 1938.3693023165579
-745.8998870935193 9378.000403836839
-2441.452247591509 -9789.831834643874
8642.623654088366 -3677.0647904478037
-9386.814745997795 5406.246908385581
-6277.556619360159 4339.495565302772
-1663.562391763735 -2515.2915115741735
-1718.9869751585502 -7106.812169018996
5398.316506159415 -8575.545614775094
7276.67213671008 9792.061032058591
1960.6399496103786 -7326.7728347636885
-380.5989691675586 -4357.141349373362
-6923.858664056344 -475.62031324520467
6017.049685449649 7809.451290092526
1656.782883358339 -2581.8919337012794
-4499.0555879024405 -5105.337214222978
-3708.8245853474164 -3880.106777693184
9733.030515532799 9036.140190515704
-6508.2008365866795 2310.9546657453047
-9689.979242380861 -4798.547012436831
2878.490980191058 -2667.469917504868
1018.2702081162024 4187.12575960506
3355.4502440758533 -7342.165576413838
-5643.595463017048 -829.1457121543972
-1485.20282841245 4122.583943446618
9630.995311427305 4435.675216870066
300.4945500371323 26.99896973649993
-1456.137392808445 -720.6012972343942
-8607.77176663412 -2070.7686964094
-6572.1378728843665 -9857.864793036022
-1180.3762137949943 -9717.803155882899
3151.304286677914 -370.7088544889393
-6007.043851502618 -9977.184489449095
2199.4229973753427 -7623.07095248921
-2362.7109012829806 3804.7081386120244
9554.599705397239 -5399.07712580874
-7957.234507186875 2772.412659608106
-4264.668726671632 -3309.1281898785455
7594.5491058202315 8607.22599082491
8717.201076006444 -3645.7350315250524
-4278.297251735475 6031.807182146875
-7552.590932893883 3585.9216094034637
6205.0578847118595 -7957.295708360117
5277.685512392383 8132.262482222708
-6790.066155401495 -3153.0000493855614
9878.697196201756 5139.497768225769
1460.3191215676525 1811.3077323993148
1062.346142942788 5319.354464199005
-8353.06993554909 -4311.625814792404
3426.6202142160582 2235.486171194043
-7537.664313277115 -8031.422853794838
6850.961618715224 -8791.750416196739
-4417.889730028474 -2589.355179965036
-5391.614808489111 -8144.938568482953
-538.2234791038427 -5362.057158110947
-3776.142796158688 -571.9259397565493
-2004.9387748879099 143.71706100672964
5196.744010649401 -1119.5521776532441
879.7836869215807 3130.707676842907
318.3966380298116 -12.974940641337525
3963.4668029113036 317.576365931478
-1445.7584345727064 -8135.257213679799
-108.45003345858458 -2823.371754081423
7323.0169154245705 -9117.350316218846
-7943.1376615214085 7024.337814246599
-5505.927673194713 7220.931977931443
8149.787025504094 5968.213101367617
-4463.057065493254 2232.8748230289366
3534.3480462544194 -6079.421562033693
8995.67794634834 -8716.780794573271
-773.7894967937973 9721.869510273536
-6176.305091644645 4880.916780904532
-5575.618512460696 -8126.921157853925
-4896.797450971102 -5306.2064786711935
9349.172033901315 5459.018707528956
8286.524446874297 427.19073138451495
-9435.22787097842 -9448.906038842819
6334.935852802322 -1431.8382543334192
8015.5524857737255 7710.310703775129
-1006.1028823169363 -5358.6536128219595
-9318.987865600793 2168.2883687785634
8931.867770357523 -3107.8281997400545
6055.053130422537 -153.94601300367685
-4416.853182545144 1207.5590218473571
7581.05525395479 5577.448984853851
-5726.521777048323 4603.849624706349
-6274.998735771813 -3264.0039054302924
5570.436002665039 7756.193139960149
2544.6822755158955 -6078.889254467612
7788.890441091935 5813.173115267953
6413.800586647736 4441.573225683853
-5804.869130732071 1134.9716614570025
-7014.43524735188 -5958.790281030064
-4308.49254134043 1612.9158410839682
531.1462841780012 7643.753099009169
-373.2683602590878 -6127.230148145204
-1535.8337814288843 -9149.098829341308
-4134.737689586356 1933.6742931522203
7163.136764160521 509.6030836132686
-7637.525055370608 -1210.8374568674244
-4870.407547366524 -5128.344578865341
4230.605066736605 -9103.785152228369
-3929.6020361459696 1700.7005064356454
-7356.267487210986 3702.8476022110062
-6331.474909546666 -3861.2344270350386
-7081.651874149275 114.25583901736718
7607.355308192215 -773.4865609757053
4719.339101701182 3192.0707646048795
839.3583401993856 -7321.614834830548
1579.5007949831106 9400.816004557197
-4859.231205382413 -4154.118169141066
-8216.036399742903 9360.179707542975
9669.668476759169 6759.226702735446
8159.214133673395 -668.7456148644615
5545.665235327997 -9280.287162162882
419.6569804443425 8559.42637065865
8395.134833187967 7122.042546646993
-9537.038422727768 5116.120872093174
-9643.217907754673 -1981.9733792528086
8368.69982201642 -3973.8490880248855
3218.0444943826787 390.0127045881454
-5156.91727867607 6236.94740063234
5153.66155440283 8184.470485617872
-5534.130473477488 5380.463178044902
-5036.501034660894 -136.83139266609396
-6666.190324594625 -8701.893715235849
-242.4959223457172 2561.4309352459186
-5441.737687258268 -5056.446861183459
-5288.547812283608 4899.97279162835
-4437.088735270092 2547.8542177539002
6817.920483436217 -2921.136857080606
-7759.215105507366 -2174.24563827338
8482.706074682526 9089.181339389357
6768.064504310358 9521.69364940764
1367.6991380553955 -4290.030645211092
-1764.5551766137705 7738.482587858638
6056.980271777598 415.1171896781598
8246.097117651781 6261.1711070969195
8923.716729408377 -603.1547151304512
-2757.433234542952 -2516.8242801589404
-5998.806212337156 1619.4750637970556
1563.2082895938893 -8438.758063309202
4712.114676034904 1149.2252640677816
6092.056690694713 -7929.634520035363
-2013.9294168677989 3962.7829907096093
2854.3053157976738 -3300.676138487257
-8404.128675460232 3019.4456542509342
-7977.15920262424 3421.9928920882376
4469.206315219602 -7411.348843075276
-1460.4228034239113 -9900.835187822064
9282.887350924888 -4343.246436536827
4918.600405160067 -1389.8912763390636
-3177.292718302613 6693.923382284094
-1213.5757888881817 -6617.350339397183
-7607.2808587737945 6144.088866967502
2327.93366216522 -1414.9291075820056
5983.544872275188 2707.8677572473116
-9955.119834018753 8262.674142262993
-39.92526422346782 4820.460758764837
-8902.934252982057 9346.371480416623
704.7286741792632 -6316.478107874237
-7015.357371262651 -1269.796999600867
3953.205175337982 6792.042516932906
-5556.769486519497 -7490.786444392226
7485.445263711859 3104.320224151221
-2838.1615472609337 -2011.351168114339
9385.312836970905 8835.116287260513
-1703.1453536171684 7219.967016342791
-4741.731933355196 -3690.865818973676
8743.655550199175 -5411.314460782013
3597.1022963139458 7393.985757067028
-4259.33793894824 373.62440406926
4911.578017477954 -2261.1591250744987
-7381.046532511437 -2783.372049050099
-2711.4015666139976 8376.985394438805
-6626.1711300899 7086.386346649688
8725.31396047329 7207.552168674818
-4777.006892599454 2589.5023928845367
4878.357765619563 4453.709042155544
8429.31365198276 8376.49415029028
9798.174492090347 -6598.372314305272
-595.6031886914225 -4090.0714035203255
-3231.8033178451233 556.587286596412
-9527.517230841893 -1993.5534959175702
-3455.597444302498 7809.594217702663
7662.473632491361 -1666.0573558460892
1091.5627121160778 -6710.0673343913695
6509.16276651081 -4560.289188401538
-7661.723276641028 7286.0982310033
-4916.971088825828 904.8874474306176
-2476.327052066443 -5050.419205476204
-6668.759654407595 6865.067156625482
5384.428107608317 -1546.9805612069613
-1699.2152130782888 9406.48510941018
-9268.454094554723 -2143.7453300566567
5927.936136542963 1241.6994407924103
8892.115927716579 2140.86394466795
-8183.461045430036 9588.232121633737
-3957.950399263148 -294.22885922993555
-4209.121728640262 -6681.832323139453
6631.582014470361 1073.5689480751826
7997.184276018856 7216.228021538693
-5093.905639372733 -4360.7788725561395
-2058.9020391373606 -9421.619107184077
3950.6105724454574 -1000.1632281609545
2086.7125307596816 2402.572053069889
2737.0891234465034 7736.244516009567
-9493.924091086908 6067.694646755801
9329.41750710487 4474.130649536604
8556.33281507453 2666.446652285291
-3298.202951419029 7634.524006406042
-4325.040766771366 4052.262591485538
-3448.005109351264 -2509.547433948591
121.82265737521084 4180.017979183434
-3958.2990042056763 -7021.372366710452
-4139.915866150807 -9535.23346414693
2572.036811095946 2172.0285855344155
5756.245190839583 -4347.72783142016
-7496.983072026244 3401.319619420501
3892.913100749729 5089.6459480753165
1151.5681552115202 -6279.972526469633
9026.146725522518 4303.9227366659925
-6546.526304075202 6740.469428938326
-8917.472584915238 -2559.0467147652853
-2649.594300996687 -7175.561803489661
-6920.628809656835 8386.498130323434
5263.982804738313 -8805.321766481322
1964.7940173607476 -6714.033325975359
-7055.428582725621 5740.231360510572
3612.607724276764 5698.752753441908
9533.331372502333 4120.753105772512
9570.324400221969 3767.672468842009
-2148.209484801513 -6768.073255148665
6146.7996915140175 -7446.488797627821
9734.010705011548 3176.1524742180973
-9960.634688240048 -5920.744380194847
7642.188579975373 -3410.3051761435245
-1061.458318282519 -7351.920342969028
-9142.68168339301 -9490.47384936038
411.7343076720772 -6356.285897914478
-7787.676515222839 -6079.881842162256
7855.585766592201 291.3462297291444
-364.1519440270131 5702.475997360947
8419.928762308562 -5248.274346623442
5700.671360425715 4914.733244695568
-5455.412998832834 7440.696618648366
-2078.497260243177 -1834.337517600895
8113.534042920448 -8389.108435449842
-7277.310398974731 7299.483034737063
-5780.793092192617 9001.86731507226
6797.144101849739 4692.383041014418
143.05841406650325 -3240.516762873298
-8996.408730836998 -6831.799150925379
4396.704782341536 5844.864648448225
4000.013120090305 2872.744064354858
531.3121808530232 -3202.185684541945
-4513.058799085164 -1596.7466289915446
-9088.858330198875 9989.073855536837
2235.043127820929 -3928.44443704468
6760.463555347607 -5609.633955599491
-6002.784224138677 3386.4677720931377
2531.3177594477074 1410.6794541793042
956.1908744431094 -9326.929823222192
-4997.106625799068 8491.787915319026
9534.435609269654 8203.463936769025
-9488.427036032643 -9074.469802351783
9193.906601297738 -8704.306059574494
7323.971466062714 9749.903784397098
9279.008214263435 -9455.476447218873
-5596.423948131084 8600.56378063592
2006.8767906778703 4679.7921143444455
-7315.114411488914 -6961.160583382435
5384.898980844593 -494.8849058846463
457.2185379084531 2146.92323174131
-1863.844561106096 7951.714957448345
-9426.360078371328 -5924.5928471817115
-2360.744550351481 3489.203036407642
3938.752260633224 -5252.113130968112
-8560.184425952364 1967.1707752938619
-8907.64491897414 2071.8646962693456
-6933.38470276268 -4581.53534710741
-8305.716873422762 -3225.2605677948877
-6313.75851120497 -4562.9302218627
-9671.008743195434 5378.1770106530785
2555.8163052897944 3450.5401976497724
6286.754436772055 -9156.293583062476
-8715.811210605707 -9461.038834383153
4841.620331786833 -7933.095266607015
-412.26141851858483 409.4420593884879
-1965.4607213492773 -5332.924500344633
3527.740032888032 5717.193677913921
-5916.627391184829 -7586.156225123941
-8857.999864366531 -9868.754436714717
-3720.229816397962 -8848.362043837136
-5065.727526108394 -3625.0793109668366
4596.179381088912 -4772.456171148713
-4139.267050319108 -6071.8104626875975
-3785.468953317323 197.56427660707595
-746.4267075712596 -838.9245373052763
-5198.5575112267825 -5019.172664694957
9547.565860444305 5374.307979467008
2593.03250519862 -8349.152970772853
-2273.78072867872 -9444.555946022347
4215.75284090302 -8302.564421985133
3079.9346882332484 6615.724369606374
-3342.097521814014 3862.43337100548
-830.6489208322582 -4545.045228314435
-4080.220043889806 -9453.074008720281
2812.8493575332377 4408.722958753164
-2391.290065741189 -2692.8315142486726
-5532.035359152763 6464.319582188746
6108.462100788522 -6899.0501087744115
8552.241274024229 9088.732900912728
-5059.1477512506435 -2284.315284301857
3049.843046060809 -405.8585476692897
-449.3795806708349 -2795.973191430816
9176.013700637373 4673.345073696168
-7017.073845240469 8172.3482794136
-6077.739432444858 -2930.382799299423
-5213.877984318687 7411.949853644925
980.9251024201512 3302.482700641527
-6039.286605893012 -5367.599422722194
8848.573149832362 -7047.0356910145
7888.71612592872 2950.9420158682988
-1166.5749263270045 2218.864546001585
-9084.101162389701 -5688.587913195269
242.83215539723096 2282.692172996285
8622.66819212522 -4849.310963244293
-4797.427927930656 6491.863168439086
6807.654713894241 1400.17467319147
1360.5376664965042 -567.158970325976
7821.320894463148 -8695.626323942966
7153.154510373224 5687.911160501055
1125.2067790085894 9558.159705101887
-8636.340364260173 -3604.677400272527
-184.29856141195341 6908.838053202351
-3622.8557185452746 -2309.448845209523
-9660.485871109531 -4361.334434104873
2838.0522732652353 -3311.5254936617957
8741.301621936269 -6762.002159462275
-7658.397371910331 -2126.7185193743217
-6477.816297629841 -5901.219390799004
4341.385940525188 5594.966830919966
-7448.837954150644 -7797.368138692327
-6368.831225651595 -3171.699744348477
-540.2510584238225 -3452.7188742608005
-4440.2794027483615 2432.1745054969815
3563.3728412386663 -4550.323021664675
7563.251677094835 -5145.709591538874
-3408.5682797114505 -4116.399943960802
-2349.1517990800803 5558.147793211612
9371.128682053528 9654.145716881754
-6845.9478148432645 6406.3566123309065
-7901.482843892242 -519.0197954951946
6352.527956258367 5816.303646234344
2943.456265779165 -5043.201257190291
-2486.4591179282543 -7288.750079394873
-8526.535261674997 866.9451562829181
433.7365987170342 9121.961102878275
-4255.260928792531 8500.693662846737
747.5166647958176 5750.998683424963
-5103.119231998689 4354.206867786861
3067.0637189184727 -6106.1512714025375
-7298.832145491907 -9980.264735472841
9444.86790701146 -8181.928149416537
-8249.524308847305 2075.1394070434817
-1299.625538984401 -5966.291396224244
-7157.760839354472 -8567.646718032129
3828.1661768058166 7845.202031886511
-405.8652511839864 7872.942434074455
-6994.136805519731 3157.117859439808
4445.427181925799 -2606.567940000644
8645.714506367436 8712.992482650297
-1064.7749221420981 -2497.3807218790853
8484.627197770136 778.6589693253609
8512.155860078397 8757.61596763273
2883.1737759725165 8738.429276239229
118.26157682529993 9594.890668724518
-6695.120069916112 6154.559352395676
9403.193136390015 5907.118658674457
8372.897703571343 5547.429536797312
3663.061972268966 6836.178663228817
5951.933972733716 -9514.071336979401
-3538.4050086462394 -6102.841012611675
2379.0941907928536 -465.4537509810234
379.51056861785764 1817.777804400508
3268.077239658649 3185.7120877409234
5451.32341352462 -3627.853240366896
4236.945155805757 7112.956494798767
2587.0615640706073 -2992.662231066761
4460.464342968915 -7087.505864697343
-6360.336594152612 -9794.25216710202
-8876.1966510878 -9042.139958894795
2767.100670523916 -6704.211005340132
8655.151630428227 9074.27168592067
7351.56123199693 -2182.049297417024
3040.5972382311647 -4553.593662766843
976.294280876371 6572.833312061703
8575.401208031133 -5494.678005228777
5824.017504658854 -877.7411274600363
2081.562610359151 497.2856374650928
7349.051329226801 -3215.8804059935146
7922.3748649902045 5019.291717241886
-9811.355049673319 -9943.864233418512
-3929.5675795998086 -7986.901417994699
-8982.782896472321 -1076.7605866861013
-4963.652166349877 -3458.3686901662495
-8589.464371585524 -352.17217992247606
1641.2048773572587 -7871.363773072872
-8224.864965939587 -9588.342195302866
-9583.435357252041 5524.50132127938
-3988.4568820757686 2572.68848503381
6841.617573986794 -2531.807544410489
-4181.811584276043 -5680.2893065877515
-9322.139410962583 -6652.7258172867205
-6593.882256055436 9152.12774469065
-1662.5495216709023 -1384.963857097082
1882.9573424455739 2881.7904946631807
-3477.821016688292 -9594.24601185521
-6322.18459260732 -251.68401948807514
3295.7854470046022 -1003.8363362035561
9117.111305367085 -9241.151683149725
-2696.895433400937 593.2466657553869
9624.604530219538 -4492.236341640721
1025.3440344075843 -3614.536561397059
3007.1615572445007 -7498.667068394338
9761.537441112589 -8123.403078205917
1901.0974909430715 2406.904931663239
4452.033493061494 -4771.591810669295
692.200400236914 3665.695688761447
-6489.362104493459 3670.3224204420367
-8914.170874421641 -9447.197990973762
-3492.1809860229305 2991.4127090147194
1991.7552248128704 -9962.415331562113
-9151.83695824636 6711.968584965813
5501.711500050327 -4307.889545990133
-8488.947152664392 8738.968198756007
-2524.127911013714 -5585.145582823146
3474.31804360326 -3858.1901358296
-1382.2129178770501 -5118.585037027681
-3383.614644115758 7141.687845398184
9905.56784148101 -4596.488568936033
3693.254029806041 3490.019806390168
-5139.597186591969 -6727.931512860603
-6587.623130551754 -3881.6147257256835
-9628.237551207709 -2320.2709656663737
2676.332342820897 -1725.56168177371
7661.936597219134 3962.6592949478563
4744.943886609148 1315.3132484040889
-4539.17289752285 -1828.9516108667094
3365.2790205512993 -5087.9405066499485
-1424.8029362940924 7872.230645205753
-3155.2425511276415 5625.679033168011
-3225.1329317891186 -2390.1053344187594
-9406.640854395166 5647.364663290322
-8718.380365627416 5587.373345771888
-8163.2767899404325 6952.577357895403
-865.1357268827396 -8087.466696567167
-3997.3057854351546 5200.62629069875
-678.6108648525897 -1863.672955830145
-9290.333758343972 -7581.55229236201
8794.809768780604 2836.589881059863
335.8457542688102 -2160.691897930971
-8626.389957044168 -1356.7985648695267
-8175.654820535154 2224.196131507917
-2005.0565331450152 -7629.739539791034
679.7914668261856 2575.685143252871
2914.6511876971363 1815.4545725826501
-4962.077820434621 1361.0970925370402
-2817.7667781702658 -9693.664822814382
-4759.580932478751 -2806.1901001929646
8082.787633705077 3217.744388469606
6523.011947823419 2378.603475495758
-8773.785318819893 9454.162395964537
3225.664544368563 6808.948612548953
-9422.731202233605 5285.286582596995
4359.439142170884 7411.1926455920475
958.3151857770372 7942.676044861411
2415.415384106591 7662.614675413282
-2580.065813326757 -7970.166653237844
9976.820408356889 2667.365796641252
-3637.2062793906143 3067.6147933712346
-8003.6925694519505 1856.321904882483
4407.501490046658 -608.5889952458401
-4473.894138182377 3583.9366772660087
-7252.588891015732 6136.051965517923
-6760.460354637156 3727.1820348863384
7082.657501115438 -6811.070905677008
2258.199405610694 -6151.277983666399
6221.966473572342 -7238.632322458893
5599.83081785216 3568.4759319660116
-3947.932190497514 -8377.206838745356
9987.783309329887 6494.771673341122
9812.818776823668 8061.78701364794
813.6456230334716 -601.6820327855985
479.4394639932143 -5717.35324433933
2720.474336561336 269.2503879208962
-3458.4823077963665 -8784.399024493736
2574.8091572117773 -7520.457407246437
8581.75508253554 4613.360744515905
521.4331205068465 9480.107813072002
795.6729005758352 8826.211155542369
4365.64435390262 7293.935688504753
-1043.1926079603945 -2207.5954797388285
-7296.444583560151 -9476.344886210289
-5679.815277923168 -8449.894518011946
3021.7482800383787 1673.9360017216113
1570.1564005170803 -9028.284121599803
-7586.632622345506 -6703.826062149032
-1843.0409316663936 -6559.097739549998
-9391.463202059871 -2205.0631553657095
-7770.365243138936 -2162.800773475644
-2307.2490496239316 -9307.315167887162
-3138.763073062323 -1537.4133017416862
-7812.317317305073 9731.299812618221
9375.529014236123 -5561.025588875874
9094.624961560257 4395.997483815019
6322.656445643412 3625.0534435208883
2051.569974898297 8279.223652245691
7014.559521158877 8245.504781539563
-1069.294538147984 -9840.82939469865
-8480.819936621263 -6804.902048407999
-3996.107212354412 8749.576614366844
2625.781440832172 7374.725138280948
-7770.5277612638565 -9215.495413290544
-4467.995691499036 3435.9661875682486
2264.51970860425 -7566.1706878979285
3866.5372224055263 -8044.702858009321
4482.464019068975 -9997.80809617707
6149.585158420663 2328.5954937422157
-1423.24813296088 -2553.793895352672
2906.582875713273 -5428.881656292863
6257.030021081364 5451.750044762834
-8611.105952170972 -6272.329415246622
8095.098041796926 -354.81944711986944
-7781.489822475596 1742.2036210165152
9753.66022603081 3969.365369979996
262.04233703481077 405.61781361181966
-8368.30646098244 9337.445335631568
652.5977406799921 -6604.923643375724
-2613.976927325907 7384.267453818549
-9883.614993690528 5437.665992671042
-1160.5154235493374 -5532.52363884072
-6375.794227416784 2275.776670038047
-2538.1707805519472 2027.2624711237113
6876.24094071185 -3618.9068125648664
5910.308032388872 5995.815949257005
6241.847901452713 258.63193650909307
-2957.3432169476164 -9845.450501498972
9514.346382743846 1701.790896520426
-7634.014833147571 6169.2021201046955
3204.060708257135 3503.8946687499792
7060.84760861372 6489.94635654915
-4918.8283842605315 -6098.732133122459
-5479.43829376607 5385.673186631555
4293.197041172638 -6582.610431691515
-228.38122818994088 8088.647223545606
5620.223266791505 -1202.7850261840686
-1808.1872499737165 -1642.2400656536483
-705.7316301588344 -4634.715790153036
3618.4954408676513 -9274.36090605753
3297.4576727583044 -4589.235707215469
-1759.8582384012134 -4723.094238721679
1166.9606171435407 2097.111903173696
5590.203785379803 -9988.099644767297
5072.929933329098 -4086.441422955827
-2487.0041730652656 8682.228105064278
-8701.049337083861 -6169.827925876852
-3852.8557840371213 -9558.489804328226
-6757.192478042669 87.76113894152695
2772.925102190924 1736.753632209795
-4331.357258081217 -8051.567910228303
-3204.4340906829702 -9427.21160887496
3179.865181025096 3752.1338228143704
187.40878300408804 8614.246029989747
-4254.5428541109695 8269.057806236684
-4612.425921422058 -2453.4062635093387
-5399.404514522248 5607.297421018671
-2041.426122723089 2699.756640841848
2955.793283211093 -3170.308748884283
-774.9077153683938 9144.908269560765
-2312.946857603688 1953.3145890710784
8670.93164756603 -6692.978302898254
-9457.212563905949 149.61359666177486
1045.9063308951481 6592.8261650390195
-9608.436612566833 3732.704992037343
8935.2554716073 -3384.174481914428
1647.9975505888142 6917.899467787211
-2030.09258212417 6307.077873844466
8252.411800520687 -4647.97039108358
-1093.2700955161163 -8467.53390664448
-2556.8617694409722 3061.708638607646
8483.672871928575 3794.2124087332704
-6951.347690722438 -264.83698314093454
9255.487091380313 -3823.564291348127
-5860.016183190844 3147.8225027234075
-2458.5039849519826 7901.562241892148
-8377.856599046563 -938.620593900152
8167.664337741513 5696.45139919927
2706.5777726576744 -5929.440400967909
4861.000360871614 8624.116248732542
1194.9545267431422 5641.379641103213
5955.104201186365 -2881.047195746156
-9882.14134243365 7979.195012628534
-3508.5444848173465 6670.426802667003
2510.2510801833105 2384.3802014193225
-148.17996585275978 -8067.803305830627
5968.841953194937 6398.003180436186
4732.925942776203 -2009.3254820540496
7124.79501607953 -2690.603764866415
6575.356835246814 -7890.924868419363
3278.468768550236 2492.0562226951715
6484.372512174214 -8529.984595768281
-9818.819332452327 1553.832852882926
-4768.83338690665 -9728.226128004897
7312.259049471133 -6568.103415107067
-4901.164553144579 2990.33765527837
4987.932247793136 5332.520024566691
-1861.871134436131 -298.5929449005398
-8748.114763498214 -189.78671995784498
5823.822021753369 -5936.448803733554
735.5872135715927 -8699.68629961294
2153.337911453753 -5104.256549032378
2539.7958007559064 -5936.357248933966
-94.97460148604478 8239.534678963755
9676.891231896923 9771.37869980243
8074.282462155745 -1621.8446049064787
8727.013691532597 4852.825878369735
-2568.5042969083006 3491.866178505208
-4900.772414164574 5248.2955105499095
-9303.45770050917 -5539.087320018938
-3347.7687723286745 9353.83753299819
-5999.606237510367 3784.4630260208323
-3582.586831548704 8714.099537774553
-2894.871509564822 -4334.051486098929
3780.33108576642 -9585.87965052937
1279.4502433497491 -1977.7475884549413
-7285.025188965859 -4859.610866031403
5777.591259807574 -7493.780334464035
5528.454768217049 526.0461222378326
-3454.7481824861934 -410.996593157206
-8937.960862245232 -9335.381450649396
-5922.980581535815 2330.7862659942275
7407.744776966025 -428.774079972025
-8724.5141110535 4675.440105434389
-9062.038535202586 -1110.288611670334
6713.059491378506 -2063.2587154690764
-4191.11231264375 -1711.2985882646008
-6126.7370260565385 -7399.2383879280715
1086.8112898953914 759.1075824407162
2749.072035654106 1651.1069538176089
6259.57764243561 4420.135070851169
6601.645139772179 -3669.3005432035043
-9866.153404159206 7460.379018361309
3733.5650647653 -4414.171689890505
-7017.967620477694 -6514.87078110774
1806.506001167647 -3604.7700298097625
-2708.8984825589387 -9189.467357151258
-9465.990596913583 3768.9875316525686
8578.679670233709 -8860.205891974332
7505.8412920992705 -3590.9303382444687
-5519.794262586859 576.1273915227957
1451.1793142718088 6855.363429225621
7674.145242709481 -928.3027614814964
-2576.3351000376033 3398.081121812984
-3799.431643673359 3181.3328530412873
9192.132019232376 -4880.53769464265
-6658.33769759383 1384.310981966475
5546.6065483903985 1134.7098892584127
-1528.9519706461488 1257.0510982105152
-720.0441127858776 -9565.855314875005
-9857.966726840781 -6575.9112312191555
-9718.659497589046 9685.581146675027
-6826.766676747114 -1515.7729476196055
-2521.588206427874 -7062.0292921922955
-7396.740446447158 3.2942124553010217
-1709.0300241955756 9374.37772822229
9124.459407678583 -815.5250498575333
-1190.4101718467282 -6905.604910199621
2968.977807909134 -5028.296256661959
3088.4902068886204 -7636.8706551211435
-3791.3133266248633 -2888.855686470424
-4257.287446596376 -5154.072555484643
-2956.1878205624125 -909.6843819076566
-1534.541988168321 -9944.968616782666
-6106.63335371294 -7106.053116740633
8132.200290591303 566.3952771770983
1963.7822859608314 -1839.8184437657728
-8166.009367294205 9521.924523392725
-9539.584127240767 4590.279120091258
2483.1348486671413 -6485.58007319245
-5280.120484998345 8359.494913011757
7560.220348278981 -2840.443040210692
4279.431042478072 796.3535102003916
-6877.7638689273535 -1508.7555875649468
-4737.05492885216 742.0511929797321
-4632.673080300482 -7226.245937491371
3451.2596168252912 -9228.727751443064
2852.484309727348 6406.028671230935
-6982.026829672521 1850.2140684762562
3886.279852499976 2300.6218825032174
5150.063252609767 -8972.83407805421
5669.508707027511 -6548.2582421249135
-9364.042216261472 -7604.493865377955
4432.405543529656 2363.909189527145
991.98694774451 -7161.482496418379
-882.1318225271098 -9405.22620557638
-6188.580411901259 -9040.0476503575
-4914.088258722835 -5127.34808748936
-241.43252645607208 123.80694694125305
-1134.6497607703877 4081.395600852231
993.7263095533126 -5328.697902344046
154.4928818539138 -5137.7745834121115
3803.0019178238363 -7847.409716730914
-6926.586401765804 -7335.81343962588
-8179.657329128476 -6194.750372910509
5096.140235438288 -218.06719227796566
467.4043900497509 -9468.855214912779
-858.1053903756547 -7748.440903259005
-1899.8782118347826 2267.7837192489133
-8019.720021583489 -6567.753198458948
-5160.8284362956965 -5080.195021986349
-9593.887399097339 3683.505533032372
6174.777057981051 -9089.208742412562
5565.368043403114 2754.839456804606
-4825.413253752949 -3064.8895166042394
5364.485213887403 4336.686917456618
4486.649808266378 -4365.9674118105095
5071.067395574431 -9321.483136919309
7317.78181073302 6689.8953914456615
-2985.2072868300365 9261.99748328441
-4819.099123786909 -2773.376674207826
1723.1251136039355 -6775.812430377399
-556.8078071071268 -8575.5591075573
4877.206739469941 -7442.279992898757
-6429.74862974278 -5098.858461057971
7149.084013341144 -5928.007575150591
3449.6149000095083 -9318.181071461311
-2717.7887202634565 4681.404987441672
4290.397351971589 473.48647494782927
2702.94663955776 -5206.28835058973
4334.00846068429 -2519.45215132688
-3498.456597672217 6403.594123398296
7974.223844140932 5141.614463749518
4796.920850473107 3953.5859019441214
-6126.846446487216 -62.310233715086724
4300.274525570509 5106.5155018385285
-2727.059334417446 -4183.721391601076
6318.371227881889 -6719.333584543086
9941.297001497522 2795.5104533163194
-9511.83978493254 4130.8735060195795
6052.269820338723 2956.890897726551
-789.9029560656054 -5884.17305988544
7791.911132251134 -6695.168082769667
-7951.617592701698 873.8601091766413
591.805004652917 6865.642736621641
8292.069809077326 -7663.444598405731
-5368.313726565805 918.1941732005725
-4578.1898822701405 -5658.489285113697
6615.669532089032 -5607.004474045938
-8597.252295061742 4962.656073641525
3814.885552260421 5245.961871624559
-475.1003002381058 7858.532846907896
-9017.399160202123 3007.6783306464986
5938.095605325216 6645.983601242453
9986.187368105864 -8271.50755786906
2079.3671202229525 -2361.2716828925786
1863.5790846049622 -5815.688728528752
6866.436780809425 -752.663158161793
-8499.862594514281 -522.5064833837387
-3168.2510035941696 2919.137919224835
-3764.865302553544 3061.778119023411
6297.258582563432 2703.6343080259794
-8554.663102460123 -9260.303127693824
-5759.01707679368 -1638.9702758758667
8516.451957792462 -3674.5194164752884
9682.09656179493 -9611.501863908084
-6398.505479279493 -3564.0312402386962
3212.131434946932 -5579.139230654903
-821.6044410309169 -4733.410416728942
8725.62841015679 -2830.627910889094
-5342.537776676523 -2771.011523817401
-3545.6304493752014 -3605.6678244851255
7152.588401889276 5971.428518575485
-3914.908998397217 -6635.702908308563
-981.6177804547006 4572.612813762271
7041.370826989958 -2163.3347527359683
-5131.337031255954 3594.1036850079854
-8063.840181315163 2801.4699541120717
7530.073349322829 -8803.942501622952
8752.205460693862 9062.22499870462
-252.19129728890402 2665.51372354002
-2516.5969993198532 8184.711018101927
-3551.224756047731 5476.015781567185
-2229.1156791669573 6426.612849661975
-9019.254059128887 -9608.136476803575
-4506.556812932196 -8032.037343278562
7984.380732918962 9149.844556040032
-1677.3308413496998 -6905.6452162937785
-4581.751024599543 4895.800317719395
2928.9487814748336 5941.95047007185
-1254.72074672879 2822.936816537009
-174.72442585059798 6995.311035511932
1402.3399985453161 5353.304991439432
5761.580806065596 7736.123297836868
-2587.0644125064928 8723.411283337631
-1866.9046061150675 -3327.0680405358453
-5633.7147018688065 5979.459465101836
-8957.982283447593 7439.0025492803725
7974.332502665355 5157.237861227824
-1547.4431559553777 -9272.516386158073
3031.513521961817 -9183.784124725387
-3694.8116288850415 -7459.933640564774
-159.60359854545277 -7883.068311642858
2506.75826279417 -8442.632436514225
29.581864431749636 -8724.706962553655
1388.8326921856915 4396.291174491647
-8821.462909071435 -7503.065105153017
7527.490308734748 9101.666332895857
5777.318785391837 -6610.676030711044
-7256.480232646123 4426.475232038818
-3212.578475209022 -1631.1884759946388
9652.77808810653 -4712.9706730876
9433.263005115703 6724.383093437747
-4687.7581147356495 -6763.527947402068
-3157.88841805475 -3230.6170683509454
9308.062180901867 4882.030799936703
5763.527534418072 -8092.9904053052915
-7942.281127876505 -9121.544721143533
7837.685289957968 -5545.07103262295
1149.152521718952 -6537.873537238222
-8254.788088959855 8718.86583280861
-3784.4710104856595 -8552.655977876851
2059.4708112658755 6074.577633936116
-3854.927523608202 8188.3270459373125
-8264.510833821341 -8287.8597178078
6351.195841750161 -9782.49069264463
6908.018412151563 -4783.993110605258
8378.916788426133 -7897.280567948335
5034.49203337839 5298.832260602259
-700.6454429858277 6522.89092529011
406.93004657743404 2776.5897819281054
4144.859064705399 7643.958295215471
-5329.88058976495 -4732.964482264994
1063.126541503103 -9416.356952144044
4221.677884378883 2113.1022605935796
-4080.577807304857 -9914.148143416158
1232.896972859884 -1322.6490577830918
751.8184712300663 7482.446111035933
517.53365108049 5423.119040446587
8785.140355064243 6602.173783910079
-9410.992857899902 -907.4490286270102
-2364.918771796214 -3506.409046605061
3984.7345954065368 -9188.773746892159
-8115.255041574003 1660.811581934362
9299.621556408314 -906.3807432698195
-3608.352723139763 8967.982698219508
5359.009292854096 4493.173131887957
-7516.014888287507 -5549.605918575149
6574.652889482961 7035.293087020949
-9369.227498291002 -7022.831569667289
7765.5925286671845 -2408.9131567795066
-4778.779813708363 -957.4887951047531
6589.060508677248 -5.76474911133846
-235.49050426779104 -2080.4714440602547
2214.847551196932 1972.8773328693442
-5878.093730788793 2992.6535666434556
-10.173038689690657 9862.953155305124
9308.933403115308 -2708.2499473298394
-6422.370739676964 -5411.042658257113
9956.096011274247 5083.000135308201
8421.731887262671 4542.60007754039
9692.452223230568 -7171.293253977371
-6631.495017206233 4759.401628560143
-9482.916036868593 -2089.8254869575194
900.0550971392477 1187.7726414049848
-6350.682833976991 8214.87301501694
664.9635679391031 3864.6689150735947
-3600.681757800965 6021.097314442653
5858.322748395012 -6543.559561314061
-2723.5330971293624 5570.398596456487
-2509.265030956065 1893.0175946397703
-146.29399577135518 -4699.938393168668
7699.230891903895 -281.8743882129111
-5168.175567687558 2914.9626949672693
9991.345828429508 297.7299281570304
9298.43549948755 -5689.850194675414
1676.8649407261037 4173.458334716979
2352.175785356161 -4187.462696609115
-8269.960658993898 -4382.719910501533
-2936.559153728206 -6707.875800311976
5938.347992449846 7838.235694189672
-9831.247282973743 -8599.814161687056
-9567.82477140964 -6688.4334040877675
-7053.365761137962 -8476.085278181314
-5446.968956566947 -8654.893817308555
9398.64607566678 8004.018799665711
4506.249573644407 -3732.6687765163106
-8839.969320437644 8743.822272777383
357.3632417274548 -3483.991353616784
2490.173635787254 -1454.5699740109503
669.6415530450013 -2574.1050730902316
3243.892485129956 1340.5720960561011
1443.5571541616046 -1341.5149315289345
-7099.671361068578 940.7458341128786
9007.230247807001 -9013.66788137821
-5472.988346310024 9013.337155132882
-9879.819809180566 6538.996775972701
-6017.566426584919 3697.4033132762543
-3209.0085994099863 1637.2103992401226
6711.2652400588995 2604.8551241510377
8172.791781750875 -8013.630440011614
2162.1217121224818 -90.21038458855219
7388.708505227303 -3729.981862521796
-5841.441303673196 8810.769231576382
-2747.2406136978743 -3921.514176489991
4479.778538799817 7857.863130968071
-4410.080425999914 7627.4080345605435
6458.290090447823 -7531.688947760267
-1777.6316894578904 3865.3586346083994
-4422.442315580224 1411.682580552817
-4322.773632695967 4339.379518307116
-5146.545220950933 2127.4580208156985
-1715.6435239782786 4581.705053974507
4209.106931322765 -1555.030468880197
3571.0866863729643 6800.524972704916
5103.518827847352 9607.6833151102
9724.00178132949 -697.8524948215891
-5649.880348233116 460.8308140218869
-623.7776748404867 -6658.532434497793
4362.185673267164 -756.5713529664044
9091.878149507396 2992.1663680747115
-9012.154698558756 1632.760840228344
1657.7592587242325 6147.60927214701
-5351.822982919723 7521.421632945305
-9344.586285756677 -7092.070863548823
5667.676867772145 -9535.943600504608
9775.233707314132 -8621.675541802468
-9512.839058677693 -1187.036040089868
-7052.628738782547 298.1245357555654
1874.946658402543 -7731.241574634772
-4397.42128366879 -7060.2881929268115
3302.9436159466422 7904.315446819204
2239.3785660662234 7360.917852289218
5330.049670778779 5677.260912372334
-9037.77287345385 4364.039806262379
136.0565433897591 5028.299471857699
1768.6315765617092 -3590.8353386125527
9275.021010841843 -8630.30672830594
2101.4495980712236 8249.00528437813
9267.859735821883 4100.252332074862
545.8967393656076 3196.997566847567
9829.697777628047 -3759.7826452945274
7539.050896460638 -2290.069175553739
-9671.713340219101 -138.55456619445795
572.9385481995214 -8639.08475849084
-8504.41840002487 1195.3563085232217
610.5587506715365 -701.9727486602824
-8534.639566328155 4633.102134640731
6297.493100361082 9928.498961071851
7885.533881266409 5789.4817408487725
3040.016123290143 1837.8474657785391
1154.5968310286153 384.13381435954216
5133.917463717888 847.8827918113966
7757.4248557922 7900.58097755575
866.5167161859099 637.049329147263
7226.431770658895 6815.725787205272
-7122.3612296473475 8491.096514803223
1429.862403185045 1649.4372978310585
-946.4014246883653 -8478.395548626357
689.7848232554261 -8834.111754813644
2841.523451260022 8084.415940976087
7658.128430030454 1765.3406089777782
-3890.3767501513184 -5850.432245100121
6929.894180420422 -9562.891343762223
2542.299915999969 -4981.165813824608
6048.441761564023 7601.456528306291
5047.269525518357 9056.536173328357
-8141.455996582165 1750.2203598889246
6765.151366417922 1993.7910937562247
5088.678779823629 5002.978933813851
-7989.740498496196 -2114.0762742631277
-4405.192472340309 1527.620058983106
834.6104092088372 -4052.7260731492133
873.6735823882154 9231.192013928128
8895.449458070561 1257.1761098389197
-8745.565560166615 -791.0473246149759
-7080.126800483357 -8274.575717343869
6603.221894526152 -2853.437741345082
1298.404923457876 -6274.953160422374
-8573.99484138186 -3797.603582766931
-797.3311963402357 4444.77046036297
-2069.083083616063 1853.9922338584674
-1889.413126300752 283.06596794432335
9911.977406653648 5774.663098405619
-9264.20400025546 7500.209655246981
4241.939102864066 8013.355537933272
-5903.722436347339 3864.32118543614
-8687.249166047064 -5417.1497169514705
-4179.537242777589 8171.871280484003
937.92582264866 -8981.55924071771
1777.3623430745265 -1707.318410114396
6031.874037341211 -8448.742535387642
-3269.4511902086697 -2216.0212143352683
2807.0475133776727 8247.427559150776
-6045.896742413266 6137.58049080952
-6719.480114875658 -5203.695806648996
4611.915684849577 -1631.1600675341742
3557.4125541479116 -4411.978344850671
3190.0182551734815 5925.493057439728
-340.64844558226105 -7697.335403095451
1384.8927995411505 -7210.910398024422
-8408.072676669874 7440.374959259214
9589.00373520824 -1838.775273451749
5895.908021559966 -2946.2504976046584
2478.0599632873673 -9728.692803484393
-2897.2629098625303 3400.909450014953
-6807.188272549927 4612.142155915864
-684.368735969776 2319.65880029885
-778.5437620517023 4304.138223886375
-9436.62862327806 9830.17833422617
-7672.983095187716 308.4651727539658
-5375.338022856972 7805.730043111882
4727.334750450696 4854.04257391285
-2303.280113733037 9507.883822991771
-5776.405000856126 2712.750459847588
-9417.47438309554 -7635.194229931921
-7913.405249869492 -8148.205544141918
996.9624848410913 -2421.8225222237506
9248.235753886172 7511.690346112529
-4857.161596476071 -6023.649531693518
-1290.9911335011166 1902.8575496623816
2883.5800775390744 6988.37034891656
5060.518688367645 5483.348056602954
-3359.8447540226452 2695.5335522669684
-4364.62269328537 5174.765554982223
-9434.427600127368 -8375.825459007274
2035.075552657372 -107.03901569891241
3601.084602755862 -2724.589089153864
5649.728587599764 -5585.373822443101
7694.000475228877 344.6047685350168
-3728.1383617359506 8870.43020948146
757.7959644861076 1165.3284076331474
-980.3039917163114 -6950.1190279486445
2880.9906372064324 119.66198353574873
1523.6665291235258 2222.6270839233275
-6157.953685339156 -1411.333974320769
693.1905013939249 -5674.5625582246585
-9836.6861556664 -8526.075789028513
6368.983924964436 7133.6376389611105
737.8469328291558 -3596.9418879391287
7779.501304053127 8430.306857508676
1488.6728646418906 4439.173677349399
7958.36888632063 2206.071909356133
-8429.099676248023 2446.2067745627264
1142.9401692171123 -433.1323769001465
-3697.1819388548965 8219.180153077214
8662.406454616776 4296.562657269842
5312.926699721409 -3929.5843098983887
-62.83661016576116 -84.11965150126707
-1684.3814557556943 -7230.234429643095
6949.415675259101 -2401.4210508058986
-4520.988859346065 -8431.028639004455
-7091.707428232694 -7549.618836586853
-5475.7862565543 5497.281013272552
-1178.9838935985535 -574.3204828465314
2496.0913061909196 197.4923731767376
5294.956059994518 -448.42578315629
-3428.629474716001 -8721.385861773331
-8866.321095832303 2148.3273337216087
-4679.286304827421 1493.3780137892081
5153.383129901549 -620.1454849533566
9517.168376640864 9005.855588198046
-6865.607005732201 -4262.599982078476
9884.180859916287 -403.52662499713915
-2064.33117513221 -3045.9189999023747
-1897.857600288975 2858.747376358675
-2461.4382847340703 367.5072197504833
-3056.7801941604685 5274.08394061244
3149.3384227148817 1892.2252101535869
5580.00410460821 -8491.95775044247
7478.266254890841 3533.2542197593466
-3085.712423640938 9353.459017427336
-8073.660604001311 9766.52630143318
5198.068404759029 3452.8944740114166
-9350.986798202066 1131.5645305548842
4269.650959129145 -1735.1299955250488
9329.575096563218 9026.267193188367
9403.511122413656 -8304.592671579605
6983.0916563254505 6963.1961172947995
9073.351992213647 7398.4113556854645
-9774.881390837969 441.3066390013428
6853.580194015041 5955.466538533054
1177.6716767805992 106.56894142727833
8235.196653289757 -7022.35290016318
2548.2214516005806 1019.4883931786117
2307.8877139761316 5628.980915065613
-3594.2428631657176 4617.034719454456
4060.881539721877 8153.225259998173
-3208.749649201477 9351.049311566192
-519.0923542654418 1692.6557037098664
-9461.868523917194 1004.707346029687
-7323.606312570685 -5980.407576017837
5541.66692123708 -5666.84216264107
-8067.197982702461 758.4251245403502
1204.4107604596393 -6056.011401541684
9904.795803188972 1257.9249965913878
1898.1866044343806 -5772.299014062352
-7923.295844563274 9480.666182288638
-8978.66625712939 5667.9011644124985
7173.536379633297 3108.4080440648995
-9406.766366935248 -1994.5473795883736
-6619.419863381974 2519.322757992619
9316.4151126529 9500.367931266559
-4969.604075496488 5374.984967032677
-9350.18011529694 5929.738598702694
5841.797753884188 2262.0631065698635
-8324.917465477136 2979.550025898212
-3153.793461755865 4165.702206861386
-6599.025627411952 -8667.265882954127
9812.521942601015 3508.592767277243
3639.4270928801925 5025.378520048682
282.4597967891332 7071.775946989579
4699.844532863224 -9462.492510361675
-1745.9312044944036 1320.2530151516494
-113.31210885501241 6604.399591655969
-898.0665318967531 -1511.4984131313377
5148.596800747338 -7121.054161676845
2498.3378550254893 5238.0287975448755
-4784.399130969874 9345.05539126728
2900.461705083444 -5218.862430532256
7174.242552476164 7776.680359306909
1594.4487038311836 8072.085704023164
8668.73094829775 -8443.463949835765
-2662.02776016155 -1.1175971923330508
-7220.490098078111 -9186.86095879491
318.71122734549317 2465.9681093830404
7118.9180169371175 6104.314797505487
2446.9165630557527 -2159.9266727614277
796.8929421614357 -4230.150581202257
5926.046479463937 3438.5802732281754
-352.0430946061133 -404.4979298447124
1596.2152723694671 571.7309823559044
-2526.0030162508947 4575.121471963617
-1279.0096435696396 107.07612835958753
-954.3585822467467 7327.136691978747
-1311.1496151085885 606.5724157930799
9218.308250720984 -7883.767788906358
-3473.5989665646257 4793.779392412245
-8242.709067620657 3450.541810633609
6171.220688342655 -4559.37442052909
1329.513887655492 7869.232372697465
-1872.002250478109 -7279.734155533437
2607.8927641570135 -9195.128731768482
-8567.606434924397 1654.5561816478166
-8452.506562751441 1299.5127107462868
-4227.145273414006 -9508.274026199286
5630.978653826942 -127.03171755425865
-5828.628103378701 -1318.152062033616
-7755.888334958714 2986.241217757397
-8200.027407349047 -3425.262988708364
-2669.6396190785235 -8687.332670155236
-7689.496328400835 8046.948430944805
86.93254965409506 -1576.1967522660198
-518.9424972980414 1971.5668719674304
-6297.144468220864 1516.6564886686574
-966.8400918304214 -1223.485978483457
-2997.014939776719 -3546.6275847454517
-6850.3698217521915 4294.1388702073855
-2649.876200214736 -4345.969016183855
-1476.1943173541022 -5313.126974387463
-8729.301099733744 -722.2717014168975
-2303.4104545326018 -6559.221903035402
6007.735759608378 -2353.338103218248
-7011.412061704598 4250.835682006049
-7431.856329108028 6012.45493057044
-7489.64546578815 -7921.136298852527
-1180.3892651545139 -8466.497114304511
-1465.4343889962202 -1253.0252562254846
-194.31111247518675 6726.639234461574
9939.715125219376 -863.4805615708301
1685.9306506730227 -6324.036800458727
-7514.292018993158 9394.50149430814
5571.212491605556 8926.196682857142
-6642.491093755252 9506.458832005861
-1987.3241213517322 257.4670004858581
-286.2157458333277 -823.1355525133349
6015.985275215675 3432.9497444431054
4903.256757657875 8165.112391189679
-3809.11137584659 -469.66929433840414
-9437.726290737037 -9942.811172568416
-9990.648143457169 1612.582969469493
-2017.1250287053535 1910.167686483548
-9866.195649802561 3263.07880936959
7941.415093440028 -8711.307418882947
6390.338753377713 904.5989374880301
-5396.4039179899555 -3080.3608528006325
-5800.036208386175 -3158.679490684961
6172.525645361484 -476.8061099970728
-6855.692936683839 607.4026436196837
-7377.783241202089 -4664.403556884246
-1169.5588640140577 -7524.677650009093
9159.711557456994 6420.843102752569
-2667.217764992284 -5128.362496219316
-7015.198392339607 9075.675021759369
-1771.6947533250423 -5032.609882886601
467.09682954594246 -5535.805199743102
-395.4187296547898 -5145.103468175454
2035.9688326835749 -5924.499207950115
6408.444586898968 -5507.808529064923
2879.6942623734067 6679.756938340852
2116.3634344371094 -3009.0608294024105
8975.87781581725 -6834.86222625697
2945.875849481903 5843.144324256389
-9973.954903691527 970.1314382692308
3690.7321148263236 -673.4687796105536
3543.05007524501 782.7045614916624
-5249.333197790558 -1402.0066367467807
-2359.251489457157 4759.876464905568
-8959.993990818302 -7120.961206189125
4001.1426197612527 7728.265591738727
5197.59260835233 7656.70135606889
7045.011809376541 -9341.784061488153
-116.20452143543298 -32.10014994356425
-9492.19767217926 9161.136951785913
6938.656281305961 -1395.2192234679515
-1576.658234129438 -1158.2819736191323
4788.49583799731 -3526.9060442168557
3943.72618013011 4043.720318844089
-273.40642401201694 7355.18806661222
-3525.4975639762897 -3139.931988722511
1556.8341664942855 -26.254700543231593
-4719.948346889757 -765.0010430435141
-422.51134539407394 -1478.0919978746679
-3985.1312945615036 -7431.933031364726
-9004.410694102447 -9280.029185288196
-4437.800133075256 -3563.185424992894
-9399.370676901442 -8021.644597315784
112.29447413405978 886.9701755906663
-2110.39133333246 -2608.889623272301
1588.3013088330354 5196.053162252443
-4176.28091384534 -7946.289525464498
8328.623102343274 -9901.699292885238
4010.250599679357 4593.457036643511
-2639.6749135644004 -9834.135285934877
8341.579436472806 -1179.6755849905621
-2351.0309932700493 -1626.745026454575
-1013.6238988134774 4050.61248609619
-3613.9601075578385 5829.0388548514475
9116.461861340118 5925.3105241428
3675.8889401550277 -3759.1668784176054
-2133.9883935429116 -3560.4013190851138
-5090.070725341933 -3113.332619692502
2758.094786554897 -5580.5474651817885
-5333.430092723333 -4302.188201893804
-803.1860591871355 -4174.158571674995
-8848.815524563573 7515.211404639103
7611.595222572232 -2963.450867729667
-4008.836575015962 -8336.312122453217
2453.456650379345 -6349.838513945713
-9373.091985884219 7695.103985898673
1481.3636273751272 -7623.673178662917
7590.383096171747 6483.720933963898
8640.066546102877 4220.886444497284
2638.641292912809 9814.008746284835
9319.090707868807 -6555.960334728475
2010.499527191394 -6816.807521259316
-7104.166889390277 -1335.7812086811064
-1999.6495571288579 -6252.1344904305115
4204.00286993945 -0.11626684417933575
-4406.153571756597 -1823.9865296571934
2931.9182603590507 -714.0177786616132
3085.9942701602613 3622.839449184701
-2056.5346467797126 9171.351485255418
-9597.02315557122 9130.801246288429
2127.787175513551 -8702.13703537682
-9725.20951107953 4461.307302331461
2622.07497611265 3781.6505060878117
9456.57992945686 -1302.4472355785601
1115.0917132932664 -6138.7131779148
9872.320343213632 -8085.000621183127
9427.362272163005 2847.312261578887
-7144.704429399002 -201.95977898364617
6677.223987992442 -2597.9586200598796
-6414.41800717717 -6711.574295424583
-3919.76997403962 3698.1136509534335
7375.544280443999 -6816.953156900993
1792.6705903437014 -851.2211230840385
4630.126357961264 3055.7108400337092
-801.7453048222796 -9827.559244976852
7109.497892087922 -7040.4196035943805
-4349.707967044854 -6151.480522627524
-5452.600046263278 1073.9610939144222
-7080.027488484824 6341.213528205191
7729.322629473147 791.177885027515
7464.647016656996 1612.2825266024283
-8189.586640740851 6696.28911967362
118.27570408761676 213.50217703911585
1953.810403726622 4474.432278641623
-7080.504805808305 -156.0319253264188
-7704.1313560773215 6987.624234527168
7531.050323769054 6876.959783988124
8795.528864102842 1594.8644291287765
7067.595194863457 -8794.38300985945
6700.864246738132 2246.4294249469294
1137.169638142268 5526.1886572589865
-5833.384855854167 -6034.732414787134
2514.9275632677036 4572.173291089866
4982.308396073126 -2964.5497506614493
3105.9759166707154 9832.177929436784
5421.336828089939 3549.644239655783
6717.468167401414 -9071.128796605495
2897.157628524783 9924.625095443458
-3351.625738504127 -3894.0753297375095
7413.544035046365 5575.866144908321
7218.632639566542 1164.3760870709084
721.6152195726281 149.2755956775036
-9902.336892161597 -1290.625602778293
-7352.85893662349 -459.81874493454416
-1344.478571318954 -2287.197514327215
9227.406531771372 -5613.293491062663
-3451.775993675008 7166.797570609378
3097.698959601621 3806.6869561320436
-9637.910545323251 -3002.2679678845843
2993.2608777247588 1854.3396835397562
-9619.801857560073 4429.731847262739
6283.337007214957 4504.902432155734
-1602.6385500632932 4631.361171387296
6129.722119006687 -9067.494997674185
6998.277420829625 -9251.385720780567
-6837.003861126259 -5571.437043499847
-9173.175719979752 -9678.100801631375
495.4171512358389 5515.014563722672
-2887.2727121419884 2604.22622794738
-9559.770861906765 2638.75450168888
85.11688159359801 -5557.658644192891
-8517.098632773737 4290.645234969141
-8109.226260499138 1152.0806938329479
4850.6352532801775 474.52501714984464
1248.1432983613267 3213.7495606111115
-8547.789900591539 -8841.344913760127
306.476009313812 9632.870212214028
2011.0618550537547 -5325.912360953098
42.73705250873172 -5543.8465664299265
5890.241540942778 9981.457798792831
5017.21008199316 4202.108144888416
7408.696140331351 3309.746370075338
-578.0049691184904 860.2076279293105
-7625.9077508957835 1877.5783207008226
8094.889444647317 7632.081369372496
2108.178603835606 -4760.334397115884
-1465.5844690880022 2732.7242414051852
7416.476541813321 8258.02086683749
2940.0462841470926 339.24376757356185
-9245.143934906398 -1220.386124009956
2914.9552182513744 7169.208707475562
1271.3462715322876 7809.164639063129
-6293.100010292443 8190.1752216733075
4452.302842340809 -9702.201383513333
9726.137703966098 -4393.478920224589
5777.843628505472 625.3244727567944
8567.535125988306 -8460.772974776088
6092.236057039358 -1564.074314319836
-3122.6636091265773 6708.7900623511305
5320.710163085952 -2305.913429766353
-1856.6817309376947 4950.9842287071515
-9285.053939169018 4659.602419106008
9850.352822980138 6539.703040708035
5985.269926977755 -1062.4388534460031
-4568.326364634004 2060.667764708918
-1521.6294981683895 5841.211271536129
5059.423767423799 2974.2999134393704
2985.127357494024 8012.660211111994
-1443.65146489148 5025.599272367346
2813.937939471236 9578.381252092193
-6426.227250548948 6303.392638266772
-8559.314563303084 -2926.459626640476
2669.2851529856725 3020.8554895604484
1347.3004350775573 -2048.821849401301
-5969.163263365244 2983.7357590832016
-9413.375101468884 -300.67678261003675
-7667.766885056444 9232.239155805008
2162.0868388600065 421.1388031405022
8568.293974665856 -5512.923466649262
-3513.5376162194534 -4809.770889576157
-9293.778719011509 -9200.312517120225
2984.7957534578145 1575.2824678990528
603.0116009811354 -1798.7949909388972
3332.3123717177314 -7564.761668974409
6877.016517265554 -8835.755608913412
5868.959447673818 -5581.791086987276
-1714.9533618450769 -7663.868968516439
-1592.0207180628058 6554.415829128211
7644.692804785573 9271.724869731504
-5043.302448453879 -5084.5734306632885
-7545.185029997559 -8211.48625568551
793.5074064630389 6519.017825031871
5105.437692964879 5086.192444333168
9895.789869228327 -1508.98248137275
2931.5662236596145 6917.469224348752
-1110.6922359469172 -3047.4970006035164
-3646.278607491451 5866.374383850138
-7509.610325972153 4182.779838805038
-8038.723670633672 2184.8771949271813
6837.989983824526 2315.580935520702
-3367.0520837907334 -7341.85527985725
9163.509057247222 -2842.036237422636
8652.092253950981 -3386.682625336448
4922.027399831843 6678.4183307532
-7737.278242168801 -8543.806694538027
-3190.6081162749333 5292.724736715221
-6774.549932525216 -6985.2434442831
-5984.625625986391 7283.126548620265
4670.84966666262 -1511.9882747611773
4613.906074733159 -9481.570045167447
-5089.009442767527 7943.112944799072
-832.8358218495159 5099.658330084681
1858.2031102912242 -5926.681386696433
9421.080456881129 637.9275928839561
2313.4002540904403 -676.1780095727718
2395.6128597503975 578.238576624366
-1375.4338014076948 4512.0475872161205
7223.906423791101 -7685.083636690704
-9920.6989577224 -6286.469919400455
9770.252505120028 7801.451510116061
-8116.400719156271 -3545.9738377103586
8357.533374484043 939.5357929124893
-9307.688103726674 143.0389932993512
2860.620367619831 5239.112847502938
2395.0318130869146 -6796.5312870228245
8972.981602507261 -1926.701401862876
5224.412025383823 2496.628527087205
9629.525933257202 6309.048848196495
-757.7765006670797 7411.408412936304
-3630.501231475816 2176.4985268364835
-8128.27505366226 7380.880343197801
-5150.973585071379 -2053.0904689128593
8383.207452744453 9609.19494773187
-9236.318604778322 -6678.788983112909
-3897.1447023101673 9436.127913203745
-4882.771275848241 388.13896219513117
-8396.653815245785 -2963.819601705606
-8926.508757453688 7593.014229290478
-8752.105212880424 1043.6620111624597
8554.049752702951 6365.23035687105
7197.724152028401 -7785.280059917388
-2704.711550840304 -8115.442806156132
3356.23161861098 -1618.1927434232948
-5745.945049848029 2923.387854496259
8711.400069643598 5725.611991241947
7052.009360973334 4784.099197757345
-848.7209544575471 784.0067466771143
1574.5012182566006 4057.7219645344285
3065.648531838726 2637.103113602836
8890.604823177018 -5737.85776208491
910.2575456845188 5352.029241276025
-5663.287398129109 7375.103969151649
-5601.690768672925 -2959.4178492009223
-93.11749715951919 7859.287372680716
-2902.8535868540703 3777.4307232945794
18.90749576051894 -7016.197444034058
4946.374957657856 4146.08816229211
275.85516042239396 -3921.5666333227464
2576.9379221614126 -6675.6090923115935
-981.3895336607966 7814.028711201729
9298.94128497221 4390.759766825211
2265.740076394164 -5315.551088523364
7239.312092935776 -1072.9460113234982
-5937.23572152431 3572.5149780306965
3348.6412320277523 -986.6535692199759
-3686.2787629325467 -3385.559757103704
-3140.1361266668728 8354.495241079916
4843.674481327187 1534.2510870610931
-5730.309363942845 1547.9100600174206
1741.605925776079 9201.737540222359
-4973.000574478574 7396.438742361297
-2041.0896610125337 2374.504596954328
2850.671546648382 -5310.156459848763
-5310.501798651028 -2583.2716644437314
-37.3635393950517 7022.853940648023
7233.282389964916 4244.24780707281
-5489.822555938839 6987.324600058881
-9154.38311328868 -1172.3382343607973
-4935.176030749626 -529.4485820532427
4501.029510987084 -2707.8793767808193
323.44207473760616 8811.335666890878
5550.37742030669 984.548467084056
-2999.5859438350544 5209.909597145708
5926.330851763829 7836.048105173526
-5611.91877814873 -7942.623418954809
-1147.1292933930836 -3070.718711526144
-9824.095644323796 -2255.151579324339
3940.2771553333114 -9612.355089713941
-1142.9276671036478 3031.984895125959
-1902.146002934186 -464.9009129410533
1414.5841833066024 -1800.814823306875
-127.57914606348822 -9267.47568124939
-7032.907767546959 2977.20269529305
-4378.608442856557 378.52757519694387
-6331.90261283711 -3357.5113503316925
-2644.9699326870805 8269.643905804824
7390.343355560344 -4313.896672082491
4133.257021513167 3846.9077123504594
2590.5626536257314 2108.56036374193
1578.1737909785152 -9187.193708459605
-9762.008736970223 6662.508178264263
-2635.770618374624 -7815.348282737346
4803.359015753074 8259.670569627717
-5526.23734367935 57.44599048802229
-3956.662533368016 3278.020742197028
8556.409259889599 2181.340325369496
-8321.283426175363 6649.668355693
906.6679307109589 -9084.178463281536
-5947.145651196852 -9620.503336267288
4374.675642731669 -795.2062335234295
7470.228670102933 4539.094279052391
5951.048354877339 -7076.255646340856
-2846.7942422315473 800.0795126375779
-3182.5916143168806 -717.7643988110467
-4381.588628864914 9215.422198875858
8330.003462422592 6921.961607216836
-2237.619490235723 5226.927382391832
704.6093287463846 -5067.319748005745
2059.4403577506964 5771.548425945008
96.68580995140837 -4784.6744455129
2013.059846058979 -9121.24930501661
9321.533477113211 5453.663218475769
9365.18347648788 295.66306629756764
7634.989719611996 8412.869755884836
-1443.6522844182982 3446.294190472807
5795.968598909445 -2634.5547404093895
542.6580095214231 5425.620331889289
-5942.051186497588 -2848.0811484761934
3313.9880601028763 -8251.121429592988
-7212.721579666133 5715.808787431783
-3678.9608875361864 -9779.064307432414
8081.959196689881 1909.3571870626529
6507.190671206899 -439.8665680806571
8065.342554457871 -8051.4229896490415
-5245.663592827452 1305.5360300176326
9454.963101490495 -896.8219275378979
-6709.8029024303705 -5943.953054628584
-1442.4915069347753 -961.0198206630012
6967.87605678217 7234.386644661743
6016.7064224905625 6687.444174277258
-5683.295255485894 5338.452140457111
-9558.307476910952 9598.988001632912
7876.70367096665 3037.1196370450034
2469.2071901311574 -2556.21962210514
7567.2790052294185 -3512.9240013178096
-2136.257338148941 -2344.256248642866
5704.033596733238 -3108.210250137846
5935.55034948807 -6827.476787159896
-2234.1241130371527 8593.28477719651
-2142.8026565836462 9806.212733612534
-872.1241130040762 5881.882043147125
-1614.861409500214 -2013.3436267984453
4713.6021403496 -9771.364182350073
4043.560847884193 -3548.8177290232215
-4116.038117130374 -7210.304448370805
-8996.475717969592 -6088.349683177356
-3132.165091844574 5801.374480455219
-3308.7786916873065 -1188.2721939916282
-8346.910579868018 879.2310220675317
584.9443584047312 6994.340690714693
-8505.171055322284 2253.9928656284646
-8288.863391565432 2431.2782653485065
-6938.977248102918 8621.703750324243
-6974.312169837618 -2876.040754996722
7723.935061208082 -1445.0216192342614
-3832.5891233820066 -7133.600995656643
-6380.9382095513565 -8683.190831047223
3996.4164265637064 9768.451535827928
3831.5556136278883 7437.877310988457
2880.892998705858 -5730.5764593840495
-3566.587965013313 1562.8656323289779
-8128.4332995102095 -7170.797916947178
-4917.041547634509 3840.797428102711
1703.9125536184438 -3433.9471574528616
2511.4782818971053 5528.956834695176
2993.9548483273975 6817.2915974536845
-6539.91933578365 -500.5247591602474
-9955.713170472995 1931.0526360366875
8493.206480752382 -3017.7940922632306
-5647.284891321409 1554.4142448074854
-4396.557516826533 8147.032966504234
-9783.281354179962 6265.170922771138
2635.600557943202 -3976.7030724607457
3752.6907573116187 -2398.423567693637
-9703.704601799685 -9226.451707299977
6199.714019309717 -3623.598744013785
-7121.463366001759 4483.374536440579
2553.40543294903 -4381.295958358971
1819.1357129414337 -4601.4327751334695
-2623.862239227421 8568.714712008521
5820.003095619579 -5064.552308572028
-8944.260079214335 1858.2857036511887
-9497.299418243003 -9190.32421327356
-8164.456956182317 -658.6089790524838
428.8861172704146 -4726.582037207001
1614.4398931582837 2996.169055110251
-3192.4226699581814 -1279.7315310299891
6816.387518746698 3902.067473485662
5323.433712702532 -4188.139370131914
-445.4230969611017 8502.643980041168
258.5488946678688 -6200.376618176109
8866.271566364292 3196.63651417272
-6556.486708099845 -9140.317873197853
-3029.9087409826097 3756.9340974673923
9561.799785011492 6028.423049910965
-8701.684414259973 5159.109595090709
-7055.201960998125 -8279.21895788272
-517.4616676125806 2108.218726078474
5233.110317787601 4832.836020455594
-8478.191218363709 -9115.418372437434
-1857.0012741949804 -6925.1657121468
-8961.83501214973 9086.317167538768
1065.1589067920395 9450.289133532387
-4174.754995501035 1428.41226466658
9336.270464961228 -308.6642089470024
6821.444691996381 -3034.8485705573894
-4237.93551788884 -5019.944688832292
4189.88243006208 5934.75581903218
-4666.080786893672 5430.012750663931
9363.187411254781 -7117.87883320455
-8930.71281922792 8571.77881637655
-7288.058411618105 -3202.4399280072903
-2480.470369582199 1480.7439813862675
7921.356876783666 8716.508602152
-2272.9828517815467 -4794.935223904988
-3788.4281761708635 2557.159967117881
-723.3553797274399 -4203.896847630328
6212.719821654233 5930.045564163151
-4424.8257880547935 -2486.7371832936033
-1393.2884262975458 -5764.403870043684
9605.117708463575 -9330.343938349879
8573.44739983727 -6427.240340395304
-861.8575447757485 -895.4434440516598
3629.964053329988 5813.773627186425
-5243.737821851355 -9586.864798738308
-373.20258434196876 2657.230377535054
5017.368859753848 5833.502359955761
3466.6192487517146 -5446.404771657208
-3285.0724922785375 -3914.3865476527862
-2463.9966153181576 5104.379144200833
2419.9472139430945 4476.123893820513
7891.937397350201 -8131.81079732374
2356.6221103950975 9227.80895688725
5920.491455103758 -9536.082876208373
-6848.6893557887015 3261.703341225215
1485.8324571146059 443.35771867624317
-7892.189014462956 -8445.362806081504
-5486.446852244373 -1387.424769302228
-7599.834560092169 3714.3810369385174
1503.0667215920166 -1686.6289057801168
1937.5121979291707 -7440.856054011167
3639.5989671174248 -8366.75791447662
6643.78192964003 -1742.3011257003745
-6022.907750009614 -4405.767078204719
-2491.683526345034 1980.9386109871848
-7410.884075936945 -6921.8601060620185
-9998.226261489768 -6964.794957067737
-9364.342130920655 -5422.46002434109
4314.955765938399 9092.253349456729
-3030.5440401216365 7819.1501225392785
5366.487591548808 400.25262759520047
-5793.691971378423 8888.064160548642
2638.547016787712 -4245.243089738764
5109.578461293242 688.4301266811635
1638.1315655772214 -9471.894697927184
4689.902846805513 2408.1796637544194
1144.6329444549374 -4799.757186739875
8596.8746011236 -2887.566054456014
3392.760229497677 -3396.5088573252824
4180.275941657252 -6327.7393669829635
7953.147423669005 -6511.679119126304
7024.195651183774 -6057.532160423111
-5688.749315280539 -6963.285632019239
2808.1640042623967 -3565.82671288485
3008.4301198738303 -4405.764179492356
-7974.790425201863 -6315.0989128419205
697.3872006605034 -8838.540676121973
-6612.474843189391 -7889.007002982613
577.4136230924923 3079.9360382654013
676.2165392342886 334.1666389163802
6413.183837674271 1867.4088884898174
7342.379604258698 -5193.939143271904
-4295.888234037566 -4698.477504606466
-6657.457560019768 11.661864758785669
-4440.4332243459385 -379.1992618044078
9492.286791404415 -5385.483608820249
-6551.471055704281 -8893.803831471205
-3952.36354217209 -5386.3125806856415
4230.543505490594 7326.050950910925
-5725.403104496462 9914.42255942824
4738.119273720882 -7028.165329749936
-7557.000063675834 1671.545338686903
7668.985220995004 6481.562874396666
-9018.41107092857 4346.613889051181
-2340.0775956938387 542.3203162941118
-4542.929038576202 -1373.0857223408639
-5847.857435082695 2082.8565472193586
-9409.370144265364 9186.388519365511
-1978.5075412431133 5511.744682508781
-6298.812092407784 -5274.3601614470845
1935.02359986985 -3273.8704034137254
-8234.524214541225 -3189.8290339490677
-1991.2428021119986 4810.615663192779
-7289.2417306566595 -1266.9449303323363
579.7602672619814 -6634.610181939682
8606.83966824023 -4039.727803751678
-3231.0810384186925 -5952.809565231998
-3900.242318412 -4326.042091369384
2999.0834133702574 -8823.726211354735
7730.35296008733 4510.868611313286
1746.5382142187373 8157.0619755612715
-3293.315297279638 -9199.62668543194
-457.96452312893234 3979.6793502827477
7250.044041250712 438.32876146817034
4600.9060273947925 1214.1229926762462
-7189.905673333259 3990.224629257016
-9549.955953796105 -4321.659230622139
-4754.542268715279 -3300.992249595076
-9467.150839879921 2356.0270091169896
9491.836244859154 2780.036397736865
-1988.5177481517812 -7840.536766476123
-9709.452825438577 -9282.359610743675
4849.07809263263 9777.28342615415
-9773.87247011952 7234.795423714597
4742.83935089383 -5883.447207388071
-8377.548139005366 4189.453206999606
5592.212286297363 9743.099906595937
8772.573691803012 4858.09631355666
8924.63059823151 243.5561703219828
-8471.700536905128 -6100.876752533897
-3935.398778650958 -7422.898407614118
-3548.72551551014 -1254.3060371356423
-6179.836347732296 -4745.559556295147
7528.14421103134 -740.2940048048386
-3925.927048238329 2576.0555523623734
4878.133926310573 -2814.40971749292
-8094.704175103471 2181.3414709779663
-3067.82215230591 -2725.338298589568
-4270.271420011911 3804.7193937774537
9238.499140623131 -2092.222232878127
-9562.700427355547 3404.3963130950197
1350.3319949086072 626.0993231129069
615.9115596320644 8723.941390328651
2177.25627215876 5186.768842081421
9690.966515407363 -133.60714945101972
-6267.605587260723 -407.63190837304865
2172.476040249505 1605.1407460561004
-6616.496534698259 3000.0289725789517
-9809.928298967858 2925.3582484679227
5516.773629253175 -6501.8800530928565
-7890.521755042066 -6315.713145803227
-5052.067114308989 -7554.551419691799
-9737.676217197466 -1701.786638012969
-3533.973176911498 2399.9652543500033
4684.417628248208 -7991.49308459376
-2428.961060084949 6620.968026096714
245.92774546457076 6548.613393851756
-5232.717991068034 -5289.145869873262
-4329.847450264312 8928.443605660348
7700.284823738504 1169.4896608892795
4675.882419584277 9572.106813618655
-24.322694135074926 -8533.703297927243
-8158.3897923008935 4189.494095398162
674.3467888061659 3692.195226753305
8778.141059000645 -2468.270278834939
6378.943421299366 -7064.43955639705
9809.428830177796 -3424.954595303904
9952.564532972505 -9766.601711033796
-9400.243523891411 -4302.830995021396
9361.253471568038 -1719.0410492302271
8028.639797534921 7054.840525278392
-2492.2791705072987 2040.0543021933463
5103.139754792857 -4359.389565143557
2344.4649307853033 -6031.636107566179
810.5287373387164 391.59521153703463
-4539.721646811568 799.0539685030926
-8447.447901403304 242.40608256654195
-3115.122021945318 -8367.938790813549
8165.795335409915 -2841.0074302026596
-5967.8054163497145 5555.4238313320075
520.9613671436528 -3040.324131003689
3503.6405480692447 1097.0783736109588
307.1337675519644 -6875.8221188003345
-4101.558597514488 -485.43770365583805
1845.383305431138 -1189.0210275545305
-4171.083542434606 9262.108406881842
639.3661617992766 7947.881830514765
2014.3572682187223 -68.36840396948537
-141.16768650841368 -2469.8302524231704
5627.9491478504315 546.1531429519055
-3934.7533256366287 -9844.703784609017
-1003.0487157146981 9291.232845911058
7227.013234933944 -1657.429239561976
1307.1399490617678 -397.98841566166266
8435.065161845021 -9669.1760991485
3138.2904709921786 -9019.50649912921
-6282.130077846917 -9183.413321223808
7458.272363296961 1999.7428443032986
5968.177122600635 -510.1662009376614
1129.0894078741621 -2341.31860451807
-8767.877794268663 -4756.121042928381
8029.002017330469 3583.2198336853653
-1525.4228820863445 -5419.458701915134
-7429.367783784082 5526.481680389255
1422.9146254120678 9001.232357081364
695.7397587427386 4202.906316421215
5204.652031613932 -1930.8588056568478
4353.147389272341 -7301.943349936171
-2767.301135585296 2347.2348824465807
-4982.94902655529 6527.979899513208
9155.229739668164 3561.3151916477273
-8021.235007077452 4879.010617898821
-5324.518559890293 -1893.10006701964
-8054.300656518718 -4359.075210202836
-3339.9489452775333 4413.246832958899
7907.177191325089 -3446.6063079673395
-3807.4451324673 -5302.652958216551
7277.457676062055 -9882.27968946695
6092.793481130408 7285.25773209253
2002.1296831586606 882.8560280487254
-8090.159280487656 -3052.3212075102692
6614.810297412605 296.750649300604
-5489.234146237553 -2408.8024754833623
4156.868728306157 6521.092819436155
-9875.03079260951 4166.167746591391
4423.67545384744 -5560.440702974772
-3932.5965607885773 8796.71317635899
4176.664943067115 4546.692048995816
-6647.778827088194 9907.883974599983
4761.265508135351 -1513.4235191632124
-8978.313702019677 -7480.483489282535
8996.54852753433 -6282.481443446562
1253.4533899711041 -7104.11210115911
6253.220973150555 110.93962331955117
9172.607357023102 -8615.218896177113
2312.3680135113736 -2750.2432720347333
6783.1391762716485 3549.1114420452705
-1101.8672563867513 -7226.465614202087
-3453.188349879668 1588.7914334597172
-3296.692058335102 9324.731204674987
-3124.35731961471 -4429.946171335353
5277.583054483304 482.3863119940852
-832.4619071564357 -2876.0336575140655
-6676.014248072961 -5473.356732996617
-5997.145477069074 -2954.581241637422
3749.8289145423205 8959.514387436688
2732.9833124393026 -7381.612104503852
9244.253312063858 8414.335286883736
-69.68583909207882 512.812295062784
-3794.7469697019187 -6081.6093129404035
-7967.7869120664145 6742.953072109325
-2485.172310238102 -7569.784908228525
7999.945908842939 -3553.367487655112
7961.709694036963 2155.111912940316
-1073.2511815965427 -6860.716303738094
-9963.11908551455 1349.4617251494928
-4732.473017759003 -383.7242480031164
-7622.116948433881 6156.420885141153
-7274.045574295189 -9178.494660534861
-1686.2966493213025 6472.643998322772
-9176.980585617532 2769.7769764586646
-2237.2062828671415 -2072.3008642015193
-8215.656191966216 -8994.965975325473
-7837.4207797495665 2764.86661340122
1621.8891293399847 -2903.980646232949
-840.4316801575605 -7255.9472748191165
148.93946601771313 2315.4890683223894
1464.986064694791 -6855.422810684746
2155.5340384789706 3918.6304067250167
2581.604819817816 -1472.3787784533852
-1915.195645136274 1330.8552409421645
-8966.745550388367 8125.159252564317
-711.0497452313466 7074.694649499106
-5720.746010124558 -8445.76967560662
306.87207083132125 410.0246538760821
3671.8031292470514 4012.4261961146003
8593.757547109199 431.40525877419714
-7384.857400608289 4192.51732787284
746.2014488705954 9760.838721274147
-8488.918049495926 7861.156914365358
3504.7159602224456 9993.777401100582
5126.266891772726 -4621.350245048754
7678.7805306808 -4299.241630298092
692.3462077059849 2393.782604170494
3627.8459306267723 -4943.4445506826805
-1649.0239192508288 -470.2328958533708
-1954.9980432826032 2063.285973808799
-518.618534471183 9084.360820474787
-6471.707980117735 -2146.5685057195797
-7001.025692102647 -5400.732619471495
4787.941148901595 6703.263763107469
4889.313141209919 -7389.043143624043
8326.045426847311 -3843.2951484176074
2042.4651079449213 -5022.937160619174
-3961.446175869094 -9945.826480579635
7878.618224321413 -5120.442341675806
7427.649753913556 -1719.4948151018725
-5693.43541091186 -62.0660842168345
9975.925844472415 -2309.434560712153
2232.468507832242 -8177.354948207088
2722.023815411787 4940.7052203533785
-8862.895754364583 -6658.897062709757
-5809.304330572376 3848.7369575806097
7165.529414270164 -8824.450237157904
-7431.48312655255 7424.647908724983
8723.955123633568 -4715.846834302355
3379.774518535114 7858.788959575799
-1245.665000977704 -5566.282369732114
-2094.6757220945674 -3476.185543096107
3657.991723594125 -8585.582403705452
-5799.506698614998 441.1839030299034
-9734.625311520329 -8805.994827576895
1806.3948401252546 1682.5537640934526
4299.824827778757 -9399.033810164885
1112.2938237192084 1820.9331284962736
6459.003543379316 -916.8648416557244
-1185.0571331863866 4816.004303533922
-4461.574042502112 6670.310750222929
2034.0988401211816 -1387.4685280790527
1947.3126481306117 7476.436350815573
5381.701399101741 -1749.6711637858753
9517.770412707378 4908.958656337596
7645.478312957472 -8571.227134736051
-1315.9248582303135 8209.988087227317
7736.034202674535 1238.389570094083
-90.37676151494998 -964.0663820834343
-6840.261747563874 -9833.433023669233
2664.901064061607 1489.3026575445165
8518.03515626346 -5496.0139115494885
2310.589855265618 9348.396601072225
-3602.9390286615626 -1077.1185161471913
4915.721151754027 -9802.338474116936
-1500.260412024023 -2732.21470000323
8341.564489100769 -2256.5180358864745
-9014.182086117404 -2506.063851522409
-3152.2760331830214 807.2382059975826
4723.569203207735 -3791.937692877962
6027.689049114697 319.4841844263483
8520.182849194505 -8589.221210862825
-4943.125014665641 -5903.873927647394
-8613.857842844005 809.3854682148667
4036.963188014086 3259.5142403953796
8502.164651693314 7464.3545733059655
-4353.859014199533 -6125.596827976933
-5204.433511586517 4552.36052710233
2355.6132754395658 -7299.252232911755
-103.8061336337123 -3326.790391535912
3148.5428520575697 6922.351574037748
-1269.6546625826886 -3602.4297851862184
-3021.63883097071 -5707.59941002639
3124.3815361824963 -8353.05662747868
4129.1650470109835 -7656.0377216696925
1528.0209579172406 -7983.178932543391
-8808.29456963513 3145.543771616007
6330.5742078186995 -9701.46169546928
544.2438292763891 3538.8484363180614
-8768.323740516884 -775.1636013896259
-8971.652026945161 9877.89362660743
-5258.66314501962 2858.6928653643445
2935.4623198842946 -9004.31178048175
-9877.574193400973 -2935.489700729432
7470.888177857476 -6543.3059449150605
-3048.018473984762 4145.277896018284
8537.573448114996 -889.6681398606215
-5033.983646531544 -7001.1477839831305
-7017.093713772769 -3457.176777172781
-3034.2278860024408 -1958.950711258076
-5622.521265422582 -4768.313399534858
4301.664220718007 7662.743983982837
4945.570475150407 4039.2429813605777
5814.425589178172 6132.7354575541995
442.8897520580049 -5861.48726613601
9101.254212484015 1627.639312336798
-6422.119963077246 -9453.079775153226
-8411.960951102832 -2535.37438020405
2998.689940451837 6150.251477787648
8127.0251448953495 3632.325959723121
-3081.3192941376237 7431.343494566307
-8297.43543601823 1359.788849175291
3129.130321824685 2075.0114540922787
-5684.134358644499 4732.877170106562
-9551.429334913262 5202.76030247925
-3767.041654494068 -9737.960667869364
583.978729069102 -6802.159671501473
3518.3469047649687 7824.918417921723
3929.8238876155156 -8086.737492009171
-3859.871553891767 4551.785685583729
8006.749090657544 9512.39929481575
1920.6171651683126 6991.333797796149
3042.45634847395 -6726.162976234868
-4780.193523336645 -3711.1254474990837
5623.135302338798 4399.178131617617
-6522.718616276914 -3871.4650214947114
-1605.4380889299973 5194.518572445702
9601.467701515336 -6164.432325560494
1467.7781654316532 -1046.6381885281935
-6316.605363234773 -8695.577132119397
9485.036718997442 -5549.242253187074
3625.425142079459 -5687.2327231425725
7227.4826209931125 4165.4850493065005
1013.6878434850132 -3698.841201146941
-3803.17588805541 8179.138264016263
-4073.775712804799 -4157.380719391759
4779.019570967957 4157.991283446045
2357.158582324857 5795.882088875818
-4601.197973895326 -2094.4363300429322
-5449.542963508682 6530.619457200959
3499.6290685621298 8680.827856538472
-6224.852701259222 5632.4852694786605
5234.436702128911 8809.039784867808
4937.1311609002405 -7859.656154391918
-6571.6433642506945 8069.198211244064
2911.022857753769 -5362.417800929744
4675.329578401428 9924.177765523364
-411.2939910325167 9413.934955700566
4356.3420233505785 8866.597652501172
4379.60653561793 -2566.2096604811604
917.7813416887639 5985.54303204901
3260.9344683834606 -3008.538649197095
5924.192022584984 -6683.744273587305
4464.45736095036 2703.4533199190555
2200.5007580010933 -3383.0252142509253
-7500.377641581675 882.2813893889215
8804.551726147572 -9075.88629527966
-3548.8570177335487 6355.9246210406745
-1378.423257711669 -6430.996994951337
-6647.558760626327 -3558.466662228572
-7951.986850718198 -4703.539328055038
-7075.37998465312 4051.544613343076
-1467.1514086227962 -8292.5199536198
6083.9131163006805 -6195.122879623212
6670.474267798414 4455.34970061431
6358.856541041816 2535.429546876994
-6910.212674657197 -5543.432404812909
-9278.306960679436 -1265.3869512987421
-9439.920514107893 7834.92610531834
-5673.191661025161 4234.2018947368015
6535.025296894895 -600.8138899017176
-7737.721938425104 5830.302944551853
-5218.135127490562 8161.786429792843
-9341.112958818261 4568.782585535775
-5206.348068644309 -5261.936219844303
9364.262447665635 6057.01855163375
6358.2351558057635 -8577.504163565234
8878.03909271568 6436.375569648921
-41.60110127050757 2320.503910065663
-4642.730767259959 -4455.660478156884
-2396.6073147992975 3121.3895559957436
9239.555672848841 1314.7645096377219
-6757.15415752574 7930.002835973148
5394.6772800223425 -2390.7668281036385
-2910.1503280932175 -5968.216764363406
5703.75287849286 -8557.949897549544
3980.770115487254 4547.831177253802
8578.276470144738 -5044.07079305361
2325.1425763362113 3643.7129257061133
-5830.370044495586 -7475.047854850849
-2750.2401240026074 -712.2821716083836
8882.967338858904 -5994.070495567743
-783.1207917976662 -5488.662260934456
8297.643538393731 1428.799934373672
7697.221593468701 -293.25095059764135
3709.638541538743 8311.261833476074
-1595.7603571050568 -4296.876013828845
-5750.282543980283 -1697.6623555085898
2146.9074266835614 195.61922764997325
-6105.661389932944 -6995.881055821916
3534.056602562823 -1442.0649719488647
674.6116096631613 -2409.530086229237
8564.082348239277 -5848.655075541958
4001.877019644684 7235.989368926341
-8440.397485041281 -7049.841385600466
5266.7809549557805 7388.0702602133715
-6042.541287199166 2635.581610584137
-3268.030309989729 6559.425989431871
-9859.795720879814 -2733.009862529445
4226.842878650177 1587.9812816736412
-1203.9739590412355 -4778.343656913146
-9733.940978774017 -7794.44113938263
2219.816676231845 300.99805556629144
-4048.2185314889293 -5723.674165366646
518.8961164428456 3733.449678177294
-7617.064937588533 9210.48806326911
-7137.328270547902 -1738.9003974439747
-4716.986029141402 -9171.737532403266
3716.290721505673 -5420.755308055207
-9828.721176126954 -9656.321873247107
-1575.8625157526749 -4894.930390046954
-359.55638729263956 -4842.700613909463
-440.2017822970829 -9616.325533602401
-832.7464140475731 7791.479511902511
3134.901277842415 -603.2943593960499
-6629.379344235118 -2428.696049475223
2060.0213795011387 -3379.110660024502
745.2719205643425 -451.0993674675283
-6823.385007355861 -4109.22222605397
1637.1467370808587 -7311.67727104316
-6270.255672932317 -6047.929935431397
1590.0608514804644 2472.7599289970494
3327.114233002412 -4951.113609100699
-9818.568302376156 1865.3409103758277
-1769.2591833380684 1970.4107013966877
-5921.851153984619 8949.3371509106
-3746.6539110546983 8689.35257305848
-7718.056234970407 -406.8912334630477
2582.349797831457 5056.699036911088
1396.9061538803526 9129.651723323492
-469.87437810852134 4974.269679657906
9240.067805227394 8310.15547430093
-3490.0545867844457 -3951.3841821239157
-3770.745115708325 5685.494357014353
-9537.151267569756 936.8313292431121
-4279.2995607519815 -8910.881566456972
1511.4218367300891 -1573.1195622198084
6832.178399948312 -6960.664246120509
3792.282886277286 -4247.924474606988
6275.707021720818 -3351.4887761926348
7219.823553203169 -7278.631602952195
9337.156700766987 -1978.7645611637035
2359.564699600842 -7045.8432738407355
4378.363763934005 -3856.944496449557
-2359.758971799246 -2159.676748181554
-9899.350521626136 3905.878890558215
-4190.472203022619 4803.278891044267
296.9122331398139 -3814.2944914208
-5160.900162085691 3025.788522775607
6932.751577090079 4782.866747516247
-2589.5155702582115 -2994.5910952234244
9135.351746152719 -2445.517444087901
-7336.031278720725 -8861.613399870736
3032.150440025687 2213.3808343774035
-5931.412602764916 -3012.0988234690185
5369.586905144439 -5962.747170971467
-1927.9935714422218 -1025.4306288240314
-7544.496131480026 1126.3509342466914
9614.898291912028 -6065.845547020199
-4792.9288581200335 -9132.43370223011
2645.1813222162546 5319.461497064438
949.3690146472345 6907.250777093406
6443.284885521323 3780.4246402768295
-6901.947955595855 7204.688707753037
-8129.6225051447 2438.427174666749
-9027.195935730268 -9367.356853465233
-4422.726769714007 -2622.074746815004
-6273.440220542061 -7889.055954475257
4762.524787289509 -8289.518838828611
4738.770401113179 -5596.394593461767
-9756.019876482787 -4976.667717096641
-4190.74771775064 8479.500755422312
1408.866918569467 9106.670873984702
4102.45536824193 -6268.847182981747
3033.251956624026 -4439.177431392878
-969.748774710868 4365.718071287682
1012.4987035443082 -8783.445633129408
-8875.352559277311 -1073.2068249371423
-8279.868426361276 -6741.226657896041
440.08437506710106 -3824.814708034667
-1986.7040425114265 -2474.1009422359575
-1861.7165211808497 2451.330597800714
3828.7813953944787 664.2411527726472
1646.868795314249 -6838.426805047972
8864.36235786926 9648.724668083734
1146.2928719606043 4175.045576144816
-4984.013926397268 638.3527595705236
3127.850952661189 -2312.5733081616736
7042.120588067068 -6783.179833637387
-4621.128793162865 -8497.61911265938
1352.3615898624394 -4224.274845805545
6989.438630472825 701.0198570608627
8868.168009814228 -6870.147039384773
-3161.7040980993297 -3685.7506803159604
-9420.608469348732 8411.047451193455
-5496.160932457701 -3117.5965233133284
-2278.97178752356 -2130.7994207044903
-1340.579237038717 -4318.901987256505
2420.42266873725 9415.94315022212
9750.435694226537 8911.762821481392
-784.0826551632199 -6421.372295376166
-3886.0334784820916 8299.846409532638
-6976.264633345401 -1010.7561328946376
5690.0263763684 -4686.780781750208
4930.6555344278495 -6385.066417269469
-913.2626930328261 3607.8286006545277
3615.8252540188896 7643.792591868685
-5999.95265605092 1327.1935707352204
7255.843343151308 -5728.30300426846
-4148.116756426639 5526.859590061245
-1556.9911368952544 -9407.09317465355
4998.90824801312 -2735.541301456082
-7052.565988734159 -7620.761693246336
-3022.6601315988173 -2209.442098422587
2079.488035333463 -6260.373939978223
8987.564757983946 -6204.990774794769
7959.819203308616 5483.930084361857
-6814.43528989391 2808.040628564575
-8820.00602126764 -5528.134238928306
-4663.548092261938 8624.866794125326
-8862.439352841058 309.9783506034655
5998.697105423793 -8982.877399183142
755.1358052353226 5466.604250422297
-9354.09763261838 4013.954856975133
-656.1117889701745 206.79776348313135
-5003.731105177331 2680.144562749936
-9952.421250776944 -5293.768644689973
2308.177766480725 -411.84350806668954
-8395.90929987992 7285.110079652306
-9486.41284322242 9075.547284824137
-1912.821762722996 -89.82595171714638
-1200.764095415314 9898.693221615282
4841.923643002943 -55.11541123290408
5608.915877070704 5038.330360343654
4003.194563510655 584.936731822696
3028.360037642584 1181.9375430510881
-1212.8400975509649 -8501.746409411298
6127.582927984315 9802.506202073386
-7828.290278907803 -4104.330244604944
73.77203307109994 6772.795500415381
-7367.591576159099 590.5196691291876
2691.134038384711 -1901.3154364517577
7276.379637984101 1562.400092816917
5632.359307364321 5624.773353976772
1017.3253167492421 9122.387685905273
-6560.337337240385 8459.909573410623
9360.63517187499 3984.0417910624183
6511.637786038224 -6610.137857227521
1918.343327886123 8376.537203521544
-8644.564208919488 688.870749570975
3949.4682415731913 -5206.6833088697285
9492.074094278032 511.3608999980497
-5977.959526261802 -948.3280130638468
-5004.054051343232 -560.3821208574609
7318.920771174053 -5954.291752501149
-112.10228825687591 -3217.235877020601
6160.280596617786 -4092.8402395670882
6464.512259073625 5866.903466119395
-8008.59656346105 -4754.426864659935
-3865.478915508891 6825.837385960822
6385.244973307097 -7278.604857637403
5446.55292176548 4296.275629203181
2534.9709801062872 -9587.465484900795
-8269.302615605411 5941.011018912972
3262.479246371522 8267.007429339294
-6860.341615184171 -4131.951420985373
-3255.3238338106994 -1608.7122469120113
863.5394224418542 -9216.790368881677
-3039.9131227420485 -993.9581693822547
4905.5897997095 -3891.7248037770014
-7715.871006230665 4607.93337798965
9044.526277051089 4316.24665768012
2712.187281777873 9208.230906954435
-4527.679137242344 -1620.1533953445014
3865.3878582993493 5475.97447942263
-4915.380793361505 -501.0895006025876
-5765.232686106226 -5804.506989683018
5514.259997884963 -9833.156292045549
1045.3025740038502 -4344.907118573154
-4263.386443418573 -8844.136761486543
-327.94873804552844 -2584.229246545722
3438.767856255554 -5854.736055283358
1716.4402695266472 1365.8345914966048
9332.855531386009 -9513.520456138516
7651.510125682387 7049.345262610681
1207.0991898117863 -9006.745957864488
1370.7145154475584 7963.330331918212
-253.55914355449568 1664.748983089199
6025.645023813158 2850.741477570873
8017.891971817811 5893.965019534782
3213.8467593684964 -5026.829521834537
7004.028223512436 4983.368610427982
878.655516912655 8929.358017144485
-9318.665241367065 5684.162456988417
-791.220317968051 -3207.4312952270257
-4121.613220555091 -4004.847823067963
8376.130228469148 -6828.060294502249
-5487.871539715765 -1398.2873982477668
-2873.8262146535117 -7740.073042082043
-1211.1943650330486 -4895.127152124599
-2964.1197654595007 -989.9762557560953
3569.3730670286077 -6414.929377820471
-6319.893919275699 -8704.059921556041
-5662.508343450916 7064.676950102999
2998.0366608116346 235.47807273439685
4071.505483251678 1077.8941150434293
-1172.8982584295027 -8180.645666315138
7810.073832394148 -5173.815409057638
5872.5438351898465 -5432.735161386435
-185.59245800037388 2291.9119012286646
1306.618929433691 5140.51147630018
4968.3501613893695 -2797.598292538055
-2257.8304161951946 -3327.4553101417005
-6579.183539032509 -1118.8328075980935
-9498.88547158621 -6964.1998119279115
-4536.60985939669 4792.576822041279
2899.1567169718073 -3654.744444576685
-7750.844527864567 -19.236475504350892
-5306.185873419678 4706.139821352746
7197.127459084135 -6376.880834576561
-9106.356895561958 -7454.714648996111
2789.917630934664 8563.237457998017
802.3132339391868 6822.623809541972
-2039.4370229163924 957.7068238551037
-9528.025166494763 -998.6329383697012
2377.718599983489 -5934.31639033722
5666.132628666299 4862.44661620252
-4323.298577407592 -7270.291424969553
-3016.964770011521 2080.814892547698
2047.1515622867992 3240.756462666821
-6033.645625888804 -1061.7636212133584
3576.3554443677804 -2949.9526756139094
-9169.279952942576 -3370.760970195961
-639.4338315843906 6184.673476748081
2855.4618453239254 2323.9232260572408
-8365.071914624614 3243.625975242703
9550.67340628109 -9516.651387708573
5035.89409273544 -504.65381947461174
-1624.4874572175722 -4119.734425811077
598.3149154185503 -9132.557100717564
1089.4250777236084 -6640.022076533867
-7797.350787323703 -6486.236977524891
-6257.238183332654 -3416.842622913492
9926.034353679348 -1836.4763476893468
-9135.962128040725 -9175.53835324167
2114.2281153568783 -4398.250976361662
4576.870600698199 3357.8459374752747
5979.726674886742 4399.789396268587
180.40289963371652 9041.474672375614
5144.632240033194 6409.225263475473
1152.8157259127056 8422.18370133531
-8214.866044873583 5551.992695758905
-1411.7024190845132 1011.4734753823068
897.7407879513594 -8915.89886044265
2753.6315920664347 7342.034552525976
4695.693553392135 7779.840404992774
-2248.6589687788382 9995.853807700496
6257.255559063091 -7622.089637430789
4202.106386394549 6001.965927788244
-6714.130843189372 8150.43207824622
-590.0360592676243 -9166.043491491591
5205.446400148841 -2399.666984951794
9649.55820014574 7694.349504145099
9802.33961767601 -2937.862356952126
-4984.478237365013 -5144.956522748916
-761.1802350883754 -3624.2899840292257
-6300.182936149261 8529.993881272334
-498.8224921587989 1822.0402359885484
-386.32407280890584 9088.368908216366
2208.8347492497105 -8845.30663730815
-5053.464281461881 -5626.563965826516
-6800.861636339668 -4169.933400729844
7555.166979190821 5474.472152227934
8415.796403840202 7434.141919619338
-7998.0429189892875 -2493.9845942339825
-5632.816244655363 2822.9349611979924
2612.1059950223516 780.8147712110203
7784.0433856727395 -4361.601772489627
-2904.739226639481 -3780.143032322312
-2905.630564273052 -9368.961820626071
77.90772987230775 -7075.109911666548
6946.563475955609 1615.0640003882272
7318.613545591601 5545.886969848634
-3749.78410915562 -6098.604204915224
3428.992298329802 4407.927054419626
67.15566516120634 7698.405760652837
-1400.9458428325288 -7680.99363386647
-3826.3052174913573 -9760.207967414623
3126.3783918713543 8562.315392235563
-1771.7334788196313 -8706.490081488393
-7525.6733314951925 -7216.44914809418
9216.946668122506 -774.7688434035372
-9864.703822395428 -684.1239254832581
-8787.375541264413 -7065.683488870764
-9249.199394154555 -4057.8483769892746
471.8648290163601 -1250.1699470625426
1740.9379643646025 -9823.89545562816
506.80126515039774 -9231.347453249062
-1878.4090925528108 851.1387560792045
7.660741575095017 -1862.725471768882
2238.4838702495254 -6862.495077518894
7354.817795102521 3423.3955103023764
-2176.9891008810346 1065.595508096727
8947.546171440765 -7507.030226575406
6075.512680073301 -6784.849194638856
4689.927212771381 8202.887230662556
-9592.519405227591 -5562.800972260214
-9287.353916043236 7738.998821076784
-3975.0653202124167 -692.4140182682622
6772.694333135478 6573.724046753054
-9288.988499925115 1467.9693364306004
3761.2769041042375 -9212.973853320867
-6033.433061847717 -2907.797689615879
-4636.4989864369145 -6110.950715907277
3093.4019867933202 423.0491076127437
-2848.2901674740433 4302.261883087474
6855.47307055656 -5343.793552541365
6257.599574718806 -4694.527064120104
29.257114344878573 -7594.354212047085
-4743.455040796644 -9488.382609167276
-4544.801166882206 -3433.687780503631
5010.83809245345 -5154.254992713876
-5872.0319907748335 -5402.747520504457
2956.8219908580813 -6490.825641089401
-1585.9757591442194 7080.276439648755
5684.188927431231 9560.30190359383
-1339.2307018100473 4866.2804675798725
7643.992588585614 -5487.90524844893
9262.357746616737 8203.40617172467
-8564.80356345364 5740.818430337944
-3326.999383847262 5948.222346743645
-642.1209112889355 -479.9072675135485
8909.398389950857 3293.162541027945
784.4765739875384 -861.1150649044157
3759.700668452202 2400.475798202462
-4611.255545636887 3831.5990114626693
1217.1910055831195 1914.9817950958877
8385.388051292724 6142.935751584497
-5417.344750908133 8534.94831223337
671.5980817445416 2869.7371053849092
4230.197569460508 6652.447206953606
-5874.993576851857 -2133.442434577344
8207.023373269254 -9468.428432052711
300.86364969987153 3771.2403197144376
-5361.487396764078 7574.9273085882705
-615.4853412021421 -5898.703141336024
-7664.32768647155 -9064.151106977331
5493.5322954540225 -2808.565544062584
8052.846460230005 -4934.187591869577
-5712.84845040414 -912.9053945723099
-8480.659517553086 8743.559896525003
-671.0713537729771 -6221.594933055443
2669.398602278374 6714.470093852855
4761.826297160569 6053.474081258921
9420.753735784045 -6724.250279301862
-6406.787755459347 -5230.513067870599
-1097.2486039721007 8975.048251207132
-6749.463092626573 2484.6056372011935
210.827003012555 -4952.874336252499
-6943.260636275423 -8836.814515664228
-7435.094206968446 -704.7535549801651
-8112.291069679898 -6938.627635932473
9175.063855149972 1830.9863843269632
8512.41356289079 -9080.333778665563
4168.582120636453 -581.8138697804025
-8020.41334201365 2233.5633291114245
7608.292920357031 -6876.189238913743
4903.14506050071 -1357.0649040069966
-8067.08266820739 -4439.501691957186
-1388.2065311813003 3375.317863549588
-7924.145497721664 -8787.370617183546
-4133.452277171427 -2802.1706224698546
1069.6776194402719 6169.7592401007205
4213.196858229048 6476.949520288646
3119.3702021160516 -7951.695896577297
1024.9983658054098 5714.950769703315
6928.11252819698 2964.3950724299048
-95.8091791602128 1326.2685609477212
3485.216499004089 4127.840872435909
7349.178970908655 -6563.336890458378
-5423.419653150146 -4040.8153591956043
8457.533656746004 -1867.4676634127964
953.8280861278363 8588.858742095152
923.2347092203127 -6142.722955258478
2399.061526642681 -1820.5209257427277
7699.853420556541 -7453.849085102566
5847.956536516931 -1280.6521386952445
439.6652450748297 8610.55310304531
2284.6927400840013 -9232.727614526895
-1818.04314968379 7027.26346017775
-1701.9903510788172 2085.8287776733087
8752.077296036456 -4442.361749848944
-6011.556459327882 -5817.76265633758
-6053.940491499346 5516.323000660828
5342.596004615916 -6516.951608864021
3813.9259044052396 528.5746510430072
-3758.9417455147477 -3799.139330432108
218.06656468682377 3359.8034503850486
-7057.602447650542 -8091.664241784871
-4668.635500624015 -2829.508590045686
2186.393557694666 -7583.20234033367
6853.0244852879405 -555.8386952366327
2985.499669662193 -236.26344986841468
-1541.667155822939 4355.613384491135
-8275.729354341354 -54.427320376047646
-8638.124108823422 2491.1716885043206
-9637.699525291377 7489.059943646054
862.0051824875572 -4397.789782906223
-1663.0282974028778 -9963.249746571044
-9652.365280659144 8467.771026022037
188.1242174519357 -8171.043401168574
4486.726635378418 -38.39268859985168
-7022.4952070887375 -9703.298450868813
3179.1108201535208 -8936.479798462005
-9748.332472091768 937.1542010864523
8344.557629878622 -1175.6108017438582
-7402.242504583794 -7774.906479189696
-3269.6900819159573 -7811.174603605414
8767.39634676417 4520.978907346342
3660.558731748786 8098.914187717608
5894.673981375767 4768.2193982261415
5013.630467841273 4447.03270595745
2510.027233428389 -7770.717233698571
-2299.0671676573356 215.2729869627201
-6147.431145938486 -407.69431861189696
2534.986463020641 2533.525229964711
-4590.788676124757 8486.90440949818
7612.157509173718 5407.805859122649
7659.712599736631 -1220.090585885895
-4801.023015814614 5514.949318524543
2682.549417934888 -3021.2111054134484
-9400.77534092116 -3270.6852717603833
-8422.691922736907 652.5410428275154
-2407.7700956719373 -3058.312210228458
-9414.938912251839 -7013.109429679078
1771.1209686545262 8250.08644448802
3338.983508500998 4422.627677743862
-9526.95335188209 -5253.283214838689
-3146.7644580177966 6782.983205450822
-4018.3362123398992 894.8554192290103
9658.93108245335 -622.0483843390248
-2704.5318786886673 7883.957670914424
-8078.215395672055 6280.5046783758025
-5006.168218483826 -4629.165788001977
-573.1900701974046 9301.682666794568
3595.890047835601 1659.2616946704693
5991.230756281771 -7851.440871403818
6295.696434931122 -3360.0711948984817
2167.5430278271106 7831.13154528075
8070.353046329426 -1292.856574776706
-7975.556400813275 3591.201631659751
4896.099892259757 -611.7285307408383
4344.132007750255 5458.348677240394
-829.3680416397729 7566.390700620181
-249.73680103477272 -2004.8667839805594
-5571.8122601755595 8946.192575327714
1081.615401196712 -6124.307741240362
-3952.7539651885754 -4192.319625470502
752.3232214838263 -7351.074229927628
8888.929549815792 -2888.2436420726253
5890.290870541719 -1630.5036748191142
-2332.4782057713846 9666.314622149326
9721.206808552295 1736.9092771552569
1342.752629315375 -2669.0145867260417
5966.334559420015 -6035.045531580101
8936.82673235084 7133.21678131642
-8051.941615701146 6810.83839356916
-9082.590275883034 8687.902066281498
-4352.066213156593 6025.352794923927
-2348.895346465505 -3542.702235202333
-7862.2289201096355 3942.469764327321
4420.208654086155 3157.5058758089963
5605.067562298314 1008.7720823232521
1108.8309523078096 -2987.673195983016
4619.885632326217 -4239.828586964203
-6097.269260788984 -4425.181159617
-9658.951983971689 -1914.6145741778882
6210.52114896073 4481.43171630297
-9964.68745234057 1572.6897891477256
-3497.844288717629 773.1180203045587
1583.9603511168752 -2681.52255814255
-8126.09122776599 7312.345915621314
8577.017109663939 3783.202812546784
7887.327569948538 7344.483115158724
146.11634872633294 5112.30968094373
7592.9275321401 6396.537044632067
4862.775299011257 -6203.222802868391
5637.679227094768 2475.7836300183208
3829.6544137482288 2629.9533998490915
6968.611044758945 -5074.665998999078
4518.14333321939 5624.36211864707
3883.1442888161273 7313.2300401163375
-6043.598360744031 7884.224030775811
40.04639314585256 376.1847026072337
7547.752617727452 -9613.561150461304
5533.1802264333655 7308.616418499252
8100.13400625877 7204.829109958842
-6756.500892468766 -4417.838188387271
8573.059258302208 9919.455296832224
3423.0272625070065 7000.373124982798
-8400.648759770915 -3215.1319733310957
-9172.162644712444 -9162.151983024418
-985.3229385346676 -7311.831506918255
6705.329160450114 3682.5637264450233
5428.694543287114 9.800272417072847
-3445.6191785413057 3994.722714733829
-8702.58740667682 207.01846295868745
-6184.759309270121 -585.0554022334836
-6992.867782823607 -8727.992710686096
-490.70374112583886 -9500.824721856598
-9843.867137384412 -2826.3364809290906
-1662.854868962204 -4172.788312302083
-6478.961733329697 1974.0784554599359
-7143.329893973363 326.2698862386551
1120.5837513306396 3517.7954922009594
-898.8908933840376 1170.5655649515447
-5659.713534653996 9423.940196844513
-639.6229775086267 -6237.610065878711
-8742.705025891597 -8431.635497482097
-9162.80112682257 4069.714609437333
105.49138086500352 -5675.041087358594
2502.8733989614248 -7010.121202093118
2246.6832822811793 -3457.6606234559604
-3284.216886566147 -6571.559837629084
1064.5127322207845 -2435.865829819255
7029.0402051068995 -8573.184740563851
873.4922269707004 -6441.879051532953
9101.944114494192 8941.854079998484
8236.353533011341 -7998.481332061374
-2256.8012810974406 7775.032764087937
-2991.31935587531 -623.2574537823984
9852.131486856164 -8331.529432484695
7980.576290812602 9963.981273812278
-9612.574264193874 -3270.477246047956
4160.896238762201 2073.9792222397027
6481.169712429579 9115.215734376776
-6449.637498695964 -7853.5615388487295
-6570.707751533524 -6697.664726987627
2675.6522427630753 6846.486171293876
5527.757705626907 -5711.496844921786
-3792.6622299284318 8623.685798008657
4587.1505562163165 -7285.891705086589
-9339.666162283876 -8844.900332862191
9446.578678505946 3164.4975354977305
3476.2921220758326 7675.946616443925
-9078.902479681128 -7193.65164230791
-7286.839487199976 7408.419023273658
8355.142251734163 31.694619866802896
-2882.086489625939 -6868.730333646805
6317.73192067737 -9072.41036528869
1534.227323921281 -3610.203795915987
2963.494238695057 5158.938991428033
8397.67049158306 -4072.1069703298026
5196.8415275923 -7753.447016904165
-7503.247136789073 -369.1390207226759
14.907252820941721 4242.006560740223
-6771.044327827804 -9400.291367389142
-3731.865881015031 -8554.567752081499
-3743.344137976954 3934.700946395813
6565.68682041447 4081.8783120734406
-5231.373361868094 -7612.0564112762695
5166.145225451633 -5253.564825109686
-521.4116144515901 -3748.1710663334015
-5567.789827643206 3947.8236081923005
6043.060591466634 -4317.80982277826
-208.55705695712095 -5775.302879905999
8756.545903058588 -7887.945723271505
-8866.670136232706 -2921.5692001589377
-9817.143127139672 -506.09707546841673
-2813.7420232274526 -8639.299279032473
-2192.8119966533322 5815.390630526748
-1343.7407539988271 1773.694350520449
844.3004647194994 -9334.50346931272
-4227.337914028512 -8214.682220073872
3013.9830358341915 -4414.88006084791
6374.0765594097975 6531.297265951034
-9604.276812860584 518.158787167431
1781.419071176908 -1829.3906439499842
-2599.6879139618122 1886.1412016028007
9442.955581541752 -1319.7970438036846
-1553.1196996415947 -4358.485537023127
3699.6369871022835 -6780.502813017523
-1890.3486226792475 2111.725295373919
9007.26719880171 -9035.307809403532
-1700.5292674160683 8528.255050630341
-6434.658301934955 9707.438711175204
7470.960311976418 9841.806134980041
-4459.340312766507 5531.959124474302
3896.9217759992916 -1243.130992265691
-1062.8979004552857 9529.232968728695
-7272.602329153184 -8124.073701928085
1651.2553649218316 -223.59898531688486
4851.5722812874665 425.5878328594936
-5633.17481490218 -1295.9298695565521
-5493.503388215013 1243.9696314275625
-4320.918018496318 3493.719328248253
2127.3678919119775 -3459.3181336579246
6203.854113522824 -9708.032718474227
-890.0827391314888 9397.797926396765
-7586.136158703372 1797.9607516959968
1956.2007093635311 6062.225178019684
9558.487902536257 -7825.300515726356
-5299.097082676172 5786.925517184185
2261.301903382826 3254.6266831692665
-9433.982489563205 -5689.544465075209
1253.0500924004245 1654.361146594245
-3532.4295620216863 -1978.6527475777475
5185.962937772863 -2317.035633272282
-2701.180181962255 2435.8561125104534
-2411.36948080648 -6177.322997520154
-9159.847373436196 -9175.344667453244
758.9074280228397 -6919.418487034812
-1303.319010332838 -3343.9181868126952
-9244.3714157562 -4345.806888066346
-6159.679637532529 6980.557036159251
-9361.825041675496 6123.492647958867
1133.907350371097 2962.8584948744137
2716.2181361051116 2776.466739437459
3640.712576055017 -1524.067744843711
-5189.738605198244 5694.734713346403
4573.463914943863 -1998.02485787774
386.86011642128324 870.3847733947186
-7587.205794430139 1043.546885123078
7920.701979673333 -6105.3307507463205
-4974.202462372781 -8170.501078361758
948.9930698346379 -1346.265536976005
7541.169199651995 -9692.45286730831
7021.894797026645 -6013.896830560215
-1711.8274793382589 3247.333303784526
1116.0182815546032 4401.149429613903
-2717.5254880669518 2734.8661345574274
7066.282454152868 -272.65796688513547
-7457.3474369847645 -6578.748870970372
9184.710089776501 2953.559347974491
946.9787244841773 9595.660648284538
5473.022711897927 5546.315720412784
2390.8478059345507 8484.518777610003
3699.1772262748455 -4829.734192038702
8681.011395584937 -2864.0924295328987
2096.268441176944 2008.8875847537183
1903.5562372856639 6830.2434703946565
7555.495152536761 6776.770814756099
928.3445334155331 -8834.71704024053
5923.185105909315 6034.480879602448
-736.5792554742384 -8204.431647129055
-8624.863116112434 -1438.5197112310307
2648.6604867792976 9263.448402958958
4829.829874812303 312.1432186122747
578.7327173999838 -4559.16885202116
4975.331656705739 -5125.589039003365
-7628.7835214130955 8807.873213107941
-276.9855471657029 1370.1779492771784
-4553.503215316037 4126.827868024007
764.4674572851382 -7618.973250007981
-8838.152327198648 4026.3132744846007
9396.283930304162 752.4615599543158
-8157.1057084126105 1593.2900698279864
-2109.328315175081 -3975.6787556373747
1581.4179574939371 -9722.929297887293
-2571.87326296787 8754.578533576969
-7080.738854778987 -9758.289264153522
971.6858180933905 -5851.71883136222
-8286.143092556786 -1239.8330974229866
-2549.450063410334 -4827.107381091604
-6718.292051012478 -3674.3594725524617
-7765.83059867245 9735.852969851989
4341.896728287082 9862.544412089566
-1883.8616247292975 6519.68637969152
-2667.4886846677846 9751.579807325867
890.5496659493692 9714.5317564652
-3651.356675676707 -1659.5718385574764
-5908.272996421407 4157.486949463631
7251.392207773279 -5806.40809746471
-1418.4563900013163 -717.2935011154332
-1576.900088671524 8541.971229547595
-5593.191986014991 -7194.292382783136
-6805.183688876285 8224.759577848607
-5287.516395986636 -6790.119127779897
-9852.227302869023 2873.308135605457
4484.798983561217 -6127.271016873497
3291.4351120453775 3168.6151083100067
-9488.438128637537 1063.8927726911716
-9453.522799680733 -8288.860311476
3185.301562843495 3066.5434980749887
-3988.204016675445 8373.666367724112
-4361.874045155667 8318.26783255866
9170.483223483065 -2035.0211488719542
1185.4639355227791 -3262.9088504928004
2490.4409970909073 -385.86155590079215
-3830.8503927362763 292.81819308244485
7801.104385381925 -5507.822981580557
-7971.413723924843 -3596.5921278292744
-8621.470236085052 -8679.930856968871
7792.000041928968 880.6205192745056
7846.87663593773 -2431.1393855349843
-7831.913546763208 5918.714893311528
-6194.9015765863805 -1660.1320937325963
-6968.37118799613 3014.4983740271746
3513.4356817594107 4619.900238391874
-8665.05342001162 726.5713359367674
-8974.910661758851 -2061.525728736058
6340.314258201201 -7173.872412809142
5824.228954411183 9411.0373466844
-443.22073536349126 -6338.78305138931
-7667.724909011153 7734.235382751853
-4121.924805839838 -5549.104749389595
7570.179350701597 -7093.704380354391
2156.6235838324956 6745.228626499833
-4184.8046083715 277.631082534499
-4188.116081993634 7431.637978240138
4266.430565751891 -7006.2023221195905
-940.3946892205731 3437.618337191534
9534.23958473144 -25.03197431670742
7961.804924959251 -6325.622007593787
-8805.701152286927 1283.1198100931579
9735.584383478123 785.4923907117281
-4302.002016542166 -6939.830885821816
-3377.8210841764667 -4090.81210925726
1606.5498190193975 177.29926858093495
-9894.090903910013 5932.402796509779
5417.002947630957 6317.785805637435
5385.9851817521885 -5390.6903415839415
-3825.861842942144 -1577.3709711109314
-7257.587633768756 6436.511093871239
-3387.012149725774 -4739.645627223807
9800.497340757636 -4678.3532897769355
-1247.480012543776 8339.358593323912
6686.76673005593 8851.694057421792
-7338.208742575007 7463.222926180439
4682.368933625623 3361.760636654046
-1454.325856258356 -7063.570076663495
-1781.6759697894431 5024.711217148355
4348.0247798481705 -8240.025402627485
9920.26191755755 7826.493971703367
3745.953918489513 -3886.632770516245
-1101.43028944877 -9438.435958364502
2709.638328962974 9001.572651673567
3593.155012230596 1877.3442490190791
-3272.1086963883918 -5847.542696427039
-7779.689320839505 4916.168065047652
-4649.503085730906 5082.347414409447
-3767.5552124102587 -8752.282928325802
5874.083540541844 -8295.669968012027
-4810.2734954570005 7554.4634852185045
3799.1064398758954 -8064.039832303039
5055.975404979794 7927.178842790683
-5888.717065112721 -9529.922288046171
-3830.5948582885767 9647.095199132807
4491.601892362898 7204.4548116486985
-7997.8860757550165 -9024.162372643084
9234.820203337684 3783.0313033999755
-4689.508090039496 5743.775435198297
957.1313542616244 8283.537960662921
-5607.99753095567 1421.9753256671993
6099.477688041217 -4706.683110017114
-1097.927229970992 -5117.533941931088
-216.24465513687028 1447.200205787789
2048.1061001612725 3196.0585856427224
-4245.053270446871 4958.325532101067
3965.921069482294 5586.498324777065
7942.9908993277895 -8245.191664021368
-302.81275797909257 7054.248803241859
1603.989556878525 -9457.789006221949
-5575.271643019528 4202.755396018816
-5948.878473070587 4443.794511271073
-1514.1743387950264 -555.4588285832742
7661.428213798732 -2172.44923857937
-4828.051118700349 -8965.950164524009
1145.4008202824953 -6488.933034717718
5436.617375375299 3268.6550639747747
8992.094440059063 -2257.7147166372642
-4628.621773240317 -6281.192457060732
3553.27189946597 -1813.7366873200708
4673.166275989477 2492.8016914888394
-594.1475532169752 -6394.930194879078
-2685.4050441321697 -7688.800854198703
5432.733592136143 -7000.022255446254
9242.004972463299 7560.452954742137
-3512.167770018941 6692.15566642283
-7835.613544110214 -4485.170450374112
3561.9670398802664 2150.0812501782093
7359.559684244967 3560.2378798864556
9041.991470994955 -6671.065608146695
8912.2900953317 -7476.878543044126
1956.3639137046594 -6130.7340009103245
-8087.7059506720125 8102.090709811699
-2973.869296264169 -8290.741688064303
7878.366267684662 9919.509664541783
-9108.93677661368 -4503.069213207645
7038.147718748933 -9145.223113106651
-943.508728549119 1645.67655992264
-4918.665720596338 8090.579116933302
7907.138052593502 -5041.457894716539
-9382.600609809384 -8302.080637511675
7560.057325609723 5453.699734079026
-1192.8035488423957 -3394.7390065817463
3379.5450159571265 -644.4135993925775
-3498.9192699386676 -558.3480846193816
-3347.314123784069 3173.2229810231183
-5295.528296432403 -6986.773190203159
-1775.0313197098603 6369.246439501825
5305.062939555206 -1932.9728700464075
-7178.804168110644 330.235244034915
-9265.835854518267 -5484.411595523428
6327.682835844978 9180.921668681629
-2402.0592250633536 -7559.7018833018665
3487.5336315254717 -8558.06644595
8302.597919781569 -3038.956656659235
-738.4455476929725 612.7205714411921
8310.842781099665 -9545.796138992275
3533.1468529122103 7468.372044398944
905.2305627350397 620.5821065379405
-4113.684963365214 7191.045948201943
6197.288227308318 3549.381008159902
4861.683549122163 413.76918637050585
-3390.4129902612603 7193.886011820563
4396.224482386595 8836.404552952237
7171.220249227092 -7430.972946948006
-921.8466825794821 3280.5971152057973
-4294.578711942174 -2499.4631430596373
9399.254362818821 4882.559777033115
-4648.664462864116 -9100.057638049428
8362.661444007357 8579.57997086872
-149.7530136747937 4309.171259042287
1604.9093498960428 -7871.842826911228
-9360.161266666102 1853.0728655786515
4616.8525763694815 -6401.272939649147
-5961.6533293478315 -242.30603195826006
-7301.178092863254 5623.9425537167135
6663.745901940609 -7763.3225764670005
1961.1837602222804 5634.520762310271
7721.39850589144 1817.68238686909
2982.234319075178 -2101.29649928231
7906.860912761364 9075.253769296156
-7338.849075146963 5388.3896001624835
6408.838149520263 9256.109241553128
-5645.49783781845 -2672.9437453454193
-139.44657623743842 -8572.66771631404
1560.5971475080405 -8268.40927424028
-9923.921767558004 -452.5023963775602
6216.739091474046 -8657.796096762875
-8978.544401698578 -5744.719106261302
-899.7742624463863 -3958.3771479548277
-291.27996553718185 9189.647575760122
-3125.2729361130678 5196.7856030674775
-9435.786158752551 6300.229599810658
-2000.5581483065016 -686.7009077751463
-1689.1306130592602 876.0469060398755
-1980.7763554545036 -8025.0466669120615
-9482.591631196075 8915.250626325196
3679.6511944023077 -9752.395828889217
-2294.3024801604042 6978.100222318932
-5138.2176786265245 -5441.209897187023
6270.776449131663 7809.916557029981
-6492.86152822381 7521.45548240011
7456.354266325317 3790.2931754293586
9504.21792121854 5252.20030223404
-5758.143848103112 -5340.643792074126
4933.648937554057 -5558.496962631642
7235.375087195149 -4008.5730721987293
-9880.16024155599 -6234.606283928554
-9469.819069584173 530.9417746029794
-2387.196998920549 -814.9165425953306
8970.694543683589 -4224.963257037893
-6475.4244805359185 -736.9056637032918
-612.8526120524766 8081.724473947932
-429.53589328741873 -1168.5418615159815
96.39799518085965 6102.126685278376
-6283.885376353197 7179.58968414674
5329.681634424269 -5520.2485281001445
-7492.81416885094 -9613.538382148066
4236.334730232205 2529.3465533478447
-6040.806680995998 -3496.243903110001
7725.828820345316 2002.3787840217137
-3689.133098183239 -2996.320010784483
648.7170057848361 -6934.271695740952
4995.147719895036 8237.175839577638
1680.3937873207433 -1735.283036122015
-2142.266920738407 2605.2894200297706
8759.831034271378 511.1165857878659
-3046.1419117551495 -9271.524016389876
-5951.246601322495 -6968.675286979808
-5820.222264062576 -6894.322253583092
9114.983052392221 -3270.5898132867087
-2453.7871993226527 2587.0137040374375
8406.96893664945 3564.282012164862
5076.777541113548 7440.974579947684
-2925.193041779584 3309.745595055041
-5884.786336063133 -1120.967576006302
-2193.6804234018227 5460.762824748574
-4748.981488417962 6607.613348857209
-9414.93902817175 -1931.257396341035
2123.8487858246153 -8690.588180943387
9140.389646123236 -9066.762070636576
-8957.150715086815 -6086.948248994335
-1651.9692836491486 -8153.057592125117
7657.857793266623 -1907.85986675392
7952.826358171762 1485.42539906017
1845.1892753491647 4641.777468423365
-276.3271197915128 5052.55649562502
-3478.4836502018043 4212.633458580101
-2486.1047874235264 6937.122711289423
1275.1176587924529 8339.719213251294
-7311.38060939972 -1594.3421823109948
7504.560740767891 -2214.9783617827534
-9006.036684811192 7751.037857456577
8180.667717735312 -8079.806617816323
-8818.835512926295 -2664.0640342293427
-7601.618286279841 -6792.466955304026
562.0275272348172 2614.747028361493
-7439.04914654091 -3205.493759787939
-1839.630324544637 -5512.860349466151
-9660.389720589343 -3180.8989774560414
-7762.581262858028 8230.90682432312
-3522.263862545825 8230.342655835535
5707.39658298362 -218.66270311895096
9059.221829692724 -4239.687525149616
322.8043828708833 3268.8409666678144
5036.608368284906 141.06115952495566
-1502.7900035024286 -7503.887060814319
-9384.718275236144 -4258.170719310268
246.61500357044133 -6569.3691995139325
7515.8333370707915 3509.020536152939
1968.7606574881447 -5192.16893502743
4187.45855699909 -1576.5935497428454
3643.0182896948845 -415.16968960551276
-6278.948669342519 -8353.931100951608
1521.7816022038314 -8745.91375134689
-6488.568030849573 -5893.373173243728
4497.5692416219445 -4079.063123641351
-4356.071679293147 494.31077063254634
4068.3220747432806 3568.4713728210045
-8468.685471383365 -9555.510794090274
-9813.342329263616 -9922.264637930151
9502.882738535813 7170.288034678488
-1732.8598646597584 -4659.217486110587
-151.78024903100777 2870.957314169511
-3761.1202841328814 2198.6448257804095
-1755.9769046139245 -5044.310757930161
-5230.914408634795 5955.789372192161
-4456.904672597486 -2546.387970072903
8646.457142239666 4867.195429868572
-419.58997338229346 -2062.2811862361705
-7198.412332273163 -1736.3060573101775
-7048.050075992123 1872.5215903693334
2554.8336290294937 -9124.248422995857
9647.778168520377 3502.2515006821595
4420.3875378593 9435.407945531024
-7028.402177059989 5228.457714153781
-8841.43280668199 780.6179388942928
-2645.166020567546 -4117.109021752228
-7243.375679474244 -544.2370790752611
-2525.955144004599 -7616.418527742204
3631.6460193858984 7196.643660422589
9506.262678687766 8969.065534883197
5587.412428449974 -3292.209786903575
-8592.35816217499 3537.727582233083
-4079.6455592623215 -2215.5455983850843
-8223.43794579218 1576.2792851537833
-9441.971738262146 5101.1881750508055
163.13535679416782 -5256.595151256065
3226.8155987341324 3883.4362919304313
-4387.167413030932 -6618.351560395664
3383.8338502996085 2198.104133159468
-5217.27262143322 62.64813114342178
8011.324561216286 6743.597435997748
6144.647156592635 4727.844787262828
5360.0609516639925 2789.355148818542
2590.2852923425307 1068.8364317219039
2341.614667263264 -1690.5688056939198
-8820.871862841661 8498.571005476464
-8492.417834685897 7374.215563229467
5820.816089998589 -5603.392730024295
8417.167454200622 -1491.0935690633396
-3640.649471869513 7268.698446715716
-4317.206088959369 -3.109256811800151
-4172.667251992146 -6957.005397482682
6096.696863060903 -3999.292091237052
-3435.7961531195506 -6067.8176687432515
3979.735001221423 4892.8087392261095
-4556.759937558079 2122.9098741505622
1256.934022855543 4332.857239611323
-1372.168721318103 -989.1088951460206
-7247.434792511558 -3602.153557232692
7078.360705361778 -5217.90639125632
-6189.166971941398 -9534.167645595624
-4543.223722533729 -7152.535854744815
-7413.465742786491 1573.627169052097
9126.73218017154 -1029.3352749840415
9213.330417160767 -2386.683950209903
-3377.0420555649607 -4114.670042689179
4545.556868588797 2.0007390616028715
8264.292314994353 -9219.61201767488
2282.77146512515 9353.695599592575
5510.601652525991 -4760.991571738393
24.527985023780275 -9798.156863795079
214.5853127502869 -4951.209235115348
7166.143001149045 6965.439070204353
-1904.750924949266 -9242.182190938098
534.4990330410164 -2878.7073775433055
-3439.3902777143267 -1066.7547118385464
-7723.776668634217 -3060.525052383967
3432.9760236516267 -1213.8806189455627
-1251.1621095016817 158.55059802134565
180.93334568789214 9158.152651289489
4028.7858486470377 -9378.302712063878
-9062.063855580795 6823.217046586906
7138.50158495842 6164.37466903633
-3111.799530551365 8638.342286052408
8207.973614662162 2938.7216579922733
-5473.637099368128 -2713.95862438111
5524.547538277482 -3120.617180340899
-4151.841628239421 -6818.1807970427835
2787.973598739569 2160.0234655984714
8705.15072217953 3577.741456385691
3876.0035855484384 5259.297196131396
-3642.6752316797974 -6025.015643130571
1039.1157563021425 7649.571876138718
-3316.8589553896454 6665.310654900484
1681.2236275518462 141.2560849203328
3557.4235959565412 -3446.553921394675
8746.518329852672 -2439.908339890182
-4416.7606667311165 5369.370078396214
-9779.14295753433 3704.3099265429464
664.7124355863016 -8038.444505456006
4369.411260803883 -6576.916695390773
8833.484196104575 -1430.7654936158706
9070.553500580201 -8822.762453234214
-9707.670579150015 803.7864138522127
-4030.7464183006305 -6412.28876734285
815.2016841648074 2526.387713674192
-6838.471523451017 7246.795317542419
2443.7806987552776 -4108.914100137766
-6265.2219817754485 -7538.300446952846
-6153.6408221710735 -8470.508498000498
-8272.884873764606 -1380.4617393989356
-8244.302668236369 -5814.677885328294
1932.0823958442434 7507.35397629963
-7421.746105051741 -4935.949850816508
5463.4282697206545 7190.323570871016
-8432.018633458245 -6255.0498599239045
-892.103240870807 945.8336731930831
5883.6529521461525 9709.86129801457
-6767.73459752517 -6729.367258560536
-2600.5245277563627 -3624.974506853305
374.14833180560163 8122.803483364933
1314.5168861990169 8969.373652662493
4634.365260850149 3329.8327510053514
-2592.7317260474283 1684.687976715597
601.9492022764643 9488.582948887819
-7792.575390166203 -769.9239026981759
-218.84085430052437 1702.499829534916
-7592.227980677009 3255.240665697427
2353.1355681712594 8145.92868978922
2514.8303677583135 -4935.950219352365
2593.12554650124 -9285.06464720618
-6962.307696356196 2621.9509908460495
-2622.5229828264673 -81.43653282352534
-559.7217331479205 -7932.2022027092
-1047.1100246837996 8683.992464077324
6633.011739213438 1772.6943995392558
-4496.309808887459 7893.584427621485
8955.690790230958 445.48713878194394
-3958.822874309766 241.34759317345925
-8595.877357555652 -133.42633533427943
-247.63139495406358 -1609.1261417547285
-5721.13165699267 7538.721568664852
4183.7571168170125 -1563.6691484794137
485.21915069300667 4875.628211731191
-8501.030922204198 312.6349623785936
2389.314898354656 2505.974282955596
7537.498153481065 3070.447834466586
3436.0902497325424 -4147.230931544444
-5485.033007300184 -5173.818799354788
8660.52157629171 1354.8024375351943
-5056.343515752528 4716.718879531716
-2225.576025147642 -3470.9427657551387
-8284.687946645263 7333.102750425347
-5313.171560798284 -4470.029235175625
7276.531038591507 8876.953261409479
8116.757859002584 5943.451686078361
-6559.692071015075 -1322.0668848837831
-617.0088789046949 -7739.39170164077
2615.59797921519 -269.90981593959077
-4493.804721300674 -3191.844005934461
1100.0398546208562 -2450.5550504231196
8434.579578178298 -130.47770160758955
5569.262832045291 7924.728968016378
4505.0145754697805 -2687.3178363789684
-4990.521799919676 1027.6953019536286
-7822.670233719719 -3752.2028775709823
-7921.654122805388 -8131.0264122722465
630.2973090758405 -2930.2358952205723
242.37775160053388 -4770.049022599114
6983.577171832818 3697.8004946940837
6027.428479603059 6970.716490268402
-4289.304185227334 2906.2386005398002
9332.102657264728 -6991.387415233865
233.8931509648064 -1652.2791048727431
8992.186920488017 2281.4875952889397
3742.472232293676 -4797.9766564586225
5647.501101408332 -9345.732177257794
3952.054642531559 7340.767909633163
9450.838577099908 8996.991470382287
-5177.072162285998 480.3145323201061
-3728.047344397547 -9443.004304200704
7181.46448435487 -7997.849529502055
2787.8214984827973 -9732.540673190042
-260.6512635922736 952.1334474359628
8213.712222388138 1779.0487891330176
2181.157219827328 186.96825596752205
-1582.1631559040834 6770.941958997002
2791.5979241218483 6718.338687267882
6775.68290709077 -4507.964856070827
4519.505985030421 -3987.8689711135376
-4641.621041713742 -2497.3343466159004
5426.471280720412 1332.2381031260866
-87.26646175067071 -2768.2712006674737
-7856.241640026003 175.44163042786022
-7421.125052124118 233.57644498657828
8261.94854670305 -3574.0788632077238
-2595.3081691145544 2923.634565733857
-6496.465791534867 -935.0427401985507
5454.5613670747425 1091.2023468411571
4079.4599762951857 -3896.5667678263617
-1326.8652754002378 -9367.576570224552
-193.60523623748122 5861.763712889135
4653.22062204073 7715.951927144379
-637.7028159831898 -3196.0743098318644
8070.105251592868 4988.376225629925
1483.6226900469755 1839.2776577299628
-1217.0918734351926 5445.978114205453
6958.291113701169 -6662.101086863241
1466.8767215402295 -3756.0478780357935
-6055.668831450731 -8937.788529207906
7128.784327541034 983.732309540057
-2555.118376443186 6799.665702557668
-7029.1110409416 913.6062971099964
2696.0257941234086 6688.3203313137965
-6192.81096080128 2997.3312817284987
1774.705937581104 -4940.838354033801
-4401.012039483583 -4050.010405881697
2909.7499970935587 -7923.946270312792
-334.92645413904756 -5890.133459275291
2779.828817790849 -8463.774766557792
-5264.916873894809 3409.646630603964
-6492.068631336525 4901.247031409399
-6747.079985408648 -6270.225656097236
-1887.2590374798892 2960.474888760249
-1799.6398605586637 7561.340237674478
-9146.936968016336 -2514.035327250006
7199.2730652248465 -3824.603221414518
2202.249826355417 1819.9048104060694
-8235.838286532691 -8609.868333140632
-7884.664499985803 -8457.368923305268
-8684.994858471173 -6453.13973201961
-197.6128682158087 -5798.670361204454
-6076.3282582731135 4450.33445555636
3397.3512251274697 -9463.434515325784
-1244.551869417217 -2201.6128068819226
8712.460695393682 8725.794331469831
8780.519097091365 -979.5287591010056
-7305.955714865466 -2129.943356374398
6568.503486391146 1464.1781535891114
-5753.628886594007 -2717.9125417584164
842.4352759110334 -3486.6430740083842
-7234.072275075436 -5908.911671509955
-3043.1270094277506 1490.9798146164503
3029.3252507231955 3261.4669964970017
578.0801925163214 -8905.563554664956
4003.7997900862047 -8670.148509317924
-9417.481021128931 -4369.530544239741
8700.062160884881 -2003.2603301508088
-5446.828336852319 2461.494423912807
-7636.974239752562 8166.166678620717
8241.487672676747 5844.5763841984335
7096.726212332833 -8891.196642617599
-1023.964880587193 -5261.127721669798
2445.5297477466065 -6869.065211523309
2237.219792488593 8176.8714768913815
3504.50468751291 5463.791679531729
480.7059611063669 3439.3087133715835
-9192.387277663607 -9955.249628950025
3780.4730028032773 -6456.857518623023
-456.8402871744256 -7556.0647947789985
-7024.29906052072 -2553.466053038287
9571.726508173419 3396.7962979901477
-2256.0221678305606 8894.286190492548
-7727.423594684855 8235.269892641565
4386.592321897189 7971.738832302981
-4579.670896496424 6967.146115658306
1099.9583234050388 -6795.360855916557
3094.4548589350416 -3164.6822118808695
-7879.495045734544 1437.049359185934
4049.9440657500236 3895.6007874584375
6368.636226502993 7738.873055611777
-971.7308026163737 -9516.141772512376
-8919.340011617634 -1760.8763200685335
-4836.449048458329 -8599.81787037646
-3594.1513518840848 5050.578851899078
-6060.382110919205 3219.926932380966
3059.0968644919485 4346.005569229097
-1920.5723827618867 8348.412472504948
1857.9008013661878 6165.666865020959
2299.0961508721302 -1731.8457576840137
1335.6879284665756 7680.351612341317
-6965.421626965358 8884.497636943797
-2388.220253441411 403.70482941338923
3049.803460159921 -5042.421466127107
9311.583085343598 -3757.8385884214604
8260.862090680737 -9684.450834727659
-431.14372002861637 7290.321372220238
-3838.3742062670635 5876.05366743866
-2994.7994922260905 -75.86459291647952
-2088.0488713482046 8459.958575187342
8070.195943919909 5013.798289069418
-549.5930459012652 -36.62347095815312
4238.888433142918 2972.7831943305155
-9080.750967112568 -1338.9396788986833
9301.608252419508 -5121.022643843596
-1759.8628723036472 -7753.738296617223
4344.3926943733 -951.5890423084365
5854.88342280976 5669.197870341566
-8993.443851276874 -3788.3924959802353
5446.286595849751 5918.283832157984
7215.239967997211 5837.108071254546
-8120.092167812168 -9404.671762301747
-6164.949830299558 -8833.744429309869
-5341.596644891611 -2532.077706624891
5534.176301890537 1167.862529326656
855.8305536893786 8139.279832726337
4656.660211181565 3890.9054165159705
-6199.892812804768 557.8175798861685
-6996.223282290312 7587.929281121484
697.6014254654219 -7704.202973848369
3165.754319059306 3501.3747278236333
-8055.402107872722 9358.381016381194
8408.353678506213 -2650.4282556682
5046.175949713383 -6258.5096869006575
-1892.89351001859 5318.6684802622185
-3136.19052032913 7038.870918360488
4335.288412198401 -5238.69033820545
-661.2130634937712 -2894.177053702043
-5550.011878166794 9822.396153816517
5889.3275856620385 -9880.93374749702
4383.914818526047 -2143.2086592240166
8355.045298007419 -8670.747828081294
-2161.131442446951 3773.3828462094734
-2336.794962402031 4384.660587703736
-2309.927649424617 6334.418223676994
-4683.006817186539 -8688.344505831235
7648.856796839715 -7041.410991286308
-2643.2099951907603 -6930.5002033940655
4594.4610257674485 7720.845939162689
7621.243443507643 -5945.83498131851
-5026.000462507174 1011.475358592641
-7064.302365694595 3007.7959826550723
-7717.080125219974 -1288.5091744024212
9281.318643388713 -2502.4646165612703
6876.568962049983 -6239.073052866912
5049.053465683439 -540.5709774398256
4226.75199951847 3641.155793989141
5158.3210622606875 -4739.8303316270085
3225.461242914598 -6438.129893731188
-1878.8755239811426 5311.476990874902
-7748.773063662882 -2962.0819176221703
7058.060169281027 5478.926855233534
-2548.170802139968 -6939.2967436971785
5223.46858132641 5359.086409548452
5060.379472313012 2213.3854673073456
-3227.2409610246195 -3044.1601517758036
-2449.9205431643786 2848.6665060430714
4305.729323357835 1368.8156915437394
-7953.769306609491 2842.4582689067865
6145.463645218659 813.8659878692015
8652.353846669921 -7543.724054757935
8363.195690475903 8627.573897243637
6210.5636742319475 9485.719361437765
-764.7141029777067 864.795343324553
3504.6219273296283 9141.94741164376
-2880.744261476809 9680.280573150572
-4972.633375417321 8007.572389502697
6661.598539474515 892.441844835048
-7827.487418031809 3927.9351854932993
2800.8658975757735 5959.370728751175
-6925.9212667937045 1843.260683568642
7205.312932685079 -7945.75671338742
7305.002504714252 -663.2909472915053
7585.166567651217 -6990.730024006746
-4740.242366325573 5067.886329944793
-3254.64023076764 8604.395112824215
6284.095597909982 -1719.10317130369
-4704.639028122124 -9991.032387462898
-5521.702376409135 8220.556077415109
9608.500315697023 5141.642377837885
-3411.3896223085494 -1440.0840669751378
4923.98921129942 -704.1928402012891
-7485.179011198528 3836.7790490939096
2410.5937522099157 -6415.14952792249
-4299.794921715712 2416.419467806516
-1438.2794007023986 -3406.374435786008
-1966.6330551903875 3642.2442828103503
-4532.556423761583 3079.4931607384915
1879.764557452574 -4394.317970869761
1309.7853419595795 -2351.6380861538373
-9525.993641598516 4361.093978881301
-8146.650610403088 -8961.835331364517
-2857.7280120483265 -4568.950636705645
-4245.823161988525 -8025.73982675725
-6312.496069519535 4091.8319524726885
-814.5113259666177 -1481.7454925549791
8758.292566666787 -7801.4224557873185
-1420.2544843671876 -586.203525580806
8135.654363987047 -3796.0247282066375
4212.253533273271 8139.905934717994
610.1956535550216 -6456.012577127126
-8097.690927725749 -9785.551238647005
-4514.580586690023 -7291.408887481055
-4716.331055976412 7747.380796682137
-9268.76562356589 6085.057790045856
6896.908528455115 -5674.562015239179
-5575.015856573526 -5944.170061066398
-7217.987125541626 8016.957753685532
-3644.3859688812563 -6147.417443909724
2300.327064047713 -9382.433755865215
-8470.133701277091 7312.5861643395
-7409.229673881772 7214.489471522007
-7192.328259785263 -2046.9808856588352
5366.006561454606 -8270.725929735501
-3992.8003570687706 -326.58546244272475
-7319.96117347568 1305.7435423151874
-2441.7077074273075 6915.94946663647
7849.4780791276935 5242.042990279215
-7853.68838992418 -742.1798539661868
-2113.4818265023323 2622.6498869814623
-4223.316330207363 -7820.518871541004
-5397.56463161752 -3111.7274280176252
8303.729687922772 147.04953732260037
2966.1997233099464 -4711.418063853925
8705.640907071629 8166.713415560986
7353.57853480407 6494.747807711708
6250.7343406288455 -6386.487676652954
-1002.1082510531251 605.7977687995917
-8811.578354225847 1406.391212165625
-8745.652430533375 -7635.1687500964035
-288.4141114636568 -7504.048022473015
-6784.304882470815 -9391.837603907039
9675.356213564504 -1849.12415407374
-3232.326403679069 4802.498291792197
-4079.4504406895185 673.4950401671031
-2651.437912118102 -7017.721885383601
-2961.6809832520394 4944.554126656349
-5522.125435482372 -5518.654017891382
-974.1531265764334 4591.701167477802
4545.05858677305 -4439.8506680332275
5521.187805950325 1595.809958604481
5399.816228474896 6361.69361819896
-831.346147107799 8793.740110383413
-38.5433446635634 3586.50595772809
4154.415066585207 -8994.31013491128
-5634.531726297967 -5141.091662352866
-3934.7280189022695 2409.8226778482076
-4908.717360394019 7963.908037379439
-8038.169206330399 -4693.622552466961
-934.0243138702972 966.0729097400381
-9079.399103742016 8558.006257445533
914.4452834788881 7678.76004359177
3287.81297237778 -7237.38696489665
-7672.62611814628 -2965.8732883132097
5501.033232950855 -6390.497009018265
-55.93055295320664 -5388.641454490863
6572.939808487554 -5110.827496095451
198.07052626380573 9912.60022017344
-7805.102236962768 -1728.3845007630043
2249.1576714610947 -6066.903842953881
2906.256602841906 8237.538988738695
3426.222410452565 -1845.9267418931558
3888.5776578830664 -2558.5760677020053
-4468.791259461211 -1706.0481077036256
-4317.725854799359 -9695.111232045228
-5094.8743054838405 3985.4736018387757
-2513.5725099693036 783.3508786722105
4332.9170994027245 -996.6131942294433
7690.835246895385 -5981.486131480815
-9335.247793021346 5749.35349029295
9902.61236895216 -9016.27313342246
-1542.9241271367664 2407.7743005004286
6967.961370279361 248.81354968515916
-3012.4473568510757 1518.256617972571
-9647.00165753574 1635.482841585408
-4326.191613083601 4667.488005040963
7735.813441187867 2803.970804890887
1226.6517520498946 -414.6950423676699
-2224.7859688290037 1706.0969733710335
8794.259131704544 3136.7734731633936
-2240.110021728192 -4640.554108747064
-1095.4399199807158 -3465.861292793408
-2794.9851373126285 -1458.0842317502902
-7811.137636208336 7549.5273523291
8451.584257456394 -5224.589970169453
-5329.468616064823 8591.31620602428
-6062.933852280161 -3638.02181864276
7828.312878600096 -785.8886821814813
9044.227668700878 255.24011015646465
-305.31701940342646 6964.3197808891855
9298.27800388513 -7805.534165602717
-4074.626904896417 -8579.679306685288
-8829.252013142783 -7201.7939641282155
-6922.984553218743 -7131.725483932134
6861.815968934985 -3791.0924142211024
255.6292117057128 9261.641760338327
-4828.9405679977035 4399.472290018495
-150.55806703466988 -7055.4822878748455
2929.905259095669 8397.257535753495
3235.333108596309 -7924.089028189017
-5542.682437621645 -8549.463732881086
3148.965442377774 774.1363094507178
113.563690060706 8556.9781406416
-9165.557095473669 6707.513201387734
-734.8421875327822 -8206.764767603083
-6859.876571917344 -4810.398154222011
7837.380471287659 1529.249455909563
-7597.0010076945255 4794.233584940115
6119.046696019395 9880.437749747587
264.82181749663687 -8912.375753147548
-1402.529324269004 4645.427092478287
5488.953974392689 2281.896062516922
4339.870894063059 -503.44453787627026
5397.689588951815 3446.3532744925487
-6199.273381024666 9334.883466080824
725.5794648039155 4369.906902454499
-4077.115841994434 -1509.011765274734
4485.074668606965 -9749.951515834679
-1986.504497133701 -6152.655059727102
6866.582036787098 4090.8346768359843
-9885.856940694614 -5022.362200398147
-9754.191750996268 5024.347559401407
5447.802322429145 9042.85959192479
1047.0478552217592 7727.146609099
-986.4465470218784 9453.609915600544
-1488.1406593478805 -5314.747763956309
7513.252606578721 4202.514607298002
-5651.659624422238 5268.226951538367
5532.652576938348 2290.2313905837
-8212.989020721427 3404.963024758772
-4737.273608181223 4813.034014221588
7745.081526238177 9110.806403211707
35.25506194028458 1049.5036189767234
-2398.3253152854168 8197.682987886867
-4439.99827527554 -721.6264767026132
-1487.6635653158264 9205.923606634464
6989.081068596475 7079.125091046917
4241.975339117147 -3071.48343634716
4797.424307812431 -3488.5542831535467
2171.1260048707263 -2144.4568855877196
7956.499147574272 5839.20050365946
1431.228593928703 4448.590101313317
8991.752792907351 1359.098169978799
50.398880185213784 2361.9584637895023
-7747.496619446257 -9586.235392424853
-1458.0670105101708 7559.519653227719
4086.3012539923348 -186.53611558119337
7543.580989841586 8733.104899273287
-8401.945135150532 -7339.754575418431
-2083.592013579343 4510.345087836009
-4712.494189545251 -9037.181310590982
3137.8289976957512 4646.900099510913
96.90516212884359 1449.9945224875846
5874.198751579832 9730.06486121604
-735.959043971543 7635.062457127246
3294.11643115936 -5122.250481479653
5864.034009303541 -7546.998320296228
8984.372788240798 -501.11261804053174
-1963.3911609464176 -7313.045832420268
-6743.725810162419 7388.329184021957
5633.823829409963 -1080.071070992326
8180.832680561387 9261.332263957862
-1613.471907563795 2892.221693718846
8867.109890231372 -6710.218778133019
-1323.9075372923762 -2085.418836795059
8298.775853439336 8284.297550849522
-4388.755286129013 -2618.3247013332593
9469.732663513012 8873.440462740291
1348.1157455196717 -8550.057519167709
5610.418018237457 2363.22575968387
5454.89502197619 -7411.550856939451
6972.210097889583 -7082.781987598557
8610.759419893504 6980.901266066303
938.1089702969875 279.4909370299665
-6957.960536386172 -9348.50899728458
1153.6760449476897 -2530.228384464277
-6163.152319731051 6706.790051740038
-9077.029627266993 4712.128995261612
-7357.303745036883 -6769.567309740341
-3709.9749287975083 -4684.419501159489
3239.8927576151473 136.8645007361065
-4972.829665649409 -6692.958580139048
-2903.200258903962 -2315.0396621430527
-822.6971134872001 -7675.944433500028
6251.31299623524 -628.1514022606298
847.9702276284188 606.7917842524967
726.2054530774203 -2428.1875846900184
3630.936428200639 -2114.1927469666607
8174.257416200664 1554.664873188287
-4678.339508240521 -3455.8737939092853
4562.372260768037 -5587.47073997955
-8461.088110544135 -8360.803308736622
-3557.826693677479 7943.48584111649
-5604.481666501806 2202.3370325014894
-2282.1613170301207 -7314.919348004831
5547.037069295189 9690.295033587743
-3189.771268854315 -5939.782424891988
8745.903027722292 8545.597758956792
-6270.371329524691 -5007.507024800843
-6545.59398158904 -1470.6250548279804
807.7257518150764 -9632.446160767904
8120.6209854007175 8822.395174805326
5702.701688485096 -638.3931802178286
9397.195354633375 9847.06313056076
-9220.377050177663 -2072.283980482339
-8116.313427322857 345.1797365928269
9081.577496573838 5625.082543166007
1898.9163318174633 -5546.727601104395
-6154.705738202831 8496.007587078566
-1659.4056915286 -3650.636708561441
5878.262522608311 2839.7865816699923
3865.2432441934525 -1497.9550395425795
1102.6503139438319 3502.3107064136093
-9577.7618899368 -6365.212017177695
9184.597052926376 -5305.32322427994
4601.553127839565 -9774.573795220314
-6594.2544610032655 -8626.354475646292
305.5972373739987 6692.788755525911
-8202.84852371349 4861.316669098225
8931.289145677143 -9620.499495961662
43.99502912143362 7650.917219982766
549.3143236101168 4021.97850749009
7782.798105464553 9240.139578475231
-6506.716637294758 4605.705758767988
1651.131411180777 7352.981334782708
-5677.709343587336 7335.877858295655
813.080704531636 7055.592542694772
-4703.842592649352 910.5595707141838
-6327.981603776534 4041.1448637370067
2303.423948165666 -634.4836531442361
-1904.4919033217102 7753.280799040502
-7392.070277895257 466.9159950458252
-8284.54468707167 -4962.765330275616
8830.616292805476 -9039.87103482071
-6270.104678276775 -4347.763511545091
3258.9513265902333 -5060.115882390332
5121.088531803509 -2751.64676486551
-5122.829455762974 3189.073797710589
-9682.118748630857 -694.5553950949779
-9563.7016508057 8540.524578230405
-9931.436655184207 3051.4498857701383
-9566.29256694004 5148.093033978081
-7346.256699876534 -2478.2577087281425
-8952.257792670072 8010.459905098247
-1442.9658555997175 -9309.167581648911
3873.7232958380027 -6826.950170420556
-7675.364691274275 -997.7795263549833
6733.427927636156 8740.51373816613
4583.162145188817 8641.739965114975
-9119.08179958285 2164.2553856203886
7048.375645498792 -2455.746675869057
2603.3807411209327 -9773.489514738161
-6154.275696139735 -1606.8906716006295
-9483.588191671364 4724.519168669656
3576.9096653147444 9766.279924696235
3778.967719267037 -934.6416135474574
8304.958657137573 5102.65308550316
1003.9828672583571 -1185.9539709212168
-2006.4316438138594 7306.4607909339065
4816.438907441458 2694.5387386818984
1924.771074439146 -9422.622028579077
-7188.5549447412195 9625.300473742223
-7767.746875373665 448.33914170364915
-7909.323341220303 2078.1294716237153
8925.928198174694 8032.667353178167
1606.296708812677 -3619.0278670523912
-9353.33070515229 -4873.372363616979
4217.270323316383 -3457.5110439838627
-9121.638878841795 3083.054962256543
8663.757007413125 -241.8449222004292
5457.7324614885565 -9733.754451702589
591.05080698649 -1035.2802582415734
-6039.294084767288 -9582.190920523026
1305.3242096181948 -9358.12124684289
4907.273698204543 7407.737675890166
-6880.79918583588 4517.040938255015
-7284.793396339155 614.4607463291213
-9054.02478123273 5911.106311811876
2946.168804896841 9572.18967839954
1227.0739472585592 1170.1974279507285
1626.1020720157867 -3456.6064420126286
-8671.869102553483 1960.330217231889
-5714.9813610059 -8681.227521291741
-4785.1595858144465 -4840.978040445174
849.6271294866456 3816.624290665044
4520.517286738139 1659.8873080973299
3635.4975179216435 6948.041596003361
-1956.9079298013012 9613.284719397125
7423.745788065771 4733.896537906974
7260.040145795181 -4541.879043221175
2970.5082120692714 8804.107808646379
625.5226077479001 -443.0522314816917
8285.751888915234 -9820.785030655585
-4785.191816817098 2328.5120679499596
-4368.746786177992 -7371.185602376991
-9293.183038045683 -8521.042993213225
-3574.1503700496687 8920.944621686609
7746.41628605243 1264.9078905889892
-8890.639049023186 -8078.960989899828
403.8682785661549 678.6877105395797
-3495.1498329813594 -1231.4029759798777
749.6278438779937 9027.970240549846
-667.8190485536616 8254.248985960203
2488.4509985550667 4589.17526195856
-8735.897643857867 9039.434570736023
147.5709000905117 4845.96987178324
-1720.6179917872632 9505.431614107201
-9510.526974422472 -4718.745283728565
5055.7847194925 8788.011218865715
-6379.421861369454 7773.050828562144
-6241.028625253784 -7051.472285619547
2692.935977495743 -648.2664765800746
5821.684898205918 251.77749587844482
3146.7954225313406 -2591.908334195954
-4829.137367648044 -4834.506262839817
-4882.279025247196 -1601.2793967501111
-8151.409454536496 1965.879666638597
5932.6800998699055 -6322.713375213764
-3913.879756561918 -4271.888909254136
-6454.666711866532 8287.240114179036
-5371.586398393027 -8999.7343026202
-3688.480394350302 -3616.4276897580394
-6530.000061493497 6603.677276323848
-318.27565821351163 408.2550515481689
-5848.820197668838 -1227.762448851232
6188.091127918024 -9773.973914622402
4376.914589986953 4237.697987639358
-8470.67843718075 -6865.780968166484
7959.003424571994 -112.43531225003426
6607.590631507555 5992.359197601259
3945.447849959939 6266.701791179405
3047.3853183987485 6674.291978750523
289.1706274696735 -1536.7125752035336
-1973.0484393297565 -6372.370191578291
-6478.456732261995 -185.68572363649764
-6821.175823272328 -467.66386972422333
2634.463164942965 1385.3347186528317
1866.6840471904034 7882.305943853746
-7262.010474776796 -6676.297288275757
-678.4142043212942 9770.81929093226
2048.840611848018 -7045.918405391742
-9078.645799812788 -7757.208233128381
-5621.667960792341 8879.525265354008
-4677.241003207455 9283.754414351653
-1473.3896529398335 -9629.029065922494
1206.8332611121277 -8152.442529952168
5853.3326116163935 -3027.4927005059826
-926.4999929140286 4281.793350750575
-2216.792839257613 4519.325295202645
-7177.561862697621 -8908.015151185615
6118.102757499277 659.7703038800919
-217.08351077541374 192.60905974083107
-9234.287525803013 -4507.5275684281405
-7593.911819787111 -3374.9408322709405
-8141.964478984832 1074.034338593574
9.032922330954534 -5820.320794272567
-3778.769877818986 -2677.6896655600394
-5239.391188603926 -8558.966463713065
-8228.338739796502 1234.8268526008032
-7475.041712004291 3482.6106517208773
7651.254497534766 -8638.56349375187
6229.2968785739085 -9230.811788978952
-7221.447342178842 -9885.1837844678
-2901.614564784676 2782.115831666413
-9019.857803448938 -7228.031666091155
-2601.116439721909 -4535.190598695324
6980.404290028389 -6085.603280591789
7262.545015974996 8792.77440764079
4265.829372433969 -425.8247536600484
-2291.987467376657 3604.5149129823603
-6796.590821019144 6497.651285478649
2156.7402359564785 -4713.294055831254
-4219.097790015665 -1291.947346042305
9539.360425004583 5989.051654276967
-8049.940997783862 -4057.1833042682974
3514.5860571474313 6751.270167697578
1792.1575134544346 8560.959695717233
4373.526666014523 -3743.3149634690735
-2411.50290958565 9160.375051041781
2878.0774577043467 3883.9311233065437
-9633.225619234303 2414.4446819342647
8582.813636896375 -8689.685318039521
-3392.4605874729896 1531.8976166169014
9115.615899275286 -872.5989483686881
2533.223078184228 2263.387262022139
-8556.974425067288 2761.429765458577
5765.499981422843 3522.7637136335834
-8677.888396411317 5448.192400464857
7125.032833706118 -2539.418943633589
-7058.5885345780825 5094.039147683288
8960.934537940146 1221.8851390566615
-2820.704592125514 6561.70646000194
-9364.45339960181 7639.875797693247
-6041.127234948968 -8748.302177893971
-3346.561202517224 -7238.445548804773
-8145.64354018066 1806.9749662480754
8411.790021375855 -5628.9855069290425
-3595.4353774164383 -8649.252005055705
-3337.383839869334 7570.546857934096
7515.037882494329 3874.1889730129824
8515.572067839257 -9000.71907338921
5881.015761007766 -4777.08445684879
-9826.65315293479 413.59747245902145
-1460.6881146365176 -7411.863745607439
4579.95128737193 5123.0898847624085
-5542.108634272771 4490.367205376275
-8224.52231438285 -2829.6167736197276
2497.7591502424802 -7049.3323199204515
-1010.8141210188242 -6837.360552416347
6132.519821602522 4876.371188220608
-2633.934153158195 -5692.871030101414
-8013.221114300984 -9354.674700699017
2710.2945285386595 -8527.246295433406
-7444.683862912374 -5545.327049799634
8742.290840546095 -1006.0336961399425
7390.754229752649 3207.253916827127
3104.3570989481013 -6546.961632356775
-8401.777846788136 8540.721544172684
8713.169710799932 1821.1716768897568
5651.29715919137 -9938.481682974445
-3954.3275770562423 7108.480769196718
6344.2872859426625 6927.862601974521
5558.193462146732 -932.5988834202853
5121.698926467261 9632.955817020473
3676.9054220904436 -7486.393266076452
7076.518095318592 -5828.371575354414
-9338.987344000156 6473.058707745517
-8415.290562569586 -3269.3135460573885
4128.343631109417 3633.3337099878827
3844.122069015708 8625.250947740504
-1853.7012988984761 -8528.088730656009
-4488.2258759391225 -1589.5944300534866
4529.3916258105455 3953.633989418013
2184.2654200747384 929.5150810911382
347.90117793908576 -4165.917084200905
-4358.151403786057 -8482.414280659423
-6359.574033047459 -9624.85960035952
-422.52330604848066 7660.090858511299
-2063.5691497613443 5673.551640083306
8957.918881480498 -9885.289573667485
-4566.864865001894 4822.814405577779
5214.817027699461 -9164.548384996562
8534.391832675057 -9226.728975522823
-7860.647843462279 -4004.3304510438875
9947.474965701225 -1975.1974032940734
-9345.058743145773 -1011.4784556571576
2646.985564372433 181.04651792330878
4568.203543917638 -9509.568225863679
-7246.6453262380965 -5086.387027608037
3949.179504514541 -9494.837314180482
736.7155707638467 6029.284766537452
7967.600450301794 -9236.868102926092
9345.189189891993 -3897.275964102613
4812.758828829326 4932.637391444274
-9730.085081673642 -7468.250540493471
2750.3340435830432 -1193.3132292210248
5797.435133701607 -5108.23786631887
3420.293818327047 -7038.838164171139
6563.324301678538 -7889.557972075341
6155.780387884 -3662.9288285646735
2009.2385481575038 -5746.63235001972
-9596.329967365846 781.6855769653957
6258.838942266651 -4394.267834864922
2253.2756183667498 3790.3768531564583
-1133.6803843615598 -6745.124490475827
-9369.556633434302 9523.011090987191
7254.5631159740915 8522.869470139318
-1109.926513523791 6625.779630315887
-4351.781839997908 -2632.0647822799947
-1659.1161455050515 -4528.612157898653
-6079.720985013761 -9732.005820904245
-8337.995259931444 -2862.460599859686
-990.9741002534101 -7880.805151915684
-3778.214050096207 1775.702410367514
-8574.52930160379 -1673.2245447517726
-15.030499712251185 4979.15898682962
9859.728809646473 4535.1746532933375
5995.171561846613 -2658.6143215435686
-1991.9804773614924 4338.802503875901
5345.384334815713 -5397.174323189078
-519.7128049262083 1834.455454684612
3100.0110124732164 3616.1691798870816
9011.699438272248 -5979.149722917531
6807.705503604455 -7182.739120644188
-8810.421822511285 1820.3082316409254
-6954.913441784176 -5029.188539135461
-8479.40624039268 7892.1505484455265
-6142.834873111513 -5332.896876727453
8901.320893741358 -5573.11783192646
-7988.878000342062 3377.9180645554115
-6581.435673107377 4754.788185193303
1655.8281915291336 836.9499729139425
-1105.8853789011664 -1127.9094585539915
-719.6914638802482 3091.985973700941
-4298.107865637666 -5117.65241352337
-1209.8876391044869 4783.182733108164
-3876.2834618614297 5870.304111963338
-5928.656315544631 -3966.210883141068
1873.2166185690294 -5130.060006748924
2587.8831236937476 -7203.302410897725
-8594.323928611582 -642.0120298992879
-5641.884644752542 3582.2389034184325
3244.9002798918136 1098.7296347913561
2083.255667124755 5199.672564555365
796.457157214556 -2814.5988141486787
250.1537173475008 -4523.1616701707435
3979.940318218667 3768.086288109065
-6292.772218300526 -8120.5076954566375
3501.1726704067496 -4772.5147659104805
9512.974450285317 -8466.144275425133
-5301.443213088244 8448.495179306097
-217.7342046396061 362.9539571362857
-363.9440585374068 4367.069033090707
-2193.559365143933 -3120.6524478216343
8478.576114834344 -2891.664141107666
4898.971569528479 -366.115941874541
4173.790186753235 -5196.4862606164415
1219.265838327059 -3597.8524479149846
-1922.2591583475032 5567.67006980827
-9747.045210101443 7897.285669147943
-1600.172818928413 7139.916046267659
3677.7860916074733 -870.0431518825371
-1793.9321565426872 -667.848716737526
-8979.96394859512 -2506.8532831330303
5207.817039826703 -5297.989734492457
-3192.8759401186535 8231.64887707997
1676.380380491275 -5239.808698235466
6847.90303302895 -4836.970769509528
-437.72596711389633 6541.877657734953
4822.871166895939 -2651.074290641155
3261.137883152116 -2483.502054432043
542.3471990222442 872.5684881355464
-9543.397765519374 5579.596585547826
-7968.589472628911 -1039.5608369394922
-9916.310148860885 -4734.8791389686485
5026.2088356456625 -6606.996293528107
-4305.391237605776 1335.9614753589303
-4482.990423034561 -4518.485970407577
2372.081507205503 6555.118126007856
3649.1466841273486 -4155.131758929191
-4176.369353972489 1709.3837473918684
-9406.194596723226 8802.58666321676
-6596.4718073496115 -7148.018564170744
-6073.63361355997 -593.0380250259932
-1452.608099313491 -6749.884634135644
1600.8046637666357 8969.49282521493
2467.6931495595672 5667.9312038901735
9784.42981605247 8393.733415874038
9946.729513672442 4384.90474148943
-4381.9701142285085 7708.722952576016
-323.11417405973407 5744.219509410434
2392.2647581065066 -5095.80686366065
-6163.700891928787 -8954.77898102546
1681.9312032700436 7500.777400742809
6451.311921492172 -3761.4428562358216
4655.510869254214 -3754.513475489509
5585.3964566209215 9152.168253566477
3078.1898121393224 1904.7372971309942
507.49424731065665 -3129.207593847421
9452.314676084152 -6665.749391055578
-8268.986788851678 3411.2107571725574
-4709.957519629704 7837.18579012941
-822.004531747034 -9020.032712259708
-3311.2894145475184 -6721.123780489093
-8288.745771732512 6869.841101884009
7180.245199337089 -4491.402732552092
-109.43834774825154 2445.8773539280282
9251.700516636305 4345.805165401078
3047.2418603772603 -9308.688385602902
7984.804269509208 6720.323219044567
1634.817546294964 4428.256344521362
2938.16927763666 -3487.0113904645896
-3698.370324732321 8597.553249565783
7696.604976641378 -2774.702168071479
-3755.367049608558 6876.712844549445
437.75321293167144 5813.621568281595
-8858.143513198494 5434.413256405867
3417.049909564814 3855.590650965589
3324.2909602295367 -5235.454739099799
4447.786579020301 5673.291487686849
9836.257050504973 4312.327925192225
9253.847357415656 2119.92924397137
7646.576108743582 -6000.443055904015
9998.455841044211 -6556.340151551265
9511.161647638459 -8224.438022019305
-7656.9371194943315 4974.318162137721
2850.915710493078 6965.001415666611
1066.2832175843323 5335.797614493631
-502.89238289637615 5453.137596718705
2573.564508893036 -1531.123312957574
-9730.30920005851 4643.775815153416
1554.0653455828851 -2043.692664533185
-4907.714626996977 -6355.422948315903
8591.985540705897 -5025.975513491397
6710.850712597712 7278.992676212878
-4284.609372338337 -350.6465369386042
4071.345394475811 1293.5853516832321
-2333.668927060211 9689.137819575288
24.945762956116596 -9475.944850600776
-1898.1348428991796 -152.27480217184348
7267.695133124813 1802.7958356665604
1986.3497035842465 -8863.200398607147
-3715.2859946508343 -964.6424145441106
-1888.8359227735682 9636.05655563738
-442.5970630729644 -857.2908494937255
-1021.1997369100627 1345.772673827245
7405.337574729823 -5539.262062200237
9214.04259180784 -8270.66890032139
2572.8407671635705 9707.94093500204
-1784.2651349799416 6425.815271249976
-6966.49793969969 9776.807921341599
-2061.5778578914696 3069.794388041664
5474.188022667353 -1626.0861297342017
-7506.0764854626095 3237.4726466577667
-4466.623951867792 6928.284555105922
-7311.312989727181 -1754.6012484557887
-4893.079649690772 8207.11284381874
-4336.4505378138965 -7140.042261877254
-8102.358843549433 -277.54933507846
-2521.6923902497992 6932.90866725567
1873.411865496997 8282.026519587635
-5215.706461925971 -3439.741732015833
-8588.304190796862 8931.86246021631
653.918420870621 3568.7864249995546
-7353.228169612791 9057.909111306442
9186.93918711186 -5033.414312020108
-7100.841845795818 1558.4396588027266
-6311.021097786942 -7549.012306611507
7055.04346852627 -231.52403424438307
-5981.383112550191 -3850.701554654501
376.7912224623633 -8787.945365439715
125.1368422188898 -3525.2104861053076
-1536.1106091122165 7277.667796426245
-9150.181370313056 3312.416324183716
946.9791622492558 1556.7484623089167
-260.5776673192777 2705.778094335945
5985.888480802036 854.6006013086171
-7078.69453966955 -2201.1409178099166
-6244.124292632989 -222.30027748895736
-1984.6017639424836 2993.11758917535
8844.56647757033 -7679.166129781869
-2390.970918674726 -1887.4689455792068
3845.3517760207706 -7977.929785193775
-4003.610483206159 -7173.771420880604
-578.7069961244033 6023.07635053225
3685.1995988397102 660.3734702944548
-273.1323189088889 -2233.1481961117624
598.9168615591861 -3362.0015195060796
-3686.8397267638666 -1915.5453248174363
-4046.3809279770803 -7082.486542917277
-1494.6065790549783 5066.841973995615
464.4624720148913 -7242.348446198803
3729.9739874397546 9387.474999623228
4837.4092296295785 -5281.362712465602
7381.502084545889 -6364.131111741575
-2572.3102702657407 -3783.5973209113117
8558.484028169041 1741.796246097345
-6502.746249714246 8378.703880877714
-4640.235838662287 -2285.6051297231943
8679.241785662798 2609.0158620101993
-8578.028405325007 -8310.05653720516
-9941.713098441722 3346.13222432152
-6008.436233649481 5676.622531441142
-298.75162666359574 1214.4001318717892
-6936.674988930221 1404.0871977923289
7523.746102381072 6091.5848337761145
-9019.535578009423 -1669.7733500834966
-6946.3408072781485 -9421.639929747093
2379.729348757748 -8872.990800270041
-1046.4796469876965 -9064.529658909973
5478.249132252673 -7138.162038047822
3089.534505001913 -5238.366219493258
-2562.9150487599263 2610.386752614926
485.7140342267867 -7482.708650162959
-1100.2419305186668 4381.404206613168
-8322.583499424074 3456.3330035328054
-4207.702260806063 8003.511635369992
-220.64659944242158 5609.966458402585
84.65084459239733 2018.5532434898796
5008.902096820089 4173.924299601855
-4548.453898739546 3645.5782486908593
-7543.63802518637 2982.242608625791
8634.21921407925 1524.08373349455
-3430.449884390112 -292.14040587311865
-7207.334986731919 -6785.342653134463
-5879.070960556325 7012.333662292145
5251.369595122898 1329.7071592193352
6351.240963951517 9073.997540357625
8779.763665219765 9686.486787875721
534.3913224971184 -4244.09878527864
2911.9076496295274 -5980.835262186341
-8615.882255588842 -4868.070787701224
-201.79214896093617 -9443.799045160242
-6476.23794246996 9171.50594815323
-2304.753456311115 -9836.14880150561
7666.230643979328 7090.3366168191205
-5561.917642677768 5776.123258571446
-4797.972633804464 6206.657604116659
3102.6629476384787 -3523.9392179921915
8569.013379047494 -8900.488007621883
2554.273397776571 2862.7509739064044
-1921.669119166967 8447.582489753033
-3308.7732954363028 -4767.012416831487
9796.713694145794 7134.15878374493
7931.2781339533685 -1373.9486938593
3636.181605968579 -8964.161167546625
-7148.469234383792 -3075.3985947528827
-4022.095543055084 -4630.400273060946
880.8832661067372 -8025.800122615621
6957.798634471772 6554.90083493133
557.3432966672481 3078.5281180880484
8967.198688275439 254.51963929007252
-7899.175943876606 -2753.119023790591
9972.730250478773 -7410.158701943359
9915.30870368977 1215.0543476247458
2935.2964107721946 5483.367901810834
-5877.439747074991 2530.2800153366497
-9091.142094416864 -1336.7679755565787
-3657.1735150681925 -1114.615256384437
-3674.514984230721 -1928.4608609267307
1676.2825174624177 2406.8876897529753
2523.924239531694 -6749.608874940202
-3797.7797968513214 8746.276868674038
-4245.279414981637 4736.468855698491
7301.285072645223 -406.7550611013867
-3304.2997487127914 -3422.8983427403327
-7280.658867824366 1624.1788261730235
-8062.585301923406 8787.755233081396
-6470.178099383627 -5081.2462812544745
-2051.0803841759425 9902.925799119956
-3985.2890265068527 9521.989752713165
-7289.951649516106 729.4454845891505
7972.5743150998205 -9901.32610427825
-6502.889697308436 -3006.762054597163
6075.345961892252 5521.578872559587
3234.746901307455 777.6002080279559
-7366.142784991125 -7245.561728151704
-7622.564154508078 -1516.8941525905466
-7504.626240562093 -7464.824657878095
8459.928287441697 -3503.729591672828
3784.684247451105 -1865.5961821306555
-8743.313001868211 4836.140946870477
9813.578751315279 -2141.2367592230667
-2083.838745537856 3755.004652548736
3721.819037305784 6988.169484614602
9486.536276006129 -1398.5540169412507
-7724.005555674163 -4519.396676159296
-2074.648943172122 4211.013430578732
-9259.059390874765 4047.583288734564
986.1867302418068 1671.7802782112303
-3148.3319982062485 3098.00591021119
1301.3817776387896 -2480.8767662181717
-1347.958037102675 6567.562635548151
-4469.462265039261 8246.075101782328
8329.72649349719 5795.4802457786445
9620.337340102331 -8527.370903452775
2165.1921645947114 -2620.1448054964803
7021.994218306914 9199.415197279031
5325.865573048188 3337.388440415276
8138.428423764959 -1721.810413099076
9474.78344624546 1912.8635449334106
-8675.958031814522 -1436.3800847188104
-8973.612669884908 3028.223210165037
-1564.2492150699145 -9832.126859875456
8370.389951160338 -6369.339837452213
1234.716784562719 -2178.4577284283887
-2502.08973491453 5093.638565526542
-1136.0060013209368 -7448.508176059899
-2797.635761588599 -2655.6835886200324
-8821.90825159717 -1281.785841427154
-2609.1181411462894 -7464.640617027545
7876.237297787913 -2087.6588850442504
-2969.7076292557313 4848.669876454795
9191.903971591015 -9708.034881276344
1865.0108738783947 2413.08961286679
