6372
5945.062182595129 3349.622262810013
-8801.208705586083 4928.958956397853
8931.898439312088 -3641.5378306707426
-1930.7390251752167 -8582.639685093283
3448.2399296383373 -8431.413145661701
-3142.6247476702374 -5643.4352748499505
5849.701759714961 -4459.938615717878
-4115.515359929058 -4153.710594483646
7461.79697696451 -1989.3599408799064
-6146.6769656989145 -2851.5801152880194
7991.547607027376 -7411.656349527379
-5688.087005439049 3742.497057718905
-2834.9469169026715 -383.3234394545616
-9792.254311073615 963.5842157101688
-1616.8767819686636 7196.982007740124
-2783.074328382302 -5072.299686540809
3753.509783619551 -9174.907163846872
-5838.114006721711 4485.180358408017
-1450.3507440487701 -5302.921419010749
-8414.832633556263 9102.477946404953
-5037.739907248509 -1538.4354219452161
-4574.312850335931 4858.077405647187
9951.525660460142 -7956.260872274878
1747.800233653692 -3851.663575222333
-9925.9815040984 -1861.1724694164013
-9397.611941426125 -5765.7521555667145
7349.903993499764 -2929.5287247178403
2353.0963767180892 5420.254528942805
4552.396029462308 1932.0972423372896
-1820.2329975159046 -8558.590628907656
-4257.1823290491875 3277.0306572864956
7974.993791355002 -7454.665124760396
8441.042338397918 -7904.251298847323
-6521.33540961423 -209.4147668510068
7512.494392139561 -2583.6607666022646
2249.2365172027457 7243.177260990884
7669.2841272576625 586.8786831944453
-1050.596225608093 7038.204308607605
1424.4760477412456 -7853.900147141586
-5572.266166295852 -9316.387338002614
2404.8796599865345 -838.6203176890631
-9793.263850834057 8518.369658404034
-9880.833307224397 -8989.267312998567
-3758.249537149487 -4102.588245623997
1594.5224494573322 9808.147207758208
3193.9378589547923 -539.0836843255365
7736.443252986988 8019.26250862702
-3035.4345540635522 9755.59770233792
-2167.292019356366 -9712.953514775381
-7133.314931973185 7510.883918365147
-5686.06013445057 9084.772459621516
-435.7861078521637 32.986769520877715
-8300.399964375778 -5463.7317531274075
-1212.6779625030504 1465.0334424913399
-1400.3527720883394 7591.060586298481
5836.947030959946 -3928.4148456329194
-291.4875985103736 -7285.313020657191
-1979.8370597898438 -2758.9730629532205
5919.436812641188 -8647.884173084309
3412.025511226002 -3440.539310222266
5003.636121842017 644.8604051457987
-9281.561480485463 7094.900858976474
2740.14670272249 3230.0409391634894
-7481.52294240347 2940.7197446866867
-5051.363433379037 -6577.714198439626
8793.519633886932 3102.452058225719
-5431.155283378748 2677.0490358560073
-4595.556589072278 1972.2146733067366
-5253.257118645906 2956.5404585697615
3057.0426513222374 -9079.829561454711
-1171.0981477206115 467.15749133040845
-3700.260830342734 5942.600675796924
-8767.040396005168 4209.934247918618
9226.5575595784 -5158.669957503365
-646.5039593103866 3883.202161495412
4812.246713747902 4069.3747176733705
5979.017497016563 -100.70510070067394
-1814.6704323588601 162.87780174349245
-5862.82985149412 -5375.198508512906
648.7786198621434 3589.514924677129
1851.6985983318664 -1573.4855972144542
886.9128293262147 3878.7354263640646
-7013.922815651273 6702.890026606157
2551.021765590498 4059.3520573403493
-7834.847312282245 4803.478474625896
3295.1269153716894 9715.141902352749
6707.526366460665 -3413.5474603776265
9337.20004482627 -6620.708667047373
6567.833466793021 9337.00884662032
-8249.941311748516 8523.662352846906
-5520.536844617852 2867.077843085597
5940.071829260169 -940.9851419357346
-7195.320751179144 3839.4356968319935
-5849.287989575953 -9952.510906880163
1040.507787151073 -2293.0402255612717
-7668.109097550755 -6761.214825597459
-1504.839057046831 130.43519726376326
7344.9364339093045 -2923.342494368373
341.17244668602143 -2664.02797783579
-1773.0442068816064 -5017.519371627434
2067.828238665894 -9404.253036945462
6117.253874640655 -1992.1957956932365
7296.8859381929215 3863.4411515156444
-8547.629577303884 -1642.0185721089329
6991.969771455944 -4431.594366233396
-5834.78960382837 -1175.911822820759
4283.451803708291 -4329.7631015261295
-7122.353790850757 -179.4645424030732
-1552.9783971838388 7298.10241440059
2454.880897869096 510.90639988756993
-5984.439150996763 8646.815862396408
-4206.237567357866 3414.7279315932683
6570.342924802764 5274.311849790231
5346.14653060365 -7076.974943804786
-4551.014630934101 -4457.16605929064
-7367.681567647811 7310.67844133528
5423.985424596252 2668.7977228628115
9878.374274196809 1118.7484702873899
4347.0821418626165 -4306.044559528002
-3084.6048149747585 190.09260706238456
1821.0849051249988 8663.134095475478
-1392.8801592598775 5176.758360913789
5152.225373119401 -7608.511335710531
-6673.241208478645 997.7905492844657
-6847.509578718371 -3573.143276582269
-8617.51651294255 -488.7585011853098
5802.795021696262 160.46264337041066
-6204.976131030522 574.3422199413708
-1645.7281042348277 -8488.12375506958
-3540.2599505628295 2700.9340561632725
-7863.648923972477 9211.781818750656
2479.4044573982283 8685.42778643188
-8843.286125513094 428.7771660165836
6332.869356638428 -6152.293161062355
3519.6095254459306 -665.9259114621182
-2451.3195777606934 -5036.4479349498815
9755.43117016647 4170.624356139719
-1318.3888344811567 -3519.683438288399
-3654.147167962201 490.86380679196554
2644.0002560482553 -2722.2594152429356
2045.2311903914742 6449.905696944785
7822.6730104619855 -3981.050707071452
7040.396458299932 2388.689771255864
5916.146025664877 -3953.1651960688996
-9442.659331637758 -8585.766657344451
-2944.290998524084 1816.176908810874
-8785.261853230553 281.79695433117195
9527.887775657357 -1987.9813196148107
6240.629788233471 -9393.568510274397
7294.705263710115 9789.959091468507
610.0092717230473 9279.025441780232
-2487.9499949714655 -2015.8021574150853
5227.455744611256 3934.6332634081737
2375.3851358788634 6664.305599882846
4470.3661349878 4418.520416165755
-5124.083515052879 -7918.14195107464
7724.747254223108 4418.011191555044
-3570.7330108821943 1833.235372643383
6986.927859972904 8775.891566893035
-4157.40500859904 975.0255241055092
3170.9623411206503 1473.7678966232215
-6285.000742344105 -2136.351467782398
-2547.094538512909 -3128.5585574710376
4119.977310243532 6650.957200562727
-9200.463407904095 2511.01371137382
-3702.4098053666485 -4347.2615380999805
-5229.470509490821 5642.095746622899
-6912.097471525935 -8782.815502912737
9749.453160589492 -2402.849750350384
-33.828601425746456 -4744.42730879205
-7049.58408590679 -9756.349526656393
-1205.8334311853487 -8742.465658757481
-2136.444856961177 -3037.606358738498
3780.9041301825 -1601.537242675964
-756.0153668785133 6948.972311424433
3649.9894086918757 6256.755389047879
3315.2287747239134 -3891.949051059367
3639.664931772355 3693.7513313183645
1549.5594202392767 -9592.236512559379
-6284.428533207851 4609.371807445286
-1795.921483906237 8284.188691792926
5255.130446849962 -9428.361286098867
6732.777538764327 -2466.465817566579
-2533.634947575354 -4271.609960191074
8261.224413781882 9102.304758038528
-3067.1117335977024 -7055.322265503259
-3498.0712648032622 -4716.613608663997
-1069.3200071026895 1769.4852413560166
-2195.1594278802713 3048.6400982755094
7541.197722723475 8620.556923216103
-7521.14887893577 -5403.746895726158
3089.2554436157898 7486.291463613496
-5913.436221747879 6663.746697456816
63.026414253548865 -4521.197073330978
7106.009448181179 -2244.794231097142
-3572.5819608078345 -8267.582344561328
169.39722613948652 8153.9415112971765
-3879.0137667518557 -9572.980197980796
2030.3786736965667 -8560.53934917538
-9469.547719202814 9125.8217553873
-9522.267726925062 8200.271060937695
-8134.203681118204 -7847.70220064846
604.7608522065457 2731.7061409501657
1612.8103215886404 -4608.842060618672
8160.115409175185 -8269.390631960938
-9381.106123617315 -6316.586411909082
6147.157804271979 346.3781995846566
3871.7845122521994 -5104.267274263104
8405.382330392018 5420.516457328456
2659.824904161618 -4220.557830421539
2598.8244693728175 8344.509115348315
-443.7332607565313 -6105.314551460326
-3147.211767345708 688.4817478988662
7549.029064010447 -2839.586988631133
-778.3681998610991 4600.770063183312
-6358.779251011725 8001.022989975227
-2763.242739231526 6951.175536972369
-623.343750237671 2595.634668668252
5975.3571023433815 1288.3405371774606
5998.493427780806 -2603.8627533882445
7406.873524165127 4904.338708878953
328.0280464078369 -5134.696707859128
-8784.464703141704 9647.221119140882
-1045.411302560733 8296.418381930722
7863.744808758038 -5405.071938490464
-7043.62060011491 1611.0340396536085
-1647.5111409531692 -3698.379278484449
3126.028059307726 4191.604708066539
-8048.642030263717 -1949.849487761353
6553.496818781736 -6909.069655848166
3112.1649944086785 3392.04027898351
9422.92636404699 -4629.520582169815
-8153.446590734326 1229.0025324941398
-1991.1152971232586 -8145.180822612159
-1960.594594454803 9787.679706016937
111.40281648964447 249.55039061794014
-513.7532863718006 5061.949414073879
-7451.920452973167 355.27843756633956
-4115.726516029532 -4355.210352299015
-3174.5440579862525 -2979.668213057993
6573.0142739514085 344.3593752823108
-5259.257129732519 -2489.921806871078
8512.05847038213 -2423.4008375906506
8418.928037139929 9130.853075359759
-7200.321733374612 6249.326662951966
5169.1503834591185 231.66742417160276
2977.592592788962 6700.4371383732
6548.18023121417 -6882.97610770684
-3566.4929274987744 -2774.4988083797307
3147.710480522672 -9060.679903898077
1404.494914656223 6827.678135688548
1876.1059170552344 2299.475759155106
6400.662189631821 8045.5542565666765
884.1303116531344 -2930.420193378054
-3690.0243327084654 -4937.8649248372985
-1211.8917032110658 4861.5074181465225
11.512934055368532 -8229.09364435756
-527.1409037118156 -6399.3865866234655
-1984.1817741005752 -7927.477538000905
-8489.335414658173 -176.2393774061602
-4532.55523202402 -9601.666903458688
2111.4303614876426 4606.110648179063
-4213.828837577216 -5695.378046547301
9523.10366089781 -568.755052448003
-6710.210148589251 2954.0896785698314
4930.330528326649 4854.348022769405
-667.2302302264907 5398.76248456119
5153.221045894696 -8531.6530497955
5811.497461019046 801.1635180662597
-9172.981636821076 7468.0425581222225
-7671.784532742876 9078.254360676281
1247.357560829425 17.439116541820113
-1127.8237005495612 4925.2879069344945
-3305.282498913427 8660.62392406159
-5432.06319686965 -9225.607935902199
1805.5653854373395 8176.716324257461
-5142.869041713021 4965.343111754268
9436.612369545706 5564.545603816843
-5578.544155263552 253.65609382661023
-6527.512577520596 -8747.109095437769
-8778.983637722362 4753.765434970122
-8843.933111316313 8167.263223240807
-1786.413198598806 -7487.264112692121
-9225.42645030886 -6055.639527200645
-6363.263518745892 4132.589602539203
-1086.5038728543586 -8629.497105500528
8176.193501754882 9207.00011986736
2994.2609962316656 -9969.51785624163
7910.212478530251 -8189.246804820998
9440.51073670094 -1811.5530311037564
5611.123778978163 7878.0395599559815
5571.74228017504 8082.575795232311
-198.35356683713326 9028.286252420923
4201.963897852376 -9899.539802348583
904.955879298961 -8754.091373106212
3924.9445161151725 -8287.721478177962
-3106.098516460738 8793.006272948947
-4803.478655483135 5573.980268032952
-2963.8275859591313 -6168.314088154599
2578.3508309955105 7872.881138170847
-8351.372639110097 455.3553004858859
-3113.614160811904 -7226.797580818296
-1784.607648809655 8175.984428077929
-2508.7225845664543 1729.2639562500171
9790.75648152842 -5613.01185716431
-5353.209144802893 7469.177783690466
299.285358468147 -2080.965317545815
-5523.752769547419 1612.06433500618
-6838.008629221391 6528.7542247971
5125.90124498052 -7833.047075894193
4618.792586373049 -9992.03745747299
1598.0692775307798 2571.6960582117717
-8816.085601156508 7573.681079475857
8905.734905914327 -2534.623084065437
1862.2774581252306 3296.8902065939747
8444.259236473597 2047.8481214463009
71.33777035549065 6550.598849466918
854.7359210540508 -8334.802365128879
-2345.765123685892 -4194.5125335153
-9842.575762900527 6170.087603409624
-6063.47331498622 3574.020507956371
8562.624362209965 9641.076133024784
-3529.8186299032895 -2098.4099034540704
-879.769269067272 -9794.812801050797
-3075.085345870929 -8474.09102442407
-5751.855857010055 -3006.8617713341064
5528.353549670093 3673.519264119108
-7816.409105119366 1666.8123708037856
-9477.063411087052 -8565.046259324918
530.3393246450232 -9506.302590323543
5298.833964596839 -2242.277479734036
6328.682211751737 -396.8168159841971
-4821.3895827506085 -8681.018844702037
5453.977133106389 844.7635558639904
-1729.2618597935852 -112.6394197179834
653.4337224415485 8578.338478446
-9624.518331085374 3256.12622993655
-2840.2505688466254 8761.972921428802
-7381.918856406611 -5572.532543700721
7574.097021909725 -9137.367506484668
2300.567597435873 -1549.6136259430896
3589.8737353218276 -9599.446564291398
2404.950449889542 -2837.691401447062
1132.5326625542039 5348.081914852892
-6753.081890224262 5057.189524830013
-2380.2817800765743 -6861.039981567359
-9029.388046007285 -3399.440309769945
-4700.167131672939 6704.193307963327
-8108.578719652292 -1465.408700388969
3006.07939737754 7735.80067313174
9135.171577092708 -7936.064926188175
-9833.092204069524 3289.891441789847
8588.475935955903 -714.2632561574974
-8457.267106087354 7875.6762830191
4866.417972072548 -4175.115867509283
8912.658779635018 -2662.8204896323823
4820.16340950132 -2641.7952628076937
6813.887350943456 -6880.436037303405
6048.473694508661 -8441.01018001957
-6559.633756906611 -4077.8486915912126
-9056.467544614163 8965.86213593997
-5063.840363993441 -3724.6356431959903
2992.874829918601 6377.68691724189
-8427.085924435838 6238.980557561055
-8624.366850253526 -5401.147878078429
7679.706608967132 1204.2413978614477
2332.712553455958 -1293.0721980560047
-6302.523483209066 -6307.483769133822
1356.916599671842 -6512.654822848732
8359.124325810597 2078.3777456429525
8940.44990717858 9277.420014704807
1750.2957554506957 6325.104154777098
4433.6301750571965 -5815.330147139277
-4115.244858861848 105.77099306453783
-2489.949301643206 7492.062662873832
-1567.832208245014 -5906.735220658638
4799.833878935093 6035.459649689872
7365.014932784532 -1262.3042019243949
444.0363371451567 -9563.795693226577
9545.270580570519 -3490.1533491485106
-6360.345394072168 1294.428856433593
4650.375098224153 3374.456281478875
3686.1014076083575 -3203.653760084
-2658.0475473223796 -2832.7161615577825
-6389.581045168471 2661.4108328571
-4790.385622595454 -3414.941530472195
7139.910495947304 2952.9220037538653
7776.109615126825 8657.585044573902
-9392.729830892918 -4001.718730260659
2728.9773868474113 4856.416541402157
-8685.299635606498 -6487.229359021032
-452.2243543048826 -3595.3282269656083
6949.912702508471 -7006.608880027838
7824.8532805285395 -2112.2676538345295
-3161.684491952601 3546.93318682483
7831.549845251193 -5075.301500194986
-4867.905098993108 -6460.867819090625
4260.607697086554 6445.660608200571
8478.3001400475 -5200.60279604293
579.488108089352 -4970.026736495696
-3725.5366855368457 2588.267621385634
1058.1902005568627 9795.894964390154
311.66912891633183 -6867.586653024962
-9710.919359156045 5492.109981627411
-7578.586416666802 1254.6386616819655
5895.139794356319 8726.789785236011
3683.9906192247636 -525.9907908541736
9126.945405450435 -2319.9674515775296
6822.5536814773295 -3076.109422294482
-9822.382280739252 5180.651284056095
4598.395557851842 -8466.676903711303
298.8549112423316 6688.456805215512
-8660.58108551561 2139.8278965558657
1180.0914562053258 -5491.679831977923
2175.1464099467958 -1450.6094199766303
3556.7310431031783 7472.477144547738
5118.051921384091 -2967.971307288044
-8357.708752965429 1362.667563259236
4822.385800299982 -3661.0035084777646
-2266.7757903418396 9503.882795855421
-6331.924394735444 -4949.651733397102
2214.0691635079784 -4753.365634613282
5758.69423498562 -5090.770172660115
8194.505984994808 -1535.176449489485
2488.889675026923 -3228.072637352926
-2861.216621207396 6731.435896731651
4528.07778799466 -4099.642642296115
-7898.098786347642 -1505.5409363394447
4383.607249899953 1546.3389338130983
-1434.1669476113711 -9639.443193811258
6148.01118243036 2124.646703317663
-627.018251176698 -6495.791936581132
4601.362954004513 -8255.505876783289
9882.966035684407 5255.163010342036
-5468.8331632603185 6466.760780535482
-7767.25384562096 -8922.77212044664
-7051.386428049124 9376.929101843365
3458.9912165863043 9436.553376646232
1821.4441296821878 -7588.652026538895
-8754.482475558847 -2532.2547584151152
-2989.9404364851343 9847.108185060177
-6812.487803009781 8881.279884435262
284.9370541017506 3463.45812846875
718.1749594250814 -2784.130794521707
-4380.191938659079 2605.356671368336
-2777.6845373554133 7324.556431358113
8396.454662214386 3727.4032162683143
-8634.652276966082 -4106.494480290579
-3276.590624991567 -6530.944601207444
1295.0286960904687 7827.583381881803
7762.221594629842 -3090.3106702536243
3127.1996890696155 9496.998372507958
8771.382410003 8374.719254043779
-1994.3147765508274 2124.4162211002276
-7480.609171797947 -3988.3505574705905
-3969.574199029613 9002.127026698046
-215.13673989687777 3327.586712468559
2476.8095006849308 8763.995724733973
-2147.0179231537913 977.3959969085372
1983.0862157906104 -6402.918355191092
3233.996107014318 -9685.656909043904
9761.654414706685 6062.974118035885
-729.1179962689057 6562.719914851565
-4606.097909293802 -8890.958212436235
-5130.306615807835 -6055.396153241676
4397.214990691227 -9115.047004640182
-722.4798739807902 7690.56478649647
5506.642409052043 9139.98203743095
9649.39044816231 -1413.2180545014435
-2507.357722553942 -738.2353581133411
3086.8585077143325 -5441.304173693708
-1659.780603524794 5427.334935868075
-7102.580222871913 -9236.032133501736
-8256.320531003232 9872.419234787623
-9984.692517338677 -5234.807797732042
1125.1274376400725 -9054.872211672322
4840.628003022754 6575.438967128441
-236.24687607437227 -3604.6598224126283
-7804.800308195088 4717.386053605371
7126.838424709171 4261.226356875835
2659.8633299943813 -1090.5650300461275
6122.337815355895 -250.47848109895676
-2750.5535513303457 -2410.12513476176
3746.7903851868887 666.3063158289278
9197.956794492085 4212.812271063209
8481.218281423455 -3759.77997644702
-3431.998882424443 97.23006742222424
-8208.414550406458 4590.176400551727
2464.8214926745295 -6416.785719612044
-1780.7169446504995 2624.8162942860945
5826.751581400629 -4652.972812302672
8801.028791150697 -1178.9167854697243
5080.299041762215 -2050.6305506779254
5936.462171061794 4114.467197824411
9389.472592880942 -5961.174062990271
-5674.373166880673 9043.616409456361
-2204.6296024912235 2105.154941503304
2227.4445626059332 -3672.82718237315
5233.457553062046 1274.720043704414
44.17680300657412 7210.845544541535
6232.366403888871 7363.042221427888
9115.794458816683 -2792.1128093594707
-7960.5420223050905 -8752.915527804318
-7387.933325659268 2266.3068927626355
-5015.208230089188 7592.553129028282
2539.0933017824973 9931.290238938807
5086.553324434122 7069.147439605105
2130.914744009593 -8268.52745666191
8217.398296686351 8409.350314477684
-8724.26948611319 2802.8553689587425
-7407.420111333673 8014.006373512148
-5869.828984894334 -7325.681570990828
907.1241789096202 4280.5883661768585
2703.9721751565867 -2826.169105718721
9140.738311582776 -8572.281944672346
7951.306504029486 -4425.372945307422
9865.527306262222 -6687.851834917476
-9216.070107379526 -614.2360567840715
7833.010941521381 1582.0861157489217
9425.216367084904 9601.637234741786
-1316.6597332558576 -5516.61786056268
6653.051323814834 -2239.813055715769
-2188.9924508891027 2732.7700173304747
-9266.539865903109 -7180.322937581626
-4262.233218191218 -2905.004513742011
-2774.2335919427187 -9350.900327799445
-1215.1298097922663 -1351.6590741965647
-4656.036098795546 5837.3976342171445
9403.148616406335 -2804.316863973584
2187.9058502428998 -3438.1349897065184
9210.858250355435 5875.911734421501
-9088.186418187857 -7583.762356829791
9605.626717127347 753.1566166484408
4776.5195032833835 2384.143812374172
9758.241037490294 -6991.0373803471575
-1964.2432337163318 -4446.261699075211
9862.420108120943 -1664.8237282116752
-3264.2770341383657 -9295.499121925115
8706.122383890193 3222.9889454610966
7761.046312674669 2557.340639870841
8946.351513386086 1066.2210524929087
2839.191547960214 -7735.703751206862
910.819706706905 2344.5978118780295
5719.244560192687 -2375.716984014427
-3683.7601921567375 -7374.582851333873
-4630.069036082591 -5453.503628537964
-3015.5733925610393 -280.32544831865744
5795.615774251688 5443.229224543173
-9546.21396938932 -2948.6487281913496
-6052.049985054557 2519.0257447816493
4325.182800789835 -5853.750803829509
1214.7324203317658 -5666.751821399296
4247.583344693712 7119.392686803916
-8903.54536291341 -7451.717580738981
6640.273449722754 2137.6837668191947
5934.917660104944 -7564.224884626363
-3435.136479591485 3057.153529455658
8937.196474157114 5498.446757390793
-6398.313385459904 -9218.194205562482
4242.153690351215 -4524.826656738956
-5848.380285519967 -3636.295794010829
-2594.4056914264465 -9967.794515808428
-2724.2492562129473 2461.6165222143954
-8565.926897280664 9603.525153529372
-6998.28053676007 -1501.8228634882598
9376.256890251294 -7871.482396762702
-3033.0174460646895 3703.194276890301
-6515.331005667409 -2154.721789016169
-6664.36232191342 -796.6218281581314
-6910.46899010042 -8166.957430728891
-883.137095690392 -4583.577790511004
-1419.6618239265626 3657.367553974449
7329.432949364247 4230.034624365986
7269.699631612595 -6743.13361777876
3898.168481015553 6794.159846776769
-1582.1102187198503 -9879.556160597456
3734.5956057190706 7227.300285413559
9325.456464278202 -1160.8630959738693
-4854.509543611755 135.49108214518856
2155.142115351264 -1723.17218593691
-1470.6119961316363 -4434.850798970096
-7976.72104451667 3889.243019994994
-4737.446516406272 -1141.3332940187684
-9095.272020949644 -6869.180587185504
5742.302068573759 -5145.724848629418
9024.328620634988 -7575.838685923181
-8253.027697621084 -4030.6305151391134
5661.746356179818 -9173.013915728703
7588.265733625602 1929.1284565849874
-5324.4991600124795 316.5907236609073
6973.058570543908 5249.928383291977
6555.867436382621 5522.052933058385
8058.213617874371 1059.7107797033987
8445.25020507444 -3230.493855149063
7873.314750097594 2435.101443680376
6318.532589031094 -533.9775914338716
-897.3435816628753 3157.7579102673317
-605.1836215438925 132.74981470788953
-2840.767419946439 8640.0603257447
5855.864156577105 4808.148066395983
-6450.135496573619 -7257.072228049635
-8924.52538886936 9077.291888438664
-7277.9773169739765 -6693.806810166965
4817.912825242765 -9356.614784947293
3899.30003931781 -7565.372636800381
-7757.561585283334 -4857.21991889295
6853.901331244713 -1069.641819691271
5054.869809389882 -6185.053300636856
-8869.083738251973 -264.9048709130293
3776.035403511498 7674.00606655352
1930.5586839741609 -5156.794167413512
9850.865497971085 -3011.4144099036585
-7329.04996937985 -4130.625887472066
-2799.214855362109 7161.913122460508
4195.435863060933 -7697.798085072209
6825.980458296479 2514.2331802766057
3654.835965463233 -8552.211640256251
5193.00167051061 8004.767796866468
2286.427579001953 -1835.030524388304
7397.0962569714975 -4409.385197277648
-9372.1372143064 -1283.4416248405396
9467.546362592151 -3294.8738054585647
2145.6491481516496 9408.582351648107
688.2088639960111 -4751.532154011237
1824.197918549964 5162.174508112837
-3565.6430100872894 -3481.786662809367
-5047.120005898915 -4239.574815640741
4780.825990404328 -3332.009705299961
3164.9106844051894 8235.157361044374
-3984.624219896884 -5432.656635321735
-276.68423167579203 2706.2562213100264
3195.0846854926804 -6653.858361748188
-5884.390755521127 -4041.176941538067
4012.5045415899785 -7557.990388937576
7210.250570856024 -7858.910410959443
-507.80033383368755 -7370.576867234981
2544.324153851019 3188.689469896055
-6582.790732333076 6294.26025269274
-3246.6817231460855 2928.5245243966965
7888.878555441101 3127.7594092834224
2720.2624964860897 -1711.8622011275966
5052.3988138241475 7448.9931815216405
2712.9128106792105 -1365.8520653334654
2774.3232943168678 -2474.887563590438
5594.053077203898 -14.039286265826377
-7062.792917404133 -456.20689755015337
-7868.583179614961 -5301.366248995034
-4979.552503441904 -697.5550870118022
-4499.886945194029 9181.418733909926
4765.29719783182 -6786.0693502229515
261.86231953786955 2316.1661904126577
7975.925881355299 6888.665142113223
-7578.242763648126 5462.43560042484
2887.3196358498117 4338.156207333179
-4395.354254286954 -8716.193036515699
-8965.287443051453 -6244.827004735416
3959.6784796431893 3102.546446635408
-3811.8576516593557 6860.907780326397
-8907.073185955433 -912.563029540459
-6330.355858825243 7969.637676746661
-3855.580023125196 6302.237097577781
-1750.5167946453785 -3793.4393139000313
3067.3328701113205 -1510.1049440111
7821.755402311941 -275.37474189311797
-2766.5313884307507 8440.289953037507
-7811.433183445444 4301.342137124495
4680.595885365894 886.9400438113626
-8464.065417947075 -9643.292264212656
-6366.410285281074 5100.765394999329
7563.433823890278 -7781.460473501043
5372.745140492678 -2303.343911441538
-8266.458535378268 1371.6729227927099
2089.034647426113 -4358.757033730096
-264.4781073410704 -8537.379130072977
-6942.518005156719 7047.936357566752
9012.609840435547 6991.466182569096
7276.240492884339 -6932.053060404677
7080.151411489245 9907.899343685967
660.3608304172867 -1966.3419236323662
-7633.730501734035 -1261.518025227304
-1054.352228438649 6983.382759240514
6435.532595016688 3407.3626077288372
3649.402121501551 9794.184099748076
-3290.0011855219755 -4427.1630338190525
7751.26455213561 9372.106441154974
-7819.073149223918 -912.7069580157004
198.7624634941003 7696.8083633879905
1108.3456064981674 -1901.7550884008624
3908.5985507097557 -2009.74464915711
9334.579253090142 1343.3053964477222
-9373.914127101907 3876.7772487238744
-9408.266273411145 -9647.879859367918
7821.583951725301 -2875.5374059262986
-3937.944865507794 -3446.577530301729
-2255.840149092576 -5594.495038897422
9453.980993140485 -2304.462545234059
6819.126480252922 485.7832905395335
-4014.3998293410314 -2476.1797661812698
-5232.491877838359 -9648.386983276143
-1078.839610315319 -5681.3370973339115
-2858.1072859754904 6004.252432398185
5685.1517539850975 -6317.138320751623
-7585.466740709488 5000.416855818763
-2917.584027263558 -1122.7005195982747
-4680.030301921168 -2710.2963591106554
7781.623266949708 -1960.952033675052
1845.8478103484467 4497.482972039972
3973.375104424009 1776.1507506090675
8082.018317189511 -8475.524473491492
4993.094265812988 6918.509286289907
-4920.593903322146 -5818.113420943109
-297.23199602086424 -7385.556701940028
-5063.456342273463 -1446.3762099446249
-4445.480605892147 -6502.337918637915
9523.071274988088 -2125.212309098023
8512.88595224536 1309.5278539599221
2565.9125196425794 938.2691973082619
-4608.407834291197 1146.6602420602976
8265.238324850969 -7611.042127764678
6664.506279612313 -8585.918023962753
-4826.260626915626 9737.707760279947
-2560.616559511437 7599.256649578834
-7235.861832332044 4524.877472224873
-2963.101664801653 9142.541716339663
9926.265108867552 -4214.097322017909
3496.377470311234 -4035.289122964942
9576.448495693174 2819.0300847796516
-1666.4499584163696 -3377.61200497932
-8371.64520530159 1227.9866048277836
9004.538600406067 -6402.640731618625
-2234.1630357978074 1310.0198602863184
1784.225507625637 2885.9104926719556
5774.743107717679 1082.4011011683324
6146.022414162162 4839.479185487318
8632.059196146907 -2411.863525564604
-6766.008335468516 -8881.925369527467
-5882.856626551343 9594.291552292681
-4352.833060414372 8653.067069451085
-5598.758724300026 -7606.010644026004
3509.8266328932605 5676.117877978148
1887.8555872472352 -8854.208288045491
2680.3817287731054 -2843.8416186440472
7517.966348808448 3031.8456647261737
-5044.554151290215 7396.500808809891
-9179.50841648964 488.8142196044373
-2745.4368729258795 -3920.6875042020138
-2820.2057378978825 7863.282743870044
-2975.034638376508 -9295.16726343388
-2891.5572550374955 2065.976926055695
4484.660248818713 -6842.109834634349
-5245.163608526491 4146.792965079869
8826.024177292758 1044.4055468555762
-1558.2792147595756 3185.2904664689668
-4868.984941100334 5475.747374455788
4723.015038709915 6488.960184184147
-8497.00108479171 -3861.048465537984
-737.2111985427982 814.2293157925378
-8200.89460157752 1775.9670911304656
2781.6249281344626 -1827.1690262016782
-1649.0692832770965 -394.73979735707326
8382.014173047024 6758.81161653193
-8809.690563670758 754.2594409217163
7755.832589135865 -7370.887781453091
-4449.213203244351 431.2681944448068
8093.363632815621 993.3161234611416
7794.325004569506 -8649.345655513926
-1045.2758470018634 7315.810043695041
-8583.311058096577 -3164.7455181830346
-1069.0316387924504 7906.2569357897555
9413.860063550146 6055.105967145029
-4386.4562425908 -2728.05133365003
-2954.2723768692895 8021.767350370203
9207.184645121539 -4771.755191567082
-87.77209555107947 3242.6433040145184
62.73174595519595 610.9792226693298
6260.98881036417 2349.8990632965015
3472.770650716213 407.3552658634908
9574.463186112076 -446.31956269325747
-8735.603041636059 -6780.483584821351
7738.420948847823 -4570.4555719490545
9039.808874850918 -5802.364262539441
-1527.4068418211846 -1664.874591132655
356.84705095398385 -5072.982347005124
7208.160988946904 -3338.741297722845
4707.999443963852 -3773.6320854799387
3225.6791250716906 5157.897221217761
4847.79817904242 -5587.961196231885
2620.9524426857733 7735.348231356773
834.9438412543277 2305.7185909229556
2545.262651507279 6426.491549293514
3096.8920040814464 5110.684359382192
170.2739116731027 1605.8097010991914
4891.051830563518 8254.39861489381
1956.8346934101282 -7903.794280770502
-4271.85432138641 9392.881514866265
4060.8058442933198 -4545.2478569899
-8360.310779330433 -5.0443857469945215
3087.9560454082402 8513.659215046315
5612.956066293025 -6727.900014128365
-2086.139625683134 -3837.080785217273
2083.1961091475987 4692.328616257328
7913.653994315562 -7603.772428842292
-6935.712126623557 -1085.8551710082447
700.398869564342 1801.9445523459126
315.4005510794359 2699.287095188278
-6650.283731789197 1966.0201001002388
7882.6667999192905 7210.647219523511
5092.2630858584525 7663.953394776108
2421.2479040320504 5074.377055353234
-3415.48582593618 6254.019462416911
4894.6054499298625 7682.877023680663
-8877.756786205744 -9655.849122000363
-3435.8219038414763 6438.0054743439
-3460.025923632091 -1409.9824485905974
-5375.914954131968 -2018.4986252005883
-6956.390243357069 8392.007367371709
-1598.1296762175043 7932.282584973342
1852.3244903692812 5293.961676377046
5737.7199416830645 247.91800793024777
2279.7326759312127 3046.676307675314
-9029.018386132993 -9949.750106531059
763.2425617120462 5584.345964092106
904.226936695959 6602.7823469496325
-5645.587492162527 7572.263454288401
3181.503973135106 100.11594554000294
-6687.9696646662 3719.2683696287895
-7291.172572397874 -8972.637686008005
-7306.4475996237015 -1291.424933553044
6061.368794417353 4070.130569117933
-8780.566292417476 -614.2241516682498
-8736.792767879611 9903.33344783638
7188.7899630596185 8752.970929898238
-9108.084059575427 -2340.286206065116
-4146.254955785725 7353.128659865924
151.6551180184233 -1523.3473776150568
-9586.282866051783 1788.9433823724412
-1625.1392051190433 -3757.5252039012175
9669.800123068228 2405.6041209593677
2354.0112785399087 -4488.875707027906
-616.6839545100065 2577.0528285269484
-7028.622255702819 8526.736918818951
1511.5039765792499 -9429.533543555875
2786.0454468589596 -6602.706759695191
-4252.7699956495035 -8376.160423312946
1553.9302510747493 3679.198902033886
-8831.495809460037 -7343.271123340353
-902.1093248191974 -4017.7200250529468
2307.4956294811 4944.339354793381
511.46702430255027 6677.356269710814
3577.6431050286665 -8879.670684582552
-2628.8366510381975 -8613.807078839556
-1248.6305802664883 2033.828447355987
448.6160880645366 1656.30570599959
8059.808218973107 -3728.649722071811
-5644.617502142346 -7929.26660599752
4489.860043116423 -9435.579106557794
2619.4940184453517 8015.561882440212
2982.806432813597 -7161.098300307487
-7115.670446302706 -574.3714684242168
1492.6021522003157 1322.1474127884794
6236.7631921341 -948.4938598605331
-8759.106797347182 -7090.7040753477
2112.9558056383994 -4861.495528960647
-4990.306998455682 -8099.867609412825
-9203.446129221753 -2118.9021697795533
-3058.4271473756926 6253.141303195889
-784.5208501630314 6613.838357542354
-4928.883504219808 2663.504697514729
2559.885901138783 -9577.532432551146
-1309.6984340982763 4056.970554303669
-5814.718294876458 -1293.397780250507
6654.378477424747 -6498.341473459528
-668.7971681148592 198.02156121211374
-136.28548351267455 -2924.9572396085878
4377.244080565661 9036.23536396759
1410.9848866015182 -5116.50549034715
-7325.342749605483 -5274.31671769903
1262.0037448186158 -5783.06948022223
-9566.869898416608 9146.555191298488
8842.374829825683 -8268.7354023886
-8291.240306640782 -1736.111632363889
6531.072858691503 -7413.474686119604
-9769.339388281935 -1222.7499066262844
9815.950471834258 3628.643366268958
-2379.9755788628872 -9324.027418553806
-4254.909754844239 -5011.9150179690105
-7503.112674499559 5512.562393945078
311.8123603484837 9878.654746002103
3036.2337973802787 -2820.438566529171
7540.0670238927305 -4085.0551128804755
-3273.4968856556916 7072.7959021782335
-1709.1628196327438 -7072.923013194044
-4600.053333738454 -1253.3991743399529
-4810.910376630264 2036.5215823412145
-8954.294785658665 -1485.727414787587
-8425.282574273859 -1333.0488696989942
8482.875598077873 -2080.3547744407206
7009.8217363870135 -1800.7677986158196
4662.242820499991 -8396.64152829307
9628.587020510658 -2860.1831557106407
-8818.240263345271 -189.97201429826055
6494.911347764475 -5043.044746912515
-3457.73101642856 -1369.811192632682
7136.861765789858 -7850.697171740903
7736.354096016945 -6956.453450537032
-7444.07808787908 -1353.3444041272596
6954.627826970394 -2072.2860847237935
-7737.080908706231 -6697.303311444652
8510.165765040489 419.2783710143358
5271.412198622027 -9975.196107661113
3523.193870689962 3361.6947389405323
-2516.764294300524 8996.115382140713
-4525.442281461045 -5952.841647320725
7529.794460474255 2480.2086999633575
-1572.104477200226 5057.267285706013
-4113.381198979704 3858.9078331861892
-8463.15273376773 -5270.0596671483945
-2042.4106634351165 -4161.110140828483
-1604.9546631207322 -6372.291028236039
-9170.853724480978 9172.908288217805
7853.022669271937 355.16940446620174
-4476.28913168441 6776.622212565271
-5882.3988016399835 5171.020870994993
-8164.553286743561 -217.83200925339952
8265.706296874825 -6937.213147876735
1210.3972079292234 1854.7632663999084
745.9844653960499 9299.963488234673
-5363.058411758121 -3991.205083021934
-4992.016766620062 -46.00148882998474
7141.41905999259 4195.002917808413
6090.079078224377 7471.161996356575
8237.67521589058 -5909.48500257446
4813.728625663272 7107.023121434653
8558.189926276853 9808.652584152605
8173.039003739272 -6121.093214159515
-3101.6413549550407 -6344.408132407349
9575.04925395818 -8334.644795793329
-965.6027683118955 -5403.903490195692
8777.524601975383 -3820.718789536292
9929.24958599743 -4249.275615997821
687.473361074377 1764.1582901002876
-5680.210720942616 -1967.9590848358357
-5375.001291509696 -1689.7679040180537
-2817.502302984256 9937.546580772629
1223.5073523068986 -939.5777186628802
-4796.266912590852 -5447.826816603092
2828.7016782372193 -7326.78674368998
-6865.424612342399 -6026.643395411122
-4924.813304494455 3632.502415212488
4789.17612424656 8656.86540858612
-7739.065156186324 -6057.969749944108
-2550.578475775578 -5408.30173981308
7206.247829234839 6014.668396875108
567.6307117828856 -5252.45730357402
7475.27565699066 -8235.499024300987
4912.926689303011 2898.42334332676
-5845.458297027537 -3867.7103381535535
6685.809200274154 7711.342345514393
6824.347260885515 4622.569129951546
2629.376502897314 2898.854668083208
8925.31769442718 3903.2792269333677
-3205.461625862853 -4730.309590158919
-8586.227234771422 2116.487064744484
-2629.514617610742 -3328.3186073042634
9416.002253214465 -8728.576866958301
2870.5664318583276 8106.417449198252
-3467.0661571567352 7938.696275692055
967.643954353447 -5294.797472506456
4513.095204518007 437.21957767198546
-9598.095136542359 8791.04160723519
-7796.837719338243 803.0308491615706
6638.001021570592 4911.553358380925
-2998.1882127343515 8051.8501212451665
5327.311860990265 5512.841866965686
4483.986338570165 -4405.132816581092
-5864.987314004049 -1165.4647112409893
7429.092913412995 139.9164527709563
3120.558542769011 1641.3479843218392
-5821.936917397259 -7992.15245384903
6614.07640178387 -1433.3294286644868
8060.609189665949 7516.556009298358
-4589.911051872875 -2871.129305378672
-5424.5887557899605 2932.7988466843453
7103.87793976469 -7108.886093407305
1072.3849135256405 6464.570083672672
-5475.287449793173 2770.699437599629
-5122.419906542661 -135.52506974042444
7474.0790212531065 -3835.9586637161174
117.66594585929488 -5562.812301183537
1355.9389024888424 -6661.410443253402
942.3737952613992 -2408.2528000526772
7789.963916829518 8453.143789368783
-590.3427751542986 -4447.912888858514
6927.59510369919 -9396.834824482354
9989.757944836798 5436.8642739736515
8944.677685356564 447.84645381598966
-539.2475176057342 -4357.698053400673
3063.3397201220087 -7739.13537645796
909.5708807037408 -2690.5872143903007
6459.674199860878 -8343.115241050022
3618.885653176634 -8370.359760522902
2542.7029721070376 7781.052082201215
6811.668408579553 -2159.403691897388
-1655.996493701683 -4591.143199333461
4541.625196265386 4986.234883784027
-5863.722298351823 7188.917405316421
1459.1246835173752 6863.466150930828
4903.063367355257 9171.380460996486
4748.637094228452 -5950.145487606626
2910.6836262527704 -6200.204318065994
-3774.8849476063824 9504.720264802443
3387.4354475959262 -6295.522114437801
393.1432631033931 4958.600913377702
-8806.063600476205 -3079.4749303193876
9214.103753119332 4153.7026605753
5372.437995654078 9563.81542139531
2392.996518740256 5970.614399109734
591.8375761753032 5533.47163445594
-6812.032809939779 5574.222410738108
9759.012648558364 4469.419145462614
-5937.995057586775 -5065.585421328668
446.01655486843447 8978.845536388213
-6062.3313215052785 5424.821509387426
9286.578256971003 -9944.50278438762
9382.11799950464 -5324.499815683006
-6875.750015680089 -4349.067023516697
-4258.880897114865 -2546.8850193234457
-6551.5313886289705 -8483.01276286278
1057.1148537538738 -3935.1638524075015
-8466.32295991666 5723.868094880963
-4452.157488964867 -370.172703735283
-4299.413181049876 -1331.539080253071
-7511.596792438931 -6465.153043504908
9247.54544518674 -1077.426443514074
-7468.928000799722 -9511.847484943852
-2146.1057456664175 -8068.995334817675
-7186.429250034025 2808.546426426803
8636.10261871315 3354.4882034344464
4647.906086095725 1934.0599705832556
9541.364598720244 1762.7034428803
-851.6996259874995 -4392.5709741966075
-2607.7333235039314 -3582.2845724527897
8848.141543136284 -4206.826931664907
5650.023423751336 5048.355087582977
-4827.719930751644 -8896.258584823627
8842.695393306934 -6198.791890968185
6572.418094259359 -3640.1532563243836
9608.705473829803 6964.036862871551
199.73399926640923 8882.769622531876
6434.880549137371 7592.621837434774
1180.2913997007927 -3785.9364569392365
-4577.856602322461 1832.150977482881
7875.196580328775 -6819.24470178267
-2209.1057373846934 -490.5395432550995
-1051.137266471589 -2428.218223185788
6342.0244041888 -8517.427462482856
-1364.8452701241713 3164.075429078459
8718.408326658366 269.13447477716545
-9717.407948895545 -3565.6495092354953
-6934.368277388878 4635.528260522318
-4923.8131935163865 9015.306554849816
-7430.384019375711 -8886.438107831524
-7225.083253194353 1802.6278342471996
-647.2975752712136 5821.825709273557
-5629.782699404193 -1408.2030114663576
-4661.321524833721 8503.936312451227
2762.3023511372467 7221.416230670238
7951.117744022125 7356.064500477012
-3132.4813711856777 4422.373001193449
1888.3221387626872 -1998.7154130328763
7011.348212627876 -3080.153095167295
4722.062068837642 2878.4479051117414
-4971.919567820806 5807.810966559051
-6303.790952812893 8348.439899168381
-8820.42156304498 -6186.6610548875815
3855.266595530673 5980.8246565114405
-8178.025696045199 5790.684885580491
-6488.287481682211 1769.0580554984463
6690.535019211871 1632.7515966327337
2064.966219023332 2432.583406213196
2739.3359864807517 7760.232462198455
-2686.2888541789953 1499.298268039347
2663.806571009278 -1553.6392250232075
-5342.806455645117 9522.027110477633
550.592813592908 1457.8498955267187
-1039.958614207666 2567.7948550133788
-5459.389080572012 3840.2837119660217
-8640.960062228161 1028.8496384959708
6957.559481254153 -6851.151424063791
-2080.7813153998086 -3160.454832360304
6045.561254224633 7022.974527432485
-5199.502184819922 1343.3408421071163
276.0297738887439 -273.901993660651
5475.061648585952 8339.340020421918
6125.236931527274 8119.417767745712
9539.521388075354 -2752.054790739049
-6709.514012044618 -8488.823635753064
9794.843996014562 -129.64387808552965
7504.187865365904 9920.644046128164
-5479.075911912068 876.8010861089715
421.55114705541746 -6481.343844859933
5251.590761524947 -3056.453829224708
-1501.004745598544 2354.1911002295674
-3140.2654579382606 2368.8800765287815
-1653.1863522732638 -50.85020000356053
-3608.8426484459733 33.43642839789027
4731.011167699375 6941.141703563386
9839.648839324931 -4269.642968769265
9215.643916790155 1676.7424585019235
-8065.297592446015 1175.974138452888
2378.410316735788 -6494.646151339863
3017.186806969101 6421.832470427347
598.6298881782022 -8503.570966828695
9207.192032395338 5924.033263527539
9608.167447773994 6400.515979645341
-2677.808028055002 -5813.963190867488
1312.257883658871 -3102.808850429017
-5617.452918166481 6676.218077972728
7828.5956189502285 2520.6490995961885
3045.2935056164515 9631.630927502152
-2740.538317929253 -4873.6673030047605
8936.073907652106 -1605.4243796566552
9403.063415566434 8359.680930792383
3602.9526932449608 8088.744227200699
-3573.3322974134626 -9689.302643174924
-2305.210192674378 -7273.144498539734
-6534.477953407773 8385.717082459236
-7029.272427757296 9251.858606728914
-2822.0449366920693 -2599.5997370220693
-1123.7234367307374 -8451.066713113778
-3521.540667207474 1995.634255106781
-324.62961594902663 -3874.3233345231574
-1013.0354498151028 2700.6899201082815
1506.6821182035656 5943.022687810377
9173.91555279652 -8684.378222832533
-4763.608665529815 -8210.411917132948
-252.8257855189513 -4242.4255388816
608.500938480749 -8372.691574646911
-3481.8240776496978 7113.295459954978
9947.709714797795 -2503.6303488687035
8801.168630232438 -7637.171183325903
5548.751174749825 -3147.385577538742
2340.775716150096 5087.005745309949
3890.015894822249 620.734845236735
9829.529811722612 -6555.987145028794
1938.180512911651 3781.74499985864
5268.428784184909 9797.972923640278
6064.474329737663 5973.36498123779
-7260.03137321732 9605.126452179207
-7527.880728224072 9367.11000493115
-2395.477822491949 8510.865883292088
-461.61442140234067 8996.040379767128
-1302.6697806311877 6083.520673960038
7103.611299266751 -3257.7300891161512
3794.7848041457473 2208.4549337849166
-4506.559096359823 -5646.495669000066
7435.0870618195295 7888.696243894952
-2060.55564716739 -6856.97790314912
119.76612453973576 6045.9609753000495
4067.185212927503 8437.67723472368
988.9583656516334 9888.611310438042
-750.2941034525593 -4626.348021668785
2254.7463672887425 -3489.2739564740905
-5121.679425471173 -700.1497154194822
2993.267534146151 1609.1232807300476
-2018.5108701975005 8833.974221945024
-7662.296305238665 7552.835399864867
5126.473664281741 2526.482477613714
-2319.326445637462 1512.1904581813142
5167.374435017604 -8877.207666756505
2185.9596503333796 2952.30591430415
-1842.9535886501953 -3425.7722150120553
-2274.107964853966 518.4610833781262
3619.3118043295453 -3766.602469769835
-5697.862295445819 -2811.5241716615856
381.7846775066773 -3920.187460275424
-4925.961638500671 -460.1332764637482
-7701.471312371808 356.7350423149928
7310.04624821652 2077.216456699536
9445.682297213007 -3339.6052052951727
-6105.7840265475625 -9212.144790351917
-7247.914307345802 -4692.140209559506
-2538.8766171679135 1441.5882492941637
-8469.151689129212 9720.024663700799
9798.969871838137 -2377.1165061857255
8006.712477144316 591.3082469966739
-7147.938437989973 1081.5732459986684
-9312.038576156052 -9222.164836486996
4470.23744881518 -7289.210318336197
9310.538664145985 -9878.986949375945
1994.2385563924818 6308.5008322824615
-1914.0603273585266 9833.58420910214
9832.416894558279 -748.3179532880313
-8886.644154222515 -5389.617742861658
3375.5795011673436 4309.799871390564
-5929.554692461729 -2713.8216771250036
913.1818506899963 5046.957874060905
-323.9767286188089 5648.169354641168
7655.478733986249 -6390.306624001694
921.8542141346697 3920.796176814867
1532.6618168154491 4170.08383081606
5699.65611656681 -7524.2394565895565
9133.398582715912 7891.470136173622
9203.312118303875 -1519.7567263255805
-8038.380486067637 6006.761290447645
-3634.7924120123844 7481.501385321233
8131.778728233941 6446.94931754814
5589.504661854102 -8663.840090765112
-7310.753649794804 -3569.898993098451
7174.081525172445 1427.6912605416455
-9066.125059175007 8518.772297520944
-4933.2347675175515 -2224.293579719425
3441.2025735157877 876.4316087699772
-1019.6074342907341 -5574.133008803428
-1082.844101994775 -6198.8641837547175
-4604.85489785015 -580.6472223242927
1588.5248954070212 4087.3700346166042
-9394.497660535537 -6323.995185198146
3522.8815016908557 -3635.397650650225
6723.071694605082 7285.397274250721
9088.031300075876 6283.775548545933
2425.455463656186 -6014.7392739428105
8702.484398993052 4270.604908388283
4245.219983222036 -4983.1641465446455
2094.840607625827 537.2120298444843
-8678.056046522493 2081.8782207887307
7481.390194495496 2141.2763645171017
6794.222094820143 -4213.784677852505
2387.641422618237 1104.5492654918962
2387.4162204955355 -9260.112516056739
4280.886584402728 -1049.776369362451
-743.1618165187683 1394.0840958597564
-5252.674198041489 -2508.682044408437
7774.9686612537735 -6269.780159981604
-361.3196723172714 8299.875456398015
-8294.783220723433 7076.675359040451
-570.3799620175505 -5990.545028028282
8083.630494874233 -2386.1368530414693
-1031.2436920946493 -6548.973295508984
3133.8696130682238 -9461.555813773643
-6127.668085907882 -404.9441848191964
-3330.320594948231 -8607.315812924919
-7998.828508576084 -5629.792584395544
2692.978244451 -1274.9224375985395
2777.843997586022 -2348.237683533858
-7725.394351217128 33.54030875367971
-5457.596748991924 -939.5056849437806
6308.671352078838 852.6162828577108
711.4769463929333 -9314.591360564174
-9639.649286672708 -7118.690796272458
9196.88113528494 6441.400370040301
-8419.115201964449 -8791.701716919624
-3643.6560993078347 -504.4447328794213
8542.446379383411 2976.458328621562
6690.324086293949 -6956.5433767535
-1150.564572121555 -9761.240750269802
-7434.673358347713 1689.530601868486
6511.681911103395 -1707.2208697439328
-5564.490943731364 783.1184845148236
-8681.066019951959 -2558.788760884172
1350.793843212994 -715.3938615010702
5834.91792936013 -9089.082730830449
3981.0970492643282 8083.620094018166
-7866.839235296481 -5426.7769157118155
-2047.3077518463524 -9836.065476096484
25.67841418224816 -4856.688367114423
-6015.85761026671 -8392.599257004209
1289.527846549363 2696.7312147656467
3125.626176990143 3151.8700560209636
-9724.858968103059 -9373.81906702468
-9653.096355925874 -9134.275865689518
284.2548189799054 1571.9042229868573
7785.561118326714 1474.2992962460194
7234.155891792441 -8605.82917354744
-9841.40772094179 -7028.871375044899
-2621.116456765034 4916.48279795435
-843.2303595750072 4369.6080537219
4236.909798595947 6953.29841840169
1082.673161823186 -201.68402925208284
-8621.245381443443 -9953.77195407952
-7440.354611161056 1615.905412030559
-7643.128380991486 6367.805149224534
-7169.65073995397 4819.117162377273
-3185.9291919717725 5412.093709102843
-2019.9860102975854 740.135080043854
-7314.367896697547 1376.5574566039686
2360.853438670805 -8122.84475900122
-1585.8234064136814 4549.755749315465
-4439.440082004598 -8325.305113538552
6225.275717373661 9554.609344814005
-550.8320601137457 -6832.171665650466
7765.671783315749 -42.88444743901164
-845.0002104964988 -1372.8090254917388
6784.897677242807 3535.557459789201
4261.806512668949 8689.243083383808
44.990579693754626 -4584.5866492859395
-7914.376032982728 -6071.045480136934
7271.896141805624 -2689.687213638932
-6418.727224958642 -5570.2847071046335
-6283.932540838703 269.564391050777
4244.832320126003 -6372.061859440494
-5231.32891574553 5617.911668458915
-2680.1706716742647 -8442.52502032334
1083.7172483720042 -5816.648381466222
4681.288860373241 -408.37287649992504
-5214.660616619389 -2556.007198119819
-8036.805962236206 -6121.814351865791
2593.350002440353 -4114.9058928695895
8811.320942116978 -2114.417214664024
-9920.890870926547 9642.569903973475
2584.799041864375 -4174.081903845615
2767.6526898989014 -5580.576038007723
4396.187601850208 8193.245492761183
4430.922236191374 -8303.288638356647
-9928.776310557345 8253.192306429133
-9329.143647464714 6420.786905459994
5425.842279289936 4042.6231536355317
6770.002251644317 -2366.2292818768656
5199.44307618916 -5714.283449835076
-7208.783278494648 7924.296735524149
8049.813747932316 8605.490170787696
-3963.073865382503 6110.776766727471
-3793.500941604553 2507.451414487712
-8767.667528677295 -5770.42697419059
7695.831839486425 -4165.280161307705
-7824.156367256994 -5314.3834677935465
1492.2355646862507 -258.3821033109143
5103.926559923666 6333.176311470241
1516.8222369193136 -8294.62288797703
3646.4771902517623 -710.3656379606709
4095.710298791446 -9306.719296106487
-1997.2835244643347 7445.276239541323
5306.895877443418 -4674.8039326199
6846.519007366784 -5082.727489325774
9585.916756592167 -3280.8727576036254
-526.0045887190154 -1893.8305386714728
-973.0438029022152 4680.065559928
-2164.948220528984 -1451.6237099596838
-5992.565240049521 -9009.932376200208
-6655.447278558748 3418.280510209326
80.55199342836568 -3219.8447061443394
1747.6262755995522 318.79259660588104
-6478.360294733255 -7687.714440072462
-9182.44387265053 -9090.737408559857
8480.59839286071 -3027.707751660804
-9706.394851545916 -6045.118836981554
-7615.906353342834 4872.357576030579
-8779.975228106974 2541.826609956328
-6952.407045787682 -2815.767954116126
2726.416715313948 2487.5701758210325
-9101.260081966177 -3827.9273505613046
-1706.4896248119512 9385.927730726005
-7220.050754073654 7866.4314794335405
-9322.673239062957 261.5754582690988
-10.465006195847309 -9581.427763632813
4918.619613722089 2468.9269197958656
-7462.924028444782 -6603.0375362113755
-7756.636093813707 -2744.587673455143
-5969.868903166529 -364.56301741879724
4163.999892908661 -1680.6433884214784
-2824.1737837500104 5715.180631266279
5720.020749578163 -3272.1784464323746
-1427.7562995776207 -239.65172373464338
9550.411353549433 2719.914954065225
-6719.062412784937 -4050.2181664019554
-1630.6463404981823 2206.240187824731
-5386.674669441942 3994.946021417989
-7579.490184655018 1185.3146482697684
-7369.90636766305 8806.86766761409
-9385.890168195272 -5167.06834212421
6044.171321529409 -9327.494425288654
9304.97377975113 9680.60919445959
-3465.7692627862243 9483.645389093934
1048.5034474121057 7084.414701640031
1917.0799742463496 7909.067294077529
-2824.4127686884713 4095.6230085147563
5193.711795085845 -2126.6123463305385
2656.266415432061 3879.8033159452843
-9824.802908310057 2303.6349364390135
-524.0840208765003 -8008.89013990137
1210.9930850681994 9827.277598171764
5626.603136006066 7093.687281670296
4483.665701705959 3953.0714354603915
-9179.80729516512 -4867.734351054059
1400.4147428937722 -9761.238129913021
7158.666274694799 4489.183192340859
-9196.791591628855 5047.317088425185
-6748.956160531139 -3674.782264222018
-3964.2684261866725 7716.041439849389
-6354.814782166926 9086.772279477882
5346.765119295729 -5689.442061943597
1946.6738825094471 9072.120271417716
-323.9864512205131 5608.3202704395935
5625.869416050355 -15.443994360766737
559.811652940507 -5446.039115277245
3268.144904904495 -6439.523600490029
2710.540333153218 9151.438549772123
901.2130699841964 645.5512318831043
764.9895729042491 -4394.388191488918
-6962.63776994103 7502.31454124536
-2236.681257974691 -6501.484522276486
-3802.6764856053715 -4332.345410509786
-5888.3378265647025 -116.72870054400664
7936.401799301213 5338.84306476014
97.83778563638589 2401.228760320075
-7227.598010118918 -7948.10556459447
-7528.971099725921 2875.5802520936977
7918.799007579932 4326.208312436533
6162.698096603421 -7692.647326307531
-3644.5033747875377 -4015.399531728345
-4082.5759910719307 -4202.6618817302915
-7476.573679763885 1017.9819279033927
-581.2676604127118 1640.1787210725197
6808.159150692551 1149.1134078280957
3436.417886405994 2684.475494542987
-1018.4174141486365 6659.999624741125
-2411.7518202971523 -9974.548376712955
-2100.3725992544387 9582.663473444049
-3499.647052011066 9194.35322584768
-4992.0784949715035 -4986.817743926006
467.01026129454476 -2768.5668078700273
-7413.846645773345 -8905.964852824292
7151.934770239273 5377.004784371891
4165.842021094304 1119.9555156007482
2439.5982868086157 -3412.268255549231
4185.110840582853 -7742.347529454608
7236.504262349066 9682.952168163662
6697.967645545425 -5470.096251393208
-1161.2487601144276 2648.5121395378355
-1165.495998526365 -9000.297490554896
423.62003069067396 6473.221764178375
3712.3361431228204 -4499.730117827987
289.3376736247319 -2134.2805217251134
-371.50203001039336 -2208.0742770678326
3658.565562800306 -5702.82254373248
-2385.0678972346714 7686.943956663257
-5822.433570518843 8037.933185776783
-2180.3974571666295 9468.699065958215
9684.42185955145 7203.8056184616835
6679.177113805326 5841.543774063706
-2613.933170100904 1300.4852610408016
1478.12926451967 6683.030279997976
7275.314330296005 -3647.9293848477437
-3356.9906714010767 2030.2338705184393
9435.46358799002 -9577.54103171496
-3000.448940168816 -8982.89992053324
821.4690663003985 4185.965762769843
-2775.8210971290073 -1110.1084559451538
173.07294416189325 3176.201306475088
3850.3867707380414 2762.963386324129
-4093.297940595906 8439.889550434887
-3555.623061135613 3437.2555650327267
-8850.663220654105 -9455.032233115184
7943.233028494866 5389.047363833937
2518.962921171138 -1760.0322471583404
-9347.169169927067 -53.32580210181368
-5177.366119285727 7534.32749978605
4031.576694971098 7708.060829145306
-7465.438115131505 9566.947209537619
-6860.015026247924 5412.086820691631
733.0790000594243 6352.952615519334
2515.0030023594336 -238.05092962558228
-6883.299099516194 -7653.712284687797
9231.896918766135 -3891.1464642901674
2785.9436653215016 6728.419294005762
1045.4318802600446 3439.5096909329477
2668.940436336952 6431.077646845399
-9244.03283009204 -1228.9304090302776
6785.322349444839 -6876.358999315002
6325.004900854419 3842.3051459107937
984.2193702309414 8743.392170737941
7768.637931656391 4899.975578606856
2358.6640989706084 -6380.436281886372
-3513.756142727638 -7585.51434389205
-9769.941757407969 -1160.2715502413757
435.6746911705668 -8280.895448807085
8412.80261427757 229.7445342902629
-554.8851202398673 -2147.8422825116695
8410.567277858125 -4833.86256251138
-1044.3375037805872 -1708.2249150457483
6262.102052657652 -4587.5605263719945
7617.615379462917 5807.91621298718
1945.8895955769403 -731.3253917422862
4417.339917553652 -9683.430506275103
-430.65158310558763 -5454.170786790324
-5609.4907692322195 -6593.833745263513
9009.698186252383 -9775.197227390947
8481.3976340355 -7883.591244186577
5240.011102100101 -868.0005194618916
2736.842532193068 9584.866919743217
-9734.62605584323 -3438.63857242815
-5222.638499210466 9336.863208605468
4410.495373771037 495.3123750091163
1366.8544789227562 -2720.6923411112393
8641.493911971782 -2075.260482730999
9906.190763980205 -9130.689277907062
7671.017949409201 -1259.2183159709166
8804.918220169107 -1536.4431561466554
4787.246449651328 -6231.132903779726
-3060.784992230241 3514.575892722047
-6336.2754804811375 6738.086796877149
-9216.873020479841 8065.200533402833
-151.59230222434235 1326.6527870900609
9304.030513284048 -2097.3262593314375
5196.6752708500135 -6103.1561993365085
1342.1622486064553 7768.994085329519
2204.4961968014723 -9869.502424586824
7947.989002871556 9184.279978038267
-7985.672470501375 9498.764934216662
3030.0550109066917 -4274.94204248225
-192.2642888593782 5347.502445316086
9669.896022216039 1009.5565465074578
-5634.864224717271 -9647.676952899494
6589.477849108018 -6822.761612724926
4764.4504210412 -2805.000644314179
-489.45208972543514 6309.952852773764
6506.896207853264 2535.553580698077
-4475.815593729675 -5972.740923006657
1799.51344149519 -1297.968445534183
5092.732507216826 3398.61482759912
4290.458351132949 -8007.381681844594
5935.227646710908 8350.289790686827
-2755.517781121901 -917.5984453399797
-4198.683559138607 -9094.98208452149
5962.435793925304 3749.748965996054
-2982.426762152737 -4122.446629888154
-9809.965239001058 4984.921561409656
-5305.95302699461 -9940.542240155995
327.5306556716314 -5483.796096092308
-7392.256477772099 -9538.398305625076
-7556.657215536568 6886.4815444800915
-3966.3094989147485 7843.015435895759
1411.104918279354 8435.859890801963
-826.8920460459103 1539.8819427223916
8930.99707613323 -7106.4312975590565
6332.134057437268 -481.3709411814234
-6237.377697292115 -9244.939410245308
-9366.547660521392 3612.2172769190856
-4811.88108259007 -2782.1442519489683
-8202.924969160553 -5941.105867094687
-2459.4200268444965 -827.6457202478396
-4594.554411794998 9747.830306454827
-6425.726386815271 -4408.511666135746
71.92381347566516 -9013.786110478712
7519.563433288153 -2364.263194602312
6060.6331836295885 -9862.467590094871
-5143.181068898881 4887.694859020845
9159.543852945575 2140.9328572786562
5160.043152295633 2353.032281515825
-3012.418406120647 1706.7026563247437
-3197.691483714889 9212.342270717563
1420.455153565752 -3106.9297070050525
7881.542559925743 -5218.967478808448
448.79702093508786 -195.31568261627945
-3583.42272426255 -267.93368327232565
5536.125855597149 -5686.716710462391
4679.798183456087 1359.021892728977
-3576.956845572181 7986.221969066581
-2525.865092981583 504.59434903465626
-5672.024894576258 -9181.315019186082
-7771.461861513005 4752.31021319466
-3376.3104750635575 6900.5637463771345
-22.51064998671427 -2423.102073364409
-8677.283833345853 -3190.861727723497
-9393.490865753214 -3628.5979768422676
8083.703946803758 8303.855773183102
3187.0249953044768 -6383.214878060521
3954.6610480201543 809.656030633505
2790.3661353523476 4932.426489419748
6697.924370689168 5210.452287561795
-1137.9313961906082 -4656.429476125452
6295.6130648465605 4634.527118052347
7054.064228447714 824.4489787773709
-3886.770552672001 -5801.234346439661
-3646.2445967537824 6023.438951605871
-797.0279627666878 -1911.201838535192
-3584.6404659052887 1049.2952551334183
-7642.764476876411 -9112.715004861811
6190.3308492840315 295.13327238512466
776.6780946895142 6722.732975459836
4270.065417860842 4499.508895964558
-403.8575017140938 4596.382725822155
-6204.493075561177 3591.589340979588
5015.619237395116 -8845.125388011447
354.66800975784827 -7659.9302487827645
7412.357609247345 3211.539646992669
-19.499137020424314 3423.143536819045
-8435.876889599731 1479.3380648440143
6177.942964639431 -6740.504618255279
4992.516138802441 4263.608335366385
9850.382178451779 4787.934873226344
-5560.833067376829 -4727.046017219829
4062.1862643966033 -1644.046848654778
-7383.46845703086 -6758.253166301731
-3234.6532076258263 6975.133860392874
2628.9202255036 -7282.1075376861
-1065.306307009785 -4575.990471126119
-4161.708535178946 -4845.361658045175
-7002.447067598805 4026.614583035036
-9546.745269792238 7355.390403318408
-2989.8944895506083 -2592.3669013822346
-7251.366236583992 -9644.36973591391
3724.136257402457 -3877.297676595419
576.839287485489 -4013.7931209081244
-9495.752768414817 4785.089607323978
9711.219177081919 -9352.586178922327
5997.03008606659 4157.61423367022
7565.4479595993835 -3766.5677608161395
2520.089741070624 6651.34062868679
5961.93161994151 -3318.1321003442845
-669.778849508979 4770.228219563933
-5123.892337911265 5283.273757535577
-8753.547948955651 -9736.418657536648
-7537.572649703155 2670.696244941486
-454.941444273627 8095.792621926226
3171.7080713582345 -1680.5494522376648
-2389.9230635652802 -6184.464583476867
-4601.5379273957915 -577.5205687457255
-7485.754974367432 5504.21379519477
-7149.301861296655 -9833.191213783097
5521.693664453247 2206.1360815013577
-286.38561956029844 -8278.232409884515
9445.13780177004 -409.46419140171747
8682.49570205262 8659.79845832397
8856.70803723231 -9431.784590324845
-6930.96107647713 -8934.159752964219
-9657.024092280602 -6316.751673981105
-560.7620466940625 -6748.578076233584
4311.130238765612 5322.831334767447
-4380.13452897551 9774.756116894281
7294.668745145162 3136.034953133929
-9585.509837159396 -2621.709401369634
-5726.623914233557 -2475.1493009929673
5998.87948940004 7490.318464433683
4213.764075101344 -4331.399359002393
-8280.453471459628 -1902.5908602019445
8852.559177147916 8265.4200993241
-1101.9045104082106 6079.584691133123
-5312.776950674367 -6977.809714337851
-9752.05930006905 1510.311061731698
1203.9049223803158 -9103.05613790916
-5361.137214845444 -6041.462738679235
4564.626454495929 -8804.56571822193
-1801.2041785364709 -2509.825739354279
-4708.094119419353 -153.79952874835726
6121.116555275792 5851.54865210149
-9069.561506908485 1526.13838517956
-3950.3613509243514 2227.542313361517
-9768.150460398861 781.2142460550604
-6457.592851277521 9002.262655368064
-5900.04788517892 -115.3524670813149
-7130.702995753498 -7889.730255959184
-9649.662778086242 1897.514934336572
2277.3287183242282 -8148.485565330088
4279.539987085564 -3755.5935108160556
-8138.483108406663 -2546.6746782694645
-4894.576094547047 -8910.59336307566
4307.974906618574 -3802.0822253159567
9531.837949658755 1895.3411541140413
-5970.089055366168 9594.06875069455
8007.001669527213 8771.870831501456
8596.041033140144 -1143.2555407404088
-3313.515106957987 -3434.309592511884
-2145.125921273725 -131.36265033734344
8678.052232624916 -8881.27195925918
-9212.794876660302 -6167.282191718818
1837.045160617894 2717.9074069202197
-2126.915278665034 -6014.943855178787
-2802.606770623983 3482.687830429306
-2361.5902371879292 -8977.652157479904
-7935.26541716147 -715.7417246117875
-9949.779206889849 -9691.298136800364
4864.545630645991 8762.904976874786
6558.665344901714 -7538.565869968159
5029.582651072797 -7892.253812566756
-3162.4871667566094 -4424.250698549929
-9472.659155452518 485.67134030113266
5654.008467282181 -7866.643816323018
-1930.352680011858 3353.978209035544
9802.757035088373 -3449.7833014055486
6612.903992054438 -4636.1311168831135
4667.232618311193 -9646.2164272001
3448.9147970795475 7159.607221839422
-7273.57704652811 -8859.757984996608
4002.622805295832 5100.806366217032
-7796.980604672019 -1252.5769145551076
-8605.498148697287 3782.9709060932
-6946.533122232386 7489.212557633964
9891.743261573702 -7795.933794715186
-370.90172645777056 -3167.5623626582474
7563.794340528515 9522.553407454383
-5408.512132668408 4557.372254198604
-2225.7954695735016 -425.0158307353904
-2955.948604236056 6228.149048633797
-3417.859765166174 4668.8912149910175
9345.844148894608 -7290.466364347821
-6306.654146879447 8639.392426286413
-8297.601296807421 -6498.336592106029
8291.722043660673 6755.554686982367
-8617.64013103542 -2175.4828094582954
7899.105531482903 5785.244595899338
4287.580920596021 -2330.9672164702433
8352.240483915532 1374.8269008614916
608.241837985137 -2558.0547003826396
6052.339132028617 1872.7513757437337
3423.4690105752325 3366.584700553556
-165.9733025515634 7823.700982101625
9361.834918198969 2462.012371168048
-883.114126019027 -5417.348489004503
3815.021931581894 5708.044318690127
7444.211129693533 1845.8305523991676
9701.843291554327 2913.8630048400555
-3920.0035509422833 8368.240863259241
-1591.2767484642172 -2156.930744096375
1026.5760636654268 2735.0450642236483
4286.635381755632 1308.1936949260125
8641.762715515873 -8223.211629442589
-36.58437951135056 -2767.1718972080425
-24.288572568897507 -2933.9289304132117
8734.263988133276 2089.7112419872083
2014.1620672935005 -3094.039387989218
-7577.840071109007 -8341.756981034192
5206.107276751107 -3681.9328332125024
-1646.1768692761325 -9294.931102773915
-9029.652168967443 -9239.11906236324
-2524.250967243831 -9023.473884244475
-9683.202644396679 -9343.387072073137
-2861.2287729149166 801.9043187636598
5284.807283506323 -6722.551397848743
6708.49139838414 -4358.373112880594
8592.18788134111 6139.766554495734
-8087.164307262961 -6925.389950006533
-6294.986275147594 1777.5440122121108
-5283.101726770452 -1995.772007311225
-2520.3076353015904 -2386.1805061116147
-480.862920583766 -5727.547894495106
595.2017997269468 6621.7397145370305
-6408.102366808075 -2593.100944768851
7184.7960315692035 -5435.62367579842
-56.85379609375195 9885.672888177105
-5607.119270136278 7825.152622065529
-5844.8059412137 -4909.951988358909
5024.181236598337 2188.3793484873677
-6739.891641682296 9025.191787762324
-7981.27953839336 7402.049804028866
4340.408668319709 -75.71659496962457
-7822.47046210436 4952.706056807339
3297.550885802346 5011.540131594455
8380.432097421828 -2795.1586000534708
109.61542931126132 984.8228356902473
-5521.366835985091 4904.962920570226
-4096.491936437916 188.64458279983774
5111.265843040521 7023.08624544667
9295.906933199953 7983.562597625172
-6113.5605598748825 -7997.894683371745
4711.079428126288 8478.092229379134
-2316.245455238599 2708.1245474311745
-6237.39359838726 5574.439695117368
-7723.35384763422 8722.4985519523
2289.9562298162036 -5810.503027033272
5039.323813389525 9088.981524910978
269.75886022544364 -7452.286664037991
4194.486765509917 -3772.943508116253
-424.46889171149996 -9397.401774537582
-9125.599465369298 -2554.856014931448
-4561.4807084297345 1928.782939729308
209.31587333433527 -5664.924107973011
1466.222248809785 6836.707797051582
-9276.363260895045 2301.854793954426
5204.0690636947675 2997.1731849604603
7511.627687344553 -7419.610027229775
-8520.363799137634 -3476.8614829940716
3980.878992670265 -2686.459824615051
4147.681277246764 -8758.687478614866
-606.8661125034123 -5386.525017282275
3358.1942112338093 6796.237772349992
-5001.49212018769 5000.9940848340975
5098.560516437039 -2735.2758028265553
-9749.480813563436 3215.123902289679
2514.8422298770583 -8881.354948340808
-7594.2310508935825 107.95113217539074
4396.086438139466 -9340.737961237071
-2246.493555669993 -1812.6803073316978
5209.480318541344 -5543.591847031339
786.7266970531509 -8657.333511386089
3203.0784889418246 -138.9919038774915
-1182.1474829775998 4386.93162907787
8346.72431889161 4319.573119745175
3858.458637956981 -8729.867089439995
-9739.285984372515 -5995.5345659247605
-8976.099732896428 -7832.144648340043
7785.632976919347 6183.881520820123
3290.1214831843517 9120.553762819447
-3524.2786197620026 -2209.336966469781
-3878.6871619993253 -2502.768949220693
8052.022470070864 6809.193863526107
2303.509904737608 6279.706793211617
-3269.5287445115673 -4615.194065766142
7260.613981544571 -5988.648073640324
-8656.005171626673 -6029.732161448047
8195.73528712118 -773.1888665088009
-693.403496629362 4359.086837832807
6592.160390122826 -5723.0983405781835
-1278.6979530269728 6115.513911048973
-7075.352226342917 -314.46697625701927
8312.758895333041 5696.292451870355
4873.171462991815 2523.1334824578225
1369.1746165403438 -9530.6446826244
-4102.371435808707 6753.751228787125
9507.196802162438 869.82392275247
-276.56067138272374 6110.625563500438
4827.239100176523 -6906.1818887429545
-1895.6255707564296 -9222.294724199233
-5094.3348915892875 -7984.241769194055
-5829.654404302826 -1997.7694940720103
-5925.855308408363 9424.969229038721
1734.304824809351 -6263.844918714556
6565.409377107266 6212.578091103496
2123.8107839799795 7501.85084764292
-7641.466633033209 8799.839989727541
-5580.791344516922 -4099.82475440214
4935.782688379548 9884.187845446755
-7578.199923688364 1526.6582126529447
-8333.034034322192 -8510.550427767335
2241.7639013322314 3534.2061756741987
-7833.856845591096 4341.851084820595
8087.0105979662585 3678.385763518676
-2280.556866369845 1753.5556036985872
650.5496893888394 -2596.0029139172393
5761.650220098918 -1519.3341514179701
2435.3634176590094 3379.3201013585804
-2616.865790559582 5432.761451515027
-2577.8229783580573 6857.049478978526
2977.585085896477 -353.79475791827826
-1323.068116204522 -7661.387721902896
1394.9462816915402 5593.600647373871
6811.1662340596995 -758.7974394062803
1342.8221538277812 8686.952879038006
4649.921592740608 -9385.462803109263
283.5558852286922 -5257.775987355842
-971.8102010676248 -573.0240996395478
5703.078174294089 -9791.85048353269
-671.6653542572312 9538.327174893886
-3618.4726309156367 7122.316916981141
-5812.687431621559 -800.7042598732169
-2825.4424989724766 -5957.314794125892
-7256.05950515822 3765.1998545910265
-181.85378454767852 -387.13237991962524
-5137.150885613683 1284.2332235725044
4398.628029367141 8954.654073562357
5963.177242711381 9718.20936710083
1383.5876170088213 -5258.581550170307
-3603.534654149258 7776.375439856311
2488.141009849207 -5408.798565588424
2759.610614148127 -7309.453254868358
155.05172124453748 4328.41555136356
-904.8471503385099 7732.458892705192
-9943.967558484284 2698.2873555252427
9622.574315145637 9871.908505215975
8775.482123815258 -2721.7105926925233
-8539.310125730124 3696.8837557803163
-283.17793184430957 3615.990264618613
5742.617060115184 1564.5678905652785
4275.500658702584 32.889761332402486
-1408.77082529186 1924.7413567508556
2451.6359099660185 -931.0224492257203
9614.381026272851 7854.762478766243
-2670.82061147055 3202.898353621753
-5104.37321350119 -3932.024513915815
-8772.615403887969 7267.767199467355
-6102.463133257396 -6994.965715212391
-2165.72475677058 -7107.156750617454
5261.137493302702 -909.6973285850527
-5739.289831358907 -8663.59631580164
5176.400488430398 4833.137404623278
-292.4498524344108 -9764.654529427766
3815.109980217403 3176.5181229775117
-6682.661459387338 7082.176179949187
-9741.143124769775 1343.1488830058406
-7214.189718663309 7650.215900519928
4421.294771587911 -7598.18944618667
7437.456984420565 -8876.9966361185
-4344.784284417593 1874.3941252260083
-5276.72416112788 -4655.968765537384
2051.4028626244235 -2073.2878667971045
7477.737590905286 -4611.889962727655
-8122.37812022913 5033.827155852066
775.9186569437588 -3434.18426263983
9172.527100607691 -9516.69009372232
-8139.358576571958 -992.3844872304562
-799.3498746603582 677.4780874660919
-5636.614514804377 -4865.5518057218105
-3708.9368181043537 9918.338530762401
-1078.3797158091238 -6393.332803399651
-3476.296649274939 8206.599608549172
6299.136668627056 3753.4260301089034
-9206.253060128322 -3441.214716836971
-3755.155888547927 3019.7391608042817
-24.152797249034847 -1555.8642685199266
-4420.581834757962 6628.602854675322
-6773.565491752946 -5834.369387382132
-7621.920581417044 3440.720939484996
2903.695440700183 1357.138500303463
9621.700989737106 -5095.464268674388
-4848.745001131907 -758.6559811436964
1317.3421742554165 -4975.576950325387
-6117.0183061697835 6890.755452197318
6843.207049421762 -1564.9429160416403
7722.756168964501 -3543.229099553675
-4848.047528142803 955.1231297008762
-5605.564259663281 -8820.585126599857
9470.145777489062 2403.6981528541837
-4876.333392486634 4963.025232392192
5260.613046319768 -5002.221549407491
2804.5908549243723 5400.833282655331
-531.7076982524122 2309.598136752258
-7999.093014404158 5354.015523624725
-2550.859672439683 3547.5285444014844
-3707.8496632332954 9538.47233194493
-4514.4742575203245 -4165.490906764921
9042.464214666194 2045.2357517577148
-8579.533338544388 -6806.884357871392
7360.533059491972 -1681.9362538827227
-6303.043559613865 -4893.466433919329
-4164.233130936906 834.4372517588545
-32.450608904939145 -190.15527201989426
-3422.774590081428 -8416.165293412829
443.2662217119305 7876.21529344677
-4851.826816514513 6409.809530618335
8279.798127661692 197.7083694442299
8180.569440955067 6380.055131933677
9552.885286106699 1120.6081936288465
7770.207150542246 9571.300438789905
-1246.3415631142052 -7719.693078399297
194.6013433548942 -6996.469233087651
2238.635039720968 5590.947111500373
-7937.837179216938 -1069.309591545929
-8302.032110220052 -5119.820420602781
5692.57468110077 2292.670834275972
-7540.545948407382 4819.549843713892
7344.703538634676 -3143.9427011457256
-2675.288174247552 3086.1797075264512
6849.793074933295 -3581.2498623929414
5637.842565300582 -2898.4286074260426
-4725.923336315292 4426.244323581648
-584.1928552283007 228.5151370441963
8426.367556300884 444.99600868393827
3623.639614696447 3967.236837416611
-1657.4221876937572 5160.970133256496
-3943.464334774296 -7522.919847160423
2320.5374323485903 -3080.879863404706
-6205.234357506444 3660.1763066038548
-355.1200463410514 2292.1921873776173
7826.249254673108 -2921.297903727882
-166.83056281179415 -9235.07417886339
5185.554356279028 -6862.50723969541
-6949.140840114278 9342.358465474132
8836.981532163427 248.93005214465848
-6715.937463827022 -3261.390355377929
-466.7053492122177 7107.176381415637
-2074.4615459832594 -1224.8304708214764
1010.580749730665 5733.989587408207
-6379.3117914078 6715.3849754015355
-9866.389049636085 7618.5050764794505
-2463.2242560529585 -1515.5290648171176
-3015.0065636684167 58.529371639982855
-4340.017004315419 -927.9431229594138
6395.308313878129 2721.0432448244155
5291.32071326659 -9113.088131223187
2040.324885726899 5474.779325353995
7603.825672582978 -2568.835041394391
6985.303950504109 -2292.1292818078973
7939.867700390212 -5616.017899686343
-9564.700931969066 -3371.242697943724
6468.8204504494715 -8967.67581295328
9454.271637634076 7458.664310878616
-108.27548061679772 -8040.936716684877
-3455.255208513923 1959.135158419058
6071.010371774608 -6003.608627008623
9233.62471264997 3398.2613494570123
7779.727383173806 -3324.8857038469023
6188.729651106232 -4155.601612734637
9206.149606668838 5748.074386931299
5894.460702563434 -6413.679083414636
9416.026203885129 8838.612489915668
-1456.0264918711127 -7486.077464297925
666.1556838761262 -137.38356352451046
-440.9042035615821 -546.2793283706687
-3720.638062684183 4595.385892592136
-5971.840986393604 -2261.409996731476
2732.3687252099753 -6397.824111080981
5355.8093933889595 -2298.7011268722626
-6325.537816547022 723.950334568628
8547.769280948381 -683.4282164568322
-213.756663498134 -4592.468861420216
-1192.5684495740425 876.5819990274413
-2295.815392337826 5391.982820278739
-499.92545791734665 2369.901171342477
3678.0953063791567 -7389.270933998082
-9955.614632693192 -4855.885108715094
-6804.9740992239795 9641.55598884857
-6080.104939174147 467.46384994297296
-3505.4689988634254 6634.309121675487
9732.82622237004 -1234.9865938299972
1716.6271838307493 -631.2449951974868
-5838.2335405320055 -1409.9711527368581
-7634.815263737753 7942.7220284059695
-5391.51353075822 9801.378401576381
-6164.102401014177 -7436.693658970817
1508.1244503608996 8952.944328401343
4949.385009336631 8011.571707716099
5506.863187059418 -3438.8162588950836
4746.3811809230265 -8426.160949984269
3094.1469004320206 5702.126438756719
-7756.621101821226 -9419.693870063924
-4219.634210262036 9299.268950585967
-2586.504842240476 5164.409028631249
-7460.131418714056 9498.96173786214
-4651.261063774597 9453.977497726082
-7006.9474067374495 -3309.939915345374
2376.2601564112465 127.90493531658103
-319.8070272416571 -1990.2475187624714
-7157.426128598203 5119.702082047106
1783.5798520551816 -4412.355180315355
8346.150610452765 7221.964923856653
9783.435099036196 3315.3281216131472
-2609.8241838914137 -2556.5600286876515
786.9901282249612 7588.824585637263
2743.689868723546 -8806.971037931176
-2350.9887284528604 2256.4458793319427
6240.717594991278 -3287.273904183461
-8494.038134377864 914.7728823744164
6313.412491273832 -345.85050791600406
6974.905098371833 -9269.391031313084
2246.6380135230174 290.96757276898825
2022.1465854704365 1126.918867702234
-9042.177149739953 -9417.810478109239
-9614.466169979169 -2044.0745209857814
7047.328705055799 7148.944247457373
-6561.7786130491695 -807.3132962011259
-5069.027924651881 3200.0250933664192
-9489.360516053384 1717.6339641005925
-6942.24255185 7539.128518949354
1941.2764639886755 -9583.286823440374
-5467.722456148536 2009.389710127076
7505.832244899462 -9387.082304355496
5902.642952941969 -9921.548955942226
-5621.83274123164 2753.1673689908184
-3558.785147222623 8739.972753037448
3405.40745425384 4309.637359619906
-6063.184438675306 -6494.856541850609
233.45439049445122 -1985.199285361694
-166.49844437454522 1980.4057414222316
-1301.9370596440094 7834.603704247191
6492.383479061242 -4624.728257487385
7900.5554664938245 -5505.651022992075
2419.398577798258 9256.755173342277
1516.1432184258301 907.0167891763485
7493.3269146654675 -5035.400129473902
-1863.2631684390262 4513.914629975268
9544.76155747804 1324.1556539657831
-5170.96730729618 8332.696175807567
-3921.8443125878675 -7358.608449109217
-7407.435256718993 5417.951334153819
-9504.546130273342 3437.1977240609704
-7968.675759635648 2474.724983063972
-9128.756112374185 -7024.20627651922
306.44835056930424 7525.475556951682
-8854.240905907891 3364.701266419881
-3683.6091766840836 -6183.860549889288
-456.5298519349926 3851.408582994389
-9945.107079918991 7557.135524947851
-2908.5889090218698 914.5006741570705
4225.9774177013005 -9369.720073210612
302.7939478629578 8844.694954740015
1449.092558485503 1052.756148818955
6407.867079096526 8733.86476107742
-1233.5517912129399 -6225.565215749672
6955.384437901026 -4862.188390808846
-7331.516889566767 -7705.013317819705
-3825.547540916914 -848.8270213031556
2482.307384136777 -2377.5974457166567
-5822.065555749667 4230.537826215586
7721.88731143063 5254.679142303734
-8095.0039299257705 -3175.5193941350644
5877.619085025799 -6848.410068250503
4641.776883615534 -2283.1142672361575
-8873.130849839781 4073.6184426233303
-5974.411650384462 1962.5910483062198
-8424.04635932289 -5799.718769584221
4629.437588520968 -4607.961616182368
2897.927582310689 -3399.766691927417
540.0824248038334 -6115.73581126126
-390.5139076891646 -7089.305010555733
-215.7601609779049 7955.236306021954
-8265.847042046651 -506.0936100332019
-9976.03937874405 9681.18384226993
4227.867426064478 -4626.541894568799
7633.596535833418 -8425.767384278388
9296.970493076868 8413.518760950472
-5912.797339928475 -2249.6892754690334
-2382.5029450261727 -6510.878021067281
8526.601884388707 -3423.0526715586284
-6531.400935300111 1805.8425873633023
-6553.233742534292 -9038.756757808402
921.8203963387041 -5937.658039335685
1626.5610579221575 7535.944994843925
-6518.154065116828 -8190.583883536593
-3250.6858379351743 9224.21683465335
7953.277849489277 -8855.649304213137
-2400.9280557395414 -2988.6434055498294
-5188.137148159791 789.5190971980828
6284.812202620871 6224.357769063779
-8012.469936641573 -7360.654689638242
4636.292527031199 217.8771237249457
6720.494117245922 7019.8796427168745
-268.38237101171217 87.82733285612267
-8969.420906646643 -2809.582004693236
9458.010837198253 2881.458766731441
343.8344683502346 8026.732590468222
2073.690812780731 -7254.52841910107
-8050.580573359775 2360.6491868770045
-69.85031547497601 -448.6744284722172
-9786.373977108387 -4889.143357215824
6830.547057353961 7759.6076640768515
-1143.1607796069184 -9875.005163846328
941.3262341200752 4632.936524054774
-2896.8832452226943 -2436.7832487062733
-9259.41886350237 1379.5700920258096
-3859.0072318893353 688.5886056926629
178.0943163292286 3407.520707514126
-4911.991294555891 89.83142847704585
-8961.616453343644 6591.641251321194
1530.3798867482983 -9352.91592168368
5439.492962395794 -4696.1896040951515
-9286.880260029084 1961.498453246979
-533.3232292739212 -5071.009425076405
9584.842957967307 -3495.334584207255
131.52592490913048 6687.593832566185
7155.378261171747 -8596.00596548994
-7836.5042463475 5807.250707494248
-8996.777468344426 9565.346933025903
8582.199400753489 -4565.280646152337
-8726.212047226012 -6255.620653371736
-434.76283741267434 -1848.647172789515
-1861.719116082896 -6786.811613626766
7817.738990287075 -5446.8323086285645
6436.974365318325 -3170.9658799062736
5466.202972933594 4079.2451473566907
-7890.4689895827705 -1402.946256717054
7440.6165377303005 7119.824262019032
-981.0530113819641 2229.0424096525403
9375.263400070668 9408.123463843516
-8095.411059056861 -264.46677167798225
4250.00594934228 9797.572302421293
-8546.298709598874 -4251.439793032146
-8689.735728944674 -9251.206251382642
-9140.322531665166 -5942.342246108458
3245.2961011670686 7198.334335746884
-260.7218772927172 -4248.216983487363
3170.802216961798 3953.7972942406323
-9090.096799040288 -604.9695519163924
1653.285744381601 4357.685062742232
-1718.083848465967 2824.1438068403713
-4170.005580715086 3684.919750709292
9999.93667101362 3440.996490360996
-2380.3131191008943 9586.661823713861
-29.08454363788769 -716.6344345998514
-3914.129983640478 -1134.2918477111743
3045.716364740294 6692.480884897017
-9794.443996169737 4966.397958580141
4374.83767325324 -7944.011710780031
-7386.998888464782 -6215.374230902928
1837.8029795849325 4890.1164253380575
2329.284890862362 6751.20089034663
-8050.328592025271 -2564.9953765972678
-4944.992805417909 9614.463367785465
4277.009095710599 1972.2892456520258
3294.7719842864117 2945.7072626778518
7149.583375460948 -8765.778851461924
-4601.4495289683 6113.638653197959
8332.931311951223 9558.72286972071
-7453.599169673953 321.7296553506585
-1669.1161569455453 -7145.028070617658
5769.452781685124 8275.002624370885
-8883.996075846137 -6020.769610486567
-8708.551153327591 -1859.5699605173595
7339.830261103867 -3219.184517986995
-8208.444667717407 7687.782679602038
-1546.2932905864309 -3136.744166488372
-6369.444277900611 -9154.56177838892
6674.89125086202 -9984.17149022369
5648.947892253031 -6621.715964827146
-4638.455148927749 305.83480225657877
-6163.1302003197125 6992.543732993341
7114.101836807175 -1017.8666233126514
7992.191215735442 -8105.023240745424
-7200.56568695697 -7374.409484693274
-8575.496613391997 -3318.4159674358616
3698.1295601334987 -5607.72151994577
-7170.839017081862 1403.5922207564836
-8895.896007191202 -4269.597649977483
646.9193654532719 4756.154350676783
-7040.321364756756 7612.093440812703
-5458.8667104024835 9557.854615519307
5488.158839504236 106.36078129111775
-3934.126059612955 -7963.2321464833185
-710.1427005835485 -2970.346676484274
1164.7407280604093 9911.47300873962
3996.4094549771307 -1554.36030686722
-9168.45867953143 -8146.915548231595
-6667.866121637043 7945.965906848898
3080.422514458751 -3362.985361354773
-6689.893745237867 -6071.088852827896
9314.445024513643 -5859.160831401166
-9705.496709434616 -5496.982740302447
-8752.007211602526 2317.2937119923336
-7210.299454825035 4177.922999091577
729.8214606330203 -5630.9087782417255
1070.4953245708039 -2835.208717235869
4129.954265194619 8574.89002890528
2146.7507749158085 6893.871153573105
5395.037931758006 9563.422797711137
-5940.358803266699 -5733.1019762732
7443.180323453296 4305.428538385748
-6864.390420576616 -1802.8147902827386
-9739.30436237356 8690.706139400638
-9421.968339283903 -8849.57580923621
-4120.408036653574 -8719.75376804724
655.5073431709861 -315.6438417979516
-4643.963006674537 9671.072842942314
1749.5866035225645 -4604.355602275327
-9063.547728780923 1884.0654067998857
-6346.335827144229 -4782.570200445888
-2210.7161884492625 282.700855606985
-231.33730615780405 -8328.796861493998
-6003.092640893301 -1246.6962707555776
-8779.950566060445 3461.791415550393
4943.535652456536 5225.051729283416
1424.62244474798 -5285.59263498297
-1198.6058204000783 -8919.357038924374
-5735.581491681712 -2812.1329977491687
-6491.153903428748 6606.178837187756
6778.995577867972 3958.2427955368166
-7549.4556663341755 7351.483948356152
8166.250842961661 5352.363765459508
-4008.8927122659616 -9880.267299489333
885.8463653127455 8320.745930232937
-919.794685062403 9277.909288248899
-3211.7910364780537 -1025.3219816645415
1338.3669090264266 -5822.710353801117
-8554.013073810158 -5327.645711625289
5349.207563024478 -3304.2173854720522
-6756.246301375475 6824.09511910153
1325.2000410392102 4261.62770738793
285.6452366036974 -1503.1407555810274
-8119.499889541601 -1809.3936356193517
-2190.4687344744025 -8066.59830904298
-664.2365072844859 -233.42803563078633
-8449.771722992984 261.588894884404
-203.72142353080017 7217.765924078212
-1626.8392426729788 4954.543851850842
3186.157885330991 5589.042029293321
4503.793099115574 -3987.5572000048587
6487.735295750666 8482.780376994167
-6192.951439718543 -4628.052625115773
8626.718374329466 5738.917166970201
3824.857444567342 -4290.593222932282
9760.052206165386 4347.192072884787
5658.852429924873 6589.130377755802
5164.865697074332 1232.3516059564536
5289.174469455227 7818.1703346800605
4493.261664190653 -3974.2855031472654
8549.219817418663 5904.232657656736
849.1361960598497 -465.83865625673025
-269.9064788404339 -6326.52820464719
959.6037096689306 -659.7393268698834
-5332.571013708718 5390.085862529504
7655.0199724451995 7814.906804596583
3167.134650853519 129.79891118807973
-1061.9996706949041 -203.50949342315653
-7244.4465123518985 -5305.553024029803
-5886.770753277446 7288.30055147842
5993.400745258436 4015.06778502174
-3233.7240144679845 -3251.517541281657
6971.778087004619 -8223.971603603728
-3178.975259722499 -9105.439910735733
-887.5481682214977 6902.902388104707
-528.2548908016906 -8582.827419421465
6023.489840055525 2591.9379980513186
7477.223495757593 -8404.666976465567
-84.72934400181657 3719.1459805312006
-4879.2049223582135 -1471.8237170899192
-2039.2313147555496 5752.163795573288
-2918.4886693526187 -6454.179278369592
5987.936188056277 -6301.774615675058
-6471.911196130484 6334.616941603093
-8979.09532228596 3156.7239012667196
3938.691537604358 3409.7231208941703
9440.637286124002 7204.992113832279
6466.0087528854165 -5209.406144790279
5914.565487443031 2631.1082011667168
-2891.5157657309146 4082.631575839461
9748.652859255686 6937.66831687895
-6485.02499545176 6640.905754750362
9944.238454929433 3575.633482116582
-8058.48770255933 -1910.5065677456241
7995.911237318327 7027.520488258222
2695.2512813854537 -8807.336872203075
8345.573658447058 1644.342459260306
-657.9085864253248 -7078.22671716678
-9588.228071419288 -1449.110941981302
20.87558405930031 5534.40749414992
-6757.747266730663 -6530.9332029558955
-4601.547419097514 5579.938913673805
-5908.360656575464 -5030.807505217201
7116.331588084835 2968.36418958222
-4394.993828402554 7444.28293400049
3021.0207046052765 8586.89227687813
-7207.958617042979 -3987.4610560525925
-8963.408963003163 3421.460653046195
-9394.591537053468 -8411.617258439968
2229.3756831906157 4737.971263418411
5690.794838951175 -6477.4378961532975
-4568.851201004951 5600.722617713909
-8244.92634528445 -5503.015004056373
-9271.48111755315 2853.15408540062
-2997.1144134899096 7770.116296879667
7192.678885113732 5658.685118630316
-5779.127502944221 403.91341867073425
1415.073034250985 -8202.91973002995
-657.3155271999112 7763.443117345516
-2269.0685431828306 -7865.565259337382
-7293.195072365537 4365.466519678406
8454.037711547178 -4967.477690834703
-1276.8717756463793 -5937.551065673701
3012.503740427168 -8064.085493903876
4293.145335118337 -1416.3996207734745
-1433.27471247229 -7027.072220581958
4082.4867233215773 7614.704290255388
-8492.899445052612 7129.112444919712
-8376.511752502616 5883.657798222732
9170.505937832819 5399.66075959859
9229.343441978523 -6871.199251779171
-5819.083970413947 7299.7576475590395
6830.319185642569 1362.2576515735382
10.98197444136349 -8790.437787707051
96.41321708111536 -9499.313191533276
-4322.239884842678 7253.156018971484
1589.7378811830731 8220.97921529955
9927.221709196368 7758.462180524923
5193.82579251095 -7191.396901054441
-9171.448220091914 4817.781636245549
-6304.045722239979 -1198.5400786186892
-4609.328801513501 -2933.739962658071
-7847.506797673948 -5607.749171651528
-4370.189608434101 -1481.7474986483576
5546.187345962837 -3162.4621161934256
-7541.623995821534 -8850.796594696178
-1751.8074481039657 -2468.1891247542917
6831.760470632271 9883.321641359722
-5073.413614052791 1940.0545205416856
8781.133259472364 -6255.009225021433
7796.985994535487 -8757.55830968856
9276.687426193144 154.49550945865485
3489.8061891452344 2329.9553204204385
-2692.80231888696 696.319647798924
-5687.395754095784 699.8833690431602
-4871.843669973119 -3839.082953408026
-6685.144713968052 6835.29946031309
8322.176270755885 6258.508361627819
-9683.583225306667 -9187.214805897827
4131.728807084237 5126.133254660441
6939.843733975587 -7832.1832313962705
1465.7211908170102 7596.812679328534
-7309.384243076049 -7542.607501652738
-952.203792403292 3172.368994886787
-8741.740046062983 6494.626465629011
4365.661965105493 4739.067831884786
-3534.7620245412563 4890.206422397776
-4602.839884425806 7287.940720372902
-9330.605721639404 -4679.2523165554485
9530.186638579282 -1750.7251388073655
-5070.3510791675435 -7145.747433190195
9659.979402029669 5523.425746968833
-126.46053592008684 698.0276694661006
6138.711705417907 -8112.236704826195
8959.114616106206 1894.573453806197
-4931.288251552035 5182.217940263223
-8297.408653989649 9776.110672806077
8372.055357136847 -7476.454426934704
-6552.910256811641 398.5779674234873
-864.3241476179428 3771.0930224067233
376.6758621384033 -6288.929711391331
6922.5411939496225 4564.497488709043
-6266.163582544095 1876.8670083532015
2055.8564292411666 -7523.590540805185
5577.424284475132 2947.3352627498844
-4675.339488840835 1170.9870732422387
9922.014854106208 6000.163614957446
125.57807314244565 6931.567386063565
7728.526015727613 9888.531383194142
7746.916280471025 -481.42975923036465
-8030.146432449536 1907.9731942354956
3317.674710250434 5041.353470575683
9874.180637344096 -5027.136351079089
9885.472914696446 -7624.60992745522
-6547.4618878954625 2304.5927264898364
1153.776684162689 -3371.203892798695
6546.0757374661225 -2831.336720136069
9600.237766958471 -6740.105960072023
-3117.563414886986 1858.1033791534137
-3985.6567501530526 -5329.8469694819
5009.514141594271 -5094.271025817021
-1066.0002060263614 -2555.4991737584887
8478.785254542883 -1582.0350535083107
8027.0629627230555 2883.662150134387
9279.319011651718 8458.079972764917
4155.2488013250495 6070.836561219587
5277.46549619287 566.8380569794426
674.2495903835006 -562.3263298537076
2296.1358168923834 -206.24623545892064
5465.303531519907 5642.17376730121
2471.491677264594 -9977.74132545804
1259.8558845340795 1543.793849397909
6653.763367628035 -9092.73117626166
-6989.631712542872 158.68552989454292
-6127.162851871977 -7596.205141225915
-4623.2685004559235 700.664276808262
9268.132468186355 6650.3770170123025
-9160.851710751 -1838.84778582559
3386.2258766428185 -5118.6940110099695
-485.2473894061113 3353.998524372184
378.5612508305221 -6923.268116967225
5446.647480336016 1948.7384559479397
-9614.494587026024 -5780.075268537357
950.4410241475944 -3261.494136448213
2271.9094723425223 7316.10204182997
544.7698911305761 -8763.531340558271
-3116.7595088193757 3737.403263365528
-941.2929607390561 4667.323162607563
8120.261580058865 -6.255835445754201
4700.355279674395 -1481.978439233948
9384.138336156477 -7310.572209488968
7187.333405417419 3034.5824154116417
-3677.2437902990678 -3789.4270434035525
3481.27120062663 -1600.5244828233444
-6687.057849019846 -3401.457574637352
-765.1696859338826 9796.7378505128
-9257.807035130065 6099.743329779798
-7248.815675547898 -1830.3735780058614
2907.407578544149 2042.299724448294
-9927.71750515563 9198.278431868104
2227.040250024753 975.2752130245808
-5246.35715611856 1872.4975373376583
-5533.006006839276 -5583.734906426849
3949.817906624072 -4992.55283318667
-8190.533188825999 -3911.656521234452
3626.084891897026 5147.679386798674
-4152.103706138865 2187.499661527465
-9971.681650693512 2527.6003342560325
970.0244813909358 6006.86030527947
-8015.591168369827 3104.1096124799315
-9904.96450497017 -3845.8540005326295
9177.001039469767 4149.822237210541
-640.3926814201259 3633.9711110982553
-4781.277720425678 -1507.069210486252
-3898.3609985035873 7226.74441590803
1177.492816898397 8212.425165391673
5369.308821149907 -1118.9048930446716
-4859.1021751157705 2445.040721844829
-5812.965622843347 -8753.10101089933
6475.024385971057 5932.962539950286
-61.192971615433635 -1988.871527803144
9624.560799827887 5038.970381170986
9483.27959662992 -5641.07282379104
1617.3681960871272 -3821.629230035761
-1006.1021499412909 9667.43956197779
-121.8639789202116 -2035.2973282774901
-8978.741493592499 -2549.8921602804694
-7477.853379949745 2838.8786706156116
-5096.194312966795 8604.281453743297
-8008.429040693083 -3450.9305820522122
9406.85986563922 3175.1616795136724
-5286.8679025618185 4571.294161214888
2348.893326506415 -6865.756360276696
-5602.628653555666 -6591.657709016767
977.8745044656862 -5919.416767628187
-5333.831564925262 1677.3042617822975
8989.396746386024 -2691.6283987921433
-2113.437345201739 993.6456832436288
-8667.772371060933 -4655.548576207986
-8594.664621331964 9882.411964426952
-3674.1879721334362 3844.5747302264936
9820.215692547717 5294.820211021193
-3881.827385198935 647.3448374398467
2489.9831145332737 -4218.871734147855
1141.5553913162748 8819.95416561991
-822.8563596935383 -2031.6460234182368
1977.0759851480107 4689.982875658041
3533.2583684294823 -6285.949165157125
-7081.4730181743025 -5857.332418139885
-5921.583031044944 -844.9851109936117
-4470.586195224335 -9126.77431812422
-4607.246322188316 8842.454604609738
7616.19480016164 8818.962050572496
-1570.6986717694763 8252.802814394468
-6705.396625219231 7656.045504684185
-1826.1022207623982 -3813.9851140024075
3204.8358129783082 5030.998718638493
-680.7445414481062 4910.84993729354
-9564.69597973138 -7892.893304245419
-3813.2847400367154 -9610.710963508882
7343.545124599492 41.09133312400627
1820.6122459742055 7509.894511471135
-8783.20181124329 4165.573726888637
2996.582803198269 5982.586668757342
-7406.347222578899 -62.01242768133852
-7173.4380576558615 1394.9484842783968
9072.093059623 126.77026227383067
709.6013843696492 -7097.153761981467
-441.84108576372273 6240.815064119432
569.0739325833601 -5874.207929663679
9163.352541084376 -1131.6813449886504
-7366.78512289052 -2959.8524550393204
-6662.173577502468 -8623.679694014334
1457.3657893715044 10.910245364637376
-8669.701784073859 -667.6172450217418
-6547.304530603873 575.4849970167797
3694.5410487601202 -5954.978973405463
-9122.435807206453 1190.5076631513148
-3683.804182009447 -7220.360626222517
6064.128285714991 1875.4247572307722
4312.58093454168 -9508.098157448312
-405.8363759971344 -2465.7849706682964
3162.0534326815723 -1669.3976630812049
-795.4919839229751 -290.7304195398756
-8451.596971355015 2697.2744953441434
2393.9230891279585 2619.121497824368
-9340.341416681757 -4690.075382004093
5019.584567120382 -8445.636146145598
8059.5854959581775 9503.429988692867
-9387.184723863924 8053.752531091945
754.0799495589636 -9090.692597613917
710.0775396794452 755.1514654969596
1703.5435615573642 -8307.294449380244
5186.66020524301 3413.6210845515216
6786.255068276314 6684.63337959869
3396.8826899665983 -7698.374872376806
-4903.354755861107 7032.594783467728
-8133.935816918378 4053.9743875235254
-5533.710087883758 -7597.044355003475
-7654.101029563873 1992.7808213837343
6224.3532092913265 -3696.4783089854445
5236.290011742298 4065.365820171297
8468.098699667058 754.9665135621071
-2306.899947466294 8750.707793927384
5493.017557506686 6324.905902837765
-6817.315521695715 -3362.3280763537796
2536.0055111352867 1448.5652584689396
-189.5262880056398 4850.940142735981
-386.0567557564518 995.1461925706062
-1557.7122651333593 9098.181211669933
-4006.0658736971445 -1800.8400450223508
8453.457002205938 3834.6931164169855
-2289.6426060235053 -3638.8585854322737
-1117.7510444300406 4889.381824314223
4547.810191860122 -2867.680686826874
-4169.512234919639 -9131.394750497193
37.90303676501753 732.9802769573216
-6854.326672347522 9752.070370873433
-1728.1989081921274 114.40357058650807
2735.3047262863747 5317.620338310293
-5290.717407874527 5859.421906819041
3305.526104136261 4379.410641717674
4669.021055289917 1526.7997159496535
1882.6124029494003 -9703.37245581118
-7186.322520272399 179.7907278489256
-8832.780479754956 -9192.44127543116
-302.680724042817 -8000.615398303681
7587.741133521213 8966.482455339476
-2678.4335633589017 167.91371572678327
9860.501297603761 4808.492592819246
-5349.211737020305 -2381.1580384842327
5930.930527865581 -7659.954576061141
6165.572645944079 783.7231045124954
-2638.716199645246 -8449.34251407154
-8212.399487947394 8127.457635631043
4546.8492129040715 8363.847343762907
-5112.044449103623 -8951.849029841174
3584.0196032304284 6793.064702483349
6594.818018081623 -7371.982320996842
6179.990943785431 7041.018738009501
9245.385655128168 5756.938913478898
7685.268049147071 -9121.544427008277
-419.217133094382 6310.437380423735
-4853.439299019149 1361.1049885022694
3161.6123715940157 9348.988523597869
7219.059599440807 7791.170766192001
5485.722251870826 -3284.2599437555655
-9156.517650393374 8802.387631731799
2418.6609855686474 -7055.121622575689
5784.700319136236 6545.334162751875
-7198.805816980444 3053.018564088965
7445.147292829384 3172.3418544857504
-522.8191356249099 -9428.825998771057
-9192.373570387363 7168.990407057136
-8511.008709534717 7084.99646314502
3928.536440713451 -8448.143477976664
9816.567121041593 5586.14895027397
-1906.0566265572106 -1450.190307699646
-8209.863410690781 -902.180170769032
-6432.667904855094 -3891.1654964181207
5185.482483937958 3322.551330196162
4799.273181849216 407.992780094497
2014.5914388909314 7470.703356757254
7035.654009342859 5546.806035670243
4153.405304877957 -9036.96414676219
-2547.4722487592326 6661.997409413409
-1797.7013141195894 5361.052070022433
8262.032497302182 5954.174527064564
5353.829116633966 -9336.115720865353
6675.246869447179 -7547.287907461556
3546.1918038285803 -6979.311018513561
7174.257769061449 5819.725012763687
-6190.264052939778 -3057.356576536851
5237.1092103829 -7908.296927826835
467.7910815326959 -741.1877453648303
-1524.2802917552199 -5019.9860842383305
-4268.030454171146 -5654.694181569522
-8911.742031021506 199.15462595251483
3236.0106692879326 -9432.699860861618
593.867880039852 2264.271664999238
2181.136244404768 -3591.3465827755454
2009.051888308355 -6702.860629643921
4019.8069231130557 1424.0034781807262
-6058.586414347078 1602.4375734096757
6983.653793810638 -8066.605059663636
-6482.123056746363 -5876.174809804873
-9734.7124653152 4289.632283750525
2630.904794484457 1361.9574813397085
9292.57753993585 9583.716211892737
-3322.3626697553673 5934.266025507497
-3712.090944151778 2813.8778188939013
8783.291746752664 -3321.0386659133273
-3816.1731858619614 -3171.123978440096
-2558.445678101036 9053.379714762981
-3029.613671248874 -3233.6142275728253
-6428.885197133441 9549.456712262196
5678.43329929884 -5757.538057325768
4178.8956594133015 -3053.244195123528
-3543.058420518508 -7791.793383080918
4136.932481287555 6446.1517584334
-4418.553979000126 -8825.05584440854
-4978.734915393698 -5925.094681383332
9734.514749105027 -4580.649492646907
-9472.37709969116 8226.541283577619
8528.105634272208 -6184.86142233575
1670.0658927853528 2796.5857041528143
-8.43613693694715 -5901.928231799873
1785.1764164799806 -7902.124095699004
8627.923698666662 1656.2157097136023
-8694.218927654949 -8413.177654941173
-354.92432827665834 -5652.4928029319635
-4665.391050184285 -9595.358711165574
-9902.716960634794 -6618.12619802776
-6760.323091275726 1835.2519579018408
7926.414617986058 6965.288315275007
-1190.3818901469185 -3995.828315906103
3271.192949929922 8188.303063610845
1948.5662111303955 -4509.586720951939
2916.6382623528643 1551.7638634537907
8456.60997356815 8996.026738969711
8384.817569583927 -6442.435563791567
-6866.744525983823 -9184.38918515221
-9078.10455055603 -8047.554629035048
-6742.281221771884 4570.745812353625
-7484.597005017932 -4501.9860233854915
-5558.705302640772 -1478.024582295233
1079.539667707968 1550.3089679821787
-1086.5536628912723 6743.619956939256
-9924.76706674009 -7732.612720144054
-2505.3382226781996 -4455.653878912797
-1914.41732200569 1923.5759547825946
-9174.454621696255 -2260.9058718229
-7753.767057110801 -2405.820691127001
2863.0000423292186 -1274.3989807008475
-9065.893889416297 3384.594121234295
220.77316752158367 -2208.5707704049782
-4253.148868022611 4412.937787027664
-5376.956322634716 5675.058197802566
559.2646000081604 915.4517187455185
2556.1361878287953 -4872.748703984815
6321.8372976902665 5129.100602785627
6144.842607977251 -4933.4226688707595
-5729.498415476968 4015.940862261308
2346.2580486883453 -9104.391961853267
-2654.450282460106 9428.993743387276
3745.4238219628514 3641.9801229524055
-128.39864421519087 3979.5018175372206
3553.488566031763 8811.161391189613
8929.411129182023 5650.626316385084
-149.4934883151327 2185.418864252684
-2645.7957029501868 -2887.229237271201
9681.383056469247 4276.1397181960565
-2075.8597217554816 -3269.100675125507
-7695.09660437429 -2265.681116259666
-8943.588571354952 7414.3554759806175
2712.1750027831986 -7253.325414465295
-5792.616299925106 6744.8526853550175
-8527.779017232424 -5707.4828370772375
-9822.898526264025 -2771.536524795435
-4971.129909271934 2109.1474003316707
3647.3739659168077 -947.4171997320791
1764.498738002847 9311.22154887472
-9463.416864124592 -610.988318908845
-6537.4198450781005 -1167.8299178245234
3133.23622818301 -7930.552425444968
9242.402743380888 8203.421032738817
-4525.784214863644 9369.836616113847
-394.2673665552393 2659.827890180748
-1937.4278734447262 3675.1904432269657
-8073.402428869725 4157.365119514445
-1226.389037488303 956.6340615586159
-4468.2329346163515 9611.803362291219
-2323.057557456127 277.6016403898011
-5539.0697083091945 -4485.259478011408
-2493.9465871867887 -6043.746407161972
9061.9552740203 8056.012915183972
8635.878309295262 -8453.649488107287
-6231.958160967506 -2020.827109878609
7682.754800810908 7458.969017506624
-2280.034438413303 -2380.623001193545
-7779.9619570562245 -3167.3966232447447
7338.037123298494 -6079.326982945227
606.5756916013052 -2830.6452444031383
-4485.208087934638 5702.350734548225
-4445.85746846019 -5709.938217381885
790.8364146180884 6041.655680091928
2813.829098957236 321.3890376808067
-8307.314335705374 1362.8381662531174
-7759.688834766467 8713.03878961988
-3647.1670193725304 7670.1575613617315
7496.801331659415 -3306.5873808277256
-4401.305292386506 -8664.881307798481
-7207.578442008182 -892.7961933931238
8888.482332764972 6945.876297039642
-9702.388958845428 -761.4371568066199
6788.458838177208 7949.402697792393
-9737.878845996505 -7991.382958654316
1127.4488089365932 7164.655162688407
7364.027150367612 -7153.685120235959
-5469.135310949651 3717.6561329256
-8552.887670077087 -8433.321424784204
-5272.066791509238 -9452.957552864238
-1442.1210650236899 4750.748036487377
-4157.79902540681 -7648.701016126392
9072.341023257883 2406.621021667441
-1183.192047843815 -2303.4516166752846
3706.6767018019236 -4898.830286452294
6192.429234165473 976.4243871888684
-4665.294121308037 6287.168245724561
2647.180949684376 13.220492915042996
4789.0720142874125 1210.7123649966052
2024.2014279317464 3312.142292354705
2201.9234560768546 -1431.0181977509128
4014.0213533731967 7328.172283012042
-8055.223047202043 -6001.461129635623
-774.7561088707807 8577.691589505357
-1143.8348492196565 -4490.472743998773
-9931.539219379147 -1975.3229379071026
-3800.4228288316444 -9858.725490206958
-3305.262043499033 5893.930718399102
1673.09496262623 8399.97861394483
-7828.592196953381 3911.4670289131227
-3203.9469781744992 8449.291857019849
-855.6816096168386 8944.841883284986
-2873.0665501335225 5559.791691728044
1427.086752130297 7113.845974196342
-3979.3599163564486 3983.4752770692994
-1725.6843691875547 -9335.332318467785
3012.1717890155924 8204.565389846393
-3462.8600199887314 -8751.742910005596
-582.3460553156674 -1571.9114882379308
-3534.130917381799 2716.3094592098805
-1627.4388720241386 -8797.179341662799
615.9074566196978 -5854.082942258303
4280.900590202649 -9764.629301205701
2129.53134838971 -473.3906692701421
-2471.997207588821 4737.320148826011
8607.514646142146 -5608.847603538996
4313.50127138258 -6942.513755353386
-9149.004432333792 -8355.859741642565
8589.96259564715 -2113.445690539568
-8054.608962344009 8940.053563481582
3346.5548443120933 -4018.5480400746474
-8525.437386004054 -1814.8644835659697
1856.0373452525946 -9857.98114129705
-7905.151962239268 4085.079063836414
-3992.737270628175 4082.670006639253
1264.9819613399832 -6866.826557545358
-1525.7054385940355 1876.9059662511336
-380.6669133889882 7031.231468198679
-1772.8585823036829 2812.687234793437
-711.7171795447593 5258.248948856077
-5231.983370554365 -218.1613035832779
410.99690081797416 -9650.569408021353
-4519.050685988797 -5263.190691207691
-7847.774666581008 -3579.14619286539
2611.4628021154076 -1716.728510733199
-4273.8127226432225 6572.7073745687485
1646.9509053537859 2137.1930322538865
-8753.00158929266 8026.694346928543
-8752.707954178506 2960.1801253825706
7666.502934679847 -4799.152265328495
6379.141617713367 -6002.959347632872
5626.783717188629 -9602.335739652422
936.2504606575403 6974.6691649452405
6746.026040580004 9379.10710947755
-6117.93575228579 881.5262579174068
-327.18447931183437 -5175.292438316277
3829.7676096185223 -3467.880736076683
3185.3646678289697 -5483.377877592284
978.8360100407663 6231.071942635537
9678.558144659404 -6931.813140411674
-7543.926615624568 6386.501613012737
8573.12308207728 -3889.8558895000733
7363.012468368048 7582.604593053591
-1502.3711985329592 -5928.612329486847
1210.4664809981605 -8593.51765086105
-464.5675558544226 -961.2780007637411
-4075.080837585856 6234.415889906097
-7604.910217008723 -7347.213999559332
-8759.640028921578 5217.943440114392
54.159682181818425 5594.956722693387
6043.063340797857 8870.24997476055
9242.733463722005 9942.693681435787
-5884.276134230815 1938.5445313880882
4074.4272648258448 4518.449163382198
7731.266894119664 9658.24539422935
-7801.01158561108 -9670.08013408491
-5324.44343430817 2019.9530005389806
5042.0599917282 8297.07736971648
9532.13125882125 6340.356220481915
8014.067250075659 4684.065102316768
-1558.995650830644 8213.358512811006
4011.589893436925 1001.7141476287688
-1952.5319153271757 8827.875235118827
-5899.014446054704 -5380.926568942969
-6014.2432315765745 2673.9122873517827
-7034.553169106761 3920.021827354558
-8003.683877801713 3818.6854162312065
3513.07384162973 -2436.3281115335258
5654.3441097392715 1219.7003639071681
-5015.051845831866 -8745.05858862094
-1308.827688565454 3951.868129136872
1968.6093742129815 -2595.682059791018
-2981.043110379187 5760.887652366451
7913.727378644508 -6846.494993047742
5823.061253625334 -4984.71482909188
-3936.8088740346184 -9533.71621515821
-9534.5812416535 914.6490584562325
3154.213599149145 8331.59634875866
6446.064639746601 -278.2326094805685
-3189.5142421600494 1598.4970059380103
-6701.065577924126 5821.518954548095
-3762.201827027896 -6439.71779432857
51.94211903269934 1569.5322501363717
7651.966263760267 -9872.230357325892
5760.235759278734 -2821.2174095528853
-9190.697670571208 2279.3408182817766
-2374.537351796873 -2697.5478284736964
-8923.731094463106 -9551.965885777685
-8657.24465777084 4506.531027371519
2666.3802997512903 9603.614780493244
3571.0755693848387 -8514.196665318825
-7011.203787082217 -2989.782975230766
-5198.549609675396 3662.0069152808574
-4505.520775443561 5987.808700418973
-7598.457903442428 -8286.881290216059
8972.18793931941 8478.369433512202
-1756.0988494341127 -382.1285115518949
4937.976872620604 6815.360692999249
3079.157501598578 7959.767091993472
1578.2884948021274 -9182.31702267309
-9305.689840774554 -5479.99644085589
-7351.86950185091 -9822.989427225175
-1099.8157672807192 4598.888327678809
2792.2281274765246 4080.017732026892
-8478.973768972019 2040.4744443865202
-3051.5449609503785 104.69037196628778
5813.123127126457 -1404.6954355733287
809.2545705429293 2652.561514153558
-6881.779029024587 -5958.694417691939
-8241.842126078309 -2473.637414507677
7061.449060176514 2393.0372664182014
-4735.070703093012 3735.2529167167177
-6767.663262242924 -9435.352144286904
-9585.744358159813 6207.428638833304
-2958.567320574157 -4987.948533373372
-9940.678924740076 3812.584055533969
-7676.060334670072 9164.998171062485
-3967.0009984593735 5944.338791825954
2265.675906950344 9869.85386818802
-2084.1850071200115 7885.418746855954
-3644.4058615876893 -5400.914991113353
5051.225320654727 -9723.981029250288
2322.984199441542 -7156.430604359461
-4184.829317875076 1228.4404537981536
-9603.608714605256 -5110.956886773161
-4411.726930780897 -9021.250234895911
8725.204292533752 9088.120573210279
-4554.556703488006 -1561.1371089544118
-6566.251668553876 -5225.496179301889
-2730.92641323095 -3389.8852794346412
4531.647289625809 2126.1371620597383
-2191.5947053078044 9542.02582098974
9783.11271642334 2569.229392412628
4149.052060089269 -2632.35383902384
-7358.274327359742 -6274.781801497234
6123.082429203534 7919.496860823496
-2513.810838532855 -8562.090942328263
-2618.5419997065474 -6472.204345365711
5646.427224227313 -1921.8277740256572
-3832.9632170964014 9825.313009624348
-911.6822225605301 1108.7491559789269
9267.755715200092 9730.847075933052
-4870.746008178342 8801.860693979652
8196.015465372711 255.9783936148815
5185.628104607529 -8962.52118842759
5331.690744339636 2377.407573258177
3307.247643931727 2270.2725519849864
9582.599153292424 4939.848809386944
6132.591961323496 1038.3962254604776
6057.671246222313 -7597.907542957416
4902.726815872065 5797.448603975621
2314.4635736609616 -6788.475519338293
-7699.397177674255 398.0795523557663
-5065.928486483409 690.030527199031
-7863.635201135832 4185.887078910286
-5507.110247021869 1536.8781811049612
8278.207435630997 -8512.607337102025
4442.1003310578635 8401.82269214399
732.2270602403732 3156.0518140179975
-27.85924937870186 -7545.656433963075
-8596.39228711132 -1112.5984370774604
-3369.1543263258163 9472.566242529669
-174.5987299870958 -6827.391305286019
-4719.6669000473275 8698.088034335262
-9979.932308124868 44.83817766413267
-80.87122700625878 7550.581059164633
-6337.166191887034 2183.0163674404685
7962.428274971757 7268.695708428677
1844.8464372195303 -1527.277048684291
8764.78873597574 -5358.543772283994
7988.009450875605 -9215.90596201155
-4514.031915283532 3216.982916528792
-2157.7254582961223 5511.785801052612
-2157.977451309279 -6276.957240150756
-999.9074675881075 8332.195202826759
-1149.8217298545205 -2093.422423549422
1991.6152107965518 1668.2970249540922
7367.411333846729 -7402.978228753851
7778.1551035732955 -6487.39330127243
39.06584483300685 -8479.12124430706
2340.318205030091 -6456.057810497932
1215.2474137861864 1242.6674086578332
8061.117983741995 7883.804451412008
-2540.860926431412 4580.030638350341
-6266.695506361031 7373.364069983636
4462.795878670464 9938.431343235836
274.0309732100595 -4087.8139464369315
-1497.6334595152493 -1766.472975484532
-2391.1025063397665 5184.992109420469
-7993.885400691432 -9583.022191947077
9691.314694114182 -9987.093960500102
-6624.991477858169 8094.078357569648
9252.031446343717 -5399.208738963299
4887.051334174148 7319.288099441328
-8372.409225276302 4112.442182499228
-667.0570713542547 -8621.637975619025
7895.361000713405 8290.54933878392
-4027.9475501083107 -7786.536628951655
-8453.274025707518 4248.512572582033
9464.108448403502 -7879.716993576322
-9941.106533581675 -5903.6671962160535
-8376.601522530997 -2556.150740402978
-7020.288252134014 9722.973737902059
5158.692673021915 -5777.629455778135
-8481.225488762915 1842.7317503357353
1003.5008745452596 -7923.89165996878
-8857.990532386013 3323.3200145891788
-3592.3111189644533 -2889.0682163449037
8295.847722293107 -2151.4800039664688
9652.876259013003 7203.864694090833
-4859.019435093843 -5871.5869129202765
-929.5502959957394 -6239.40820818077
-7945.386707084887 3155.3607253974315
-1017.568260774713 2882.5449508687525
6664.033448828752 1414.063840937648
3251.8537540741236 -4146.154767683283
303.2165360010458 -3510.828180353882
-1679.3234369348756 -6043.9567873608285
8038.103634138843 -6825.906486952218
-8070.275387587042 -4158.76179017788
6785.080309949157 7969.787729512234
1156.4953502160788 -2958.168010665354
-2448.8982344248743 -2227.500887594365
-6026.888447908221 667.8140674589431
2452.8181674905245 -5415.466337142106
2218.100067062185 5940.144617810587
-5074.055369582881 -7757.655119021447
692.0697556956147 -3068.557906131641
2415.0466348233986 -6558.656569438836
-2971.2103989432826 7732.857696773866
4837.802505107318 -4252.990314754051
59.55431861823854 -7761.343782016652
-753.2798306496825 -6182.959850301932
-9419.858902466323 -3162.3070959618644
-8634.816260718972 1719.4119588817466
7746.066245359041 2523.628161818566
8053.621061498165 -5983.586915358057
6763.256998418456 9283.368664133512
1265.4808333100136 7194.837467826801
-892.3422737691199 95.90198027777114
-6318.379770670011 -5942.297178441109
-4801.304924944734 4471.320287875173
-1034.394083749452 2852.997925713771
-8732.05958477323 2182.5107329988296
-4538.658381536442 200.13684860627836
-2894.295946496625 6689.622777208773
1158.338241174224 -7715.060676607146
9434.708019767735 4730.105048458821
9878.85077536543 2329.121925860183
-3148.608620538369 3644.730595600531
3895.0105616907986 -5999.566486049462
-3408.197233023431 -8767.284631559547
-3437.007293056653 -9785.26483173291
-9179.552937722166 4276.6678522317925
65.1562615834464 4691.468787725906
-9293.14580646474 -8649.224602091783
-2019.9913157859846 -340.8745589478149
-9753.94940776269 3123.290799858147
-9846.252173344088 7267.471935635378
-1404.4898619840587 9087.027505314152
8226.047715237542 4548.459093264095
-357.41736458702326 3499.244322675604
-5833.3551945783 -7822.1172492831665
582.7855515225601 5284.940131579064
-8691.790055312187 -4174.968983380014
-2519.230754670565 -3244.7533179824004
-2385.1194933697343 5537.706462658238
5102.158095241473 4215.261082012956
-5695.263933877661 -6604.835226470343
-9254.116277009649 -116.68548952934725
9448.415266015083 2571.6717607442733
-2626.968478621867 -983.6732243575625
5794.971510658976 1988.533063263727
19.626860975933596 -1266.4348465469793
-5170.030115960622 9892.614684579647
-8702.807323165722 -4246.240180129157
-5050.263961588035 6984.514074505918
-3273.6811012015314 9108.214458320286
-9360.419670942214 5129.717975173564
-1285.1104663979404 865.1739418574598
-8327.287255754867 -8778.782473548035
-815.9818862302054 -7001.60257571256
-3399.5146294811793 7422.228102894973
-4838.848832153644 1755.5164093674866
-6816.507680398889 -1197.2000299913743
-898.8004764197049 -7770.565567408643
-83.02293924450169 -2705.7244584304517
6262.977240663306 -4691.334070602218
7432.888221092118 -3079.302958220762
-4840.387351843143 6780.172109310959
-3685.1571336756315 9426.425422611232
3918.0249060320766 4080.9198826203683
8741.157544529939 -8295.60373429712
-4676.051024221266 -9957.979800835512
-4624.984490639603 6839.5783270063985
6395.408629007321 4941.989925029997
6049.741317929602 -882.6244381638899
-5481.063260085801 -1716.6899245659533
3051.065131360827 -9993.147627642951
1499.2508234473607 -70.87076498669376
9177.160651292234 -3086.166707681481
-685.5017288830404 -3415.3976261870157
-738.8482229836063 -590.931114001587
-3064.404634941562 4080.024593329046
3469.6843938524507 8671.834258953095
-3740.4182810076445 8510.565053989503
-6554.932702926597 -4950.535672264456
7023.32263410819 -9989.931025375381
8237.398627119685 -4081.502666569075
5505.306729908989 1784.0495257736566
5976.987797088876 1443.2574587368508
9889.675014344786 -6000.353205102801
-633.6969678695386 -637.153100542906
6358.036620523957 7227.989570848262
8324.568562282911 -8402.304238766439
-5708.966560374167 -6642.948185138619
1497.0538794164186 -4748.042784925604
6403.008437158609 -6759.253624385952
-155.0056102881863 8498.202505970952
199.5600242696546 9822.66641636457
160.9871737670819 -2133.985592360901
-9160.85299885027 3070.5266413838417
4108.627539767369 7616.255177582825
2296.3367888084995 -1219.9746189441066
9264.03738095543 4167.913735851267
-6334.318335773976 7154.497534430899
-7359.140467296766 8954.616207800216
-9488.38105557658 9039.387673043457
-5690.814284459984 1623.0294972808788
-2638.802314512307 7788.224697088081
8972.805574926802 -7854.4572966476435
6752.838559193253 2959.44486817534
-3251.944645937264 5204.772980618112
-7304.256512763619 -1608.9445567246294
-9108.538003139369 -6882.4022424014665
1960.9733441470853 -8327.209225239565
9852.285019558567 -5398.435334781926
-4683.380408242837 4633.077979012283
-6220.049861084262 5846.69465210889
2635.909676730169 5180.770010516888
1495.3008348937365 7640.85052129476
748.4733275205181 -310.7267421369379
2938.471984764081 -2293.0113603826467
971.427265659624 2083.344236667359
4235.114761604835 -9054.217198118353
4448.325255917534 -9113.50626086166
7776.607087928576 -8062.747170028859
7740.425783094823 8709.586512399848
-1911.2267529543578 -6159.807353283757
-1443.8451657365858 8.8846157197695
-4232.429422551618 -4261.646384441855
-7928.980174982469 2414.438149276597
-3610.9208188922785 -3482.5225776365196
1981.6636665902624 4527.382226366255
9055.057467301016 -2482.5427595466244
-2745.868384545058 -1192.647017063824
-9885.78101903978 8489.029969723648
5467.849073370666 -7981.094929643417
-8396.696960882966 1794.5881651722393
6723.199023755678 7678.444517196498
-8919.090588586912 -1672.1665717022533
-1727.993817318551 5040.871990315516
-219.0218846304506 -4712.833192041708
-653.3697522972016 7387.775014007057
-608.3003153606223 722.8492553908491
8104.78874075169 -1273.3378039799009
-5730.450560390867 2688.149549667407
-1826.374437105489 -7516.5999527928325
5527.04478796544 -8140.183403803263
-9032.048238212394 -1632.3475599087542
-3813.2731878529858 -4346.598883626569
1773.9964480953495 -5686.2006021002
2472.7833482904043 9144.096434397201
-7468.600788527425 9247.447657495173
-4684.3759314867175 3513.914031118584
-7687.400344232101 -599.6825048473602
8273.637322948314 -3718.8167014207356
7690.163569325254 -4006.0624514609653
3330.2556981045655 -771.4877475205521
-500.98182338443075 -4664.761531616961
4403.363994353715 -269.49918223163877
9941.943891581137 -6285.204135679789
9907.999319591818 -907.3437754307852
4553.111584729644 -1028.8796437569872
342.1827736503874 7548.121633762537
7225.823408327582 -1817.9422944657645
4619.644469398132 -281.02412367742727
-6672.941675560391 6667.0157735351495
-247.89822272552374 6634.023940252184
5862.794915685485 7331.387570287254
-7512.345805473093 805.1578843922252
-7275.48027297104 -8642.799548268289
8640.772791127732 -600.4872115534181
9238.716933918477 -8658.32430300779
-3896.7354745897055 7204.81150232927
9557.545487194831 -3791.961108221256
-9095.508013320044 5870.4367576200475
2870.3272531351613 -6439.422326831183
2193.047873023388 8816.937631248686
-4018.1482714818003 -371.3945844863392
1640.97872898662 2241.8175504744668
2494.9393706626615 9541.628150703986
-4474.437107263328 1809.6267757566566
-9348.911741420878 -8599.303738122613
-6377.444347606361 -8100.480315536011
6824.441736234432 -3541.4499541079313
8048.718200256735 -306.3910787867644
9730.730464320528 4693.8455008199035
-2679.6476398627037 9924.590504965661
1604.2323126163938 -9837.610978269697
-3851.5258787445373 7761.285595467092
6912.212597306621 -6269.020930024191
-129.84064912169742 7095.885919524408
6617.708218802702 -7852.907008338912
3919.5058367242 -593.1398524099277
6567.927915701417 -8129.6709052597935
-6629.440852261985 4406.616996439379
2276.9380460220473 -6310.836687007342
-4661.543274986912 -2156.7976817988874
-812.2710270975895 9869.229236764928
7903.955421422943 -5889.566428021931
-2559.8617471864627 9427.005306805157
3230.4024313714035 -8268.9385052204
-6762.460338425039 -904.5761886701766
9671.130212249362 8312.67658221821
5096.584954703278 -2354.400144809485
7919.153720891089 -1763.7384026861564
2580.719008544951 9451.50977948136
9629.950191665801 1122.4201811870244
-2440.4215085727274 9532.12296757511
3452.023861075666 -7969.503094932117
-6397.212117739544 -3221.861158036326
-6971.154041390835 -4619.069854108621
-2191.9065716637424 -5331.864187968394
-5710.320201748323 3751.360726731098
1180.1527968271294 -498.39663980572914
5225.696785186339 9982.162759152343
8617.732119986074 -4976.025959520048
-9648.290122409433 -3562.7795867190644
7633.447958106033 9291.434970437214
-5817.263686644842 8800.93171391893
6121.6110652821935 4720.958754672298
-6691.470095844458 -6547.420592491693
3806.1239244257267 5493.634102996419
-4971.8882338917965 -2755.637091362207
9441.804589681284 -2172.945187382027
-7989.752371245642 -3580.4632997078124
-3591.0996978928943 8105.160911709547
7074.715006053975 -2557.73189537928
3031.9689743423605 -8548.399836552187
9943.119525953098 -3329.025000158663
-9229.282446124713 9055.313723180625
-1313.0821441127591 -1907.9425360016749
-6628.2258990722175 -3595.265258405445
-7395.781095049406 8741.107802534108
3136.805787391877 6559.611056905502
385.83075870116227 -26.17969992593862
6653.766178981496 -7312.850222932013
7684.941323053186 -591.0016568539941
1654.4971083200671 -7688.184902354447
-8416.288618819814 3151.1936116320594
-896.7130145429564 -7924.2152884029165
-4046.0248658654964 -9189.314171497657
187.4096869570949 6279.7101380064305
-8661.849864758286 6873.65116028006
-3427.923985456602 -4928.903101245468
-4269.6444577721995 1135.5404260075447
-5901.378668838606 -1129.7322368988607
8516.654601805523 -1804.171062909376
5046.17754009401 -5528.470659315057
8837.236400134829 -8577.531745014663
-7856.53228184523 5229.823173101884
-8237.739422682926 -9670.48096743623
-1291.2193720651048 2840.796722168934
926.9967820942566 -8028.399481731616
3612.580544729515 1444.881749573
4650.792769784952 -3256.0443462102203
-2801.3851545847765 6133.625872492075
-5931.68685687341 6887.079528309689
4865.796427104009 -2590.8094568093884
-3569.5990721924372 -7969.985873035696
8704.528364371683 -9254.43936595034
-5514.185756889847 266.57978856788213
-5602.438206265226 6122.692447636815
3733.9969625467947 -4456.04666534291
536.8719499281942 -3747.5310927160053
3342.956353727668 -7446.822668526449
-9425.548063658503 -5812.012544527172
3655.21661094959 -1153.677126978646
3816.316276360263 -8894.628761383245
3458.729816861898 565.2005563455205
-8814.560553769032 3269.9347050213637
3578.531647209935 2951.661057008274
3920.7226351784866 -6453.784541060372
-151.16865666399644 -280.31573777388985
-1054.47054388158 -2715.9920578546617
-1845.861574053598 -3595.3870436108755
-6669.30060595629 5010.224338917989
-3018.0742134358616 -8034.949864773668
2093.3884208703093 -4920.960552942335
8808.24623089037 -9801.919267430378
8514.46114242449 8280.441215705669
641.6158357654494 7938.6444750583105
4223.592649052151 -6620.026456288866
6179.389275409085 -9450.950682921126
-2507.37756442549 7660.095341919168
-2715.2445667524635 -3135.24968913016
2494.122871670599 9756.254162078705
871.3928322044503 -4452.301639386995
9723.54709605412 -6571.581979054581
8786.722529191942 2708.7051380932207
-1650.2759435523876 381.47070011699907
-7086.3881749179345 6695.429933459207
4949.878576874418 -2154.472147835584
5464.279378855539 -9897.25037793813
9901.76196942235 -7650.107830846982
-4680.930471089207 -8652.561447600521
2646.877560894325 -5027.9839988508
5266.649555677008 8559.222853887666
105.20031157857193 -4684.49253801244
-7868.875305554666 -2924.5522004865834
-1286.8081464856768 1568.8517555754315
-7974.57248276147 8486.74455452531
-126.6824356705747 2219.203366583044
-3650.714047552974 3966.236978735489
1044.6816140534957 1343.234364519889
-9346.046079114567 7524.994299087011
-9729.202644664652 -6130.300196242993
-1875.1971431433785 5871.581330528048
631.9266219811288 -193.97799829541327
2186.781913685374 -9286.27795214233
-7074.190160640688 7143.871676574749
-1383.3423631393598 -3374.7595736035564
-177.95943945938052 2006.351780425197
6549.848669055184 -6988.3869799158565
2801.7144783679832 -8427.920060893719
9898.581504175483 2242.6041075043595
4385.417970855588 -9590.913123872997
5951.992742932938 -2319.371468998237
2469.005142850141 4074.1369509042943
6307.721820565001 5118.634314406016
-8971.965760304032 5180.707217564392
6788.428094556286 9051.452533694159
2018.126279433216 -3388.4675498414144
-2374.414686979744 -8760.276353952526
6989.932171609435 -5850.72392278319
2946.8104273414447 3185.6644431683326
-6246.218188172692 -3478.4573213137146
-518.119189603427 -3574.909333374543
3370.511187259188 4704.101555094689
8406.514890562561 4950.2699213919805
-4188.638205112754 4298.852418980368
1371.8859438784784 -7386.654833580337
8821.24956942958 -5099.280524844743
-7978.250676568337 5020.203495152471
3836.1175785304295 -1409.6927389306038
-2322.03141336333 209.84354419863848
-4753.516303843932 6036.826374216635
-7620.8646556876 -4675.559801085918
-5134.297694337682 3168.4307767941664
-7914.12101861428 -2489.5415723931637
-7847.130234942232 3964.7841852068977
-4379.627623040487 6451.33413784649
-7443.2938402572145 -4350.678911966433
-9213.555625712057 3217.390894771581
-8711.850882891536 1406.3185891139365
4120.617363552006 -4471.189714646593
7895.811977830355 2720.563145613067
4853.29029955077 -6937.350735474021
8209.848475377239 -1464.9549945633516
8913.202259957725 -1904.9676723424636
-5463.806060785041 -8355.230433699611
7187.208561245723 -3445.1826949431943
-7575.465134129978 4092.4368939342476
3751.3132713122304 2475.181363432659
2899.7868826272133 -7195.614102412999
-5582.194555572087 4864.739553663783
2738.253108736193 4302.870784509114
3697.25854270968 -9820.047077157033
2186.0470249838854 -6946.621328910434
9153.046178770579 5865.7464484275915
9458.769074238608 -8146.634758782671
-3870.0503958069703 -9158.583796311199
4427.833869831726 4641.433620608106
2967.3257595265623 7344.0483055775585
-9909.753855283678 -7796.356442117638
-2938.781632541889 5201.847906402096
9735.037207693189 -523.711464848835
5518.693622925353 -5605.084670073242
-9839.024158235794 9492.142606712503
-9348.399811134643 -5328.83048458213
-3133.429795208851 3489.825589767268
-9814.15306737848 -7979.720304288793
5824.793487125837 -696.4028096373768
-5183.798035046945 968.6133726753251
8271.359783925043 -9126.450438356063
-8384.468849825882 8943.373755957007
9876.796131233521 563.8156133183475
811.2850299878301 4364.244453623929
3738.9521647317542 2949.0739430929298
-4429.03720481552 3656.0360963754083
7823.997343182138 3827.284316705098
-307.8156450563183 -5964.043514034494
1800.3690884404296 1439.2444881268257
6471.901296154607 -1285.6896302426649
-4348.466735149945 -1776.7843467276452
-6466.806629589551 9057.57513296057
-6980.1744091912915 -9094.480328951791
3016.998993796753 -5702.04433714294
-4074.9453280346024 4325.667854970505
-5699.967812467361 -6466.311479342344
-5682.053214499403 -9882.763151301495
-2720.950507666149 -2950.496386462187
-6130.077127902003 5213.364233880842
-1734.4668411604162 -5603.168874648607
-1532.8969847447152 -2881.6096896897216
-2336.2364304670245 5208.475218716154
67.83926499211702 -7015.165738583215
8859.1628941723 -4617.354080012048
-2100.512130903083 -2242.4590830982825
1122.692990023128 -3943.6049159247077
-8588.47077355909 -7005.500158733411
5841.004391766779 5698.650944835303
6968.565724503635 -7553.513058575832
5010.930091535038 6688.216503119023
6958.110886175735 -6924.662979412184
3690.832257779044 6902.233263985941
-8195.484452039982 913.3198349149825
-6019.788613770347 4125.790795199697
321.76543765780843 -9986.268164436147
7102.897074719458 6503.497218067554
1904.2903112423064 9715.490506553033
2298.040976812481 5789.000697591238
-4753.653446208941 -9457.838719109159
-3522.953323324793 -8191.408426142963
2596.92278017404 -7721.491796258626
-3016.532754993106 -3659.8133781193765
-4001.461755125335 9115.31884436333
1296.8154419612547 2519.13875588303
-7475.299539531444 -3774.0995886648943
-7849.863192277837 -8082.513685193078
9222.200669965114 9735.314255022538
4285.096099045231 5603.39418797946
-4719.166844172984 -2233.941610663732
9947.24444633977 7772.717776902591
-1105.4806525576514 4091.5712073722607
4228.027093537483 954.7569927242985
-655.7573715690596 7901.5906586977435
8489.012690208561 -9670.570593666818
1024.5869941486071 3281.0430243715127
-9642.282090292772 -8646.737390076567
5452.092601591485 226.81248182507989
2163.318418667781 -323.2648486503931
9735.041336509974 5374.381197579931
6184.4360065844285 -4754.324249146786
5550.690531845408 -4921.004713454065
4710.097629491105 -6485.426013054865
-8632.61381414171 6093.6721478049385
5668.882083445142 5859.813802386761
2465.3825195038135 -190.99964515422835
-9539.851728731843 8566.003601515844
8251.616588165994 4867.373419336438
9625.180165960533 5168.721630914999
4430.068761630086 9936.92027810463
-5875.0405436039955 472.16358580316955
-1219.220934298095 3528.0719526870926
-4754.797775738453 6220.327155129413
-6383.039828604939 958.3603977490857
-5471.807534373296 8185.528589741731
5431.084631576634 -81.31314276125522
-3365.142162486987 2348.2005747284857
-7192.793004947105 5566.973749276205
-7330.5660367719665 -6122.921456147589
7368.206041720463 3672.7493124910907
-747.0282545070477 6779.038726499355
-656.9792044562273 -3941.1124599835493
-489.14705682046224 -5626.993440184507
-719.619011424078 6434.375015767411
-3856.6263077052 -8847.492263362125
501.9148225140052 -3315.3696427443792
-6122.619515643531 5136.598908432801
3078.9474856414836 3783.5619540850676
-1149.1740641542674 -3530.9397746477807
9433.689353166115 -4285.7948593714655
-4138.958400050332 2810.899195951777
4106.9338922066345 -8867.564972478358
911.4138714400906 -5018.641704537778
5800.7850865785185 -8019.088398025091
6120.0616863409705 -2662.2066278653865
8496.334148751535 858.0609140528741
-3191.974409984111 6544.923776446067
-9737.367482988182 -4330.4382145343625
6463.373131391891 9669.133502498265
3314.684860898624 -7062.537697214437
4281.543286176044 -2056.3573656902845
6944.6190277369205 8114.698262642749
2111.1486106787343 -3914.4703634605785
6141.578825702927 -3649.545561473371
2888.3715916242327 -1294.2509579557736
-6967.7000082257855 -9625.5462622019
-8978.017391681691 5138.429343498054
-4284.267616773525 3515.9272931587093
6694.930964423424 -8074.090684476152
-368.51975956103706 -4654.335908468541
-9322.649775885173 -1768.8847094451285
293.23507770747165 5027.201224146678
-6000.26191949683 3609.039405248668
-6965.212433277768 3185.8717007621126
-2286.0335572000804 9854.24535239947
5357.605120745791 -3047.920117319718
1973.6976325333635 -948.5293646449591
-9464.631054260797 4807.834788324899
794.6685195969785 8491.556239333018
7322.278991803738 -2036.7754935130188
-890.7649178172105 -224.90127859787754
9928.326817937483 3212.1732329255155
-7891.548040549227 4211.358560109302
4866.155241176597 -1435.5232129127253
-6631.110742549477 -469.8661123984257
-3159.4737336911294 7423.773298108576
7890.278124793589 -6040.550775938864
4542.819787650707 9678.753105422085
-1076.0052118766598 2882.0774292439637
-970.6016690874076 -1202.4211202074366
-6648.712325520852 569.0620951702658
2304.0803755956695 2863.13568649674
9374.076400291044 -5101.441514768561
1791.358818059376 -5540.610802172192
-7589.967942697369 6503.489806173504
7578.42928806983 -583.2125097153112
-9662.418662317446 -4548.3595777722985
3620.473062870791 -2352.7042534619723
7615.3621801213085 8346.990343794201
1545.0671960921045 -9352.687037731657
9304.576252091454 -3348.762103096159
-3742.0090800536054 9719.373512318394
651.5896032379624 3059.6141444124805
6244.103217345673 -3438.808986174573
5642.02901920094 6925.259511220702
-1726.625754785502 3593.263296564146
8816.546121028085 2011.5705266697332
6163.565107547971 -4756.09302480185
8642.304653297495 -9737.896134807084
-3682.556919149988 3383.2573207821115
-2136.8266772612014 -6187.240485433998
8943.841661298215 195.4049738703725
-3494.4993054335564 -5868.86520007714
-6811.731978258397 0.5256972172192036
-3404.7410982678985 1953.0963712076646
-3159.8217183733104 7886.487630101754
-5853.755165040601 4596.760506105913
6850.431250101345 -2517.902419025917
3607.948476879803 8269.251171473752
5583.858672904707 2801.7897378504113
-7284.422674893891 -7858.261732518296
9548.278203269441 9814.22966958255
1563.6614663000819 -1746.5706073462643
-7717.311599067025 -7765.0520945500775
-1271.4490879612913 -3284.661097835741
1153.795027294227 -6984.2144482579415
-605.9725908207984 9219.818384522623
-998.5847879816629 8101.590887121227
5688.165634794528 5521.981495454895
-4110.276500461238 2247.2462032299663
7818.475299181911 7344.324058778409
3662.6999177056277 -1964.217138513518
6096.267800398306 2065.9797886397155
6568.549615975582 8710.983029324023
-1429.90126730669 4593.22757669089
-5090.724133781581 -6964.47036398415
6742.036576766088 9968.010072317502
-4512.01606607982 -3891.583715078368
2719.42123975709 -8443.622714821384
-7432.090831852267 3922.993295607748
-4841.317690374727 68.93881951601725
6123.56196824932 1419.6796918816071
8486.68445194132 7200.550001499709
355.7936741289341 3885.0185687109933
-9861.014486577335 -5663.377261636875
-5241.01115866904 9771.4243665723
3933.2904785424053 -8441.396099680922
2470.0016637309873 -640.3855079616114
-5799.704870114626 5091.319032535917
6194.852461398235 -1841.6205501153036
-5076.982877955065 -7629.955264626018
700.616345682869 -3465.9971570811176
-9110.381568526456 -6934.683983943124
2676.3316647685206 7784.2964432183
-6256.365228949437 1688.6367392087814
-6291.828848025156 -4280.131871347273
-5180.579283645144 -7187.573808003073
180.52195751232284 9787.908500778307
-1220.453269162419 3472.6750158176583
5106.020286831641 -9128.574182676812
7324.764340919162 -1017.0488034035534
-8795.99157878321 -5880.480984295129
-9373.91563703835 -1826.4472931829223
-8011.733443823441 -3488.0586357449665
-4367.589846153545 -8020.248073321072
-1808.6962009113195 -3666.14761049932
-4963.929401579281 -4661.756826746135
-9456.130700544223 9334.319549794
-1567.4913574277489 6511.0503882037265
6744.783264192527 2064.7895179163206
8089.2910934100655 -9758.678318014445
397.5612806625213 -3258.609128855396
5743.4998328501715 -8444.421148549192
-7243.260600501549 -6052.387610902206
3975.48614515559 5562.155630423995
-5681.804576720546 9591.521805509477
5960.856851847933 -4744.285675421982
2604.1771196180543 -9245.61475546123
-9218.505856810529 4122.88288119567
4935.1492028975845 1415.1701738379215
-2019.7142120227581 -6745.7883041303885
-9453.01795231918 -6491.907622694724
4673.17263756652 3702.8091776606634
5103.409221357861 1368.0149556243068
-8713.980410885542 3990.1668508940384
2470.081332171385 -1658.8365546575205
-2137.285164624891 9944.844062832159
3557.9648192549994 -6813.7177689011705
1894.8211656098701 -530.1651131929339
110.22192351827834 864.0077154357168
751.996696749351 8369.60433548737
2498.1310154755174 -2590.106229969376
-2953.6759479890297 5027.923554147323
4907.997365194993 1809.1817081361369
3642.5713986551236 1512.8072972325172
8742.429183574717 -860.9396094794229
6530.34054604706 6594.993753882874
5625.738433369255 8716.81955683857
8402.940228180494 2201.5817812313653
-4905.3499249986835 8589.954206596052
3541.749734558174 8986.585282905038
-1128.0981908948015 -6573.055260130886
5483.723081102489 -1014.6812306748325
-6438.279404571276 6715.06952002109
2953.60888497232 -6270.300195260459
-3327.4235615089665 -9855.705564079048
-3328.644011666981 -5263.312348897424
7064.007437863518 -6846.088011436084
9899.090330212777 9942.25789756679
230.73416510474635 3841.2768008237144
8970.936908864944 4438.445147053704
-8721.329812894952 -1220.3662762492313
-3447.1056708147717 -3218.8359065276636
4013.849505596807 3764.6892867409824
-9991.151149051175 3171.6583300070524
3256.7034067260083 -9892.759907732037
-9997.26131037805 974.5960159611659
-689.4870823717611 1811.8205369554234
345.7805170400661 320.971598204007
-1545.7192298172686 -2171.0071224130243
-898.4319641593338 -2045.8483213314094
-8603.334737836305 541.5614441388298
3090.777557560501 1012.5353089193686
2819.0313594935415 6742.637513125399
-6808.9008455855255 -9897.528500663864
9452.073189997864 586.1549088121865
-3793.061778485174 800.2290552264749
-8428.12554487266 9338.077106367607
-9412.673326140986 631.9653666949762
-6632.322822171574 2229.2010942080615
-2100.6115738430763 4615.8007220824275
-8674.965553121114 -9691.881865962649
-281.3779483777962 6610.268019847776
6584.431198695824 915.5475652287478
476.15554717603663 5998.543724507566
7176.862338384559 -5751.08693905644
807.0407367511234 -351.95094552198134
9104.262026812685 1458.6928796298198
-6927.432244040759 7620.143249789446
1424.089796391845 -6184.272704211091
983.4682463472564 7764.7994743731615
9813.774463172256 711.3221412748844
-1370.1953871004916 9120.311671311312
-4467.860315761125 599.650521156058
727.2303059858259 -3051.7772582816024
2261.3219882967733 -6535.398853559808
-4481.777981984554 -6731.15827923888
-7995.883502540124 5990.883238228194
-5479.209509358511 -4077.145520178402
-6971.92446398563 1341.858510862592
-803.9223251131134 6469.699225448847
-2210.8932495510007 4294.216924331016
-6389.839334692255 -7356.464347517671
-3166.290254386073 9452.276001010167
4294.283298416249 -5377.217939662802
-4129.592185284896 -4637.658822949762
3761.6487049335847 -3970.6352852299824
-2482.668511348985 570.2130300019562
-7482.195492986579 358.9696547108015
-3325.6851893748026 9012.594007837557
-4094.431058123664 1453.7504301803256
-965.7184983515963 1605.7919491554603
-3245.660750925903 -7335.908657783206
5940.089566598721 -1507.2138743382511
-7442.456752238655 3506.198746550257
-4390.573380604661 2132.3669663443943
-3219.105934778492 4907.431188679329
-9308.264265779248 -4738.277026789963
-2091.9894016447806 4541.4472300623565
-4812.42641089932 9736.504663249958
6958.886801007364 2290.402801827302
9952.20392422469 2350.0474585810243
4470.578243749684 -7468.417315107261
-4678.375208675274 -8043.90299446285
1308.4017770644932 4731.013396465589
1840.657359311801 8567.031764334217
-5820.166028409488 6736.757693007479
-4360.895387229378 -427.76324480970106
6352.213961466368 -3800.2569803631322
3693.4155012589163 -9181.060164267008
-3170.7535238275004 -5289.858745372749
-3972.3194778495263 -8979.526056134826
-2879.7770965643713 -3477.5329990105665
6849.205701246774 -3195.4115169888373
-6260.221165435413 9152.718220783474
-5319.698813292226 2687.087339805361
-3295.097010621217 -3333.9567884386834
-7260.65355966359 5353.7294445580665
-450.160132588102 -1866.430430757986
5140.580299971223 -5144.015946249309
4758.410035331146 3522.1896629987314
1923.4881857125947 6673.880494863963
17.199428660123885 7191.25492074023
-3510.9499025507175 8071.865835745291
5321.96076056719 5205.279543848777
-7288.466507529307 9771.225112899989
8723.488080512216 -3168.0749745233697
5810.906525317996 9685.275357284685
9378.113980589453 -7120.324202322623
-8987.63360012046 9311.215798320263
-9428.08579859136 3939.7869579034996
-2914.1241497357178 -4654.846866905895
-7483.425316388837 132.23338273364243
-1949.989483277488 9184.492653544945
4968.816152120478 615.5475145875425
5640.825122572107 -4795.468957035558
-6895.847638056835 5905.591168900022
7587.848973893175 5043.7542562627805
6579.678524433155 8958.460384409518
-7694.25923281597 -395.01598177034793
1349.4907390867065 -7992.1197294550275
9301.518039255596 -6922.802642204859
6550.234418846776 -4692.397563143633
-3586.297665814426 4005.4663003468922
-5346.798692975975 -8785.526099738723
-58.88482746219597 -2715.842187499864
2083.2838188521437 -7541.996941451028
1785.4740443171395 -2078.8415444768016
-365.98054636401685 6977.402412862961
8923.33406032659 -7481.431173376054
7261.846580941419 3367.2508406778616
-5160.657795957819 7637.949019652533
6221.613359564528 -9241.940332294796
9994.157723177377 5565.871166952136
3009.2808529704926 4868.2061668499355
-1033.1793212584034 7468.175020356088
4206.666381600206 7998.826315851129
-4397.265993175381 1518.9924607493977
9076.987377182995 -5096.558529178914
-5685.148544518311 -686.7510243200359
-2361.1394312849843 8749.231818813154
-4372.944838224992 7719.024713910829
5950.328553362084 -8202.96750178857
-2884.878559155577 5298.791996883125
-2536.613948865529 3962.285424752712
7092.072528791425 -7473.775519617827
-436.61683454523154 -920.6676745440127
-2298.871663279836 3247.9075984155515
-2213.400372767669 -6523.404624331328
6520.865501352488 1186.9607864586324
6713.1675842858385 -5619.654937411771
1353.6112261219987 -241.7902669566538
6161.4610139321885 -3300.0926834836837
1559.4923553286135 -3937.7666941313173
4063.9394323229826 5907.331440144162
1114.9776688405527 648.2380160930279
3283.3663601090793 2009.6795406594229
3516.1491205052007 -6516.609789410706
8632.219142470138 5022.265441958525
-3286.6509515255248 3538.8821504336393
-7512.99057417375 -4113.672020251657
7455.257378671267 -5499.334339898456
2643.148526094503 8434.769564780843
-1263.1498407973813 2335.44300273923
4434.892262074454 -2205.239490422484
-8512.887919712619 -8209.832304862444
648.8082222075373 8526.155168051864
2198.7679030769887 -1624.0495945005605
7388.1120685585665 -8170.17233143753
-8106.291076653282 -15.063650383857748
1799.12968329437 -4679.809720638282
-1365.7953608323642 -1988.633225551568
-1549.9528927197953 -8858.68661629671
-4268.621934893695 1695.69782943487
-4843.987010112556 -1383.7788300813063
868.8509063269175 1383.3027253560103
-3826.430905480782 -3845.9055601977107
-2449.148690105474 6486.945151640386
-9058.711615446991 3800.2717046777398
-399.50006833951375 -7835.136799973288
-77.59400795603142 -7400.913226626726
-8124.616863827397 5073.960810843502
-4390.862861276972 -150.25217546114982
-4066.0652440514714 3030.258481089377
6377.278894863004 370.61224439328726
-1922.4426745838637 6006.41678378408
-6366.397956551082 3047.369228113457
-990.1924431160387 -3381.205119867319
-1422.5578482455185 9225.802626229739
-704.6035732494711 7104.167587923785
3901.8098430322298 4919.953971341325
2868.1367859646853 6758.879031734301
7888.243710363346 2341.672529742844
2028.403882755436 -1089.1320203185023
3603.532177318357 -2082.3152420214637
1687.0519817078657 9717.654601252714
-5714.656683235453 -6254.518272813394
8054.165438103657 2431.037415688763
-2492.291605310291 -2650.526450469224
7537.404275431098 241.90042154611365
-4653.801144240259 -9365.98632547499
-4693.872413491038 8416.19615715748
-4483.440665258194 3090.0605692214904
-206.126504650294 -7844.18740822226
-660.5431773219352 -3402.605576923008
9353.187277240555 -9534.299047809887
6387.90843913296 9574.461795371713
343.193014478913 8281.294934112138
2802.8677927728495 -3236.918747695694
-7878.29070442587 9207.898172578913
516.3459951135956 -2404.601812439515
-6269.88137126985 9446.387941053861
-1999.6471047931873 -9124.365067145465
-499.3963987137722 9827.229939516543
-336.1451926232312 6419.327744488466
-3618.231279833699 -2652.5460962894476
648.8426047525281 5327.917617660436
4470.081572759351 202.90798552078195
-3469.479265227842 9736.70305708922
4050.9546902362144 -8969.252689349309
-6694.47943627679 159.32177654599946
7394.720907607039 1924.7882537983533
-7944.037668232391 3962.0893138906013
-8380.865568617104 1758.9984894391491
4806.087935807693 -7963.325592685442
121.46125663025668 -8547.935292359212
3342.0909612598825 2399.7521601373555
4399.607672834083 -3971.374575582312
-8855.316760501091 -766.5761240797183
-4476.843383275984 -6319.587480143258
87.83993995544552 -6209.6435228465725
5081.581051586469 1503.213494730886
8186.071523661969 -377.25040461510434
-871.6912052802745 -4816.79686185277
-7573.5221917867075 8754.388910722118
5455.727257821873 -4371.128043311445
-8399.258739801815 -2299.791100393276
4477.609308886735 9392.414392882441
-1943.8633140216098 2647.936125254313
-2938.135831384314 1697.1076595232134
4413.519389084153 1651.550443876169
-1152.089983235006 -9015.131873035447
1554.1781082667057 8346.44189432411
-100.62361797504855 2120.8258617148986
-2443.6590464087703 -3518.6797398378803
-9015.746140634115 1739.4085304572382
3766.01880816859 -2527.93527745913
-6658.992699409449 3689.0975938606443
-6184.206255257503 4217.881007298327
-2519.415628714645 -4869.342615043402
4159.050016702311 -6419.731204908234
-1609.3547805778235 -5433.69134933267
-9433.936187011857 7210.476355587005
9449.762515545797 -8075.0341921165145
4032.264849869087 5821.263244401358
5425.727246563796 -2198.6821138721325
1677.9012230750595 -4466.0444674808605
6123.517986372724 4044.1863337082013
3472.2251170672935 -3408.074936560366
6564.89002423792 -8887.748929669673
3994.246364217948 4516.796078604832
7022.950872735619 8962.893415949387
9945.991806971877 1693.8208041366634
-3198.513838716799 7712.555150739332
-1236.8803487412315 -6591.964481323606
-659.7777002468592 1904.6778260858136
1421.6426874212757 6512.959261191474
-6956.401525372448 -2056.063952844487
3418.4225285140838 1198.7492525994821
2172.046513525007 -1896.8642683460503
-8092.99708545437 6736.898177348707
5201.168714937068 -3518.192345587059
-5900.7451528286965 613.6923743007246
-5754.383679031794 2393.1804628673726
-7702.787167263427 7124.828974792024
-1539.1228043802712 4878.8732448693645
4298.389822410798 -3711.268750846939
-3222.413877862844 8398.304157530238
4421.760797843388 -3153.7373022605843
-9110.617003221589 4212.470073993076
-9969.48105731606 -1850.3050734090311
8106.7350588739355 -5420.59239217393
-8818.398520094464 4903.948174435158
-4494.432429208519 -2398.7044501194423
-3089.098072152101 6008.2634263117325
-8259.063545580782 9410.830714160551
-9333.01267120531 4156.641560310027
962.3885898948683 7357.144130881003
9535.037535854332 6390.523719993016
4459.062177305994 2949.2032107440373
7146.641258668504 -2542.6457528089586
9978.984925292963 -3462.7193862691392
8549.98718544899 7613.818344498257
-3891.562177634387 7060.744342802209
-3181.113835331317 4422.705303878045
-336.3531002588097 9663.07018468943
5807.976284287652 4127.506292629303
-2261.5123760305896 -8427.366902748498
-8784.63098647961 -7650.9976962754345
-7131.717876696848 -7629.502398398893
-7007.110118270614 6133.269611059679
-288.8234993264796 8614.077219692947
6147.991694198434 -209.32642470354403
-5285.001048159313 -5241.809336031047
4110.299903676389 -4499.41867180564
6428.8924677269715 2412.7018745029673
9089.685327235991 6316.683629361123
-6564.5622710719545 8198.58168006971
-2768.3616464528322 -6007.031709398918
-679.6209482152044 6811.89020418825
2879.6427520387806 6960.546602642236
9663.466635342149 -9622.169120120034
5883.148223322703 -5179.3132340667735
4725.354536786932 -2225.3088686462916
8643.641867466813 -5120.428591256352
3321.873945947871 -1669.871653491722
-4529.764411539319 -6464.558142208094
8318.43318877431 -6860.071999444961
-4179.91874943072 738.9607382464383
-7756.320372393615 -5767.988025040351
5127.843454746533 -717.2291743785354
2712.982755405508 -3103.872275278305
-7817.6474669040435 2336.3873165815603
1668.6913724029837 -6277.684204247058
387.47992058468844 -7572.280582064899
-114.46616501983772 -9761.10297012398
-8251.823823922854 2982.6723929026193
8755.927254764345 -8486.617553072643
7051.518689601417 -430.56853902361763
5061.375261720952 -3322.6272355966557
3466.527357269737 2154.1965740838514
-8747.463783762247 4059.1542809701805
1665.403752004553 1960.282450241113
-6298.04725875194 -6544.631752761201
8572.770714145925 6932.660973522012
-5540.164860764816 -5954.219682531038
-1021.6256675794339 -1654.8224640230328
-1765.2982462459495 6552.83979000504
-497.362935278501 -2252.1722542139996
-4362.910607822024 6470.355167148111
1783.3441578284346 8236.640328748563
-3834.064613919825 -8466.694648755352
-1744.3413862739271 6938.863788245748
9983.666485192709 -8926.58314370819
3526.5560606939307 6641.318131591805
-3782.587403227584 7502.832156212375
-2901.302892483306 -6350.084958403464
7340.178542923099 -9109.16944493908
-922.3663970398939 6253.528981763948
4127.218155142673 -3553.779677012154
9500.179806109387 3575.5305510502494
-6250.750358892139 1690.6840956244923
4050.661613845132 8131.473873438932
-5244.430821411006 5206.012590407359
4185.678480788256 7071.56893551613
-2983.4794157545375 -7939.1862100483195
8066.915985998832 6871.73820325001
2136.179360188653 -7630.051901133023
205.44615665497076 -5852.795510608344
412.52970419314806 -1087.4071593160315
-7650.131486507034 1297.714899737548
4113.806092619163 7332.491064553735
5904.545765497058 9853.667799460214
-6343.916997920769 -1833.3936316368217
7043.092331603035 6677.560314593724
3208.603980828848 -6203.946956784854
9686.18915362809 -1414.6692000527419
-4680.255088192999 -4614.16970173766
8641.691804705686 9487.324426470364
-9652.090199499555 -5022.457544755556
-4541.083711258587 -9191.220656129759
5798.074481423428 6121.951392128363
2927.885551493335 -9265.134309816387
3106.083437810619 2785.855448831826
658.2338554886574 -9264.514849115005
-5020.771733147058 740.444028955857
3801.361238423704 8860.185674582324
-4906.969685436265 -1764.0542037273717
-266.6531908851284 8453.703669474919
-6239.440348347296 -6509.9695597234095
3395.033959849703 -1772.1970883778067
-1867.9667385301645 -4634.91463301472
989.5974575016135 5035.232810485462
3548.8351422316027 582.1532661174042
-6133.172717217794 4226.794096366768
3867.5117440529175 5916.952127271938
9677.246087984651 4132.641357468512
2885.697203177733 -2953.916886202448
6258.107731649874 994.1242956315782
-3556.6592747037375 7059.161531711394
-4782.787075295958 8582.609014384867
-4661.005966875005 7125.282386126059
-3190.608358003049 2776.896242143408
-7107.64920519881 -600.1266611660885
5454.4087273306795 5530.9888332803785
7800.605100745557 7980.658044948061
-3876.0467786677673 4949.136348617449
-7122.366347072699 7569.09344125797
-4170.722457782598 8595.225786845342
-6668.615817596732 -8533.679446712747
1569.960643685561 -4301.248756085283
4426.280987189939 630.299613694644
6358.177575714239 -9420.24480751714
-2306.150831910405 -6256.518188955059
-1688.2421597858338 4400.273508763639
-2703.8222998609253 -5411.988783965542
4313.226233893272 5260.001490762363
-6286.763348113045 7498.107092328701
-639.0735879925833 -2310.979272546465
616.4791651230516 4256.937864398551
-4507.769916983711 1750.6086844762194
-7392.443018919772 -3472.0421773153575
37.74398632775774 -747.6996089362583
6442.394512242696 -3241.682578385791
-8030.669009602878 -26.47899597536889
6427.261372662069 -2535.3605407517725
7233.671207262269 -5646.721936886434
5864.899511423137 3909.081449240419
9216.988454933784 741.5452543583797
745.1587085037445 -1603.7130092491134
8865.486215219982 5103.135531743996
9316.009548570746 -4230.533629781028
-9510.075232397654 8973.01355821624
1737.198833343531 9156.509323943155
-6088.302534855084 7497.148727280113
7710.23074831285 2614.6967123594186
1361.6576305475755 -6446.820708008898
6794.750281109627 3045.216579709675
-1578.1464111316618 6230.302145507105
-3937.178621584614 -2403.6334206511765
2304.2476201204263 -7642.039094351871
-7191.002848654971 -5253.038152761962
-2110.6175074252988 8308.072386729524
6225.480248271671 -2640.858303818901
-7798.116814653597 -4044.3322358665164
1268.0817201468544 4212.410541669118
-8621.423542346138 1468.0021703066232
380.0970677780133 2878.4104108710744
688.9241596755255 8502.328513149816
4307.613484073989 1268.5788973688468
7796.358267134612 8427.689835141162
1931.1804359081307 7784.505850336442
-7796.959366398834 9346.24910319129
855.1740526562353 -9276.552261296602
9699.440506612154 -7025.180886918334
5437.59380594209 6439.126271208206
9644.058480243595 3857.422017795616
-2990.5591768670492 2730.591421329933
-4972.483212845107 -1085.1429830638954
-7775.776409676405 -970.4237495123252
-9470.854151711823 -3002.5839249199416
9794.555425787301 -1820.5574599887677
2153.101062416652 7892.0406067434815
3314.2027485556428 -4053.5429020849215
-6465.038995917634 8145.368795553713
-1569.6402755074596 3876.8109873058947
8638.640227383035 7099.281519082575
6322.318342445054 8710.428389909812
-1682.6105702179157 -9304.29272199405
-7740.872403989436 -2714.7057985918746
-908.4705669885079 2892.6097681223437
-2049.7785152772694 -286.3353143893637
6499.4939866187815 4943.2235997768275
9469.415421670812 5584.191376035898
2507.6536650660364 1325.7852561584623
8724.073678779801 8041.640798769946
-3281.699761275163 -2228.8727440576686
5757.654895609767 8818.556831513797
4494.076825767608 1620.6998434449997
1615.247230488425 -6359.143874026226
-8378.951653819167 7657.701994824725
-2931.881019185458 1902.011429425429
4761.508274060276 -6410.806204294322
1184.706428278454 7098.137514417729
-298.47040059115716 -1482.8096905810835
5551.877315581862 -4761.062157749842
-4722.8311918276895 -4978.0844313901325
-5108.3007576207565 -2702.8618267437478
-132.86054938993402 -9109.466312796783
2885.3741368101 -1268.3129459791235
-531.3167849482288 -9940.15318955321
-6792.624936473019 -5782.345620626384
1627.263773266508 4001.588748681521
-9910.749761857942 -1061.5809278029647
-2130.3784806327903 -5435.883077076877
173.96374547642154 9143.396406068776
-1206.3672613976214 7194.447228113688
-2011.9691464947164 4147.203289638612
-9402.682006195939 -500.2627430439061
-8949.864803092287 -456.1733661826529
-416.7405129402323 4267.487228350137
-2548.689330177598 -2867.995691904106
-7946.414257989376 8348.87078972542
-1316.835494734045 -9104.302751710675
1014.5915761849628 -780.2259825273632
-6442.941991550166 356.17612890337114
-1761.0352923906921 9569.273767355491
-4751.472648446155 -7290.091319575529
487.50445292052245 -3074.557283459467
2817.6623755716373 3389.091565373852
-7928.888169081334 -9886.47558556693
997.5574041375967 -8970.68312759276
2437.750775596367 -2748.3187048440195
-2390.649747672529 7301.534401941128
-2902.028942209673 1024.6681911861506
-3346.2201292380023 4663.112461494122
2956.5051154161793 6135.94607513582
6945.595262052368 5805.46968065313
-5003.656305876311 -8876.093528553389
1098.5530458464273 -2576.60554789436
265.61503151175384 -7861.972586054393
7735.150416627948 7903.831710004484
7246.482356336106 9805.947840421071
986.6444002214921 3629.5729420299795
3939.1961122106895 1982.5943409163447
5665.3197876376325 -8184.059740672754
6373.336610943656 4957.653504752541
3932.3597883446746 9146.21050914027
762.1839137409497 -6392.155688438661
9851.103413801615 4944.180808438363
7145.072808472149 7015.594672792784
-8093.145444671268 -4780.058556167537
116.47815384354908 -9764.118958439152
-9609.166166534582 9647.566021285227
-6880.502752065251 -4821.842877141727
-3512.7445993774354 -2618.9106885665296
6785.298200992958 3980.443754511274
-7031.066863765418 -412.18881595596577
-1070.9997402873068 6787.8059000064895
2598.2076245751214 -3324.400470966837
-5933.623574988605 2507.617510529195
9646.412647819627 -3586.4593725993755
-6305.3453355877755 -4100.856578045576
-7613.5160837089825 5492.929047673562
-4915.384546677659 -2734.8524972279283
9979.743397125792 1548.2562343408554
-4039.9136554542056 -7951.616081545878
5869.27273627557 -4744.500457452376
-4805.169316776949 -3204.022994812046
1608.720522732945 2847.688480447243
-4464.250656470592 -4760.131604961271
-3.2263394072542724 -1764.6457350099754
-6634.79128621864 -6348.3542833640395
-5546.0548515598075 892.1603629708588
2644.220695646769 8165.24617469775
-7230.275852466899 763.6319624580556
5432.10230267847 -1578.838520832749
7664.5521004270595 4679.583622593911
9757.15202083204 -8329.053238639815
4052.4837524106897 -9901.507195121352
7116.788190266314 -609.0225037516248
3456.807144717317 -8515.284322998932
-3485.5088492290643 -5510.433560383565
9722.29920840469 2217.1137468731467
-305.1869844788707 -8648.30228552857
-3015.803693955523 -9349.699604534731
-6883.393203141561 -6749.19964189649
-9204.624047970034 2797.3818567365834
6208.552027034102 2067.1366830800634
-3620.36413581176 -3924.2793134687927
2579.9389142443997 3787.534825229557
4170.381448303206 -1345.0920409338305
-8886.394931337334 9921.355511774513
-7889.574858153912 -2831.2171012416147
7246.797192680893 9752.734587975814
6630.007533316591 1900.993741275819
1249.6579702504005 -8740.695735561832
-213.42797878621604 3026.2638378275715
9939.937629971544 -437.254366095096
8741.208933647045 -5912.838591142068
-8973.571988413807 936.6907701211421
5563.107491886129 -391.1579608997199
5152.538277632195 7682.637111242584
294.754270021258 2601.8908115465547
-284.67528074545226 -5405.295748227559
8277.022892542012 4676.0356052732295
664.19949520316 1269.211698847057
-6075.294040393482 6585.170890069028
-6262.551014115614 6175.216287253537
-2540.5501256845373 -9753.220575911711
-5026.404087701452 -1812.6957043573584
-1451.5449574536506 -5373.4969359287925
-8161.447616283323 -807.9141360027697
-8636.289659182663 7351.260052426325
938.404093728368 7415.000298482828
-732.057602716277 1511.9751828207409
-3958.410950270184 -4725.805828911509
4149.859521953249 -7160.366517846685
-8986.87240665075 7853.390804822135
5372.681492443229 -3713.968112643879
-3732.526479418785 8495.829184608581
-3633.6510105323996 3013.256442010854
4475.453375757519 6556.497350266327
-6914.783625010848 -1106.4300105359962
1514.6847922194138 -989.9452202724915
7869.433516417241 3844.0503414433733
2031.7504136327643 2396.9851565081153
-5310.365338209244 7667.977712606767
-4511.674636934766 4500.676825793877
-2679.052156553341 -7452.376406729005
-1807.6476625388877 6183.293476404342
-9316.238067257202 4930.749529426654
-430.72580548819315 -7031.55766098827
-2594.925577152394 -9724.217105005526
6807.233306318551 -6756.19098475239
6595.66489216475 -7031.705602132879
-8985.950350789091 5367.090258429502
-95.26360108634981 -9305.951076160107
152.71316499068962 9493.698945047749
1105.0820970345503 -2348.428932311208
9276.00837688526 1604.8814261688003
9778.227805864273 -5790.188057287209
6959.813424073091 -2999.9560549975877
-2889.5824836042048 1964.166322269628
8338.514536562478 8427.231851047822
-7623.282224953574 2616.742921180994
-225.11462382102582 -9939.1216027593
-7618.092177121247 -3295.5527057307
-2049.3135995044167 -7303.926590740031
2943.2474382106575 -6078.9071625648285
7043.141272629986 -2186.220189853221
-8558.395805896229 627.4125117325348
1656.3653084902508 8581.570680622517
-7466.15575137083 2115.4994906367483
-9694.289381185145 -5610.383464501594
5310.779375895827 7291.861339317224
4506.916551101083 -7818.187141350556
9501.384476793508 -8334.071321850737
-8099.155087000522 2627.091828413755
-9234.603536257955 878.5146668607831
8348.496272569417 2086.1137543000004
682.8195127508934 1477.3790508408365
3559.902274504764 2363.7030020962375
5740.255667850606 8244.70695700536
-2425.5957462338174 9397.534212297222
1430.4016492000992 -1896.0336749170283
-8711.274995765405 -681.2607277556035
2522.448514697071 -518.7286717754778
3233.1505565362313 5730.263685158197
8627.525126417484 2969.020783993239
-3074.9487907750363 -4416.0517810125775
5374.74603221777 -5762.745078692675
-1617.1385968627237 2697.478115050946
-4170.187102272329 3360.818365907122
1762.5695108831515 7737.491629992739
4229.540387758316 -3921.9258442981354
2582.6437785080198 1405.2990967024052
-5327.92720579504 1969.573461173677
2632.2545413209355 3596.818417432063
1093.9699532039413 2142.745186623304
-1588.4570792563136 -4531.512882308431
-8318.253456225895 4731.312076132539
-4168.401643073247 -6373.922392373454
-9193.14900830998 365.8130274082996
7905.710548385778 -3936.518816634689
-5360.519461196942 -8255.741001203405
9292.371450267328 -1986.3010529542426
2788.0389367736916 -8470.399806105494
1804.4086021727871 -7465.575969789733
7627.435995903397 1023.3580721326525
8377.530426614605 -4564.2381116929755
-4579.14904787313 -1587.5955552167961
-504.5188979917584 7067.785085906617
-1094.025296399972 -141.44660198838028
5697.902896944663 4520.783331070419
-291.83575103034855 9298.267815868167
2550.9086149915292 6951.216058560483
-9240.66721382052 3542.451322778543
-9660.725746703338 -5968.4558635821095
-6157.174127382073 8113.94339284502
9743.078084279572 2932.2568267703846
5450.91733827385 6232.999223152665
-3109.5039995091665 2779.583746530585
-4667.009627484828 8458.685447851261
6432.3933924724515 7192.523383780586
6428.846256105171 -6283.2093383933625
-336.7520903142613 -4712.015134596277
2323.0188319480203 -6207.516427001687
6216.841378885965 9452.994762318795
-1077.6435658075316 -7161.361854658481
2494.0738167854743 4218.071422937066
750.5534366414631 -8951.6274544781
7734.153138530612 -5273.96707145483
-930.291746961504 -2636.9744087959843
-480.680692136526 -4424.345257849458
-1019.5961103461341 9934.43840880048
-5492.8251248748475 -8770.245491138965
5718.204523052653 -4966.927955092151
7313.5915616484635 -2287.5633222632932
-3444.1364229420706 5191.145500322298
-9276.92423199954 1980.3789502727795
-5963.038802041363 5592.6308268463035
-6217.625193354404 138.2113512221531
-1291.9196820662619 4069.611616373255
-9162.978122628669 -1421.8165480466087
-4916.961066765018 4537.146861172701
-5800.5850425841745 -6840.521725736937
-6735.887134806591 6296.45738563076
5890.934458123698 702.6846493371577
-9538.425558035226 -7641.099318227387
9779.510612876831 4360.098203545807
-8405.708714759026 8790.849441843504
-5562.036654277354 9832.67396112292
-3779.4710807186375 -5947.739171276728
9177.325620276235 -7060.384901357795
239.5089557199717 -7600.633104950621
-9036.70249032104 -9293.26790604898
-4879.318986107734 -1355.427616194067
-1697.1478079381195 7924.869118791059
-5140.927196985821 -7085.681708896285
9691.940308935726 -960.1535141144686
1421.4883233905475 -6481.697386391421
8844.151253193912 1270.5250730368589
-6860.267186768489 3641.125594959827
6674.067819322459 -988.2426675215211
7323.444146777863 -6709.926296041067
887.9928966473872 -8135.858591291132
8306.521759673218 1780.409987066243
8038.605367030479 -957.3438744407631
5207.5515337575125 8012.206087422535
29.020495406344708 1451.4066858689075
9876.021561158424 -4109.603544642575
-2694.360702847518 -628.1333301373652
4812.5441954422695 462.3935559207421
-5641.93403194204 8497.166983583302
3292.6921315893705 -3304.73205111113
-351.7078923057343 9955.123715953774
9490.47467690763 7287.139769679539
1720.2419814619516 -9002.132539642993
5088.876303906762 -1494.9075169073385
5994.686471763478 2196.084091946306
681.2956309449364 3764.5801857846145
2633.4330741741833 -5738.9635680313895
-4790.884056237485 3512.942786833515
4860.61838072787 3027.691283925069
4747.063683153361 -3047.6876879689653
-742.1889629351936 4667.435934102223
-6860.604034696842 6234.8445472284
-5196.425979243737 4859.0168736756605
1306.3838301097749 -3014.1373693202286
5807.003836378908 -4568.498380414643
9481.94793712411 358.16762700330764
-4611.294599871693 9903.206191131216
-2790.27479814004 1293.410266588744
791.5373062038416 -4624.299423011214
9616.233716078415 -4735.908905056112
-442.60587568020674 -7597.847962826232
-4703.769548193027 -8507.601126425521
-3514.8221474900047 -3265.5729108232044
-8913.263226313435 -5510.2353601478235
-4710.9698918330105 7263.523685188822
-7927.356504235968 7733.655472367587
6004.800909158785 3003.0701339703137
1358.1829939355684 -6604.206218700983
9446.626426478055 -1374.2269201403597
3454.9830786541097 -9741.354223132836
-6605.589145152793 2847.8647478958537
7578.8202463416055 -1695.3287014271737
-8303.10246057015 6866.7429084024225
2713.582867310124 2935.4899574637166
-2896.0671899539566 1092.164780473051
-5007.619549784652 -5624.22054010631
1395.424925338857 -2428.4939376789416
-237.87132289824694 -1460.6410095957563
2253.409324469985 2794.7540773969376
-4360.654463611076 -5517.406331067947
5327.537804179328 975.0586316852823
-4068.6872142153143 -9457.112984136877
2073.2180528000536 -8564.1745755709
-6011.854656319735 6357.704213085581
-804.4719329458112 -4604.512543650993
-6632.266888922273 1182.2125521234357
-6089.054931675704 7226.2480156441125
1136.9155618764144 271.2871775882959
-9257.16798762498 -6826.753851969974
3198.6615267003053 564.2841375441021
195.52737901973705 -3444.2464770965244
-5773.567715382579 4508.64642531199
7405.796364828915 -7367.842223552794
1603.3056661087503 -3418.953026992377
9749.301232892565 8595.661977238316
2704.858287508094 912.4557691830341
-3616.3395671695553 4577.76725558868
7931.191915930904 396.14300728001217
-161.4285837728312 71.77321767626927
8084.916253734798 -2244.6804882157003
-9982.62707638215 6848.680845805167
4008.2881368846374 -2730.2582169641873
4353.335300340455 -5776.949964422928
8834.123019433267 2208.2839063324245
-5632.12517534315 5436.499863559391
-1228.4973941350836 -2512.8653650086917
-1493.2206263105472 4961.718322977369
7038.701402189105 -329.08303145799437
3884.4679135924416 5689.989143769579
7372.168627276624 7156.711197026627
-4554.824094547474 2250.405435626124
-1518.198252234004 -7771.410955444606
-9946.101631738835 2119.0961382631413
-1110.8434772957444 3642.9476804959595
-4841.19343285947 -288.0533014288849
-7223.347708359275 -6497.426200376144
-3079.226600123564 314.4497213843897
-8207.778298062396 5400.027817757549
-8915.463662978502 -9512.516499847992
-4804.728188455482 2158.5977113819936
1369.9485765381232 9497.96278191104
1296.2306734561553 -9028.275109958586
4790.661682694583 2358.475600691605
6833.353981835018 1339.4605636218275
1061.4955645402606 9220.161264824033
7746.87205826362 6923.1688629302735
4134.659475840635 8148.254827030989
4751.969869908677 -3712.647806812164
-2091.112492406708 -1280.1307444848771
178.4943161636511 9470.121237118805
5284.46286965939 -7581.25319748629
8736.692472048173 7421.496777584427
9991.018476957244 2461.8708328257017
-5815.3166421556725 9571.387747202774
3993.8850795909493 477.97909187961886
6314.785109554758 1136.7363558604484
9788.692275451256 -9631.822759579876
8242.21027796829 -3750.0119111038784
6522.818638936074 714.0120964282869
-7328.934817847721 5588.6942580937975
-8363.810571256294 -3741.4809401942885
7628.973856530218 -2091.28763960736
-4407.160436365168 -3729.0956266099283
7103.080182129608 3731.130285052326
-3721.4429653801526 3015.6977459554746
-9923.43864184395 6405.685335421364
-8231.170158285015 7082.348267829904
-7343.787616408584 871.1210117850915
5425.229260549966 7991.408609253624
-7701.945488220225 -6344.43338541546
-4342.7429305987735 8278.594236544464
-9420.661767563644 9007.687636544644
4190.614368569848 7168.1733300101805
1531.702859267696 -4477.987608112743
1311.7230102689064 -4017.7075492912536
6241.675689744745 -4780.507321146181
-5687.730978193213 1592.997814555003
1241.0932925769393 2767.0166012463924
-3763.580845624697 -3491.1244298376114
8151.43080204523 6367.2397200350515
6037.284873815292 -5401.616206597159
5112.437819006547 3822.7698458749655
8378.102394856585 -12.89364129142632
6716.881668525704 7376.388400307373
1567.512516392424 -6673.679449675865
-1510.3950531392256 9151.64448759803
5497.223683517108 4415.416864536432
4390.515101971461 -4634.175918824508
7954.250320234372 -6929.122416779037
-8612.479245603492 -8040.0546579225775
-2691.1690214621785 1169.6641762443523
-6163.1516579569 -3111.9081459812232
2333.0201148602955 7955.029503026079
-7775.435114637179 5031.043446709877
-4216.124677483038 -2022.0742467152222
5764.554246920852 546.8362407554305
-2610.946483125198 -3542.6709458587948
-3585.4161912857553 -1556.4803188112091
-5998.463255390214 377.963364621437
-6936.479913246221 2257.055522431672
-55.87856718050898 -4695.935519984236
8959.149119003167 7939.94181697024
8943.20612654951 -2327.025090870742
2887.4623882540363 5413.80950841376
555.3199658604772 242.5178624402397
5180.686940323303 8711.903712784486
-1381.2604226953608 4401.264492632461
-6677.275771415727 3234.9948974391245
-2983.549532031191 -2789.0511137619933
-1262.903177421962 -5633.051406694167
8915.614452609043 -6664.547133668286
-3716.1239132260725 -4456.1808544109645
-347.39199007809475 -7579.061907711548
-8941.503525253169 5842.9984225995595
-9438.391220473592 1026.8530880861254
-6723.245749595324 -2743.3997455275685
-8701.391588809256 -5132.295317166362
1346.7022302615733 35.92606160835203
-8408.365436610084 -8089.361273292535
-4330.451203907535 841.5074504410059
-148.11863592560258 9784.028322641367
1278.086804572562 -7094.122232829396
-4290.658180104401 -8012.573062465033
6112.578270750222 13.880151903058504
6290.4471281596325 6553.40028177814
3550.4258791436787 -3172.0123607838004
1934.1278330037221 8096.902686366757
2747.3706917509007 6933.740344567861
-3953.390455126424 9598.027850135215
-1585.6340177519232 -3046.9017208452897
5924.168630438284 -6200.8904207398045
-7154.327653244285 171.12756604941387
6626.982997218776 5757.316922426404
-2669.863623325062 -3655.8816117460947
8366.101664009315 7879.030744056516
7519.017273360634 5704.883689601855
9369.488895679293 6672.458620951809
7890.128931056646 4653.63648640674
821.9833920706133 -3509.9128417070506
-5860.5230378249025 -1779.4923812928682
8227.931119748511 9692.74351374161
9147.97360231019 -9891.576284741104
4424.149410233118 -5047.824769769884
8112.216457963426 -5027.292172654805
3474.7935956594683 5819.231232525024
1494.732164797586 -433.5561369862862
1808.5974003794308 -9780.12852530742
-9359.518084107427 -521.7228209958757
-6787.13249738253 8201.395620871528
-9777.162931358887 -3588.0004484268775
7677.520693111332 -9963.570482282545
4123.6456385050715 -2695.084871960221
-9413.651543104825 -297.62275973701435
6918.397913786528 -8945.363849401549
8381.619717221565 9789.18877804717
1828.9326073795091 -8778.377220476308
-417.98510861979776 3048.459639153427
-2177.497130715129 3797.4316140916744
5912.810637659846 -6917.9705528073155
-6522.54740205352 7976.293377991391
-2688.8736591923416 2078.4046400422158
-6697.860240439786 4840.298721464185
6697.962478897891 7040.489688836296
-6614.8349793338675 -6033.871977433399
-4337.346404674203 7608.2608144432015
-2428.639876179517 1183.9161467762515
584.2806940589253 -1634.8231519203164
2799.3998319772836 2066.4948575367744
218.47451524396456 6427.279953740726
2803.313205552824 5199.924821892329
406.9701158441658 1149.0905284572364
3071.5615092125354 -3116.135334900745
9321.158049435446 -3059.441760987518
-3226.224288541939 4633.006166246949
-2470.202515204034 -7525.50873562866
1306.6366016687607 -9301.560827797424
1184.960266466469 -25.96561538728929
-1823.2044949193396 -1199.527758532984
-6250.824386917584 -3195.0678001652414
-4869.864422682288 7362.106339306676
1940.658070167723 -1742.5372002997647
-1246.9146437100917 -9245.013361280511
-5047.596762577007 5188.083775886551
8213.092010543503 -3582.660013932151
-7495.15365412931 3100.9947875628586
-3628.2167272589795 -9823.950415702711
-3079.32229804313 284.9716687872533
-6804.26104745596 4702.671912296088
-2835.676238009728 -8219.017600344403
8206.206146740333 6755.866816370501
-1332.493670965183 3241.258726417809
3650.4981957701857 -2289.6379351706546
1766.18954590891 4150.641689494503
-1855.7764745554905 -1154.7745633855448
3703.1477748394645 3416.1912939996528
1724.8946744475215 7961.889991289143
-5595.720709935635 -8008.810165688003
-2426.123699333016 7125.007763535934
-5384.300755963205 -3015.1627507067215
-6894.9657542481345 -7333.1046334638
6492.563746324053 -380.91115369806903
3684.8628048847895 8068.962665918738
-8640.539586671117 5429.239267636602
5940.2563486253985 7931.1891936628635
-2883.8647627189666 -734.9832511404184
4426.5196429164025 6963.364360128551
8641.20081595836 9934.108997852694
-4630.402450369655 -8220.538173786788
8550.408175751934 9740.191042029408
4262.92347115409 -4750.821999313151
-7205.053811161397 2702.6896927017297
290.6877546282776 -6741.684179033049
5839.153701751979 -8094.32706784205
9865.734050275594 1952.3610047723669
3535.9234983703973 1208.4059713609659
4011.6985553931045 9885.241870362537
-1677.9974721804356 -539.7256812559299
-114.59149139105102 -6032.073258371098
-9015.726856926738 -3602.067123032475
-4573.023930229785 709.1722313949631
6002.031382605628 8562.691096100763
7941.407589110062 4963.387159574235
3349.1670060109445 -9138.696050210838
-7643.019126266276 7248.22736686626
-1355.9353895971963 -5196.506147470958
-7027.975437814982 -2332.7872464937946
5663.9499448475835 7984.686455744195
-6306.84051366116 -429.71410551265217
494.3121279824991 -8957.405988811583
-3915.5449558807923 9307.919442055023
-5037.067187310405 -1898.5530818971274
-8011.631037159997 9782.002053371212
-1488.026938759269 4627.81455821366
8045.736764217585 -5030.577901617701
2290.45862086331 -7342.867143082789
3133.489040749875 191.89646207930855
-2996.57656819982 -2489.8104882616435
-3444.8157740592997 8628.268029066254
-3067.1293181585143 2403.996715232144
-5239.1639074592385 -1586.85815543627
6549.618557173835 -2228.3827459386066
7438.942983804001 6638.383737574222
-6735.993421357116 640.683257265111
15.010796566195495 -3328.3261804962176
117.33583620668833 -3919.5097585107287
-1092.7149459419416 3428.9516940289523
5594.841285488408 -2487.289559079609
8331.801379496472 -2414.753805794636
-5755.125274679093 5590.93083345026
-6984.72251751391 -5818.947019032672
1417.907607374711 -3610.6356952327087
9865.771808648435 -6320.940482542738
-1807.1489488249372 8801.255010355242
-6532.55724388407 4248.690301623745
8437.112942012074 8332.638020860082
-4792.849918019199 -7096.411259987929
-1049.3012600273796 -112.71149360512209
3907.0375687531086 -9910.177994969645
-4226.41246466682 5673.83163021528
-2971.344320109941 7420.23054144721
-5010.487616260155 -3973.838849938569
5830.578312886933 1473.031002198015
-5261.823471502942 713.449019823498
5302.878197334405 7920.398705271113
-3348.1471864832547 -3773.7920381015665
268.23340037700655 -274.546583782756
9561.21290474579 560.0061248139973
-7269.16018707856 -9256.307875656375
-3930.8602879503333 -8821.404499302493
2370.711529530079 -8212.407520329232
-6529.8123426482425 -5876.618002733938
-7977.63610471169 -9939.239906814631
-5502.744030873525 -7353.698737412491
3043.2670440559523 4840.641181092455
-9494.053610602377 -7721.662396867061
-8331.123110019646 -7613.5088916271725
-39.00786652021998 -4093.9244979170517
-3232.548647499243 -8728.060677124175
8468.035968195749 7213.821024762205
1849.2635519827872 -4310.855679835688
-6902.045974728641 -6240.99819435727
-248.767105249226 -1255.8065902498656
-6620.173280200985 1983.6933182099328
7109.4057963553205 361.05984033150344
4092.554263491009 5625.291002212634
7548.110004845206 5134.077132611776
864.0354255374368 6274.493553820857
7456.030149507453 4316.560343819223
8590.721650130723 -9761.076003755543
6285.845266167136 3105.844294096105
4819.273264928024 -594.1309063667668
-5494.517996376251 -517.3202778266805
-4514.0545598229555 -4542.223829485681
-3354.5589111089184 4085.5753679444533
8788.243519857471 6579.298127742524
-5671.938955491589 -8051.665346373648
4467.283521899351 3704.8432655697925
-5269.011168953261 -3598.3141867388313
-9591.783984394244 -609.2723080380492
-6371.463497606722 -6962.427089369998
-3780.04205602378 -3443.800255999381
-1028.9943203523708 -2642.6846014354787
-5665.59822749432 -3377.2474502136847
-9096.531897683317 -6427.485879287655
3169.1642807402022 6991.303436886603
-2808.1025753028534 4000.230083993325
-5973.148881483823 6331.961588264199
-784.0401427208071 -1408.382155469888
-6342.2827709980575 -7178.712833627806
-6995.839998583819 -7644.140260113321
7791.505442026959 -4752.928402644683
-7771.529058344076 4788.894239959298
7448.161162908051 9810.84682038462
-4358.046089808696 -110.90822379546262
-533.9799762805851 -3506.5191061690057
-9865.692341172387 7939.690238943276
5439.967295235683 8009.363146178024
2396.6704990638027 -9039.54694928512
-859.0069558154119 -8340.136893670631
7128.420591498492 -7421.327682605397
1492.4442344272757 -193.12715180351006
7785.117810759213 -9957.70121068937
4307.2138847863425 8222.42508896142
7058.13646209284 1195.6290991149945
9243.984032803142 -6769.479256491135
-1407.0477193533989 -7539.359560652727
6819.566265505418 -1657.5425242819274
-1105.5567217314237 5214.725751877202
1818.2778168244877 8997.11586187718
-1066.023313941676 7428.227166050849
-3931.7951493178853 -9947.19830593711
8664.459930067544 5022.827009134044
7308.108938741334 4837.414452026471
-5534.065045303798 -6865.482169729619
-6252.368223315008 6848.856138507683
9485.71075089174 -8687.482949791998
7927.3704064849335 -4392.243493531842
9903.424083543228 8658.159200705773
614.2999280619479 -3300.2509521540824
-3657.1678144883426 5005.446334460094
-4278.088598104666 2704.681299642114
-1031.4496512602564 -7532.398870590892
623.3665849804456 -3504.694891822058
-2752.663005320761 -1978.3808318349138
2729.8499583888843 -8701.85159728197
-9080.041448495022 2275.469361073563
-7164.778562707339 2944.4230436017187
-2578.943267947835 2160.2596991839237
8481.97493658463 -1101.0170357013667
2800.847622483054 -3987.674636196568
6482.4142271600285 5940.498518272063
-1856.1029872895806 -1642.1291367814301
-7267.141575248131 3776.177829841474
-8453.386004418664 -1314.566297132229
-412.3890670438832 5409.51065478334
-3093.4821846900395 3589.1163771478805
6313.307812073974 6739.674716308895
5092.732050366698 4888.165600073156
6523.197348883037 -2343.5990208509975
508.57438023564464 -2323.8461367136206
-2005.2208913745044 4804.2440508526815
-3376.4912872491304 -8274.336478405188
4903.16031412486 2225.367120646424
7743.139439460214 -2727.9667441778784
256.38001499967504 250.10044219257543
-8897.67058935416 1922.3851551003372
-2802.1347030384813 5289.698735695947
3307.9302705308546 9283.798557053502
1845.083570425315 -6404.134802143511
-1775.9766153878445 1877.165477085251
7462.365803073219 586.7790271237936
9583.968909982374 1000.9090318321105
19.782819461002873 -6000.488783186107
-9070.02506208734 4431.405883522988
-1431.1427960173332 -6086.124397312431
7922.2991676101265 9194.608818123212
-9630.194611045194 5602.910462355283
-6373.397781504802 -8883.97285240237
333.9085177141769 2200.3516438061324
6079.383561495288 -4546.132848432971
-2901.482925747161 -6664.391235075211
9247.829074235498 -6357.19334848387
3931.096211511147 3171.9120386642753
-6558.190075308261 23.518032940763078
-8337.360862202308 -3306.543644602535
-697.8196343510554 -594.2754137722568
2979.659402587784 -3377.477843843495
-9319.075007985772 -8589.779506676688
-7342.097690375891 5007.71455717159
-3954.885196491724 -9242.054622499742
6699.80782832556 3309.611083619753
5478.030529290021 -5978.1339493116375
4841.664428066977 -7279.731919351211
-9082.765512738979 -7169.941116830833
-4474.692822703312 -7511.8031441922885
-9039.244113753432 1106.0615162736412
183.11426315423887 -1819.4356084464089
8388.982380463127 9655.205682858432
-5436.040109508324 -5900.451968746028
8491.239704176809 5253.303462650745
8831.692782336548 -5520.092936532155
-647.5383162838825 -6633.285865767233
5296.616007911214 -3369.9860719297094
1446.7437492629288 3730.4804094587726
-7105.654688682072 5838.726821205775
-6799.000780828024 -3766.131102279842
905.331722864621 -3344.3542270574044
-8366.678679100978 910.3188897145792
912.2437472546553 8062.459420579275
-7262.92140854564 301.4432231245628
-4378.695592317772 -8911.768312360531
-5026.830982653687 -4937.59665681323
5927.590935982185 -3418.3532303897764
1049.264494002322 4398.611570823563
3483.2066905671763 8138.375366387962
-1893.7149468805892 1771.393003292027
-4968.8582488226475 -9408.104347854087
-5501.249666815533 -6717.123499901283
6896.548794328759 -1988.759972673055
2547.0579930541408 -8751.940385475225
3281.060288684588 6809.314780271005
956.146813899395 -1315.3734536950196
384.68769340932886 9350.581083893565
8036.412822745646 1798.7761504245864
9883.74011432127 1357.0509764154776
7429.141125812981 7017.95708227596
-77.88516685571267 2446.6994011542174
-8269.860140564931 -3280.927230499932
-472.7869121330259 3298.5611557945194
6221.650185401182 -6476.6280712473235
-6759.358287274812 -4776.069910726308
4864.027909603887 -3123.106393619255
-3242.230023738526 8333.230926301694
-6234.908536527151 7607.999646383578
-8500.887457391837 3023.3027224475118
-6463.568799332314 6251.174956952411
6290.42031586719 6169.975731433371
1262.4012608405428 -851.0593650443006
7707.266109058248 -1804.0116174741306
-4751.107761913485 -7308.629144844747
-2856.1863062603443 94.44414505086024
1285.419044430646 525.3758431608785
-7705.6255825559 523.1642002478038
7845.444005807578 -8836.450568579152
-6509.749347180198 2245.4495578033984
-533.7336346037482 4145.059324033027
1213.2806940085702 -5522.079818954428
-7508.775758818247 1748.68947769443
111.4040498870636 -6883.74313243578
5423.346869139563 230.8226081397388
-3029.5373213981857 -5655.170101370466
-2668.984185461769 -341.2046063879243
-4649.619289685145 -1203.6545036802909
2062.5883192150413 4632.710596466823
7972.746321299885 3212.8135686037767
-6531.652416313547 -463.5360379072372
9450.746145618414 4469.277283014746
-2605.4455138753756 -8568.620521723587
-3418.7031415232823 -3143.0826795029907
-94.2274152497539 1303.5188937407293
-8826.866911871823 7682.292213922021
8008.051548266456 -9901.621090925264
-8736.493728223628 8524.631667029302
-913.0410273153157 9824.346141283306
-9419.931619303947 -96.74050304283628
8340.854024827873 -8021.055963413115
3233.410215029564 -4357.621795594402
9681.20714561345 5649.549350706691
-9120.365345568965 9880.602918193857
4888.172056663485 -4137.0775589046225
-7028.746736450302 -5542.214096671119
8251.02563511658 9105.552638861944
7218.594924872148 7321.83558659309
-510.50734545877094 7409.460236935338
-2987.170538623627 -6366.615614603857
-3556.6105215923317 4995.7782598424
-4684.393774649984 -9593.682210205752
-9165.589676701991 -7808.927747508558
-9600.776273575922 2807.336885674591
-4654.696031224452 179.01815426608482
-2174.8557015310935 5647.872917970597
8328.079830299335 7122.725154849428
5177.578853929925 -2863.1580647510373
-6355.70026459624 -8709.371119084759
1322.769785797278 -6377.1237783218785
-2543.0885558721884 41.551730924811636
-9656.487662946429 3839.820951107693
1234.4866683028195 4872.175034342716
1802.3524232690943 -920.5455100558611
795.137388581381 -7797.173765697121
3615.8102782205933 1750.5289627975308
4908.78563592271 -2824.856653671688
1575.8880037206527 8943.40709318795
3792.8693908712758 3457.825715135101
-9565.982009297466 9904.698957691788
7777.972514726538 5904.3545119457485
5466.522974937436 6736.485732161789
-513.7219937484042 4879.19874866421
-9430.44051859195 6169.857521336613
-942.854121299546 -8833.300740539828
9185.423073763486 -3077.3499569730475
-8729.484166855362 8599.471397106252
-2258.9929464939187 1936.4307483824086
5860.2613617426905 7890.817509178149
-2216.9007744799083 -2302.072689954968
-2123.993192668032 9628.311075403788
2624.123832123976 3885.262156322293
3643.337633407531 -3016.6470480770704
-2934.175423911125 5739.499843498392
9688.734865146303 -585.8243776188374
-5352.690756573424 -1152.8224782128254
6936.976255888931 7487.405617547291
5867.7637835214755 1429.6481253082493
-9444.853435357994 -4084.0259407310996
2963.0689092146586 2770.211368073604
7008.809750451255 7008.802396192881
2069.4393468226317 8070.172236883234
4212.301699737236 -49.642454556984376
1986.1334739191516 -189.87429768277434
8096.50747520478 2675.820748695405
253.16220824492302 3602.9114760280663
9483.891115665585 -7419.723598922163
-8111.143084162207 2559.8466088356727
-1148.0387579743965 -102.02083865470013
3886.04797947489 8352.001515757416
-6617.252136885152 -6689.5849989643575
9444.510365828799 9433.437525136349
637.282509691855 -8810.471759701313
-78.74994863764914 -2696.523356119189
-3739.519116831325 3855.142942889075
9609.103922459195 220.24389682128458
-686.7760086725029 -7676.7361015362985
8708.026318212625 -9562.142520715102
8144.849462813345 7244.596528573817
3232.359192344833 -4175.175091359284
-7839.3357812518525 8080.285354286076
7101.269733212237 -368.6651669772127
405.50661004416907 -2965.4786370247257
1288.456551017931 -6791.697333409273
6575.770434997583 -5138.67151503256
7661.130303855411 -4358.810634921253
1888.7413602510696 -3614.500503321654
1017.1811941636824 -8453.247574077885
-7820.5310300621495 -7574.706173726884
1833.3451838853562 3691.0614302082686
-6338.16658923174 -8222.812107129537
-5633.901319915766 -9377.742167543522
-7018.153036156471 2020.5996124512367
0.9093880007421831 1171.6963095953797
1507.657694859783 -8876.809993500778
4124.376731662651 7462.259391436648
-8757.887641311172 -6825.0210005916
6297.709001247831 -4027.19946961223
-9689.84547279998 1052.186510616828
-1861.1170443961255 2242.816704040415
-335.26829925862694 6409.352013675274
-8925.25908431321 8961.619121655567
9471.29533252872 3120.9530674886646
-2996.813576903818 9471.412834796254
3572.380273743591 4141.392711411871
8909.548267821614 9123.870849938841
3500.167189131873 -6275.114632054612
-4389.918406200734 -4535.07611677257
-303.68230120384214 7044.4219409743055
-4950.50871195456 -5117.339329338806
6914.802473537653 -2528.338428269978
3958.261484221124 8138.380483835412
3224.8251593522 -1872.7578300207788
-1820.5189035370431 110.99556072687483
7597.375198951046 8783.66222330787
-2396.230261739167 -9879.854351146449
-249.6788872729485 1800.5496877709047
-7595.19713813573 8353.529674101323
7743.394059106682 1494.7758387397553
-6853.148204543187 -8790.868047408394
3755.7849410096205 -9804.458312691462
-3660.3478670784816 3773.1609623790155
-3454.4860809248767 -8792.78544057691
9144.829003264804 1189.686197092362
-9718.886699604325 -5999.654956283247
-7807.9950530701535 -7661.890774547904
-6247.4097487275685 173.9637469646368
-2158.3726572007154 9019.764110886124
-8589.970467879224 79.89368124846987
2735.4581911510086 -8234.904500890587
8244.6046657076 -527.5072537899541
-1895.422389183228 -591.9775244937373
-5781.82031430178 3144.877620612904
9058.64964621028 -6265.7488944482175
764.0820094042101 8235.349051566263
4959.118578363186 2795.4507845167336
1823.0311963030072 3735.389555336411
-3017.102982174376 6891.378508827256
4944.629121181757 -5296.737939439331
-3887.9754117764123 -242.83031929684512
4176.203743693683 9784.893092190348
5038.672389865524 -5846.805761676846
5777.2176538840195 8866.382971109757
853.7838961901325 5840.018723213212
-9761.140489616057 4030.1389513885206
-8108.460068879685 2831.170508889012
-345.1674434219585 1459.2841752205914
1730.7511554374814 7851.565349657929
-1819.2282133685776 4532.653410599873
6108.179696282754 -8910.390175959294
5136.119804681966 9075.341576354014
4377.702286172467 7616.146707111886
5243.702567222586 -9422.576648671855
6153.129972882607 -746.4306601684275
-1431.3505428843582 -9833.870707351105
-4098.586211257265 -5786.4146932677095
3909.710024772181 -8785.59587114489
3506.859242753675 -517.7317672405698
-6287.576096858005 1691.447342015812
-2794.1089829191233 -9283.808780983753
-3984.987220774201 -1291.525524712606
6795.807809370206 2323.592614121173
9504.256467701376 -8814.390463874748
-350.1246317157802 6439.680290521985
1450.0385538065493 -5836.536684200882
9825.014778991139 3665.3349594741776
-4896.358255755015 4005.616500635464
1427.2473056145354 -9276.36295668408
3086.275941455786 -2414.124163145845
-8596.041921014681 598.7833406741938
6360.747741252799 -9473.161782535555
4060.959790077861 9257.137581868152
-5429.4414888634465 -346.0615289062116
-143.76919913172242 9710.28923351031
-7152.849533615939 3051.8311554627744
-5598.883495328779 8965.171450459464
2627.4081736884236 -2542.4058390128466
103.68408462121806 6316.441556370522
-410.06149875169285 -2802.0845716269087
2517.831383607494 2471.47076227672
510.05645677788016 1475.0677149418225
6215.654616416336 8158.466027203638
-7350.190766173688 -2470.8634006019083
-9120.516318406497 8153.386586340981
-5759.224473983866 6051.629488728066
7313.906509284228 -7928.519078521846
2683.789516935327 -7801.76287577204
-4792.998927840897 6804.42970513034
8281.139240916269 646.1836134134883
-276.08974179239885 -2855.7718306077495
5633.195416222239 6364.262796907229
2394.7917156348994 920.1015729386672
2272.840569331962 4111.296634697754
3263.086304002769 -7115.08957199935
4677.4621769513 9151.429041380357
-4111.045939513998 7622.641379517365
-4510.308241474246 9272.306940947223
4556.633662298966 -4091.242910173931
2594.470546964154 -6085.128331962075
3913.383381448579 1240.3151980529474
641.4310533117077 -9928.874668610384
-4728.426016802334 3662.940177866176
-1332.0091006759485 -3421.0926148624085
-9065.593052579601 6556.869992783697
-6330.039875753737 8540.360396245978
-1840.366862950391 -1295.5260335884996
9282.86995091747 1813.4297275030367
-2245.4321343665606 8746.77980641268
-8821.362066536916 3873.3911302005763
-1200.4163116140498 2046.7131681090868
-3651.411475929225 -8185.936840822418
626.1860677926852 -8988.093842437642
-7864.741669630451 -9143.989830815153
5929.677356987046 -909.9169203474848
-7308.185299579662 -2548.295858320462
4775.315739651094 -4064.7983924441933
5489.332783463913 -74.73292457824755
8260.790381090432 6652.662039962739
-1441.428275614613 -3442.9294165684432
-7273.26652884223 -8432.921622241862
-9655.696098636874 -3878.8692606300783
660.904474222174 -5383.758900421553
8366.65469123677 9105.885332767106
-7179.426998617788 8260.066953449641
325.31696075312175 -803.3974413118922
-2398.4458117313934 703.4897487823
-8151.087454109647 4070.3230277018047
-1688.7637840082934 -2732.6076330829237
8783.173157200654 -7848.1021762683795
-3243.1406490408963 1901.8491759146782
-1271.9713176399255 -2297.664912974921
-7560.794638806898 7121.091158583724
-3524.911332705343 -9541.672285240675
645.7702611330787 -8950.223312005111
1063.4153288949328 8014.492139677826
-133.61908349044097 -1194.7076124721716
8362.885771253546 9237.502171583474
9208.153995716566 -7899.025761004483
-7589.143352137335 -4776.044154249002
9865.566365013245 5740.293885848738
-8830.759726521881 -9338.520366658338
1205.3398260268605 -7417.787372050606
7935.518566624978 2925.212402524974
1654.7345851858063 9593.049826661369
8332.612215244484 -1160.5090873310655
7335.755226574431 -3239.608088172965
-5381.047331125091 -242.80883722124418
7266.687715296004 7929.701247213132
-5998.520800366487 -5543.142609503515
2956.271815085016 8034.451234491724
5700.721252389498 6330.390973034087
-7655.25165628979 -5274.22561141093
-7291.4930775165485 6431.734521045226
-6700.106250007519 -5932.24404931688
-1504.7355248309468 -2820.3550394674567
255.09730329221748 -250.33238434833947
-3634.728091874619 2855.2994921362133
9080.40390081179 -6823.406723258386
-275.36375111867164 -7491.859136818984
9906.388323715877 -2164.94568812156
-4781.832979625269 8481.015669513941
-4625.398043229611 5490.391084990815
7507.737699197329 -511.6698355389526
2667.2630154856397 4057.8286222199804
4406.115625386175 1028.5880509444214
1672.7526203279976 -2600.706691335424
4146.6648681591 7885.3426805026065
-1227.6093719643304 -4166.783478741787
-7239.285901002617 3568.2466801209594
5987.873431603157 -7195.287316227925
-1149.1950084041873 9768.540606375827
8607.658886923226 7948.675652520516
5489.433472552237 -4749.024326593485
-9085.513818210653 9688.489079380888
4539.299665856242 -1923.172076256743
9265.13990545215 -8451.784494062098
-2617.497854996882 7650.310653342425
-5472.548522198959 5516.271013467742
-2137.4989587646605 3803.3478358215725
1758.457028707311 -6916.245028196559
-1815.9053561699866 -1018.6603236889532
4011.5239762892415 -9.240218312215802
-3416.9488717197382 -3434.8115468678843
9289.175562254564 -5750.853396954969
-3231.5479121336384 3462.5240407826805
4912.2372694423375 8670.420236155354
-6542.7996294243785 -1676.277011510123
1954.8460747077115 -1087.5056900765667
-4238.4396223493595 -1914.0383044293621
3898.7593679789607 5969.307029318683
-9243.000406493175 5021.2110922095635
-1710.6790087571499 -1937.617356901178
-6750.991064826979 -5938.268460768264
7929.32880682997 1053.6105090330566
4573.982823705755 -4100.715841288649
-974.0266837268318 8783.652584815405
-6789.345322468425 5201.928068002573
7709.909189672311 -4849.4386058398595
-6955.02804056618 -4735.06129769248
-6525.5613506005775 8278.337384787359
-8677.276565901117 -9489.979359904608
-1663.3205006190146 -6214.689811284644
7640.622723757599 -3530.332065078427
3901.5112700001755 8947.394403616985
7767.959335610449 -6758.839328176174
-4987.013483332341 -7538.586837678036
-8342.657268239504 2867.3516202075007
-1693.189760829484 5548.851417711494
3694.463176460831 3699.0601555345984
6731.386657750172 -699.4536315765672
-4946.797853273137 5516.528227344728
6983.851211756588 -9552.008423388077
2963.834003909209 -1964.9311618709971
-4188.600449992008 3157.0704383044013
-231.53775688757923 2392.681230893728
3257.140652252705 -2024.7915692890392
5829.242567516492 -9684.929977116808
-3816.399194520556 723.0770101033886
-5328.648857077472 8876.155980395619
-6214.079750307063 3907.14762068086
6184.0629524562755 119.82874085043477
8310.67586412093 1139.5378917397938
4269.7068279057075 -5718.659374771486
8825.18880512839 -8913.231416260805
9021.682536359884 2944.4082312407536
-6363.936888257959 -8370.817994514502
329.1126708704269 4192.727369392258
7834.622681299523 -2802.053406635987
9747.124192929947 -4337.714354159437
-3549.189918312257 -7333.2744655596625
-9461.843831642958 -6626.512905300481
826.0225351296158 5710.235821599015
1981.0929843674057 -5680.2109736562015
6069.2654317518445 -3797.91625409114
3361.4291144271174 -987.8238397577043
-9160.090938223644 6009.431174918971
5497.086183229512 6526.482446343583
-2795.7621930380074 5452.179928159629
-6779.103827488298 9073.205287367917
7941.897109995465 -6270.459496912302
-9067.819197085271 5707.12330400694
-8567.762425802206 -223.00890856463957
-4853.740229164376 5516.690083091675
-9870.532827736939 7301.800610641996
2912.128089660513 -519.1850681087471
7639.435072479748 -6844.560537804149
3034.9433609760945 7153.316240423996
-8460.237433670696 1736.3571640958125
8231.382715306569 9432.984321377877
-5661.043419702992 -223.23221766572533
-9337.681568124639 1899.833753132918
3349.0398053119734 5652.236709091556
728.684649815461 4545.806191030633
1750.1407659639663 5263.015936010672
-417.20014793690643 3200.8145245242486
-2245.609212752289 -7428.762403884579
-501.17541795297984 -4447.30201905184
-3469.614683964426 7038.226634041959
3062.437465605559 -9617.705288694058
-9571.631973500102 2491.354468946942
2081.216679231273 2482.513707940432
7050.2060607365565 -7639.99680807802
183.6256833167754 -2297.0752917750433
1837.1326010221892 -5244.623027460502
-734.0980459558796 -7340.9406735525645
-7897.8678180416555 7529.048174492156
-737.4426443791199 1868.2563101817668
2812.757080957901 -1769.7246026488901
3157.60766885828 -8578.44470514391
-9065.932279605706 -3207.6953977682197
-5279.95409622491 2773.7874243134283
-5229.702996901713 9813.000654788739
5138.490367410408 -7168.326984552959
-2502.2628440858143 -5544.67493507857
6546.341846830906 -2757.6056842148255
-39.7301377976637 -2721.6697747398302
5370.183344096955 2632.7644401279867
6802.846916876286 -1280.5058370611678
-3499.427977620331 -9478.230773415959
2147.1544386430924 7484.375403556081
475.77718422095313 -9273.080592199365
6267.582827652139 759.7306650219689
185.41616456600605 -4692.500539469406
3104.5439199535795 5951.382526137733
1042.3573146461895 -4564.534017795512
9956.072518841745 7558.293461654201
-862.3414748531868 -6942.6030178828405
5317.570255097136 -1170.5509815175446
-4415.279805364865 6808.545524863817
-1406.5679356037508 2010.313679592733
2075.2311382302796 -2637.2765859262718
-3716.7663539297746 -6729.220354506598
2610.9014740586535 1249.3823913410724
-6750.9698085374675 8816.68195407834
9441.376132671394 4141.91605400285
-5200.744937302704 -2777.8882992587814
-2569.869850838324 4718.879538388246
-4421.413206030591 -320.08454057812196
386.55337851315744 -1577.5469105378324
4632.078383656764 4652.92721597506
5343.842788130913 6786.158887118119
-7484.264033473994 -3681.3742031099036
6328.7153580203685 -7523.522808107406
5954.649437329277 -2764.915646062298
-2139.6217358518998 -7209.326293526577
8303.676101104873 -5183.783934123487
232.5786769390288 -4924.194911053685
-55.40607385264593 -1510.5108048339844
-6426.019339324492 6381.520057754464
-8242.465866163466 -180.5653752207745
-4251.48783062276 -3368.055767236413
6933.424041234943 1415.431290126473
-9651.26876630789 -300.4309489463685
-8351.93366462354 2102.4017976308514
-4648.327944978001 -13.25121688750005
3497.3902375863527 -4381.785530831832
448.03724463871004 -6531.953790700704
-1902.678012886925 -1988.2553675053541
-8377.998729132918 -8380.670086535436
8880.613490002783 4950.698384027566
5250.306148382613 -5742.8144977896945
-7123.103043962246 -5691.540605060879
-9194.26926226457 -6965.145105905545
-3858.8859469989775 -8315.614001342226
-8808.577331841025 1188.576746271463
-3500.6025989306554 6922.124236618154
-7201.008511867452 -2899.1454203632165
8410.368915668703 8225.673844221088
-6425.342311165798 -655.1608515624248
4993.743156851564 7133.0949843023445
6694.175862749191 -903.3350364968792
5657.016209854877 2392.8956366575876
-111.36500588956187 2150.238944618379
-5745.066140963541 -6301.696639855117
6029.666983951087 -2758.3693777692497
-7654.661386341317 7269.778604865955
9273.981053726202 9987.88167547779
-5141.099050427094 -5563.720895366581
-7116.437058343437 2467.690198736771
1379.1435615700084 -8349.054636916511
9779.277478772889 -2680.8989260867074
5233.076821652059 5787.033343416295
4952.0168370908395 2201.973684700004
-5278.327547763424 -7904.923049788826
46.9492487976986 5570.667805179892
-3926.7021646706235 3862.4134935838138
4752.82552731718 7925.03299214879
6082.156814222919 -7398.628491201504
7069.706391661643 4055.450613848965
3897.6705263241747 5502.566603557945
-4905.1161053031665 1270.3345313958562
-3940.3474223455714 2924.9149714919386
-3341.830611397376 6192.144624904515
-3371.9701910430613 2854.1272336240727
9954.135845050321 -1569.3660557061612
-4865.226756667438 -8453.404007512308
-1739.6999912141964 -6710.300795844498
-910.3965544474995 -14.23725205532719
-5103.357714060957 -2363.1384390589383
-5100.05211819206 -5686.816273033371
-9226.73498542946 3162.068022882302
-8680.478134929457 5056.693764216219
-3810.60405226479 -524.8560557824985
-7081.167646410329 4763.20054704054
988.3548888109908 5838.907324396547
-2425.2161219987565 -3446.1796033649343
2739.5004676785065 -5192.416615241953
1605.493275478315 -2845.794236009767
-8690.414527545487 -6362.156601695273
8930.315135113375 7113.076359670311
-9997.648800820323 62.421753824291955
-3486.0085149269235 -1792.8729353155431
-1613.3942931637885 -2136.058928392342
7357.737774708039 -6559.3648391899005
-0.5736251156577055 4659.218176274124
4428.995406288293 8583.249324460965
9302.538027829265 9401.991391205545
4175.4772281177175 5849.596857278699
-3413.669890929281 334.65515917303856
-3351.960107941032 109.50301778832
6957.372371075209 5467.24926385951
-9239.167176257488 -4072.2226302834215
111.6998912081599 7134.610237838635
-2153.93711577867 -232.33617385930665
1287.546444929907 9780.239973237334
4414.637116281887 5852.228082762827
-9392.391417644023 -4161.891182056481
5912.842470293925 -3536.9072996059804
7962.328014942945 -1568.7336168244274
-2730.8734418596823 7866.103106172119
-6347.910787551244 -8421.212324124142
3153.9593755762635 -8411.354290442401
1197.6331976106812 8700.237385913537
1129.650078792909 7433.514890415801
8044.398136021315 8429.495673830465
4245.908215348567 -600.6297328375113
-7672.103343767649 -6902.558493184139
6140.84102030997 8587.982308365932
-566.3463638954981 9715.648187819465
-8664.014325166494 8213.622580550407
-9223.371260309303 5890.896208117159
-3832.1211541849907 4990.117112418138
9041.461808554806 -6177.0252309144
-8322.420015215263 -1543.778724743228
9066.273221812335 -5614.109008247403
8783.460257622286 5210.1560078960265
-8380.830948276896 -9734.732254577844
-1808.5168451593954 -1440.730195442593
-1491.9970826964454 -7777.64321904114
-7248.890728927786 5750.978142617014
1780.3519506442153 -4222.227376012933
-1656.1450481322227 4736.268109802175
7212.067576974787 -3044.322256441601
895.4534804029772 -9672.781021247562
-7150.819546614457 5201.834707637756
1731.463810723515 -4354.856093569064
-2940.6750692498827 -813.4206222840894
1250.0830986664187 -1083.8803981961137
-2634.7254835319836 -3073.5689855431556
1764.8245749529597 -2044.1811541113948
1274.577476813778 -4494.287251629745
-5626.373882497384 -4904.275928043698
3385.6786431034943 -2347.788103726667
-8160.134443580842 3837.948421996636
9242.343352192554 2518.5596054224316
9724.661384187664 5186.059551293021
5724.580302614713 -3756.321683394417
1388.7434702777027 6384.4444644983705
-9794.318352048143 -5783.71383050174
-1013.9085321250368 7708.916133470113
-3728.598427834886 1435.1181407493168
2200.432922840828 3986.4210254865484
-7511.301432846522 9958.168975261848
9229.608586338585 -3318.1423179319627
2527.8773231776504 3155.9269514022144
401.72018461374137 9675.176524743943
-116.63731363181068 5331.218024901133
3810.8690576397858 7262.086117647676
8504.761065487226 2240.9398717921467
-5510.780865637073 6446.845062089935
-8158.748900468787 3152.62138681961
3886.0064187813496 -2744.217437886713
-2881.230761591527 -1708.6041136129206
4803.036871325032 -5414.664723806271
-889.1493183797465 6880.637833260043
8440.109553618488 3008.5541879088014
-1769.604325968019 -9547.835431579213
4832.7189513566045 1999.1886148656395
-8538.957341556628 3699.5623969523513
-4281.712819594088 -6807.392948593889
-8536.777629873333 -9129.143742722408
9746.089674192772 -6412.023262608298
-868.606323064847 9544.387715221128
-6050.056597877981 9006.2753971395
-2054.6537719790895 -4395.559024389748
2531.622593021506 653.8661886327973
-5350.12216304185 -6669.212021203999
-5743.104048248906 4301.526371140397
113.5528102232638 2739.0050268496707
3144.957418599668 -3626.0291894885377
6658.655114182169 2656.050886957635
3635.952745956114 4155.071375084657
-6279.142481786553 -7511.736738588421
-8949.804938149635 8349.126736130245
2388.5331682358956 -1763.4181069348015
906.5779322881954 5398.702552471666
1188.0418178973978 9036.461167665257
-3453.407797425767 4244.699554297071
422.7327502968983 9347.604502970411
3514.2718350504 7624.48638360557
439.80685030797395 8891.281646725605
1271.281316761335 -8460.93331465994
390.5889197209817 7530.683741584544
-1919.7125086999204 8180.432433563117
8366.173992196076 5512.388988005914
-6731.360512712768 -2604.617083140355
1231.8042605634182 834.6975931848228
-7411.689880741604 -327.7309190932556
3049.7524689196325 4981.234590347387
7016.936251816678 -327.7327770828251
4671.887946720706 -4144.1207906101445
-6901.2740640985085 -6513.056175707419
-6100.497458806131 -7522.257210440348
3802.87829926879 5089.0285010626085
5549.397889626724 -157.44307443530306
-7118.899443474107 -2146.520452302807
-6168.385184854835 -5670.488977056893
-7165.319476390808 -4438.942527147138
-4364.382119919059 130.21622068968645
6855.501290678036 3956.8110469352505
-7361.86177945451 5399.141052499577
-1515.7111540848964 8721.008789762702
-7412.71140272971 3172.511406511747
9233.274179508935 -1379.7803618647522
-4316.026518620655 -3424.6667577720455
4049.3776079563504 3641.4010371745917
-9326.979328727935 433.8450715361614
-2752.0838015800255 7072.002518809266
-2927.1370155074746 2133.3631444087005
7425.746203180275 7774.257635268084
-5085.982834238658 -6590.851420892823
8866.656897327939 -5688.009917176045
1422.9978937881242 -8269.432229086062
9080.742367703384 6123.410518042323
5279.723981455498 -4963.516119690356
7373.377534451454 -1406.4531831726
-6607.129117478281 -3197.530105844692
-2281.6639478602574 -1334.9007249529968
2579.0380802167165 9768.091149254891
-9286.5050600428 -4463.328189340315
-902.0033277343664 6125.158365974772
4026.468167625075 -2967.516684281375
-7312.300668085932 -434.48870683179666
8491.432651938412 -3612.171302150995
8559.129794175515 -9690.446455851383
-2102.7008300521666 -3520.303388346464
-9247.513205742274 8084.402033388185
-5488.697164226246 8942.13163854551
-6677.404348346949 -6.8139033889619895
9510.98341427396 4141.066003981643
-7987.153431188638 314.68033498574187
7751.430917070622 -5356.493716852886
-1606.6272063000797 7495.106501150229
-326.4044145188891 9601.12516436975
880.5781528714342 -58.38996987551218
-336.662650467375 378.45575623650075
-7378.461545256727 6699.5557458575495
9799.829623159432 8791.040279435147
-5081.799679056698 -8306.539590675384
-9314.189018847266 8479.056112513212
6682.711842960776 -9065.979044418042
6931.1004696081145 -2772.9226880757496
5356.625094630594 941.3655035997108
3864.6945495478776 -6549.195997228916
-7206.885167522241 -6392.697871666389
4179.668612850062 -6393.262511738591
792.7636658884003 7817.002828082717
8469.008574197887 -1059.0579553138396
5299.876941872199 1373.2099815984675
1989.418796075186 -221.81732981605455
5707.685828910964 -1886.2815211100005
-8505.9638864445 -6537.108061965655
6287.210959882723 -5414.472499992918
603.910630360373 8098.575024894413
-9554.034124687216 -1763.2696821501213
-58.002513989102226 8392.409345209824
5339.080289302425 -5190.145858761736
-867.6697530974088 -7803.038556868762
-5703.168111486234 6468.020490625371
1770.9360815730815 6751.098474278966
7598.987499197534 4157.959778170989
1603.9698153214467 2157.3195199965176
8317.746474604239 -2188.4439835967505
-1597.554593667237 -3707.0979754316213
9267.505305445415 6210.274337711104
-4598.14621753359 -9862.601024790783
9541.046147401612 4684.454208108798
6678.85446325556 5409.195342313604
4678.1793207192095 3292.136787039133
-7533.85582828527 -2561.025417435534
3204.2609974752395 719.7207834707333
-6839.495557409127 5368.109238052195
-5907.5787392837055 9869.42838462437
8657.942158067464 -954.855067697963
-5355.2582861604005 -53.81378241926359
8653.736954688975 7403.705395904413
6354.024778978461 6829.2166779722975
1674.120196180631 6640.293245176326
-2500.783666849551 8611.261491749523
-4139.780225033993 8170.632253692453
-4456.076637841 6411.033824345886
-7096.201212604942 -3871.6597594057985
9848.907808417614 -8087.854505173495
8038.2376353783875 2079.8824528207388
-4224.1833533681565 2554.4128852073136
3617.1035040064235 -9335.08473860905
-5049.172529500017 2901.1000163784593
1566.5667305773131 4031.2798858798487
3273.2942740526123 6428.313568236019
876.8194860829317 -4780.934624190436
8195.880689802932 5830.426525045257
-9698.432225326156 -8941.680621952459
-130.923356779007 -8091.947724015503
-6436.4276764504 3680.1314904741776
-3065.599145475102 -8797.239179520284
-5381.888640597887 -3599.0140128318426
-2933.0023474591617 765.3701702020244
3905.15984041551 4525.41700637573
4809.739777234734 4792.318411085025
3024.9700025762577 -5477.8225943812495
4807.360860367877 2337.2608164101694
4900.658180433456 -3935.730442001124
-2759.4575819560705 -2097.289568752776
9245.297045127922 583.3548097154344
-5923.712249957829 7439.180835959109
-970.0704577110846 7274.207179060992
9692.325840516616 -8873.043159200008
-7347.182900134783 -7104.954509243298
7499.684311488789 1288.272431717558
-1360.8478676128798 5244.707795864611
5378.9904375930855 8875.323723965048
-5045.643892144635 -8142.171575089918
-2937.5474762007343 5202.21927747438
-6606.993611142211 -4755.710035532937
-5965.111738947058 6936.6038309131945
-8990.666529602273 -6090.581781576525
-6906.427794380772 1839.3635941234425
-4815.868660676357 4426.512246330512
8398.07336254973 338.47477878151767
-3323.156134545344 3993.482012634555
-6342.32509962841 3745.705753698119
-4109.517089121832 5190.509750924648
45.35644654580392 3772.5497339550147
1580.9471931933185 -4934.194171659105
8493.73869040778 9974.414681361857
-1628.7825574497292 -788.3004387180572
1219.7936605624218 1849.7530552972112
-315.1975448554349 8153.44299685326
-3358.475435964925 543.4753138044398
6091.728791434223 8158.276998244801
4291.231972085494 -8548.357574339367
-4435.739415635023 -8517.536905554342
1896.386656779645 3497.091698395523
1768.4540871238696 2109.12564771942
-4509.465151934138 3443.3032458390244
9271.545623608796 2189.9326864200884
-4766.92941666599 -5663.521898978787
-9575.91259652282 1688.7704082447144
4558.1135175751115 -3986.559456417369
7679.65074279 -864.2535534888011
-1660.8637951379496 -7414.342249963448
7243.813273106283 -5065.003367797358
-3052.6051648751263 -3092.7074672893814
-4801.930894990272 329.93831872104965
7398.62098526127 5257.898753039
-4376.808285973195 -5085.240895451293
223.83865724676252 -3182.0081800000107
1750.4915858588847 3491.0959066691794
1266.5747676257524 -8011.593037092537
5798.323234150645 9104.007955702527
1300.1439454795818 1201.999735989657
-9094.911475949477 -6748.495371695695
3175.087339915941 -8401.09422315328
9448.906260558004 -3452.9451945576857
-3851.7436406506777 -7215.7642359345655
-3951.9944290590647 3524.641989842228
-9888.564700258015 -5140.275417967202
-9335.17366291948 -6188.8936165451505
-1371.191345126832 2018.5315672781835
-2509.300987367358 8550.654328229171
9008.97390860346 -6784.977893691124
-1333.105843508738 -4248.413609812638
78.6211062993898 7769.032332318882
-1598.266669350769 1135.435034890541
3891.397018225174 -1763.2292911360837
-7327.642981316123 2103.877463012859
-3703.121783558485 -4521.83415960542
2453.6626495849687 1598.9307986115691
3110.9915043899255 -8426.877048039489
-5704.1883410156925 5917.099988041817
3570.6159368644403 5086.816140532112
1075.6338878919469 5948.303373971627
821.5121221285208 -9843.209190019157
7876.145571174755 4845.559473580157
-9619.86180352172 5972.31314534519
3202.3182100348185 6791.567899749072
-8173.7022957616955 -3560.9430802937104
-5879.876704520754 1313.4844409728194
-3575.0055733998297 1169.8733856640683
5409.810533326898 5507.335422730022
3942.2592363504864 8415.048973157649
7453.251203589702 2568.6798433103468
-4388.870122505872 8143.1108436555405
5329.117545757603 -813.7159213950326
-2979.6400145405696 9205.894421737303
-7531.4557454722835 -3359.2780089487032
4639.853974505821 8369.246097286763
6227.855659696679 -9140.016245833971
2763.217470076126 963.3891261977515
-136.1856046590201 5219.318355910173
3839.230313163691 3004.637613143812
5650.788447493564 -3467.2999764067526
4480.445809791343 -7137.201537717686
7258.110487928876 -531.5386386924783
1878.5304121194858 -3103.7400068085617
6009.8272190315 7531.798755775657
922.3704775847709 -2050.581294890466
-4722.063262434793 9791.994911371963
1006.3636149846916 -1795.245348387376
-9985.881524198116 -8307.616109021938
3332.7356317934464 -1395.4772844232339
-5696.132863551293 5566.221723709472
4453.118256390162 5904.677876326012
8830.845924871988 1891.7839723463767
-138.96797223776412 5396.317304819651
2268.1875172093605 5855.1810957773505
-7361.668897314528 2427.5713042850166
-4132.632341932334 5449.5200795741075
6475.064941031567 -918.4668292409078
-1105.8111608227537 7124.213100137695
-176.38384070832217 -6286.521277924641
4065.319308988079 -7091.6222462314145
8514.397999700705 -9476.725962285653
6767.733020540629 -1032.5595224445606
7851.772090298247 3936.5358600426043
9597.303644162399 9712.203192875684
2025.2847582294562 -1709.2453152009984
-5368.278355277352 3864.7912267616466
-1387.3014027402041 -2829.7409713826237
9856.791291489462 -703.9401332416146
9017.723463281814 8706.543914253987
3294.0898971846 1984.1888385102993
-8123.256165996045 3258.1519635008244
8631.863344071513 -8895.64415249009
5785.253549396986 8106.944380608551
-460.0509425606633 7044.5294474589755
136.1088830693243 -9844.736268076169
6353.413539037316 -7947.417674566499
8428.123801661619 2081.1338254852635
8438.50720405181 4255.0819392100475
-2905.0678843571422 -9993.682486322657
-1691.560591638783 4948.274053304409
4720.451170203511 1454.6872709761446
-564.6137579961178 6346.920600287935
1448.6825898595107 -8773.962702325585
8709.046508772739 2386.827271963033
6462.002110831647 -216.88708795532875
6620.969529560367 8712.030669725853
2593.4830741592996 -6152.706053130861
-6492.209789619843 9637.795247586237
1455.2167777472732 -7878.980676270197
8565.395680816007 9665.701595443981
-94.0082984470082 -9597.296516254108
9849.980790230315 -4962.713308115381
9248.101237128318 9832.545680525476
-1889.1715002763121 6847.836284151916
-7765.538201589697 -394.7064642255955
-4946.423242537035 -8597.906694951154
9783.615329080934 -8791.32605518378
-2488.3696062991785 5778.803515921156
-758.386188994984 5093.867961823493
3007.288729014861 -3018.82992643493
-903.8211864370369 -7342.947513431802
-686.9437413959622 1585.4533184985867
1239.9339560476747 -3491.303523223366
-9122.475406015283 9460.095903827078
-8804.076125191981 -9770.045587506991
-1640.8978132851116 -87.07320615656499
9160.030985242913 -4836.85307262162
-5985.205141652816 -8465.864607555462
-9718.688595551463 6255.993659384296
5320.126138538242 8037.878850854184
1292.6756738800414 -8423.106555945831
-8049.791836931068 -8434.469940766932
2420.7482275747934 841.2303254831459
-2869.12790116449 -7801.25749445269
8445.145929832044 7136.320356906679
-6627.3230896037785 7840.645059191913
843.8186686147583 -6994.720199089586
4729.517390891773 2158.6628884090333
-5847.495035807686 -2852.251306868032
-7022.536561598052 9942.590013700174
3982.761809818894 1218.0614923587382
3488.369752055736 9016.716060125334
1584.4319926571206 -2450.890236581493
-1923.3119803339996 -4245.051231077544
-9595.182176987208 -1897.195167673809
-3273.156171670422 7283.048971050066
3788.241104521843 2545.6922075375314
7862.423312724066 7612.231804271731
-223.93078602791138 -929.0577413916872
7697.333409246457 -2766.4418011862217
-1091.2998311932442 5435.583281397539
-6786.9943681329305 -3887.3116659055813
-6002.601279045183 9654.507599388435
434.61159401004807 8559.734411701575
-2974.7135425383494 -109.56462486872806
9933.178574218036 5109.091378390689
-2346.804481801477 1301.6753610959859
-5140.61987248285 -8670.700718089072
-9752.503929428482 3957.1804816390086
3318.705777167879 -3606.8696874624547
1913.425356441232 -9598.945563010522
6526.596371947391 5273.2586670739365
2708.8353498507113 -5953.687570714401
6936.065215853025 -2410.970612765899
1029.7009106335117 300.3694984596277
6409.196619343693 3414.9920786323946
2100.120753079338 1172.3707740459631
3507.861366721614 1772.021811253493
-4434.035758389565 -8914.849707468067
1107.8497242971516 -8942.983886469923
-617.2934159157958 6712.244823691992
794.573160300768 -7672.700174628291
1504.420175088142 6883.05897832027
-1122.643665107089 6141.032778102264
8322.275246556725 -53.07352609089139
363.2655555497695 -8434.92800081445
9367.334143881457 -4540.527701356267
-8139.672447980876 -8003.105132802668
1483.801816717907 4652.333160156113
2133.8863842020164 -3392.6558441235293
2495.3262931615664 -130.0463630585018
9918.761722462565 -1503.8850263704026
4328.332222482799 7004.830052191384
-7406.219381182722 -8937.940820053947
8622.78448435849 6935.23041459345
6454.14708641699 -7374.462374988735
-5947.812728830675 2067.0732421138528
9571.038795563938 6000.21017582889
3891.020397935181 2304.309047560695
1606.7136041877257 4496.8036562601155
-5190.770123747008 1119.8002216212699
1457.3112984179334 8751.561487350558
-6560.203711978825 6871.349920999455
-6775.5357840840015 -192.76966185577476
5956.804595968459 7105.195210786998
3770.7059808561207 3034.595175180357
-2282.1547519719297 -5688.075681038734
-9007.399038508956 -5232.266461060218
4965.994135828516 -9552.553455650459
949.4042589978399 8936.31314090969
-1346.9902909857883 -5495.715440481943
-5886.019166166508 -5486.5853054947975
-8363.199711266298 2516.1318734546694
6266.611513144691 -3742.4837798038934
4822.625053234326 -7398.7356449581275
-2068.77978001484 1012.4375227431319
5258.883980965105 8998.046749716676
-2242.5294758269974 9739.187304359995
-235.22619030046735 -1481.5538385925774
-118.92658454286357 1488.8254533921772
-8641.51335011684 -9556.892269821397
-6951.4344463536945 9685.603240141056
2571.0297145913173 6604.205532301465
171.71613621191318 -6625.205870704511
-327.8399779672436 2249.9504874211725
-9019.365083745368 -3500.1993701494375
-5098.673806936793 -9742.730012534708
-2426.4522581859137 6808.254867471245
-12.076611766309725 -8643.145787588073
-7084.873939052687 -7352.981953547633
-6438.436074086291 1257.4100106465066
5714.150693717585 -9308.894924740065
7494.482149879226 -8096.3918250157385
1615.2096682615029 561.7455972615389
-7215.40749530084 8574.89327858705
268.0196211194543 -6676.062215416896
-5720.874608082667 7129.95366668886
591.8842470157742 13.998837363908024
5355.181285804862 -3575.6795181182624
-7568.305206942172 -6367.20788895861
8614.929849238055 9776.22330038331
1805.792655254194 -6549.551586519676
-3280.3862980149433 6328.4704117672045
9074.918478660242 4003.5662210620667
8677.897111649905 -1748.1990924756083
-5384.624080865923 -7173.971749168351
-8779.476430842762 -7042.215554407201
4958.444374859937 -9260.27361425878
2334.6462187623256 -9162.968988925448
-6138.00900995068 6441.647256229073
-5402.400846700554 8511.103948930268
-2590.8809694788706 3158.9264030218364
9641.288638968668 5184.197687720034
9982.617068624411 9303.628095003827
1894.7853071533918 -4596.700481241161
-1157.1341066742589 7344.17469214318
9694.10972099777 -4616.7974576297665
9040.77102639496 5520.501442267885
4914.601245943402 -7974.595755421988
7526.194633652864 5565.161702875086
-1527.3195170152903 3857.565929972434
-4433.734058458683 -3747.2223730079195
-1639.796473244036 1342.8858885712089
1966.860262327371 7385.378833996339
9316.029340958383 -9643.627644073556
-3905.5704457990532 -8268.677867757786
8805.819102358866 -2902.3240268746167
9324.29752768957 3470.659235912706
-7327.508765802721 5307.790895655826
6295.409356157063 -9140.041192789424
-4363.8292874643 7379.585163400159
3230.457046013269 -1885.2484246939084
-3236.1343134980025 -200.20888241462671
9584.194382462625 -3082.0722985817283
-1904.4764929717321 332.7266585418711
-8588.335372589401 1497.5647363026437
-4195.491139571927 9453.684008977034
101.97162811220369 2877.8227178302805
7586.97441810459 1762.5789163870213
-1497.8675135748217 7691.703923782821
-2584.0245026915572 -5543.894740369897
7959.447306332317 4854.627203573546
9362.610047601189 -590.6990684113371
-5560.25396537384 9432.918708962618
5877.851148305128 3015.0771084203916
9632.754298869895 7201.485937033482
2745.1621860496016 -6347.06100839757
3834.750027021497 5670.0961488560315
2855.3823936808276 -9494.23970376867
-8597.42681637119 7767.82462647343
-5978.223851088704 -583.8599323833078
-3298.0394091763983 2910.4184766666403
-7755.453203365545 -8428.464242481186
-1272.9071906058925 -3164.550432500412
1150.5304352625226 9029.998992946152
5947.128845536754 -3624.6891048738107
775.1728220887671 7446.026849004673
9439.43199154102 8248.25183654941
-5579.679341220914 -9171.332151993074
1998.0765334232747 1982.8077615131206
-8987.254642701959 -4238.299593363937
-6339.852446589677 6251.140174064116
2204.738954793611 3238.349190962679
-28.763329113173313 -4828.044307176733
8399.516452395415 -4889.342421682723
8315.459973001904 -3446.1750026276313
-4049.4267128306346 9126.298423916087
-235.78497953010083 -2415.1117126751487
8975.548126062837 1623.2540646557718
-848.1887201563513 -4864.917385671095
-6458.450336875421 175.46095704868821
4465.005543015439 -2377.81422443633
-579.6888242200585 -169.83764564332523
8137.390783024286 -6696.875687090578
5177.944808995191 6050.371397734294
7468.479951026435 -4112.842871728779
6055.467284869637 -4926.489628898911
9141.246106467861 2527.6912021668177
-9087.308728011374 8119.9331254601675
3690.776327134763 -8465.34370488613
-5550.545061470349 -267.28715616719273
-219.39338122334811 7559.503801086801
3984.6035439978823 2502.712483126794
5272.2148263285435 -9459.92945122928
6264.509272288427 -9469.36884160673
2327.046121451778 1352.6903799918891
-910.6520824134495 2200.3640084095005
7159.363786721529 1904.0960355453062
4986.738898272079 -814.3278090235563
-8437.890948402406 305.81843167177976
9728.77885876118 -6915.182789537488
-7043.119755799646 -7191.06939061662
7179.881935105277 3675.4673947731753
-7526.978152487236 3337.1567041562193
3779.2742923963906 3504.8477231479756
-3560.2489930463134 -1258.491561766572
903.3706943321667 -7622.254826525941
-4320.879859226557 3309.7845727161275
-8580.314418616563 -7722.340683242987
-883.4400756530886 9599.398860029978
-2064.672303785009 -1645.9754490330924
3479.6120821069 4322.189743065823
4559.535042402356 4831.097960277619
9234.405270972202 -2205.002893519756
-8558.88244958669 6041.759413163591
4413.304739370718 3379.9589934114847
-8091.921581483774 -7737.872156556485
-7383.908758790176 -626.3674988220573
-4271.917708215285 -2379.4477584160177
-779.0803136111699 -35.79451948385213
-1175.1329113614102 -6922.806916183775
-9279.778203532655 4161.21474667911
9727.079193380272 -8681.932938333375
6100.619207529804 2012.3455130650145
6092.425496921609 2380.0850443564377
6314.818625258376 -4042.951175553073
-9158.543753532193 8921.262462584808
-1852.6270379310163 1826.8547574446493
6751.672174616713 -1727.050433438635
2155.0901171829955 8787.438973288805
-9195.919991680494 -5241.425737473962
-9133.214509861395 427.62795509080934
5140.713397511938 236.05061735716117
3055.9747500992744 -9764.288474865358
-9816.954803855893 -6581.331770821202
2654.0118711100895 3863.567497158456
7277.627569696604 -748.080858606625
-3249.9134633939475 7864.2739345356495
-6823.30660611286 -1528.6068255573882
-3871.610782218376 -0.9749153196898988
-3272.1289841148773 4439.513004660084
-6078.316008024569 -255.65530188411503
9338.560862547944 9456.551107814994
-6785.600454702135 9290.721968979135
-4903.072405612563 -4035.990182471014
-7192.708687263525 -4891.027754586048
-6127.115540135304 -593.8788250293474
1859.6040661386996 8070.772447534928
-8711.175084657594 -1012.1380495939466
-1246.4063249166393 -3855.030400268478
3141.2893853063943 165.5503406962107
-2719.842553441885 7851.437451176731
8671.14806996351 -1571.2664070538267
-5876.76719088791 -3060.6107020745267
7021.282242793466 -2220.2555865480563
5624.540138659171 -832.7708274900833
4287.170824192599 -710.0503829478148
-1060.870920604255 596.1673049113142
4757.175670283306 -4790.620029683959
2946.1264131944317 -6530.0047894236195
-744.2670526631664 2329.0783297828493
7657.952800635332 538.5546003617328
-4055.927053974373 4643.164968130002
7375.216223499887 1592.608397064987
4499.481393910404 9830.274449125223
-7536.628534068966 -2987.032889481052
3285.529730915576 -3328.3303573180456
7381.154039081321 -7703.118906685156
-9057.887497081969 1246.0054318371167
8469.698745654758 4809.874301732418
8765.524485993363 -1411.644071218634
-5984.83885986653 -578.664065118357
-1684.7719845813572 3473.7903175358188
1226.5652289462396 -6782.64184827813
9875.360833994491 -916.570463740687
-9975.49444540784 -8855.54535586972
1715.439243385621 5533.571088994913
1915.243471336189 4222.9561096546895
7536.126698476692 1596.1376993413814
-6271.364914081476 -120.97071196821526
52.33531994585792 -7588.6571183953165
627.2456813909648 -20.571745300539988
2357.3342344858065 -6408.858646212699
547.8986562967712 -3686.756884942597
-4472.046708718951 -2165.3263782175427
-6884.175029245501 -4449.941461145559
872.3670234144265 4024.5825240702543
-9924.52082172961 -3885.8950986869713
-1711.6425133883422 745.7270593245375
1410.996563331084 -2050.8736996007547
-1608.6433911354488 6265.475227955101
-8416.83398928105 -7191.13948746025
-4612.027367930534 -4762.574415061036
-6311.284896608884 -2506.8329765231856
-9887.878448309362 8738.043213945843
5851.588871095782 -4639.98976851632
8207.278889937184 8718.371715333942
-6215.1736045056705 2478.649142422417
7129.780799233085 550.6297097177539
6215.540812793975 -6050.448168029432
7464.505987492128 8072.151673090939
-4255.587122299454 -6798.306534061036
-1014.3208337215492 4376.805030201893
6715.012884618958 2488.0795883160317
-38.05748545222377 -1423.3482843853799
3797.1766419480555 -3664.5443877639264
9396.241640139706 -6145.703223597414
-9757.432067776517 -8635.639457488542
6207.4926365470965 5349.008703237716
3149.459484525256 5680.80264959212
-3197.614782315545 -2232.6349536515027
-5422.323692505031 8951.015684619
-6947.899972408273 -7918.180548703164
-8016.450388031384 305.9026943289973
-3619.887711726613 -1721.7459052195427
-801.360097330351 -4618.074270311996
-9516.333349099114 -3163.765024382694
-9945.117915095316 -3909.639998236683
5152.91143921633 -4526.664140569119
762.7295103377055 -2883.003849828001
6718.089916374491 9657.566113374069
4277.765190810684 -8310.48972118974
-3153.4119414196193 -4510.4191861885365
-9854.841203130012 -4190.102876154878
728.046289789103 1779.0208173137653
-3309.7388631280537 -5065.489905091678
-1872.8465568218699 4486.972607445279
8927.522721651112 9994.405456604894
-3649.8606301284253 1179.2057147811884
5188.8382037378215 683.8454017423483
2862.3940415124125 -4267.503261946464
8226.321752498567 -6895.0190215276925
7111.047511324796 -5740.993581917679
-7576.576503587528 -3858.125886041553
6047.7487944475 2061.3270182021533
-2247.7977571499323 -3652.809981950122
5913.288563015549 -1596.515010919964
3243.484608953024 -5339.960168711297
4037.1178425109556 -9019.169306813237
-2009.4685101218674 9933.610390899496
-1278.774972518444 -4805.596170851716
-3914.2424327058125 4036.375677592785
-7280.774652810409 4683.025956439395
-6606.062905943968 1200.8404908787688
6387.945539395947 -960.982175352161
-1305.7478019075916 328.9229692706449
280.16878483210894 -7768.891900124549
9477.43405671736 -6876.763957949983
3763.6341972289265 980.7435720146641
3563.1580993615316 3198.6921822152144
-3807.2304370935517 6185.674320173874
1706.765212819777 -8261.00066462522
-9773.938291406055 -7542.655616619889
3493.2744631776295 -6202.212199484514
3073.3595523985405 936.2698259085155
9070.578286443579 -3995.7517669017006
-9226.178344564583 -1227.7533976635004
-7347.407560345405 1218.3282413691613
3046.6221113908687 -4996.116670627395
-9772.932002543685 8590.689616025236
-8177.066826441682 -2955.3831589409874
3531.6507592707785 8517.777224008842
-4740.885405984745 4580.0120348169185
5115.703079607003 -8857.48125486179
847.4400581792725 -1596.1770300335684
-4815.707144286616 -5663.6814778409625
6182.099413480204 567.9252500248549
9924.669469701737 -7491.825869856408
4004.6277390110045 -806.0931679960959
-6855.549770365535 -8878.103422696022
-655.6960521553319 6391.750458235292
-1695.3518129801614 3462.570419477477
885.4856033624255 -9046.30893430457
6409.573887985924 5978.549100830731
-3864.76081154083 -1160.9918538841612
6719.559311633875 -3564.565118957299
531.0371538474828 3938.1433896892886
-8118.656185266269 -4846.347794823411
4319.699952943598 -797.7862886323255
6824.890133757872 -6238.627776616002
7855.164436103747 3946.628034513109
1654.2760724446634 8179.711195591022
-4095.9301428999706 6985.1836235122755
-7235.759180061927 -7032.718908601955
-5385.446753572567 7223.66841931982
-6457.142658465913 2686.3135393276298
995.0608711756777 -6560.342544081283
-3725.296268940532 2612.755479947289
-5933.619958703862 3197.839285447084
-9762.16948001837 -4102.125091297815
9291.506929584022 -2802.127782436266
7491.707204785198 7199.079647324794
3454.3701879298696 -175.57554548797089
-2517.7478994050025 3832.800924308349
-4150.160517651749 9266.705519966461
4343.947536994192 4662.461245833083
3463.84832885003 -8702.54381231032
-3342.0459616629896 4219.688789304562
-7236.127346986263 -350.982101686066
-1570.9646445258622 4967.110804389364
8786.41064859855 -7103.236477788176
-7826.971410377974 4146.1978485630225
-6600.484986553987 2857.8163356489276
-9739.523902878283 3313.80617094407
8934.836984356192 -7264.341474255074
-959.0345911703243 -1543.7934419282901
825.0432398531611 4588.865881869109
-8223.384598732908 6479.552284799258
3448.8780820518787 -4825.120052931591
1042.0595329537537 9910.890113786809
-2922.448170771534 -3182.6272424863973
-997.8253561957517 -4196.021388095912
632.5301282491673 -4331.578137392569
-5142.272562750416 7129.335480268401
-5093.783028227128 -6415.634016902402
2752.9947587571733 -4661.917323937044
-6036.566203447261 -8193.127391305728
568.3407030893632 1324.3261311458318
-1367.017350982991 4738.398986820062
-9725.377934374661 -1329.0434942960692
-4684.98484577259 323.8884698686834
3905.2152259469185 7848.913390757272
5771.311970585501 9898.201062625878
-4294.646197896354 -7049.884991032572
9131.997174110587 -5168.572437897105
647.3734023367615 3569.4077320910746
6043.615246590411 -98.09971954093999
2254.3748453461103 3611.0519208919322
-3300.0985673149908 4049.365848064219
-1446.2921641026714 -3919.5920365451693
-562.0148573904553 -1991.558984834176
3985.6034703800615 8331.651723188239
4649.174252822173 -4704.8719751300405
-2778.8310811734873 5777.499423825489
-55.13334349787874 -1883.170830221692
97.87986401431408 -6272.921438980965
-3165.4450650875706 -7001.052676167909
-8740.39412805935 6803.241354480615
-3385.7209980158977 2268.819765975806
-407.88907848864983 -6699.231975922048
-6269.690840978739 7010.39009189032
7173.878086135392 -2117.930946565427
8574.222055598875 4700.677742280164
-783.9897402266397 -9832.85167018555
8481.965020332009 -9538.239762687772
9343.873352065428 -940.2584398959407
-4349.109736541568 -5290.36070123082
2577.04533518447 -6938.28426698253
-6244.840865704553 -8045.979845582796
-4506.954500515266 -4637.050699144023
-8768.684809503338 -4399.309229215216
-6685.774317524178 -845.9124296396658
-1477.76600096334 -8169.162005503578
7036.1066919598015 -6605.28293777803
9009.067506225289 1979.298479895926
219.3535504873562 2179.657019061762
-1072.8013292003507 -2693.598377024122
4696.491517757466 1881.2234279551903
253.63854665278996 2655.70848174385
-2801.6396286314803 9405.482365997046
-7630.3100833334 -3787.3847605291467
4784.225291399194 -7814.342705435977
3244.130309205899 1426.4450396697812
5963.358534730438 -4053.9798857353508
8948.545155274121 -5868.696645440475
-3475.1855482584706 -195.257414723681
-8492.124936604687 -7001.368636887344
-5653.9691397895385 9944.347687552567
-594.3734150623477 4677.052852073715
5829.789831946777 -7136.443603571123
-7495.385224830322 -3677.2443717760007
8122.98172653198 7134.479843903202
3710.509449034016 7696.314105444148
-4100.4773756454215 -1375.7412677745524
-6603.14249561402 -7400.487772813007
-756.3237261660415 -1699.5791660690902
9426.667132530798 -4851.616318740397
48.94426265334005 4024.3663634269924
-4452.955003346064 226.33783641967057
-1648.4067235192015 -1852.4350912472555
-6000.22487077915 9433.90256258757
7146.787809187972 -8739.80939495478
4382.149970087015 3949.2706110216095
4489.215867952822 9102.080209140833
-9891.244304297046 3936.483633530617
5058.983410907369 -5568.9312826175155
6266.328228509346 485.7579070969059
9877.484075900233 -1446.1094216920683
-1779.8015062996255 543.1022085545719
-7513.173545130565 8260.009470547138
9022.256767638173 7884.03443181347
2660.3373722743654 -6941.109819177147
-4513.231841089336 3908.8700535851767
-5409.453930576167 4906.378255450692
7741.7745121292355 -9115.302734087261
-4495.033422740842 -1983.988420456486
-4869.763964870554 -2768.180023113183
2788.90258576829 -113.74713875973066
2526.4561049466556 -449.89453001729817
-7051.592356746676 -3665.2311089692184
-4550.2468786824265 9303.323671894195
4125.430728150986 -6883.935277651659
-201.25731148630075 3427.2260998483653
-4618.904087431841 4608.907847201766
2595.9953608783435 7599.771529138205
-9408.039723341339 -3904.8383275036476
-6175.744818277178 8509.550915125456
2558.0081596850596 -9688.217255441969
-3748.2024242439293 -2818.8651357372582
3800.0391665016523 1242.9059657529724
-9914.088242912829 9263.711119721163
4528.020101445929 -1470.9122125894191
-7640.086417877949 -9837.959975668196
-4609.123388367635 -5594.056249004806
-2849.5218486442054 -7013.582750451659
-7127.902701710917 1744.5656376577645
2038.513276829548 -4479.023243425498
8574.443584572186 -3448.738600999255
-1331.8249529278528 -1242.6593316107355
-9859.046164573681 -8805.67917345045
-9174.943533421996 4013.2627021751396
-8811.657869192784 5660.660547183266
2145.9686252007286 -1746.4262290465776
382.7947699228389 -6694.6384139476395
7389.153185886869 7953.401151405618
-4332.920789499861 -5157.727523394826
6135.16182077894 -9308.71956331781
8651.775689494367 -266.00567201913873
-4144.951661331755 632.4376804415642
6312.365039540471 7674.73996098934
-7526.073760201147 9160.176068519053
2387.7946239251214 4519.696265661851
-9125.65050079289 5135.961597844569
-744.9389571439478 -3200.311158507754
-4774.618310548431 616.4495052563343
-7441.746917811929 6870.094429610148
-410.37815074163336 7328.360354249326
5499.402905437684 -3221.8844701912167
2951.8643230201196 6799.759138131252
-2547.6001829566576 3092.668674366214
-370.5209291524952 -7231.039226702487
-7559.873334779621 7226.317014708107
-4034.003538970296 -1660.0741979164213
-2981.109337070802 -3811.1875585949592
7275.794320495748 -7674.318202353907
4243.11603170415 7246.986147303651
5199.191788372218 -681.0498470123366
-9362.815841602489 -3374.1300816526973
-5056.348389205443 6251.820538151349
6480.203791841021 7171.0968430057255
4328.2142044202665 4553.973077957646
-3786.596830335676 -7197.223048116963
2114.6714108051638 1491.5955749982477
5408.747126198858 8626.206892843042
-8199.579103396209 -3133.1879345550133
-6508.720604693243 -5275.0707279780045
8864.324979755129 1980.081070793798
-2713.397604640175 8946.801382973787
4398.3110437083415 -3394.306278645089
-531.1844119631569 -596.0911876519567
6123.8719905656635 -3296.85553147691
8113.127415202591 -9057.699906264024
8984.002821752707 684.8083543551038
8811.283118641648 -8502.3185979095
1817.541769134581 -4716.977622532013
9186.832161666192 4038.3609667658548
4064.275466900941 -6592.68975612967
-2848.8154973862393 -2293.0957857179756
7015.581232014483 5855.1562116722525
-1129.694225366895 7807.093027756218
7816.7825279775825 -3662.6064627501264
-9834.20044235713 -1557.0400288937763
-8756.20165792708 -4998.088991817848
5953.04452681962 -6098.184527256636
-5781.919933413124 9487.063664311107
6322.949431852432 5283.3412405317795
1090.2266979715787 -5491.19549692396
-4997.196588095232 7411.980924854433
3914.082940950526 1083.2295963861907
6185.5961278708855 -2269.9813363515295
1249.5294972267384 4708.87242570928
-903.8996608774378 -6346.111904490124
1473.5766891991389 8180.746225806706
6165.904163029216 -2213.5908547672043
2145.7796645589606 9180.790979711965
-9681.505752555695 1412.8145229996717
-4334.58650357212 -4612.973320476399
-380.6071313780394 5868.57322759871
3274.2255936091606 566.3873885490011
3425.263295355164 -1347.8147653034175
4400.0154399147195 3963.8527997159817
-6830.202823161595 6566.266769969472
6402.683615065769 2273.1563449361056
-6946.8903452419145 1705.4129232082378
-9024.19648696612 8572.008224446072
-8844.728194199684 -2230.52906198034
-2226.8299334528183 -4172.584820927687
9873.514829835145 3966.0235455803377
3271.19246057495 3924.3579798771516
6086.553264045951 1676.024284718891
3444.4037954830183 8643.715137947653
6078.368304109081 -4908.298107228453
-7477.241547893834 8613.002146355644
-1992.2864581846352 1195.9852484630446
6915.804338302169 1976.1402495820876
5588.499247987942 6737.877147988431
-6669.780522919289 -1623.8771094858403
-9349.875768186525 -9731.652491479992
3173.6060273466665 3817.114293698276
-624.2690392081786 5836.474785462333
-8471.155719990338 6070.157939126366
-2729.740864646872 -8394.267201514589
8299.718186202612 -3490.656372606133
-8710.911475397392 1435.4567654075126
-8430.081158447263 -9387.080362141165
-5938.038899899702 382.69091934442804
8783.955688180667 -6163.481675533078
4775.780088993784 -3885.218109827899
49.8950155355742 2163.285667104983
4033.794737824388 -2616.7793250126106
-319.73815700126215 7358.400420041435
5887.577644621253 -2005.5945538994483
7028.844516291869 -4196.912140384746
-757.8864004035986 123.1541377622907
5747.548631457354 6755.918887925858
2963.2256023476875 -5650.057007426628
-8221.15400441709 -9013.177341088754
-5729.535798104004 5463.011857435893
4715.786534961633 3951.9026755491304
8377.49901256778 -7148.371997432721
4602.927658434775 -975.1898897672236
8845.95384194245 2226.963523531029
-3182.041600144088 -4226.930215220741
-7252.46547399946 1442.1838948648146
1365.1918160412715 5865.423581901081
2483.20444669895 -2656.479679136676
9728.509434413256 4918.90506457351
6987.06651044044 2869.2379270823694
-7627.253343706523 2442.017555881941
9046.523119155569 4023.576947956022
-6951.083727892143 4003.045150800146
-7400.815280788982 4887.900320866305
-7749.931201136711 -149.82207939382715
4120.906112910603 5491.432369376733
1481.001089536443 -7567.201996225744
5598.243094592113 -7850.865550701623
2446.4235545296924 -8379.082216505498
3082.5088358066987 -7215.582744547189
-9171.387926511057 892.4251646024459
4451.545489695865 -9210.455412896024
3016.964518524077 -9644.551548349371
-7240.798555138002 136.7463025615034
-4031.6988570822423 3195.8041971009206
-2568.5688134597904 1738.2021363212498
-4681.856559103119 -9012.853637004595
4571.839802032122 6463.227410765092
4929.619475247815 274.10554585783393
9768.384056643932 3756.1399572684204
2258.048576414878 -2063.6598971237463
2046.8726941477526 -3541.5545350476423
8225.657123416764 6064.10083016958
-4004.206542701525 -7775.863537474545
-2257.699182136479 -1576.4517277972773
590.9122553429697 -172.94685670862418
7574.450700354595 -9937.268112961307
7876.992348968324 4694.416272546758
1956.1319247398787 9206.78712673593
2417.8913265397496 -7839.210967647565
-6848.1114534641165 -3686.4336253518104
-6694.808064709965 9221.892815911346
4123.26923382733 9008.57800852471
-5480.562776498817 5977.848171137079
3516.7303537681655 3590.759861768418
6566.9444205977925 -3509.42584060246
-617.7495814205595 -6101.727553965062
2569.0771543569463 5440.232604941009
7348.375876256054 -3453.846060198449
-4640.2430882641 1750.7632623414902
-8579.201802766045 -2104.6698406287214
-1349.0858541548987 3264.7057301824098
-8862.001340976614 2585.1372864655914
-5045.524308877693 7582.671407269176
-2491.1278509151116 6059.165313940375
5703.38469586029 3342.972199670521
1973.6759874658492 -5763.113746187283
4893.078937996321 3502.0758522495707
-2428.9678418063086 -7668.808360405164
6568.731498122717 -2413.2837408456335
-439.8623063610521 1784.6180190600026
8612.486544990217 3423.638221784442
-6061.270697137037 -605.3100457543642
-9461.18517547822 -9486.88731496576
-3386.2398943293974 5921.479278426588
1385.0267460856394 6997.5198970889
-6576.843226997324 2818.120811366858
-4712.113476782789 -9913.552484587386
-8226.57505531744 5197.692346584488
-3033.825985452716 -4165.089226433436
8349.27857086343 6747.514304042306
7082.950665086406 8331.461403262572
