7126
319.91973703698386 964.5313314594787
-6106.738588224458 4532.027978867969
4056.56448792423 2952.825641065794
3665.9338451568765 3598.0422540997843
-9566.140407752375 -6954.152777653171
-3591.338493915435 -6019.280061903809
-6629.6214723548455 -3704.88989384673
-503.53482345880366 -901.6323868072632
-4226.101634293024 3786.370325686781
-8946.311562523939 5993.820154875493
-8714.900196649933 3346.7055032871394
8068.40260600514 -6025.503257927556
3777.4788969571346 -9437.717809586915
2490.3817389522446 -533.2313966349611
-1997.2427983069756 2543.9412344731372
274.197740982916 9609.669151779417
571.8499578132105 -4040.2225525608455
-8057.741570744792 -3492.5058346349806
-3112.758284447492 -4439.106271268165
7480.906543986333 -919.6170520738779
-3306.613094667474 9758.574068692677
3245.9668758487514 -9903.499875141948
8587.555666942484 5768.11846522765
-5957.585774038444 -7761.036782063526
-7865.700398449291 -1583.3570191597719
-343.88195303020075 8955.199791392959
5152.517245626665 -6080.841808443036
1853.8982481431158 -6644.053476128691
-6705.136507033658 2759.281983643232
5231.409724272533 -8424.37091647614
-784.9572663861454 -5732.033519507222
3276.6517467036756 5775.403749945672
-580.7104483175845 9575.663467740902
9630.181077789428 6364.66059383766
8324.139589054128 -679.6403830545423
3761.393345282644 3036.3283967213392
1093.3634577565772 7825.976262441538
143.50915141878795 -144.15299013579897
-497.2787141803892 6422.627464775156
498.18939498237705 -9086.7884720008
-1618.0238678321857 5162.287085004322
9793.986299790733 -57.988293120402886
4109.385575951459 4390.429865272123
8421.111179647964 9828.934783731569
-8815.326235222707 5466.250713678059
-4671.709428243964 6081.721688465979
-1917.7336738012318 3381.098637116076
9895.753871077464 -7906.8989741486175
-612.651596390242 -6893.213541636449
3931.684058036266 3432.758753687247
7643.095082401393 -3787.525737171806
9417.74260319917 -6581.071185068064
-4611.803197201605 -5379.145031450663
-7507.442990267521 2865.720639476991
5539.589516488124 4331.399566701108
-349.6521694972016 3171.8384802127166
-3423.927083143756 -6479.547494647444
8245.147231801264 -6189.131237843797
7904.297906296437 6634.998426139224
-9870.659146809156 2802.849275382525
-9660.643476789286 -1071.0470079756087
4618.558965694761 1891.3610121995025
6808.0258926936585 -5652.138625640187
-5036.795031185564 6919.92119410825
9183.464403745533 -6250.081602981037
-8879.795344202712 8295.978626575277
-1414.0356175955221 158.26270912020118
856.8386462895996 6450.353934154744
-1464.8688133533415 -6928.492087003293
1081.7945589132833 -7155.514854256371
-6985.349943568941 -5183.4590508005185
1786.8669271163071 -1652.6161143468325
4811.578977727522 8509.604846733375
6096.0034028921145 7698.734377252982
-6582.118624215749 9398.756673475622
-8343.310745942441 -8705.912390950292
-3667.2907099705917 -807.2096577988013
-9028.068843971065 -6327.342524596237
2779.711858657356 6438.762713570246
-8740.610084121097 1857.729847071414
-5345.565834301833 -4907.710442684099
8037.49292478009 -3905.749023696776
-4057.347091507506 8131.8050562387
-9123.366205024044 547.6745200190417
-1098.7249184500743 3400.0112209774106
-5383.146895718755 2172.6909803966846
2969.2018575949296 -5187.2175770680415
-5158.327436590922 -7770.0150231936395
-9323.644377964749 -6342.192766020742
2511.035967986132 6823.7014312752435
-6255.17204721973 -8087.708027583771
-605.4083862350217 351.8377625086305
-7873.0884063687445 2341.082032099628
-6690.164877516913 -1093.703532561116
-1099.461346767599 8593.577918006016
157.91050240058212 9428.879304083544
-5256.556478710157 2599.8674971013625
-1636.8556719475546 4824.027627035668
7133.148387232646 -3726.483087204253
-9439.321930663362 5248.641877411936
1470.6362440528592 9860.497753313863
7239.840306660684 -8556.144266755718
4001.382121715991 230.76250787537356
-2460.8260307249166 -2756.84622924877
9708.170699473925 -1008.9972352319746
-6497.6627932662595 -4714.223696830302
2275.9273976529985 2504.169274881613
5842.346602136788 -7516.139247193097
7779.556041224823 -6266.653125081479
-8375.057994699167 9936.321735186288
-1078.4264072874212 -715.3723104446872
7270.114525789704 -4248.010858844979
2447.099877957231 -5894.360302413577
3884.130069816443 8639.0633061453
-1210.4504689932055 1003.4320067843764
-3827.3468562746402 -4862.5286954885705
51.15088727375041 -7522.557330064148
1048.8732894956338 4015.2438329732013
-9901.802245661922 8320.306114326602
-2461.2078887739617 -2380.4374465238952
8851.72905968161 -5978.705347195833
5699.140445505136 -8132.341781375018
1780.0970217848499 2214.21034074996
-998.3501278594667 4082.270998306356
-4849.320236466026 2243.5845085592828
-7999.302389514531 -8979.084431860469
-2226.2282009192495 -8619.937897599928
3089.6294287063156 -1782.2720127571556
-9227.537733527743 -4702.105213138268
764.3286937813446 -3848.8021404130077
8338.100155611879 5134.482189061553
1050.90071345469 8770.622045046624
-5518.285582195992 3783.9401271683346
-6382.390563714742 5558.650494782934
3467.5580854291693 5033.707172715158
-5420.507973490902 9576.822286143466
-5084.296915751532 5735.226445505961
-4882.647263902664 -9164.478348289764
-1513.5863927487226 -6593.22279414
-3228.8770891411377 6849.317947323892
7609.795635985094 -501.444144543133
-3369.1460104536227 383.18054811707225
6900.004338518345 2007.1398428144057
8636.891839210224 8164.5950970120975
3694.074443400921 208.5035398956279
814.058054065461 -6268.864438454591
581.2177099248802 8985.778703429809
-7497.045189712726 -7397.42119482015
-7160.7847726543405 -9440.011605824686
-9485.222141428445 8611.181272177168
2370.3046842714975 -2610.9898541712946
8624.314933707126 6493.265258185576
8029.763591254272 1582.0658924771287
-9070.915371285224 7739.7964168336875
1166.144208912825 -6615.947851758948
6340.845839268508 -5776.832814768336
4742.923574400091 4116.065445055954
-1161.0006943881235 -2738.0798186120473
4587.090904769 7415.510503701076
6103.678377509677 -1445.2994920128658
-7889.007296350141 -3298.8000469619765
-2240.395023581951 -6190.772819202535
9279.526946468399 6495.895021340813
-6299.9258075671305 9911.63304687136
-1354.4376996330247 570.7684873986036
2823.7094483167366 2126.032875353978
-6047.75696300317 -9166.709278525292
-6995.092562387486 9083.72483467375
101.61230442787382 -2537.9158798873405
4232.18270166474 -9784.049780607167
5214.777627059433 -7000.681973127923
8586.887902339266 -7196.318979983365
2059.6213091487716 -9056.757977346448
3098.0910523033617 -6037.57890458059
-8702.168913108097 2840.4966556105537
-5502.35988650549 -3350.4529396521284
-5196.178185854196 -3040.1376069698745
-1487.2420258207512 8176.251823557341
3733.8888981104665 6336.145280756387
-9428.227873157815 -5274.335644250139
3074.7203468444877 -5695.07294817249
9661.869985018631 6023.276150264408
-7923.825105326019 -8394.06252628245
-7433.944721044798 575.3185564488358
-1725.9867952804361 -9285.162139057284
1819.7594833495768 -6214.73169930181
1734.0565506069943 270.24197320203166
7465.839523754923 -1221.7984734682814
5700.016723923138 5294.819828793867
-9950.014825209897 -7092.767372078739
-9996.965182548738 7366.373012033655
-9713.170947851944 1685.811895185485
4391.742081324097 -7023.203987387164
-559.662345439956 6284.197658734429
367.43439961850345 -1976.1315380434153
3700.3480341458544 -9252.078414534402
2159.737856953443 1712.8563365421087
5700.389741053248 -9259.363550032187
153.92652357701445 -5898.068189517871
6810.212092241651 6883.228930571724
-6618.17783176009 -1892.5500306570102
4949.726428996959 2655.636435658311
-8385.992907409298 8992.154984850862
4409.342050954159 -652.6702090491708
-7858.162115168294 2191.4199531689737
6524.969437674987 8686.950066674795
-8486.444720602622 -6210.351052544596
-6955.766365838407 7551.127729240652
-1710.4560562963852 -2958.9877395912563
7633.727795474471 -1452.9572823029357
-692.4064886060387 3035.7075714587663
5215.418910076001 -4717.196221473967
-1000.2197033411303 3944.976330924879
-6316.404752314324 1784.273484446583
-1021.616711553057 -6764.868428058068
-1957.9675895751961 1786.4828051635777
-6590.979745016921 -1177.1090941794537
-6885.676604382737 -4477.678379215177
4614.971082373211 -7648.666916067546
-2281.3794450904616 -849.2911939915903
-7092.555365884267 -9402.16823697469
561.2929930841601 -4889.00501636476
4812.317119081927 3482.349897821874
-3907.6922454563446 -9540.137583991731
-5335.344215566637 7226.511445542121
7178.407986993741 4641.537556681427
5968.127699921784 -9079.107225255619
688.4505233703767 8161.642651753453
-9032.839900443007 90.01637933169695
1948.541731633255 9279.565119228584
-444.4804581123499 1801.5505310877816
4512.9020618708 -2896.2641148533776
1945.7426017076032 2448.2611898751147
-7190.348232254562 -3631.2480573664006
3449.6372402657325 1538.2791459298023
6959.014618249719 -8307.196837510683
4270.860556394489 2661.2935120062757
1424.698109425024 -2741.6037604135554
-7613.649007733236 6255.298239466318
2147.5022399209593 1628.9030516963448
-6605.821625144221 -2119.436709397786
-9576.516334902812 6807.9844174275495
-2368.8390993672256 414.5204311664511
-3972.711311817683 5668.48187799291
1914.369415431458 -1086.7058119403719
6944.542347879087 2521.8870761902435
936.4300783837516 -7157.3602430582505
-1434.5301660755886 -2130.9489359969193
1645.312157694545 1963.0706491107649
-8694.79681265966 -9732.699902969593
-7134.92727532187 9361.004505052795
2354.5091978874552 -4231.318800589701
1964.8038273234433 7949.77451361678
4627.952272673298 8528.571361324652
-9441.176881756273 5221.394540564377
3964.7961023218904 4953.433897202976
2021.9140281578402 -4888.011248794821
-5748.783482047804 8151.020932669497
-4970.789344728224 5550.835481618282
9370.690312973267 -534.140577441789
-618.8903449400987 -4404.999728761462
752.7007652468164 9527.393900958377
-6950.6401253151 7008.569350300073
9778.179210980277 2507.6804063185846
2681.2693226863285 -8272.478978891171
-4586.605979368901 4180.063108500479
-6275.24733238773 -1141.6914520607788
-817.7338418001127 -3110.2033673391797
887.717242688559 -7309.744100922526
1950.3782760032846 -7307.891708628762
-5178.932707353972 6658.898887095074
9982.229059558711 -317.27847284347445
6715.398807760186 -2720.5592820310258
1346.5582449554495 -4059.6008622402423
-1072.7809742515747 6776.513612684794
7982.855716004022 520.5896561605041
-3198.675910241426 -6531.522893189496
3605.4420383418746 1583.8023890035784
4531.73777899782 4921.509359912225
-6890.202495149062 8011.848396924281
-3795.596552529283 -9529.213456355943
-4740.906657041617 -7240.356385680023
2090.5951490792067 -3086.9377438365127
-2832.8444193086243 -6290.230933943184
-189.19839973810667 4007.0111516615525
-3542.613827936696 -9058.453979901584
-9835.385111397114 -5125.2886107620625
-5034.569148139909 8095.892602880984
8222.933916142403 479.6847929940268
6466.679621908352 9911.767537031694
-8295.41462936694 7063.940515067396
-9852.042560946935 8029.543158156848
710.228141246982 -9241.499844845643
1406.0432559753008 2801.169125774959
-4437.793301594539 4538.911965258685
2043.9498280122389 116.53049617317811
-7200.215293006182 9279.29551347626
-6950.843935483724 9149.932117142976
-6695.012396651318 -7134.512647097208
4876.287148162173 9450.16547096991
-8914.954122092488 -840.1106022536187
2520.0041076640264 -6057.843813569631
6413.226720539315 -7932.343959468575
-4347.846088735061 8177.716190215517
2830.615370034744 9035.883121081952
7710.502918953782 -4432.546755332205
3937.1950238333065 -6975.504611160188
-7935.3263940108955 3345.428680467179
2951.342130204097 -7680.43866359817
8248.166946302383 4662.675253898047
-4307.345841184833 3516.7913496487126
6733.64926705266 8475.235346000965
5943.794557862793 4585.01221767099
-3158.045657539392 786.887225971639
-8927.178057622088 2126.439696434245
9113.540113266761 8326.281442439216
-4651.742215783561 -217.40539995419385
-9165.589872957698 -1117.2761410194325
-1445.0747194950563 3191.7583930493947
-8603.196278663787 -8705.61355013696
8319.36851848726 -9014.128261050817
2788.232306856 2477.2424119343777
5979.453412194478 1021.8297548381179
-259.28043228996285 8902.573397857755
-2116.4803710179413 6374.14751586469
-6064.610211904455 5575.406248483716
6680.244727552017 6573.005137940065
-2854.1734654180354 6835.7864544462245
461.1577604704671 -3846.283146736564
-683.0921245697955 -9800.68253825165
1543.5237932817254 -5209.312020233794
9314.0969178567 -3027.077768234265
1232.096469809996 -8879.032790465948
-1558.5377385085758 -8473.670118189038
-7925.975037153945 5819.528373478255
9814.971039519896 4869.302123989119
-5078.024815135871 -1429.5551465195094
-9709.11357605098 7579.161026945345
4546.314883187786 8285.150810904965
5887.376939378726 -7857.293190990966
4587.9821473133325 6251.022938269616
-3499.2659212679864 -4578.867040964218
-9680.550171751056 -2149.463197165839
-8794.13553598273 -1783.8966413700546
5981.972389463197 -9926.712690432507
1544.016060713282 809.6619453607454
-7606.91550748251 9250.196975123778
-3061.0269874726655 -9129.814954294572
-9930.897369060096 6271.266189898643
3746.2316737294695 -6738.869387511997
-6716.836742546872 5005.242875676637
-2572.0378921527745 58.84818348926456
1280.1083339243942 -6278.3652758599765
-4040.1731547344207 3480.2572790478425
4295.315183383009 9022.50069031445
-8185.973711556744 -5559.261844421497
-5924.652067940748 -2876.4882635011336
-273.7986371501065 5107.092725864428
1274.081206521334 -1719.2236424622552
7942.126022363987 5079.982862240904
-4601.257101053225 6741.980428944178
1753.3878417338547 7734.772352245454
-3093.9077394937885 -9192.591829268902
-130.45295130640807 5769.238439935887
5599.730177710349 -4581.550075593752
6537.531704448284 -6848.859285123301
4655.332315537391 -6851.7745524913225
-4692.670167787638 4428.177549762018
-4598.639445079207 -1449.0065919725548
3956.293778729336 -8242.618982518496
-5591.397180665914 -4465.9594369256065
-5677.3206988834345 5030.5413663498675
1492.6647157662283 7747.777236581267
-4337.698632861539 1116.7723591447702
4909.319701775881 7946.800824907114
5630.487761920585 4512.879155433915
8323.410281965898 -6143.286359900925
9104.774908299416 -6413.306250595252
3057.763450759401 -4711.478921854106
-8197.90557657301 -5881.894934715755
8679.377976805812 74.45749529754903
-6992.5485362833515 4987.012450161772
5155.910291889972 -5143.873351770467
-280.59287768152535 -373.00740703536576
616.2785796688822 -9162.126016606542
-6869.066806820647 1257.9680529150646
174.96959890086328 4325.328553246711
-2397.4925529168204 -69.26677864610065
3330.439559495553 7201.10401939807
-7852.41601013352 5060.686722132874
123.74826585035044 -6553.344026808956
4938.869770210495 8397.686691442912
-455.61739748732543 4401.346069839135
2457.1010970525112 9273.446699021868
7595.973575488555 -2343.22598194662
6642.317024496566 6487.4427003215715
-3014.5804174378372 -7683.5105583585355
5770.884728517658 9336.81981074623
-4425.306940329936 -3191.791347298161
7769.834941711571 4065.324916635205
6535.3907225646035 4517.711847661121
-1706.670316658352 -8599.182023022135
-428.11726280727635 7220.6039892612935
-9875.624810939882 5870.457252936372
-370.32884565519817 6620.178566778457
5328.1704708466805 -1772.8378427408443
7181.382373950157 256.6387223259717
-2928.231921394413 8590.520455490845
-7516.432609819722 -365.0408667111442
-5862.00455729319 -200.1941396964885
-4876.711892302807 5625.726470682093
-2100.1251619450304 -2003.6752375833867
9724.236618822251 -974.710812258365
-1114.9375089294008 596.8370662144789
8857.92301946667 2618.622777560611
8048.096094761408 589.3181970528531
5006.241845688226 -4829.695102139926
-3518.4617827863394 476.8777187384294
4847.514354809042 7476.0654702479915
6535.370882677806 9215.162654936954
1188.8810053821253 5939.372962333102
-2822.7150660707466 -8866.883589551091
543.7014041604016 -9905.423951541696
-3085.214642683858 7096.498394367889
-2346.596486724048 -2919.861013248422
-1286.678868536159 -4931.915075684201
2178.995741964518 -1727.4617775299484
3082.9176308303195 -261.9770205420864
-2661.7516390046303 -8876.574559881627
-2130.915014387806 -957.6796359665259
5440.324241353843 -7300.307553698045
-3727.954190107279 9157.009010941143
-8929.578456120033 -9491.90293617795
-1768.3849361151533 -1049.9778045434232
9102.77611698025 893.15615943179
-5446.66165308673 9892.387438699083
1771.1440940399207 5629.021812259398
-1985.2154861149775 -1925.1592838888091
6701.680389486955 3283.108433320882
1179.1607908169226 -8754.479655763147
-3886.1098537924163 3511.2560748443684
6756.708999283885 5678.9156628615765
6321.13666334005 9651.253653631564
-6907.384783292203 -4794.214036243398
-3787.0565212148913 -2186.4277251893463
4723.450809451388 7878.291192899029
-6422.869769128854 9125.194738761507
-4067.5584967473833 4514.106843607638
8920.597172692997 5864.456849487362
3847.147603770196 7757.834739818154
-2126.6535033659075 1931.840509360276
6861.407018912967 317.53868335338666
-4688.878894869584 3433.7075853027454
-5973.306865926862 -3321.2189374361296
7007.819758240759 6112.9701098597925
-8453.695203849344 -6131.948198684092
7929.620281724463 -7057.251671582596
3619.088124430469 3732.0288400028676
208.53685120856426 -2593.92015825791
6617.689585956345 1718.6244169659076
8383.911257376567 5816.789001160647
7949.589694808656 -4709.685145806877
-5323.882270025601 5493.641717075408
3937.477087232108 -1130.2222521320455
2857.5445666664546 4681.960419065574
4668.788087651432 1612.3893898148744
5711.704668478622 -5176.110295689576
-1997.4760285391867 9319.6740526998
-1877.911655818718 -3889.46023126405
-215.269409757042 -7547.681660128452
5508.179619276329 3206.2702764366586
2812.3254710870497 -1529.0964052579639
5626.810443361901 9617.400264653996
-6801.784101525829 8627.036986228479
-9317.163502803658 -3615.329001683336
9528.945916868306 -3152.911637120539
6243.874085222256 3610.8054645221237
-2430.6064329782466 1495.2840743418164
-6370.363877856149 1791.560336031007
1257.3104989593212 9572.423607127246
-6752.820571849281 4000.672969562622
9343.783595922156 -2698.9676409396598
-2230.8390986876784 9686.159726620579
6273.9848128591075 -8932.717507474164
-3897.0298865371797 6167.436781053448
-4234.157099065341 8334.550350328656
1774.4069691786317 -5120.225614463274
-3967.435346469235 9413.014018126029
-7349.667143422532 -4005.373069951952
6708.210555988055 -2135.785435081616
2850.5235639780512 -2748.5941726632964
-726.196636118364 9839.051607292731
2249.715844008688 -9331.700921175614
5144.7482733037305 -9207.80237471583
-5853.361001839246 4256.774216062677
8568.59815783264 -8214.536440869932
-2522.411805407958 4946.428091651185
-4904.4939276612395 6987.161793472478
-3622.1117830670764 3633.874265899831
621.9655553849116 -1005.9338054764667
-3054.6309236415927 -6398.593828968016
-9128.26339331245 -752.9258085284127
8735.770126513202 -491.81419499399817
-3333.873693168607 7081.228949450779
6820.74650230015 5738.752851492462
-3550.9180093904424 2845.279405406818
9164.963246264273 -9899.326995090298
-5729.172291652742 -1954.5096880941746
3629.5157375467825 -8304.821807870308
8797.062703797732 8612.944681888228
-915.2830115173856 -9758.312721107186
6899.025027211308 -3836.8839097374785
-4083.939827584133 8219.111377371984
3992.9863065790687 -3488.9897153291604
-7367.0479626105425 6893.905616580625
-7463.946335817406 4724.72203866579
7340.5987824033145 -7363.172724517111
9948.408077359389 -8355.234564658867
-4488.810633719875 887.4266597245023
-2279.591742145306 8066.084727684338
8791.328244985274 1707.2937440824062
-5423.736162298916 9674.173912527967
3508.430486527106 -6929.851015169108
8304.259911477093 8346.266113080455
-7910.421381110588 -4131.135665396393
3226.802755509183 3573.082995385088
-4217.872906154414 -1923.4396948787617
3271.834750611857 -8473.819987732739
2866.116765183744 -5419.059473937782
4220.442626888764 8690.426563809997
2974.345271158156 -6081.944350022817
-7056.221415384283 2000.7222160188085
-4813.286415379705 -6536.267240582725
6305.674682090856 8066.560064459794
-4758.733563219084 597.9187477853156
7895.633711536404 -9662.411876333406
-4494.896262847925 -1060.7611105291799
-3129.857050692628 4957.847840783545
274.1413731386456 5954.081839115188
9918.551000285599 3575.906930916877
8521.466584047634 1076.569772619583
-5266.97880158133 -5477.376898226716
6389.824772581662 1932.796507017145
1350.362544619311 -7462.184188512435
2524.5464386972762 -9655.254475210222
-3653.1861604412734 -8378.345412290226
-9230.986062919024 -503.6616490341421
-5894.856463782372 -4393.905073939645
-3204.4598785228673 8976.08754850801
-763.2930721545199 -3313.7629216387013
-2079.682272730068 -4632.13368068117
4729.3825419186505 3420.9972795713784
-1348.1207075033271 -7356.668795456065
-8494.408076149062 6607.035778598194
-1551.7174731472587 8816.570106640145
6812.889577456532 -6050.6118491400775
2709.02944811984 3153.583183996363
1232.888212147027 2596.806346241243
3203.495208372011 -8313.779380694094
-2917.4342178815605 -7620.674119475688
9938.431415957624 -2137.7478184512456
4595.288964652764 -8019.88342620687
-7107.10670637722 -129.741743153867
-3492.842916875369 -4706.792467310381
9099.709171373182 6510.072306405869
-3462.441115683934 5863.197598347277
8228.405423948978 -563.4646464559519
-7258.87764033108 3572.6057031066484
8125.272939441238 -8813.651721327724
-7178.499481759608 -362.9569482690713
-9307.955265882352 5604.846186643066
-4764.263143703928 -6512.086418212448
8035.4370840660595 -9878.452340862603
-2718.775320664704 8266.889240583263
8995.584056459687 -2219.6392533292683
-654.4444558995128 425.9369105613241
-3037.8172087189405 -8987.638141341158
-6887.158781433773 -6678.804784539749
-8687.062811899827 -1153.9056648745172
758.3635869220707 -5291.453781535809
6859.6869855853 4582.363410282791
2026.6998754297892 3693.2476230283883
8363.367548374863 -8082.4641094420185
6576.7399521280895 -6044.481114360127
479.7455491889341 -5918.614428369978
90.30564436847817 -3031.4769414811126
-2576.3478154538325 -7237.4437695547695
-5620.64597841202 1444.6964886052592
1190.2088557558127 1426.7438430708662
4090.0313812053264 -6609.076575227051
2347.33005250745 1089.729093667198
-4409.873244140424 4922.581464126841
3214.5688643862086 -4310.567229213362
7239.754918533097 -618.9887964031786
9669.149268555484 -1091.819044422211
4483.37552213557 -4681.502796541037
4870.806099673111 -5371.584018886803
8064.545649312666 2559.378474185507
5872.84926246563 9162.102947514704
-846.9277981822252 9815.439935525937
-7612.3682597385505 -5023.865082351375
1287.5241223249031 5228.261832184298
5900.395359170261 -7156.957806155491
5774.336519488688 8730.74218946237
6876.247297846923 -7821.630424283199
4548.021843904866 8264.53510699599
7980.793821659532 7783.103961236509
2485.291079903931 659.6775361982436
-7964.250490548444 -4708.438046480758
-220.8388956876479 2377.2088692151374
-5143.386325909906 -2667.811957262101
4217.403780065491 -4664.871067299503
5170.295921366864 7740.741624043065
-6927.010675263395 8682.54940329925
6486.336334175165 2122.378403379904
-5197.562026476792 8656.448431406698
-903.8279503647682 9641.168468394222
1861.2834219524339 -4450.044176886933
-5699.338689007549 -6877.378122148796
-2315.8563464434037 9340.627747241935
7516.868293891443 2386.823182938733
3240.1522791262523 3671.7105386532294
-7909.107575449594 9186.810923654892
1562.8077972103529 1648.9114680680486
-8555.696831901836 1208.866114350718
2266.5663798460064 -3690.265251956306
3607.528183889388 7298.402196971656
2300.7892392201265 3641.973146014332
9244.315181100443 6407.194289891871
4054.9339021883716 -3327.5336017165946
-8052.8166867444 -1285.308829948126
7417.1682877425155 5416.78233024859
-2115.456311732586 8958.217942079296
-1498.148415160911 -625.0039858731125
805.9649141127156 9213.872024161934
-5500.369360526989 -3221.716178281031
-2037.169267099066 -8798.01733022402
-8532.846314606575 7935.572623172815
2677.426825262046 6648.003185919093
-138.2873231780759 -1200.9817464933312
94.26285757490768 8311.761962127948
1239.3845116319553 -4738.381098168445
-5926.767029594861 4005.0096781910725
-1226.4661857917908 -1280.1945736683792
-4765.017331089154 1249.247270463622
4113.821571188915 9078.366429142217
2844.6471459435197 -8817.159879802646
3594.1389528276595 -7355.380646160393
-3479.1083308492407 -3091.5436687340625
-2088.828606858672 9253.248533982474
-2317.0195146156057 -6321.092091139344
-8866.420457824059 5482.776596224514
5199.370710765907 -3848.512031585993
-2734.9368702148704 8969.165943978442
-5122.8834136556725 1397.9438037770688
-4427.146523537553 2591.5631115239084
-1767.856389223958 -4560.75040876548
-493.5318983973739 -3300.2424937485575
2406.2438973920434 -4218.624112203364
8269.832175183721 -7427.573581451965
147.4083438666603 -7239.722281055727
4973.166072350728 939.795211622517
6445.916691826875 8461.37202319835
-9220.699112554672 5673.857555722383
6719.35971185119 -6439.220016801885
572.3880564020583 4643.834153283695
-9634.427115470535 9642.665692834478
-7584.7697125002505 -2745.9123073470555
-6946.769558236945 -2620.977037362669
424.7542100942046 1326.2344163827765
1295.6289758999828 9415.286190125102
8683.417173006419 -9243.276866363758
3653.9762492522514 -9112.807635998268
2417.639142416552 9775.692533076395
4342.2829122178555 201.3270112879818
1912.6035417964558 -347.5556850186367
7056.72511404883 -1956.1541196130693
4496.08394184811 9337.39219792906
9528.145593473138 -6461.132397768199
-9587.788886409853 -7200.102547250777
2597.1221156208067 3060.0889665004343
9519.3832313622 2715.911729201427
1536.8289867828553 9406.183058555962
-2515.187059586532 -7321.10345483916
-8100.309179153033 6882.594606556053
-7488.530918391179 -1747.9932374094515
7339.6108313844015 1289.356782073317
-3378.535579987809 949.0672175005639
-7337.663239620826 2896.597165648629
9133.221435395088 8626.395083140906
1782.3094067489692 5196.432629450041
-5791.979726607015 -9212.944670827641
-2684.880501055678 2551.9764828654443
9204.82583039326 7943.66908543474
-3789.517461645746 5821.219023181595
-3929.4352818267007 -9544.577258973193
4131.41540899348 6615.568406452348
4106.3049439528895 -5850.540957509793
211.08863399608163 -1940.1200786287773
9188.0770775327 7556.360762209144
-6630.398323738149 2752.816588186475
1884.3490682834145 8733.974014580359
-8451.279204065579 7083.43390821508
-5099.541880703558 8423.339353309206
6023.3790272871665 -4858.101988016697
8893.570698779145 -9324.955676540478
-5625.448943304623 -4830.715172233686
-5059.957207788921 -7896.17545778539
7758.862664368811 -3176.5586047733295
1800.3075986949243 6573.792274198506
-9213.897808676136 8494.911630381463
-3385.2734089062023 3386.182278459626
5616.568583770115 488.9710868610928
-1222.9000300206935 3936.0528149410075
-4184.024637776482 2096.8418975028344
8470.825108439232 -5676.10164874957
-9943.585519155135 8411.188895212468
3715.967434577973 -447.32754408965593
-9072.341947075709 6198.03149877378
2763.7956432931624 8710.237812365627
-76.13504891212324 7219.235261261663
2288.6062406078363 -68.19022289329769
-3903.464072445684 2106.781254639851
6064.947726545806 8956.467717659885
-7084.6569779886995 -1777.9603228604483
-6318.359108623579 -4263.636687173466
5554.237393693204 890.3072469798662
4332.260853629703 9826.76975761338
9121.034297579423 -1017.1043439079549
6835.043608101259 -2820.3494105208392
-2725.570710023004 3026.0981841173216
-6226.55820279545 8482.968229782644
223.21126353334876 -3151.620756608062
-4988.142238545226 2332.4648498903225
-8721.803798577801 2234.17810188385
-6170.657675988668 5292.197986444591
1928.1967337692022 134.73788078420876
7527.342706102943 -4705.366908443955
-3162.8765370331594 1693.4043798181392
3605.86149283948 -5149.368299186829
-7789.904672794139 -2325.121402280337
2465.6652755155865 -3815.7984949982456
-6347.790053303286 -4155.07692053771
8082.463937613895 -8323.593864706761
2944.421343037384 2429.0717621390704
9212.271017435734 9897.373280814554
-2913.263495292451 -4014.09363156743
5425.427136674607 24.85200300156066
-2490.2613382273594 -137.49452646122336
-5369.951642654582 5592.32204028293
2531.2133318507076 2856.700444725935
-8266.042136058984 2279.171725379474
-8064.552850566551 6792.805191952208
-8292.580484626593 3850.008391409181
8978.534951533744 -5575.494106281402
4547.290077975476 5369.67817078898
2173.834917603981 -8589.344079247536
-5493.52014235593 -6534.876389713031
6887.462363533097 2066.714570981252
-8559.10583716308 9674.72154058146
5074.525105249917 -9823.36189035673
8239.310715827782 4820.283926295706
412.56180204841075 -6642.96924517986
-4960.07398099505 9856.43402781969
5639.436684011704 2297.415042778397
8300.591677228851 -8203.397459651971
-921.2766317540863 4657.503194865973
-9221.967045745088 2084.4118155501674
8136.391082134225 7484.38630564386
7084.635442020397 -826.2358042533724
-1021.6144417466057 -8280.415077227834
-1270.3499118292257 -2899.539089437466
-6350.514530158209 -2302.0601197634496
-7585.026812886899 -2527.2736983572286
-1430.4126882735654 -8502.644353016874
-4156.0947367424305 3577.534873194989
-8355.641906178591 -1419.5746402108707
6414.612788209208 -7805.829018382006
-847.0214806684126 -6623.973869168589
-91.73933708934237 -8774.01517035355
-1873.5285789935551 1280.9687626342002
-1354.9049916919084 -594.1642273284106
5105.9071869991585 3018.8499881929583
1570.0167287957356 8100.249678342654
-2029.4619677111923 -9624.73679162505
-7657.52418433238 4631.844217891508
3951.7152383725115 7035.5695975281815
5743.801958536855 -8440.889397892655
-6000.7866127759635 -1416.547193288574
7578.355618150854 6997.166611288707
-8657.638399658586 -8324.479772566348
8733.175517370924 -2667.3638414420766
-9610.81676842197 3989.2364224974626
-9825.918360188589 -4419.6709911712915
-8967.498874180741 -6251.484352734951
2394.4610292595316 -3851.0601746974335
2982.7663415127317 -9536.681050821411
196.25421042501148 9927.502105244926
4923.1441081277935 6976.645425432202
1670.948762917773 -7626.121492467586
-5916.839474728835 -3005.668759243683
-1138.3527504219783 1681.0888357255644
-6746.979082164391 -8019.898920549158
-3174.4209351787213 4116.8143316205915
-5688.543698550646 6630.349165649808
-2320.310637760177 -724.0563568368525
-9984.224526667185 3100.1644095957017
-3299.7606627320365 9255.567785286843
-896.457252551505 -9265.870494666828
-1339.3911761159652 2656.340034884328
3681.1158012783962 -9737.523776679118
-5670.203496736037 6833.6828888118725
-7574.9666355380095 9255.193012107815
-582.6178334371307 -33.18554783414402
-1701.9571349947219 -916.2837509052861
-8761.008257119309 8283.134693034288
-4717.670848978272 -7278.119753496441
1989.6070783582636 3170.0163384877287
-4941.714530015184 -2575.1888942894575
1750.3192938408629 -2074.403340629605
1607.956715236187 -3343.5012632494554
9217.422191278696 4544.680061865729
-601.9362344598412 1593.80574508061
3631.0198262706745 7205.404327065873
9098.29101815257 4116.696170524008
-2506.4003145682846 1016.8534945975025
3716.3116851076575 401.51687370221043
6407.308247225083 -7892.674478649457
-2418.1980805199646 -2933.8258619095777
-278.0579237737438 -1722.5000511543512
787.4735426667903 273.0925949323955
-6326.038174436619 8212.277829042036
-7504.059772417646 2277.875795952539
-2689.905341691652 -8360.396347967937
7947.011535137044 -381.39443105448663
727.3975824903227 2844.102552188273
-3949.208154847428 2472.768377621218
5024.915254785534 5587.901569943049
7127.739219350675 5665.806763730445
-6149.641271136057 8760.536015306196
-6342.375197813668 8397.346619042506
-2461.4891917072937 -1025.630771677941
-9174.887800029923 -8041.839015474177
2576.33715743434 8841.490268027257
8200.454638422641 -7457.018249401781
-8506.922156905403 7812.579913582471
9069.598100504485 -278.7112781474116
1261.8593707067976 6227.77318085948
-271.25109644485383 -9789.75951591928
1912.6633383234948 2624.068330684395
-2515.7481616116775 -8699.054510679773
1294.756743117403 -636.6237818577665
-6850.594672908912 -1378.6994162888932
-3210.022769905494 2289.82122805174
-8494.378892503446 8875.65439968097
266.54824327259666 6394.4490080559335
1496.1159324990585 9783.587002566695
-1323.6246822288795 -8639.981233995506
-3153.893848091665 -3352.873422424731
-562.9409518617413 8378.089440797627
-2645.745819279812 -2192.2461676175417
7103.1445371814625 -7224.846838103933
-8724.098434484971 9711.58530645454
5819.400641732293 5754.072736121356
-9980.59945307228 6383.13649512717
662.211015185716 -7048.349674418458
-2197.3601200528783 -2184.8722369335837
213.4368732876519 7532.644784087286
-9032.361599796832 7113.798679260864
2574.393778686792 1185.1181871860845
-5673.131897316912 -2803.7575278373897
-2484.1382835486384 -2348.493670537712
-4784.259194579558 4418.304260527193
-1426.6622054818454 -9675.655698444527
9851.480097058735 8718.60903324571
-9364.98664650191 7955.109280302408
-8850.622118168043 7696.327832339659
933.2422097551444 -9330.825671026541
2323.2238960994036 5497.308831839473
-5661.450120911009 -7750.604265526497
-3602.5389836886216 -3534.7562286299562
-2531.488342569137 -5954.6088546926785
-1815.579002003271 -1778.4334184236832
-9637.890391573364 885.0975773733899
2330.760569292752 9169.804632177398
9333.46005725957 -9990.280822379522
-1286.99056641668 -8622.848143378527
107.08620171996154 322.72798966978735
-5237.086777650928 -8631.9567169437
6450.185686640412 1138.0822120754747
3229.0469085690656 8571.562099855251
-3744.3645196660527 7132.388231747074
3431.9468137649583 3996.5210508368127
-5607.256475722657 9350.238823131374
4245.791026298795 -9834.885074771688
9631.048467874713 -9118.48983417147
-2159.551205175543 -2581.9548890559954
-8444.25309627854 -9776.082438617279
-5356.5150038204565 -8588.925671044723
-7368.392915450111 5363.668462291427
-7967.4975721216715 1954.9820098093933
435.51151516144273 -2748.4181395029836
-8056.024778731199 -5692.067481514502
5566.05181264856 -7378.424350427282
5885.513431644829 -9388.706910860396
1851.8775180585908 2992.9448634469354
9764.28037848678 -8633.022512654064
-2781.2125527646003 9217.400361682012
-4504.942695715635 -5313.586516271831
5938.828614405014 9076.360701227095
-8472.754313486892 4498.268789853026
-4027.0507536424875 9203.515237196978
-9769.133993611445 -2015.8961104171458
-1267.9628603210695 2002.220619890304
6507.397057447837 7218.143746173086
-7180.546044269076 3246.8164628856703
-957.9147224946773 319.3969230660441
8181.454170287248 -3298.526514452673
-6709.871321714516 3381.384727366747
2580.164131681262 -1640.2688984143315
-6410.077092531683 6026.763840553473
-1582.9234642099982 -5197.601383869748
722.3439336884367 641.1690058389268
-5326.710805775671 7691.035869056239
785.8134246994159 -1827.3722393543949
6096.013459987134 9558.755684969943
1432.6791927949507 1839.9260093769863
9749.143736445669 4829.620039722364
2313.228910484131 4175.348115355675
-2341.028244848065 -5607.561100070446
-2000.5727576958025 2534.228083558519
3524.3985920053783 2074.3082484113875
3711.2532057500484 3535.7990450415928
-8675.702954358792 -2996.2468004011325
6844.296892119346 7856.840047746275
4142.936693265396 -2877.122790894362
598.0517525455234 -6618.330407250431
-7352.3170583792435 6002.447865930089
9930.123598640163 6919.050520207791
-5608.549139006746 -2366.617733176584
-5387.642534007428 -7471.389352089089
-2524.3174901076327 2012.6224635991912
9340.662118556513 7956.414320890792
-4902.1019086630595 -1889.0726433831605
-3348.8997404487345 9761.349491513978
1121.142158199531 -9795.362027723904
4820.583935849687 2421.0237119854864
-8959.055350195815 8572.998011089228
-18.696251386596487 7037.903002168918
-2411.3168097102025 -3792.8461664593824
-646.1977207857781 -8776.557297811978
5698.518773115044 -553.5186953342181
-9195.62786409725 -6679.988581731559
-2321.6382720645697 -7647.5838209647445
2858.2574563851667 -8672.580060377957
-3836.398138605983 -7850.49436194635
8850.900489454467 9732.914923977103
-204.37951472711757 6207.922878974932
9075.276828921611 5900.514568344239
4555.3798789537195 9811.21456537041
-4415.879461196688 -8242.39416789989
-7704.328712698543 8347.593806848658
5731.6434950359035 6223.749828332757
7253.881822822885 7582.608610458326
-7409.879882463574 -841.3304581442953
-8809.578629133155 1315.5625717016428
3052.4938154722495 -1436.5695869879128
8286.230106514522 6991.575086316247
-2267.0496850087666 9350.85464419439
2046.076846540207 -3264.274584598199
-9296.831537707429 -5791.761188751827
8192.624800803827 3795.231966551104
-8347.244962012768 -5092.519564694129
-100.45782882858475 -7479.836026685942
-1761.8534866951577 5874.7417304841
4700.192390464572 3782.712826326633
-7814.962209569758 -9086.177640031441
6021.7464763296975 7129.570890263803
-864.8164532984811 -1315.5693803647391
6532.817561466403 5981.5145803745345
-720.7988832640749 2868.5876686960546
5356.015751421881 -7161.1983042645115
3492.7780432368763 8915.416808589896
6685.090614732835 -2279.464219396281
-2005.5248439611041 -9163.386385303205
-6540.3787203332795 -5039.319708940029
9469.094948126218 8731.91407461901
6488.48529567201 -8997.071458022585
-7848.635058318598 -9444.0853692956
6776.6243687967 8981.179813408828
8540.468762844906 94.62781143704524
6797.904850986444 -5358.109481910753
6216.740194516817 -2797.8069206868986
-4929.850586206423 -7440.8930255926225
4657.611293719852 6055.176309648337
7626.707972729986 1612.5213362125742
-1999.3058847218917 2513.9535769324884
-157.80137199347155 -5656.589404896719
-7622.349549195091 -7362.329076087026
2558.3508019904293 -3927.1323219200012
9743.291497279464 981.3320577288396
7569.1483775745655 6561.245564346351
4050.1223927122046 -489.4201094910768
-737.2375363810188 9507.28454541124
-9830.662715938839 5801.773766214417
-8418.961779672089 -6670.088994834525
1135.0450500185998 2652.0006334732207
2445.583300839142 445.2334691791366
5089.28723435043 305.6804345603832
1412.788262753278 -8354.2080609527
9731.197558093449 -2788.5351240358114
558.3887945858951 -2791.3528612170094
-875.5754826206357 -4444.845276181466
3455.4614496273643 7003.427554039379
5392.727224467591 -6228.600244100291
2598.024909140733 8140.983743316396
-3865.5690955216105 9818.962930185622
1735.7035686828785 -9402.168656731119
-2687.7859249806697 6211.377458152241
-3676.818425796384 8771.093199529732
-9074.525259141337 -9373.154325376803
-7348.52226607696 -9936.812737119168
6948.313262992851 -5621.733421422412
4216.322445375266 365.0267543132304
9816.94034018834 5106.299514117669
-7507.772230923447 -9298.95029081559
1176.1058321597156 9765.421755471612
-1480.8926610543476 -681.0942711986281
2644.9279894218416 9304.949507138761
1571.585317658115 9151.169824883531
5038.275286918137 -2595.970000861683
1669.4220556949404 1845.9864053542224
-6219.357201012188 -7798.348384176468
-6199.245643931652 6458.071314820285
4175.242099768542 -7830.26211280027
3468.144986057063 -6588.966602750612
4741.803820968986 -4890.569476682227
5530.694045674294 -7513.49143709135
-7987.621473656767 -7292.308681635546
-8696.223314753697 -2634.864626903679
5975.19479962355 -7826.604823930969
2491.2221264102955 -1361.0800511141424
1782.4255766274473 1179.1037966466538
-5236.9466829648845 2234.085161561461
388.4818674051767 2666.748805373978
8655.173049873818 828.0146699884663
8461.24479435087 2032.4871739265418
-9044.32582190285 -7886.551577338856
6209.425660307301 -9211.98437859326
5855.724262770949 -342.39388480788693
-9304.980012335654 -1997.3369419817018
1881.262562475933 9623.448126617208
-8249.39026157816 -6337.380141494362
-2014.9753103254861 9764.826073808501
7797.043202208577 6540.681810590726
166.69122117449842 5876.785599265113
-342.1900456827716 3251.9284870972842
-1397.7550645743613 -4723.161362468553
-8107.798281182712 4877.777623907821
4501.890633345094 -3087.4694095840296
3220.135446811124 -7127.1033016974525
5779.180126897851 -6664.817733727328
287.30021795004177 -3073.5204028112275
-8897.727910867652 -8950.804389267369
2320.058899196878 4031.4270295684964
-6988.479704905423 -7359.137695853741
-1854.6670440537946 222.0053644036143
-7474.1157523161455 -3389.8704732813912
-8398.53519765186 -5727.419805710414
-9976.074971248037 -1026.6768389994977
6541.840542230118 -3892.9334179643774
173.43353125378235 4474.347298507768
-1566.1578465541388 -8249.246896877892
-7702.978676268542 4636.41961463543
-4018.533390406232 -8636.79745317455
-8200.712534051612 4905.925634647114
-6749.257268840216 7222.952752223642
3144.446011178017 3784.5154060234872
-9547.149990231657 4491.7761694112505
-9638.406434786848 3115.0863659437837
-159.36787691320205 -831.7073580075103
-2831.932665052397 581.8361822638217
-7900.031428531014 -5152.24889292277
5539.630631436252 3004.098057626672
-1831.7389462224628 -7263.165111890952
-1080.4978561032858 2148.197956041926
1588.064241671289 -2170.62242399767
-5753.475375266732 -6448.886361419762
-2695.325794624404 -1769.1008249754286
-4403.941647845666 -6755.764396872328
-5757.727945196847 -5673.088244302445
1465.4488055084494 -2714.9279662964345
1043.991678792965 -178.02770647625948
7599.2249444219815 -5350.738641631409
-2962.9188885172052 7633.491984686923
7737.4350844510445 5304.793648092746
-6214.920159588784 -9793.663418714263
5783.837540294469 -7815.126489625323
-3485.250733571468 6021.300385410801
-5371.077007915485 8295.383532996515
-743.758215151156 -8097.457485591495
9226.040751565779 8337.4427221542
-7289.200143817329 -5813.8688197442525
4507.170370306549 -2004.9173379322592
9661.048182097817 -9106.145949377977
2338.1760915707455 -6567.399798789713
-835.2818570383715 1763.492399538567
-4048.3530173687313 -1434.3261537083872
7823.437696488454 -6681.211157088538
-4841.281988368591 -1685.1467907931728
-5906.014210947362 2119.365074569354
1129.5442352798655 -7680.413856619762
9910.209086890234 912.8799871251031
-4354.6169016314825 -4514.550100460717
-7190.4368595462765 -381.2514462277395
-3536.4824135289255 9256.807419258392
1309.0313443869327 5904.780379206553
7799.539924330151 651.6262744879168
-3549.04340890404 8575.109627489317
2919.792004837138 -5135.261066347954
3240.095019915072 -8930.156352804803
-5549.959139592342 -8359.651243372815
-2881.0115940629985 -7916.131281193881
-2755.2468362072586 -4365.884832538835
-7320.466964745001 5644.294239972478
8524.603789525787 6629.690977621634
4484.397184556508 -6056.957832870798
478.14981539931796 6744.11039596461
3172.7330867822548 -7196.877126927851
1636.8660731583986 8650.954851814979
3950.3942411578755 1864.1683484242112
-4928.966542180615 -8630.23717486921
-884.3322998055573 9404.82542696174
3817.2412433540885 8314.674388731102
1447.297973130877 5176.642172274391
6936.558206705842 6064.835559907793
1082.367174865054 3706.1136004979307
-6784.305635676215 1713.6187193929873
-5062.62299249083 -4771.418025621794
-6238.231972297834 -8326.755821314704
4776.658942842074 1749.720034323056
-395.43033448149254 5455.922806800261
-2291.981613975511 1687.3555798197413
5908.492899293953 -5777.829072139933
1186.301114340251 -1871.5733460597476
-9490.409288413908 -4218.5294888899325
3531.355601404979 2942.889704742369
-8768.514019429045 5249.997545871576
-9482.366116243582 -8171.5653741022525
-6202.838802294586 3714.652966432295
8768.474384747184 -6183.11425353101
141.91664761747052 -3977.826100581179
7488.86986253424 -7144.790405796988
-4453.914705417575 3206.631857167069
-8503.67773507593 -1218.9289529174566
-7755.645993712322 5088.152504073982
560.1572947090281 -9655.0807507073
-2968.1567688012537 -5779.773770541199
-7264.546938107886 3887.6076374288114
-9124.639933579474 3632.511029387224
-7321.468589993969 -2135.4071266343653
-348.46626197185833 7710.553468775939
9856.719370849489 5614.78173510235
-3128.1825005040664 8073.393605756268
-3884.1125767118383 -3395.8727840262372
-8382.37932206067 4454.547102504293
-2754.9484993225933 -168.8922247050923
-2102.8761692259804 -5638.614268413906
-1021.9091177387254 2163.26074408605
-4751.398403023423 4682.475651063762
-5701.562139232316 -919.0436100127499
-5346.6335919054145 -6568.042080650866
5963.360213337459 5636.647326042856
-1315.2762496808427 -9535.4107902502
5840.238554145941 -8605.150199881451
-9692.388958540107 -7735.403991684809
948.0402968084527 4700.147072278971
856.8762134588305 7806.016941728223
5022.9476180283655 -1172.4649207044895
-5539.57165866724 -9998.250740752104
3977.893725590824 5401.464945198039
3536.7796105828675 403.0432074659748
-6198.455240570173 -1073.0345083580505
-2015.2220162140866 3580.7140098253185
243.0329000318634 358.25828834361164
9296.600729097274 -7986.1158300781
1054.5438313225786 -2662.6825013136295
63.383424096609815 2331.5847511396278
3614.6230403048776 -5933.156559785282
9206.112807219692 -602.9078462546477
3430.875469696246 4739.166634342484
-6247.285842321428 -4005.607658815622
2321.474947546085 -8975.381738465527
9095.534873052708 2770.710938911183
-999.2750049017068 -3670.059544851336
1401.7076029103537 5608.560172603004
-655.3437458426779 7369.334764633088
8212.16540863743 5745.310012096979
8788.449140925699 -2952.2116948897774
-3746.6515501896547 -8272.205118636744
5108.245805879564 -8261.660581188084
9098.940886177417 1684.0187210569438
6265.695841290946 741.978204695055
-8442.761407801254 -586.4547551481846
5044.355892748023 6050.911893082786
2523.045923826905 8442.687908263422
-117.13967351221254 -3507.0469962656816
3521.275040261902 4460.1507734369825
9610.544140313148 1916.8205552073396
-3717.306759730299 -1556.6957095927519
-1283.0106090839054 285.1726480676516
-569.4336020380651 -9695.199320016554
-662.2523241462604 -6625.771382325558
1720.203880772944 -3966.218863285638
-3685.7306833345074 -4764.140052465009
7261.7093255205655 -9924.562304622721
2486.855569513631 -8339.93358168019
-3230.4865064657197 -912.7493383185065
-7194.779804535307 8582.784294746689
8120.551846129776 -6770.278396907703
7892.051718053321 -7283.997018832191
9366.224549182294 6793.984516409004
370.7155919073284 -1365.7997248007996
-2168.432549684363 1238.1856197513953
569.0493865544449 -6866.8651216030075
-9951.667780600399 599.0649629130348
2136.961466532097 9884.070402761561
9006.966410073055 1764.7054120972298
-7333.659215916679 -4761.474610002248
7575.753493283264 -9761.066437370106
-422.4456552506945 -504.3028832613436
9923.668703232619 -4202.592232150253
7337.596448708162 7026.708852779739
6396.773091308838 1829.9404105296853
8500.742666413622 3356.886867037134
1536.2603408173964 -2816.8548816357443
-1886.678126366246 7639.294536401965
9789.544845220953 9962.02536541205
8700.02188185956 -5090.227831302005
-1045.9337104641327 9018.657417137874
-8650.083568350641 -5904.209846510286
-2493.236853201901 750.642833906928
-2653.820668415916 -5041.582418434327
8710.45299048378 6351.548913182589
4334.242476688491 9978.77263598851
-8248.36655194029 -2199.9284574687963
1198.9240947528178 -4342.666738816639
-1847.4996282763168 -355.7934612808258
-3378.1561317565092 1776.5243476684263
-9686.731216173004 8031.222196428647
7716.220078888451 6884.023675812139
-1720.8494556379737 -1546.21985135883
-2813.0756693690873 -6413.727353269796
-9310.367492479445 9327.07089908735
139.4484462094697 -1801.3088876498205
6355.977699152529 -218.64643362257266
-5037.7737660448265 -4118.856333142636
-5973.843851742895 6948.84926206704
6632.52644066291 -5405.775304706582
-365.3137557658574 -9456.57049517701
5346.920357778094 9043.965697468535
2698.15660344195 -9323.892394863515
-1446.8953121942468 9239.598266804245
-3494.5241104205716 -1381.1467063466898
-9739.35739501821 7371.04063110628
-9634.823938510131 9623.780238702278
-2066.0289253400488 1419.7987623212848
6410.388616377088 -8075.696302902003
-5678.203875551995 -5750.985462620075
8325.370806021954 6689.379212707285
-747.214781153365 -7124.584566677386
-5154.228680458712 9971.470836105887
4728.247508472354 4207.963596224528
-3001.92517063147 -416.5605855960257
-4431.734475351599 745.0111046406
-5218.0290012775195 -2640.9521401500724
7418.537758710707 -7446.168036676911
-3637.33902054139 396.3415481924494
4100.957454665242 -9686.599099442463
828.3946468846207 -6347.334529788062
-2908.258992087023 -1716.6629446039133
-5818.17189887661 -9345.365461176016
-8663.29096197352 -4231.034263443629
7472.051158858314 -894.113443535738
3664.0843896725546 -9015.532645688647
-4162.565935326364 -6180.0120855266605
2730.97345213922 2173.1240738047018
-2282.290355891024 675.3940671018627
2740.4651726904685 -2574.290771644374
4607.004185859751 -7816.107120239962
7092.067530156262 6845.084315863169
-6542.210172998182 7783.491611215992
2678.9840652121748 8537.110733285426
6209.039251411101 111.24427434965583
-9278.489051472796 3365.0083482422124
3900.116683628541 -7718.9576832290995
5826.620524334843 -7513.677085187862
-3554.753753235911 -9414.078617842799
1389.57151954861 -3601.2927408062787
-6618.340978208903 -7936.024280024148
6504.177171481675 4552.731790545304
-4232.182658719925 -2988.503640483422
7224.136425893765 546.9939309087731
-5103.618081966788 2796.4803154984966
-6681.385768642023 9502.812741363981
-400.1154511006571 -2779.804451092802
591.0445077926888 1422.8223311930724
665.3331653498335 7194.011690723484
8380.904224929294 -2830.1662477263953
-1762.7281057580603 -8356.762768804696
2043.9927343203417 2159.329701129358
6077.092006337536 -3680.7570364892863
1007.527386701533 -3058.9764135011
5159.671459020328 -7404.328768007295
4422.152416498582 3551.9172802513003
8326.705222799177 2344.0744826468344
-1516.263900307511 1855.3410186251476
-2420.6314339583314 6628.844382125288
2173.6129130297904 -8962.514384273461
6081.232449066552 7230.837110036617
1466.7104575023222 -1985.0395345197567
-1944.3588654397372 -3096.379622942105
-4017.2198092710114 6713.955775736642
-8499.969898608932 -3214.1911249515488
-3393.267200162387 13.606415279546127
-8997.042578823352 -2462.5244979294966
7779.858570296892 9603.19564279544
-9062.106742531176 -5461.8300676710005
3964.503181884962 -1915.1427908676078
-7078.903863037444 -3121.4055533044548
6210.53333374592 -7639.517839841252
-4340.811098236399 -5102.475892836811
1802.7252630164494 7673.544763979418
175.32015855403915 -8339.904129150009
7643.985057318969 7633.620644217859
8891.094953310941 43.10674428810853
-3669.919746113801 -2866.6257816733996
3154.7166480210944 -1012.4908850486245
2797.361839874935 2274.8471186465886
544.0816209107288 9997.811167550557
8975.723026760315 -5746.108569050303
636.8438889643403 -1887.3734989550048
4054.826730524035 2608.639700577496
5927.746373147547 340.1500390497022
-1227.5818228489607 -2680.081411355295
-6813.2045815270485 -1053.1409752692507
-6440.686172944081 -1041.4384326900054
9790.14398552946 7007.285564282352
2426.444926191052 1406.5874923257252
-581.1813668494124 -732.7811581644237
-2844.8868198357522 2636.2646630697836
2008.7207170102683 2642.2458750135447
-347.60672882138715 -4386.907881349631
3948.600684017607 -2431.9470776470807
-5740.590220627911 -6404.2261568983095
-3739.010839197281 -6061.543380993162
-3649.0213653981773 -8061.712804746532
-9135.639820399105 -6488.345893184278
-1259.0941546298836 1956.1804656038057
8003.062209479296 -5565.285523931536
3207.999654246896 -8498.740397824358
1544.857661031183 -7069.125019294258
-9116.355596897032 -8404.12935778543
-6915.826410440302 -7786.2801423775545
-7707.438552684569 -1190.0076659782662
652.4575570062825 -663.1329232246335
5514.164105373846 -978.5907400547076
-6674.687504710033 -3042.6939109047125
-767.305793437914 -218.75082345984265
-870.6375199443955 -1114.9263478946887
6370.111178918118 5714.2078164903905
390.08889896474284 -4188.52467121845
3546.486928180204 4214.810411982608
8025.147058534727 -9247.402791330069
1788.4296710309045 7158.101503144568
-5724.0326507012205 -7485.6186463104295
4706.8656824119425 -1574.829429400137
1983.7158910756352 -119.92805861555462
1791.2560177110117 6750.959851968935
-2246.020870323322 9240.370509119886
-3481.861538215325 -1266.1602814960715
-3782.1915034152735 -5968.838760675475
1647.6446248358643 7803.451464052054
-6914.946282969144 -4386.783070837821
7382.431398590212 1525.361832449733
5799.182552036686 -7877.1941952674115
1989.2497382717302 1828.098609402101
-7658.919543742067 -5658.331161707167
-965.8537158759591 -9429.823000382958
1092.5892014479996 -4220.646904674321
558.0856750738858 -3678.2650862529035
-2341.1644205292696 -2069.5637701938567
1320.555091592827 7317.4608114901275
-1838.3209701527603 1063.6842667877536
-4335.507967214425 -9755.502696580588
-7245.109001574301 -4080.2568612394507
5606.668438753151 -5138.948552349804
7974.951442544556 -7661.530232003928
6433.431164396799 -9601.523102504343
-7970.358957495762 -2893.4339865121974
4382.4917550387 -8718.396667992212
-6760.118277819222 5210.677961503125
-82.76365966688536 6909.154206915293
-1411.4407507490068 -3799.307420782592
9650.800277786093 -6931.9160332338115
6693.345209381125 -9487.54176393088
152.9469747438634 -8987.260693564484
7508.818846650189 -631.2854977744901
7673.558712257105 -5678.258051204617
9676.46408780877 -3728.4706087343093
-757.6594542251532 3352.5493426915673
-4320.598001846703 8119.087801025758
-7344.895091849906 -7554.329924723348
-5177.993796778684 9624.191333678787
-4467.19838959158 5987.538828813538
4542.8155053966875 5981.38012446424
6940.228900728092 -3976.908009667899
1682.454989826072 5624.092205835974
8977.14246093922 -3683.8802917711555
7066.546831307573 -2567.163391938261
305.2695004769521 -4412.510128000043
-873.1208115208665 -5100.132055695288
8750.504051751133 6118.383806880809
-4727.619924312087 -6474.619700778363
5920.3512857591395 2987.70593260663
-6665.27365259262 7114.789815354037
-6797.5373786885875 -6080.137280658466
9651.697272312711 3666.180203751195
-4439.1091121009 -9948.859552697179
5214.664766684844 -7818.465012524817
7222.467210780458 3879.941771363052
-3205.106866705796 -1995.0921383022878
1646.495572177415 2248.166715850908
6076.601006386412 6185.206897468455
7096.729182816434 9408.062657310107
6563.024288411692 9880.80820337834
-1314.620423097418 8060.895954232015
5384.993000290357 -6032.2609041565365
7934.695945519012 4710.8279677514765
5129.821294170048 -7217.289489011775
1702.4219590957055 9759.409987962721
9421.590514412619 5326.796066206456
-6256.772548106035 -7526.855261149443
5222.184907321556 -8724.89640246196
4228.993644131107 6288.591018399426
-5314.278646883375 6782.3009790916585
-4773.397833646691 876.5209838902229
-112.70376128139105 -9656.601504691838
3432.675490717187 3968.6709532803197
4860.253412953816 -4136.281372940094
5390.479562294577 8157.650997468179
-8885.53905887263 -7388.489336814008
4964.995217572161 -4287.371768321475
5171.356202385074 9871.21232565053
8027.941520937169 -2089.596756313843
9639.817791928032 -2115.1261707972144
5105.306046260295 -5536.445514395383
-7029.8168641468565 6063.804368114383
-834.2592614593523 -6665.655020258523
7262.028993111133 4472.027759437713
-7221.066434561277 -8444.884756858068
8364.604031809104 -4772.336562126116
6548.876873055226 3632.924727813326
7997.0850826929745 -3262.1137418473527
-972.286180007879 -4301.7668751711135
-6270.885959453846 -4422.359032954258
-2758.370419589446 764.4364648510218
9400.347591412454 8341.826349220886
6511.050769433041 -6702.881218747014
-4078.9612543109934 -1054.8095752032787
8423.16932050465 9748.894540772042
-9616.05151924756 -4386.286264601573
-3384.3834339200066 -4202.233450323314
-9968.837589749766 6205.782434159761
1455.876722226909 733.9370852010161
6857.679181902833 520.9931175371912
-3248.1839081314165 4772.053041669969
8496.906114647569 -6101.048957814648
4304.488258333087 -3977.10548715031
1521.489910836086 7679.968752090059
-4584.852004007158 -9559.450767929486
4406.181416489055 -1005.9110405613847
-7615.799341366059 -9731.865221807086
-862.2737323404799 4864.398017554235
-2409.4188609652865 4337.185304327604
2820.040766090382 -6244.877823666162
2915.8516633038544 7032.820946459418
3611.226328612609 1464.527987562773
-1921.9256355579437 -8181.1198363448675
-1057.749245433888 7657.186391676889
2866.309693782712 -75.80056288503147
-1794.5969963006282 4349.68958563213
-4682.636579603701 -4876.728554217173
6963.917624097841 -1691.572534731442
-4447.810105934269 -8498.452198665895
-4777.560214292746 -4412.410696946432
-6709.859580267226 2677.661956044518
8411.283517628752 -1669.9431763988068
-4014.972221249973 8161.907095160615
6475.722726451651 1473.409627669238
4077.752790198623 5362.314343279086
-6175.176059331105 -9852.217012579647
-9963.96714198419 -5793.281975901838
-9117.369641501808 7321.851161474919
8652.54039718884 5431.218436944793
-3402.2349385277103 5647.745232800635
-2501.4544217044677 -6707.504393414017
505.81676616570803 -2524.7606532923173
-1519.0555032321226 8793.44710768012
2802.155941630095 -7349.925720202245
4126.325164215348 -9531.341895165979
-8628.90343994829 4980.819390628885
5516.509138268242 -3641.756591859855
5830.609405957828 -4846.798002987532
-7274.205170193979 -6994.359648887583
-9609.924249431499 390.3663319741827
-6839.104289736584 -4853.057513622283
-318.1561874998042 -697.9455961400108
8380.362854859308 -6783.582500229026
-5284.362278233463 -5864.763925544711
5771.046001356008 -5125.12792832017
9718.148223216613 2033.2402731256934
-2115.047896096924 1474.5575611661588
4858.416529015771 -8070.022375237424
-709.3916398976253 706.3459029760452
4722.897424718169 4350.370062635613
8468.857824775667 2631.9357513170144
-2107.6155457965087 7657.637873882828
583.7577061547308 -2114.1238326524144
-913.76084939256 -3817.3743257388205
-4114.938017063976 -5960.769347404713
-7922.328412106981 3189.8781161000534
8049.535152812801 8948.735561019661
-1052.919300149997 4779.708169494488
-3055.8737963357507 8372.330003864721
-771.2480283060759 9595.033793505216
-8905.17348082805 9213.985354610824
-8880.49897198066 3596.2867710341834
6570.790833231109 9467.76537031676
6156.109748951438 9187.233531138969
-8955.887206371171 -8736.895603641266
-1368.291199678557 3619.0734483975975
4461.402638225934 -5629.688590966964
-8490.478801889778 2869.7135699532046
-8935.891898358823 -5892.665906008449
-8294.324089492093 -5910.346877478183
1420.3002932491909 -204.13683093092732
9351.072802382689 -7774.560658621219
7681.41987863051 -2253.128820279482
8005.5703818508555 4576.185591730577
453.2764508688433 -3787.2750930847033
-4213.961137886757 -9191.824493908385
1471.3490360985797 8825.032984777747
983.1123428356677 5347.115621529056
-7303.751326709327 -2255.571226486916
-20.253894962352206 4087.112475474254
9495.957818300525 8080.51287187159
147.97744077963216 8000.004171359575
-6742.742427393174 1097.2146185077108
5888.55073797982 2498.185820981904
7069.5322272539415 -4699.13618598289
-7908.622802514574 -6701.384736370675
7049.919521689535 -8284.707304817006
-3966.95101231406 -2944.7892539868817
-8570.441780235094 -7519.678043338827
-3909.0642472456857 -1828.621230287892
-303.53654153478055 367.0132101905492
-6358.346720139254 -8026.045236539261
4891.345855819176 -9114.897063846807
-6875.009437283017 -1175.6457694963428
-6421.531434188571 -1634.9317731913034
4492.6501867226725 -6237.724329073566
64.41568463642216 -7270.706032647982
-7875.555901600817 -8078.176712198441
-5886.566309083627 4623.85686938976
4782.873335224018 1229.4466256699143
-5291.219197322408 3164.4662777813246
2290.2862138646124 787.6321187989579
-3664.6968160410797 2757.1263737205227
6351.110535496602 5867.800328659412
8809.244979379426 -6713.867161725078
5304.917656619278 -1419.5866128859088
6857.067950008222 -8580.973065499675
-4415.627191760485 -2940.192883751307
1445.8459635694471 -139.8206052085552
6265.396326770791 5395.808059563522
1293.5802520807902 -3908.3015919087647
7335.149786015812 -8436.277305862493
-9961.437570815533 -7527.613550229177
7166.733926406127 1248.8143669269339
2222.6889893136104 -4477.487334358321
177.77663397732977 -8269.079240824401
-455.5826014637223 3804.176903234582
-8236.637331469623 1889.389473317793
7762.835925342035 1014.103810841003
4332.037412019346 1908.0443065161799
-5814.905037380203 3737.705064851374
-4363.093011400936 9404.428003163895
5845.231660781674 -8229.69754218578
-1417.8716152434663 -2522.9080892396687
9283.204775835082 2993.421002111736
298.3717323477904 -5440.758350692458
-5741.266801548539 -5498.895355713314
-2480.8900733878245 5986.572629586584
5785.3098035139865 -2996.7748092245474
-4847.114511757831 -7168.332859526716
-8454.443650636464 489.79917512010616
-4565.0320047852565 4826.848351704542
-4950.151627644208 5722.348773839967
-3844.8857364579144 1091.9254505084355
8825.938718640995 -1674.6206480103083
-1803.5878187339185 4902.789638034619
6478.073601754775 -9916.922475562887
-5016.524917405125 6881.356398400429
-2370.1127355528206 5503.3597550600225
-573.4634765183546 -5243.126138269256
-4433.863055212679 -9206.556058941076
-2438.727396033045 7243.159121068471
-6185.874575970392 7098.129247835808
2322.463987291014 4595.844990425556
-5043.565106471959 184.02151476230028
-4247.114198168929 -941.7447336354617
2642.3766311827094 -5290.039874012875
-6562.895180787349 -5325.9363326966795
-3933.646226898906 2805.9323347197587
1063.1282552534813 7839.406729385693
-4892.90301594163 3889.8026441742513
-246.84957935087186 -2513.326360097317
-6127.471152084381 5483.2052010099505
-5832.094336468752 6936.709100869528
-9429.207751499298 -6755.014711293377
5377.428035633653 8225.704699592538
-7571.254041031092 2522.6030106073886
9104.299644653576 4107.587733391507
5805.037767286896 -6571.05011895063
9183.741919587635 2952.2407138205726
-6304.387206486137 6784.046303663814
-4051.801694206545 -2595.578978596931
-4494.6696490254935 -781.8555867906653
9732.32553856201 8937.780215646759
-2739.880487687449 2314.7563554006138
-9192.398698200888 7332.91467158544
-5640.107938158499 2879.199272747026
8794.03180712666 -3372.093043209583
3523.220753155567 -749.7557463301055
6959.725085997943 -2765.646205267818
-4249.443096229588 -7970.488602425931
9807.38278513671 7681.40280608636
-2066.4423072122927 -3314.727225229257
5960.029661783054 -1155.1438513993871
7163.862266713848 194.3612732246056
-7403.394307471532 -1462.075875130984
-1154.5521354170323 4217.910792055634
-7448.70462948422 4984.752915910241
7390.468240977305 3263.689249911111
-9321.218122219763 3967.3681897271726
-3420.732476414588 -2130.188946772866
2200.8729613652395 -3668.7777159206307
-4408.964558358388 51.65415490216037
2488.23157587716 -9945.947268700804
-3737.645296706205 -8914.16879012855
-4905.764670393349 -5772.703004528467
7306.679839000972 162.0999324745353
-7153.742633874897 -8931.163499344078
2028.5489641213662 6516.127892047665
-4587.052536523004 -3519.6221597345193
-2507.86521169587 7363.0573102907365
6004.377361291376 9682.304080952592
5154.503577500944 -716.15345730015
-274.8100103445486 -1896.6294645698763
-4350.258414104751 -8326.5995869986
-3410.8294086175683 4972.138236537132
3710.888380740873 7441.527118956114
3316.9556886878327 3951.5781109296677
3142.3956157981484 8364.789643260494
9776.852351502926 -2322.190575304541
6306.611447009742 -9680.636574745376
-1707.9568054483916 5208.465203559163
7763.574629246908 7082.021794033986
7025.718815418379 7155.703825070119
-2495.8190652006597 468.42649960580457
2268.9748492728486 -3326.5687030811723
-4357.433464548232 -715.0885891790676
-1305.4274252102314 -512.1860014966787
7484.335708278526 -98.01241724335523
1502.9663540588372 -3195.2968015487013
5563.035018020608 -2785.165946577533
9875.261998202968 -8802.878572043888
-6461.9283936828415 -3661.9413088415076
-2738.9347959203424 -2529.5139727756186
-4226.966052174374 2589.05026047118
-9232.545436376755 -1977.2077779658766
5964.178987582567 146.28230019074363
9278.592253885014 -4638.513271326306
-1635.3960106476243 8225.938035135754
7923.775717293218 3208.314190690342
-4049.571288711176 7702.288903599878
-4874.994662259404 2017.942088418833
1301.0750373077044 804.2575725965562
-2306.5703125858054 4755.694636484393
8016.522330012995 1852.6520184552846
9307.311394254764 -5575.727437063576
3170.1981947690365 -2040.4223131652398
8192.433656617679 6098.850498235846
4596.9363525896515 5193.563424894866
-9060.846380827883 -6875.511912249177
-9258.768027267188 -2079.018750168595
1128.5878310430417 -350.6869783283164
-4658.216940979707 6866.3526965321835
-6196.30452365527 -188.528497737414
-5595.889554341955 4891.182229962822
9809.307892644993 -2332.629601733227
8713.814596165172 8572.9802182975
-2361.5678859288773 -8656.736781321952
1568.814317572498 -1626.8273142299313
-5339.5577764648315 9911.775166237432
8459.695071328308 514.6234262477028
4470.046099430596 -7860.5267788050105
-6896.926621604473 -353.46903921563717
2584.2011340396166 -7478.857055869177
2533.66424325936 2956.4850190826182
8827.439060884266 -8089.055530057447
-7113.475565711056 -6403.488925286165
1484.3227184505922 -2419.8377125755296
-2948.2811312123404 -5878.053398806973
-4338.93475852126 675.7942428652277
5559.447380237023 9099.041725453004
6286.599142887404 -2176.2525460149564
-7145.562758237016 -9880.807516335619
4796.68171461163 -1985.0429569857697
2544.208118027069 6164.75713239443
-2217.109477557832 5932.253123742708
7256.571343390653 7603.430828351757
5751.655718821225 -1479.6457366684226
1417.5320309128729 3045.18768846915
626.7494469670692 -7129.120568836979
8561.529905461433 4877.832838136592
-8258.061351846942 388.8143854018217
8711.73090667964 1504.2319063372997
-8191.218326448681 -5273.609024767298
-4081.116786936994 2136.320903771042
6707.843429275432 9114.873821639914
1223.0092555669107 -6541.962820879387
-4060.132315827889 2494.2780165296444
2103.0044546116987 6551.323579199834
4186.74361358173 -6764.42363406269
5904.979620290565 -2813.583645472042
8670.372265695507 -5730.522285359396
1790.9833631744295 -7090.3691710371295
1860.8236138825469 -5919.599680846523
3425.502244795989 -3681.0826390356906
-5426.536318532296 -5706.213255259214
-7082.068423720529 -4500.535113628936
607.9976688675106 -3520.5611459328275
5464.986298575741 -201.31832384061636
-9179.32966326934 8313.090746191006
3687.803984291935 -8048.09789679036
1884.1351605783802 -7617.044019347912
834.2660860327887 6027.206045685827
-7022.202449816168 9697.52957400283
2817.862796121519 4739.7612786729405
2264.70256650434 -5654.554982604292
-9509.817267799865 -606.8592912943277
4249.333078984044 -4222.271574612697
-4405.0873843480385 -8962.91136712142
8973.958926483054 827.3135686537717
-3472.99928145959 -7611.755054185707
-5500.5406098547 -1149.7806743325746
-6678.577024141474 -3357.6327193711977
5229.8224075873495 267.3214667242901
-4778.227376199182 -8486.37439327159
377.8080311530557 1305.175744200882
8729.671839409362 -5331.434573475646
-767.4612622950008 5878.894039505831
9211.790235332199 -9820.617736092045
2878.070665487712 9329.587357790617
-5057.96856989972 -5296.839177146453
-4374.731058020149 -1876.5597083321727
-1117.7647631641103 -3199.2107307816786
3657.599592674469 4638.999073334329
-9444.480973928916 -6858.739371254989
-6745.2691218878535 -3186.20655718556
-1957.8351932734113 -8705.866259637136
6446.116341867739 -1309.0606099605448
-1571.2550429993007 394.93737369464
-1939.988740371874 9800.907433883287
3966.9493563884025 8175.335730878629
-5128.339288447483 -1166.8364459407512
-9250.626269293294 5681.916704244175
4917.676255617469 -9803.070323518854
-3114.708963010253 9464.47780606385
3031.896907219936 839.8361388416834
-2039.7699156883564 5096.730911399385
7271.310916105416 -912.2269234264822
8988.946949656816 -4400.631062474329
138.90900058771695 7288.777162942282
4122.171696854592 3667.47257646079
-1626.4013267540995 -4311.680620852483
8043.283452497104 7561.26561737989
-4434.392422370765 -3767.101088209981
-3708.1445588727993 7101.263077912932
-7030.916166510444 1893.368967649536
5676.785648284336 -1584.1259382900826
-4378.129588749651 9618.957128122533
492.52025271718594 3921.5734262889873
3245.726671785267 -6822.525023730035
5427.644721005938 -2527.235400044645
8388.545135353786 -4093.2593916640526
1855.9130470035761 3700.5108285522438
7883.384655237496 -7203.229558622817
-9374.446685439434 -4733.683393592199
-2062.5577304401286 6341.8257006862
-8486.518492855146 2089.203531528041
-1972.6570326652463 -8754.068732443751
-2813.171805460308 2561.3222392636417
-5734.5675847797265 9335.020487645219
7814.962110955214 8349.405243543068
9015.016684300619 -2076.6167124803396
1400.9908334156044 1586.3725588178168
-9729.212256089113 -7598.374702639601
4452.480216164298 -3910.5538296239465
-8316.044625725213 -3042.1069378981856
-2213.07379684885 -7301.844368647115
2099.8766816573407 6113.626726928636
3068.2990656175116 2907.6530077579955
2089.26755349242 4149.655318964422
7096.746094216785 4679.780206529347
-5807.648238932375 9517.964190397044
-7075.666809192189 9646.366565653694
-6541.4037827958855 6979.010864771728
-454.5157514239654 1876.2669427953224
-4647.054345898562 1473.9794686791192
5211.552793494799 -5040.319888379212
-787.2304149727352 -5364.086021061147
3344.7467944043074 6370.315851238394
-2821.99730833629 7363.183952961754
-5422.590068001931 5898.020700978754
880.2456124841319 -9976.72030355502
-6381.560541350699 -1598.5153691713058
-8835.126153237865 -4375.5362554534095
5449.4034061658695 -9787.294329207582
-266.5141176884572 687.3283486870641
1778.7044329294986 3231.899529486298
5832.297570033026 3567.851193225093
5732.913018594376 1083.5895618566155
-4024.6236157837775 -9371.936418681411
-9559.816846527458 -2338.373897647015
-9820.10956893826 -3080.0162178111877
-4538.572592332306 9972.9370729537
4303.819918812998 -57.00489142704828
3950.7374235552033 -5603.179839403003
-5185.124234245122 -7445.621803483786
2977.286146215798 8308.637460582107
-317.36910354660904 4257.244658190239
9616.74975850666 7473.790007421081
7074.173240109241 -1140.3554934489457
6221.0679009528085 3699.8919651141496
-7853.149438840776 -9106.84961023956
9701.125695982038 6942.088913497952
1469.9741033676655 -6801.236316146291
1707.7446014347279 1388.4963821037854
-5529.384354456981 -6267.5014451528805
9272.131617554973 -3990.2306244616702
-8213.071233803039 912.5559142378133
8767.728496315838 6638.843654180026
-8474.306728476651 -6275.491738470984
9981.18233067419 8853.916769111169
-3840.9307582960173 5320.462478538835
1630.9351748867066 8769.774115676344
5158.825384518119 -3007.3074017060344
4847.71449023035 -7700.406507613638
-8545.404679900777 3171.7661324294804
6931.992858940161 -7468.606949974648
-6584.015043900437 7493.721234864563
-5870.742126396045 -429.6835726740064
-1703.356114419983 5000.378567381455
9214.716125564886 7529.98840747547
7941.6918621538425 -3818.5891158662243
7354.844313730802 9313.191513425449
3048.172779440243 4836.314668682058
-7986.028167284349 -8595.835382131389
-1618.5059012038564 -6371.032300291313
1599.8649629513366 8101.8316877974685
8089.078766990227 8726.982897663183
7093.065689961062 7455.325793070486
-2384.2453565080987 -1937.3957320497448
-8919.486244970569 -379.8163741717435
6713.676988980133 -3478.585952751403
9414.76934864236 2435.6279790827084
6652.856925204102 -4240.33683337731
8145.929973281098 8730.387301024519
3976.6681606331385 -3629.4439411506273
424.1142186700399 -4803.474145187006
3009.9616114250457 -4235.63695648217
746.175855047708 -6372.205456661417
9815.717173691399 -3603.244191391188
7221.08008183042 -8098.956180666175
1409.4370636440308 5874.298740133259
-3545.8326441393465 4286.268379416324
-4221.235850825374 2985.55748817767
-9798.699910531004 8502.888370943976
619.0888675404494 1850.8181192920765
8119.683125684354 -9603.105152515302
-8315.797823921235 152.94042517205162
-3257.0917227282735 6195.535147130364
-4735.6887635114745 6806.401310330235
1233.5827845947915 7003.223258870708
3542.0390584242905 9441.118070879264
3517.654314254978 -9465.591130150895
-3559.709387953618 2722.1648817276982
8080.350162548872 -8963.833252119755
-935.8317838266921 -5203.966929695401
-4995.587934279922 9935.28494586331
9952.379342632503 1048.6209761461032
-1242.9024920149295 6951.688171736918
-7908.119483448748 1879.6586682302623
-9216.795249867753 -5747.962923967453
6012.771403189987 4342.811980598244
4137.143498689995 4674.391132368821
2268.733389607374 6270.245389692855
-812.1265813085192 -863.1449960684404
-778.4003238305904 -4105.0556407873055
-9143.698791317118 -1949.8556890128712
-8713.092336554762 -9996.36825778744
-104.48831343320671 6886.058992867351
2660.5836273868026 -702.343920601148
-6600.006516087273 -2989.1341092097437
2035.1769666192813 -9091.259854201377
3030.7938915961568 -525.3661794323089
4927.350026331458 -5088.971109088098
-6630.675123025753 -8345.409254692144
-8023.3889565795935 -5809.6075157165
-2636.678155402199 4482.608731598542
3938.5518191897463 5176.482123797159
1004.2334050902518 -8556.055663502295
-2915.856955047014 712.5615666270896
5176.112131688757 -383.59162804229527
-3670.087576480365 5732.666864305522
-958.1545298862566 7726.151215516245
7662.120204575378 -8564.811131570104
6383.353156069821 6528.299506774376
6281.318317667912 4286.486892958228
-6011.836387703337 -7222.299568851958
2381.969599733995 -7542.308750204138
-524.4486535245524 9637.058694573516
2595.083468574496 -5807.628050624767
4881.208499427625 -6423.202622057332
-8139.9044224575555 -9877.71789759949
-8129.799958915529 652.9846759535449
-2144.482737259039 -5307.0719310823615
4623.739011632699 3506.7185775914386
8106.143675379601 -9369.769633036814
-2753.913549223359 -5489.6186048057925
8497.91009627609 -5225.910189299559
-6036.318788826849 193.20533309178245
1169.7450806607576 3624.1883874087052
2439.367975356723 7410.638839910251
-384.9270918444381 2587.8995690608517
-6799.616647988387 2679.009619987826
9313.8789942531 -5810.296748767912
-8520.45942179989 -7320.96759813865
3329.5488359221 7396.037446933973
1694.8284635387154 6138.730091385993
-5957.035293484538 -7270.951904218695
-656.5726363021749 -4861.6307148616
4559.622400115524 5987.230608511374
261.9268786380453 -2662.950674140072
-3686.17910055476 -2839.5115229934236
-6994.6957484979675 9702.603409894695
-6992.746513632639 -9478.337539609516
-3476.987657133992 -966.4896560448215
-4742.393780913401 6896.11744917051
2361.299385611821 -5106.4513210534005
5196.061978484289 -244.49046449092202
-1703.3298155994162 -3463.054838464237
-4259.124497561009 -6948.624504851085
8606.17944701004 -3016.187497552911
5387.4824138396525 598.731346455952
5106.019244384568 4612.69415074101
-3906.131465759264 -5660.610895171838
2640.6599549258062 5469.073636503892
-796.7784820569559 -8040.765325047206
-7119.426485880085 -2054.2747484954753
-7665.836517307465 -6896.755113712971
-8912.649211717468 5572.830254259121
-1217.8633515972924 7826.5421834582485
-8069.18930783161 -6637.206854491784
213.8135286233628 -9060.667737789196
-7506.5246464894335 -1513.251883245006
3299.6630877676216 1548.086964700824
3273.568690431959 -2983.2464550006916
1418.098986175255 8364.872679306878
-8701.521644425407 5049.722990185226
3677.9181992419017 -1748.7408101986039
3386.398643372653 -5263.840851713433
5244.009406195895 -2017.2362361903315
2144.6556810117218 -6431.206117620829
5314.600997026895 7364.330494105383
-7531.001421310843 8743.269550679044
2086.594665938046 5596.863652413002
2108.919710702674 -2514.9750295913846
7658.816784411378 -7810.622655997797
6289.848107971207 8943.586612510771
-9938.705083105222 -1269.1606876420756
-6566.159723305514 -6412.516893590423
4461.951818864438 -1519.663376555689
-3303.8196344103562 -8009.945423439506
1090.3894374508382 7003.704825072087
4336.072345623021 -3521.564222945317
-6468.2808364103275 8979.307381874416
-9134.599025481284 6325.0401618001215
-2218.326780902231 3815.1724040073605
470.3036395079271 9992.896552780145
9817.507092294534 -4135.766080575851
4376.09429066202 6403.22104793333
-2572.4964319326427 3793.946740431844
4626.845048385649 1275.6394749358587
655.145991227062 8061.088174406257
8176.728343506442 4298.507961436033
4452.326594212302 -4537.922449792531
7240.987061775162 8218.808671904502
6999.23034064025 -4626.318626442745
-5469.804106545231 -8101.873457614064
-2363.1820286267975 -6431.490889051972
-4707.748817081862 -4036.74804607278
-528.890217414686 -3615.7754508197067
-7987.693549071497 -8113.021310636752
3446.7593149549284 544.9373412520654
-7828.34298040925 3166.6958859966417
3050.68093981096 2077.7689267264286
4642.357289859952 725.4156711858723
-8205.223038640765 -8462.88783167581
6095.130886185034 3741.8936217521987
9240.102486331725 -7856.352573908134
-4776.08337090661 -8176.456850204008
-4436.9353559917045 2464.697970853438
9641.18629661177 -5232.129998715706
-472.4397829406207 5907.041574646757
-2026.072506206784 -7884.816004437953
215.21938380344181 5562.83088654349
-2009.0078010552052 6277.383125841674
8979.205064095233 -5156.197325134659
-9481.726672005674 -9765.376043303811
-5174.685974095283 1858.4847280821305
-1551.037539397441 -6376.262805850172
3787.3873798102904 8631.648693352428
331.9217680080674 -500.73199879778804
852.3302272458768 5034.7778894454295
8821.984392137801 -1869.9397000949093
-8396.678091794776 -8309.138309177568
5701.772597646192 3901.3262835779333
-11.923034201774499 -3863.6534536193158
7235.418775349899 6724.182422187099
8482.293502643624 -7832.382458372784
-3709.6634232226315 311.6609819540827
7406.721803264947 -6431.094046860786
963.9896308255011 6262.2319277143
-8730.45677314308 -9686.940797667738
3378.369823074194 -4901.084806932116
1744.0595251845061 7846.124990291384
6855.692763355088 -6755.922378953547
9254.948026558286 -1788.7450363078242
-5135.4129888018015 -1632.9482965137158
8134.637194486124 -4463.057826805719
926.8456416676709 4623.743155320726
-6075.371606842479 7809.153690583156
-4899.419695545095 4014.420589302861
-4365.126495490667 -8133.55485329941
-293.59309412673974 417.91502817246146
-9362.396683609713 9201.669692558291
-5360.930779682522 8817.491062315537
-4639.720900433106 6423.440236551316
907.6876120205216 -6184.326193352161
1055.6175596221456 6125.016233129063
-26.395380439349537 8742.361597525993
-9335.07396913578 -8572.164575854566
-3994.422112200775 9492.567570585314
-9845.729759604455 611.4222575899166
-1652.1484266313419 -4312.8190712527985
-4308.735477807213 -2989.0362378360205
-7702.579801496748 -4167.8402485295
-3356.433975310082 3758.3419597577067
-2287.4195923650186 2858.601248729061
3618.437746408006 -7038.029253246794
7025.646489784456 1758.170207229743
-9373.985211780791 -5434.69973889525
6908.484867364703 -8014.610206910857
-9062.797825159354 1393.3910246166288
1140.3102573015385 -6119.661419276838
7320.405672596902 -6208.515134261423
6152.957445455384 572.3235717256484
9079.583786061448 9779.040185894773
5279.636025200609 -5342.868684400113
-9320.619355365156 4787.216788836231
2908.9433519646864 -7602.507616081671
-268.6009951915621 -1182.6549159685364
-4453.2912101301945 7278.421824311055
5728.92976131566 -1747.5767159803236
-6785.999663080051 -543.8643741475371
-4844.24081639739 4573.240072633227
1660.435000612848 -2028.7352650915345
3457.9378680649716 2875.23538152537
-6452.312220071048 8554.135195551076
9855.687944896177 -648.2499326767738
-4941.106687652758 -8568.108821772963
7085.902995712313 8803.843052362867
-6684.5878893645195 -9245.7047806431
-5096.02667447701 756.3924419562554
9533.204148774588 87.04946934607688
-6463.045157337594 -4095.2806675321017
3026.8521222904837 -3121.474310457208
-8731.617895855621 3385.5122596969413
-8029.959963580995 -7112.182004084087
8948.297332956005 3760.353127567305
-1752.9127808310604 7269.06386643603
3460.3628728199146 -7380.311638242705
5780.907387108822 -5660.987567929387
2041.1975272658929 5359.605758051515
4398.559163648999 9011.848895507468
-164.64534642801664 4953.324069237695
-5403.683526108818 9467.312749408939
4182.652179076209 -8566.18050932208
-7508.013957653246 -1174.8157621310675
-9127.162991194837 4323.555103484265
-1197.0292750104618 -4568.761448736438
9965.849891753951 -2608.1951116818927
864.3579740419227 -5183.194698219076
1764.2403836002486 8889.596378022154
2502.1011705019573 5476.093582380661
-2862.44057629724 9806.828221026557
3002.1370040781076 5312.4819562307475
636.841154849868 7715.651177769352
-6532.936691629614 -4062.9960830835453
9700.564928528482 -5591.273783321353
6527.787578729043 7959.277933543115
8741.768916940553 -8189.486531701095
3678.3313140270675 -8006.816955163443
-6980.7250478836995 -7465.726880254202
-6572.237720611302 -2693.4057311140914
3934.2506279598438 8976.982529517347
3014.005817166986 -7123.465796478396
-5243.365830812428 -2011.0748987185252
-3399.934217190459 4068.120720784178
-6225.784579156956 -3075.785154925581
3673.9688289480346 2237.7310722804305
-9529.547686727577 -8726.933756372206
-7200.472163277025 -5732.178424553052
-424.6142534805804 -5903.853700048203
-2084.199000013511 -5627.111184297994
-2302.7113296022735 -6874.120198188042
-2941.098488456344 1473.0754576831387
-2269.0194093765585 -7330.9015583250675
-3319.4029723763288 -7986.040409998353
7352.004355252371 4339.975670664795
8663.920646735562 -9681.894763033966
9644.154195656702 3171.7008145145373
1686.7927537036594 -3614.029392231221
6271.119697048192 3799.8892659687463
3760.4343916693124 -5479.190246192919
-3408.704118845538 5180.253403922965
8570.140218372719 -4765.765148041727
9728.087910757098 1697.5876660507765
-5328.250667718535 -2403.8687801756623
846.3175229863464 3542.654793072763
3647.9467443377816 -475.34284610739996
7748.627000302822 9878.097775092712
1004.2984444698304 9469.082682653338
-605.9488448987413 -5415.984550617348
1885.7082076185216 4520.261702803262
-5945.785636134713 -3731.6080924603457
2619.7693026864636 -2809.4444489942334
1560.8831058344258 -8252.910359486383
-1355.7410232703533 -4062.9373414024903
-8538.10784264797 -4657.354892155903
9551.809145534677 -7040.963213569822
6890.749665284078 5120.646142778471
-7214.433856869393 6882.408256715549
-7431.514348979429 -8423.003226294159
8945.435501541422 7651.358588300744
4594.61935477113 -5691.099040353666
3715.287693658667 -3721.0806682938546
-452.62258010026744 -2153.059715223162
-5902.721827450004 3065.609433530217
901.5866458777855 -904.8589950295245
9940.228059235418 4477.149221118769
-8114.047134972769 -4279.537672856639
5674.776062498082 1079.3219959640628
5639.69996490423 -2647.3349021351587
1718.8084553885237 6760.087317444748
-4108.154845997978 9600.061128984351
192.45151978216563 -7073.923507293173
-5625.346252377474 4656.157961824229
5382.679339402635 -9557.36215093451
-5203.896726492694 -8333.235447339794
5823.394770681694 -3206.368742952701
7434.466635108842 -4953.36495109245
1907.6008933032117 6269.188558347998
3281.409643174984 -420.72199631104195
-9375.92708359464 -3053.2846400567323
-7851.731726035873 7403.07343454436
7311.718708475517 9812.404285112916
-4736.52976161056 -6118.618239240397
-6749.4019916162 2577.6023813014217
-372.6749926569737 6873.857514075666
7459.351491414229 -6423.634959001547
-1246.2929013315552 7070.705750088528
-8755.427600338528 9587.594639583553
-7583.573228910487 -4178.835567655928
4848.4288442536 -4492.826400832586
-3368.631132349884 1282.0071797217242
6966.642161721593 -6497.463168037006
4343.758179830065 -6268.585151799649
-40.31166001861675 -5385.837831341271
-2846.804649200165 -3461.9255622712617
-3744.1210002288417 6725.491522806304
-1102.615985061666 -9455.08797190942
-5254.2278188393275 9404.81468416881
3028.754568086624 -3478.615989004472
9893.114750297365 -1670.3038222378182
-2543.531030021797 2857.7956156489945
-9161.663314623658 -163.46050402947367
-7110.424080220842 3819.6318914112544
2946.3612618862408 -405.0713321970161
-6294.641561727845 7449.434114541935
51.308478730976276 -1511.5899661635485
-6019.7890933789 1598.2693554000416
-7923.569644616726 3490.4064539305054
-4441.3522022059215 -8411.615035314479
9758.403471827562 1656.0018221748032
9899.340999222455 3653.1656266739683
5880.888005491315 -8692.657944445426
925.3596764643953 4570.039543559806
-9276.957649447759 -3927.5477880701046
-7780.941415503043 -203.47999341063587
-1645.5400269170113 4644.285228662615
-1359.6381315469225 -60.91400394437733
-41.21791663851582 1958.860626631038
9810.44848159764 8529.15447564458
544.0193050325452 5948.369241382279
-9108.857148628946 2849.909757774287
-3801.609826158836 -1892.833434010623
-5296.408962202617 -6047.695268858708
-9523.720363633 -4184.405793747314
-1531.924660218634 2018.0603538795622
-9450.313624351627 -301.3841371423605
8310.117127987254 8872.041409605597
6436.3177079956295 253.26530384124817
-4833.710555729438 -9284.095810589517
-83.72333854750286 4560.955268172891
-3163.565570888325 -8950.558901881323
-6324.950220124203 6107.716323824177
2667.2866165697305 6265.596532514432
-4238.693601839483 8567.465710685665
9715.752760015825 4549.634263793321
-376.2106238122742 7860.441573574099
2228.408648396693 2482.489575288393
5792.35379475282 -4119.029121171498
-112.96573447634546 3142.8573051383064
-2305.9885105890744 -6004.241019219343
4508.298417938424 -5477.894547648953
-8854.407487834602 -5254.060034810872
9748.991913885133 -2289.3714470220793
4740.444272375687 6143.133549623581
3856.4688868193043 583.7984034026176
6647.346140672475 -5468.18935888316
-8382.736870507546 -5389.82055201783
2265.616772449357 9197.28146382677
8395.108547812517 9924.234810883558
-3268.8393970152065 4730.658999542837
-3487.121397263353 -3049.7412146760407
-3556.0122397556506 -4380.813470689782
2221.2501079413432 -8366.192598626521
4588.519721715036 1612.3391062759056
-9889.84019557304 5731.442594623368
-2956.222498514904 -7878.853581452297
1057.4244977515573 3629.1169612014255
-2868.6743119111743 -6759.78184720383
-327.8399687620222 2804.0703769158717
324.6321437807983 1938.9757899871383
7678.9244582043575 6314.643368338577
-6655.722729855004 -1449.3664239013615
801.7856388507207 2596.929090933747
5989.240927813511 894.4987948142589
-1554.1923064135972 -9633.268308547815
8605.259003641746 1199.1953073885852
-2163.2902439447334 4569.82185270324
3267.0357456767924 -9548.557601802671
-2732.2413735200453 -6906.984990819725
-7448.121772774157 3877.0563859366885
-3283.786502646589 3343.1294787132574
6208.092510816376 -4032.131757300035
-1670.0611077986177 2820.4046178891185
3072.2684204878788 -6199.714916326056
-5851.92424098594 -1542.4926499121993
3265.3660974822888 3348.2596964061304
3907.9451617161594 -4235.2323581547635
3998.2830404738015 -4924.549995083076
-8096.364559751117 -9283.171142738269
-8756.62064277484 -7701.604892078093
8600.009645844963 -5164.578627040552
-920.790806876601 8644.558608372397
-9930.846418039679 -2932.4929752555363
8691.489476684248 9386.124655856132
6304.554568200116 4827.563906999907
-185.87719799156912 5512.459572730615
-1918.4008842821677 967.3200295975003
8819.863956117286 9111.185242211606
1271.2393869340394 3455.7729366290296
9721.01267369029 3959.8460257291554
7376.982884193818 196.8607393162929
-2983.7169345796146 -3812.829033699436
9553.61518198275 -7318.310265036163
-7379.205324965037 6444.977359565659
-5520.632052948095 -933.2596959209222
3041.8988219138428 7238.786029023842
2191.5167922474448 -210.97727678794945
-2485.6543430206493 -3102.7539272830836
8358.673233926776 -3026.3318357726266
2984.073754141469 -4882.490623955103
6451.3174011984665 2658.985122886039
-2369.319722762264 4105.716450750859
885.4073501733728 -9741.467303512089
-8955.574229330994 4038.7888399897092
6452.166767613078 -1300.6993608878784
6224.392160803702 1905.7589929916721
4210.448255920108 9319.61186334644
6240.20195109433 8743.894835261744
9506.343015337807 1879.8986790830895
-3299.508061532055 1866.9051624503027
3897.9941502098136 -2065.9671263232403
4097.105939127332 -4110.442226897566
9501.840519891295 -2671.579017769097
-355.23982505985805 -814.952591038169
1639.8199072145744 6740.609175954156
8411.710248614068 -9131.486858989856
3655.318292368691 7938.670553898934
-5662.258084657532 -2517.8905100230704
6378.950836251455 -2162.8186082512
3161.567284515362 -1735.9196487008885
3963.5348257307014 -7554.875369920864
-2669.4864723500314 3216.31636028554
-2329.111142356657 2445.5841033289325
9641.155903144107 9141.898855876501
9681.393952949944 -583.3641405290236
-4339.663798118465 5406.178075295551
-9889.490726348771 -1402.6380261744034
-1098.2189610382557 -6618.052218969415
-7845.269486681769 6622.448645833894
-2715.6691930697407 1371.3263668761883
-7347.237518535918 793.3676936131669
-5426.449145725589 253.97392041280727
8335.94949853987 223.65617799466236
-3690.704828640576 -5806.684792854972
1655.2921019501227 -1409.6405800954453
6147.564585348424 -4560.545510981721
4310.661631017736 -6756.781317017906
-4404.213580887642 -7400.476129803255
-8528.892701577292 6067.723497692832
-2203.5762306317256 7703.213366871401
-4836.578553635096 7767.675731219457
-5685.4011858060385 8973.275148257017
-8580.574025468972 9127.451602932248
2811.205241163272 3417.8272189991712
-7489.293190764832 -9666.332384182631
-6966.242787925307 -3806.6976851235277
2962.81902593668 2580.4946688233285
-1266.9909688392363 -7856.0661871004595
-3970.741995554212 -5047.59883190502
-6085.845067252851 9005.685985310014
-4081.224237846657 -6027.38247931142
3257.213145992806 -8530.422122993914
-9692.096141408392 -6774.823329500053
-1408.0436978023863 631.385078964855
7533.821418268693 -3897.119098359727
-4011.4398648684646 4311.71173873957
-6649.002346516082 -3996.8927942585688
-8674.104789579922 -9687.50757820586
-6751.695064225176 -4812.123546345446
-3874.8046449604253 6882.980870241281
8061.5928198106085 -3955.8518536120555
-12.411110346112764 2500.332786020177
2979.988975307613 6624.836120846892
-8850.211460266775 -9473.080820029165
-6967.525533171591 6120.569166825602
-7527.005166294607 3388.5310738434964
1754.5604895328834 -4693.252052937515
-3394.1415597668083 5624.674194485395
-6026.817154040129 -7970.007110672175
-8886.865020582021 5494.179916415951
-1488.805435962102 2442.593327077302
-7962.572477559382 776.3927800358833
2101.144953117515 4963.116005843191
-7337.784779837537 -4009.7764831136446
-8088.7147648939845 5835.84111079045
3170.1334894589236 -4539.611110598412
-9174.956635917968 2681.2526334717313
6441.257070843218 9492.191330133599
6978.482995778842 5574.3143647615725
5411.918806446394 9373.221152378126
7048.545213279474 -6043.1879800539655
8215.377153884267 -8997.60084694613
1398.1504639095529 -7915.435852607251
8751.427229194134 -3346.1989497178647
-1577.47944070405 5729.842161448831
-7617.168525297702 -285.252507273457
5304.368324019413 -1496.1358350423743
9132.228067479558 -1805.3382719381825
2873.8678320683684 -2566.236778999247
-9946.047145438157 9383.241193824728
3382.61776881088 4322.962899951381
-3619.002070551931 -9756.491368588457
-8260.920669619996 -8056.583799726136
5598.106088911794 5957.35229497959
-6883.743498023578 2252.709314138483
-6232.217980822434 -7501.820808741007
2830.6658057039513 -2401.4520781560104
9236.786367877885 8187.357397033436
-1995.0754880655477 5267.682310272525
9276.45773013274 3898.1346801740237
4764.5687796865095 755.8638842135751
8260.983291836117 1902.766893530681
-417.0067491355385 -4220.055623798174
3663.53318648821 -684.3883879206314
-1123.3169414193871 -6677.2298043702995
4450.939446008826 3666.978091439738
-2933.806316385323 3896.052724578938
5383.396173458452 5349.554766731033
-9943.384143252806 4725.9270593206475
-9723.57428200322 -5488.729980510143
8454.537883935605 6710.439858225862
7458.146853671675 -1574.53974657023
2826.807525731978 -7232.25589411604
1455.6591929451388 9451.274783336503
-8080.330208375601 5588.302685826013
6370.133137992652 -6595.750347649719
3995.139854000765 -7176.05831542284
8450.988939500498 -6510.961056397433
-8695.240042954949 3391.11614130819
8055.3162963787945 -4096.695606992477
-1790.848579588921 9835.29633930347
-5520.525819847617 -196.19126707224314
-5434.921752518425 8597.895977467313
-8924.406127186881 -3467.218144718391
7739.995652257981 2546.70784307716
-7383.5199898952105 -9165.338918264692
-1022.6375289669613 -1724.6558784542594
2048.19959228301 -9749.658988583773
-7175.746528620275 -5553.30128480809
-429.58499074052816 7958.101900884565
1946.1116771012294 -3150.0081244116736
3410.3104530922265 9037.400137493285
-6108.260989618284 -9139.517150181275
8706.737848607623 463.76566085917875
1234.9299867952195 -7364.5299720415915
-1403.015880257868 1100.0515815781037
2007.4101334527822 6649.722673918677
9899.355894507073 9531.331308160097
-6548.959675427963 -931.9661751852091
4710.547719961331 -5202.235687323458
8855.519412611633 -6027.901500813205
8787.541273013921 7911.784535239636
4611.10150402997 -7396.537221771385
7759.5741251298605 -9497.010448056422
-7405.873020387709 4553.820661783229
3016.4884408270646 1016.1526205166829
-8383.553897977275 4228.461322589263
545.5541516901212 8594.800955342773
908.0952581270685 5928.203793231298
-1960.3584437649006 114.83395719383589
-1534.1320453490243 6539.689981732907
8275.405978197141 6789.6967191367585
-2411.298847460912 -3906.568120912406
-9939.086836573315 3350.6459542191988
-3965.9156911082036 3343.545458850689
-8022.063078877133 5012.678239096009
3967.9772043009725 6042.635385914695
8694.919056286795 5268.724305961283
-756.0043480304121 -6270.18232751761
4802.384111917509 1011.743870676868
-8464.077194378635 4619.411944382266
-3076.6394792053206 566.3861380688322
460.8692953102927 7572.351836407324
1277.164268615421 4918.91018588201
7068.692958122399 5151.907547690387
-9074.333843841034 -7233.90535455602
2936.572864426382 -5590.166675062828
4606.947332571233 5960.895250740745
-3404.0944827818475 -1681.4097998242723
7362.03594769986 3514.639964974758
3131.981834423408 -7340.172257240876
2086.1920612291196 9522.58302464485
-464.82007671317115 698.8340183756573
-9313.006615885488 3211.669875641852
-4254.315568744957 -8880.804122014895
3707.2549202438313 7766.397892047746
9322.039866724874 -6538.55174739167
-1928.411260829579 8670.687303819763
277.10967754506055 -295.98717168844814
4041.21140893773 -7989.291125202487
1863.301977664034 -9355.733003830343
4512.36303575316 -1484.3543068100935
-7047.791987420684 -8617.889170066119
-7530.499284622454 70.39715497152793
-1857.9266983151756 1477.9282387523654
-4294.792383325321 2016.266518654751
-7160.197632329264 2251.377612317574
1844.5291097648023 -3237.29786485351
-7697.510363914568 -3793.0304949179035
1262.244188364526 2065.1973376835667
-4013.2616185576926 1716.928765388715
-9342.647341821537 -9218.52227117935
1542.3122726330403 9861.3608377604
5849.839847259331 -1999.8526755341218
-3600.0398701070344 9720.28400509493
-1209.4350203910853 -3857.017100392879
-858.490292072971 3431.604898506932
825.8981972786769 -1025.8877271961683
-2296.3663517079412 2973.6692511666442
1934.514949658591 -8593.672735932605
-3045.045764735217 6900.5227116165515
3954.5361508194565 3576.8258641080283
4299.443576685988 -2847.4272360980813
-5255.02007516323 -5128.295729534147
8697.352975593807 -6415.142046932554
-223.7167996799053 6410.550825555747
5858.189825422702 -3000.3267695088007
-2179.582248303899 -1040.4727451152576
-9651.460761872615 239.8169679915045
-1788.079945604246 -2676.6530762123166
-6029.192046650116 -8706.723756656063
8576.925965958999 -8026.395685752547
-992.7468440609828 -7620.323623138216
-6021.912683880219 4002.9283761208935
-5213.062676128108 -5366.627260403358
1099.029210707331 451.4671486780044
-3478.46981445616 -732.422311717557
-5607.216071326849 -6365.751332264677
6469.164754834823 2998.4536090901674
5044.422533725432 -9695.015104638649
9223.828650956544 8027.638543561832
8148.885916925563 -5676.075388246455
-4708.935103795869 -4973.804916922928
-1319.2049796630417 9954.386003947842
99.01745443131404 -8667.498051894949
-7366.193508725578 1994.635703520169
9207.16639260867 -4028.8459716699717
-3867.1423034646677 3658.8124701439465
-5286.650975102767 8119.44909149317
2373.4237209686544 3452.617311523052
-7277.034190226374 6292.5834375754
-6082.298202123981 8246.535288985386
7232.545927863699 1788.2047108775787
6178.400270510649 -8668.62563146879
-8106.883257211435 1825.5032176094428
6846.613276081309 -8552.052453180599
-2142.876325388168 5333.553596010981
5571.022151421301 -8385.257996992981
3275.913552035563 -2511.8516620614573
8371.4650194659 -4965.52838691549
-1996.9279550296196 7865.899723740822
-7929.320954189443 9442.414856984436
5672.206234432004 -8521.084416778895
-4546.183317552477 -9033.50449019009
4556.024167014621 1972.8852791821846
5916.111216887441 3901.074361691368
-1523.143809941741 -8084.058149799851
3034.8434512391814 3753.469406493321
9527.039691300295 -3624.7946272672607
3802.552864420928 7504.235568096388
-4529.12718090811 -7127.569088932563
-1815.782766511962 -2770.7150821284185
-3561.8798728998427 3329.730494740281
8211.887552554148 -8936.060325585939
7882.342050223087 -8239.143035411698
9006.075755060625 8946.062042766705
-234.41240436161934 -4766.925545863556
-4086.049812656778 -342.58302300709875
-4455.713413538611 5019.174860938183
8380.185915403992 389.4707428584952
8769.449687150398 9878.723270114195
8217.095194736728 -9608.152868321695
9977.566436311005 4052.1511654768965
-2383.553429562692 -3781.292619793592
2036.8755672872867 8820.851885315038
-9453.84162717863 7670.336534691276
-1773.0391426707665 -1619.0500292747874
100.84141574024034 -9265.739984082456
4067.908552889712 -1702.0375019682524
-6074.065695776035 -3337.753286338938
1278.544005335676 -2045.9032885219194
10.972684866292184 4776.576083260936
231.54045166212927 7169.45275544114
-4051.7021544233003 680.9889184925341
5886.486922624821 -8427.057581575093
6179.302577813087 1258.766884659819
-8579.730839518048 1318.2563970577576
3801.0926230169825 -6827.584028514182
-6362.592453818792 3384.7544964319386
6182.218680351454 -7463.531762685076
-5268.726093417225 -1027.3304921938252
6936.913411501104 16.935358074098986
-3919.6053362726916 -5603.437725690042
733.0626572091132 -2182.012306423011
1502.3196425682818 -3599.5100802699744
-8040.096908271074 -7151.533578041555
9750.830329823868 962.8746205372463
-6542.7673316421315 -6182.146660515262
9030.527810716576 -1571.3978557666542
-2691.304020158085 -906.6285425415408
9916.137414910954 7200.405173330044
-3872.5079141223314 6856.905177410994
7302.131693054158 -6758.882060486191
-9686.374607528807 -567.5222485952618
6871.573968288794 -6717.080649713449
-5562.388201041466 -387.96558952158557
7061.342684811534 -4090.785121138636
-5793.673502760186 8389.325880821561
-6385.796398875889 6569.337940938727
4392.462442248008 -9281.28464002224
546.453307331918 -9894.216826506472
-2340.145751553113 -1252.2418105180295
-1276.8380686467572 7518.213384588784
-5607.3088633258485 -9570.561537305895
-8778.698043059438 2458.0155160086288
4437.4455208868585 -4498.018889544095
3274.3505317419367 7341.711301590516
-6907.90077303669 531.1802876887486
-6169.777029328112 8991.059585859748
5728.050158914704 -9957.77505651166
5617.676187799014 -647.782596234114
8105.855157947863 -8274.968612593959
-8895.38986539411 -1884.1387225918106
2746.749175862693 -9720.880891891129
2844.966161745615 -9045.303459335883
5647.656440685789 -3328.8947433341255
-1550.786807602546 -385.6791748434025
-7821.801917047047 7409.917359157298
2776.6809945275836 8237.928924736927
6173.977383684614 1901.8586021425817
-7063.701689029363 -5925.109964267855
-7958.793420734271 5029.6926247544325
5295.552710852078 -9882.251943037054
-3886.482118643861 6806.941874554279
7935.795190205456 2231.7329502315733
-9447.410845359535 1290.6268636943423
-3144.7295937291983 -6014.594156970179
759.984719588063 2892.709521105324
-290.4470180958979 -1339.4234926292884
5568.406926777976 -187.47739416698823
6992.33944216316 -185.81102542779627
8406.324713872418 -8480.485576164454
-2702.166185659791 -715.6263199380792
7180.727664828595 -9952.3415567942
669.2411450249874 4677.414598771518
798.5436730743804 3319.9077857802968
-7973.8307830780195 -2858.08942675472
1048.0280460248541 2803.117966669255
5277.015212602639 4630.9247314557415
9987.223500735541 7500.874742047814
7960.700343657347 5872.472952051143
-4962.636541484085 -8376.28752135124
-3874.6093198032795 5913.20818206315
6654.876046355217 4233.226510683127
-359.86928278101186 -4630.294374729074
-3243.568963910051 -4261.376450479494
9248.591076942426 -7583.721762706618
9997.245273485834 -1668.7228747491608
8412.416117587793 9057.78447455043
-5446.35099723243 5274.894539894292
-4645.060523620905 1380.4213117530617
-5763.303791925676 -2574.0724988430848
-6295.686070426814 -2756.971853216739
-435.6194538501004 -5559.110145243247
-6251.615250220806 4265.953008058019
-8154.196425009934 2834.282344444435
551.9194044095657 5994.075905641232
-8618.57783173948 -6617.150289363048
-9949.920356067403 -5244.902162219405
-1440.725139118933 6328.927274443449
9720.315769087243 6003.752848266371
-5072.111243921573 -5582.330238421596
6548.130650751777 -9162.87944795778
-9747.676457480497 -8990.015036512694
1740.4556548390992 -9114.250271880474
1110.612489280562 -6654.9798969539825
-996.3522428035576 2929.8382971499996
6763.627665813117 -516.9135432393086
-8808.59042987346 -640.7558965601293
8832.186188263397 -8458.059400855813
-1258.7837219426092 4990.630070183324
2740.989961678504 -2453.634104332651
-7443.904537721229 774.5836448108712
-9060.225372538633 9543.028989425544
3851.921095272288 -9429.924478850067
-9412.171425523347 6589.6250895839
3978.623752024547 8433.160854484526
-8311.184076630192 7809.349630958208
8337.04058892994 761.3471762096106
5588.6248710079835 2908.769453865243
251.37531233748814 -9845.399223982506
8299.744419905604 -4610.809790221253
3020.543116833207 -4001.5254314717376
8291.448316058955 7138.662802049159
-8640.055459340107 -9455.611288303342
-5814.147736869994 -7826.213918239964
7058.502284695813 8656.616123177912
4225.688309764533 -7992.493466560811
7914.064250868145 4415.062357528443
6430.42153500166 -4548.858187804607
-6126.431218773634 -1592.5452505520443
6033.117294115333 1615.883998490881
-207.35382682770614 5814.093734141714
5091.246969404956 6461.075683604264
342.6077186059665 -2717.1549106322227
8090.40444404932 443.58169265649485
-668.944274536063 2111.5851743669027
-3089.3226051685742 -2345.395924926157
-6934.360002329369 -3600.1589582069273
8701.215128304517 -4712.673578014413
5378.746350643081 7600.904894852814
1009.2990562030973 6360.804148628888
-9455.793675940235 -8699.779963038116
-63.98826981771708 -1667.4536341537369
9555.38415337864 -3934.6143325742514
-858.6135729817543 5564.264444375145
5097.280622724633 7857.638790348763
-9802.315692124834 4562.298905354792
-8966.418276666021 -3235.7823690180167
-1909.752610401356 7496.262862989941
-6657.146585791139 -4294.4604560795315
9591.139648519016 1706.4753780525461
-8823.63333709427 3290.647881770601
-3218.416820787622 742.7850645724102
9073.32128782658 1138.9312418204227
-6825.033384201022 -4065.5813761277423
4357.515478424633 9755.626972566017
-4307.006602881598 6572.518739113377
-2647.2075446742037 -3556.822387404479
2173.3097725361567 1494.0701884550072
6292.869561181507 -6249.983998331487
-8862.25395872794 5187.938118701923
-6335.552946640051 7602.905727144895
8226.069327096098 7500.778131476814
6210.765258331621 -9461.517945731712
2000.9433067725822 7602.612547600882
-3063.932904261519 7344.171921887373
-9244.439273849533 78.886329359726
-5810.300620599424 7938.212515423533
1506.2026577569613 -6152.138026029821
-9728.130769650305 5463.002083594369
2527.7511975749367 3059.2342828753244
-8.643673007951293 -3664.4348606596513
-8409.02010049234 3211.878725243927
8218.756840854498 -6606.566202346656
3486.201350608324 5435.686083841398
4717.12073061792 -6706.216946899537
2468.662842186928 7214.449010764583
-5604.875202944084 4968.18733998656
7936.837928741057 8783.823064849297
-8383.797780713987 7204.9006692329895
4955.554685372934 1020.3927686221123
-1689.6643707828825 325.08601084458496
-4838.317008762678 -7155.084641044326
7373.496360777539 9438.962085683896
8140.8767578917905 -6005.1496170818355
5202.997300989009 4912.35532389658
-1460.3407887402082 2478.3016778696947
-9794.692639831801 9443.682566939398
-22.088916774793688 5103.540699856159
-2273.840580930806 545.924082034302
-6747.395535883383 4185.306691672575
6091.0555024437745 -7752.331424619077
-6625.584763791588 -6138.8878366452955
-6692.433750108009 -9528.148958141051
7654.613456448631 5407.810566450915
-530.9025350384691 2820.3330561038656
5360.425639961408 2530.7179060845538
6013.074887809435 5387.004817627741
8382.8358445862 -5195.392655550295
9724.783527689564 6741.621891312676
1911.5792355707435 -9722.066512617283
6741.379776283597 2371.1199815713517
-5712.144999607045 6708.666276091622
9798.87280342967 1634.6809259554939
6006.0796572428935 4982.148859001936
578.1553538171756 -6316.644031722231
-738.2304287431416 -2031.5691486824726
8244.44020171059 -1185.4138137666032
-8506.570350192234 3408.5507169517878
5137.751916666672 7376.481889065286
9042.108102021903 -9623.725741045218
1060.3883509418647 -393.7331583408795
-9646.945479811087 -4556.167070134323
-1279.4386125517613 6681.814311075093
2069.696630346769 -3112.7645582562072
4629.700725712466 -4215.261683106153
5920.946555357648 -6901.254609302867
-7885.814451516868 118.03125601776264
9478.606692063058 -5168.830176074482
6090.555015277334 8590.77733921117
9662.449088911515 9980.617641075154
2866.5253661438346 -723.0112717539942
-5703.69173262055 -5678.574383013204
-7531.578493778077 5775.1612451999645
4069.3105958291617 1938.9781949465014
-4141.07916419612 6239.661984006734
-5067.844746484027 -4936.815898197006
4897.27371098645 1124.5966270327608
-740.8723534462661 4587.392648801151
-992.5365990804366 -2424.6560389790693
3032.320693045749 9764.580306204552
9258.033780065834 5922.461877085538
-4144.689770799408 8404.649104701082
7920.607544625935 -3122.785115394364
-9220.680970716772 -2646.267507571167
-437.61604711946893 6797.49005234001
-8274.31426215588 -2881.5873476959305
-1658.7920712880205 -7212.583785455339
7714.226806543342 -5795.19493087749
-4589.942206550888 9413.514680203389
-4842.126503448277 74.47877720717952
-9798.897431118685 4464.753826769993
-7840.262254493866 -3423.769488864632
-152.25231873574012 -7546.592539625867
-7950.45164770611 -5705.256879535125
-7883.628449592828 1448.1473517948089
7322.172105173147 -7535.789121542862
8957.746028793317 1350.3285472376265
-308.27345249700375 -3072.9800101961755
151.39430628535956 9868.96442203996
-2849.4364043368732 6074.633309223356
9504.449394436018 -3780.583867753806
4723.188084072937 -6210.1686312738675
9679.830044610808 1965.3482563329599
2030.9555252506725 3116.514266689055
5966.848773813503 -6556.958177779766
7834.174303001913 -5284.710265685326
4170.648370594905 -9148.320431104446
-605.9763655575061 -9879.897406240527
3285.1288307218438 5362.754807734556
2797.4699740872675 -8606.796566521967
9727.332156751821 -2503.7150436108504
-685.8443386327981 5982.767628870741
-3350.492453737117 7531.039678399044
2405.0093649327664 -1580.4728166092846
9208.381643822002 1860.5269388813704
-9821.889991343509 8945.793347101386
4659.432341963095 7976.01520053437
8888.121097106858 3252.2845087151472
-5242.762197352515 -4847.609062453186
-5498.618381057329 7205.208803621172
7181.268774753149 -2067.803917168647
-8600.457532972836 -4221.919043929212
2569.760943112966 -4852.295486023084
-29.60659416312592 6359.771820044527
-5767.406759740945 8490.446386599146
-1864.674659021195 -6807.653925792148
-1272.6244031784354 -8467.895995099589
-4211.351350918082 -8100.758295775232
-2778.771684525148 2620.2440729934315
-4325.239125425353 896.4136126193625
9924.02347107204 -6783.119550077823
9404.958677430583 9936.054814812538
-1132.8640974419432 -2982.6121229727405
-6883.55587701617 -4885.423116032268
-2084.9700126232574 -5418.172454325833
3701.87931079235 -5616.4631760363345
3135.296821039883 -6769.732360116607
-6411.389588403335 -2065.761571185578
1516.027841214849 2598.2165204404737
-277.52737962644096 -6216.227208911154
-8492.295919868062 2517.8231798547295
711.8596160690086 472.27975215793595
-5019.95019821734 -8214.980380431045
-4986.469988448621 -4011.741380770817
-3077.4100152404408 -6107.680461045806
-7407.59784143481 -5129.222726185511
-3419.076391388955 -1048.482622467338
-7336.630537083673 -6105.537393457838
-8290.98375584551 -199.9391456999565
923.9451043167792 825.190709181421
6231.086399218275 -5320.598318801277
1112.341287095931 441.41962140078795
-9155.051720281725 -1106.833630018762
-2223.6539441598397 -2651.8560870583933
-4038.048326320076 -6502.492733029466
9814.164932549069 6067.481696207315
-3133.0563539528384 345.5405242636025
-2350.839469500789 -4528.071276414276
2094.950551620803 9702.297812464069
-9173.78534834533 -3166.64363989061
-2240.424983228151 -833.8460776811353
7368.2058993960745 -7407.145923515269
-7068.633530569281 -9222.774294672587
1406.8948827125841 -3586.4525839883217
-5847.2851821177655 -3037.23599990654
1403.2701064737048 -5839.435484109829
-9210.899280571706 5364.09597120113
7698.211399262913 159.3338034075514
-2845.1943145192326 7609.202769323674
5185.083924476452 -6584.543218906072
-7785.5181307015055 7739.55508255629
-5428.320478623505 -5563.597406471523
3150.244575692641 -7730.649832487262
-6000.310413987661 4877.316361950901
-4802.748155831818 5749.834683372872
-8284.318150177845 -559.7301788153727
-3111.0011077764075 -6769.074679740366
38.32588746777401 -7711.70311245666
7216.84781912142 4156.868716221314
-8957.58929171275 -1307.3949492171814
-803.4114312304082 1002.2155808597981
5180.954408379739 -3286.625475008491
-7051.888636585692 348.91562583753876
-4507.487030036359 3421.5917417675228
632.5514286879134 -5875.13075293189
2091.55543767804 -4498.604665193713
5454.544431225953 -5631.194831164459
4315.566344199457 5029.443930331046
7425.521437797139 -3844.1193883705346
-8796.685177864412 7809.844034498019
9697.239616891813 212.93926847373768
4904.507928772653 -6149.790048465851
-8986.958207924426 -728.1146511480838
6171.829583381283 7396.459418406237
-7812.392303276929 -9645.83191675316
6262.147828777039 7400.978503276685
-2485.7582889325204 8948.899513187615
5374.454859917896 8380.8178819188
-4387.966101328151 -9558.331804977945
-5822.11686575286 -3670.3770083339496
-1536.503654430664 9170.62089715463
-7966.078638395881 -5320.982996432406
2256.5753421214267 6130.949896944274
-6807.255389522291 1262.2025884668292
9133.201203602825 -7381.581873050584
-9455.66051445621 8814.573331600397
-4940.159523207161 8997.113185260034
5430.897502640337 -1246.8552356914643
5773.780056211943 5296.138313023581
-8422.271629450164 808.6742261314412
-9877.839272127138 -6515.516839424785
1375.72240115372 -458.66198986395466
-1900.9424219206303 42.85073635933077
3549.181121742731 2852.8920920174023
-500.8103370749177 1845.7454857775865
2668.6015927234894 7315.256381335803
-1654.8862526515168 -1613.3427612944524
-6981.197454699952 467.50070454980596
8108.050169490314 -976.2878408957622
2008.5360984501422 -8809.755273966015
-6769.244717040288 5192.689628729597
1608.5361383465806 -4151.491927413414
-6425.845322863193 4428.833928248354
-9769.285497415796 -9898.91659922093
-9852.283773495614 5558.423729265469
-7987.990329544205 4106.537047551967
2846.8262144355176 -7434.405478631465
5642.1681610587475 -7687.035237627886
-6091.272135711978 -1590.5670891892114
675.5245954140082 8100.676616589248
4411.839821191252 -539.0947439307565
5692.623909600383 -1746.000207977735
-4618.430946475151 6248.703136861082
-271.68956592058566 2570.4286807963654
-70.98416830479437 -3152.375079585546
6058.693479908785 -127.61449853682461
-1662.7704512366345 5512.642051988601
-4259.824821559841 3268.8737038636573
4122.986784503939 1056.3337688442425
-2780.4867230966693 -5278.646287618009
-4159.689047478585 6986.8977307547975
-2115.3317616563454 1800.1858434965197
6755.2615768948635 8568.483695835766
-6398.033278018886 -2024.9697803312001
-7490.213289640382 735.1215555146664
-6914.106611499334 -8135.385158533628
-4494.2858670670985 -4815.949103018997
-4626.388691053214 578.3223966408805
-6021.748712198656 4993.790394167281
-9272.919362355891 -2385.933970269396
3591.621842426148 756.8132293342915
7961.4355740127685 6733.972150365025
9877.777714153883 3486.2247810848567
4499.057904713181 -178.59875810539052
-9047.623877678016 6450.38320006201
9374.569467634756 8929.886473779447
1680.5143756970192 608.9133548914942
3966.7369373724287 566.5837918179113
-7172.008003050747 -3531.885228066094
409.079737080363 3709.8769893088574
-8277.861097810795 8943.284875683898
-6568.259798366789 -7857.205966072236
-5440.45424581961 1210.014169630398
-2187.037666398235 -3609.0645171761553
-5263.695649505755 8546.039416469765
669.3006122457718 885.6432864022354
-3560.3474762536025 3809.7754086027
-4510.525669042198 7930.164752697572
-1771.809388104486 2471.1703656613317
3117.548166642364 1628.6062242868265
-2558.8712209789846 -2994.9294185514973
3816.913047819673 2144.4943060082805
3015.2975880051436 -2023.1982005900018
4097.3172892505845 3487.79877864857
-8348.057481201386 2294.2151765052786
2162.979049352829 -3513.6978362083473
263.5938068932137 7869.965261027341
-3359.403749473626 -7320.772241692246
-3755.4031245597444 8332.33563240324
4671.844578589104 4578.074244542398
6347.158663472168 -8557.561728895744
-2494.255430089627 3071.6366970538274
-5191.943388565034 -9479.836275383212
4402.05023480176 3709.216776416277
1859.428230471136 -549.2240928574956
-1042.3985938151454 -9821.929880427915
4870.3493926707815 -1261.4160553247675
5893.356962927142 5498.154250413259
6104.182973047049 -7406.344458863783
-9109.387814460611 9289.285944394116
3439.9687348211846 5182.05772301352
1240.680194559167 -7077.163141345184
3394.39550900587 7939.659964441591
-9126.899803887194 3452.1371740173417
9394.196355038355 9244.04633478702
9753.225902991293 -8077.2209478115365
2487.0625915776327 -7241.373114012284
4690.802203680949 -8003.949644667548
6542.479020997525 1407.5666214323373
6276.960032192219 -9224.243112277198
-4517.849665433607 -9790.315778286098
4967.797648478343 -4689.276996414702
-3807.0281819690117 -6906.00653031726
8258.53031713191 5452.289821039682
7513.777303853527 6339.106760878702
442.95688532268287 -3421.8314839066034
-6949.612156220744 4423.241541692487
-3371.230279830046 -5848.972387058957
-6438.246382772155 -7158.896654675291
-6519.968380469092 6162.231514001653
3273.266400109522 6838.449585710143
-9416.096071810041 9218.175307045982
3711.6124484383217 5034.676256820485
8389.511063644772 -641.3030771089998
8518.792986206357 2548.2898371772117
1342.5899000178579 -345.9294622037105
3191.2495442454474 -490.3343261460832
-1859.6278171388312 3209.1233301168104
4803.28986810738 7740.029863005653
-5043.090750087731 2410.049853276334
-1487.700151201925 895.1106111972094
2039.848597266373 -6918.480987692448
-9993.488726353135 -8483.526617775811
-744.5590765326033 5678.718162193933
6044.373847657516 -7796.95379283647
-8040.660494776339 4720.988637703194
-1152.1444194192736 7509.900412201161
-5003.459919039504 -7619.243947522944
4350.284364923456 8200.871603096137
9684.586921303806 -7526.5209794582315
9162.629589937093 126.13580683124201
-3690.0533985969196 -2948.6198660856135
-3389.6199817158413 -3734.6011077214935
2968.247808514363 9385.741054325961
8306.489620329754 -7628.131824978436
-9495.152708892729 -5670.4081026474
-5535.883189496389 -5828.274123531934
-7137.019393467941 9884.640820538101
-6483.825303265731 7218.348692899301
-7677.4780844509905 2253.330987936388
-403.0071461468651 -729.9600220016582
9913.176460984538 738.9395328328301
5054.668937427801 -545.4110331442935
-7288.310759275895 8563.663467521012
4400.967424198907 8503.49053222235
1783.4565926367522 -8993.329306084166
-4031.0881601404017 -16.811794093277058
7204.687822138774 -6778.872330734152
-1963.5096156657683 -6279.748439608296
-97.93612364596447 -3328.7639377111236
7288.179413049969 -488.0915865497391
-6027.392123357687 5337.36240808591
9224.271070883402 1732.8966015250026
-2302.7297822912105 669.3483590347278
2491.269013387886 3594.132774283482
-3362.491769814542 -2274.8528464844767
2094.9050847737853 -6421.785591117541
-1995.0720538856003 -5986.054260910798
70.60203973990792 -4028.679566469408
-8080.169048578218 7269.969242906376
6424.491208846855 2430.5875366352466
-7774.712442588594 8715.198357581798
8021.382560146991 -7829.410285899443
7199.154369758231 -5673.745850986525
8584.354955453804 -5377.937824688368
-1192.790124222087 -1797.2576625066722
9083.922896778025 -9689.443768641235
-1933.6048493788094 -658.6212027256424
-5466.986797219315 3222.2326027128875
-6362.106969261703 5952.250293341091
-9432.727397711038 -8931.457694587258
945.5931229984108 -89.41110333766665
1178.496571760279 8631.06249940498
9916.244852339645 8019.481614755514
-2417.7311421979293 3762.2956035901134
863.400409870881 -3534.0443723848994
-2560.8400209978518 5637.773499024781
-9911.979366764905 184.92211169356597
-6487.8619798683085 499.32640996313967
-555.5990429972608 -197.51614076555052
1331.1044250973955 1398.92217942551
-2579.1444803609884 5412.1465393981125
-3451.232310424428 5347.004285718611
-6789.616052145724 -1355.4908235906842
4410.333748207 -6211.209052483042
-202.68777504872196 2323.0286550213405
6122.781857118673 -9523.472757482197
-2738.2993726467666 -9544.498895535684
-102.22478625682561 4575.21864318517
3304.0734770271993 392.91816791826386
-1944.4655209448829 -3766.1051950863402
-5581.17868323317 3694.3980400687033
-4184.71665128417 6873.997358228455
-1804.6005541445556 -7431.08346290253
-7738.842236834602 -2908.9934223682158
-5097.772940207022 4721.601557809103
-539.2430653651045 -8665.044813781746
4808.98149977156 1014.3723189395441
1826.7800674197006 430.0142665153944
-3371.2468708520228 7557.755452149326
4550.493782946989 512.856912651403
-7987.689400181556 -3317.2783888289123
-2700.9567121548207 -9885.949889954718
1202.5142144091024 9698.430776681322
-2643.097074904048 5876.242212290734
5757.687359044583 -1576.1989982727064
5005.047302514993 -8202.54375703216
5678.535225911957 2187.8444755647724
3169.706142754758 6907.327253584441
-9675.996747777583 2325.753353084543
3235.8374902170726 1928.6431643486594
-4822.7900641311835 7154.737190396081
-591.2498905539705 -3253.899249044767
9823.41270120852 -3004.341847967229
5120.5719804687415 7398.697212224775
6427.716010867749 1013.5332180443238
6716.555853692207 3831.727102816307
2551.021498114509 5482.003924248422
2019.483908377113 7788.868942463352
-2681.4885118605744 6533.909841822671
-5641.274526191808 3994.396149767026
5755.718593079417 -457.86749351322214
6263.76832746561 -2829.940815243963
2533.034246205607 1981.898564497953
1260.3413081392919 2450.7314457672255
-6589.722546129648 -3042.2188305836225
-2929.4815583019226 7407.4348223683955
348.732949563293 535.6456145185202
-993.5280225722872 -9844.10744657043
-5441.153277466697 -2398.158493933358
-1539.1632134926585 -76.70461008959683
677.5502729604723 -1821.0458950485117
8134.915287703989 3965.488173612066
4819.960101611217 -1040.5316195196174
3009.242294769354 -2128.681189542909
9425.990908231004 -6724.263144362827
4049.3053743968085 5060.43219318304
8623.189814511112 -3193.3452777015273
252.50349688976348 -4324.696060981734
9252.891433954239 6028.500320900934
-6119.298887952565 -4912.138899731535
-5242.434325078045 1749.4071009961135
-6413.9801659746645 7885.546727348275
1803.0196335236851 -8976.012111727863
-9374.208336015974 -5528.757384320254
-7190.112760891061 7326.638610555994
-5524.122987729703 4305.963355757982
1494.631517761336 1069.1055237478377
-4110.166634878563 -7657.201092784958
3071.0556953458163 -9620.092707224756
7814.700910027474 3345.091335467081
-4060.892173791027 5520.2554958535
7562.45217311407 2551.367828032913
-2511.456125397389 9393.12869993208
7249.435519359406 544.0942951226662
-6929.208442289419 -8690.794524624847
-6245.573075891335 5198.828675035244
-5756.860767610939 -8494.620648885082
4309.169880574187 -5765.106442593193
65.16335459002585 -131.3873664608709
-676.4086463851472 -1841.7785781121502
-6471.92524139603 3899.9251963694387
161.13725566702487 -4718.451505931301
4123.463625051032 -1839.6668352423103
-3682.0342025963473 8026.67266058227
7108.680728139905 -9727.406219882607
-6176.983284721342 -7141.983039057196
-9798.098642652447 7009.639687937306
-5335.746894315354 -5033.730127845828
-759.324025616268 -1917.3839776360137
5659.6542753155845 -6784.582347723022
-4236.435976218844 -5051.5300510779125
-5570.178542610642 -9114.007060874914
1525.230555281114 7289.065696879112
-7.663410886178099 -6608.082221683484
7631.158544295515 -9229.162228268897
5986.297431940675 -4582.16248326279
9278.9177490474 -3723.980306351282
-4351.264923650761 -3181.626581102212
-8981.291414427662 -6996.477322383769
9402.894856556453 -859.7424960238204
-8003.315880050803 5669.562227398328
-1718.3481445515536 2772.847000078653
5820.329969760163 -504.8289432497186
9397.60651175748 8502.036346512428
-4514.034723006162 5749.76069884503
-6715.312106099327 6637.126713361962
-9765.787103992645 5326.928440815887
7174.380785860802 -8100.264278783496
-1749.9371960824465 -1839.2622884155926
3132.96012386465 -7091.626632379433
-3200.0665060111032 2247.730545898474
-4525.588297766833 -8638.177457306158
9698.922649296572 7621.96262993199
-2023.0077411923085 7919.016960082783
-9072.780014668813 -2162.620958546895
8169.661578864907 9292.6164339951
2765.421961510101 4343.8906078928085
-6682.0937924174 4218.033373869923
6994.298505321796 -2399.4763947275533
726.7499594454348 4729.176036306102
-1494.695491632221 2851.070537427622
-6407.965797680404 -6433.278746729387
2093.9481821452373 -1805.3230347162862
2869.3237541639974 -1435.75143260828
5258.882543978232 7915.849697177851
5493.082261829222 -9497.894261046713
-7494.620649839286 4995.390597577898
9767.041782381926 -7811.591992856544
-47.37187366404396 3305.798188945464
9859.966149974687 -6578.905372268849
2970.0720940551582 -7798.29011611628
3079.296851038742 9004.511237388288
4118.787990468858 4047.981092101474
5958.447619488985 -4861.4891921395765
3849.693023701062 8685.04280538896
-1818.2049991183248 -6732.410085283709
-7788.865301177577 -2086.802004047754
6984.692547730101 -127.87152836291534
-3755.7822092024317 -2215.445133354554
-1095.8758559107264 5703.308148542714
-5205.011379242262 6823.322161574
-9381.120798115566 8607.834423075517
-9851.616643399508 4252.229243843603
6106.4339605528 358.11017066129716
4189.633148594061 3884.8570359937366
-6543.019226690792 -201.95906064695737
5724.593498506183 6550.70500020446
-8576.648919252502 -7865.817742948395
-4858.75406984416 6751.841029122483
3148.843414978186 -2653.5223867202258
-7229.590835612933 -2292.9737467011437
-7496.7448522522955 9462.35383325534
-1895.528345501254 -6978.7794885067215
7070.694799569155 2832.485208210719
8458.737774712317 2925.423332680499
-8928.956786415056 -8433.93752888087
7710.7664723435555 8363.820602105268
1360.1932562866295 -6072.067752862935
-1571.1420012653834 7162.252107120003
142.50344314299582 -5230.490652653472
-5998.369799839054 3094.035343554033
9142.158017387825 -4040.1102646627014
-8693.603362026139 -9133.781668720529
-8281.572780083108 -2696.870873401318
9004.859220656646 -2118.6348053781303
1773.0922716331115 -1427.822265220615
1730.3853515937262 -2912.9926203381483
1286.579285725229 -2940.5016936110333
6231.941444006414 4306.923586519677
1932.6358303387206 -5561.082151449852
1965.5244367263203 -1844.5509511047358
-9540.34186205338 1752.808817731695
-4325.283145141234 -9031.961762219975
-7609.938661572951 1983.2084627468957
7177.775288864796 -4861.659968639249
-5922.6347267115325 -4064.968634174972
1879.4352912560862 -9165.922830368274
-726.0511009985858 -945.9439409506176
4451.4092024139845 8271.05001593328
3100.7108822987902 -5678.107526492435
-2323.675599332333 -9443.383376806434
3673.1537888986404 -485.3192134882993
625.6330934376147 1571.0353599490081
-373.31781677840445 -4118.209841196434
-8857.191491006393 7437.080969329192
397.20556101342663 9695.324986432155
9028.924722075397 9835.385543110555
5351.396485976838 -1859.2231713437095
8378.489410582148 4754.9776239535895
7724.249485557579 6663.688968316859
189.19486742466688 1225.5303707568328
9809.86681399319 -3843.269703149157
-329.9795726121647 1159.8563145751777
-3035.3348012190736 5266.116919342221
6597.905903116047 -6357.77356831337
9720.502919732753 -4384.164303226854
1624.0006895555816 -5169.893080821197
-4331.518293044254 5892.663652831348
-3393.7311542622538 8093.955099299241
-4237.524031329285 -5495.485752820712
-7153.9898922896755 8101.7352070116285
3304.7204849076224 -80.84222341939494
-2468.350930603953 7261.852518392294
8114.064214139522 -7190.090428318767
5743.910946156038 3270.2311494121313
3240.7817935810126 -5220.602500019063
-6947.703052886256 -7535.702839142417
7080.117027508826 -5297.93351295811
2033.5440668561096 5268.655868210646
-149.98972274074004 5620.5936176889645
4968.539125783691 -2775.7184979089725
-9863.250609295617 -7349.074075004236
4524.942028108422 -8074.92156986936
-5424.445780130798 5495.1927595485595
-5591.455241771717 642.6914642067259
-8278.599211729888 7931.254362399268
2767.183978543364 -2497.518150803384
-221.34622406789822 -8957.798147982732
2556.8004619310923 8780.619134789922
7096.379993707989 6968.642898321024
-4869.980552258712 224.2613099391583
-5800.526997374133 5611.1377910899355
-4016.586456602129 -2746.1653575470546
6614.0202995684995 -2020.3072862514991
-5099.617453169427 9488.451109738406
8858.61085950864 6781.730871566098
6652.371446260284 -6757.461027361227
-8288.42750252085 -2640.4846530012046
-7028.072296323671 -6526.214101262129
-2772.5944446660214 -9767.49536845097
1686.8797933002425 119.52703220324656
8963.956730316666 269.6748023111013
-5294.297365431975 -7159.254022296673
8495.16755751922 6911.358421848785
2969.907427542963 -7100.116508721319
3522.5039499774957 -5120.310357092508
-6459.906299670383 -8769.31506931027
7761.45907096436 -4538.725385880913
1658.0588854457692 -2284.6639084100207
-1732.1941322219245 4715.229387568501
8928.161285911388 -1733.8104980975077
-8018.452893855565 -3145.7195173092823
-2313.0947594719073 -6483.6070269605625
-9995.19661411864 8566.121722882413
1180.49394388779 5755.777295185058
-4506.844457235126 3186.7862268963854
-654.1078886580635 -794.6132294195813
-971.7653680447147 -7592.699769145202
791.7023681875908 2806.0677513927494
3952.643755937661 -2410.576046556678
3000.954729047071 -5596.444241513567
-6613.429947737721 -7214.180872184841
-5171.314336229174 544.5509065595306
508.7284194827116 7204.512810918917
-1957.0386083124467 7055.277194443523
-5827.441185370683 -3872.948249702974
-2041.2133427577774 2156.0737398984365
-6958.114856979416 -3815.7190925615314
7140.114753399004 6072.588654002162
-6831.487364606859 3413.210459699256
695.9655848716939 -1063.8264680745306
-3702.455379690008 -9337.041972350551
-3127.5714496470446 2223.1168291533195
-825.5518474737364 -5312.700514001567
-7556.88379541949 -1935.6185309851771
7741.215326136291 -7344.125898561835
-1173.5858709490658 5464.537213601101
-5652.7820176480545 -7164.362362737919
1908.6508371432355 -7199.376320498972
963.6538467036662 4838.6829539828195
6228.095421855785 -8071.3052716789325
6878.753519204671 -8897.93328343067
2475.4758499665168 -9192.159595561508
5464.20757926827 -6840.160416023686
-3807.522652358566 -1241.4950153136833
-8658.458878217538 -6213.02472848023
-4899.513378107729 1303.952425284966
6640.460571719763 -760.5463710933509
-7332.402839703778 -9999.233612237895
-6970.53646276733 4584.264097761579
6322.704545467637 6746.297686793623
4812.297850116978 -492.35705711846276
-9848.723280584742 1758.004118155539
-2377.876412642432 2009.372243871956
3958.179293676376 9751.664108136396
-2891.4772698245297 -6964.48245452272
3258.7110173698056 -197.52902038528555
-7499.218181030187 6371.496048497094
-1940.2108106246942 -9044.95654230578
-8955.854410043503 5011.912949715312
-7780.994576340543 7855.434644425746
-8955.967853670149 7743.1210001659565
-279.94797341724006 -1489.7717387766625
3616.4730863255645 -2180.9985114812225
-621.2022742067566 9734.869876302691
-3768.667862477473 9379.991351092907
-4704.914708661227 -5064.6163776209805
4748.12001772037 6659.905565135683
-3208.9176550114225 -6425.313992123085
4882.528811017113 6044.64964334724
-1372.1717197043945 -7993.289290100512
8905.069388529238 1691.4365294978434
9967.365504365185 -8681.387724205557
-1138.5127934635184 1686.6581146944209
8848.661041444764 9403.33453548944
3717.908987095925 3615.0892154782214
7871.275731468741 -8308.134520925092
-5428.03934067132 -4067.358257920677
6331.538446591965 -2193.4661802127794
9434.364221199041 4679.407645377238
-5768.244954465767 9853.726289030976
7073.821515860713 -6160.734662908964
4383.767018417297 -7843.55517460299
8031.255672033578 -7953.141953923248
253.95387021926763 1934.1494214599734
-9852.22353212172 -1637.7216580964832
-752.4480885596968 5769.359785590708
5814.006027926007 -4521.673379656797
3805.956363321897 -2342.467937744448
-1363.3065615101295 9994.747637647066
5991.431983972436 1018.7436120221846
-1668.1815486889282 6288.368233940671
5159.462333456961 9256.762627907301
4391.667922509283 3027.6056062055504
-7130.264424216917 -2716.8996120937263
-8563.341360206003 -475.66595814024913
-5637.453674270479 -119.31695627873705
2150.9460289602084 -7114.363113361739
-8271.820154055205 1863.8075185523448
-2685.844964766 -3677.5004050369644
-9677.375334260745 -301.9215744093981
6679.837641406535 -6007.9702738832
7033.733917620088 -5423.951401330056
9314.552272893463 8394.321301341508
-3322.2491050571825 2901.3304773932086
7499.738285116611 -7385.38269627318
-8893.121928012959 1715.9618252550554
4411.8354538325275 -8404.056471259311
4534.36755548747 3812.8486388571055
-7465.610608565256 4146.9332878973055
-1865.6218050152274 107.14023088093927
7119.155117186983 534.0822851998655
-2850.364199375832 -4702.585449087584
-2998.501620411196 9277.206558772363
-5459.2954101678615 -3070.402265018546
-6311.324885130738 1161.41327769292
-3363.5272740356004 -2316.445083547993
-1122.154584913329 8498.420101346284
8296.217488244623 -3965.664947223413
423.9701360865183 3314.5853685308775
-2230.5822513226058 -8602.922421538493
7266.003182313467 -587.4396582186273
4740.244349989216 6446.621694602345
4933.095829273654 147.98320600117222
-1030.5475835376892 -8490.113957547563
-5009.211665156286 6282.1808896479615
1497.176499108693 -6238.872649763325
-5849.540688083405 6416.373907083624
5545.904361123561 7407.205626031435
-8246.418757118357 -3717.5952766680402
63.70705721120612 132.02410638989932
-2044.3886232641062 -7440.451693315266
5273.551284922058 -4223.658918100752
-827.3740041788806 1906.4904204771447
-3354.6627248782215 3561.179529917963
-7782.908686050136 -3457.9076037116893
1383.057929704657 120.09276763641356
-5962.555849905331 -6021.909804002262
-179.72603165030887 -7812.421990830556
89.43865454154184 401.41213245102153
-6957.13018539994 -5002.042979977837
-8894.514643826054 -5276.678971808217
7608.846796796064 -5718.920193799903
5391.513334073112 3457.13218786813
-1589.3177618429181 -1801.76830223264
1769.1383711130948 5355.773804270248
1526.566455027909 9643.658341509821
-3105.769613666552 9134.999127006966
332.61891053795625 -955.8401480229877
9921.228123694775 7627.589365424574
198.95027836873305 -6878.77319683645
7345.850219327585 7358.409430021795
-231.76262946185125 -3962.77272718325
-8652.874532185853 3799.7226574572815
116.24154653843834 5929.18968456768
-3937.0612214675884 -539.3087921801216
7019.492721824667 2040.7449345478562
7971.591565870276 4484.522525993818
-3893.8544371744883 -4505.161461597744
8915.12747405651 -2428.7380308566344
5841.778184268849 206.83938897421103
-6711.514823071993 -1186.2520847344822
-897.2904644177252 9519.716971156107
-5468.2016475006785 -4571.21095263737
-9484.82794238531 -1150.0230859406784
-9698.543867475719 6385.1526288417335
-6210.532001078271 -5034.9143603407965
558.8170885785839 -7425.524207096252
954.0165969044538 -1529.8553832315756
8303.747165405803 -4559.243121896359
3694.982140511236 -2336.398305764995
-1206.562361806491 -1121.399413959447
5932.948413124583 9128.817724160916
9825.23705982686 -3270.0662464757406
-3681.103289507455 3260.3507314360795
-6974.4879941597355 -8646.56718094473
9507.512007969784 1380.829556265524
4074.8411792180977 7510.436146116175
5866.638856109883 5186.343167788338
8413.114513920926 205.65036930074712
707.4759071766748 -1034.7192836675276
8206.400402704101 5140.485846612197
-3829.113718634112 -9632.388541620558
6220.724308663659 6081.38584141215
-8419.01744570994 6458.6026508905925
2736.1797416869886 -5284.9441368299495
-8622.07554307281 -1626.97530892332
-7251.924658816298 -4542.980009274975
-6332.3519979539 -9907.09369624932
-7559.895163246771 199.4630658063943
6977.0257930290245 -5296.049725312637
-3722.192425375124 6128.858397832717
7978.745990502535 -5057.26287414078
9058.860139318364 -6486.5982486835655
-1249.0329266664448 3928.88595736955
-9129.958380078531 -245.19391895022636
8562.595876367348 6683.36552601603
-2861.0309193486746 1018.5452206623922
-7774.181788496955 -6633.8127257538135
-9167.996452425557 3401.1691131685075
4733.280508994056 -8876.266124651736
9337.993592749757 -8137.170279678583
198.12175768627094 3018.01738582078
4690.819842807623 7047.709999215935
-7959.182161168148 9717.187213403475
2521.9618098139235 -2365.4412825761146
917.5901072032484 2458.6394887644874
2497.6168510900607 9004.079772122219
7060.915781065814 -5746.88720793235
-9016.838536197816 -2220.55411651384
-5496.555542013269 380.1836780559279
-4708.962620178807 6190.749241671021
6082.427712736067 8932.610985810912
-1893.5807232902043 -9766.281783720127
172.52351214671762 -2500.9952832466897
-9451.688067591123 -8762.427960602305
-7229.35606247594 -6968.67297419637
-7188.008802933051 -8273.585487046084
1857.2819449029666 -1474.2324902366163
-7547.998736149544 3353.0936991670915
4884.531877134794 2352.563851231367
2103.1875085881366 -2796.006379594527
-5208.189042411522 3902.37033038747
800.5362601527613 4917.744631503278
-4873.938931478756 -7326.196103776263
-3953.1371261248523 -7169.613963111489
-9356.005469530335 7008.843639090395
7390.68509273473 754.0278041359215
6199.730047216592 -6610.235572937652
6514.887741513616 2015.605526030271
3771.9409936551056 7543.345421120219
-6299.932757350805 2026.8394338704238
5160.427172706955 4555.109330699626
6014.736692895038 8926.054764279022
6182.799806548341 -3221.626849957198
-1302.1602735924334 1727.037525560112
7127.741731052185 -4470.052219293312
-2062.691482023598 8929.642129988406
3772.1027170817542 -4603.676414379727
-9388.313705885148 -6308.609844211744
3444.8581157454373 8431.2371682523
-5449.891023050483 428.8387377784911
-8578.257977592373 9607.525430480684
1479.2264380368651 -7887.977639648272
-5639.844468504729 -5406.778828733994
4063.922212902913 -2465.1974878663777
9534.719588853779 -3746.137506048768
8311.976025388343 -6511.504241671744
-8690.363961857109 -2759.9741371829123
-6898.910595515288 8035.6854398669275
9584.78784648174 -7398.8761386036185
9699.979522707668 7975.632768273328
-1121.692299264947 -1426.4610795904882
-4106.472968851344 6112.264355468304
1259.1064322768907 -8476.805603903387
-8314.756609567245 -7919.777321427426
-8481.350015697975 -5520.302927601193
6538.605873189001 -5745.997988765878
-1227.9552129831754 7781.218644741992
1732.0904660321721 -340.27007884249906
5104.281155815343 5056.3069922425675
-4358.986566608171 -6171.321064792856
8928.25065455709 6100.860265261421
-5377.432850519756 -6823.8738356087715
8396.958259141837 -5834.477756406868
-2331.2664315046304 8758.711620509985
8513.108083058021 6750.781554399895
-894.980813883345 2157.9759620635978
4505.031660642824 -3785.8918075333013
351.2551394392922 -8242.713328747106
3588.7199270646124 9325.468919054852
-876.0290100767979 823.9007035461727
-2588.5219742875834 -6635.389216025129
-7551.851017974806 7577.433750168249
8273.526678045782 435.5284217492117
8459.427431502045 1820.543002454302
3649.63983337995 -8619.44173136774
-8783.873949950546 -7272.837368184262
5583.695579223775 -3991.421414643366
2603.721857917162 8028.15671590159
-5795.203369625019 7308.825931829277
-4097.290672991731 -3896.20966424552
-2085.597567875575 -6096.13645562471
-3295.9580653295543 9386.951735239705
-3280.313255951728 7202.278755380634
-1405.3579558092788 -9999.417101531992
-260.8711251918685 -2456.2911895174657
3398.751265521245 -3302.6846868982093
-6917.886850790857 -2914.174209971061
8749.156307597805 5938.835523264206
-9894.893669102592 -3735.0469785320147
9375.637039316272 9347.03266014313
-7527.246450622917 -4630.995702942216
-7263.771305183118 -5221.481203820069
7503.022405815096 -6906.528764245172
-5519.795211217426 -1081.3626320176209
4951.298979776453 -91.77360518756359
-5280.054118791899 -4439.3878260849615
-5310.875047337387 -4355.079391590532
2202.1476792297817 -4369.98694936744
5659.049188210849 7921.805821247657
-9792.890014223838 2534.2549650229503
6037.838839094229 -9145.16898560487
-4631.885160618503 9561.370353425795
4716.087760041439 -8039.106475012719
8591.200586607858 4821.832285092147
-4996.969809418001 9241.167431655984
-4131.097274985085 3621.7292153828384
2891.160922069059 139.44699758404204
6019.827417585524 -1824.8682794245788
4266.032694392417 9402.487990891896
-7750.803141150844 208.0232324624394
-1877.6111970026823 -6173.643155942154
-5086.2094527548015 -6724.317331428418
6148.572378797182 -1545.1789226566907
3987.9857021872594 8509.962415140883
-7033.070341990615 1002.8586336448625
1465.8810084083525 -9967.58516772546
5868.706196897248 9110.38881871348
-3702.225849236107 4413.765674327076
-1942.2746118991527 8488.35039859177
7447.537338351514 -7670.2451570598005
5217.903229990256 -898.6962281854285
4270.720943501161 -42.09754169254302
-8354.548307078026 1237.7439719391186
-2348.5046805206684 2679.286908261649
9237.394121661793 3651.357052356534
-9800.175652619308 4293.953831644711
303.7980585279347 1913.4763435810346
-701.4579410713013 1228.1025674792036
3471.9159184028667 -3300.9691700585918
2903.2832383550303 3105.7331637826665
-9123.795951965867 8935.303116069153
4736.511548057853 -1423.0335038030098
-5621.031459797583 1574.8544757631826
-7119.846677853468 8439.777761362726
8742.173371284876 -3789.0025917726744
-6240.360454229354 -3138.5799860343777
-9528.279959304673 -3163.7682283537542
2125.4329164257942 -4099.6550935184905
2481.2962248461463 2751.0883579856
-3123.596249241058 -1451.0491232696077
6773.673155024426 7962.864279375448
-7567.308071258314 -8837.96340109459
13.097653140328475 5370.749906513012
5853.97887853071 7405.3499641231865
163.23163610142 615.8951497069247
1012.3780046602351 -7246.828585701058
6290.8455512775145 -7318.019577443038
2867.4220284823696 -8916.6152151979
8186.277834344026 -3836.1007849292437
-2746.0804100395217 3063.0386543301775
-2372.5655787264395 3579.1842961035527
4581.7261525215235 -213.08765303209293
8914.896296283892 -4821.1582917962905
-540.2435459225435 4526.151263559257
-7268.521944825392 -1578.7091551397043
2494.8556693941846 463.5534196459412
4430.36392683096 -394.8639299169554
-4620.587498742674 2936.6259834507164
5531.7285978828095 -3886.4698436625968
5869.893840583984 -9020.93868831305
-4491.467897142778 9304.919464109356
-4628.250387746655 4845.8160101007215
9867.954716168122 -4708.009370795412
-1415.571680098792 3726.499892506534
85.72888247780975 -6317.325477241493
-7976.484892146432 996.3214967760778
-8873.6044183972 2814.0869264080175
6225.295402920867 -6876.634677378777
-6916.699709806953 4092.3244373124726
5052.316063639393 -7254.4993653412475
4897.92324489193 -2241.9391314499344
-5243.187184345282 6449.769049221421
-9831.07894255647 -2270.0800668888533
-4677.860227211745 3431.6068019043505
7737.0335366036525 4134.638168563693
7090.623505767351 2480.812511525788
3032.7990141483333 8715.049860294908
-3200.44864885449 1635.6812199308097
-9900.207739680487 -9486.027672130784
8885.273868222 7366.275432493971
-1243.1058769531537 7064.094091491654
278.6876323671495 8292.318411407152
6538.8623266383365 -229.0078124540687
-96.3447238345052 2210.7423301894505
855.283355960084 -8741.5470103846
7703.175516137759 4602.437028102366
3233.7342727172327 -2847.7130120962156
-7743.568098096838 1807.296724961583
-5436.208937312524 5110.866325777404
913.0985366253735 2701.1743861455143
7934.287752934084 9867.646175045651
1859.5796754595467 8977.900374169629
3957.01141229502 -5367.043940511551
-6354.860036810824 6034.037127845611
-7604.190723424169 -3590.614725392041
4434.158918540983 -6026.408668045371
-6529.14894882735 5607.114652838354
614.0218791650459 -8605.577079644776
2383.587966683939 8802.577008421158
-7623.546302965477 -6612.380791136862
-8591.288147905776 7565.863943099841
2503.367507663539 9575.651719802441
-4674.78195677151 -4010.680876710524
-6173.408063802668 8034.642935166838
-1990.5579523304586 -5118.191817406275
-9305.883786016671 6590.6162957687775
-9311.270046246096 1550.1570645500724
263.7800867291662 4249.123856808403
5655.180241781778 671.3120817154631
558.608171773516 -7587.809604274027
3164.6775135631924 -6034.209569586297
-6043.725120456092 8056.0265038073885
3797.216867109468 4215.017182158783
7148.470655745139 9187.510651808698
-6269.694786242042 -7377.808974498259
-8405.787900647143 6666.963287323579
6177.998029361244 -2401.6623219623325
2104.426971378907 -4120.736990056226
-1326.0794739963858 -2237.749428265989
5433.426984816311 -3245.0975312426644
2927.3967533573195 2275.0449886288698
-4383.845827023398 -8712.90798111285
1657.595213325445 -2412.914254029317
8278.38156601621 3960.5650772599674
5111.377316643913 -8742.92361101661
-7739.685694206604 2402.266888433169
-1103.6766929743972 -9289.868731450344
-6367.667794098197 3083.6362285096857
-5688.8224632369 -2366.311822000018
-5455.113335296831 -9951.277792687582
-7468.241880101083 7167.136344158938
7342.854593612115 -6588.083329862178
-5188.868431379643 -4876.918015313429
-7012.079410272456 8763.599332427311
-7721.34478922041 -3814.803777733302
-7929.142182800573 8641.538665556389
-9026.737302567737 1359.6212649355912
6558.838824078157 2870.4169197661595
-9577.85588236856 -6086.057327789594
-9088.791213028919 5841.3709984903035
-2623.23176333817 -380.22551284544716
2310.4161704493436 5697.9925853313525
243.95622124861802 9322.016944529048
1493.094017613821 2914.7373589770377
-5699.480093052207 -310.0983879570049
8029.5537854559225 -6101.758068751799
-7044.267400139204 -8538.050241302077
-3111.760108693611 -988.4233815727275
6126.710299097229 3579.0103810791516
-3265.02153268674 -6184.021435482201
-6782.463594510955 6306.577104256401
-5344.87726867863 -2655.8338747345233
5243.763581741434 6779.609002785499
6849.993982176813 1863.8408965456474
-1680.3041424793937 -3639.8879258485813
347.28787117097636 -5140.466004453397
9026.64090771278 -9220.220483837684
6878.399926158447 5855.473374222922
-8893.897764662795 1247.0001761825952
-3186.0934843995883 8221.686745474213
2472.662405032792 7529.598569369999
-1588.2836556923594 -749.9187748304666
1717.087922383782 2481.683854801351
-4379.306994249426 -9443.223994957933
4070.9724812789264 1565.0255717126074
-3704.1741217155204 5261.490391229445
-1769.9912654993204 622.4005399060807
-8080.691546426895 -1585.670085333586
-2516.2289277217706 492.389278340057
9785.16913081527 -7215.168416184226
-8724.342179919651 -1987.8652605206362
9093.375294970494 -6602.326310910913
-3382.559604883908 9536.593808802721
-6487.387679773417 -8906.022099978081
2708.6337257439045 5309.861754742706
4509.230365871992 7916.664503383807
-3338.312696789152 -9143.82975850728
2103.1141214634845 -4737.141043590181
-6590.2120220523975 -4984.811217474805
-7300.4635686419415 9515.866526450289
8674.82618408242 -6671.699701464773
7259.314194154835 -736.2218518290592
-9701.120308402236 -9810.460224793278
7307.882007218272 3231.2899157240736
293.3348655296177 3506.9339418273794
1147.1746154680986 -1304.1453505334484
-2364.4420632757156 1576.9899719437017
8122.491043183181 -3571.181444594631
-9856.201810956994 -6542.870370037721
-5090.207603020042 -9903.281896252536
2686.8004173725076 -8672.110532007771
4527.170966110507 -4422.545922774865
8535.370673086705 6168.737417607943
6137.509683945018 -1209.4174627570828
-9161.067378969328 6528.39231566104
-8302.380092691894 9410.498412854304
2010.8835049004883 4252.55677632255
-5877.548411893672 -7774.181943312724
-9767.649222653687 -9260.982142277837
871.2211652392725 -2072.201606339184
4334.716107584603 -7377.915300984175
6725.610056791396 755.1547620896708
-9002.924384330556 6745.374644891614
-9981.550844940126 -8307.814475231908
1495.562736525142 -9136.008817555574
7684.6008982166895 -7188.3689718841315
9167.262495350074 8724.161270244163
6244.0123630354865 -9126.776428728142
3302.2150969804497 -3999.5654792927835
-1809.7776504776357 -3566.5706234273366
-9647.21150917141 7027.58117769708
-3754.145273932605 -1508.598893117447
-849.5110963110528 1346.350374884476
-8440.064100039086 4090.7030038557314
-6753.95277914705 -6210.712583445353
6160.147361874955 7315.8850901172955
539.4158213537285 2164.836141495314
4836.396116633685 2767.537228932546
-1957.9266550342545 2554.9862036096547
-2879.610463134246 4868.963528600259
-2085.1675678453767 3823.754899162479
-3860.8463875338985 -3747.840196431098
9850.120513049333 140.8243545020141
7858.744687765 5990.307750721842
4418.4794735043815 -6843.312838318591
1597.6580528271043 -8411.471295848538
-7825.178603405425 -6077.315769575729
677.7406658367709 7414.1675930658785
4120.751187838352 -1268.6499024772656
-9306.31600062086 6642.420734546406
-9454.947753623072 2759.5120069322456
-7879.545791684277 3812.6343441920235
7315.209070735604 -9271.383234698134
3841.3072326223137 735.1497083581799
-8631.37312008486 4753.804252055048
-5332.693131269059 9758.092948821242
452.9857030577332 -3864.7478059758296
1032.5524145680247 -4701.965887238606
6090.945672640064 52.379067497540746
787.5988182397668 -2942.01167076652
3295.2106857850795 9953.496324442025
-4623.158925889741 -3499.258318834686
-4264.274500769785 -8109.448733300084
5673.902236223745 1915.0319472854535
-9138.42323635556 8130.61943201736
-9637.636094226336 -3193.361325500523
-4094.064844039729 -5917.152768721095
9987.441447322526 1365.9703346138085
2753.1729408015653 -7088.429339905597
4667.50085097696 -2591.7365992355944
7323.057889182353 -1836.629872069746
8942.58584449461 3452.0472278611687
7427.712658490502 6317.848711043291
-6649.585110358215 -1503.9477803292084
1982.8137564250192 -1621.043061230137
-941.4239502417186 574.2755230607236
-5994.724059762318 -7544.281546776836
-755.0544555171109 9313.443373464012
5.4573357536537515 -2261.7639499577917
-1093.3842402991395 486.6517290981501
9182.697597866318 -5643.103021904243
-6609.07361331792 -5048.517728602644
-2741.2160430879394 3319.721934790279
5180.444810026474 -5619.564160090953
1834.7214470202707 -3945.163707394877
8327.049416037975 1836.0528238927745
8831.96429122566 4042.0692344723593
-9581.471560572109 6512.614851204333
2880.0465159168944 5599.726926212634
-6925.593584253198 8860.863073212491
-1561.666231736419 9099.605340761256
-6294.020669866133 -5168.310618329301
-7009.607800386239 -284.65349154101386
3638.825535546388 -3880.6952007028794
8825.264255832273 -9733.724147548122
684.3424880343373 -2946.108061316201
-4279.294785745067 -4199.120764429862
7860.134842506261 8188.31758276777
-6730.762532247912 -3728.8784383220654
-5802.6328606728075 1642.9737552838578
-1361.3663355460321 1980.8313250601514
8436.472732323735 -6082.621059101246
-6765.748738720113 -7551.587745344661
1900.8881069966828 8146.680808391964
-9968.605196430442 906.1676317898145
-7048.22708290457 9675.745207105552
-7728.318880150373 3865.565666907847
-7835.055430642493 6343.0423849600065
3768.1595648568964 8009.791991236627
4734.5485017840165 -1988.9285247228945
1239.7174031695777 5131.974941041568
-5403.73939887437 8649.601895740889
9896.080890285466 9919.501082794985
-6623.900561917417 -1327.467849746692
-5079.485481571908 5091.865625454904
6509.210779889847 -4751.290421918315
-6451.913300167871 -6268.46815433526
8736.267420861575 -6048.430915327761
5113.164100984586 -395.68385812504675
-8326.600420218065 -3617.994851701429
9740.569743446715 2847.830302996026
7264.869817469687 -4706.609815407483
280.6267191700081 -9386.442455299395
2665.9726198129756 1267.2176446284902
6639.090261115718 80.16585016204772
4466.924327109902 3132.348295335938
6828.7426852353165 -5287.316629200567
3156.7940021033246 8090.399345445461
-5129.773773581281 3724.2169256767575
-7660.195843799369 -3095.682561497102
-7904.552602636101 9403.891810237936
-8545.392341537796 -5473.26931050877
5457.686949991581 7306.753163710404
5610.440026303202 -2810.800361127097
-5871.682691783908 -9741.614516837368
-8357.689764978133 -6756.991536551775
3960.820496954202 -1290.966162756191
5600.694346399279 6936.683733479316
8328.57149788693 -2820.9428372123593
3629.4592448351686 1834.952544476835
-6606.358725458595 -630.4417293612241
-4450.963169890368 3728.377629653376
6039.652413547834 -7030.919379769891
8450.145955292435 1652.451360660334
3502.4961740541366 9269.282517235846
6216.641674231507 29.44658019750932
5158.5114987114885 2409.535974230448
-9865.649369209617 4965.869883085357
8980.499646683056 8402.432467327195
-4393.964569825639 -6617.124484784124
-2152.273000319149 5049.193638881963
480.9109386135242 -5073.450597790376
4196.864889006869 -9563.959651897127
-8379.58357027072 -6500.515130481645
5426.573860668705 -90.41985706932428
-1939.7721560167283 7774.619773000941
7019.2455734749165 9261.323307024042
-8508.223166097225 -1803.176839467691
-4480.82536572354 5308.454533129927
-2225.17047956597 -8252.745277396329
9307.22766764024 4140.034169465334
-3194.0564531096397 -4859.939161744859
1537.8577263178759 2004.8146118970726
-7694.074798936348 2140.4847955406403
-3344.917053768042 -5851.091126467219
7952.671895141182 -8661.987314504519
9579.843109991332 -7131.435745045794
-8225.930354170836 -3022.2920820617974
4961.918524426766 -2374.666628669531
6828.911442832974 -2652.5907333774358
2815.383467514066 -2722.036407602346
-7057.9407274125015 2738.0084304921256
6407.342808093545 -2682.6432652434114
1623.3717342325162 -1861.4515716381438
-1554.5132943251701 3447.984507193065
-5711.802236612549 4597.417568116287
2410.7739937321458 -3058.8265958864167
-7489.490132541703 7575.446605798461
-2692.65771001123 6892.704410411741
-1721.9583861117753 636.2400940717489
6152.516133240395 -150.79406302690222
2082.0687332017933 8463.619297998663
-8794.422209054163 8224.852551566379
7162.758520027528 4465.566506461488
2234.7284491955015 5511.901211802377
-655.7114320178425 5118.609721353028
-1952.5281876732188 8495.644654582462
3632.224119987408 5726.1034225037765
-3939.5890213670473 4516.378745361828
-8891.082771776331 408.40022045787373
-139.75462625867294 5278.0217768912535
-7349.022680406208 2912.4417074811754
-9491.466427886375 -2214.9536864454003
-393.85682416479904 -5777.182154953715
3768.55896044385 -2303.5754371793637
5805.163444488215 7975.888546278726
-7516.566438763666 -9282.688449040177
-9852.419097082156 5323.075676331293
-8989.660154221418 -6393.773909661275
-5511.410231455596 7158.990325977349
-3083.396988089511 -2042.482913305772
-2332.5748133122916 3524.558480051739
4069.0637700657644 -2874.055501451505
3256.013870183164 7514.869696195397
798.9969860221518 -507.7841781068146
5969.907925553596 4165.989352200249
7000.618710524668 -274.62963309425504
-328.2030343496117 3564.5011424469467
4821.982387703663 -6220.076407789353
-1488.8226252964214 1818.0988987340843
-967.1286012221644 3072.71826164123
1982.0419258536112 3545.0512704304256
5205.0536014337085 -1383.5396928005775
4543.726826617709 5184.917969029011
6516.063575474356 6843.945914021173
-9061.656791561272 -297.59052237934156
3288.4435878863387 -4560.979166715238
9451.495684104713 150.82517013181132
3302.16743026165 -302.65119320066697
-2898.7287570771095 -7918.9679191659
5468.749939233248 -2227.9190992601407
3103.770120291505 -7073.528477324003
-5368.683661204037 -3383.4306878420102
-48.2789662373234 264.22691724477954
-8944.295291170532 9518.283622712923
5056.010892523333 -9753.297094308078
4603.441090078992 -9174.867223148956
138.24528399928568 2518.001338509197
-9371.788459699728 3797.41414188867
-9574.277459406809 -1426.3831927209594
-7686.757830062696 -6524.3513452346715
-8811.500430814258 6791.5995723963715
2467.7751856691793 -1963.4002028047835
5271.503606198856 9257.863448546996
6726.608177364313 -683.2125565144433
2012.9223974352135 3027.855500825108
-352.55082728098205 6014.855098056529
5303.392253057753 1611.3282448281534
-4623.379374703763 1541.1728661835314
6528.7790263999705 -8763.514214376553
5354.424774074972 -7434.906151571327
-3247.363953269566 844.3159533694834
6957.263100157299 4017.302588614437
1732.6902338923592 4783.442387366578
-975.6095345313315 1636.7427582927521
3229.010853407237 -7179.639492503829
-7107.042998659572 4108.627524809313
549.7708896437307 -6650.536435288668
865.7792142193248 -6577.928714749372
7393.813891418624 2581.7863998844914
-2037.9437109147602 4282.918071419277
-9212.49198142532 -4989.071458496428
7352.038000797504 -8750.631681394023
1276.6548516425228 8599.149340226617
-4947.579369301203 -4284.966533779255
-3477.5011182642766 -8103.838663424023
-4739.961744388083 3946.0910284012243
4064.1714616736317 9697.676536495295
4127.193264104884 2086.228124166855
3248.1738479085907 8870.29207275638
-3167.2483698931183 -5624.892597915372
-8811.206143037109 6613.835368172313
478.9093761666554 -3216.8866183315386
-6888.3681164037735 -298.1872336577944
-6355.677549702132 9847.161516568282
3545.68249466431 5135.152439776388
2350.061463779897 -8300.59432873066
1567.714477473006 -9836.057678939436
1745.6545663101915 -4887.318570776376
-9334.035877591023 -7223.587173864238
-7001.761018480006 843.5803024570159
-8221.564156754777 -7476.062421242104
5668.641710874148 -6363.937837157702
6674.394263033762 5945.3565803579
-2716.018888196425 6955.558741529996
8085.904306701694 -9126.538276428342
3867.1663819105943 7855.5396447954045
2859.5646180084186 9551.00633925508
-2140.546446151392 4335.554973762128
-5113.1477261303025 1753.1476368860094
-6827.009449292594 -5868.210583476483
5684.788469948582 -3992.2558597404386
1036.081759894625 -3911.795480551872
-7763.095231327099 -475.52639069995894
4844.661869716334 -6911.632089258573
-5932.218556122905 -4411.732738726344
7409.266565139653 8985.10302817552
4512.704682064574 942.0778310396763
9787.566877109337 1047.1272812694224
-5242.732123599511 -4921.455375244624
7318.301973868522 -5851.125702383318
3460.0323206248886 8379.637858726837
-4476.751237352197 -6738.276479974022
-365.3640360840218 6687.90015021796
6219.624475496164 6761.9022407785305
-8043.973779275218 -3837.559563144242
2486.1180627599097 -5347.653985126996
-6231.23476650677 -5832.650188149624
-9948.483217755525 3002.8399424809395
-186.35047823230525 9459.765338692589
-7774.319743121145 -1255.2067997682025
8052.155915045543 8089.3120799145145
5668.392828978927 -2585.9686279173166
7956.512589901933 -9809.79273615629
5092.409079972011 517.0199209634065
-4753.521754994878 7241.824612102333
-3577.2132220881203 8902.965300725424
2292.1823276350588 9393.0643745921
9985.383711860894 -6143.722861881986
-6734.3252926158675 8090.385532404089
-2026.8275783360432 8580.886112266751
3612.104208939165 -9481.085620996737
-6260.180596679934 9329.976302569601
4524.731603308444 9260.545160125192
4395.736770471718 7641.687463672159
4846.260173709337 -6907.493406111485
2732.618789263166 -7026.602912010449
5182.25399798712 2994.379490613088
-321.76354779281974 8484.2178053737
-7999.312621917059 -8798.906571175503
-5715.939515006032 -8202.63351216131
3104.9605852160857 -9466.040481585731
-5325.945398478695 7281.11462765688
-9894.01623429731 6261.322720770988
433.7604114693131 -3280.967412808577
8382.23087925135 3384.952919829311
-5405.406725723651 1197.3001688738295
504.9250093962037 -1482.1735695735879
-8330.978001483023 -1381.13883691696
5218.822913277956 -2586.5252812165336
7118.116530381758 -1538.7429093279552
807.3174472506216 6726.617146085129
-6816.294503451103 -1773.0238109803158
-966.1080828409722 -8270.685040681281
6193.176389977911 -5507.782696928405
3840.2108174968253 -9523.572540898898
-8754.259854694958 -4458.028049692771
-2405.5672269488923 9308.669992402953
-8385.258574557674 2286.3784212664887
-3078.3969842259266 -5398.885763453592
-7748.59608326129 9485.32008101275
-9988.729983952422 1309.4986948394944
9451.1579589885 -9734.718515981956
7785.747119132968 136.24840104289797
2044.4944315668836 3494.4978881102634
-7574.277500226843 2032.632165123743
3400.0637773435756 5789.472611154519
8488.20437424158 -8726.975090657563
-1921.4817002061154 -2242.037087247757
-5784.93246282751 6481.760151181017
-7848.614921666956 7540.570160104333
-6381.249735091116 -7237.39286786526
-7999.974684047424 -6204.903333048544
3544.92671903265 7475.418433495612
-7164.464780245754 -5025.1323414306735
-5849.727560992917 -2775.9601203765906
5231.2047755933145 2084.2453268352274
-3903.295968064528 -5735.896154167676
-4365.053865621587 8051.593030184085
-6748.222108291755 6808.84721250011
5129.880327542929 8441.98106581483
-4201.8064392037195 -394.3572038119528
-362.9479754556651 -4561.047546883136
-4606.362692730883 -1324.5505681308787
-5694.98071264058 -143.29251250473135
1385.4896328591603 7251.931774536184
5006.856945241447 -5598.918396367705
5073.186787500166 8726.515238740616
-9334.11656122687 -4520.2601547860395
-2375.6810765205128 -3199.8119220348344
1557.2042500176867 -9430.970206649221
-3511.1757431156684 -6937.616394343546
782.9517026663652 -6523.026177721203
-4981.077536819329 7861.817467856512
-1205.1239186571456 -9201.096224461739
490.70780847119386 -8396.331778176964
-5861.270667581502 9444.284437641767
6836.609003466812 -9497.957198843404
7520.652353656933 7320.293003871047
136.19670777919782 3336.1830776285497
-9153.41868326251 7089.7606554399645
-2723.8888918547354 -6096.595030252478
8061.442360561279 -3621.8955398862263
-8821.84829343682 7631.302794977124
415.70330770033434 6885.920094360768
-392.13770160304193 -9793.73515822478
5212.628736183411 -429.0704207866529
8814.220929553438 -8905.108946089082
-5859.638652375903 3395.0110543907813
8114.323489104652 -4520.564728677982
-5031.262650791897 1089.0700471423988
7025.238863871302 4397.913255149979
-1308.4739195461934 6970.542233591808
-7341.516547823725 -5225.935729310414
-6879.436826149256 -944.6524668075435
1830.858902774562 -1458.1286116191113
3489.0233335573157 -9461.847134106996
9708.659011176067 3213.893196273055
796.8759980668947 -5828.180785332726
-5209.447811155865 -4987.830055644922
-567.6751815375555 7158.957245043286
8647.716871780161 75.0195359541467
7028.833480076613 3875.5296691060485
-1921.9146893500929 9272.552777778757
-8431.88828572577 9078.483071235602
-2805.1537803637075 -2191.716172342686
-6584.780695978634 -4793.5827333032385
7457.617495622533 -7946.27442949181
-6727.274803447259 3964.3299859549516
-5231.994370727973 -7042.58836189873
-9033.357560506005 -5409.491232746828
-5510.4723820050185 -2110.704691629592
-5472.360791413242 9035.676225223655
7615.166114062271 -9073.970017621708
4206.811232446038 -2258.48317285138
-5705.893848889061 -4647.853363470478
1866.0729651108068 8787.75364731963
4542.480268399706 1546.6877722891422
2609.0172891315615 7883.97307749894
-9798.76644116521 -1555.6148343858185
-7431.1291141913325 7014.418916129631
-2932.4999228630186 7404.999227031203
4445.944817742811 -4498.97883525765
1614.1658012339103 3593.968040561187
-9312.221673501503 8831.946609642768
-7174.433064055003 -8127.953460309854
3130.9381542225838 -2190.009357008682
6415.56320141755 1711.1510993327647
-2525.7697744817606 -6592.832882636843
-3942.497432867777 -1201.849548668426
-8871.151051638435 1168.8777484319799
-5756.127231121364 -242.12542740976642
-6208.214049410326 3093.0740530656476
-5993.277860604809 821.1517316654554
1514.5863489339554 -5383.136071075874
-8031.7954524404995 -8716.789756017759
-2909.6691090531704 -324.9689497806921
-6946.1018729665375 -1757.6891230247547
-7742.498650265608 7751.988473322548
7689.812232999466 378.00558218699734
520.1689902988255 3430.6941728406873
-6582.704825982022 -4577.032912866337
3309.7219297469583 -8850.892843245958
4598.316391611124 8501.833608263569
6764.1355570978885 -4293.215571538469
-3753.0938624261953 6655.072028035578
1576.5691062280275 2521.2548854985944
1010.78276161742 -1364.6125632813
-5834.150667723712 -9284.171148852842
1940.5112157938893 8458.72141086496
-6152.8168000792775 6827.547982999349
-2078.2067763616797 -3788.560272261643
-2267.7637198332604 7255.997339681144
3509.7866086545764 259.8194150475465
-7236.529089338428 3530.738885243467
392.62326156368545 -8722.512637461004
-7411.558152404179 -3942.8392776016663
3824.584467937868 400.99168473711507
5905.515466607407 -792.4433481357228
4107.658584317904 -8656.785456702044
-7536.7365881930655 3456.29470058438
-9436.485391255299 9438.876114234256
3071.5641706333627 8714.955448938403
3426.170540605808 -634.105519393639
783.2248776087617 -2894.646199180622
7698.949589092623 -2319.0831620597783
1830.7193648643151 -6884.604381856842
2257.58016602482 -3673.1468158508205
-3046.5827532097164 4414.741329288236
7344.577520806033 -1085.218449463564
-3573.5384089830122 7564.2855977239815
-5911.665780076938 -7147.873900619701
5403.234123744116 -564.4994984833265
-9206.372950586989 -2716.4642313690465
109.12754024801689 -2637.2988857014625
2488.513067610469 -669.5726193931223
-24.8759568117257 -1116.6503886883584
-7424.103236127655 -740.3113538672751
-4024.5327511516034 5378.51929867881
-1573.6947608032697 8981.558519937396
1234.4836665448802 -6992.30837222855
6361.703192043511 7671.24708383888
-3606.5937372765247 -960.9180904363438
-4281.5355026504685 -6671.618960109166
9278.820438388488 2008.7143786218785
-3459.121400358018 -267.110681771228
-3909.8596437571878 -9901.482579332313
-9055.119182020077 -5474.518689774132
-375.6916975122567 -6294.284863989381
4304.944818533168 -3964.6024388293745
8981.6809288068 5382.848225079522
-844.6139664685797 3997.645789288281
-5252.141636669545 3159.770084353082
2060.5834442596806 -7553.537485337716
3821.985072213696 -8283.996377293037
1696.9218175893966 1841.279369795364
8862.835990271251 -46.125709276753696
-4997.4682421009 -8124.006479140997
-1250.2129089305363 3229.86618570662
7489.191803568636 -3558.114125586382
8506.539842692608 -6166.323617327098
-6325.973648725367 -2140.9488051766702
-188.7376599197778 4261.478873278105
-5923.070162467628 8760.738463665315
-3482.4192791823143 -5588.063614806436
6342.919191255907 -3090.462656668702
-6463.354028077423 6040.531997058404
-213.10203773797912 -9256.134292957226
-8018.7286007709345 5639.826004321243
5021.597787927054 1597.757974088674
8648.929561916153 370.26172983332253
3317.7522421070007 -7693.524731586943
3721.163410580837 748.2026403189593
3958.822132418747 -8695.009824622008
6982.766100809087 -1495.1223803261219
-7909.10982525451 -3654.0568082339205
-85.15135791932698 8361.977461018472
-5568.385311458681 -7391.826114103502
8691.703192656925 8426.653037388704
5690.41139188618 6236.492675539837
1412.155602753266 5490.705092965822
4665.324895700747 6247.85858974773
1821.8700317224993 8725.794976319059
5720.315378819898 -4741.313105691332
-8666.138348671197 -1901.4830999201358
-1290.0108809614048 -7367.475980804176
-8669.752020844788 2286.2254932397736
8407.057931073115 -7583.13830678083
-1470.9500003133999 -5043.4714632877185
-6898.882213921101 -7167.59465281982
7625.643011808341 -2019.607747525989
1275.597677664473 4097.621968901654
-2530.770347546263 5480.838827435029
-4866.970993304616 7015.943889350521
-289.50998703562254 -6423.7593890031985
-9772.949634097205 -3977.4725867698253
-7842.645898765483 -2740.7453162427855
-8427.142713561849 -2718.0111197632887
3001.611200640553 -1940.531866097721
8346.081194146413 4948.094562902796
-3370.14530110354 -6030.144019146428
1643.3606533467046 6840.879240928938
-3091.9450620457183 -3425.8136215826207
2766.1586989152 -5433.76349012154
9629.812462448092 -605.4641504354931
-6897.348917001796 -7502.4769947329605
-7755.859053489074 6185.116349266569
920.7949693454484 -4941.732039299851
6029.407028710826 -1769.3659679597622
5248.975267208103 -7610.391462678901
-6444.1676441592135 -4335.556493348343
2508.8952483441335 -9244.402553224507
-7420.252115131261 9403.790262627124
7678.668077934617 -4065.9364319656424
6438.566719323804 7506.452918198396
8502.346610815956 5360.238993004594
566.2312174584858 -7414.852011644332
8625.404132676504 7934.894246659525
4924.663598408251 5373.075949563527
3523.9662451222794 -821.7425527660907
-7052.466388640723 -6383.976977335451
-8291.125567724477 3805.5224700338204
-981.5601975193949 -4826.532256050485
-7076.063207028879 -2180.7173908533614
8556.377746706476 -456.83002008243966
4921.0130303782735 -2141.2440795020557
7457.15450555284 -7019.255349953555
882.8524031412417 -3184.7902116644746
-9059.812565235172 -1032.2280378045307
-9322.106298077031 -8382.496735948536
5775.906535439275 -2010.9969161775407
869.5025072046228 -8388.78149709856
-5580.238372744732 8411.273083886215
-9234.571426548398 -5900.628825276013
4754.615742343949 -6286.2514633525725
-5218.486454616709 7382.225309195917
4944.091147670599 -9598.818459270364
5006.991215810527 -8971.73735969963
-674.7926847364324 5638.856066159597
2096.982654250547 8127.90590131811
-1680.556840285959 -6020.030485637293
7481.0843901225235 4926.098761252984
-6982.874858325794 8513.189641255372
5365.2162428435895 9499.405302204941
3390.836078314638 -6659.805212199181
9117.186421487459 -6962.201749831149
8019.303956754371 1500.0054029023358
3364.7100020949856 4810.860109054012
2754.0354517831747 5288.966041564336
497.8935600740315 -4957.372246183624
-4063.2842022117256 -5617.738109181143
8256.488191533153 -1311.1354210716781
8576.190987365211 -8755.120760916603
-6304.513209369899 7505.060036360068
9319.62930168695 -6973.03546710539
8060.928168334885 7812.99691769011
-3896.7617547909203 -5529.449203619534
6971.047751642975 7018.2532948796215
-956.3096422746858 -2688.332403593052
786.198880527747 -6799.4625908987
2432.1990310853907 8243.870027280409
1164.2482018637093 8993.287900643696
7618.965186630248 9716.25955680295
-8463.56741609718 -6511.499441309327
3126.4928370050147 -4328.9006096317735
1601.9387385080936 -5952.724523577533
-6493.941022522289 -2216.84297974696
8927.761335656276 -6333.894114320465
4252.396191292641 6844.94219772362
4353.660757813443 -1056.527420024211
6517.441467779237 -1350.9687814049394
2140.3370772854123 8710.815647042094
-7585.234305469945 4050.7100369427844
-9337.792488724415 -5963.477900360314
-617.8974180061996 -1148.8070420672939
4934.463730513771 6581.058017516192
-9629.84361248024 -9276.292668697562
-1622.641006696802 -5824.057139769317
5551.663106346077 7611.762274681438
-2041.0340697761594 18.767436907670344
-9204.544152956976 4860.962756379075
4220.915768555762 -4978.998874984877
-1673.9366338244836 6802.741676780017
5679.920881021013 1614.8658639105033
5790.16103620309 2590.4334316403692
-4288.842780239588 -8279.921021466655
-8623.039006826686 5795.130399731603
9257.870957861534 1590.8033857524642
-5309.57469132667 2600.801919566864
-3425.1541029931086 1907.6737230607305
5746.955235302021 -5604.812918701463
1701.6556073087104 -7250.705709147787
-2227.0064960672407 7134.9944840183525
-5525.090441208096 -27.85329923748577
-6597.232742372757 -7929.014413916322
-3373.028621835072 -7952.63816160876
8427.159238331256 250.5461538326963
4881.92035063794 -5452.648348989102
-7579.496725412382 -3327.629063212421
6947.801171241237 -6755.1717209786675
1372.8600938927102 9049.936722034709
9917.496006035355 6181.261759979405
-6118.8824060312145 847.4533778518526
-5171.177419906679 -9918.635298284486
-496.9544452435257 -1415.978710508025
-4002.246606619613 7134.725362971374
5554.209416653317 9358.758108102458
-773.0679088511934 -5564.768252446519
6928.43264810734 -3868.319771546793
-895.0677098878114 -9736.525029972785
2448.2750917722296 -4497.839487535402
-7649.995001167206 -1083.1630586795927
802.7830964130953 5558.819178351818
-8484.678355127522 -1063.4895144410111
-694.4618025640175 -168.27303743965422
1361.0160321991807 -1649.7735803233554
-493.17963491306546 -2540.1639483051276
8811.605165809611 -5056.013790059919
5119.4843620769825 -606.4097287973309
-3344.3557260349953 9595.647982648097
9768.914898964202 5784.683427245929
1007.7619231177687 6347.724132926331
4753.2304981504785 671.9835958872245
-6958.5053299757055 -5833.703160304506
300.66323327968166 6654.654782215999
-3385.3670075198243 2227.479083522825
-2263.156408691476 -5549.4433391108
-4852.950273439296 -6907.618873876063
-5474.516836941208 70.0147450325585
-6525.704957086533 6276.082269486225
9321.743634177099 -4207.897883619893
3388.4877161489494 8485.623478474161
-21.647704263274136 212.5977970872591
-4808.6491473991555 6196.584151716925
-6129.690724881873 -2660.1890132114268
1822.4829271152394 -8742.672749005029
-3045.186189953468 5046.507376949623
-3010.7266651256177 854.5269120211378
-4341.185934416046 9143.190838272938
-5786.879149720346 -556.8642682211193
-6012.6257872071865 920.031619808753
9819.920955549569 -7861.533881607245
-2828.180225938543 3211.7648724716128
-358.9524373589975 -3412.399427303357
2727.4212378888114 2871.906940572224
-3445.646773843001 -6518.127110623685
9966.145262481761 5999.679764946171
3982.98068869742 4641.694199211983
9810.781463867064 -3654.9481971396754
-916.931524388956 -8000.466073513213
8182.547078847587 7024.3465649592035
8589.707606462554 -9173.615946660058
8285.044155113748 -8989.10541924421
153.79303189528218 6191.583249444906
9783.222066315484 -3177.761250288405
2490.693659510687 -7084.603567715569
-3823.2149408600117 2407.426945255569
8774.941483107083 6168.280470006304
-4406.727536178288 -7555.023928981964
9453.428277284762 -7609.703134273292
-5223.201365264785 2094.095804437049
3012.876702406278 8348.669886178093
1224.2475237793824 -6301.185437744918
6225.63042389614 9921.006300638466
4221.478254768686 2026.6722328310789
9011.0957137097 1586.2413420771863
1957.8888599021266 -1669.330295567117
-6711.557083222133 2624.8870401370477
-1051.5368597144734 3855.212654188377
59.46069494486983 6674.715661329865
-4331.790803098863 9363.79863265454
4448.734800246048 7557.511595780372
-9395.322884462976 8848.243113539429
4541.606411111097 -3812.9156090479173
-6139.975566458101 -7213.734151383244
6598.643848528463 888.2509330164921
-9015.11505586273 9146.285926048047
-3411.3537948181083 6601.025620528628
-4097.934736459636 8795.315191171936
5970.477042210625 7213.801676684667
-7421.107620932795 6047.85938954704
8267.301729620849 -336.1793037525367
6532.79556735386 4800.777746011821
2215.0997515538056 -1537.2253998202323
9305.511961427845 6031.074765639347
7130.57988764943 -5050.099401846806
1717.058901963328 3390.6362113186115
-3368.0654001208495 6844.4766311638705
5011.423531884371 -9786.050853687442
7959.125594305813 564.1409887230238
-7068.3183571933305 3461.8725692230237
5878.697313205288 1295.0037800536993
2313.050744644781 -2043.4310092254009
-7478.627216647916 -6055.962765673396
4958.156340133939 -2280.276396771197
-2511.0057453761383 1873.7758830632556
9359.579716694217 -9691.778987692442
-3819.379965105354 9713.878258661538
7260.527436444907 -5251.527845475599
8525.906416403028 -8436.364814609753
7095.248105674371 4002.6208785106573
5177.151908670601 -3455.9490232392727
4026.611102918383 -1143.1077501580075
-6300.316474778023 9927.634440919264
4599.023149536879 -8295.638677887431
-6586.461830682036 9968.593721628524
-7049.333277866219 5901.481507214241
-5722.325327345617 -1924.362700911648
-4920.200803465673 9209.705506364138
-7428.770246591809 -6885.872419118727
7835.651327959586 -1709.400600676223
4114.622255547549 9393.863062791264
-9894.761525915845 -4695.146946355509
-5613.421848870763 2293.290462948449
5093.175572990403 7372.640459459071
-5868.559576991188 5490.490094300134
-5357.622272546345 -5015.198547952186
8914.404651989884 -584.2041933357305
-780.7052304185436 -3588.637351100594
1570.6040695879383 1810.4539763944013
-9511.871201861875 1735.9253312005749
7607.243892259357 -1829.7519446250335
-2675.7522365906143 2351.502801963228
-4643.72282904079 -7627.44395321477
667.7956238687384 -414.5957803081219
5038.383236129748 -4070.1719822935247
7794.285381246806 -422.20256960833285
-6112.701395923448 8082.012899591595
-7620.264716912663 -9379.378575621637
-1903.1699720925108 8334.986941640269
3163.694506356971 -6129.462325942388
-3408.8417285810892 8071.572157712068
1064.2842247202407 -1318.3447437852283
6482.326012047262 8506.263467123383
2275.159076161184 -239.21750887497547
-4432.918477712377 8524.31303990792
3175.0807333553457 4929.9970147889435
3328.5336567655286 -2159.6465078247547
1806.5722512239354 -511.6433605253151
-1353.6493325405627 -1568.7320957107713
-9769.098954635716 -4003.3951137281983
9782.523959848313 342.5582935882703
-7757.5698276392795 6765.7514330449885
197.98858370273774 -3263.02371152617
1726.1409111319808 -9587.558571005467
-7631.312656853382 -2551.267854500281
-1632.068163285201 3551.0671928677493
1007.9288831238518 -9673.89073276143
-521.937149843965 -5975.406480437679
6965.192893037303 5289.859992338175
9363.90552582977 3033.1056906928407
3559.7948126303672 -2695.7209248002337
-9011.062533088836 101.12317877489113
-1778.8784233436727 1352.3835882015537
8580.695704295842 -2968.2498361228227
-5954.581339952667 5026.166003889421
-5598.798392561454 -5172.240077819443
8242.398840193866 -7512.59259577197
-1930.8758835258732 -8983.244942488276
7433.218318743617 -2675.9172638294167
2623.7591913578854 -6100.43765808002
-6625.350314139279 1221.9052492142328
-2053.3405530883856 -5051.937640151993
-3077.4370636840677 -9609.895299908716
9207.548542343346 910.6784891610514
-7088.895534963813 -7674.946310364399
5676.917765613121 3140.784419379619
-5887.7510814522575 1764.8894363410636
3548.505479028223 3245.32486616566
-1446.3231549208958 6582.818429729759
5340.615755819015 1357.9631060944484
-8788.787299239058 1886.3089420495708
7996.039879903419 6173.113746301375
-1544.6579616994404 -6266.083093422858
1976.1035648150119 4334.241777986026
1619.6037929516715 2651.0234985208917
-5554.842184604751 -9148.153902158581
-5328.062802385094 1520.28191973518
1067.6065769918077 -8066.431889021608
208.34495786304615 2442.119008492109
2990.350089931433 6940.907131434906
-2148.488081644122 2805.15387169709
-1740.7064380506763 -2855.9457304251227
9625.30436949062 -7924.065288617961
-9780.627418341677 -4471.624064362085
7989.352687925431 7711.925693673475
9373.30034785168 4113.1254403954445
3956.2031839062947 -8878.79654886974
-274.95258174315677 3074.984879282798
-4923.1948005513805 -7263.139864647636
-4190.164735487192 -573.9318442598469
6068.383220884936 9043.63270619687
-7586.798117141696 -7921.950367192114
-1527.9793937237737 3788.8155630764522
5407.489694965929 4831.12030719108
-34.43510625814815 -9370.950102572388
-815.1209941091893 -841.5083707549111
8820.751272636295 -4890.906462406108
-6158.124639363161 4614.212935285801
4481.710698133933 -9861.761753796161
3570.9380779618896 -3725.91441109513
1355.320458148477 -8975.460005515426
-3359.279231417382 5826.5001818450055
-357.8683011984449 3646.584463407791
6897.174718271297 -4237.951286950325
-5600.109849602173 2487.0244742892373
6893.546508764619 -5432.206995582902
2019.9494937833842 -5978.332031110289
-6441.916945003568 4914.10521367661
-8089.847175613471 -4647.579864265042
-1265.9572598908435 -3470.970685867951
-9583.952034162598 7991.914561095007
-1022.6173514014699 787.1396554565563
-6124.427613858574 -7647.790255857573
1673.2824114046016 -5003.098648166298
8190.635198215688 9759.437829038714
7833.443592339696 952.5797804963058
3412.2981421448785 -4289.152330022436
-4138.116427989707 4523.7650661674215
-6425.458629135623 610.1970377382477
-4872.276370726094 -9112.38322145874
4374.879585064249 2361.992509808417
3359.255957553738 3465.9602061077094
-5711.621174350767 -1025.4065618127206
7674.351167036835 -6288.597667819249
8314.901516110778 8716.747666198906
-4511.948684932443 -6406.339323803744
7797.68847755051 391.63119978429677
8588.975033243438 -7030.663192827127
-5385.327192067204 6937.025243858352
1351.9423709414787 -24.61389785078245
-6467.803474746663 1829.7674494960083
-7644.994236890248 4168.5824040211955
-7375.91599296272 -332.83580892085956
7594.8598899188 9340.29311202294
8397.308469297994 -182.4225333423219
3045.3771597233354 -4232.081527859073
-371.23306936690096 5176.922365118116
4479.807215082952 -9878.620782252172
1905.9639441813833 -3162.6412273676087
-6722.053488920516 5325.069375479776
-6522.322135610714 9868.973301542479
-1634.6193060176156 2382.715567045434
-7741.021968530368 -4565.200580826719
6482.666525644363 1504.6270283143185
3698.2269361771796 -9895.969802583568
-4341.8791057310145 -9166.160188589274
9701.994497464075 4497.837940001084
-9941.353970542268 7649.696254912891
9927.086150137504 -9703.28120135904
8318.81779859182 -865.565848140297
-1512.8262087401254 7157.833861941668
-8000.767960498491 7620.382856611668
1484.7907585257599 9235.330791031392
-3999.1031807275676 8692.406844114103
-6232.2556240165495 4766.180263449449
-1436.7698926647045 -397.7461189005244
-3077.730415079134 -8421.424637868455
4899.009567561476 -9841.488089321883
-5246.461112056584 -3600.5184018019
-4429.602515123974 8587.894596817907
7367.418529215578 6482.462470500079
8385.954578875237 820.623106304698
455.6414613070301 -1653.5814141903174
899.3228770790192 -6765.3153362734365
-7500.144896852199 310.43355231692476
-483.9461340372527 6100.795245178646
-651.7258794638165 -6970.571695213208
765.8292705485601 7801.91934444453
2981.963607431373 -4620.127841035922
-9526.891435748894 8358.227297186299
9276.039190463369 1814.3253130323592
7360.015539986252 4870.404654517162
8174.371928489247 -8301.885423234562
-958.9403096686947 -8798.733230901636
8934.654417926751 1160.9852254992056
420.06780807561336 9547.644994250324
-7036.028795024589 -6358.911100773603
7175.481301145726 -7488.434543301046
7253.2949236241875 6568.2179154584555
320.96207216399125 861.7517138263502
-7467.3867673876 8527.704838132093
1754.0235811776947 4383.522954443508
2006.6722706059409 -6234.0418235717625
5256.18564607326 1047.1999458289465
-1105.397629039675 9043.122296810147
-7416.057765087411 3182.1350122244185
3984.975645913697 -8392.11016461912
-9909.400920588043 -1574.446932817018
-1968.881242204725 -3535.9809452341433
7744.828582627088 -2077.622983649032
8049.800822425586 6117.641734094477
9462.568933940936 -5415.714150073328
1449.680505004686 6638.988120193124
-8655.32847863044 -9826.753610155043
-2595.8136160148215 141.66605583739874
-7286.510645925111 -8443.175082235924
996.7880891768182 5677.185844627047
-6232.626949242781 3689.585397473442
-7595.110711626465 -1938.0636288296764
3222.8247482228144 -293.06198514978496
751.8632301519301 7298.357034904791
9489.846886325293 6974.815154165823
245.02327451572637 -9978.417712446308
-273.2071408457414 -7979.407359092293
4830.613698794934 8797.36158396773
2546.819028833219 -3022.2990188678777
6835.177436331363 -4883.408927000605
2198.8147286415206 -4491.591742441754
4925.943350802903 7576.329600729488
4721.459663251502 -2873.7235189373296
-2788.845884160187 8006.694181535866
9869.860222296269 -4578.1641179987755
-3585.457744925733 5197.566431299068
-3460.0298267825956 7902.050798062737
-4203.562969569719 -1601.4266279378317
3966.809212351356 -7013.826373296319
-3142.7310881159246 -9089.664703158272
6148.250919392853 -6842.375205425382
2847.5226774313887 -2145.4963966978476
-7253.04604493747 2353.5619850117837
5721.461068519935 1604.6444537964708
6148.771630361769 -9619.161624233446
8410.239192923902 -6620.439607111466
1406.7724462354963 -2520.9303434777876
9153.292343029381 145.15691597801379
-6524.224134046959 -1891.4209850223006
-9884.824573870046 -7759.482385026924
-5556.908115946207 4623.001046136722
-1371.6943496963486 -961.6454383347736
2386.9361862199603 -1306.6291205220605
6140.346045450204 7469.558507009497
3044.7691914923253 1182.5506847644865
-2691.7571236771655 1386.079880610465
5649.592827066834 -374.12673097281004
-330.7814332738926 -1494.0725007669316
-4906.982586753325 6555.9266158872815
-7067.701930502979 -3921.421607613429
3999.695346974211 1616.4129818994807
-3827.773221305768 6428.645786495112
-9651.504448268377 -4257.92798073445
1070.9238767296756 9180.167524203396
8951.576022499947 6638.671721264211
-160.1048848947121 8233.415722778944
8403.294680392442 -8620.896311266608
7570.3055291276 -1539.340699052591
9036.676096135263 4138.661948274965
495.69978957931744 -393.15931665420067
1975.937749870809 -5075.399639349194
4015.637916436619 3025.658910285869
-5450.645600748984 -1387.893516694583
7316.790497611637 651.0847297791915
-6872.473329673075 2680.8581688566683
-4958.674133419827 4998.863962391795
877.8999007482944 6753.3530265085865
-9309.301349187386 4012.0946995627764
-5022.846957621543 -2631.7545223672023
1316.231695485836 5209.4944047466015
-4501.125425095384 -2621.0532032456713
-1463.8403269138344 9864.513972843317
6494.702990714024 -9050.225184442628
7032.09833921563 -162.03058208522998
-1287.089029749508 -7671.014841447625
-1583.8349579711958 -2793.589610997802
-7050.821417682118 -589.9780734161286
5723.270196434178 9972.965574084159
-6799.909872090413 -8450.615560438413
1771.383079148285 5916.940860164601
9590.665240282331 -4808.483037207183
3245.8389501492784 1032.974223394076
2473.0252743184938 -9441.826281415637
-8397.937466944097 9030.085436070982
-8855.938176308455 7991.729639513829
1744.3360497241247 -5994.511931492066
3305.7741055387723 3498.952790192676
-73.45411070902082 -322.43512622190974
-5307.293788179499 9623.774420346512
-6565.898940753303 -4543.06376644285
2216.7082173210656 9984.62863884979
6344.521799127564 2154.0796820205524
8530.019172608754 3643.964556323497
-1972.5505095934977 -1733.498188773363
-8916.540929133082 8934.56449943033
-5966.860462291601 1557.9803723635796
4557.286985688936 5449.3334471519465
2631.760236255868 -9963.065511414032
1968.0739658312777 7608.256880084024
4504.10490007816 -8539.490281801607
-3194.2829261761353 3548.252297788411
7947.617697900081 -8864.50403927308
6230.498281267446 -961.3234385032792
-2550.106292505503 4056.72988295482
-6339.118400397488 -2292.727179915403
9595.123505087166 9318.155054148167
8008.513730767187 6068.388799482418
7007.197415205683 -7748.734765195395
-3632.319251948704 -5322.692587529956
8396.50800535838 2890.1581990072955
7142.256790113166 -4808.41796056263
-9234.270009472382 -1868.0139228062844
1393.9482516031276 7202.287339326562
8443.167002554714 9356.104242121484
-8378.556681593825 8405.132439530556
-7149.475291487808 7284.753830675974
9230.824768604638 7013.414770287502
6775.245723701755 1512.6470046628056
4633.421891856515 6271.823527383593
7405.838560145545 -6597.6418892073325
7208.023012908499 7512.131766758164
3501.8962401263016 -2063.0548113020004
-3709.817681763144 398.85022426531214
-6191.205440503989 2640.7681746214657
-1097.8887111874337 -3155.0587016116797
6190.335835256728 -176.00519156406517
-4887.5550195701335 -1465.2670309465702
-59.11484182002641 -7824.178716876153
-2284.0605220956922 7073.193094991904
7351.828223623732 -8874.040869027278
-651.0462482224848 -9512.238509766272
-5154.537267771453 2413.479243599453
7207.331896898158 -9859.031626436368
-1147.288015730399 3946.6287692002534
-6790.8981430443 8069.098577549146
-2900.6606933578687 7306.771656063091
-4254.826095755168 -3655.8140683576703
-7921.3939893019 -3855.8675749022523
-1912.9903042091682 -2736.331085001154
-9773.37538804039 -7767.44480929818
-1928.9849645275044 -3995.9493173394912
-2320.090662972687 -6904.976673520054
-6144.815847246407 5831.952746975214
1482.9268733033223 -6118.78974855157
1344.3150980040518 -9952.024083784932
3726.7306559071894 -9427.129948939908
-9694.116971093541 -5454.185643377956
5338.033654309331 1612.404203817243
-1750.5420574386862 201.09991186381558
-3898.6388374261187 694.4721615414492
-6181.68960625002 5261.4888534921665
-2014.7880914463403 4730.04386314295
-5257.341701180878 -5508.476131954017
9956.424103451605 7886.829494607078
-670.2366354995265 4032.852332204584
-5794.760654522395 -4870.458496014753
5016.884455269161 8772.39430792879
6066.823157336008 6827.988060719028
2688.86519995251 2468.099644237396
2913.2980677841533 -229.47978391612378
-8737.074401776366 9963.957668836269
-9096.387254231446 -685.1135197865569
-6531.003277203072 5532.955291591492
2716.8570414349397 2428.0848047777436
-9195.273559093064 -8281.289315902672
4257.920596274607 -7988.670362106914
-6679.936509254818 -996.4563783878348
3812.6604971398865 -824.2187699478836
-1812.8887479570603 -1787.2306534139898
3243.039247575336 2029.217802940515
9936.713561551405 -5227.959595563425
7550.958808246978 -2946.6296649072947
-5205.968611219827 -3233.4141257562624
-3497.178858217083 2296.1476145521447
1721.1386529229549 -2791.765196425109
-4.903291249915128 -9627.457118175795
3575.449651677358 4998.135423775349
7454.495631816892 3662.5172034300085
-6781.422136252351 -1219.8784140812022
804.589286846247 -5886.302975047905
-8539.004582419971 3211.6979494951047
-9605.96654065722 -4298.739954829911
6403.654820477452 -1863.3436930244816
-6230.191484624274 -1133.095801096013
7038.51146770288 7725.363361013773
8292.18671722566 -6846.671360186873
-2104.335118100569 -1144.2118977853715
-9673.592672690815 -3229.8054670326446
6075.618867156338 5840.377181104381
6109.328510695244 -27.945747275492977
-2819.052412529495 -7939.096434616142
2377.6041466269417 -7101.725194990354
2462.4236444526778 -1844.5372449468887
-1542.7866723306124 7919.511112638145
5920.46023738871 -8891.194565610484
5752.4535416500585 1554.8164565769657
7153.49028612562 -1070.762936178644
-4564.210664021602 -8331.993019305799
3420.685256380126 -8447.654292482232
628.2290404121668 -8078.5689989059465
2687.211904474858 -9806.156771684851
-4526.81712712103 7359.82386694556
8345.987974432257 -5419.155191792118
245.04094391112085 -7483.541423955579
5860.691811768231 -9677.063722390822
-1003.0179767366426 6578.337513685496
-8249.441182442497 -2858.5822377418153
4240.818306073204 8916.698146724248
-3861.7266375413046 2757.132900457771
1764.9453634055062 2683.6386770133377
1508.0587769916765 -3055.6656136841866
-2065.2278951838525 -5804.798612841393
-7628.166756216282 -4409.939290141209
-8316.74423689604 -8534.219793369371
3217.0945503190196 5555.535792635588
3887.476670659127 -3471.744979516662
5410.9695628745685 7718.126829711193
-2059.5467793212556 -6931.222425355448
7660.649226474456 7779.4370401796805
-2934.3194141869053 -6575.32114021248
-818.7921916414525 2257.1322436237897
6285.162600368489 7138.484618196904
-102.40673101327411 -9464.86429615404
-60.01662485841916 7030.564182708302
-2191.653055126648 -7071.142473631125
-724.2528826588787 -1852.5268102232358
-9935.599373668041 9429.153956722614
-1156.502602436014 -37.42762079597924
1367.0757220223259 -5879.256731205571
5330.008655270873 -7149.961072930162
-9034.806915366502 6227.839450586487
7919.619785397328 -3877.0712124014326
-2168.0198849146955 -9678.208736276654
5403.06561268324 -3179.54218711076
-7471.755602899877 -4567.4502416779
-8012.95707008314 -4050.7735570834093
3809.069445816427 5637.814084990154
-8878.47525633926 2027.6209524470378
8207.058513753425 3160.74402435113
4650.123741271525 552.1718213817967
-8374.056260228695 -910.8499625646
-6797.918883621849 2399.1723875229127
-6595.84402096623 6536.108225876993
2982.7427142320357 4194.394606666943
5358.728527390453 -3606.0209923764814
3982.6645922109965 -671.729032709989
995.6925065904525 6790.83784004593
5113.769898663735 -436.55582596374916
-6626.09484128899 -6059.643657883984
2894.2605413867313 4076.1066087839536
4035.027854603033 -5716.793743019797
2042.2707433529904 5292.105397793259
9963.154643294973 -4349.907614549619
-1298.471288648043 9023.292413809897
713.37780262448 8633.539306517712
10.57233934629221 -9820.848439208326
3649.346810536281 8437.605682504156
7340.349006906432 4723.2586539368785
1655.6713766066641 2181.7205133233692
-5236.686058277447 -6436.3415222396925
-5258.204962890809 6966.865407454065
9180.411392754675 4710.77560380401
4629.737331413784 -30.63750162068027
4020.6137698518414 6306.0138534654325
9718.906995615711 3409.562795926977
-5459.017597183769 5018.723038749031
6746.943974635109 -5550.248888885701
9493.465981283065 1828.738387869389
5016.348541950711 2907.621629122905
-8712.027529508863 -9643.753957029125
9232.424238618165 -1871.2923060427447
4769.502352511283 -8329.755844353127
-2201.1462713600995 -9556.817370876299
-6659.5781879279275 3901.402278249703
-5157.001091337225 2339.476510610297
-9602.75864654783 5004.661822390619
6293.79970079699 -180.81641391505218
-6085.461236745442 2661.442296586991
3010.9357257499723 -4645.223965696377
2496.945886840942 -3419.1462687940357
7264.677226781063 453.65711251444736
-7666.587675749854 5353.842798938764
-7208.339599009921 -1960.8700809874226
6226.219382929003 -7466.256621055274
3202.5742790959775 2690.879617252207
8230.522233629545 4761.2116246279165
8693.549660571702 244.60875030723764
-9571.539224362485 8521.08353118434
-3186.190770934343 7332.485198716611
1975.1714556444858 1513.1994237814815
9467.926977755942 6153.102720151483
4792.309391645722 -361.21052811086884
-4618.17742283475 -9908.320608863747
5147.971404701015 1248.5360523207764
4937.39125970918 1768.253789124512
5850.197447352566 6567.960679940959
-7418.53070402837 -3326.329513354458
9894.496894117594 2110.319638304496
-9059.403685501875 2760.17120567209
3144.14252629395 7406.71727946449
323.8250289499774 9185.450535743024
-9014.757228031569 4527.682170605574
-2528.3828225067055 5866.054326500478
1886.8969868961176 9639.977685378228
8209.634065936778 9578.041811839543
-589.9967455410751 236.95732354767097
-9907.98528499464 -7950.150263035812
3446.5886102984605 1700.2967875507184
-6830.473207337693 -9175.655432314556
-8665.200785888868 2495.4745174937434
9693.733839342443 -5375.934725543941
9982.968693068156 8572.898396562116
6869.130213836263 -8464.299769723713
1249.4814367518848 4441.1080582564155
690.9558428211349 -9463.13189733767
4563.398467272898 898.0187612531117
-6542.806564313341 -5279.695181055093
-6865.868918732032 -2449.3037343857686
2719.031989280633 -1972.40832513454
3086.695566163751 -7976.31063236828
-4765.142481071412 -3613.410733563227
8472.384611062884 7150.472397813799
5918.619913714105 8853.773518750884
-657.0317113094989 2462.088197283776
8824.193525203867 -5305.300807497771
-5060.192737599725 6931.612000540674
-5116.847796259179 8292.85449235336
9537.561020229332 -3797.425011129407
-585.8691336008087 -4640.807849092867
4595.439487347912 -575.9580854939832
-8652.240839432021 1121.6589104017312
7607.233943385199 -1665.455103733948
5661.905591336734 -5993.918527871625
-4595.354944132759 -5618.3813006242135
-9302.22771805481 6776.782465407359
7656.706207701591 8433.218322090757
-7171.849727790101 1187.3520242047725
-5078.620556690407 2031.8129165043902
-7625.068790181422 -8100.9847596294485
-5156.314456871598 9161.501469207164
-3276.2491960785064 756.0717986034233
9958.009423038166 3143.019098140063
9259.422324315183 -6535.076987840033
-8959.493517465047 -5458.973104728637
6046.596994103373 -2694.7796777647472
-8929.19348624954 2862.619649925309
6105.872173799469 -9291.291072967168
6600.509863873562 7345.516510520949
-4313.650276222514 -6626.631319672479
5689.236409535146 278.92147127835415
2111.4210914120176 9037.486048919985
-5442.723014404407 69.58211534746442
8575.35170544896 2120.3251477412578
-1282.8238680536379 -9339.8997539985
-2305.999663156217 4143.083905024876
8584.857195401568 -1073.9141987347539
8663.805363649182 6175.880170360091
4434.1784989320495 2323.2647802029987
-9441.058458976906 -486.49164651044157
-8952.899353200557 -4674.802783467864
-7402.658860570706 -1635.2303884783396
-1475.091353646465 -4913.2190407616845
-8867.960144682183 -4452.809138312828
2464.2321723320474 -5711.740857813809
-7324.8911664697025 5010.9850877348945
4064.8809886180807 -7741.033938370323
-7562.802354221116 -6526.858993535787
8724.783521377427 -5750.403855420305
8666.505305952232 -2475.446860125092
-9709.37790078032 3116.2895744026864
-5503.227034751725 2280.136943787589
7371.012013767668 -2300.614352209982
-8935.326320153947 2973.9140012498137
7982.377019862142 -2175.802344701796
8332.758600776346 1858.068404177875
-714.067159092092 -2879.2802155106556
3354.8943709963805 9347.01649332479
-9712.504941215828 1753.6915748454467
9646.916078183192 554.5665143488532
-2889.914533951068 5673.981093943072
-4124.008383075373 6204.261151602159
-7187.389052167201 1146.7833932305566
-2742.012410011678 -9649.956206880059
6716.161504406675 7081.656998451861
8852.887002751642 6426.41422191892
-8187.248690571269 -2916.048096622366
-3625.880979771534 7854.261485686151
3069.62124030453 4166.720746267103
7178.415164187412 -239.3847580710044
4305.488412446088 9706.7264165132
-8221.395037552806 -5672.440345747227
6803.417668369952 -9502.300569041989
-5477.463705969161 -6132.3903602833325
-1061.7301729543851 -351.47723726437107
1007.0944178057835 -7070.130575706399
-7165.039866655592 -5406.441883635338
-652.9356421625271 3573.3208686698144
-8562.954489551052 -1373.1443444065735
2594.3756691912913 6400.632820661929
7353.437796642702 -8858.477385733897
-9595.961656430825 -5972.101572057307
3464.3195925885466 6150.054624414481
-531.1351378318996 3372.7560003124
-5494.370509208946 -1319.0325892995443
4295.860070243594 8475.360012927078
8714.74973472536 -5708.397552016156
2572.9255803339565 6523.722060921005
-891.6737006439253 8206.492629170658
-7324.672778498083 -3663.047328832574
-4923.578222996285 7485.23297906683
4787.141710752663 766.9831226852657
-3284.512984005286 -7856.686900594312
1663.6805097528468 2311.362085986575
-3314.078495045823 9293.898203666722
236.67580440761049 4686.767250323384
7368.2601218062555 8148.093701712147
1064.7955739621702 2194.8923300601946
-5294.667407981637 -6894.257830428048
9057.824647523823 -6580.588879130635
-5644.013376836377 -2811.6592064474407
5953.643434129086 -3875.261792339231
-9350.718494974788 -1289.7998782561262
-7297.089343797907 6184.355643410545
-5683.682163760102 353.4885077452418
-1782.8607723289697 -5051.516594343007
1090.1564925417188 1707.3496012523574
9861.627813758558 -3332.0748778806246
-9997.431132093407 3850.7976265375637
625.5133325592997 422.9389723971399
7569.625466341171 7703.639444902521
8076.963030831543 9463.010926460174
2046.4321934648524 6639.194347053315
1012.3241553924345 4945.456685666804
544.5788528305911 8247.119418946306
-8866.169725899508 -9232.20945827612
1044.1787864086218 -9845.825758041838
9141.234619309114 1520.8376403024467
1195.6199895062382 455.297467103499
7298.528359900753 6546.606987085084
6294.470157599702 -5423.107974678543
-6162.313915946176 -333.04324142878795
9926.228398220865 -2711.251054586345
8487.15513921919 6356.127106370604
2515.9077159724347 -8899.427290680444
-7036.41288626287 7962.240988257079
-4619.27418809948 423.6031850157433
-4558.89597947291 -3960.088979697194
-9127.560619119162 4647.354777980896
-6186.853794756184 8938.110715692881
2809.1606007398004 -7323.96958572749
8987.764977110914 7494.513778604352
-4365.240754062441 6488.7014106528695
6507.970214167461 -2980.478288356556
5607.24628596627 -8068.140999303646
-7535.447739932892 -1289.7543107252404
-7194.187375134833 1222.5033454009554
-2030.4422597636185 -4783.274071035528
8859.46993621453 -6465.560959452108
-4615.606966437987 2289.7151946460253
-7961.459359918524 -2440.0089134081336
-952.6918339718322 -8728.622705928456
-1286.498782782568 -6916.110739890162
-6579.210830254824 5647.280920539342
8173.985476224523 -2624.409969350805
2380.1748658796896 -1039.8889070549194
-3585.9757026457164 6600.842213426044
4790.591337300213 -8907.464572974364
3727.880475560869 2472.839343477175
-6429.9162741753225 -4741.285996002729
824.1214426125625 -9992.18375315353
8112.5968759635325 9000.948628216469
8653.85439312151 3519.499967902344
3245.2477266398946 9070.021872188769
8262.324990073332 4881.339794992367
-8179.892538248814 2274.7938566228677
8711.368773102684 604.9778100351832
-7408.504696435074 2218.655869221773
3483.4750271387893 2427.9560314476075
-9794.43613332301 5297.481708288018
-1233.4797024268046 9873.184651680865
9929.743383788264 8415.733985185743
631.4930581127846 2637.223455012436
6175.385920086846 5584.428071498407
2353.8248338514295 -4316.033437008476
917.7380306710766 896.6775861906372
-2007.786693310496 -9435.152263605403
5793.146151263214 1333.5801341748793
3827.118160837508 -7243.783150940524
-45.812513674747606 4435.237317376945
-4625.6208952594325 -3300.9352724891824
-5310.807147539118 -6921.2763564956185
4427.688163512754 7745.8109042360375
-4636.587521331874 -7563.135208640048
7946.944376827927 -6636.600621550839
-8585.141656402982 -7351.29867761013
-1402.2281632357208 -5288.5287838096565
5938.63783951235 -5185.442231235475
-4639.202643412339 4108.927169787792
-2180.631673231759 -2364.337114941446
-8132.464088939686 3921.7063009919766
-8577.944484780253 7350.296479222823
9983.030898192756 8049.162954332256
-8472.414719402968 4575.473427162144
6643.67160991349 8455.929874080957
4499.775714908663 -1754.7951010327288
-6928.110516949768 6090.701878815869
-9403.298068408121 -956.5944499075795
7227.722798692517 -1947.0958125794532
-3110.2011890589984 -7438.445217597211
-7279.48703639606 1012.7356404975744
5430.0208817673265 5868.237971532288
392.27877977753815 -5340.386907361785
-2898.8724321008476 259.74164443071095
2397.605803293878 8348.57187844575
-1974.066699535566 7667.890005279158
-7156.850347484882 9133.707419345868
2442.150079604742 -1466.6425055458894
3913.154983787259 22.281295546787078
-6359.767389393749 4909.712129163403
-8104.343761973847 3552.634933967156
-7143.590138854381 4145.481323198275
3637.318931032769 7693.595691666971
-5060.1213894738285 -4301.439018982516
693.1538284272137 8582.587186461682
-836.0992229680069 -3530.6811512013473
-4199.379384968686 -2235.8171548889795
-6273.65218740781 -1504.2190613306211
4295.920419414077 -9639.615996064053
3285.9977390184395 -3063.6909039770962
-8296.442510880077 -5001.577236089752
306.68141645141986 5972.221666997264
7968.526450593785 6341.42600137977
-6967.841678484632 -4405.16874776969
-1336.231870815389 -3288.185924695579
-4409.629874615111 3198.4106587752176
-6006.178966149249 -5433.16994293481
-973.4808078631777 482.62743678427614
-2471.134294598536 4480.127475358016
-4009.811137275181 8375.012089497792
8341.652439191275 5802.88661650852
6352.50358083356 -9483.925023467245
-7416.924386275612 5322.441116551026
6205.115083394674 -693.3091360983162
-6479.552761472436 -6994.048164618463
-1506.422754785055 -2400.5721526141733
-7324.208278944507 -688.8267838426545
-36.54896090681723 -6177.4884647554045
8939.780032948758 -2434.0950683893707
-3851.7289073404727 8657.152380943458
7400.187210212036 -4437.754577853694
-6195.724503455973 -2654.0032134876546
5112.052948533625 -3218.703576963102
-1502.4071333549346 3292.4877740502634
7149.99462763757 3558.497136803642
3975.350780761948 -4182.034829163619
3021.409822706668 2019.3079351212564
-497.03978599898255 7775.346516452337
882.586500611178 -8240.525648970557
1525.6095996757522 -2824.7181099989693
-5011.985750029679 2013.656556636508
-3187.225290706412 -8937.308616090917
-9583.518591296295 -9549.275336596535
5670.349459209889 9588.637390939486
8355.812385701436 -9246.442575715324
-4144.236360383262 -6445.496335099788
5091.394210247841 785.7147354064109
507.2530156890025 9662.490986364908
-1668.0928563526668 4416.879749355781
-3300.78565859433 4288.474946944158
5618.9673785115465 -3026.495609915077
5161.367092050328 -1199.7103399243133
1305.6696031928386 -3199.382731064735
-3749.7737465815662 7276.543836190587
-9047.708133459584 -6434.7074375323455
-7562.840252190399 -9061.897607674904
4975.711132789711 7701.795668789287
3378.1056265138195 2686.400548571677
7002.361458904274 -5207.029945921829
-3944.217384164268 -150.21789705468836
-3387.1581033917546 3701.946752120197
9536.027607336306 -6428.906885861321
1029.5682842555325 7912.796535026253
-8444.33599464401 -773.2096677903282
-4212.860004139429 -4191.727055597321
2460.090487524658 -6150.150658816682
-9461.623556611201 7507.329444454401
934.5574510495408 -6264.19862351697
2887.2585509831115 3404.620434598728
-4476.112121363818 -1756.755145496567
503.292900603441 2698.7301304364737
-3888.8316235695356 4257.216975330644
-239.90636497674313 -1034.5992147723027
-9673.273564376097 -134.15538355406898
7754.26350335023 4226.573539000807
1284.4890648077471 -4492.286219434951
3798.93574505771 -7014.431566258081
-4906.397478905149 6179.439155378101
-3650.385380931695 -6656.7175279620105
-731.0409074062845 -750.0531937140895
1808.2388978584695 3579.7940666956547
6465.08316556854 9009.998886906815
-7235.326232376799 -519.6847430369635
-8116.413664368396 -8707.458329783207
-5026.882331329867 203.94710061086698
7255.195924278771 9331.477140228286
-5275.816371223916 -1361.7696189104718
9473.142574069876 5483.487053476476
-8738.287035163008 -4047.9767722860415
-2244.536998040243 2519.583039753643
-7493.356749870189 9453.751718179083
9639.56895546561 -7099.931913295812
6588.541770526826 7881.630409458612
3163.2064488899687 -5221.350361013361
6548.698732597357 8896.961923437182
-9738.290635041918 -561.5483573584461
1066.9539219080198 9821.170319090175
4712.242365276039 6444.7233741819255
-9822.296341218469 -5448.251332499918
6881.496680393644 6.061113846761145
1678.8330537338788 7111.829361224736
7084.093450447555 2867.999191678904
-8699.417878863955 5432.625176207674
9534.724117346126 -7480.147599298163
7689.651514657315 7737.511352315218
-322.15486448592856 -1422.2754147809774
-8122.884043598755 -1708.9444418400944
-895.483043840848 -86.37056655341985
137.01773333426172 9295.83478166266
-5683.232069567403 5432.702708594312
9005.775483127985 1364.4041516775178
8275.63730298938 -6642.486215379362
1720.8298559525301 6263.319137252844
6969.8346514040095 460.5134785983337
6450.2327831415205 -7479.359583754129
-2832.25790563975 -5107.301499991324
-1576.831674208397 7007.885153227402
-3933.7488637669085 -5911.419103523601
-9565.336140251382 -6248.08363511149
-1274.2761320385453 2684.611880340968
-813.9508769345193 -4998.204599579501
-5018.864776953238 4470.211910345481
8535.983034876579 -1029.848212160432
-6054.74832201699 7097.612550159294
-5024.834283705853 -6311.840370264619
1270.4567885522974 8608.730725443973
-4498.877972576601 -2942.260951444824
2011.6474891720773 -9205.65830488794
3557.736526072553 -545.8727335216136
-9766.624143595673 5982.83284160045
-5182.51737911855 -2873.4929762302654
-4569.784423087027 -8937.13710620315
-8677.404957808985 -7836.102425099214
5380.096489245581 -4623.714443997837
9864.689816640235 7938.057011718545
-4773.850908352338 7574.705441636364
8470.638053871407 -2295.3335362010293
3383.3608090031357 -9384.899448243039
3475.7679735312904 8438.603176686858
6292.14785522608 3776.9417419175115
-1096.240253658454 1998.639707365308
-3908.2849848916767 5915.298306783623
9735.86727705564 -8638.56174837774
-2038.140522437011 -4878.5726725333325
-8859.600210500937 934.2352774304691
-2817.336748439887 6544.398139162902
6846.6596115897955 6850.153639703414
-112.71841351893818 2334.3169517554634
1585.8243802021589 -4330.401846209762
6033.844321744 5499.750494240481
4884.539672672572 -1944.267300548905
8298.238600221368 -7071.005299358301
6485.27119515913 7761.55790834982
6390.345462798519 -8093.160223815566
7280.744581215862 5660.650675611292
2722.0688983500004 -834.4644131467612
3888.0803451978554 -6426.851891558083
2406.288327452963 1840.685803182554
9851.524409474558 3283.0966331292457
-1758.361944283768 5659.823018362822
-8049.065609728219 2412.8155998773855
-361.19578365091 7273.463397297026
6206.487460443228 -9285.54750442808
3369.8087797844764 4845.4534608415415
-5091.662000354558 7858.446314676989
3572.5290894104273 3851.46863519663
-6636.756677216844 -3056.8570938099547
-1381.5094824355456 3491.5450857466967
-6961.54311065103 6719.3274684043645
-6747.260279391301 3204.555890143969
-3603.532308041037 9917.993844197841
-4159.604054805228 8479.58455545245
-2047.5568059224524 5089.175921292597
-7394.741306529646 491.16927407460935
-4050.478632579966 -4995.786434549998
3421.6235811139813 5042.426799828001
-464.62698489860486 -4056.644004648404
7021.250346730776 -7117.902770494273
7436.737432727874 9085.125902478543
7403.198951280781 5668.581190613651
-4133.080721951334 -2266.5880977113393
-2214.9632914163276 9686.070154820776
5764.51007154597 2262.7818610329323
3609.6960805748186 -7125.093730431542
2449.8863871849426 8432.03822344109
-8076.947302287398 -179.66795215806633
-5600.691883898426 4110.574034656469
863.0602649456305 4050.834664822529
2074.7323432490866 -5518.383572226196
-9947.927241204045 7329.302921993058
2610.733519002548 -3569.025738987366
359.7644782656116 -8422.739962837597
1648.1995960627264 -900.5598759171771
-195.17342845533312 -9345.533294744857
-282.2400850407521 -528.4721668204402
1289.4208154894368 -3576.7960346077252
7314.18462030989 -607.2446056702047
7411.134063812966 6358.603313367996
166.2632676558951 3552.220964335982
7772.969044274549 -1576.6067286049583
-5805.032067261122 6736.73905326004
5012.683775340798 3007.4896237021294
-1734.0206787133684 3057.3519878362004
-2801.426349556841 -8560.132070789947
-7919.07037820029 9868.543416403525
-3710.423989016891 -4087.8010808977724
-3584.9868859658773 -5254.970005356763
-4966.651381780258 -3389.2474080510483
-6603.12088848499 5150.528186436957
7976.763323646475 -1564.8816872801926
-4359.983651468769 7327.423492502192
6189.038201380643 -8110.6972088417815
-5226.884561087466 3455.8096791342814
-151.49783380388908 -9437.184935759089
2280.166966291921 -5725.1122937937635
-1980.2215603206096 1076.3685282045099
8549.356452571992 8129.247253825586
-9251.047426109542 -9551.130042578063
9643.072234581541 6797.092954325632
-4969.938134768543 -9450.616220905975
5539.648294231181 3476.9940403478977
3247.0428458502392 -370.19030757923247
-1539.278502925934 8954.281380647666
-9628.966121487587 6891.01971491885
-4613.611048355906 -1762.2608710231052
-5506.27151247306 -2382.7418980360053
4973.6091517083005 1851.7725385470203
4203.244579757684 -6379.384625252176
-4168.4121755395045 -6511.238092176374
5859.765809944765 6569.432929430986
-9528.838095293911 8870.849725894317
4003.979021988207 -9768.477151903093
7233.485405564839 9439.928843429188
8932.13108680868 -8254.885614605053
-8883.414649265082 -1110.8540704052775
6897.292800694071 1737.4802567617462
-6343.338870879916 -9431.249740202446
-9552.793589689345 8443.209389481031
-8115.740393158811 9443.657552074023
9084.879671690745 -8068.852940050045
-3136.2481513734156 -6450.368863110183
3738.8564412042215 -8868.965713185364
-6562.185303644228 -3210.4917939288916
-7544.108295319403 -1442.080408144122
-5463.094431025453 7430.43363283166
-720.4743123586668 5464.4472474888935
5776.994101737651 4807.593879298185
3453.842389324711 -6391.843859791188
-942.9021868166183 509.4798374276688
-8107.5241110183715 8902.947922918062
7481.45372284621 9714.225347828244
4278.710072113781 -3069.0656076792575
-1830.5651992283865 -6633.881131266395
7213.29269203329 -9377.126369645079
-5620.39876765917 2525.8986927363676
1502.37765427273 -3627.529889870262
3862.5647089746435 2497.983691036421
-5021.218059006341 6431.817537054267
6470.612186850751 -3767.679025274726
2175.522501720803 -7357.6865467343505
790.33028346229 4018.0622130279553
1721.3896859319593 9387.391111814854
6927.746214042072 9630.809255274584
-7495.911227968561 -7889.540886796649
-9436.221145633 -8135.292104489513
447.25743939723907 1823.457954509604
-7988.915117924691 4775.191360148843
-826.5365890173107 -4261.5146635743995
-6758.340999038841 9977.713682362028
-123.95127685522493 -513.0373875590049
-4282.178722897099 -7.662846371842534
-1601.5159996710481 -2652.144831559862
-7652.468605311497 2893.578209389816
820.6696104350012 3488.4825372126597
-2001.7826181295613 5419.438139472026
2777.4010504892813 9428.496635700863
-5258.38691988997 -5786.916812583283
-7714.99604229785 769.6212775244912
-9634.63103317421 -6984.83390586878
1027.9177043766467 -309.2055477804006
1675.4834685274964 7394.313149403166
4857.791842499517 -1209.6237230112874
-2273.1138108155455 -2002.1665343985596
-9316.560570158603 6564.11399123185
-7642.221692609299 8324.236308937732
3980.7771169249936 5139.601309525164
266.62886629729655 -6336.3222502282215
8827.650259453985 6844.981615041157
6358.993492752235 -5878.020938996533
-9330.754112088789 7771.689321841051
4204.612814407579 6538.404647602223
-9054.45497414365 -6301.9479128165385
-3816.474565089198 -2373.089660844301
2263.083174688478 -3427.399665086632
-4736.787042889959 3815.09984701949
-7030.9597391168845 8212.978964397436
6337.072377704188 2024.6699991461865
-9213.526719904901 -8041.638484916267
-6332.202971042465 -9968.351445797856
-3404.705452213492 -7279.674899958514
217.52502072068637 5064.25818818733
1494.3644205207747 -8790.839062559937
-5490.100365714546 -5059.219484240294
2955.854289243609 -930.3769530326772
1157.4620532049848 -2680.6847494686244
-816.1704413430161 8242.164685292177
2301.0783843149293 -474.13390357992466
4714.755829491469 -9927.274081242162
-1053.6089811321326 3946.7170261738065
-5151.555569125179 7526.17836138088
-6454.439766522728 -7884.410352608207
-8326.29131504624 -2684.437181324033
-1839.1598634022776 4395.608089810021
-9746.196164443412 -2158.7216667090133
6159.820483078745 -8449.374717019333
9962.48411618204 3541.427623314934
9630.44671168967 9520.000618075126
3012.313416467283 -3413.4609958858664
-432.7960856474092 -644.5594444307753
-107.3687377221795 2808.92700221387
-8631.851790374887 548.0621772540799
-264.6355525643976 338.98277193642025
-5704.276782551574 7868.348825201745
2552.6511800946155 -3372.288754977206
-9707.383886412115 -638.7818176590335
9841.03466388346 2366.8734557670796
4907.153566137538 -3717.058076640549
-9777.250331718265 9275.112436376472
1071.0468333884364 4536.192766669519
-2404.5736272360436 2800.4811925876784
5085.555375540267 -8445.976241843004
687.2948971321275 -9503.182426625373
3410.4406972739325 -7396.883057762476
-5034.224799308005 2163.4436064516212
8713.340963410195 -3878.829648931266
523.1056416793272 -1205.3010693461601
4125.493874120151 8972.821978494336
2863.4489074661724 -6032.153365046528
-4236.982400683826 9403.041571775851
7441.695095924493 3504.9264367280266
-4688.7781104807555 -2013.549096972325
-6645.034696570636 -2923.84824885118
-3167.2697381509106 -4984.429193699027
6763.59353244118 8869.490774082085
4948.449865060482 6540.508287093129
-9580.846682773405 -6466.906884744186
-4846.273991630023 -9332.843516083256
2102.8758283201387 8304.257645358895
1270.2856111206547 740.4736198302908
-8171.420453114859 2570.6721392771415
9897.867598763107 2683.9800588673043
5340.022635131398 2066.6805770197534
-2782.2945129451937 36.104841608266725
-266.63133788788764 6489.370465676206
9613.323195093868 -7881.424286506324
-4038.7699620049334 -3473.7008896822963
6312.3755666033085 -1708.4437027367549
-7474.457178044858 9118.711376443654
9616.551284973168 4394.777719906444
4842.306763239292 8241.13976718592
6274.835787231779 6243.436934612768
-4437.999421893996 -7439.711899509387
-7831.2865380189305 -557.8306143077025
2555.270650493003 1043.15900884429
-8283.830825815025 -5200.068630118338
-6675.734356600835 2916.3921649486274
-6735.368322246033 4273.159669809376
-2724.2223627610374 9335.83350478587
2231.2815827970553 3634.110986528791
-9406.873259156813 707.3595132546088
4862.423940192504 -5044.191437062613
-7630.492958384636 5807.043933492119
-2778.080138707881 4524.56022230698
-4783.702130344318 -3319.2379778288287
6381.933731290081 -64.46388987746104
-1264.3768705419789 -3239.6395362408703
-6222.449549649591 -6103.55851424502
47.21677637267203 -1284.4269815317184
4300.088460143608 1658.8255901588182
1985.446437126151 -6732.137720096041
8942.222596383803 -5983.873609848753
6633.114692793355 524.4256357315153
3671.303267727668 -1547.940843187287
9534.450514767075 -8652.381477768846
-7304.452417472571 7292.510636652263
-1769.523828087591 7857.090972895148
401.0590914944423 -6391.396838144576
7685.7183066208745 -631.0508520513431
2975.9069784202547 -6861.846205298092
-5273.980747619816 2908.3057728130116
8100.7815881817405 3637.2696930924067
3782.9748761016126 -4111.405574982252
-925.9701935566973 1843.346261261775
7041.316123747478 -7366.932507242994
-1647.8586707703507 2625.283319271539
-6488.672735010888 6120.9206538344715
-5274.948225500058 4916.250756425055
-6400.819798301527 -8327.473961878597
-1791.0967917073667 4668.871975467588
-1576.1662921024872 -9754.72094269009
-2772.8152989103764 6342.227640509624
6429.9491732600145 -4406.402667208223
-6235.5469251601935 -8675.39155237312
3772.0280739714 1753.6515437228427
3915.1276111877123 4215.476658043355
-504.2164863083635 5145.420099841289
-6386.882238587113 -3965.365646119949
-8281.476007850051 -958.294203658279
-7683.666527420299 -2803.882344229176
-3188.8922001297915 7235.785943396346
-8966.587371989388 2478.8792232269116
-9990.174722992127 -1553.6219540064085
5318.2652863366075 -4754.163825428191
2937.3195372800765 3330.663956322742
8721.337708552343 -1192.5870232994348
1187.4657704091733 1933.11954063347
-2325.237793397623 -904.7821964746945
3429.890292225191 979.9459212607944
-5098.153400888392 -5293.9563334431705
2415.60238476182 -2364.07657103588
-4820.356110049524 -2104.1032510253735
7815.986677594661 9172.536756927664
4646.613494209119 -6751.699582276251
-8996.807639275215 -3546.7383353395544
2835.673898492094 -489.35287381274975
-7319.270423701012 3223.9185123895186
5226.226236146253 -5513.090894279456
-4301.129968506279 -7096.947328438084
3347.0102079815097 -7105.4672592897505
7440.225260184459 9899.304365583095
9324.927654424657 -7262.0979436146845
-1163.338889937586 3439.7892273756715
-7736.731735538966 7020.251466607118
-9620.512466398992 8475.520018497657
4946.028738896335 -5489.523098787004
-589.356913936208 436.94894538142216
1103.3191272614567 -4199.207776148936
7533.375171699496 8444.72641209947
-4163.877966834131 9035.733207655914
-7843.305632052399 5037.813086390524
4786.947396842303 3462.5306782825446
-8011.323849402479 9563.112957771165
-8743.780165029591 8347.408425687729
2719.441800179782 7077.817123531619
-5297.500041050252 9821.891054137697
6185.456233967132 -5052.308847409421
8927.940672675944 -1132.2548027497778
3982.541889651726 5281.562815428706
3738.6417499145937 -81.30384075810434
-5204.1985239673695 -7075.697870997828
-17.132696489006776 -8548.392453429871
3640.4171429016988 5937.609696914444
-5391.650276420219 7459.331373747344
758.0780169846985 8329.975009751412
9743.207600291578 1841.9739746520008
-1910.4310097432035 3254.1776799954805
7793.267632179151 6522.850513961846
2044.8335153925982 8972.755430088037
-6838.125431287081 -1510.0647422644524
-7282.398337492075 9598.880909386797
-9563.45271177271 -9016.856489305232
-8257.531190972872 -2047.8742500874114
8750.120885275257 -307.68501075463973
-6331.92969941256 8825.620840041549
-7487.697056944347 6100.294856748609
9020.79982733932 7543.15196409143
-179.15863330145658 7000.046178451161
1159.2872168272606 -9108.237295693069
1599.797147485906 1734.2555942028157
-6429.363292120182 -4652.529362024143
-3124.321686141391 6850.4217963548945
-564.7913220247465 -9031.280091134538
-7409.505881992848 1633.9567530370405
1087.5074414729352 8414.251025362239
-35.95074942433166 -2623.6499511746715
3426.523760584012 1249.0697840341472
-6343.9053473887525 8254.985670635895
2379.6483790703514 6034.250613311975
4842.223208602625 2345.732118484935
7200.077632727818 8653.331633080295
-5194.315999707044 7558.94967645533
-6321.61420414542 -3089.909540616948
1760.5714866433373 -815.901629223883
4274.7455972554435 -3360.4759033729833
-9639.88209576004 3247.660045286868
-9270.961852913842 -8594.120258437086
707.1170975974001 -6966.385045741359
-5118.108706384101 -5681.367965250787
-8328.234145244218 -5114.7507704943455
4240.457399811841 -5420.693203253888
1935.508682849977 -6198.402762399731
248.5246484067502 1079.108733518171
-8582.25473439758 -638.6431930640429
-728.6601800141925 -9300.671696779378
-4394.4594253941905 -1848.3530693044468
8981.296696972353 -76.46813332180318
5794.76277858518 148.50237012651996
6131.431006620445 -5047.419113448002
-635.649701484419 3390.5432228987447
5629.443438934582 -2279.4527851478997
5943.6956650084685 -6193.225911853137
-4624.255623352134 -6958.367947820212
7696.412366373177 5204.010895281881
-3495.1872792604254 -4424.783662215257
-5067.968534024097 8188.9563821033225
-5530.075700391992 -5621.789331642253
-8129.5422860189465 -3805.5133498043906
-7162.90281404933 -2479.097648966881
-8377.704289080268 -8200.77738573469
8704.880387413446 9574.525111067196
-5688.56042888686 7174.01987707736
-3657.606273685534 -9264.190742445919
7754.59166778576 -1241.4845130574358
-6061.193892098214 7935.807357384165
6225.675863730636 -1834.5832701794125
-2716.7787339847864 -4512.692653529518
9571.371980480744 -1170.2558197523394
-6255.276424378282 -4342.800367408524
2307.2890843917266 -8935.231645990367
98.11716313288343 8007.16532487324
312.579707065197 6955.919881803304
-1458.3336525408686 428.11489397067453
-8645.930590326243 918.4755666010897
-3321.060260616635 4500.816181510456
4909.266246334724 -8235.644987761616
9287.628814515916 -6852.810306284076
6620.887513978636 7767.904120833606
-7626.00143673934 -506.21733637246325
3203.8288816792665 7490.053312961918
-6687.588249770344 2450.9596608234788
4738.781219412205 -3985.2080513446417
-5204.857171119846 -3281.617935759582
3024.9782610839993 -1228.5864331384855
4868.484410508176 2759.379273642713
7027.84138802706 -6739.470152535858
506.9281145383011 -4256.155901278662
9445.572134661972 -7228.626924665876
7977.985444298185 1541.3166099771352
2032.0192589686776 5572.44728525051
-324.0118620024841 2552.9584387353407
-8448.568519964956 -1922.8858906693795
4153.9980605347755 -3496.8631511940584
-6896.013253709656 -8869.774464003043
3758.7361138483684 -2731.617148813625
-6950.728388337022 -5168.535922818067
-7425.788869933456 -1596.4880839628822
-131.8339114761202 -794.4404623776209
6305.524565132055 -2768.2698506611096
-1958.133956435071 5549.104133226314
-4714.897586438791 197.57347562963332
7390.061706876237 6428.20007205637
-8040.620001063452 -1361.429582796578
8298.57346635899 1070.72248343524
5014.762299508993 -1786.4615371428627
1880.014686452405 7291.496318628022
-6272.553486444148 4932.460902899224
-6650.647090366905 1108.22875118515
-1827.5130582403617 -3935.073105751876
-3240.4954582639257 850.5642708777486
3603.258174192835 -4838.865173324
-269.61432134446295 -6165.840450103537
613.2593297219919 7001.505472311648
-2081.8716335167055 566.210753731586
6617.966923226089 -9502.024642612269
-9290.561475830043 3968.3977351632
-1254.74462369936 -4597.929389892465
1989.3750257147585 -752.2693664690032
-6601.35041268846 2131.8969133923
-7180.9161969375455 3815.3317578043097
-6441.5140428936575 3112.209311153345
6473.326129089735 6047.70591477641
-8688.179997718746 8728.758998588612
-9474.09114652851 6704.579229587784
152.7091547941145 -8669.852195563286
-4465.595725432101 -2538.063315958714
-729.7255625298621 -3332.5609490982933
-4636.16235630278 7288.3982918380025
342.7360100294609 -6256.171096777254
-9697.705509810823 9287.617842765347
-3718.6136433451074 1253.6872787533557
859.6830604010011 -1851.0826938232494
919.2528570658087 1622.3290305063838
-2495.8336335763433 1492.8971028134292
-1185.0137031717659 -7885.107801997225
-420.93205437546385 -2831.6999498909754
-4856.716007531625 6564.747982183977
-4743.680024298955 -7049.068386224338
7068.944243097198 -9021.12388039525
3620.827734689754 5114.976489669172
-9947.572857300884 -8390.303771126126
-156.62273988115157 7991.575566651572
5210.582681336322 -4960.147570286451
-5111.975391129781 -2100.9343004298753
7156.976985436133 6408.50016147329
2313.152265739991 1723.8150998125184
5672.045604499977 4114.661975329029
-3536.299530978442 2950.1086351074373
9104.06695516795 7165.253806671517
8715.316093026177 -3917.9155089871465
-7422.255051297903 -5207.578857728632
1419.4892563300873 -5829.756266239811
9887.956657876664 7046.842036866728
2811.9880046667477 3549.582196518315
4382.016738513339 9780.701769801406
385.216075378803 4915.945583937884
-8815.418136683136 7766.059181346489
-4911.625926221006 511.7116314137602
795.1017120613888 -4348.630918826218
-5792.392927043031 3461.4553174786543
-7611.496808610535 8040.947318121129
6891.581386472604 -2807.2199956916747
4075.5852385818416 7189.202691822986
3026.237378800841 397.0201321273016
6930.365245710938 9633.483070653314
3525.727542626473 -3870.933459556587
9767.416216388578 1546.4270234811702
8094.838528494354 2415.078498213852
2453.0051420976397 6670.730185327189
-4868.520719676612 -3868.600484102276
6959.629482109827 -9593.726347269605
7676.092823728959 -8062.494673482628
7424.324718263237 8951.594015469422
9178.134752384445 3690.356268115318
-6853.098597063179 3358.7017732765853
-6661.959926535062 -2962.9497757313757
-8234.945505398819 -5057.7097296176635
3396.3828334138652 -1222.7852723967462
-6230.943820814455 691.4030257381182
-2019.782534329178 1106.0862455201295
-5930.460085384082 -4836.334503694033
-7020.1399047278865 6993.785388174416
1507.657446301595 -1200.7862550074842
-8082.333493154836 6725.800623709558
-7002.33473111215 -8326.51641507984
-9116.36847218094 -4975.758319242403
-4582.200425635186 -3584.939270137448
8350.919583358595 -6811.049891948664
5416.046874216938 4346.811454966841
5047.720858251485 -8657.920096675402
4973.23459532828 -5134.435967779996
4550.102913041097 -7870.695208009733
-1133.3799984616726 -342.3789661758401
1373.8140126792314 -874.6719869390254
9102.949007036656 -9445.573702444442
-9918.727237610905 -9289.093517380905
-9059.25856149987 2664.7432178100753
6283.260828206294 -6666.8639275420865
5297.324149084308 2876.724256477559
-1596.8847096819554 -3169.7328615784872
-6863.062902320112 -2094.713681312892
7684.502880497876 -1103.1369639081295
8861.99931694138 5767.24128691972
3162.1315131950705 5784.630294998749
1780.4140231324818 9898.654824157406
-1821.952978329944 -8021.204200986705
7397.568478187644 -3914.0494629556024
5514.432536670891 -7140.575268568515
3582.4681433969654 -1035.7141027969028
9327.116218773393 -8748.384359454027
583.2269260616577 -2956.2129184133455
3802.274148637849 1288.0289755985268
8417.906974643469 -6943.7678595079615
-9177.905543513494 -8848.254548779147
342.5021614321049 -128.17558692134844
1913.4486172642464 36.97843430135072
6898.616386913458 1317.717140412311
-6633.098384372333 -5940.304292133489
-8530.81063828756 -8063.0126667997465
-2348.331698138557 -9130.26401830984
-4678.605041528709 58.78441934009243
-884.5883361665983 3360.540349405992
-2208.3854480452537 4507.418482846313
-2553.946592895669 9142.149596201893
-4431.8195881396805 6860.167055762344
8486.048132861179 4337.641859486635
3953.354926352271 -1629.3656985531452
8727.863405744793 7782.729353399933
2536.7941898789104 3506.50500835827
-2817.3242677052012 4852.754771341701
7888.538094282092 -9492.416369182893
6302.584311327122 -1089.1411287358642
-3319.6732720812743 -6547.968705815166
2249.919242888951 -7234.368479629649
4069.8489540592655 -9974.25658703095
-5954.493591338092 -7453.925143574663
4233.293206170838 4521.8548021284405
991.0280922967213 -7953.745355571597
2607.361945220364 -3445.6312795250215
8248.908348857556 -3138.466426816666
-7297.319300985619 -7448.037767127502
-8423.583882711207 4532.820002374476
-5723.667104062502 -694.9703683361786
-6051.016144206263 9434.79386048896
-5797.989008336391 6671.070075786854
9170.999534568062 9288.599332200658
-3447.930144491629 0.5553184845193755
-9439.37588038467 -6050.962544119838
-5793.450332857133 1927.4403223037298
-3591.5393128625265 -3489.1983961140686
730.0059526525638 7875.509961701773
8148.189292910454 1797.8558045179543
8307.779028142817 9963.798127755086
-7959.443434988687 -2055.435680477897
5209.106037523461 -48.672433218949664
660.3912548595399 3046.7260494629973
-5454.73379811455 3443.4679524567073
6589.606372750215 755.1955569549573
5016.727316945333 4789.231338209378
7457.412863380363 -3795.701026160552
-6105.9522821584305 -5069.1453779034055
-1167.7259866336626 -3188.208199985658
-7346.940070667886 -7075.941423867218
-541.614288455623 -8743.370511357747
-3514.342712931746 -4070.6053701019473
-8057.225156304225 4335.359355121629
-9666.728903935491 2182.122564509731
-8762.640196072087 5417.470201660288
-3859.0799898390096 6780.10695183566
-6876.36595532128 3864.5636522901805
-1294.5174789277662 -8913.771906675312
5395.877781442063 -3952.245362041913
792.640189622809 -6876.140690357002
5552.114785773616 -4507.774561377775
-7877.2999439619525 -1449.0268728575393
540.2911336183042 197.39496872524614
-8623.69268525043 9630.48436829674
6470.448444328944 9325.701722374386
-4453.175442087642 -6928.540329953288
-808.0643537463402 -4777.4811182147105
6766.941881404171 -3302.135664086656
-9752.01210964043 6124.261385986989
3162.867277491767 -391.4654326739801
-3041.709440617775 -68.72910239203702
-2659.7870836522343 824.1114491972148
243.40730586615973 -9933.407120885448
3781.4973646458475 -2626.3102985498717
-706.7447762342254 711.30380719799
-5264.056644928909 -5644.028991984746
-1704.9207651006436 601.5600195286352
3108.0416997016564 6716.748134152676
-2825.344339070277 -7907.9155073770235
-9597.862324008525 -4683.433455378816
5667.749204263408 -4664.6624985223825
-2043.9346183716389 8319.453582222457
-1972.8841419816208 6195.13757137932
497.64898303983864 -6984.379801396072
-5716.367200391958 908.0476528042382
2483.659788054005 2898.0973784116923
-6781.584707795798 -9474.643957257958
-268.38587194957654 -9854.734650114013
-7933.937161627724 -6186.9763670938755
-8469.443147998023 4618.302242214393
8457.456340054025 -1443.50104996976
-8282.217441360553 -2935.419740490628
-8776.188922705867 -1888.1753638463406
-8865.798314214302 6425.0870281451935
8421.970070132691 2564.0059819922226
8421.861969555754 -1024.0299476637447
-6695.79311945649 -8001.872154184391
-8697.097057992882 491.343250165919
-8055.919054996674 3158.2488782303917
-3719.9937058219402 1696.5158076239004
9843.181309505715 163.62404421135398
1124.1905089000975 1987.842632507085
-918.139727990907 -5028.6508851649605
-8433.428352660701 6727.423008984213
2440.3592092845156 -6080.962399173384
-8713.498728931167 9377.904250357351
-3595.0118160623615 -7049.314539562494
-7410.734690882239 -8675.313519440244
-8912.675078268421 6023.400873355369
-5907.679702311808 -560.158148227305
-8177.343775872725 8712.213279259613
1289.8111256014035 -5725.893703899254
4577.188819431163 -7825.297299676415
-3959.095701307795 220.32424561504013
-4718.174898290375 -8593.274123107642
-8171.742540653686 -6926.232831585088
-8176.42552100597 -3884.957638638042
3058.706515378919 -9878.236464580756
6663.9755030007145 -7447.819489561145
8729.056578965305 3227.123405466922
-2082.843778713177 303.40793872520044
3455.6336112481986 -3673.133084781184
-2791.5348163693097 -714.7891349073907
2167.028954580637 -4650.206255039375
-6252.127947642632 9109.207028858047
-1314.7401610232882 -9236.533043759113
-4209.375286005492 5484.957708494467
-7028.64717752903 -9206.789015098577
-6979.067655049452 -3520.3257489648786
-3012.883020593873 6812.762971256932
-3617.285509654671 -4777.664200351004
4925.692038611689 1488.2356393552145
-4505.244596148726 -4965.716647136786
9989.192033971376 4964.094494975858
8025.866294404634 -2012.1319813143891
6942.592302637477 4711.870341262618
268.9495098911884 8539.281356127405
-2651.2465983809316 619.3730597666654
-6358.861280666659 151.2064333729213
-7309.728264063442 8480.191225070568
-2049.530841411469 -5284.520155661497
9509.63558449204 -7749.7014794962915
9007.808105810207 2105.46992756707
-9750.074684419033 8270.62690156401
-4473.927610173218 -9667.581101687669
3654.0997261630255 -6888.520299677585
-1762.9806113214127 -4450.48055139289
-618.3241466751206 776.7082612055201
-7230.801271097129 -4457.964348105556
-7072.59922824853 -5287.405895259573
7068.9234152910285 361.29975378009294
-1022.7106177524183 5398.413608889439
-5990.602235405611 -595.0412143863177
-5986.8141447244925 -4747.299633544113
321.4300533959886 5515.36796781086
-7722.213104784938 9171.233409499677
4092.431907890159 -6437.4433909585705
3137.8471039808737 -8780.163172826655
-5181.30991036055 3497.7397686501536
2434.0680625626374 -4162.9186176480325
2359.1757574413477 6007.857516442531
-4418.047578082509 -4640.971289545877
4127.444028210826 -7328.827529565209
-4011.315613397779 4760.179353153522
-6528.556785030292 -8091.521039843344
8776.886234190628 9211.825520024235
-3570.643397841184 7044.012691649641
-3143.12690098008 -9608.96887233321
-1087.1419288323978 3434.677318796712
-5935.185633574198 3430.5002072450734
-8142.539645243041 -2104.263628972998
-1615.0108902440734 -2018.3757303956008
-2007.09528124398 5545.654655691533
7200.108766164638 4070.0289109592977
-9375.1635088238 -3287.7014625880174
6064.451230815621 -3745.027486255459
-7817.728714031831 9687.238171926474
-7329.650928048552 8060.9802802197555
8273.659189064761 -6115.572996371304
8479.332085988393 -7267.869008728631
-8392.378301886749 2354.0643260956367
1915.032713514247 -3933.561601479747
-627.2772233924552 -7378.022162389252
-934.2832783917966 2419.8084722237836
7533.9138778712 -9530.609571334864
-9479.889302188403 -4073.91868350969
-4008.4183080443145 2537.480373331553
-3739.0494623526947 5561.695540023706
-337.6073056424775 -9464.34579083306
4466.482105453466 -5109.453486758353
-7720.5706618790155 2351.9995985759106
-5379.091442177104 -4843.355325115428
-7927.619316938044 -6491.0846600062905
-9489.432120465404 3849.2015680382247
-8523.166918761144 6176.433400287144
4483.405614926836 -53.18375631207164
-3365.005598358058 2350.296583793437
-9224.91305238947 1754.4491273034855
-3311.540596090068 -7178.623174131979
2755.8727645356703 -6421.077948207854
7726.908102570178 4207.549458525995
6628.167626818649 -6554.30944188737
-8255.089217139293 2588.6772486690606
2405.4288910426403 5641.690438139121
-2927.7072633711578 4179.878329446179
1928.9079651427583 -923.928438269264
3481.7953386231165 -9002.199175874925
-6770.531204144596 -4717.3245205853755
2541.0500310987954 -7380.866632051088
717.523184229989 -1654.8618383418961
1764.1611082747095 -6099.859765750331
-8515.107887658825 -6892.462586127932
9731.477554251804 2920.512694040506
-571.8101465549043 -2259.476789500277
-1415.5838620491722 3434.3872361923895
954.1034270713208 2064.919085749494
-9834.526367853627 1755.886377545905
-1297.2713141388613 -6008.207722844852
-7438.143439584233 -723.9072890007465
-6974.099349621827 -6979.957310331049
4924.424138811377 -1297.1243887300316
4883.235138836846 -8060.426620017604
-9828.061989492577 4634.543539734219
-1630.6142589336378 -4279.847042947471
7553.882559015445 7222.806436745279
-3738.2037173874496 23.09510609535937
33.40017577859362 1450.0770659513983
7779.014083233367 -9145.06997913701
5065.176851044438 -6059.332985552195
-5834.593155134711 -8410.744652725734
1581.3832624165425 4244.961726617445
4768.912000681645 -6085.000856215482
862.0647904861453 -1819.8072635039161
3954.220659480803 5226.3518981711495
-5545.345630597347 -2919.0358365608436
-2505.409521205639 6551.65890702379
8420.561040643373 8707.19997807658
-3988.746741296376 2325.5928259531047
-74.93071103969305 3076.736314078902
2580.170423253947 -3859.0412298628025
9550.066422259628 9634.29889508701
1801.666919539819 5073.518006076962
-9302.603780085346 938.1343015509883
-1570.742788769705 9255.243277727684
-3936.0822892046317 -7559.890508492668
5079.75941700321 3078.4522665355125
-9592.3732369991 7954.6090287809275
-9402.424754942176 9745.296356614424
-1312.511715072571 -3943.8974276948866
-6678.215632187461 1834.1160218392724
9147.895767361475 -6085.218660297991
-3194.4963087046663 -2863.7995538786117
-7968.03712810721 1974.192636605576
-537.2763279276041 -8776.478263310602
6346.140314651959 -4605.6650516514
4168.622476060118 6040.048524448017
9461.909709803513 -3671.7910537069856
9015.144555905288 -2733.725498986514
-2671.3810370387046 4869.345212726948
-3775.596091922597 -7711.379653499038
6684.776203774647 -4097.6319005164005
-7351.742896792271 5312.41176184241
4893.416321559727 -5891.822896065426
-7666.827141583499 -3510.8412790240527
-2109.56428267129 19.872704908499145
9305.305226532582 7885.894086200649
2223.05959210965 -3704.9332779812685
7031.458202367718 706.363549567981
-6731.093639487928 -4735.23619201587
9937.410988583983 -4619.115168291146
-1535.6271075891636 -3661.4765656647232
1915.8600915591232 -1026.2660573306057
-8265.630434801496 4990.148237341324
-3068.0008851489047 -7186.063887499258
3303.690782908874 3817.6671369100804
7635.564255429137 7337.380455770657
7683.610948142919 565.9292676483456
-686.0725796802053 -9164.794026857127
-8134.441548834051 8019.631903111436
-1428.379699438192 4135.430757377631
-4382.987704658114 -3680.83569930308
8797.44626549827 4201.838612285717
-3736.9551080939736 -478.8430723650963
7781.113269849779 -3783.839839608132
1450.2146350665043 -4879.827254820206
6767.1141058001995 -4083.3783091131017
-4872.2089755960815 7767.496179120684
-5215.6472684391765 -8202.036675778241
-5655.416531701576 -3432.476987464608
-2734.2067073973467 -9764.94281390501
-2552.0813622045416 9101.763050044974
3773.2067231219607 5674.299602652471
-2115.4052171699186 4725.021362253294
6067.847974616065 2743.9620608089554
2041.9267254382576 4697.840970170564
-5181.300991755802 7466.735348288246
4430.270684585756 -2636.175191506484
-9084.323248454697 714.7282064558331
-1003.2999441810734 -7150.0143400703455
-4343.996918322013 8629.201492491815
1472.7914680631748 3662.809911121669
-7002.302392657655 -8065.632683266715
4397.75102770667 5072.23851613009
6624.95182725726 8906.602377621592
3821.401783581394 2320.3165337691407
4745.912261600053 5217.459868058433
4679.825468501944 460.78082967148475
-3655.811634093271 7950.8934154332455
-9550.255571242818 -2969.6071214093126
-5968.822251811285 -9197.857939891794
-8074.005831461859 -2227.6467549544113
-9302.912420905248 -7202.247329401245
9829.74165706984 -8723.332116125599
9834.306250208752 -6166.752641004738
-3556.644107098119 9671.862859738441
2707.5680329535644 -3093.0233908035398
2581.1508254141627 9396.978635280906
-528.8776585341748 -864.2678248720513
7943.474408587823 8602.30788673829
-4116.077850578526 -8530.282488466952
-4735.0828952779575 -4128.130808888026
-7550.403273609254 -9518.487995946867
1655.682272099406 -1269.8623410931486
-1391.2110310112148 -5314.304379628358
4148.452906773131 9790.095475931208
-8962.811838192212 -7447.173017494078
-9298.636366489816 -6580.819866407974
-7846.605479818594 9713.504268984922
-7229.0366759921 -3555.74392979598
-7383.48570839839 8805.2681053483
-8942.645088426734 2686.256911413884
-105.81630667092759 6997.135546677877
-7863.052019478354 3009.675056617678
-6092.522137720047 -6566.4138151354455
-9563.421870909066 91.61599045107505
-9690.027640957536 -8328.14527002294
-2634.0021540053194 -9740.33982198424
-7866.027224227439 643.4101787355467
-2585.9627305299646 3517.29914051557
-8662.26069239062 1752.5422454458967
-372.97826792600245 -2729.7344031484135
3213.2942122893837 -568.0049689912448
-7873.702042895101 9286.577844033254
-1334.8131012541435 7807.631243311225
-2814.983894421508 1067.68087196727
2046.3813028919867 7081.131165815761
4872.5845478036645 4077.576029322734
5538.194021225927 9821.769531638696
-5611.488701084731 -1828.6303688499102
-5012.987140689052 -434.6619866717065
-6054.394157808562 4084.20862540672
6661.287718628504 -8049.677821675119
2425.8171398106715 -13.911951065305402
-431.91670044133025 2078.4604456710767
-979.7509782642137 -4122.438832305888
-6230.74515444908 868.8502361661249
678.1893088262132 -1004.0956270713268
-8436.914315630358 7881.804658385692
-8571.745340544225 -1579.1719902270233
5448.025027910737 -1579.3212309717128
2498.049728564318 7713.344690746799
4460.920807379018 -1323.071648149853
7647.007487576797 -9309.05147324426
-1217.0568375584025 4265.692465597978
-5759.625902604682 -2663.2097958550057
-8567.834040405995 4706.215638772364
-2669.4407985404987 -5639.95141638447
-4587.4406982623905 9233.471273681356
1375.3853850403138 8069.254629706447
4864.920969964436 7784.359131754434
2211.017237007043 5989.830677268519
-433.9355582467633 5083.900914264021
510.66506173681773 8051.660287148334
-6451.641264892254 -4536.124386267724
7198.413565704719 -1807.9804211936262
-9337.509627641524 1378.3750296348553
1150.817153031494 2863.741047566735
2582.1102079584634 -462.2176353523664
-9992.807340097323 -5791.9944564708685
-1950.1962530160636 5164.722781706032
6022.803895472674 2545.7000904198176
6089.598392410475 -2917.4494366210492
637.4301392983489 5360.795342449712
-9537.982848684333 4178.977313727526
3795.0813797244045 -1906.2578520950392
7813.455635058868 -2755.5250917713247
7038.913055590627 5832.407371467514
-2227.5561001927736 -732.880363413562
-6981.340828218841 4382.608334541455
9671.14725477152 1972.5703615638813
8286.209270504904 4219.828393451271
7621.218594910733 -3270.086796122174
1118.2064873520958 -8531.762140025505
-6651.0771628129905 -6098.872437684475
1592.8471984062926 -3677.3385360939055
4495.211816922236 -3706.036412074227
7261.336211662954 -8776.317214338873
5012.223748298638 9585.055842338312
-5507.2706546135005 8615.587512848073
3838.4611283546546 -4587.878051791592
2934.1841243380622 -8738.602111720355
-1789.330166651127 1291.130638186869
-1483.0882061105767 6858.765514201383
-1228.753686301172 -4403.642087319419
9051.413876552531 -6904.965974302655
-4944.247187887289 -4451.726808771039
5693.863677029431 9299.300420863801
1995.9305914511096 1486.2323353651882
-6571.230300522988 -3506.1433786967646
-9250.642600356643 1659.993185731295
-5798.653310717299 8916.895303093745
-9532.304727766847 8356.08497088241
-2553.6966321083846 -3017.0798042619554
-8458.758909174256 8382.109253828457
-5501.978325840073 -5833.177022159257
5408.290642963693 -1235.927851352135
5730.402315374544 8442.113558282366
1193.5884224048768 -8031.118277699172
-7737.076919401203 2673.334311730565
5240.932786082058 -5953.824999161454
-2317.2645588359655 7757.212100364915
-3969.221749573235 3790.675361292606
9470.915928276754 7326.631779804422
-5975.536697669597 -8641.699935175906
4684.25527701654 3476.0555287420393
-6347.528636902968 -9273.716321324788
9932.26817596698 -763.46872582377
-7035.093734545628 1969.604586079622
1802.3684347997241 -4577.023695060456
5388.163374494259 6533.033861291671
624.4535801730162 -3004.058510234522
7582.538036224647 -8489.834786966218
7829.406893667136 -2775.392589690766
7571.308878038675 -2602.199520479824
5144.322259501689 -3292.7210361134994
8112.604413150715 7876.117194461884
-7519.474988436612 -1299.810214091989
-8288.84400629963 9872.052569822099
-9391.246991071617 2224.950034002599
5717.801790370608 7495.39126453963
-5420.859932242905 -9930.492380482916
-1359.5894501189232 -5605.940321484794
-5668.081530061617 67.02121769295991
-7909.34692520239 -4342.830783308816
58.0529930677676 -5068.423849654062
6716.851599595193 2601.3798423096596
1607.2862904065714 8449.204659780768
-4976.101241701956 1608.1855003587625
-6395.636928829617 3967.205544378552
9157.032562056778 1636.7564299520436
-9077.516941137575 -5105.717316132074
7527.033747969468 -5880.9986447429055
2776.309542353514 6318.566852011103
580.1823877292882 -6349.451540357291
7935.143401944628 1870.0964540970217
-6932.890394764669 8223.371813694175
-1579.8405934555922 598.8864321592446
-2159.5594090900813 -6297.181216625687
-5462.13090745876 4909.225317583339
-5488.070332418355 -1166.1644872112483
215.27182377947793 -7514.610956968694
5225.544571218856 4268.204305821999
4340.426368872586 -7336.521891952685
-646.2380809419683 1936.6498823401398
1175.4591539916655 -9151.378204801586
-899.9015512946644 9546.696950269816
897.3064610244382 3346.3276004501186
-1208.3051518053926 9069.195540704699
9934.773097142166 -628.7230680163339
-7928.452950652802 -2216.54388806322
8.76545524811445 -2983.5934340577787
3250.760116375728 5782.978573910674
-5354.1617892578315 5609.643397627186
1756.980242342357 4800.778777989744
2423.48413875428 8155.192891637274
1915.9486164265963 9795.352593214786
-2681.1379891498354 -5549.190818437264
-5771.10977711244 -3054.645239870948
8270.958441887433 7992.012198299184
-1140.7567025810786 9533.085819065185
-7570.559791699834 -2081.25843195794
-2781.9887368203754 -3346.071102302639
9551.752924769236 -8970.523371230407
3337.7954844631913 8770.899109987658
8623.28911746704 -1717.630485383179
3151.3637802764442 -1159.503663906884
2013.7402932614605 5222.490475397821
-3158.631781494565 8068.100631394598
-2653.976061664147 6418.791265400792
7103.629114309118 -8691.843834293855
2742.4541759302338 -9736.055551455605
4467.17110972181 -1293.5585562941833
-2773.8846037836565 2384.736041982127
9739.976716670884 -2611.25151692444
4793.67352750246 -6569.777153079209
3200.215146912091 9832.313979490475
8039.138224462964 -9850.599317265798
328.4744630109235 4013.400010475827
5196.374682181184 -2560.347266594412
4677.308827241544 -5493.575009411824
-6918.549915982344 3441.7902224064364
-99.7963583528308 3417.102888596348
7654.163908881092 -222.98345412097115
-4987.17818644189 5364.061209628158
-6218.5836577131395 4665.684921871345
9635.202030657154 1680.4495433462562
6273.325448669682 7937.252925379398
-735.6608772379277 -4410.922630246243
5376.3087253453705 3835.356630433156
-5447.635488123572 -7688.345947097401
1645.6036979281234 41.474492692226704
3116.338161931244 5904.730340400647
7483.00295173335 9485.166974352185
-2418.578494180141 -1928.019915186971
5613.846321878744 5278.423034338966
9360.004016086652 3284.481721367076
8390.600232595312 8506.162952421371
4095.123930697124 9247.70061386473
-3951.363650275366 3624.489189948461
-8252.688122965366 2085.897868431006
6903.098491485376 -3137.1986108321435
1979.7589928513407 -8428.279929644848
7964.033032502593 9295.4235094771
-6202.494124749689 3310.771033856907
560.235953413443 8142.9269162243545
7322.117316153475 1997.974145698252
-7699.449740047015 7382.859564761722
5134.092028367377 -7305.4149183825375
-5935.365702438872 -8105.876541450932
-9208.953702494146 -4468.258369707812
-1296.5051492949206 -1871.2223770011406
-7069.524090656296 3328.452291893527
6743.365662369815 -1300.4302925082502
4791.702000348847 -8681.010677965018
3624.7933630698717 8291.033887971145
-8957.635016958058 -6483.355434333955
2872.0690583019314 -6053.4765252321085
-3529.3644835947143 -8802.126795456841
-9923.57011024945 -5946.922888908035
-5594.931848554552 -4427.150432723246
-6310.261758196368 7240.5518492819065
-3350.1674849439887 8915.524235028945
-9636.382923736679 4930.980111286493
-8726.191865087912 -3741.7333778905104
4932.312417222862 9418.646803010928
-232.16509296467302 -6786.757910097385
8125.832512133486 3130.912625140272
-9114.820323278967 -5435.32217534785
8713.186604804567 -5885.6653257718335
-5093.936509148582 -7016.778219211524
1013.8396054156747 -2189.8239772123507
9117.874413721496 7545.613793451081
3578.7728925054016 5827.918131196166
-7021.524573996352 -2300.0615738279603
-9669.180125803305 -1305.070261761699
-269.20398739297343 -101.26194567619132
-8432.762692634844 1454.9681343172433
162.6734642508818 -8670.68326950538
8965.741279059534 -1492.270199397406
3756.698484564815 -1997.4196338104111
6098.530560166993 -2773.8090601852173
-7349.402942287573 2918.8049424832734
3947.0878910392694 -1341.9902380511976
-5370.540196070421 -5889.26194649952
9523.847382901706 -1988.1978829410136
-7203.082807561074 2071.4883381941454
-5054.922245776439 -2351.3778269212416
1623.1298530675049 -8593.324489379209
4162.633159802979 -9056.478851283357
-8256.73746696257 -7492.647387174363
-4949.511275901111 6651.574926268517
-819.1338397756499 5622.240495102797
5655.263779783696 -9692.676198755014
8596.400068092447 1914.8389323020147
5158.224058178361 1706.074804807693
-5288.11084900578 3923.0313985200773
-7540.476479483617 5660.067176013628
1238.4965008627041 -8704.199716374274
-1716.2638010922346 6992.018965883399
-7565.4184439860255 6763.731578608997
-9680.991170861187 -9876.88088485495
8847.582233890935 -7993.004042384051
-4859.559921649122 8632.042971352137
-4156.148970447211 3416.5394279499924
-4468.418531276666 -9193.885528050134
-8793.650592587193 3701.2399125076718
-2693.7654663377343 3475.2638577713824
-3619.1096926433966 -3124.1794552595566
5845.9912958987225 8313.960830338936
-5122.599077180885 -8628.662085122121
9307.26241779056 -7684.165540173569
883.4505311499124 -1157.8942364923878
-7185.197877458853 -2709.7750252262795
1323.0835501851561 4699.9266731757725
5947.031421687514 -8000.5607171144065
-4605.237782833793 488.5582820695363
-5568.260116158237 4950.018075776956
-2951.9769057974336 7918.350307358385
6209.020679036223 5870.852460156066
7909.216962912156 9713.037367882673
-8118.4104378782695 9555.510743553426
-9157.509603809107 -6622.306520615337
60.8991930872362 -2984.31205883811
-2367.0510111031717 -9421.115586718392
-769.2343978681401 5787.196063754527
8204.72255402348 -2964.9007734996594
-511.5201844884941 -6250.5368079255195
3337.4291624961097 5647.550627110955
-113.31788180395779 8964.034599157032
-1979.674991598963 -941.5081348520034
-9912.462947966882 1807.0989550248614
8384.203299114746 6906.199731846937
8654.046585854361 -4934.403955977318
-8423.121569727313 -2247.1635652983205
4541.606315274559 2685.989906984787
4998.898563687018 5993.403910627527
3216.2001891212676 -1490.6671439865258
-1008.1264753595424 -9988.944206081456
4313.900797192977 2595.7593776143513
5372.622168086218 -573.9391401409866
-6130.362990323494 -5363.8975104196925
-6867.896503000168 -3507.272548424631
881.4589621801788 1467.8313275355085
-7831.122769434691 9530.657195363587
5339.817331488779 -1142.9331498227475
-3897.3631493824714 -5266.306089830648
-7160.342805922881 -3522.060846071535
6014.120141810485 6782.002044422294
9506.405310038943 -584.9041249796464
8383.493257353377 8389.70189862858
205.2070056749144 -465.29711421743195
-7449.91137493322 4252.555922666381
-7133.940160300726 5713.795962127806
5692.149491564147 5817.202037737332
2245.7634463377144 -6812.607601452248
-3373.9800824657577 -124.51814258479317
7560.891732100346 -832.7102936744504
-6349.996912820563 6194.4316157906505
-9835.729476181217 -5593.992832563137
-3791.113676657107 7224.539833100189
-199.2715929941878 -1476.1238423829473
-4669.086296058272 -3614.0955814088893
-9033.830767176187 686.7927223223232
-6410.224835102854 513.9546496168641
-5492.705112810163 -3383.3101350373827
-8230.050286110925 6753.434612638925
3837.5878969167716 -2063.674335418026
6464.534571445092 4521.376332093556
8.44767947758919 -9505.512526167817
510.4652094789253 -883.1809273367708
-4637.35109001584 -5412.715720406311
6466.813472767793 5137.065418092901
1610.5821053608233 -8114.314047970194
2267.6347954199973 5067.301129032121
4908.006666469799 -8600.962947731543
-2268.382614144358 1242.4197275373135
-2122.663300661292 9948.7801690725
-9213.438618167325 -2163.053168288189
-3497.247296253032 1396.1665663563344
-6932.4926806143885 3620.973600270154
-1557.2753738724423 3262.2586882152355
5973.098794931186 5927.047318580944
-1458.1990913109457 -601.9384580501592
-9684.431698750366 -8395.005597817637
7186.809029367021 3007.150413787942
-4624.505858953176 1698.6874744787856
-2359.1116352292647 5592.696727093329
-3526.732447620977 3160.7967049917916
-397.94192558075883 -5704.680090144987
-5905.005130570673 3128.5913395494354
-2028.6886027166574 -7392.272413529932
-7838.66895271073 -884.0958439885126
8178.493766667987 7596.6406055961415
-1796.4714011104625 -8066.620762145615
2402.522409218451 -9467.976771634118
-5988.235703956951 7231.182572238024
-5364.231927259982 -2781.826908849498
-8253.408435987907 -3734.642633383216
-3219.2856330276527 9340.765555962324
-2444.8615115364782 -3178.9339205426104
-7169.714954584312 8788.462967173476
-7590.533289988482 -8817.036060777928
3671.512716972509 3177.2382331698573
8185.2709645396535 -374.9931657546422
-8834.500053546355 2700.10020399765
5924.896414112864 -4900.997989930105
-3105.0890198896423 5944.4264475083055
-7220.578401109557 -2366.7311915446307
8333.513621061771 5463.647768124612
4300.3360779365685 5409.776666902626
-6819.440178696643 -7340.438955977021
9552.133914218186 3570.1924487804536
1216.094459343758 5926.075064440003
7942.9101415016885 1508.2677617867284
2271.546288105592 6024.723691407011
-1279.159127510069 4738.056204411949
8773.245155372188 -1693.180103879109
-3239.797425219959 8384.461081778667
1804.7859797001584 -7333.356772948742
1561.3672880211034 5924.657116021543
747.4473442755334 -995.4014536146424
314.99907607862224 -984.0399592566973
8296.147703857063 -1501.1964325173958
431.4450859101544 -7922.262199806096
5011.702967117675 9128.09677376174
2112.110201962234 -1247.990712981662
558.4418768519008 -2341.00294379773
-2659.6259049437294 -3550.61544426617
-7610.502453658008 -296.3388239842152
-1904.6006364837822 -105.9508208510997
-3119.605540896837 -5524.564560253646
-6357.049291314903 4913.520498708103
2774.8165895223374 1513.1143266816616
-5566.8579175593695 -324.07179695090053
-7705.266937836514 2914.5545791543773
-1564.2119880938244 -7840.3805042727145
1380.3333006472203 6514.829679623905
-5330.160005259137 -153.10041561638354
7263.508062903944 -7036.367610762974
-1765.8474595523276 -9534.232366451779
-1058.1063987269208 -7198.82600064291
-8677.387431760988 -8939.472767624788
4108.775509538371 -1598.653870949096
5507.446187475296 -3245.8090090432097
-5292.5700971935385 -9954.540279950417
2000.2967271935504 -9727.379138668117
-7483.23191740617 5409.393751377858
8651.452909211359 8632.384348627042
6038.417860333615 7391.519312274893
-4876.623394806501 4351.334813831132
-9556.32610807155 6478.305881651548
-9024.519018564975 5122.956771695659
-6547.988725452386 -9260.967115433887
-4677.133979977551 -1897.4547835513513
-8248.84451762106 9060.571793024326
-8717.479393408677 -7214.675024542385
-5068.027200541376 1377.734062847183
3596.2722991580213 9913.638650864366
-3100.2731080121102 -6575.796287157087
3620.5438982996748 2932.376220374752
8336.532195170308 -7076.383416888619
-7701.233417200599 3218.831590593132
8028.118304172647 -840.1322553909049
-1216.926549511143 -9354.772972556742
5731.288740326736 8510.26798152526
47.68073942673618 6989.15006088269
-5253.245964598676 4794.700525287577
-4862.855121178655 -8710.79532448184
8475.290884617309 5188.453860409756
-3381.5351875298693 3450.191305223645
1973.462819913164 9965.946607559697
-8643.216567842072 -4765.829529928183
-3111.5847306263604 -2512.915968340175
-7089.7827645234665 6230.794084793379
-3860.447459451734 -5392.472210730275
-1359.873530775145 6482.3172584141685
-6671.835661433921 -2911.3268617932818
-3941.073050241248 -2854.258668570351
-8905.629397601988 -5397.317193070466
-5011.688548800475 -4093.439074090211
2504.020612476259 -9427.564749277117
-5223.457506864531 -5184.37568634679
36.4744987489521 -1644.205871042006
9124.256924040266 4802.653132813122
-2142.5325413782484 2178.1257852316485
4993.995123805935 -6673.016755349965
4799.5407695773465 -6263.472102442913
6629.462250752305 -541.861248452833
7835.813389128045 -6456.237360770505
-9113.69628604479 -5864.1356304197825
-1178.8677172929401 -150.58328108865862
-4123.050753921273 2441.2869031747796
887.9385108089082 -2629.651614355057
1357.885645913042 -582.0970523055366
5122.455167131913 3082.003154973936
-3661.530463342475 -8686.886758565002
-6989.909826627558 6966.720206835427
7066.1953359861545 68.07052749750073
-4372.774522373226 1884.6758517002054
-3155.8924953438236 465.626704430264
6669.851061373814 8627.649258934605
8061.81923814696 -3446.799748223908
3147.7714067188554 9735.317498096472
-3627.600789342331 6789.420319487923
-5063.590691470626 8798.323152297195
7123.149697756573 -4179.575730605776
2366.4981266892773 -9258.105088182856
4949.094620612044 4873.733171805796
9645.24806856033 -7021.678831586735
8863.767848609648 -7535.358389966876
1140.838842502164 7336.1114887593285
7232.685469778389 2442.1077417651795
-2574.6118555058774 -1681.7753092758612
9690.649727840235 7358.145979418707
8459.81541304103 4511.248885120793
-3635.171080308117 -8273.23251365316
-7582.6981443501845 6861.975896978911
8691.333699591618 1945.5355565043938
-9619.66087490448 57.325470939562365
-9336.214086186177 -2515.1580012227323
-490.37376919402595 -8611.886667516124
-5471.8341048132515 -8592.966196882895
-9728.631728044315 -4753.308579964854
-9260.99695320531 7359.561492596895
6922.80071032307 -9196.990220152395
8417.748796691998 4893.33815212791
-5305.944941792182 5423.191700660034
-395.0364414692631 -4710.454886943136
-8032.247173641027 -2960.7617866466508
8273.722337597817 6035.132290177686
-8753.996898050966 -5051.986595485598
-6627.571629671285 -6330.685492209085
8807.758087030812 412.18752827123717
4091.0007103581174 -8069.62214206202
9697.760456422366 5955.353595815772
-4904.80409639692 -5035.850141900082
-7948.400529187258 5388.05755853224
-350.4154312428236 -6187.482143329601
2749.675233742464 -4628.978713143963
9350.505323710604 8482.415183435653
-4993.85126629061 -6283.644777912068
616.0847788561096 7602.709819238833
7737.237113585896 -352.89191739018315
131.20524382413896 3008.4854686174767
6416.498958807977 -3119.9848020980016
-5878.928702988377 7549.21850114044
-4386.971011704431 -8334.154875859922
-372.18225314304254 -9000.613219850884
-5478.231386402011 4816.277851745159
9890.37900738234 1157.0922591858562
-1466.583353366832 -734.2243420414416
478.61722714197094 -4951.7125654010715
-7745.293306326979 2861.437830961446
-1991.5059188065597 8611.248850080974
-7621.900295452084 -156.6324333904886
9065.852866795962 2317.958388956631
2413.220261284894 -6127.39963328572
3392.1450905826605 -5103.909802819233
-4469.352636141226 -9516.810027772162
2436.2412520188973 -2352.6711540107526
6631.950530097634 7479.560343007986
2052.2222902868143 7814.780053306251
-9751.85376946812 -1930.2204105553392
-3576.1535296356506 -8965.737751944933
6982.024020017812 3419.9353595403536
9222.155409467934 111.30157469756887
-2051.914885445085 -1165.6801036898833
-2446.519398269593 197.68058954926346
-5972.898493818235 910.6748512276299
-5569.131252421728 -1101.5735011799006
4740.600913846287 1789.2622268734885
-3697.2498602542573 -6077.845378152158
163.85143498784055 -8990.926935809532
3598.4425754587046 -9405.287803961364
-1465.7899428339679 -4495.990381083694
4300.862331825518 6888.095480515705
2074.972468405058 -6083.593986108711
-6767.39514902377 -5426.337986833296
4043.152439686901 2674.7908813507456
3042.3305346284633 1690.6618813784316
1122.8881041561326 8177.321268292824
6804.176438942239 3728.1692022196385
7024.469494971956 -8058.151454000355
-3306.305191635979 -1249.4838199505484
-4487.757943680297 3728.1088773669926
8379.598762000383 -4846.639072096195
4072.947062307403 1407.0674232123783
6571.38447871706 -180.44895889567124
3049.3168969148956 -4253.034546488264
-6411.335460971577 -849.0124678902885
-697.9581380836335 -6694.835703210955
9868.850363733196 -4215.29056833059
-1673.4990822772143 1259.3953704241485
3005.579196638273 -241.54001111524303
-5761.079998171814 4281.573971329119
-9788.913609113522 -5526.9721187447085
-6840.070859825065 5451.8555715579605
8021.478527701875 5005.676406816614
2261.7318423585366 730.1410316061101
-7385.327078967616 9161.024679520968
-5891.575524355126 9646.782144260837
4286.523774987803 -9897.247417756458
3907.2479166846733 -6356.243747625321
431.4574811544462 -6508.443155676955
-4098.13995341052 -2107.8824813167093
-7200.295070757404 1761.790754700076
4376.983064691731 -7568.9400177780135
-3145.990456055858 -6498.722484486024
-5392.927007787087 4118.464973660595
-6275.528517349145 -3144.199773090042
-430.0711407855779 2152.3268529537763
-1439.0395632376167 -7538.192078911201
9359.450024041962 6816.992735926575
3008.320383926728 -6382.091081882167
1970.023717024218 -6372.327235421553
-5919.632150757055 9237.759892481157
6488.312223864861 3191.2189742205883
6884.4626711450655 -1416.025404311531
2716.4853930463305 870.6962622054234
4449.218257260265 -4135.27290107842
4864.22694901461 -264.2037506436682
-5666.305196725479 -2518.2632090840307
-8814.8708593195 5300.688847421781
8747.198834906569 5050.371589927276
6296.362267508319 1195.4229965234535
-7415.398618072653 3269.6215712387657
-1591.2045083481498 -8813.470530292698
2082.8606658625995 3301.7335015911594
-191.9794202912799 4857.007008389903
-4269.78605681639 -471.6662326964015
-4334.983250281317 1775.3984855099352
-1389.6980054136711 -9618.117977922531
-6381.530617783288 -7871.792249782004
1539.2452094355995 2408.352254341309
4559.044512535716 -9440.573222423283
-2845.508310423861 -9200.958418532115
-6340.805047186508 -5644.522143797894
-3459.966237088587 9336.465419495078
-69.6387934764407 7133.412788964684
-7976.639085925172 8031.31091433053
-7547.294594177032 -5165.267424608084
-5544.683704350748 7684.457199157503
-8089.194153341606 2096.7277836868434
-3415.2128002155387 -2809.8953611808784
-2817.990656252152 -6032.22726818439
-1934.0455000339498 1603.0821590616688
-1537.5649311183315 452.533594755816
-7813.402124122917 -3174.5612740350944
-9221.110150972434 9517.582069551449
-418.25685807654736 224.44611065868958
4723.244729660573 -2042.5565466185435
-2.287868511804845 5576.188161864149
4859.104959154645 8915.628868698863
-402.577939501949 -4564.079247251149
-9511.121664194457 -125.25505532132047
-1651.4437364298537 -5631.559588401984
8332.63720021828 -4425.707147990825
9712.020572109872 2428.7146433517355
-7841.553145982514 6584.31225637464
-6851.133827114018 9865.066878111462
517.1136363569476 -3842.455563093623
8889.65389397214 1224.2318220030738
-9527.413985740624 -4497.6665286058815
-6038.990277130074 9869.643862503472
2582.530186059741 763.0016739948733
8639.90170504403 2381.3324898482642
371.8725271810581 -6236.021568315508
-6693.046694063778 -3612.1570162189555
6155.393765182802 -7031.51179850568
7095.890395200458 5087.632879173165
4303.728458935742 1122.1294968920593
-8213.008030070865 -2950.5853330861446
2910.418242794716 -8303.780506150617
-2931.7919216807486 837.95916677694
-4694.063475278438 7515.300874262728
-3411.6228649494687 -9406.103868863915
3977.8911969843284 -8152.260905173145
-1847.2295073672958 903.08585730507
1194.8906270034531 -5242.123855052192
5961.956336574676 -2876.8371320276165
2994.8395591294047 -4337.267141593997
7970.770887357448 -9208.115929228343
6186.710807248084 -3194.2188305739473
-2755.0399332320176 -1176.0483863325735
1628.1232037001646 -8245.15368495835
-7381.167534015609 -90.0004194352041
-8720.660364441934 -1949.276661672825
1008.0547706832513 1863.478424855928
1397.5695219233312 3777.6261830601034
1407.4921639059085 -381.8078543598276
-276.2446834857237 -5903.8795391559115
8904.787383491413 -4838.721478951879
-9372.708999609089 -4326.282747756453
-4033.859559761794 7893.456728254696
-1087.5836995616392 4467.843849519793
7801.548957682204 6740.389863639808
353.2930314865116 5460.432530119135
8792.536175761219 3796.052627515777
-4986.9292587667305 -8287.09976529936
-2233.8209574935954 3361.0102642658476
8015.5129336321515 4504.828623066449
-8674.965083109397 -54.43306844917424
1676.0508054203365 6339.1784085464205
-3506.659996881085 4139.747459008808
-7237.5979724117005 4241.406775957008
-3384.3607241969376 6209.134593282319
9143.17816998496 2049.3868710167244
-2255.2178032628253 3857.5911962235205
-8803.81376661953 -2714.43546110631
6682.009279594655 2804.9443638336725
5086.406227079069 -9277.696837682353
-3617.373637946468 6659.731989895761
7386.919865305743 4895.9263823791935
-383.44913367513254 6024.148269191242
3504.3233960414727 -8405.535716527935
-2426.2082611915957 -4149.652013296445
-4016.5287811636217 7738.675994307254
-3469.28996097503 -5225.6894303297295
3004.64350781909 -5904.577683235315
-7256.31400803852 -9514.510483917511
2249.547325304942 1907.014556792159
-6587.403611047038 -8852.491923642809
800.8057250992169 -1210.3126538438955
9857.295143122654 4467.185006637768
7852.902875687352 7148.871461520634
7976.063350162087 -6783.779404703214
-6249.1866094970665 5878.487004823472
-9394.216525796144 8841.889046519264
-3764.162737898735 -744.0086853932189
-3420.634232578641 3260.123522608201
2766.4317329523365 5714.463706840726
-7923.257350965312 3006.4065529034906
-3604.8745166057697 3567.525626785082
1291.5258648453619 -373.0826620152493
1920.8733775269266 -9217.56155687883
-4513.797448899486 5524.406824653081
8899.490588729339 -8458.753665600352
-7815.473441855938 5430.314513423471
-1416.9052818343516 -6400.639738515612
9550.540847971704 256.66338044853
2972.7534217648063 7345.517444640132
-5070.539335347555 -7711.69169716193
-4093.171328737124 -13.424473623328595
1076.4033335477925 -1491.86470638617
-1529.219696654578 -3574.861774807796
-1225.23804240346 2304.851230970251
-5997.520895311023 -7832.468243229738
-9653.226302186928 2895.0227966869006
-8419.644376382752 -7005.808003421205
4984.638125093703 -3501.932997805008
-8880.000072913648 1144.0487966660203
-6118.695671807513 3634.916294223458
8068.099832471842 8409.02035485937
815.8359016805189 2878.1190282747557
-8829.110652621932 -7195.722071822291
2149.0457491230773 2963.166341478869
-7092.4331972228265 7374.448687324762
9110.862158156451 2377.863020948571
8917.414391724433 -2784.5223416910185
4811.689135150467 8378.600432979136
-9887.365948244249 3936.3898124005464
8585.780935735387 -4160.591512461347
9157.203489433708 -4445.2754457729025
1075.4533946895754 421.7095392656247
-8394.677373812263 -5786.04973470795
4890.721088140908 259.7122541237368
1231.3208739577767 4130.694563666966
-2270.2602465791097 5688.430384836227
-1053.8406082584715 7824.160845177514
-2478.7901017225704 7498.330493589576
-4816.046393066822 -50.372318160081704
2450.6786289389456 -9217.350465188501
6755.219873214057 4952.4620549585925
-7341.536690200483 3650.4552143263772
-9098.165640870104 -2721.3878534611413
4947.6933647521455 -2089.44903798832
1651.964236971724 -8977.934993706564
-2983.243664149817 -7711.643528522798
-3438.47267099876 9659.3047481045
3531.20874449433 7819.935993193732
-4457.998566869676 5915.314099584797
-7224.001228139127 9774.360577843861
-2287.3003123608514 -3174.7829715549924
-320.37546688947805 787.6404353782309
-2921.100695828687 9700.176671008383
-1322.3612683974025 5848.483341180139
3325.5010134450495 975.6915553660074
8183.682412912105 -8641.832500786042
-9870.831624036195 -8185.014232757757
7362.02464681058 7693.850542129876
130.18547328438945 1859.6889566948885
-4553.648223329736 -2463.3283978887375
-6931.4516862395 -4335.440697168489
-5974.653985602276 -9316.97725761129
-8422.910770342998 5122.520778304059
3516.3575302365207 -9860.588778942756
-2262.2873108035856 -4419.179878278481
-3525.723471966513 4008.3555942658095
2745.0991717559045 3368.6406548784635
2433.4719395921347 -6995.205000003888
-8114.472849665313 8101.043645160702
-8343.546561839848 4399.517658607534
-2473.2723148791356 -5606.370695433189
-1536.293659197794 9768.15224569801
-6072.020826014279 4516.858968610817
-1255.095888763928 -3868.708909193512
-582.0705912522426 6038.490455721794
-9197.48642809464 -2096.6531984067196
-6149.0931072482845 -3352.8754235637634
3854.5606358236273 524.7809271482602
-7759.225156628382 2119.388299485574
-5675.863501819993 -4265.637695748428
-915.3484164777747 -7212.193227815979
6468.972701253446 3145.1587782540737
2127.1124384476843 8885.951176018018
-9044.77682442714 -6880.01637656435
9178.760266791447 5791.986314563301
-7344.645022877381 -8100.938553534714
7091.34162114056 6461.259422136925
-2749.1650659776724 1514.6975730261092
8104.8607683487135 233.11584350600424
5146.087713020359 4234.776383404011
5520.423179439353 -5283.347928054216
750.9707566831185 4108.940822990695
8015.835841724522 -9395.347754687027
5364.798889123402 6648.333163451309
-90.75247444204797 8034.4734674620595
2695.736769982115 -8248.181453270714
3289.421534164205 7509.1977171383805
7475.148276182314 -5301.37083591308
-2830.506638785575 -1588.1202813279378
9677.280793244703 -4640.583481438176
-1315.644946592969 -6209.7413703563125
9530.445162808122 6734.711758075857
-8159.904070155819 -8641.160965964416
1806.6218059029488 -9488.162204717592
437.19359275256465 -2440.2367503569185
-8197.77974240802 9538.34654955029
3527.4509698415295 4043.4457118547343
9973.492343873837 -5057.919710952398
4127.936077214652 -5925.545872905913
-2634.12526771776 -915.0079781788863
4903.481451499754 137.6709356825395
-222.6681212423664 4619.890388835651
-1857.4350330919851 -6585.718543894211
-4978.460122438155 4626.306105654141
1589.6888904075859 816.6822341262468
4707.538313596915 -866.2932974295582
6560.640527502754 -4084.075311787552
9628.259757825963 9297.31531764648
-9744.682338923318 -3635.153149394486
-3848.88122190987 -7926.169879771723
296.06425685687464 2314.5667704339685
9929.637042025373 5451.361099590375
6257.754848616052 7841.557290919693
2805.8544565925204 7119.93471705605
-9680.853589140506 -9452.957227058598
8949.051863778037 7925.959223866543
-2846.7090670157895 -6740.012113314881
-2922.8893519797875 5536.05226995185
1788.093572536869 -3830.507207721439
-2967.4101354991244 -6557.309080932266
3406.369059041399 -2268.0786124453607
-8963.588887672926 -4223.84898438731
-7081.953113882908 -1657.359254053681
-7382.20282962033 -655.748998929861
-7374.558816613104 -7968.23649001136
9519.90864772821 903.4368041403759
7415.792413535233 -1662.17299285029
806.3959237316267 -128.21894851507386
-1346.434145250474 9032.871789502795
-7055.129493695169 4526.498021768308
-5691.727106029656 2516.913068247348
-5180.927095827861 3185.6095014404546
1841.8633857189707 -7530.676332292481
7422.306866874096 955.4228834350433
-6006.980169301412 6739.194675365146
410.4782874073735 -2667.474976500308
-8166.040552704286 -2523.7511800400944
4743.868870374101 281.0103198558136
-5661.360492809253 4148.436705330649
8322.551994447396 -1637.2905889998583
-810.4610464766974 7361.852592094008
-178.86405701429248 4080.2038048758823
5663.466641331934 3293.1636941925917
4854.307079469238 -1200.548569762339
7175.136350297536 -3935.74787521674
-1844.5761703754142 -7549.129907185022
8420.521514865872 8533.324205865167
-4373.8086655850575 -335.2287479515435
50.28849695308418 -9253.748115010803
-9083.76678796321 8079.047890249993
-7583.110497651885 -313.54107315192414
2617.1540253566072 -5735.924094870579
9177.171635362083 -6018.815197589711
206.46660884093762 8041.793349328294
-8604.351445090786 -7133.5044070549175
-447.45524983375617 -3067.024195314054
3281.8517643891246 9982.942899164434
2092.537753087061 -951.255126138487
1808.4720567741715 9468.296610618581
-4279.034478930294 -5050.619734450088
-5804.729340504753 4333.321077421469
-22.501090499015845 -3174.4630434872324
-392.9702213814653 5251.080243728766
3298.2026145876243 6814.005778647326
-5597.908360071133 -8340.199215560076
5895.3095819263 -4657.821465218637
-6118.689081559623 -3526.1520661826216
8256.365401918672 -4897.586083122969
7725.53492288855 -9283.100247078257
-7695.624797623384 -3410.4656242168767
1173.0004476904523 5035.93787962663
