9740
4287.547422038918 8450.878410933066
2026.5640626636527 6192.836276979197
9364.63105526253 7030.701816379123
2900.8019821352773 157.86730329723997
319.7372293808931 6771.7245719747525
4755.798130628841 3721.8320163554085
7837.626620851449 9096.152549519753
3636.862741723056 763.6651906110881
2284.2904928841835 7058.796741133286
7477.872724377911 2781.2017146628864
327.68324053108034 1471.925676351864
5706.85516946014 9648.715703164227
655.6763341913496 1130.162881307133
5474.583164663145 697.8037976143526
1403.8465831760439 9740.716413226635
7592.423976499805 958.3423304021754
9181.098362133418 1080.2435285330125
6447.324064943822 6468.514454307575
7169.009652097093 5628.161917034222
4655.954275793044 9447.672025951098
7671.185146659672 6467.246480189808
5026.681444669621 8823.05665154422
2701.787917644546 9595.854730884756
9517.167921851327 4111.176165388671
4727.812866321807 3962.1477589108113
7307.049348494551 976.8944151515724
8517.556531388438 9509.183663820599
1849.2746230214884 4928.057729106352
4198.125058318107 7310.782034980138
9820.333488301701 5550.752031370412
1087.7179222688071 4481.565231456376
3258.743863552286 7450.042966342568
1643.8110100891856 7960.607813404646
9862.802972055744 5633.322030950415
4956.25634044508 5496.631354893543
5412.7543222535605 2458.1462645319575
9614.704815744526 9203.706768641134
6589.1567341827995 463.7239186963538
6492.648021767009 6909.932495998347
2078.3892837191243 414.9641703701379
3015.7698400610257 9187.581564594659
4787.860888617235 6710.276095496121
1820.1837621135342 5431.719467698354
8237.635250454941 2939.0655731056613
8356.527111559884 645.3134055128751
5751.825779883354 8822.14539426548
3958.771009900093 5692.368089275349
1942.2506872618094 6028.0401804404755
3171.9954421410857 7696.642239781967
2158.481859078012 4430.432728032832
6721.274873703973 3992.0067215601707
7072.563968859248 2256.763580371267
4404.199783125085 2571.5340659986896
6373.315337012447 3275.261283255667
5402.4620985701795 4335.911224536293
7664.266344512733 1677.4480974045925
7033.314944628634 7607.793718469952
4090.9322036167496 635.4280662719947
6799.609717627391 3357.22848984482
6967.25727701742 3648.0355758097726
6747.506627048258 374.29004020605225
7727.704934848526 8737.180542112608
3603.8419110358354 3228.592420145441
6900.6126636662975 4315.499584708934
2940.528472422206 2271.3517460531707
6480.071742807869 2118.6829733736013
701.2556613095977 4164.192092215697
6067.728453678495 6980.615338336541
826.1434174378801 3459.9011075486887
2462.5464900963057 5426.732484741477
3422.90104671513 613.8597755392327
6995.71233038408 5070.763410657492
3958.4264912337085 9470.883985662314
4839.502791128316 4622.290131422472
282.67430309690144 7750.734147422801
5763.0770902281665 9947.327251309664
947.014881070789 7346.5598412337295
6364.795413322114 5071.385432446552
5242.189868361008 7354.068388049472
9679.805183140988 8274.248570403193
2656.367847947142 1665.2159862167914
9243.281234279559 2497.9632978821865
7041.691253601182 4688.740508164579
1183.841250086438 6174.302014752734
8678.094790143512 3300.8660547565114
9728.302048318026 5275.2275641013875
5636.0668805922305 483.03060091285374
8618.081004748608 9899.651936476248
4365.42111482509 6269.496882703034
3369.1911059351155 9032.050736683424
8275.02722786247 4606.228554505153
7051.912028570178 5243.254390170099
2218.8474589733064 513.4257862456004
5322.867840237327 7051.009743032109
266.5135228895044 547.6308822629783
4811.376241712453 417.6661910185664
3912.068567010769 975.329820567522
2643.5806522568796 2434.608428104156
7962.392459985762 2298.493261457233
3882.0104387147735 9627.823499495245
1747.213848398631 5813.5117659199595
7964.862581716823 516.2529283170492
4005.508149993634 7738.50079025065
4848.4315966850945 7064.352435566756
828.4712287036944 9109.963006405209
6487.76100176729 2492.5386453771225
7377.143918711452 5128.313538957866
9534.72699558389 3543.975454654884
5743.158031048053 5922.786484245393
689.4045996311471 3753.4151786137227
3283.9656817108144 1809.7587181582696
7009.712654683555 523.5736785876132
8039.298936816674 34.54429066977571
9665.968409152849 2886.7883100891877
423.50361028582364 6715.222644033091
1121.1234775267376 8714.469435335828
3288.7773702389045 7248.087786284416
2524.103211926798 9834.12353842536
5667.236440119933 787.811513781852
222.79436263480613 1023.4916594576993
9025.119834178697 9581.438462841837
7734.886869249344 4173.612714307973
8700.341023369663 1913.8408025063713
2258.8987270279513 2047.3846072514723
7344.975294918568 8213.277066745399
2864.364572123018 7007.466857999287
1657.1699111289495 3469.216706482011
869.3052644300525 8847.125742288305
8462.355327253988 5530.606439491258
1594.7363911209577 2429.8984254539023
1291.5177043282256 8081.270412779831
680.113946295946 228.71093564589052
4004.6949570148695 9130.149991225133
7450.258591799502 7052.352303571968
3720.7408226771568 707.6103337928707
2443.436781400037 4256.974699159667
1339.79566549985 3125.0470157858135
6141.919556158508 8562.55260098084
4282.792547292236 7633.552714101199
1190.483224536788 6229.0018823788105
2722.7177200032916 4608.409520127458
944.9498467973949 6793.923397292343
7545.235676938141 489.69463064186704
3062.0140364384697 1833.7004141889568
5551.6784520432575 5625.301254952002
8023.23537539934 3281.950591732444
5005.293088902158 6891.1892720777405
8980.225646129118 2724.089955166935
2522.023274941351 3504.7017567985285
1114.6895614071273 7784.041300456998
520.0044303892493 1800.290275046207
5826.128594302624 4228.875371077193
2967.330011170435 4903.0194411822185
7491.651728889542 2739.4496570838924
6005.5449846261 6213.7231405365455
8286.479799263956 7429.863991394526
9176.710415394653 1410.713651303297
9610.371129234689 9145.827626423623
2444.7733729398346 2276.4493904898886
7034.334980736233 331.79057137380676
3977.3687930655155 7073.590670494072
9363.641677000747 9828.963203933516
3742.0683838306513 6423.384393596982
1407.2801635087806 5351.1104861732265
8371.48346314364 680.3342734767193
4350.647606124426 8582.271539917581
3464.519876670532 4650.63191268448
7247.4077766650535 2850.3276832549705
516.4714863505482 8167.834707012843
8078.083569195687 6152.597710212717
7008.532933460198 6517.797569263674
3067.097387952611 2944.415015843412
9837.699054758805 2995.877345569705
8506.612292725438 6548.897044912276
4230.911025840325 6982.944501149798
204.66442836568066 305.8934091589205
2562.7019129326745 4842.755732148023
1856.7212994580152 9650.352854454819
83.47833936466209 7671.752142127136
5133.940299263747 9195.129046829305
7465.975747735944 9473.367493181411
1088.0409910912658 8590.49485692584
3290.3042655162594 1682.442368143522
4591.846099509627 8442.415252714412
3113.4017365829627 5131.360296343949
966.1886571941203 2893.883286800909
5606.59504635183 8528.034311538504
6688.020161200795 8608.396690923977
395.36681872051946 3306.8876067746733
4131.197350923185 841.9152089496762
6698.309696296774 8317.491715259739
3660.565729296773 6049.401888711966
6637.644400857253 4231.536120643241
5081.596357996609 7044.323606064615
2181.569134783613 6777.3227129615625
4441.977856129231 1114.2455048236334
79.09498722240005 9951.990517524227
1488.2007839164658 3692.9239006888292
4860.915877773788 5215.197471562222
7699.3145794989205 199.06314422889704
6005.2511787718895 333.9937597198239
4751.679444589476 6474.175872303555
1705.489124036227 2027.1449977640555
8512.673168979643 3886.739471265955
8326.849586361626 9848.170740666774
4217.9558286225065 8617.121069573544
1602.178172158082 4849.890745316971
4356.034199453368 5897.495327855205
2892.3698557750076 5489.27149891054
1965.5106458904104 9053.258537310361
1424.814757330125 4959.89878322113
8544.537291234743 77.19378924353148
1323.6467021858477 8680.402023299963
7578.645722541653 3164.9218639781516
458.4685104808706 8020.681279236257
1812.249264152378 5149.927511177742
6663.615226449488 6513.801920623453
4820.772467127054 7098.719549738125
5717.908587493535 7779.93436502772
5184.487427358039 9461.453037914274
4625.251312983969 179.73346956710046
4621.787275720296 9120.600583269184
3199.289487098004 1818.0702153683749
9808.763148073667 440.030029121401
6730.773565615968 935.0415557331415
1293.5953870820126 3989.1104311105764
2604.131332235078 949.6983727560005
1908.40328014679 6001.231745633338
4130.1625461830445 6462.951321279167
1387.8483124509112 8823.395229944721
5574.648535665862 6379.627267452457
3522.9167562925677 7623.2869127808135
3388.0683171210844 2975.662353364271
7109.954935403429 1442.5231853621613
9979.497199129366 1214.942466077238
2199.16683061951 7319.516693554313
8028.160339194954 911.3025941780062
8703.42850063895 4652.677465753915
5288.9968804547125 5434.728500942227
5297.409197265528 3234.4293490161735
2123.989011967705 4576.80683170863
2718.634579021083 2458.791308506725
6578.894321216203 5918.993122940329
7076.2644438625775 1090.0329654564323
4725.415962904394 8588.279303242034
5580.000663110105 6677.182383861287
7201.729314191814 5638.358818518017
9220.680371790804 1208.9324764931353
6409.681553141997 6460.4041531607545
4365.749127755789 4925.750651603849
2664.8654603359732 8606.08393531733
7976.951822376578 3340.7705400481304
1746.1642471298567 9196.467374853746
9214.217860770219 3468.3029399331544
754.2480061839341 9693.974457221291
3558.857936837877 4018.5746986029326
3963.902772863782 4230.549880487025
4270.830819790466 889.5648308886206
5442.953076020572 913.7507850450144
9988.980391312069 3671.576119612765
610.9378805865895 7573.457489114235
6589.779467589445 1077.445093338496
4623.587285981211 8265.43004206583
6039.264546426323 3221.058991722087
1494.5365055453362 4513.947849406249
4904.479055578358 6489.1121303267955
4203.605407178599 5754.289080198588
434.8869782399101 2385.8050540958466
2691.3654989851075 6726.818075822123
2680.8619743577633 5177.447011225502
3602.6021592972156 5677.967290399126
6985.489765396657 4423.696581340712
2916.67125096445 6139.414828134033
2367.5707254503554 7554.43531220566
190.64647230125132 6785.27446760788
7807.846563938767 4536.03671339507
1041.5318476316947 8408.130687634331
257.11206252022833 1368.0592807357882
2706.717948481977 4408.266037566283
5304.021962207378 1661.1546996929815
6047.242333378188 1356.4469953154312
3872.035526763983 5869.253963231572
6196.307082462467 9169.144860847638
6059.085645508142 5883.852935324123
3205.8983048973687 6226.088271949328
6290.200532481644 8645.489035082677
3507.24455932086 3363.5579564054096
2322.445470670451 6187.264327070399
2776.2349057928373 2092.8492049213733
4323.19098068181 1097.5390036051401
882.8193258049499 6621.844901289004
9236.860309626314 5773.6772395702565
3.7903975720410266 6298.656117995426
9961.941929258046 1036.0050877671456
7691.250680293521 4949.803492115174
8479.197879724605 4680.893057718514
7714.450556104893 6251.427559649492
7003.642140468303 3374.1498806146888
2830.573554936551 9750.534714857336
1476.9953651686574 1920.6789054649798
5290.442696854894 444.29465956028594
7273.972340388615 2393.607874727519
2848.0029061819446 5928.929553802903
7864.891549065775 1865.877800404827
317.8350564214494 9045.74343018422
3358.743085578674 1559.5346702654244
9312.83720668481 680.3588666770388
7344.986397831511 2112.7373687136965
1694.610259195124 6912.244803913866
7258.994381310494 9361.758318464248
5481.965241173388 7065.131613497752
5615.196444908256 2545.022454558535
5488.370459309691 4374.929888891625
6883.620425057145 2158.491671334001
4797.03686981991 8970.279909445959
7529.664225220943 7826.47058786878
7332.740428001131 3651.877202535123
4793.580502005658 7499.173139226178
6252.362632242733 6560.237455914074
3155.2864565449536 8048.15676218597
7651.528188214173 1237.5722715825066
6111.759927831734 3902.9946525168334
4172.602334147398 3817.9719806851754
4888.422273947055 4757.32536888932
8499.707901944623 9121.101812857987
5012.542289017795 5569.680131253183
2439.3068191807088 2278.1329514940653
6295.846436991881 2094.257453148859
3310.2855807335386 184.64847150124308
1705.1557583648857 2999.079442992202
5705.373589546108 7553.779887788033
5844.005910148351 5263.729573281752
3336.1118032608892 5633.841550832718
4324.858684787686 2996.1360117783706
2636.48278763444 7758.251119328364
1180.6451086175562 1067.6326523808466
7075.703575076634 4811.5350005106175
2646.0213490845085 4037.7943250877215
8718.569657364216 5423.737645898113
2132.8642449868207 7725.308370489714
1472.1357146207736 246.5675756110175
3031.1712454398744 5478.408258400187
8670.401562107389 7018.123362367516
3085.6664576824664 3708.168580466842
6174.068743447724 3289.07248447916
6530.06332520571 1570.2122173964328
1000.3203717605236 6661.652652598064
7905.065383689192 7815.161032760284
4647.97001402203 8183.8974729536385
4542.836527748494 3775.418476132804
9746.211068774222 3144.993247453344
3069.806248805361 5215.638622090961
8430.596468611115 4933.696180806434
8961.318705460642 7346.504275812467
937.7611854967561 1850.2491664157671
7175.772510431168 6686.202370305894
3310.796731217539 3803.2568589011016
6202.545812577618 651.2476666638356
3820.0728912202453 5676.492904676013
7477.130604618314 768.0742408124419
8729.697573315205 6816.627122243717
7048.553069056499 8219.078712282411
9377.68943555896 1571.3762300484468
6628.284608860744 1071.5650069658477
4188.337000186154 4098.600901934658
6706.504490698154 985.305560487748
1198.0999272163672 1770.3816735277821
5290.696427093142 3454.200049849511
8951.805943884332 5412.126643724896
2003.2218495300046 9709.779392348508
6213.783335206708 1345.278622694428
8768.637571429652 299.0645080241683
3838.9608841287736 9743.20164958615
5128.174761765755 46.560659153693784
5361.856511151567 6163.34692134762
8337.934480103044 1619.9298351215484
6386.7706497513145 8284.81362165533
5838.995575062286 241.14845831467724
6700.384512013976 7858.928233789321
431.76890128261425 5219.727434689617
3178.3596474954356 8671.494379468457
6543.580975907497 4931.8347874238825
6020.4221197099205 4918.869045713445
9347.596101794934 628.9258402295328
5623.809057157822 816.0436060948007
7172.844063365116 1031.7506683553079
2492.8414841984504 1483.4195089311174
1639.245038128906 4050.3816546855996
7982.780698560869 7199.989903766438
9258.176947365086 4168.158206534759
9389.01605308899 7964.146264939454
2858.260492034441 4037.2197487528438
8918.023097690906 2969.3502183635965
1127.6878412829972 6655.561314212034
2414.4165339309266 80.42680732585072
9808.550935567206 130.30972851385326
368.8248300194497 3687.2469412297605
8635.276506793261 479.18819428744206
694.1862955092304 5416.084188567522
3978.4059276848106 9181.897971565624
33.47712703380967 1094.9508257284867
8336.607624896937 1265.415109775253
7949.755605095704 9097.725384387326
4313.941815357934 6591.962763688673
6249.806577163451 9732.907462393969
2526.046323637953 1715.6899743803033
3905.559202253145 2696.3472621262463
9998.043192086212 2183.8471413533866
6562.841024715519 9773.312246337633
8048.619087193114 5480.519105288428
8464.918915822038 2953.772050683231
6398.857918206935 2945.7401758655487
3768.6753839645826 3915.7956785821334
3301.060477053537 4950.080814547589
3694.152918960617 9435.47216066345
9851.911442252833 7364.563465114346
5723.591307795897 8697.780731235398
336.0094115235457 8938.026870460371
1153.9762345943373 2711.3518402211166
9439.901431496639 8578.828278812618
7707.502121912994 3071.077619948952
1483.418488992716 8735.035132835677
4617.252670535289 7166.043950615992
6434.235992247142 6077.024519035164
8630.779124677289 9596.27361575383
2403.235854376161 3508.675958142251
712.1628711334083 5040.28524915042
4562.376413528577 8168.104483253294
4873.525373678287 6106.485698409928
5983.42555287034 8526.15351774343
2529.849037249041 804.9352435343193
6765.049428341628 9950.623560246919
8046.358050991061 8192.034055891132
3997.387137018177 2176.487381970643
3735.599883821614 7469.197162467622
6607.389851632086 4007.1015166446077
5461.761281388661 5357.6026675201265
5934.835479341801 268.6933525466351
3222.6382494691366 8924.607075063046
5008.075385415755 3550.16523787421
4605.07489130869 6203.4468380203825
6920.20774051855 8582.528374575302
2847.57425684102 4926.350821485792
5450.517802946942 247.03620874544362
5394.1762889759 482.2110142728153
9132.655092597304 7148.3621613936375
3286.585022548637 7813.4732228111125
3340.1731219429867 1448.9254600922063
6516.924306241322 8382.919806782622
3641.6842845856554 2232.7364146949103
5551.384932983183 2569.541691167939
7672.03088093283 4051.898894166943
4635.42181001077 9893.703535987048
2072.5120888287684 4506.1744967360355
8204.04830440914 4325.325653431514
5672.347289410445 4715.7731075116735
7746.164061178078 9594.823684101186
15.193766702779055 4369.806683869174
2809.747773090645 9905.055921189904
3578.684675541137 8667.607231701177
6485.131938615872 4733.555474813218
6591.586431375171 7917.369015333146
2666.469265263582 2517.8246006835193
9222.317904282185 1816.3527733281005
9666.894249424442 6932.497506380403
7094.215822229781 9509.142282155004
2350.766818204908 1195.6897499483355
4577.071903299376 3405.220789643606
2846.7826388340613 382.86156261784
8111.101184727 9434.390734719267
8118.621454973289 9080.04768654188
8938.653279220907 8928.333224100694
1195.19773302586 1874.315731081001
7050.60654677935 7638.865489233255
1700.4638822996642 7157.832161193721
5898.536063790842 5538.219004812526
473.11457312078085 512.9329843585862
480.3788223601169 6993.933031209877
2529.424394637988 2549.106355497546
9776.46688214361 4670.715397179373
2397.8442599681725 7478.816640143141
8194.434402408471 2083.8929766324486
5941.87414969728 2947.6098247129967
9675.649657267542 9113.841844713255
3188.118303361628 8674.95835776888
2422.458761568058 1988.0455634286964
7389.3181437271905 1315.82001080087
1824.6746213382692 4247.203734575837
6577.556395109727 5618.895393018378
4095.3796232354434 8034.073555459176
5200.702934291165 7436.094842602363
3370.252716565465 5678.492204271574
5085.580597816424 2428.727611764965
581.2773918915004 9999.300447257563
6934.202493537408 5419.455526745355
3284.8168034725045 8003.640927784537
5834.838084409028 9255.057631491207
1805.6952578372798 6736.386298966788
6857.544122114658 8773.574630578089
8553.055751141495 1917.2018997815821
9704.195345762713 5010.416453895471
4170.410671650695 9700.025250376833
4595.936242121073 7131.529231265489
6301.43992161684 9399.504508931599
5106.366224976962 4747.736542016635
4184.731562061032 351.2050749326834
7486.662308913184 1242.8847538891307
5034.803303435904 9207.158652364742
179.2355780657473 9539.435524652803
6223.379665109883 4915.595281309886
1679.4012445529206 5328.6693471919025
644.0434141831707 7393.465213745937
9679.943378308455 9208.672556009908
1325.0221776271198 2472.620919676485
9521.337664144212 8401.803004198051
5349.002066368089 85.29666864334095
5370.788009285342 764.3402898386242
6445.517455651792 4851.789717825926
3266.1266936796696 8654.543138994813
240.58848905199827 8243.00942603248
1186.0149794548113 7891.354570501298
6079.932767076911 9312.830821886797
7645.771360736661 7514.508219203115
4586.209613157899 6629.950297087722
6968.550771871794 9347.804576709887
667.4004897002361 7486.21045711395
6344.478772253616 2470.8454122544667
7562.56729925491 1718.1224998979205
7065.7467953058085 6620.525296859184
8692.873073640038 6550.586434251438
9913.556115463865 272.09930014739257
579.8867942105346 5756.568301345669
2573.1932248638045 3690.6563382950762
1899.84010455989 1123.7627191524368
5166.409343456631 4597.349930480497
861.6379091361192 6729.036014466969
8515.667176835712 4260.747533831727
5528.070245353068 6843.707406756905
8592.706848041156 4802.178077999367
9443.812385454752 6427.491656280412
9754.278060605831 4294.975422363276
7990.4387850274 9116.198222838611
8830.770310831309 4841.023227739597
9257.819165034418 1368.0365023975717
1908.8697094706497 224.03307854072185
6902.905733109516 3005.6546477913025
5737.25585479058 3967.494612694736
1461.0597646169354 3775.7952392462525
6084.746380037093 5666.254313621496
881.7064549080544 2745.7220524643767
6093.188208695391 3314.2002955508065
679.2488232467853 2365.3367697821413
8692.779912361853 2016.536287084355
9021.813899996067 1846.1688029629631
8485.408846088272 4953.65410587553
2324.5371800529515 5143.18887174766
151.96536402322215 754.6216256228821
2470.7417953270206 7272.660308812473
2402.5026738240076 2541.82415570523
7653.505456814313 8959.010776010295
8763.483825896363 7824.306249778608
5011.743310490445 3675.9697048038133
9084.264306286068 5145.887140760097
4729.088259376549 3031.984342498574
8545.337572155086 2935.1275228219197
2070.4747900390284 6147.19145059931
4163.767084766156 8357.746860318548
5950.49034133434 6178.989316878283
2316.618412939434 9138.105553158513
59.18151908484437 2475.517612921353
4641.095952589956 9294.88287661492
5315.1589418661715 9971.121482841938
3820.4732846250713 527.091445305663
472.4717643352139 8385.139463619304
5227.810698243202 4590.0925896686
1076.874460699393 2545.1195656831337
5174.826828546651 8417.288997722579
5648.740154585225 1727.839001314071
1601.1958342037647 2971.683335183112
1964.0221174708915 296.2602235694378
8439.926408721505 8852.51325378809
5611.302545018093 4107.8299751778395
607.365486379019 6535.6851574980155
7622.106087908796 7179.286907679623
2591.772076140648 6792.744879123535
7903.304993952282 915.413540089024
9952.281871534178 7311.640641714752
6444.569136629608 3843.9323001479465
9690.490001133458 4833.5465282688765
4830.471008043365 3246.0089412837824
2419.7528318844165 8223.535974974167
6455.981846679355 1331.5983973477673
6532.717767331733 6808.900546438995
5025.746778853107 7681.123687191896
2155.467078742284 47.437593128069054
7411.660516805482 6559.75655516035
577.0581860943047 9129.033796839152
8749.908641299511 2407.8232360493434
3056.134477038377 8467.39493199807
4777.7798382448145 9320.629701116044
1431.668609307618 5204.788288714265
8842.195382626804 653.266517620511
1802.7903951358105 7831.170733737635
8756.04068861301 3020.718061478216
1693.0467952660078 810.1045141981489
1735.0277697639217 4910.864409895939
577.3261618442027 707.3656114724992
4016.9555038963535 3887.734407953194
3425.0735255187046 734.1753495734449
5446.876210076923 7934.629205732093
7001.312180140149 4845.494075904395
8305.815812962244 5871.506521312128
9067.37936038087 9574.83660944456
3967.341372075519 8978.274051944172
1336.1717906921776 1640.5798446403785
585.4007448047361 965.4147392531809
8062.092080211149 2024.7554621955865
9948.509053608153 6255.6255529411055
3483.7704230403865 2703.8274144152674
1879.4929555866336 7174.920870179626
2988.033764774971 501.9783993929805
116.64181442584187 9098.913215279492
4826.482672382928 3640.9377914752804
4481.262648339647 8859.757010774532
1491.4233872438708 476.4034692778518
318.269480213077 5791.4963175224375
2445.7995301395517 6639.626179854259
7690.581289506732 6676.333156750813
2802.1529065745444 6343.735710292812
9614.743642669213 5551.592552332293
5758.537288657297 5967.908405223468
744.3291969609867 6846.926854745095
124.6965346140172 3198.492357433401
5339.313121838015 5643.570291781944
8109.712657908511 2984.7140975637953
6103.758231156209 1982.2175845302982
2692.71602077406 2357.618023967726
3530.789762099742 7093.366215110477
8361.144496959192 9764.393782870338
8762.973689537677 8183.729194021181
3776.424983382467 986.2720354717769
1657.8613045060297 4984.590969471687
14.845878494000875 2936.677981644031
9742.595220257946 5652.740319532917
3431.7746090136957 8677.351322473722
3048.1176521338803 1811.88735961612
7910.269198855889 1843.6549428396697
4432.662866982973 2532.229317516628
7280.522333296188 6336.3118682185195
4935.850772911925 4868.101278363497
5034.464848137042 7615.325185530753
8948.84739028114 4208.411926598385
5110.248730225274 5222.849659154517
4542.691203833991 1141.827415114608
4484.219803563589 2265.30074355923
166.02896572368576 2798.43721757014
5583.380721706131 6501.004805205668
105.14490278601407 5701.895691206602
4119.233754984326 9408.204379704148
7593.306607938796 4050.80340292036
5844.287749965987 4149.251342052951
6263.091698267803 2045.3562125298097
3945.3993492233353 700.339421352073
7754.501452172398 1385.0543696870443
7313.511930286478 6582.134221820221
5723.3073696021465 5385.530550855173
8767.2472168448 4605.186452778787
4238.214826987549 9297.323499109922
1458.1924937018664 4835.017419998432
1612.0741096856539 2356.6857286801137
1148.6181212589297 6585.292077101298
9081.504473172941 858.2821350915937
1827.7517210958772 7663.503845439579
7430.938795170625 3111.899836628985
2220.625203397303 2322.1118689683085
3651.2418541491365 6530.059488461859
1143.899772616478 6409.09150279492
4029.6847847077943 4290.676179756616
375.9691834271794 8065.369229275342
9687.213242390797 4028.6939467581974
4734.025241312297 4982.628307862398
5510.575850575388 3832.872274087846
388.6683751459974 4713.495466722294
3671.024621427118 1458.6795217785898
4097.030101508706 2817.123970247516
8477.940423015958 1115.5043895376725
7998.266300019803 4726.708868691898
184.87673872320642 8446.169267264811
6890.675508298262 1141.4890179006043
1547.151995891568 8388.990607783675
7497.57898002424 3474.2990548423704
2424.269231417512 2497.398430396891
2129.4971931693053 5426.7561741850905
4527.072904403358 1989.3946558572084
2363.044621746052 9117.678771735254
528.6996386774334 308.8901380323583
1882.3553475254985 9356.350660266806
9190.022315375041 4303.233856554095
1466.7406766301438 7630.762343840166
894.4158501191657 6256.005263783878
3258.680644846547 8171.970519437632
6043.331692038644 9961.412189832608
5909.123911778607 2059.239272230979
2133.289070652612 2786.400096432755
6972.479877632551 1746.6400343906353
4016.549095362697 2238.8426258633244
4011.5649581918547 7620.298247507419
5841.865329656783 9944.953381266114
1273.1609972370884 236.49889868190832
2478.35431726247 8136.319500381221
4507.732896352463 6744.370440785647
2844.662093305872 3756.7258332945808
2532.2439384579297 7662.888201739513
7497.251348633082 3121.2056145452525
472.89605612968023 660.4505430414587
8075.76882751529 5694.514066467315
6275.016495449809 1276.2977512998984
6760.094589609629 9003.494159403528
9030.19883773609 6626.560169818731
9762.817101752373 7957.561814323798
4946.199470159796 7053.735420103158
62.51642258225276 923.8097746402651
4372.980805220217 2406.9141132435057
1077.380049756519 1787.9912057630731
1198.683265576147 4181.082817210054
4785.315908131556 1929.9104063246052
4142.196741639479 2097.3554739666565
4915.866553896061 8551.515853782783
7994.397537287931 3871.9973002199627
8270.872722639402 6118.252410692297
1698.0013096940615 9900.617249249111
4974.969894700803 5808.99919142094
9306.377789279868 374.9269384326359
1513.6467682927778 3817.182133302257
9324.563041936399 952.9772293764138
8785.733773605958 3105.418844177292
7711.091049000319 4519.7947924484115
1078.8277977531513 4788.315591035151
9907.167206517493 803.8663863198115
870.3026775095857 4702.803229862043
7660.081899923652 2655.9215789414147
8663.197644877404 7922.6689647353705
7120.670856974482 7649.994552092641
6685.41003094188 8983.696630294631
5720.002273243624 6332.745395780337
212.2657529782479 8408.103541620307
6668.374156874819 3925.5539432481933
516.6771394187397 6751.722725596445
1570.089331657044 574.899753121707
9007.742156632145 5844.645058543458
3610.3680840718143 6350.065595566526
2987.776146260519 3155.8030590175413
6046.14970597376 1103.2181968992327
9639.409875121353 9284.24294788045
3320.422679892744 6035.4287438358
6348.527100721957 464.5958781871484
5020.116578180586 3353.2205863522026
2275.4590108729367 7671.529362618683
6110.477810659386 2753.737689234936
8205.985563463862 1417.7175576750512
404.24047939843774 8642.650280592026
9145.345628568497 6662.143854948712
8061.799042240282 9967.427455821879
6862.586898404823 5380.3080999459
2068.974857436462 5339.61915849505
7649.237186746781 5295.180083165203
3101.8611165752286 9723.311214012345
3925.4098609654066 2027.5038881690632
6963.623168341072 5382.926970205893
7008.107672078736 8496.32571108779
3866.020662295808 9012.07084705913
2350.618106656721 9785.381646657628
4228.804597835988 9006.116042358773
7868.544282643004 3888.249416118087
1383.0427890508568 1694.7659480968657
587.1478179612654 8754.93164149857
7589.80509254538 3016.822694400474
6776.328586863977 3884.803860463176
6123.541931061936 2597.920016059051
5983.698955870832 345.6290690367014
8819.873712622626 482.9904859417189
9932.855718073937 6545.603086496007
5450.399577861005 2878.750106607775
3123.095279291348 8345.16010015248
8562.528974020062 2177.5055349335325
3148.4504335421093 1167.5390929636997
5010.224100612693 8262.09803583068
5248.076226614868 8651.868622269865
3301.936160597663 2632.8168659270036
7406.648291797899 7089.800299845118
4104.910171072781 4250.631255490699
9442.579320663492 7396.485436946528
9770.41632549836 6157.104933939402
1953.4983183995469 6688.950921621645
7582.366334346575 4909.870529007696
8732.580885171194 9679.701559140047
582.155636085927 663.5615067025514
9325.955041446456 6040.638650628315
9285.468157992937 4329.6102172775245
6770.553361479282 3652.149238647526
7382.169299868017 9664.340251020258
9233.4173845735 9224.490489813094
4598.301122795138 2363.2925503385773
3267.6038098618696 7163.352722341347
299.5896942757781 5280.744856795195
706.4825222430082 4748.7582506127865
2128.7580538190755 8746.897447160405
837.3558329647501 6706.210515053292
4994.337184553547 7621.213075876617
4426.971067485609 5071.2792922204235
7066.549520132954 2198.91440046509
6415.6360040011705 883.5733183981287
1086.23721765979 8378.663136760182
9653.291324376622 2693.311857284234
1255.6931193960786 3602.951655862444
2920.0305389608307 3123.479330883142
8255.645976228876 8998.761433831967
2655.2026261836913 8802.808866679534
7520.541640312767 4874.55330002904
9313.370538760726 869.6068417636737
8804.648404012274 6270.675493496364
6072.03930749041 2943.694520282607
8284.41519959518 7613.781051834081
9735.211168065152 973.5134760892505
7967.888428157166 691.8765548037087
1108.4603231206547 4687.70182944087
1019.8972719252508 8145.124889136997
4865.367194522818 3515.2156904068156
5762.097052386217 5458.550477005183
6981.78583865097 785.3378867599936
5569.858591972443 8046.306979257768
1183.5654122710016 8778.678249094666
6663.377922919067 6433.182876272723
4534.982005539599 3772.537308582251
878.2714546607317 1767.5379049442809
6289.279279181127 4608.772421694262
5901.315221635438 5940.878321598565
3429.35964150206 509.56596191098936
1169.8753380034432 5442.790920436402
945.8044290505275 3876.2670432780187
3658.964903930713 5745.979119583164
4831.044825412204 1628.7387639167682
4117.7598764723 3494.653154945272
1012.6431449296281 4277.41259383058
967.7912300374547 7060.542996585437
4005.289288027042 5367.513442262646
6037.922607446382 2134.3221058507124
4930.253400051239 5194.685791442961
3586.6147481643584 7936.243643322151
9732.67719220394 1763.522181738989
1649.8690833292717 1358.3019430926913
4921.230925080237 8845.249714396441
2653.628686337055 891.2579752445915
9961.296258414297 5688.10624919497
8442.313889467212 9543.370127728136
2571.984303992886 5443.700001673624
3400.550432832945 6123.699975959991
5608.931840879044 9694.91008333328
8183.047701764921 7241.369685692871
1958.9641812292468 4605.6531155490475
5717.96945793702 8163.165051531638
6929.349153415283 160.1061253371061
612.0315318351277 9275.397118199355
5983.512617398264 7718.743266989028
2860.9538120566735 6311.94781766322
9356.722920871649 2690.8047162275493
6856.7808348868475 6738.940321234501
4079.3913664989623 8507.588383355675
7083.978117544401 1727.4941928632804
8242.281666898452 5278.215792066349
2609.1026398452345 2999.535676024393
1957.0547394082917 1519.288962429952
3494.234369702518 6497.653327298509
4397.224051285074 172.1255690930068
3602.2469612977325 308.5038238308069
6548.727391221032 756.0202667545191
5912.390028940719 2560.2871856937504
4855.973350023552 7953.247126801557
8427.536919358034 6118.326506917978
1818.3499404774384 3181.284310014425
1029.8552411012506 818.8051766325799
5773.831142115338 9780.010241714444
6229.53696439744 709.2271928042104
3600.45581260208 4326.378140648696
9651.620017138039 3305.183062226621
6873.092049449216 6286.352732620011
9318.826389449949 226.5200243051224
4132.041694048935 5723.647333102466
6313.726412914173 3742.030038734626
9351.684691586695 4107.075019246584
3241.4355155838934 1730.2855656521888
9441.492828807799 6393.08305455786
1064.4360187634804 4355.266276837486
1668.397945068043 3507.3194845874013
9344.010168424544 9358.94004786176
5258.625916296125 3108.82573159459
9698.157278039927 9288.972651481847
118.75759456946855 3092.7405896802984
7373.766226963039 3208.257999248506
9609.914940110642 6672.139570577146
1231.1930188063857 7473.977259678482
3615.613434100098 76.92353126030449
8152.297702167693 5027.410419404324
2762.9573967506904 3917.418199504742
3908.372941403945 301.73769945326615
4588.503172167955 7082.618955710993
8862.297667841452 7333.585013553378
7684.248414455964 7677.786355673122
3529.6309245126313 1955.0857199936688
415.8511874468251 8953.350402145634
5986.258704991177 5046.743567552756
6674.321497869303 9436.858408425056
385.59286102021304 2747.393886740871
2304.0672222745175 5551.963552665926
3436.2127036932056 1246.088270361607
2344.320929975651 1893.2143945076741
3591.2339177344866 8321.72662463947
1027.6080524033937 9022.673888123563
5913.572734913125 1149.7909466611845
3598.0667276961553 1164.162178423095
4106.671749819551 61.54131826516584
1444.0614833866393 6493.180262810459
38.140487048717866 919.5535046757697
9783.676363024702 855.3417214247338
234.1534464044126 4564.497436199859
198.3196608288429 1693.4013689319404
8285.341905148196 391.55885178911
8678.801985417464 2722.736718784469
1880.3040048431085 2530.9401779383766
3529.899927297272 1467.4037218758097
3270.7507277765812 1335.3757401289813
6473.552051188524 1153.6565180229952
2372.6928434760007 9918.619367411122
4597.478648500492 5655.07865867223
2420.9671043365242 5342.382084626718
415.15318989574723 1193.250821013756
9119.78846005141 6715.203907424951
2234.698402199099 1320.1334788844588
5569.909721217703 7945.26537284693
7278.418158731897 2343.117772972757
6903.354541907574 1180.1606402394082
5551.3141759725995 4800.958765179538
519.5857138546645 8070.165081623293
3326.084581096075 2858.5703999362754
92.35845463797854 9907.551744598759
1293.735614545972 7560.933660057709
4104.400592863366 4423.020115638171
3923.07981504187 1771.122221256186
2567.449662170994 6561.321675105297
3379.035060619268 4314.732700611573
8798.071641772403 2911.681638127802
3468.7828317591475 8362.754987058142
6645.072075946885 4634.627699748564
6516.476716270212 4407.195913287976
7402.2045558275695 1705.356171495953
8811.3409084775 1318.5312298374986
4790.2715369076295 2084.783774877278
8330.63495523968 9921.323907878468
855.5990890657595 3032.9394125235685
1808.102255687678 2284.1153997020556
407.2653337090726 8195.377699387263
6900.160316919636 6491.963472507439
6703.3445967239195 3321.8042243470327
9196.232441352857 1054.7614295591611
6496.82892590052 5517.119590000628
3126.259498719852 5301.742503117351
8264.767440382948 5778.605708584134
437.5725282563803 2122.3368327497215
3469.569681207768 2238.9934658326506
9844.94720708079 7235.818800644654
7039.293750615492 2013.6657021932947
6701.801646257215 4806.9376776537965
9904.144807321427 2841.2654392674694
2097.137301396026 2672.004922147131
3389.2895890433097 1810.4968457303062
6651.97048376749 1699.6626791251724
2539.4894875304153 7381.916203519674
5470.631761663841 2882.832501489125
3038.9420790789713 2642.0340065119785
7196.463130311083 2643.107680319545
4290.115306328928 2268.058540966087
1928.072157416557 1526.1150220957566
9428.242131647266 3035.1289565200177
9871.45308392539 3976.1401966060384
1573.5434097148482 7863.902997770684
5034.915948543347 7200.57670421352
4461.131217573966 6384.876759106769
6017.914655061347 5269.520883062091
4738.932858836882 786.8335664740134
9001.498197735762 543.1064146825548
2686.8784008727907 4320.3319250045315
6417.25282402903 8278.930926689238
7885.968398191022 1243.156745587488
8453.24512299102 1844.199120757396
6453.745390752434 1223.1800349852494
3549.613454196138 5341.968574065295
6863.070257691987 8255.084551265203
8343.09731318752 7658.149830951735
2074.004559975802 4000.9253483638972
7138.936396446035 6945.680724610433
6733.985515954411 8130.517755820096
5920.208215603701 7384.559936740833
9539.371487189417 3716.157039954301
6148.815845794289 691.1858711427054
2501.8284869868967 4027.1871714422737
9168.980114237318 3297.7203765564554
825.9165983261174 8173.457937431989
2893.2259408161963 6381.955733510806
9379.627944000114 6962.718732345679
8632.498215907217 0.43205744860275175
4327.515453042252 7065.517135114126
7426.179915591932 4462.317454915097
1396.4464818637045 1122.1847385550964
2034.4278197095166 1778.8290734360123
5456.901729751835 3780.0084934659526
2874.3808693276483 7532.7370756879345
9628.13318467444 8814.701128600984
3613.435857362548 8834.763293274556
5953.385807980151 468.7993060702267
4876.92881257466 7168.44652667337
3841.7736333716866 2930.6364970954114
2584.197980216298 5872.31637820614
6936.300542907668 5481.049280723949
796.1454079662944 767.981040959137
3842.8964082058937 7250.994140066899
7639.057174326569 9015.000410120443
3243.2370563209447 4761.765830032389
6863.579499772634 5658.183191130739
9314.504367827043 7460.528001150052
6904.392024631492 9530.208049791489
9092.13325642848 1317.3730614498825
3925.2561167914346 182.24067431794722
9436.9859109911 8216.157601303885
5265.761429194476 5337.477503440733
7606.277091194325 9349.861728736127
4950.230627265118 3997.3187460693084
6077.975769250116 4122.244091753433
3475.884853126748 3777.133440806049
9241.287471164827 2161.0807385270723
9966.512145952438 2308.3495824475863
6841.222101245905 4964.286179835049
5959.52276248516 1615.8648961373656
6653.135536993563 5428.732631111791
6588.415562364747 1264.5407379804274
6763.527127292995 8052.605145491531
6729.318488426781 765.8064361989702
6046.267941041151 9955.634299666643
6799.409494045118 4245.167884585624
9948.819043446241 3027.575090394289
5326.6645972940705 693.680869984381
7540.8960848537035 493.80901782260065
3154.517075208625 1261.2100502975331
4928.422826267823 6977.964731712242
7201.656581534036 996.5689646599529
9598.510970239813 9744.968581125517
66.33666110465231 6199.392915443053
36.587592983234885 223.95127834722194
5446.195382503244 120.86749718116296
5044.690809499527 9138.95036566643
8338.74315821563 9135.202184889846
7590.336712630647 5616.370540987219
3294.3022306143844 8700.997753336467
8728.2585938336 491.66952505202534
3612.3319197524274 3441.4292412539085
8162.701387631295 6703.763888302995
9303.707835416855 8494.427666307834
9355.856541969037 5144.152842625907
1885.6682262408442 9918.809980102102
8738.399803565979 2618.786871191711
9632.778442491592 389.5711221131459
540.997086720858 9684.211405372725
7776.405706269691 2675.323278867692
1041.0259193465577 35.53930782920989
4326.840566235232 7463.12367521186
8606.654266787993 9852.319435979689
3686.334258503311 3980.7075418228987
8820.8094740269 5049.3815769287785
7027.96997015184 1563.401256377187
7180.457789206503 6733.258759167493
534.4226926742135 7822.760059192981
5392.009270785417 330.7983275783688
22.30171183829066 4396.240743587109
1121.551171066415 1835.0924389691058
3221.915086036721 4391.98067749389
5209.003027957157 5404.872788432153
9038.929879019604 6590.027413415604
4818.179429665012 157.03011780645036
6493.54778663084 221.12265653287722
5770.136081165036 407.93444925034674
4714.4552494306245 716.4110494028253
2395.0643769416256 2847.748072502807
9358.944197192111 1206.2146688456799
8638.391406864288 6172.940391836711
137.24570110423494 6743.271925089469
9869.634104953819 3555.7243574126096
8738.255090620514 8235.61257017874
867.9431768439216 5995.156843163788
6385.470362577315 896.5011949089475
1796.1676239665014 5073.154806521262
5496.10375151256 7653.648547574558
625.6571335631289 6929.698918055309
472.97091396434234 1407.1577301864368
7436.915055931909 5375.009296121176
8527.898255745804 1285.4350070699438
3296.5987292677255 972.4947516867644
2617.032593031735 7120.561686607464
3999.2609759487495 4654.792773317963
5062.576813636644 3249.3901370130197
6862.614032398105 8976.233553895525
2242.116752600949 7443.890789212853
6977.987206659133 7458.5729106645695
7845.843496771652 3284.044669677094
7843.042779611879 2652.8634130324904
4633.617746930822 4608.839248753651
141.7027326773479 6518.836433485685
2367.9619876668057 8815.693722439222
1586.6296945197544 2514.1972637595145
2655.707558029098 1725.9026877596261
202.50009474719778 7389.737246788946
9800.165640930385 493.4554018699644
3203.6917378242815 2102.194262134941
447.32833184043307 2606.8517468698083
3707.902726972272 5485.299525912313
3803.7500794735747 8418.300573542772
7927.610017663259 1360.4729707347296
8510.39869395241 1831.9566321915547
6194.163416379736 9622.13494899644
1875.9068379619303 8792.611681113414
2194.703205283538 4498.626651889525
2104.2927481681527 6038.524901707593
6139.979912783954 8668.24267435528
4396.364351557599 3216.841201459787
9231.54738505091 200.89550716326565
7360.656808023198 9907.315720072997
8759.685260507289 399.4472920259917
7038.896664790563 5359.822180508675
5438.805814938555 4530.762659380759
2032.6261173565097 2823.3923582809007
7174.981338616033 4165.043576088817
4711.76191177787 2229.3018090688142
6360.629130657208 9383.037134485932
292.5017671358687 4687.975049951828
1004.2720636416913 1464.2061727644318
7691.135636494923 9769.256816290363
3528.6895440752774 1834.9825184053204
3491.9547585133328 1857.8582904054174
4908.663623858488 1034.7292510833506
3111.59839661452 5010.5514327747105
5969.911282725642 2248.057153901697
1298.8131724800423 6688.953423670726
2133.6917008602095 7555.657603896133
7477.741751042299 9501.505865168841
2666.960001483498 1471.8262662259663
124.50274885733137 6660.520678099693
585.8377575950202 5565.371171280931
8360.95557643715 1244.93178743727
4760.552891671325 1.610913976733963
8256.196313452796 1556.6508251876965
1482.8994895019832 2696.6876778667925
5945.457758107158 4868.201226023812
8782.653783297274 4441.433334411818
9607.739748415044 9681.560398748357
3117.2753572395363 8830.542599414435
7587.629871121957 2252.910783020068
4709.613103037897 9123.823505115288
503.4137444119102 6585.265640935541
4771.226136981306 269.811969736764
1052.721908688774 8350.701092547766
5124.317803235399 3238.048651932709
6408.594484811682 2276.189650022342
8323.177951623651 534.8389569343992
4592.985724825346 9411.798148337582
4276.411497049324 6318.326427258812
8021.377492381119 5397.276762620897
7584.12711117711 1882.2265162788165
4531.302856080196 3352.8357271593713
8329.649691515493 7443.588629490886
8639.226075046276 5342.164547433519
7903.2090650178025 4148.460103456413
3514.3684009902054 4490.522342336749
585.4499811230363 6000.353431017309
7214.70405637575 5787.986474643495
1081.496935171522 19.921339895796475
5099.4929712414905 7367.716943889959
7971.70201915653 4360.27082488613
4014.3623484652235 5621.35958684375
3133.0881335105 8330.855645316135
2839.0832756364093 6898.47180765098
7585.898247001203 5323.903802377284
8294.832421866156 5734.125988780809
4932.544457529775 9490.856889887213
4526.86893876818 4558.610033644436
4581.648336013042 9682.306320838848
9910.198390905924 2665.4053875386676
8287.747222321164 9643.431708610033
4769.933209779478 2848.3966176189347
5187.6406318317495 1747.9634797373878
9264.70382378025 2566.5251907600173
2477.2300666969713 2657.2031775473306
1550.611512322022 2753.867312272733
1148.11109704681 3206.652952625988
2524.857768702079 1465.3878532210506
8791.050618552397 1551.3217844250426
4942.321973098625 1433.37550865704
4373.88594782103 8141.791826381362
1505.0045246438272 306.84160682825757
3114.2668611684344 3456.6403384960877
8643.38837833184 9855.92470706214
3093.0542335508603 4582.833185325848
140.41591101003226 5745.610762580534
9092.076181794566 4714.219187565548
7492.918279930365 2617.841964992261
3290.3405039756085 429.2696625457071
1961.971533352904 168.3561154076052
6915.68361476529 5212.722931922788
6632.800798516668 4664.361456156287
1724.2346323786983 4101.813138898947
5486.487960136109 6921.420373829354
5267.959570169795 3566.271352295103
479.88319430249726 2142.6756887486144
9310.942308276353 2772.3087805995415
6936.7596999561 9220.827133690294
6467.949909544303 7234.306114097454
2172.391870562833 7113.020909244046
6164.220495300039 3523.9449217732877
2205.3760979759872 3721.092117709923
7353.301416321202 4185.0379767496615
6654.659041363318 8344.355208556499
2080.158461941625 5293.326892144321
2476.372049092249 2219.4102082141376
939.6644049174552 5204.034207690455
3064.2166304723905 2921.1951862331607
8755.968308338546 1945.97026127728
418.78193650152105 7471.781390631026
6396.136037736998 8449.511153377158
4585.321985874433 5888.172595260314
2531.845522262133 9336.781972063163
6366.15238350775 1597.6380175291572
7375.805423417374 355.8923374526868
6432.975859228063 7658.871533240229
8944.964754085102 1707.0878896119045
6396.080619533767 8049.5347971480915
1240.4638420779036 9487.197261886027
5131.496713145246 1415.5121473695142
2884.6711203739274 5269.770991408773
6723.84053018268 624.4648847747436
4218.543331568008 2441.820014669194
4751.712178164375 5226.041046449297
637.9302142253517 9334.08282271697
1324.1561142615565 5493.365194548859
35.34452178139303 3410.2626363594104
8270.832839880099 6105.1904385498965
2614.0997396959565 7821.690133403517
2195.1898565366546 4725.371553336401
2054.6170255405027 1487.386744892053
4719.0673154578835 5746.071179449378
8038.084830856961 6525.51835159534
4178.801641313339 2283.3886768992675
1470.5549867505042 2340.740696855098
5277.044917583194 148.85884474220344
5400.939302270914 3962.9579081619927
8751.148174301517 5967.534919447872
6589.270721798177 3336.5319686325033
3988.104194521004 7873.138830301236
4956.976754067599 6174.9905225777065
3697.679655446853 1283.0252121831
738.8076392846532 3724.8019611014684
1249.5146129110158 4140.469221460296
2056.4513197242195 8322.801985699927
8086.599423357637 5709.057580837997
8846.755895608016 3985.3661312626455
746.689150433657 513.7276591179252
2602.87384237233 8433.444286964024
4454.8471138036675 4345.259430762518
5224.5327910485785 936.0867127720574
2994.4548414548035 2379.801315658594
4424.023193230787 1146.105649410103
2620.669339283497 412.2629383694154
7597.392481459957 7705.033403667392
1149.4386702552806 8962.186283397827
845.7171023768617 1810.5543747796903
2036.8402947815512 6582.966557048473
4919.222465364555 168.10025183291665
7257.63712155179 3090.0540728371393
5257.403482053478 3789.3190109058937
2098.5930929617934 5621.049517675549
9011.196115422375 3953.6388103614427
9601.226708409498 450.35159794110655
7958.63653821894 4315.165304710989
2320.3256495297865 1303.2983434803934
2563.3372984614666 8615.669758387303
4308.681030538126 549.4970395881937
9075.498576031287 6755.433123587295
6795.1451257594645 3102.3105457661927
8538.065086440203 8077.237008356505
6892.256078914323 4111.23058833289
3836.030081340105 9634.797608271381
9851.30975702746 606.1345947505826
8514.775869128427 8945.465079697678
1876.9061359725015 4137.1870024849695
8993.732783674044 5268.014387226209
2319.633042926802 6151.414386759138
14.530796371821086 799.8833873309841
1184.69206181274 356.74846110273495
1688.2044830007537 3354.2136371818974
325.9136726569667 6646.593651256606
5343.906084243973 5055.580385646959
4438.7466253478915 9292.744722411895
4531.971314322978 7384.303341390335
1022.4507223382695 8061.748295429434
6997.071505247299 1502.7478636311887
6850.857404239819 4669.557502625012
3212.578989102337 4213.046753761767
2172.709509604355 8561.607568728732
7155.159886779491 4124.180343423552
2856.729006820461 5390.196458202181
5399.004291731986 9647.374494944384
5003.198163661399 8758.324072965966
1321.9873500912204 292.2909955750197
6162.991025806319 808.9077843472326
2241.451573799318 5402.494276858273
2236.619476603917 60.55998237564197
8635.189721654971 9947.206266575946
9370.009975229184 5525.875734728523
6253.594555784457 5277.361140436343
5720.359956820948 4595.446742522456
3891.8374568739487 3857.502792587162
8834.569012688493 8430.582620072788
1866.3275083834296 901.0711285778139
564.376850486401 2679.985239938133
8827.58787703418 2565.1473793375435
2936.480478376472 3220.389155243051
7442.087240688853 9901.739267410096
5202.548851763426 6318.445574010609
2688.4424983526246 116.20444168321309
4413.187974929885 120.89437945553283
38.810190934458475 1849.426491498163
9291.55015012953 9702.330815307529
4634.16817951859 9178.8725023559
9926.428756506622 1034.6439482865399
6712.582992298225 9824.676460603114
3861.3112257723083 189.46693659478763
3012.445768761918 6650.411386680815
2525.0099473912614 2844.7431163978176
8648.055205313014 7964.224295925759
631.1296922469734 5738.781438086924
9042.809968734287 1354.52536357605
5167.768240940771 6099.939111812029
6905.671173769153 7835.442430267898
9905.493181735288 7277.331437579793
4949.4397043945 7930.760218829373
5970.771740075099 8807.738980927437
1074.786193884979 8991.083588390351
8963.676156486736 6976.147248775197
9081.865319887325 3517.4822676792282
8342.826959107066 7562.117248796405
4621.729243542022 1555.8827392391438
5357.173014310573 5911.451100860819
3062.653007193855 6329.996771155193
1673.355236051769 732.386104873527
3221.8735125531152 1196.5845183240308
2029.0324264376602 7087.813073847405
8501.128247688797 7735.371751547935
736.6988184951007 939.7802980896364
4864.780631544604 9326.953417066597
3669.1520718710235 2299.8108317665224
3312.2024691787356 1925.528024225185
4476.920946667377 6548.328780905254
3021.4752955667877 3899.333907954371
6219.597588956981 3808.750236341828
179.36566813226528 9790.157790379279
7337.159675261047 4396.5674468680845
6662.918936728574 8634.319366940092
3944.010347219621 4311.0127526848955
2200.9046548219035 6091.0356626608245
8797.603259411357 8496.661052520409
3418.7410046156306 1040.0952482890746
975.1624212666221 1174.591870529189
3258.4128748382977 1539.2836487201832
9286.142748559623 1927.495299197729
4665.291516899025 2073.0158948544386
6754.724934431123 3420.380205722271
3146.6519862372966 3877.152101966188
3125.7698371353904 1648.298448385186
3832.077685724561 2790.9809605237447
7279.3095695679585 2424.7697290072433
3.829283135242667 4565.880474243744
1682.7795645848375 8459.360971259537
1715.6471647027283 5851.171051334276
6566.849042139929 9820.128351435442
5081.350921495651 181.19965622234056
2379.841070804356 6836.4105944264475
5089.979008455934 2203.706252320523
5257.374321355668 8569.714344865919
7392.117794637448 118.03728150551196
1738.0005443607915 1865.2069956499106
7402.446454164845 5832.790946387161
5762.255661093465 5693.593391515627
8276.421704527933 4705.9915800493745
3111.674428656669 3002.9199935887186
2844.414926750506 1896.9056865447021
5875.9682811106695 7622.116537266224
8424.507260780338 337.13225117386617
2280.701121241241 6892.849897401327
7585.533342163778 6119.609006260442
5264.442384198223 1653.5270464410346
2394.8621453081632 707.695357365109
6563.509603954685 3959.0591501462513
4460.787251319378 5782.513282023153
1744.0663219011965 9492.25286813616
8167.295884643916 5775.229591565433
5615.467949194074 6007.469386985178
9899.37063254735 5171.995372205782
6765.398496645547 1344.4524883019071
1769.8726736008496 2532.760695632078
4576.477069028402 4559.993861679813
4384.444204547007 831.2044326910517
2015.6553972816616 1547.3722932687729
9518.758317779577 4201.535331468813
2731.868107597131 2148.2622681160724
232.8369932103569 4468.931284128731
1554.0361987622907 9209.08180330387
2910.044528918129 6943.905743587659
3350.6690670369476 1293.5056006666234
2983.7596948523205 3876.8997196327014
6393.946033053202 9835.14587046754
3702.6148874182595 5697.918526261731
2865.3019730976325 8399.15740957318
5185.586941743774 4707.043755257561
946.1824598135026 6418.798485722441
9231.110267122789 3235.1703986482726
56.77281793046496 2282.739616700161
3869.7747028047347 8460.33203162676
3237.1456793220286 971.179897268104
488.0631775773559 9043.493183455852
8409.417299843604 9573.593047637247
5500.973427126619 4538.703890592643
3316.1348555183736 9968.199524384881
8014.2562111481375 7136.0293279128455
7299.2655660833425 1703.0131714044073
4692.400108442824 6711.676472655244
6765.795785500733 9690.588827451837
3136.3727836302846 4388.263515372442
180.0863707324618 713.357983765277
5475.532187896576 6849.188327595707
2729.7783345414227 9933.702222579994
4590.999006503058 3504.568204538433
431.1745243368525 3612.6868117689537
6413.183567498836 1272.2411937311363
8371.670437584173 7063.634597368009
3074.041377693536 7215.8314013618165
8030.945400112881 7501.493920787996
3345.0294514213274 7572.9010424042
4179.266564743406 9896.212249623002
8754.622332754585 2809.722637947355
2720.3959775041244 198.09950146883583
6054.63767981426 2255.222799829132
7028.237973310257 4375.424538954911
9292.514245499575 8595.166283083967
1820.4971565154294 3589.2608002752913
7647.072154706723 2048.660364448084
419.2634633493986 5527.85478672063
8398.178315842126 6402.5791273135765
3367.5794312961293 9432.564555431054
7926.131014568341 4245.5229791582
3802.6847556417642 7669.674957511489
7474.465879145301 6721.438163402638
7730.774495731989 9837.16491755219
4560.279122119847 3914.045611533655
5404.749157864985 6342.767500537705
5379.050139450465 5576.739453938674
3375.5736029190284 7149.428538316145
8326.34206682537 8338.627472363087
5469.501477098212 7956.534339249229
3846.644892314749 4745.911548224471
4937.56845502844 470.0488457899088
1220.01774488117 1538.8096783878923
9330.38747201414 5611.957505133658
8610.078016109916 9417.746053825766
4270.433731802219 8529.19320142063
8722.27547484848 4218.54835023024
2225.6325164784375 2084.4723726061775
8759.279501261224 9894.904578114165
7632.216959682908 1146.2444357706559
10.699233285810239 6997.3500535769135
271.45590527424935 3442.2186614844077
9377.246208343644 6441.571574201072
4673.993861241604 4000.6996384364447
2404.8401256509487 7274.82848231104
4507.186634340339 9276.228003294755
4992.047967391411 8877.807463726966
7394.957643622449 3940.7885187971815
8834.64026476355 2580.2465349430236
7426.338478537337 8019.113610432204
3883.9346016350405 5022.170304303124
9727.998801045826 4556.374585561575
9620.990564395257 5758.607972944937
3907.7117639526004 8328.822707065248
5786.609754620528 4584.165962005566
919.8417294201178 4242.700195159975
2357.4845457724646 9844.85722440426
960.580626333598 14.016143220859645
8021.730731395801 7608.09066087576
8369.800316039666 1481.5396855257445
6182.430590052893 2977.7541293044205
3198.030842980365 477.6347333540609
7605.699711178502 9069.826242356905
8091.211724367266 4566.321272784026
9230.187342264237 6204.981221272536
3452.507700239188 5155.218156447334
9367.80606373084 3728.1531242074284
3459.6161248142553 5497.782746955675
550.8794098538805 9531.05294980505
447.6408465732129 2924.536331473471
2618.7852013613633 7832.142111384348
5411.740175906214 276.7194835261366
287.5637982849888 4059.5804890039312
7940.403879718599 9963.097540645145
1408.8534752619853 6786.187291723347
9759.349697067375 320.39241469025484
4399.9004270318455 581.4638465140931
2247.674500314818 8030.093735825474
5914.284771617547 374.2449687042959
9782.032392149766 2229.1535085472956
2723.397987973627 7460.565589246982
7571.256035255786 5649.349014156391
4991.588092678811 9644.835127182028
4762.974351306697 5629.854388400436
1653.29139526593 3168.4358879242327
1035.4240024820217 3169.8290905758586
2438.350660649087 2058.3770153878254
7631.790817807544 1322.6003343007553
5242.115606684091 1319.6444636250203
1851.0582969431211 5180.27827482142
1999.8096293714884 3998.412582366584
7378.478151143106 4457.41015808937
1000.0392925808177 8559.288318807156
1520.426979130739 6254.54513335237
8660.212247801259 2248.2858523822633
4402.542034094666 9967.346801780974
9187.018885621226 8154.232698630698
4496.679340184904 8504.15745782936
6258.028975860448 8534.837563392024
9461.37310194696 9984.679374059835
6885.836263920374 4639.651408339316
1212.116236630636 1914.7125634611527
3964.0830474439017 3740.6812884765095
9381.925861082069 5466.641400225688
645.0836554844531 7372.4262422081465
7889.293953137386 942.6430173166234
6661.6552442267675 886.6180576466753
5199.7658911524995 6757.343690680617
3981.1570049239385 3342.9709792611393
49.031001968570244 3348.9200201156877
6767.63042978053 8485.75711452497
889.5485741453035 312.4098070440073
8528.319825717956 2097.038136644707
9129.373893996293 9746.25819238173
7533.746470292933 8370.903029070898
3350.990395727785 1312.8923074692411
125.90153571297668 8119.076096529027
4129.5901723614625 4836.3852550678785
367.0069504981666 4596.771659948169
6814.395987680797 4395.033205395061
3631.692671664143 8528.695318964501
2693.2446691485743 3813.935214639118
1208.3228559668846 2518.597199360225
7329.804117478583 7222.432858275551
2750.5973297178152 6441.807456768553
8544.429585835342 9913.531299437418
3508.4439598101303 9648.69420956165
5503.811994025072 4127.187814795242
3667.6087294165427 2848.0003317012547
4691.202197218107 1576.6212061195695
7840.242030208714 2392.535915296805
8148.146385517771 9546.56146458424
3774.166832514744 2355.70998030175
4310.300556055751 214.6226328504208
686.4098005717823 5265.911543786064
2004.0368206298542 3481.748689492139
9276.963094622412 656.7541442542469
3727.1933078130623 2044.9478420231515
7441.637148183857 1694.7252431097381
5206.459443487407 3705.2978388950096
7978.2547827380295 4061.7869980452715
4405.531087019823 9976.465005671818
7168.327752591832 7998.998998081009
4652.309848370447 1943.7536867857784
6016.748497764146 3958.2415004377012
3360.058510353009 4020.9609785284993
9144.917307062173 4662.642595998577
9936.570707899884 3762.081042337806
9858.120028932624 1542.3170018548915
3907.0504381622795 1207.1680947676566
3745.858417004978 1490.5520927949324
7020.533936249332 4376.4333422442705
7324.228316587814 676.5796117875034
1166.3368094583404 8473.915088535869
2692.3306509919053 5754.600353511539
7296.140295417521 5121.829100272767
3950.0893836559735 9224.733181833784
9228.974730195385 4518.969577186968
6212.7437839910735 4930.081788169104
210.50222107048765 7801.298679692613
3457.6713650104853 1715.127886945238
9404.63413152395 9080.128407524602
7152.089643707906 8124.172696295885
114.66733706546827 6643.060762241384
3635.572993288271 8684.565080052316
1462.7567954324804 625.1233784780585
4569.213803404665 2797.9723959201983
500.6885096714864 92.29656722361312
1413.6489800469676 553.9624969156554
2281.5529037855554 5926.901993274685
1861.0594773496002 5883.683942586913
1291.0624554527005 7164.0788847281965
3421.643384219546 6387.443627278051
8818.896621810632 7500.847699796635
6952.956128867178 898.5010298143936
7344.598208975356 5584.022709958739
820.8952263198222 386.4107843085829
4819.184350500594 7380.500240760796
4594.0076058319055 5156.759802045868
8842.779922996006 1443.2171503665836
9698.176769803264 1470.1672530359833
3170.21619040849 8208.339305810918
3296.6471726765844 3681.92075590137
6720.68359365829 2594.0015927846594
810.7291005655826 3794.64946537297
8324.164772842401 5118.194863875595
1959.4182025652506 8919.941472440996
8806.51404600111 513.1501980944453
4971.555798512567 8560.831825713833
5696.694906663244 4385.846399305694
3712.04678121454 7855.604685693373
4833.820803730002 7859.025400944204
2864.0391086661843 9964.366401305677
7458.292310734781 7324.370630348719
7021.866252612426 633.3614615846051
990.4577629442035 1449.263811498508
574.9373940836743 638.0222620440102
6631.869574094414 400.8065644904668
6600.655413263914 7284.254514062224
7168.348944555766 2885.55705938239
4634.831481804325 4438.482437062106
3910.7073903766322 5050.6933714021425
9150.95656919453 1660.4828481597244
2578.122190355121 1552.0895611898088
2855.078907618054 6929.066923549355
4110.795408761566 3167.0473203200645
1490.9318095799306 4179.170000081412
7892.673002953654 7214.196124248789
9750.338827993095 6409.937703511241
1671.6357398695313 6740.341383728973
1096.8233387034254 7476.90011879116
4583.72151214479 1943.8017405419794
7835.731745857547 847.3547254468317
7119.569659077905 2626.0465271129174
1602.076741650388 1576.581551481615
4615.427226605735 3598.2062599575406
8587.69391284564 8553.539775231873
8907.692855361202 5916.298957196977
8292.194292040058 7668.203294994526
6159.117773453055 5578.775924240091
9357.593013395055 2968.7145854801643
7546.418203508766 7892.258234402444
1134.3759106049845 2105.0450931558207
3493.203213614148 96.10527038049321
5027.16283263782 4396.873907467445
1438.7523763964382 7033.712549817515
5381.014808412844 4716.903934392915
1752.3290807897963 4668.210714261954
5694.822842918821 4046.8566911407556
6334.3447536259555 4062.5003192370423
2286.106839151154 8041.900039277861
9689.838763394346 4078.318801760559
4181.944061668968 8230.276916861427
2816.375762772306 4496.307896346286
4973.637241508375 6578.424123788303
6117.601133963517 2518.8120027396653
9648.122719624513 3067.8777459452713
8735.341842954116 4689.403095364833
6997.008638949312 7658.78865540088
8187.2708416667765 3147.894662607238
6104.527040927239 2555.8718002468104
6003.805135542746 9836.872893393336
3628.5703271337898 8046.147048477373
2177.040227152257 4785.539379172328
7114.376066393837 5343.827587066684
3666.165315242608 4918.922097052807
8418.313386828806 2856.239418238905
9947.94871073929 7975.281113335576
469.61544896016784 8075.667040297395
1657.5189096435527 2061.7996300255513
60.7927701501787 5905.532341561419
6733.808389669084 5138.415203530606
9132.85235633835 5645.337546847802
2165.6698534713446 291.91257884878416
7109.34022743168 3087.3111693818755
8428.812216969258 2047.1677100382578
7233.61135515434 1218.7162021983734
8010.348802527442 6159.691151797103
576.6285520054049 2877.2904763032802
9036.883125113758 343.3961217357095
2407.9734861097877 1373.3142089817584
9953.709200375059 6209.767295908093
6960.652425801653 570.3012666937934
1446.8309885744757 3329.3868397456617
8270.663161150587 4207.341472120657
7356.159783431085 4774.0293074233505
6735.185225465044 5349.622832547998
7197.376608009976 9757.307396041811
3308.6418884362865 769.6923753776119
9091.596227608612 3064.1151061934033
5843.776699366051 1790.5155727256051
3396.106108414778 2843.8806410396787
4985.274871703123 2662.41972188866
4136.094080861247 8039.906136789799
236.35348290791393 9899.52259432986
7456.419776851989 4236.839379769653
344.13135245991987 1167.2529806580612
3744.1278454423464 2030.584492367009
5987.484158758467 291.0999076138099
2816.5352303198256 5159.7274240626
6901.479302685837 5747.7304292892695
9626.374852457442 6584.817086662578
35.371648970676794 3603.138043287716
1304.608864869048 9461.60635990878
116.54166946269862 2278.501111411928
5043.1708041797765 6526.62701148658
9080.635763208555 5752.9370642840995
314.03897829471174 5798.233028844932
6228.571724472841 3853.365230504596
8227.674956154962 2693.517171687506
6683.949658617685 3135.199812510515
5453.011611792817 8671.268587152223
1749.8137512197354 9523.609420113615
52.81114401241904 4333.405664393379
1101.58819267965 4363.602456920083
1832.351385318196 552.0830241327878
3403.408634559074 8818.203500511056
356.0459797708815 4636.93926111393
8897.957810548289 7657.508450028559
9655.740681714176 9816.715928741767
4795.309020775679 2397.4211967624738
9836.065281655017 5381.74349092717
1874.1630424806187 5475.385182725444
2276.3708699606887 1718.5582054064707
8609.2662204971 1691.4450952538573
6935.41266991365 9165.175161795523
7351.677539226798 496.487134827861
7384.084824792043 2125.3147087456528
5613.949871894774 2875.518686177553
1623.1538513482392 202.13678681035407
4350.1792658461745 9552.369952125364
4487.075997652927 6246.812721537981
4271.2641010855705 3033.210760915561
491.62612919954717 7164.519124939071
698.6133859712063 4609.793808440552
4352.205754935481 7080.216618181698
7234.923655876133 8859.350914000635
81.33852374628381 4038.8292914168724
8618.546405794023 2406.582793133635
8568.001332739568 799.213861511987
3528.349204908734 754.2016421110087
7848.082859827563 7478.573255060564
8818.869670873586 6841.999055104855
9894.396347616494 8813.73066356127
7690.948631112295 7660.426907366265
2686.320536090664 1627.9489110477618
5640.9222670433455 723.1977731706606
6563.277777160239 8726.745512866997
9681.843138988246 494.4228808976148
9422.904363600479 3893.416981817006
8293.087618721209 5969.323248489475
6193.900977377417 8914.75688725541
1830.1026949549394 4523.569318349744
4195.202200268899 7639.70884035855
5713.93212226821 3874.808091093591
7487.234490031641 3958.47283316516
1620.5529730414946 3540.9688479094516
127.6799060953604 286.83709294101243
5102.946142668014 9533.439595999176
363.29926163158444 650.2825302353976
1604.21467437035 1189.231504931153
5221.011314252291 7784.668090049464
6657.949676203269 7024.756845572832
7705.5630586829175 6805.070891205492
222.4420865851584 7284.871719248635
6867.772072454428 8941.621532027899
9558.225019057785 4464.336449644786
4376.4522421818 7600.942499832854
9833.81720680912 9494.87695188831
9908.786614267648 5584.057455788745
6732.441352223735 519.5342598432707
1668.045187743028 6676.413925219291
732.8671138542875 3217.0121325353175
7644.183550174391 7022.915545564924
8450.429931858338 6492.243875366626
7852.008992799841 1710.6392996420427
2449.6639680049516 5015.421255136068
7713.227769475819 9804.166383514905
7277.87457195185 570.2333907089608
7992.84144758851 6713.2293158670245
6119.372865404059 7463.091549587285
7256.988342643887 6219.639806673649
9432.980951328671 3348.6235122359267
8688.479836848916 5750.228605546224
4210.8071488832 5742.736744017782
4277.906268372567 7554.791997716637
84.18473797763171 6223.070803806422
5902.343987878067 5332.812027205797
6403.054688631551 8857.66923145554
4610.323762644548 549.9716331525361
2627.962733285534 6756.21792173807
6550.8677557929705 5195.264303886203
2899.239279398503 804.2183259386082
6416.038910545304 8051.752304347109
4485.808891815134 7618.969756434913
7010.59090649399 9688.802868388631
8966.47835794536 9557.258982938534
6618.945813518885 7330.8883312442695
4459.437705568124 8208.166058154437
4208.86521565604 4517.809026741334
6991.096940609897 4220.414055113532
6192.8251703844 2043.4605136346406
9183.278372996221 542.2037272853441
7462.243540489129 6045.029011473654
4838.16695682041 3192.49080747562
3716.3468404179202 6311.772888645241
8713.32082609059 3536.1788250725367
1726.6114195426442 2892.3051924339725
1804.4262904875995 8701.71677464563
9109.345527022608 1901.5620474116456
3791.376812295335 2258.1054339684183
5423.124965405872 2063.4060947909284
5953.647226651546 5559.3339706468805
1964.4358241575933 1972.0829853326738
9823.81896722038 1267.7780707857355
8504.014829096612 4315.508562914172
9123.511819061796 4484.117949521646
1388.0230701826379 7375.634156456065
5113.859063242741 3639.8361974413897
8922.323651774825 6005.904370558528
8393.059629236863 2849.381695796721
6764.780647131666 3983.08160857584
3386.430083605065 9772.597308948985
8169.634621904822 7140.485286600052
5299.768258407604 8204.025404158418
1359.6472643457369 2011.948967409145
3144.7323385249147 2584.2178140018277
9045.856690857787 7850.575991021429
6595.330856292062 2419.2002484960585
3171.414193926312 833.6308367533063
8897.507006325013 8197.746176147371
1325.1274178393912 8024.671309086807
2829.19274173979 6812.141611738924
9951.960690805174 5236.29705354312
1796.100817870794 3716.629244528358
3481.897283500771 7321.645891804803
3548.9084134668024 1098.7398021399042
7805.201082886698 1620.0467803194397
9720.382361599031 6192.236316697461
1141.2559215769945 5291.9933321604285
406.3826505410828 1526.406931180435
5279.8072029827 5100.875478186526
9352.573056871648 9384.962085998097
5417.564778463516 3833.6636647785117
1959.0582474385342 6038.8064141280765
7369.767636338791 1000.0191816930559
5278.056923722974 7420.470259303386
6805.4585127199 6709.05348178457
6455.11251870733 6824.002799845825
6336.844847769243 6695.236958045883
3652.2298870545546 6942.642350367197
2787.275844615228 3349.7202202289077
1391.7242984967138 3097.5987634135404
8768.996058041861 2310.592619330173
472.4502846542067 1864.7926150154049
9820.984030349602 6675.375226368916
1135.4761776914168 9472.419277840576
788.8181139659999 1221.3026051153154
6994.157203052059 7320.712068809354
2872.6596827229246 7153.724097437322
6393.951394227727 7766.305700610658
5826.078124005889 3850.208347405373
7330.213318701311 1917.1042670432025
8157.586313089259 7827.712705987449
1827.590491861446 2599.5841871806533
1868.3952447730069 732.4363845290038
5772.539837071903 9888.974521108428
7254.034818140837 7536.743309623922
590.8696216553489 3633.767367378171
7604.1332295513075 3324.811464967574
3875.103857929321 7259.537540767169
3253.7836355755244 2058.4231000175846
7091.860907590589 9803.05555946479
9371.567410575506 3536.5818098970612
9837.318532323578 8606.201525583194
2113.4487409995286 5397.4069863098675
1759.241444435472 3390.19772440854
3328.3892279890924 5458.019614774088
5226.924758716629 3534.1964517669667
4870.6781984623885 5947.899127473729
4105.809784654094 4298.275082371195
9755.609369499085 5263.462440746808
6581.408748803014 4459.403907131366
8889.279872354116 4756.371655975159
2877.5729807153916 7369.970499680399
8909.924049264493 7765.352988285551
1927.0248810042178 9801.956741955182
8797.340663846031 5611.067416982334
4577.46892554377 8105.885599716736
338.6040744252028 595.8438723894111
4754.482568034101 9192.163876794157
282.4020798090099 9184.84777316963
4152.784449768654 4633.467737410272
70.97174934887707 9492.528244524947
490.3609685804444 9790.330546693456
2407.754744221694 5957.946115381703
4135.331608834147 6278.110653421829
2600.5281717290363 664.8581867874159
3003.3131752263907 5322.029695370414
6613.911966136563 5147.191779989297
1023.446120398992 1587.9896811048334
7071.789935641624 8717.814778178772
1184.1239321742514 1930.392042106559
3069.3272838963935 9368.267173870403
194.8692675009689 1164.1958438636136
9585.902489558981 1109.3912369521574
8138.681397308355 7446.973589655828
7534.417962314198 7257.557517936182
3139.5758123055984 3147.728598416931
6039.089387945975 2618.4526663881293
8032.926778642006 3182.7662332628447
4402.956754805915 8780.160256966217
3301.6108005351953 1714.9137222509637
2408.001629699148 5799.532690365267
8128.84466936521 9840.911505696859
4084.893087625112 450.6122800738233
9318.998173927188 1432.8040891137805
1896.0277376639522 5901.133858851627
6050.55485680019 1652.6808087152224
5394.668585892159 192.8999879091875
6950.782804219039 2826.1303523761717
854.6292940315681 1224.087862848796
4819.569696080035 5338.285965658125
6109.088620107781 4066.314299728823
3480.267599409983 7007.360844732786
7893.763703437479 2396.5456426646424
698.279090456233 2994.0794967807506
7358.810098977675 9583.713326759089
883.512883732367 9721.434659330402
3095.4545027207314 6542.15246047104
1380.7254554168858 507.71076170452955
17.512030115497403 2848.753240360357
6552.15262403124 7656.730126523721
6744.5755340202095 4817.976605412361
4569.730932038749 5602.797892134331
3752.8082548870143 9238.653116157619
2859.5973116881833 2373.8309377119517
9490.909374672701 4298.749856959039
9479.440642365253 2114.6787534968203
1902.9658242247017 9859.053165057003
9359.683064677038 9703.65265199725
8356.540752653593 7683.984872999149
6302.341644530404 9598.803317338408
7843.491625425237 8497.53101472695
3906.827892696588 4966.492358658913
5502.6519720417045 6804.530683100319
1179.823243065876 9873.331204678685
1007.6499071952927 6302.337464120235
1486.7610229614036 6863.563560632086
9169.778618557542 8405.129441778168
6715.340621791198 4597.494770500983
3224.9727914174555 3912.9143629588348
2046.8845159623206 5392.578679455945
8705.589663930008 3179.5358457210077
569.2414197540385 487.2917130933951
8541.826493407458 3268.7573053565443
1115.3321002022976 1638.9416194090911
8094.255827076307 1534.7634873940985
7174.320868404999 1270.068397985753
2188.0949666055326 3823.185267960689
9497.7873609456 9794.114802953845
4901.465616984314 2061.019474467378
111.16816521195561 7979.559593829412
6854.046003153079 388.5811483865365
841.1210710853678 4252.719017387924
4049.15403286924 1183.8898738564162
5182.362623846804 1692.9418611576675
6941.439047605811 2339.662279587711
8352.914344021734 7139.933539563197
8334.006997278335 4975.338278396005
6724.588013096698 5311.46830303038
3952.9381906126837 6401.348228697487
4465.9282162194095 4120.754804064177
103.79971768712748 6600.080725488372
2197.722060010703 3486.2442281806193
8683.895485770441 7747.7839874087795
9736.579112273692 8842.679517084065
1005.6379382196268 5373.899340251252
2589.9669217307664 2290.7056987198725
8380.562915582452 6639.083850770955
9766.490113379603 8863.371002931599
9220.157371309531 5910.456665909099
8678.081997360468 2741.3671440363287
9528.797777202652 322.35669917448973
1436.1717450860256 8414.875802993647
6095.751686545203 8333.173575493287
5681.782425628854 4768.395617100236
9437.325252817098 2423.576862814493
2239.90213072373 5855.949388592601
6596.884122998009 3028.7325040772184
1351.3641181621672 737.5785453631279
2279.6170493853006 4556.862251979626
9010.863430138854 6164.054207767372
480.5491534691131 5918.770013199228
5027.619642696278 125.24381906357185
7758.452480296998 7377.720430684538
4825.602100440706 1318.5939193060835
3614.9476861103512 2726.320799228247
7713.105731536807 9447.698696597234
3057.2213952072325 806.8300539393957
5376.871314005781 3926.9462144953836
1354.4351538027156 3213.5730595058067
5693.826953117154 4046.7452521768287
1242.0337659834456 5650.914099343728
8603.919270650771 1944.852939013857
8384.806796311983 8867.502319908313
2750.39609844403 832.8392179687482
1778.696452614531 1347.2717917574828
3869.288221221545 4842.7378875556915
1952.9823913313992 9.941775018054155
8497.735000716822 3587.4532986932427
1328.6215844865555 7058.530047579077
9471.182649598679 4069.504501606982
7895.153323820656 808.6555739945856
2892.3780535439246 4926.204285788523
5487.728049450547 5844.177090552417
9780.472994988442 3165.386599675619
1377.4537282104493 3165.9730288291776
9446.439836362395 1524.3134682817306
4632.397322337407 4135.440481242956
5791.394479086899 5375.405189961032
6763.217922329577 2961.5512956610532
2187.3112731524348 1705.9542285433238
9536.549223164684 1240.073031668657
5375.004961294422 9115.000694968625
3520.8892203851415 4625.825176390338
3902.1456585472415 6999.0578846897415
4923.897421079937 6103.607878650427
2024.464590317957 4139.400120060285
7586.637649987054 2520.707940481972
5706.196667749756 1757.132189351529
1619.4476665822276 1053.6461128620988
3381.1988656583458 3768.2809703594157
95.75516232025572 104.10606102645215
474.0721430484385 7449.662577996329
464.30326193224624 4753.738460661951
3331.0079518258362 1017.2970359372979
7896.8857859500795 354.8097532948724
5172.965102791356 722.6524391690525
3657.8365054616525 9093.42523524968
3959.1843803217484 8988.025391007664
2763.1553645564277 3434.3221353483477
9636.92405197717 6830.868253007696
1691.2933764069926 7240.995830713435
6153.70384487456 8367.900844643356
8714.264513064096 62.18852641024286
1821.2275420951873 2543.3519053674213
6536.888035310364 2585.529516819196
145.54712714905384 7391.695624120022
9363.60473859914 1581.3910122412756
2075.9223026582417 5123.761330045557
4256.457461350245 794.7814158103406
9775.219870073573 2116.112391045909
9704.461137221202 190.36658947627961
1477.5887744734794 6487.103798096921
2693.729299871801 9715.476387645152
6774.53188678849 7359.04695577234
9249.366306727454 5318.216178831047
1758.3983589838292 4134.421144086984
2414.2743590671466 4342.572097236887
3852.69534628614 1155.0893117846194
5936.664192612314 4619.66289364385
6871.5213708478195 2966.9943030102763
1557.2000328245383 6584.054213641606
7875.808962669204 8078.8200261201855
2718.3496250656935 566.3242459568585
8731.95142370085 4581.625181122901
7762.650500761543 2047.8255362989917
6928.788348661626 9287.468744868604
1243.2444247622666 6110.861072444593
2171.8057578062176 3148.5607757249454
2839.174229292084 8577.254903997822
7548.803029282297 9634.494606515065
9549.57263157489 5400.564062598534
6649.16731404483 9473.620919902896
8335.022911108872 3761.942987805529
919.2873543672142 4705.652565467123
3180.9980436446594 8016.941193015674
4749.528733504122 7346.0933006691885
2677.442739460164 1150.2720902322028
9313.583645181927 3129.1072811715126
1640.1856523652248 7717.869706914939
18.90028731902138 8773.95705200317
3044.022974166215 7390.299659571715
6577.2822061067845 2011.156861527249
4593.9505332429 9158.872589968008
9167.64750396096 7207.998347713187
7630.159790027932 5025.559437940633
8938.319442363243 5849.130574693423
4744.056746765661 8570.084746190381
6184.116847843224 356.3796681531006
6476.7043133808065 8172.332857684036
4933.898938281137 1773.0211043643662
6777.725711423233 6865.469942566307
8397.11529094449 6691.2253461491
1521.8503787550585 804.9518479540963
5743.294129371993 6467.414941069975
4311.922190946833 6160.850075368947
7026.303546929139 2248.78841893137
9041.331283924077 9875.696336682786
9715.59839128375 2625.282453149318
9245.474750207519 3177.3119246686942
7259.56858594877 6824.755207444569
140.98189486596135 7995.850068446164
7381.484531663231 5285.192645565646
433.0966611733744 5506.5521304271615
5396.434827074496 1166.2577907323257
7465.732473193822 2904.474819691949
5738.034516112748 903.5106484380495
1095.3694032766991 9214.721905885279
3096.5785089573283 9262.151020287094
8789.09676156153 3451.467600403311
3095.702829877485 4513.145402149469
6878.748108574674 8761.33676649716
1272.5063492997979 2333.1189521483666
647.2136215490199 4321.462190269291
8276.477659211303 2820.406400470177
8979.657578059827 2709.8113745078845
8665.462919230287 3623.17322759926
7681.508857353153 4225.13862985931
452.29889821508107 3591.5333077719415
9246.733525637968 1206.1832128049232
2643.6274706341965 5594.1050764948
5854.035849235992 4784.501493331512
8412.799176751974 4180.462154649385
6675.280134821532 3702.5866037516407
2261.662779888299 3624.454442647428
199.56140653908272 9838.691084713073
551.4274367743654 4549.387085146347
7207.997765092125 7902.041308173281
6120.6795027671915 2814.5584268436473
278.45479366333745 7396.888607799619
9359.019091998513 2633.6850106882594
1256.051520451168 3401.11610261678
67.67897649722188 6999.239492179348
8994.447605421816 8964.879377206084
6713.875800034529 2402.7614733661076
5854.535932722784 6007.0311975257455
2273.534014919135 1569.7009171999098
2941.3223706591884 3471.836089191633
8757.415231123237 7468.382614981371
866.4031193665212 1205.7617570971213
5728.574134507647 4206.185545690071
4942.5948038303695 5523.881972960035
1644.4557252326674 5592.053864177504
1148.9158523459541 7757.7052658738085
694.8351297382283 122.96643618678327
1948.2521282862563 211.00232306323187
1957.1964451831548 1943.0110576312088
9096.68656481728 4897.473438217786
2154.035188718396 927.2264286354825
3952.609187209407 9193.859837766946
8071.956799966724 1458.3822979490978
4475.365892852292 9114.373874409626
9790.343055509204 8693.395156757215
2097.3455855114707 5297.081593453799
1267.7370125284149 3157.086040725574
960.0436416049962 8990.142979082839
546.9978223510408 9354.499107936714
6623.784759071317 5335.578071811788
7865.662488588156 1759.0275132036058
1292.4231654330786 9070.491247919561
6295.842207434949 2012.0928866698662
7838.481567386964 3400.456183924947
6188.374084288235 4461.1547101633105
5470.834659086663 6247.024747996038
1658.8362775083299 3266.3319772463983
5756.174314131251 9331.09050781012
4628.428344855319 3221.9379321251718
8887.144996714309 4626.106058372793
9520.608628078877 8167.748828712749
6584.1698033411 9599.912969883126
9614.767353370444 5405.833291928923
9824.632372513517 7361.2149945450365
4271.112055011422 1892.29635758706
6712.221582561271 336.48600646212776
4766.32382645787 8139.296315443309
8230.883007246652 6425.373500935304
5317.442741938281 8741.219573784136
7371.963200644108 4717.419957332139
5021.82176653849 4229.903454764545
179.7764608160246 3800.1961526309656
5903.888134632631 7567.320244786198
5629.958792194539 9448.697417798458
2034.8356997554317 0.14875724577367855
4936.619273810629 58.129383949900856
4779.2639423758355 5229.1740369185645
9878.43661615795 7566.96731290975
9623.172161978857 7887.473732232758
4040.491317549906 8814.442151635667
750.6043198811507 2174.864974260291
487.7633156860306 7286.372686877269
561.6338542943744 9162.097137307466
4317.865693124118 8025.528244539034
2662.266638380196 6756.800006810153
8784.72594238851 9117.470277505154
8507.230800934316 4614.202949432213
9241.566633462524 1610.0876414530007
9839.51437789401 7379.163089514192
20.679735623305717 5984.8102645008385
1345.900048643377 3562.053168290198
5549.125280353449 7369.742584103968
535.6394747892268 4079.575512582897
8493.629668508498 3569.7338889515086
4749.796973839198 4032.5851328254216
4534.599206057745 9685.658523681037
8421.687582135442 3646.5206181055696
5488.302186686696 604.9544271091778
7234.21951304194 9466.055751446878
9927.915476933948 7967.725086365463
9657.847651470063 4874.100164930564
3198.274331961367 1347.48167446192
503.22950052052784 9796.297914835464
6775.799477932126 4332.865353597049
5585.570709097016 3055.6798062666944
294.2206256434132 4956.455199716445
1373.0333972051067 7258.149182138501
8238.355479356629 6489.03314739372
8579.476627822472 5317.99086746873
7302.3406568965975 9002.445407082414
4062.182049959203 9773.61391167099
9715.357364958605 4301.459687421093
1098.1148848409816 897.2465590144762
2457.029315542062 6834.789082094039
4137.656608138538 7268.326601006512
2216.314534183046 1017.7163881798234
472.6392242622679 2958.839290595754
1191.853583186 1033.5177888070791
7905.899565977711 8769.872764699507
9388.374303357648 2628.15166123469
4472.461842463099 1062.178040894627
4932.897151578479 7672.444228984868
3537.854406947234 639.5335498999133
5116.123956003089 1338.2666282080559
5186.944705074453 5872.231331380103
7358.534770410716 8619.968432884372
2717.0784065575635 8789.017198130246
1107.3548846391202 1629.5921543158088
1262.1959234683854 219.33483320247248
8789.70124424327 1604.1658375178524
4099.985587747502 233.7351343300198
6378.850260632524 9885.629202441993
1032.030066153541 3108.830422119189
1874.7155651621806 268.72068662304736
2377.2896752458296 1834.191528384661
3056.2617291993733 1059.4151410476638
1582.1560861127525 5782.094294919166
4232.722791175509 8946.266137665229
9225.703968537735 6577.044333761232
5402.13231927672 8359.278378439194
1286.6552412645615 1430.5217818432602
6219.8163176156795 9375.693541528564
4938.962838924313 247.4018055907079
1486.1344181374147 4429.3444782322185
5855.811869518239 2664.026691985206
4481.904865193625 9089.99563298136
2027.2264641724346 3843.9163026152546
9411.57992595735 5001.354712926117
434.359023075106 3335.620814514041
4458.38377723208 3701.2028938230137
4573.933580749108 9588.239449846045
2512.268385470835 8494.36207307038
2789.201450916702 3823.6346164519273
7500.6742791718 7808.977454268216
9639.16051437633 880.3999448094236
433.73489578913404 7538.863975304229
5125.678902708079 1373.1424501684264
769.6948377321644 1759.427445260695
9498.553876603772 9051.666221581792
5512.958464617263 901.9382513727347
4571.43172151614 9598.153385830949
576.3235789542053 3980.702963522392
6006.895560664345 2266.4569691245915
6370.59610971698 6789.940096778913
4866.931922088698 3746.1334406640112
2328.919553292015 1121.9367855478147
875.3643695719015 4424.86298471843
3129.803289345244 1005.3264866692091
4301.741498576765 826.415626391267
2751.9580071844284 722.0922589481138
8151.556411499048 4417.340453281311
1175.7044078941515 5934.169239384735
7435.560189870268 6204.068280578709
2539.8499079645776 3635.281581860459
7691.328222865262 8583.140101945484
2869.5739019558196 8840.917945363475
643.1272031445368 760.7769856659263
110.00274418433543 5939.114887170498
911.5200603075191 1724.0359714623687
9131.79321766016 446.97789063349427
4022.0363670729166 5224.306145561248
9619.187707310644 2552.6460989782818
2612.629952980363 4524.910728723676
5307.643215933526 7269.661286855963
4702.530481901555 768.1045387902019
8907.274523701688 7290.4739663987
5160.493050631187 7732.767743973272
8229.997987078423 3698.0814820121955
9098.3338163011 7482.611008800908
5532.397627209576 6579.5641676209825
3816.0342511944455 5945.725888422473
3892.9786427468093 2282.542577734834
4137.588741708746 4819.829751316444
1561.6147178000983 6565.352900975087
4502.153933262804 6363.564072093617
7650.632247143297 3213.997629150257
12.957465732144069 612.7336690178142
281.12147104201625 5833.696142295988
7796.80933825508 351.37378728461454
1354.6979573036533 6470.12882180783
9489.948969369922 7771.059963535298
490.084710455152 8475.224761816253
5441.356121504795 8167.887199019959
4345.522330535276 2604.619746825023
1312.5393366835403 255.0581486653758
6542.155348878147 4718.6703504302095
8153.210307409185 9710.038973375076
7710.186390405666 656.1747334459434
7745.141781879107 2428.7566664477613
4798.725124478672 8859.723066147151
6031.894199287006 6625.325585243421
3721.907228929451 4153.8557326713435
8789.993742869998 8394.307619467474
9657.989108119244 6711.984636943337
5347.528043706933 3643.5266294266835
4874.776661834163 8695.290742582156
8119.020252005361 408.9728952900673
4823.875698021423 7306.576862254806
8000.832266533555 9479.347331763345
9427.899491037913 7074.325684624953
8259.2377492857 7986.315145202641
7978.908239109923 6066.972847140033
2443.6982806566975 157.54760373983933
2872.992624620482 434.67334895234023
5070.76075250023 1783.155030523621
9525.059014403942 9185.606766500316
7349.395588377476 112.1184019214594
7239.509918100913 6426.1266242208885
4056.472494869214 8873.856634032003
8556.658777261746 1428.8318520785072
1821.4736999574743 8911.067382886002
2651.3531677392975 7839.899390200239
3542.424999363977 8513.506547598376
1729.4259246071097 2096.783666222686
8430.423685578013 3958.3805009559746
8049.232853077132 7699.65446548633
2268.0269435729806 9991.544882783912
3189.674084101075 6364.712618188323
7867.1597448610355 2024.7153554304398
492.7406240558385 9284.782063178165
1425.0863489086353 6677.414535053536
6227.764674079227 1732.3509080983679
6502.3867287857065 4958.394499234269
4956.1961613523845 2062.493287711733
3684.7656284592945 2859.7882149681354
9819.864624828282 1807.8721173877955
640.9112414373785 7428.259060540028
9032.33107582382 7005.288474925978
4251.517144868241 2480.9378633684855
5722.071126156384 2153.0087053577895
3759.964119068201 7049.943811228708
9457.87195415904 7270.364387013782
1483.0567380383063 1367.8091676654446
4280.969475789599 5415.889579473859
5520.592584458293 9747.139621679979
9875.086483228282 2717.521778066414
7115.440021282643 7061.359165232309
9624.681497706439 5478.159497260182
3841.1857762373847 5699.401530031718
1743.3512584558052 9242.137714393424
8632.304940690583 2845.7282191816103
7398.471722529992 2842.9435850115237
3822.1994762422896 3728.0694829866134
2814.8102005952446 6399.76334576258
8817.34010641689 5078.798019528716
708.9697676649843 5990.218209634431
9811.135315414023 4471.859901799779
88.17928050663836 9298.908307992164
29.0448493549067 5425.7081616232335
2441.075140723844 5926.152904449341
9396.84482616409 5203.6937149148525
6654.764762681126 3238.5798291150104
3236.8407354193628 2096.8872016815
4611.604021516224 3652.983169654981
622.2160804053544 1640.3220656205663
4350.755509989675 2067.131684576343
4357.598181219333 6692.162024121867
7923.742979547308 2785.979071804141
6204.305607079022 4596.31243046885
6629.851866536065 3738.991297202179
2931.6415541315955 5752.5119258547265
7186.3688097703525 2044.0704315676494
1050.9807044478948 1833.9568783670622
8570.294417805291 9045.824523242927
677.2927497704118 8621.022833072866
762.3014551955542 4840.692108525337
1863.1323822958734 7960.667068730578
3430.3547724586215 1998.7017263631778
9963.019088555564 5714.611259443803
4709.547783490357 5701.410544789847
111.52129258902966 7725.415259916744
7666.349951332903 2837.82699056228
4736.2444067875895 3808.0757309296378
4779.603111667509 5734.8973858820455
2177.3218756272117 565.7880869947674
8827.244241628898 7146.393105321243
8947.88955646105 7432.040592270319
1936.8693635830648 1883.8069448213569
2945.42313143382 6757.20992138099
3239.9009214101116 7045.126632652138
11.701263730612421 7986.353720151962
9563.254593672254 7182.126978634273
1639.5523609997665 8015.905626132136
2899.0454027169044 2944.080995479775
7337.43429366208 4670.499854346443
3012.0156673718734 1745.5584256572454
1188.2814047163793 7907.157209745999
3476.001825888332 6828.24644188599
8476.949670979222 3832.594871640035
4674.905776919049 6721.4924552501525
4910.980456014551 9910.423372698315
7860.268602204195 553.5332600243847
7922.288167491504 5838.520255145699
226.69223375953896 5925.142787976506
6812.779052050681 3492.881143431026
2147.9917336901267 5129.694490532655
6094.785307686462 1062.7625622761484
4211.10196942449 2388.3993281866287
4277.600735067055 1042.952861073656
3491.401332692351 9466.750397209029
8564.28926384015 9102.517516501353
5632.262644800372 9547.963078716719
4448.328527575599 1015.3810543742547
1723.270691605606 9561.475056821246
8037.5427512288425 7816.627176952073
6715.698215261371 9299.325920948419
8083.169279614572 5139.41305851131
9170.464144924737 1600.5097875062368
4154.7929024986015 1290.904223057634
502.943200804441 1643.157390610216
7177.274850791 41.660228943095625
5570.634042578907 4956.664745204398
8633.691200351372 8331.412776855048
5443.836967347898 3150.662554105903
5138.686918759739 6135.190241204565
7506.128084829944 3554.971544941439
5799.546181005516 5587.2661331511545
7650.562044816343 3974.4697629901616
807.6624082764549 9126.418453395345
4269.173074640843 6585.049204977233
1040.9904660488046 1904.502401018845
3977.487117620533 5631.615744137766
108.44804610896207 1991.3606200650636
4572.394624162379 2036.3464941520215
2230.1263997637197 3012.6020775935212
1590.8793837072633 4285.185089592963
1622.5623025429325 7772.805707176373
1018.7355184826008 9032.822309897168
1646.2105829443497 8145.210122272776
2192.546247235597 6751.172423209335
4872.649424970263 6049.977131822184
1744.8383082574392 7443.627241746614
8441.941803802183 2696.624242605471
1561.470966548716 8957.12468059577
2605.9655379296964 8432.239611755564
1151.949544454972 5746.348767380092
4191.413625555546 3515.612332502226
7577.50453217772 9079.128575729199
866.5632287215009 928.4173407055696
4138.412642441901 619.3818204239465
6558.794119643219 5938.121891640575
2391.174149715688 83.7059806619056
3145.234071425157 3543.2847723568493
747.8102904176487 4239.989188697382
8626.797058895043 4160.443100098117
6903.673508024781 8901.178640899614
7396.271559634151 9952.793270274642
646.8170564311471 7764.610129368696
3924.0041538736027 9054.388451592711
8221.096027178557 1957.0642823258943
7210.1193396606595 2609.594236100763
9346.828696921151 1967.986502586727
9690.102274190771 26.052034973360616
3246.973509887452 9288.06918303357
930.9643087977781 1130.4250280402773
583.4268093583961 8517.661159267582
3418.0999318789873 19.70965370730937
4077.183700489595 1969.2362112006513
5008.339395886291 4316.914631179923
1767.7434692852812 7860.416767014756
212.58182772040945 5268.423841582444
3361.287014586525 78.81392391208331
371.7977494419977 8661.377105291538
1923.7871020346176 2197.2149507533823
1003.0671532241797 3892.914740853145
294.3584020975831 927.4069946635766
3117.720095852544 8689.151932329925
4025.794005905692 4523.19968522571
4151.532311800056 9950.260677531232
403.3728931790126 9777.971552792022
3297.3185575217135 6989.055191459085
6149.666255538539 7209.325784504058
5493.161740161875 2033.99036862564
4792.2110132989455 7783.21875730678
8094.899513033975 4283.502397449779
8352.5579435731 6102.175606104515
4349.388313073005 8027.128137340865
7009.3435854898 4366.985941535469
8185.44767163017 2389.8681968810574
4694.675183199905 8618.528167618832
5552.286192903366 109.75742379909059
8202.260243424107 3776.142748877813
8560.593571538087 5424.642789413243
2317.349072974172 6811.240440686555
19.37932074371207 6622.661806627675
3722.7040790617384 8029.589435412829
7612.027792035925 7101.950194059191
1991.446375947663 8883.004945719034
8917.926994936435 9888.608897482678
6846.773395753264 990.9137910774213
761.4241632981533 4477.986365076166
7050.179424170215 5124.546615946994
8957.748914204742 1592.8374414372238
7773.955002204186 791.2675059461727
7425.933401256666 992.9468222593363
120.37724390044802 6753.8189563839915
8851.654782023934 9824.311569695079
8569.149943678982 329.0253785923514
2608.3114631834915 4161.998447497935
9566.28306336205 8632.765521015486
9482.536304562482 4379.303804156909
7211.755882332259 8072.787373496026
6900.743082652434 5766.863398741561
59.93520649617334 9338.205616218758
2816.188392470169 9428.869791724135
6415.866799528552 3894.290128229021
1191.4260461846793 4899.57642425442
4192.201973470125 4563.411073287258
7098.92045357904 5151.777634466561
5385.653561485815 7157.7869488070855
4862.974211544079 6709.975407172088
4538.524456654906 2326.9299433265865
8379.019147870584 2434.4521858354597
5169.987436714444 6792.460733270637
8771.706543620727 2208.491862162456
8093.436179198202 965.228204226638
891.1272915709889 7239.500978844421
780.3704791159194 5574.429979471573
6796.880689409177 6975.801139699648
7487.917900747922 3385.7037683551616
1342.5997601872896 3744.379250673202
5736.231959486458 3344.914626807446
2248.937101421179 9130.89451489838
5903.653869749726 3556.641421985678
4640.89906568944 7851.761102145911
7201.657814027826 6391.119131165732
7925.812305545132 9409.13820632979
5098.248090391024 3710.6675299591916
1101.0942143659674 5173.175672149088
2377.6107279887638 2716.3995973252586
1106.3888873140547 8701.879192086193
8455.466064051003 3238.2681447036134
7672.524999017624 87.47365180747036
9313.708940626273 5426.274975780721
7270.137886867792 909.1613038939328
3474.563479055658 2747.9338979645063
8223.691383208941 4975.6841360700855
7803.619973999899 8956.844156348398
8832.023933286135 1457.1152663378261
612.7630617663782 9269.492408644635
424.4366132472266 1233.826764995456
8528.137744317284 5372.175596535674
7681.72903209596 4331.582809235101
7894.945607655261 1077.1928517046424
9264.479617789613 6165.240269975632
1110.000524942839 457.2273682248096
2816.260791774905 2979.5390417630274
3204.6129036228353 3109.102601958448
9747.364362172191 2353.9894714613874
4244.516953189086 1832.860907892262
6855.008081106265 2929.875824081284
8670.189826810036 6459.380970244738
3798.8855171579294 8620.913557061864
3570.0579225315755 3819.5147730700883
7726.303570214107 6485.107121303644
4060.7232566543316 7919.9909143836285
8929.055948529074 4163.880741319028
5442.481030826276 6276.095953323688
4314.558903848106 2335.5600441354795
8605.046650063754 8048.4120287663
8686.67426963363 9983.806548094777
7277.546394745811 7140.653920865289
7357.0327793109755 5447.6142746652185
3148.4648617207044 8737.915918504128
7445.559527933534 4198.003126551045
7625.390128484412 899.4002589896977
9379.297156057366 5077.55007985337
7061.0290279647625 3766.9703167231605
4561.5123852512 342.4197473871693
1641.1140734305684 7710.633763539468
9958.459261653847 1262.5720070497925
6811.458703969549 8304.327164971777
5439.066659012419 264.337047437504
115.55785333979162 410.13735735890623
5103.207377843726 2640.5654093447883
5620.7780179248575 5846.366752274433
9547.09334089711 5707.077926008349
2730.312214235522 9124.60589338019
2039.7394870166063 950.1516284860035
6109.7241495262115 3563.2517171890377
7922.319544585559 5188.298182597807
8701.040096099634 5719.668429586193
3192.6383669838656 62.60412406731142
353.9939279075188 9530.45801651186
5199.825467587148 5273.41823475573
473.16447008634134 2809.0691923939326
5649.7552690980365 9897.187129890724
4261.390656115149 7822.244935131956
3709.5805522405235 7845.7583351751155
8633.987525675859 4551.566713883867
4900.164799041788 8071.478753678488
5684.929432172679 9943.625950766791
9678.082899447647 7474.941830521765
8705.301955135108 8962.116029971236
4134.254252911545 4638.243304786059
8185.971940025528 3577.4021555520576
4074.163194736493 5485.126571413577
2980.5598882773297 3963.8957346246584
2895.0084632995645 7760.413201471183
4861.443392479306 2122.8225069089226
3138.0174237322913 9824.62789846919
3070.6576171846855 1907.741275455287
1369.5536315168922 675.7442737943153
9149.202226892046 1002.4329821907252
6132.527326952037 2338.4959215405966
1322.403228507617 9785.549638543007
9110.023212317792 2802.7053352462285
2025.6196315767238 9213.67496072468
355.93562771702335 7545.609548473903
1773.7253575108714 4864.214200119773
9472.806123518423 339.1666587419073
7509.435107831633 7101.799154581529
5954.935206615546 9521.849458972263
3809.68936191607 7966.656159575274
3565.2428055619257 4205.448304582415
885.9470082002218 3830.654294101593
5577.235456514382 5990.912852434186
4183.380396309465 9126.512150968882
9988.829030893696 5683.291967448319
6565.604926430197 527.9141327953707
6402.6705794866975 1224.3314947889605
5565.717971531194 2843.0419888214674
9167.990827530608 2602.31706650895
4991.06161313477 7581.306671512895
4591.907322707891 1852.2577558475862
2288.2630444366114 2662.8178590046127
3553.4945145073207 1425.5254162633512
506.7509200968623 7062.405068680676
4691.821161517967 2186.5788955922103
6443.081104858931 7314.7601770994515
7489.552009833738 3085.4166178074893
4605.05205492234 3754.546595192031
9036.597160103282 8157.922279265744
3.7238697856611935 3125.077774258209
3033.6844400713117 2922.2745593358777
1463.1032962218117 761.4378341509221
4683.622506339434 1468.1169205852395
1131.3904438748723 9938.68068767873
518.4084589931759 7576.192157461174
5184.327760707047 8173.012707572547
7923.231347090755 8059.668445005254
5330.332716992152 273.623588254045
5143.805249697766 4184.390630340581
658.7329567712763 5765.1035418975325
8901.36422664236 7503.816374127679
4616.566379434921 3935.1435776531584
3390.0360961002807 9735.402594860981
2456.048280561297 3209.4866135223865
1394.205660286646 2408.731046701662
363.9489727636969 2815.857018411798
5538.8674038980425 931.6740122729483
8665.761667570032 3770.8690172197767
5273.860432106691 9449.414532455943
7991.690454726327 3108.673839377106
3093.265257138037 7412.155988159073
9098.116799042657 9967.37360478552
1704.1349056932231 6120.869485223979
4157.354939479924 4658.995991741765
2384.125892255562 3686.440333539678
9760.136919102308 2171.088911291662
3605.4802860531486 9816.0960447732
9619.419613137186 9682.759317575395
8153.201654171621 7632.008179367838
8020.734203196906 3625.245808171522
6428.166133103058 8330.480659293
3433.451646510223 5576.883494431994
3401.2847184986563 5906.149947059288
5378.968275081494 7854.580126418078
6772.742480616014 3394.1390986211704
6645.9641131895305 9048.691329597963
4290.713434354499 9124.122316524674
7249.518102849865 6945.44887508022
8896.854465172486 1333.7759655414338
6150.017620789941 1290.8597578795266
1391.2618582005832 2155.1004198439227
1679.4261773640906 1672.2589258092391
1647.4726618611346 7465.622751714404
1866.6256087631416 6428.467318267011
1058.4762156171978 7387.493509753391
1410.1819603105603 6946.770200704622
857.6004235770773 3321.0195022894227
2916.028903021476 7964.695918520552
3233.5189359376614 1315.1804684404078
6199.2028346788775 8566.840802379202
4746.522091215617 8306.197143870593
942.9003864990859 451.7557608340683
4453.584965229647 7296.233182298467
4814.777831258669 9741.169194452785
2362.6516579755275 9897.829935727055
1259.5429172034899 6113.590269046608
7361.95137507457 9835.686308806058
8618.536759793249 8366.603032062678
7608.049256842728 8975.915024414971
4971.143513552031 8646.925345703694
506.7244510926483 8243.917959409497
1149.5029403335966 8534.571613245378
3883.6637878697766 9395.543867835499
7747.144330843094 8927.22806958228
4717.343267007758 22.202432275971738
623.7996885179841 2243.2087940630418
6894.364807491053 3399.128096831703
3402.795907348103 9846.133276023247
4847.906088868086 6826.999891326188
4764.065099536247 9791.725051962514
5652.828478494181 6970.641972645431
2954.952682333577 6.902907167644079
8176.3818189663525 8364.542262767667
9872.644017905317 9833.594720676681
4221.337499137915 1733.4436358080952
2316.1738058076407 8504.479927201877
3248.7639578847006 2067.2800220206877
8562.61464354145 2565.1179007198075
9230.559288496388 2493.2384223734616
4291.193638142833 5516.700423109323
5457.237564352468 8903.75279304239
3060.715904540928 2025.9207591065974
714.3636131186515 2027.745027456105
3039.821010561885 5933.223227342016
8141.414530673598 8173.443590063669
3496.2363999159675 5987.959161270506
6299.743261531156 7224.631144744874
1670.3329112370147 5748.745078752401
501.7045986738378 6638.182380459193
3089.927838947937 4409.581823724633
1290.899324201119 3169.2739230311795
6127.42323261134 3447.0568584026996
6113.880339650906 9841.658575247733
4657.005047003316 9931.223369364565
9686.554014936186 4283.916413275648
1038.770531059412 1102.5097361557846
8333.904193830062 5968.6086474838075
5338.295687991924 6389.282803404222
3669.554006948644 4119.775272747122
5684.285359989674 2425.4501174263287
1382.0733341166313 5095.2358773346
8973.602294853494 3824.755482164117
1607.8263999957353 7903.665162810495
752.1009039884163 7478.18634003748
8395.551418223416 9182.431627852842
8031.337597583746 963.1762533714394
7105.74798214432 4440.705016169562
9045.370529846085 6288.0514494856625
238.34336649356857 663.3531385828151
9508.49819887761 8642.440126557844
4144.995192483676 6474.661253834344
5803.93203325781 6084.12090473942
1357.7830490607112 9976.927762550826
1715.035873267262 165.06090892917547
5853.930605457313 1107.5002056706196
6804.903016602857 9384.1530446478
1476.5875609753098 4898.83945334119
1356.692508408054 7051.431408578173
6944.595205782708 4379.702952155992
4906.2700823213045 2658.309155427385
4409.549533560991 7021.566310221965
2830.3592309887295 1170.645416897005
2356.36294518211 6612.911637450559
8197.532179473335 7796.219404681616
7793.9224272285055 3235.0247645040577
4146.020744030009 6725.447828775449
7145.324689224946 7616.466357365191
5421.464289772306 1103.9563252988494
22.567646307838363 2559.389736638583
6389.351602029799 8067.871845842908
5158.461696289467 3359.3977235277484
6831.059331985416 7057.477122793799
3168.919538713243 1181.6489549393393
6139.02179993466 1822.1273116600812
6531.670596043539 8209.432791719963
1145.7155885801874 6539.0986501072075
3192.8374935307424 1047.4544324417168
2752.7792219596204 4291.303221937781
6550.705597387715 9340.583553504615
1770.727906039634 1783.5677390386672
1216.4020189067226 9859.836221824899
4936.367145799862 7624.445552962332
914.0959444527141 2410.875753621556
7944.147812055974 2760.2872305546002
2158.720511554295 2836.336304008059
3509.3427836344126 720.5733767991995
4937.105468181563 111.7806012554623
8975.07474983343 2218.2635968959385
9518.804741156666 9076.130487062208
9781.855278982806 3346.1973121807164
6735.791730547899 7690.914364717042
2237.4400709371366 9120.334933105605
7595.581067118401 7888.696543577454
1456.4511524716172 4442.899330841867
6930.234961701924 2049.567896099984
8083.345912412887 2693.2449873829232
4934.097273588979 2935.593259377657
468.96494501953765 8101.540426901573
9905.988699160092 3516.625189496645
7340.023803364359 1820.124466576637
5286.989349889517 4536.911974483509
9682.558506643787 3179.655541582467
4172.825533079664 1900.4387562818392
9554.47236999778 7001.941039392743
4880.267408401279 2993.9641716289334
7848.9743534945055 5038.6005372330765
1859.832772460629 920.219654449046
2649.8396548728997 4614.4817323204015
7272.488164866153 8279.766022679594
4751.061847454154 377.01143250925884
9885.923166171688 7618.507496816795
7157.609940910861 5687.431897566966
9596.370118419714 3948.8845658454775
940.6406523331024 8637.14032014978
7844.824210822106 5856.282372908835
689.6593292991671 3932.108413035097
6471.921314998616 5618.2045613911905
8985.763722771286 5960.630488882869
143.60708155674695 5492.2796134833625
814.2419735010709 244.4150934291056
380.13590594874523 6870.183008415946
5641.442417231997 170.29062604447253
2433.8171531742382 1348.0725362645107
6999.968610806386 3409.5789410989905
9786.324840621724 7930.150742935882
6857.895469657024 7754.434124217925
4874.271692499699 8560.483878333978
4791.84294441554 9235.232160971247
8802.144131849369 4969.2231079517005
40.38552875629375 6330.343591993171
7264.582591592665 3422.8877009747625
7883.413270662914 2839.4001327968367
4675.380296136621 384.3858957626034
474.7041799373886 8563.424133463657
3588.4711383319636 1316.9677623370358
6249.106468993243 1319.960041547994
1896.5579720845017 6907.314604401809
1332.369978411928 6018.607955250653
6005.934258580074 5836.490045898857
1000.8062941512575 6532.131774804573
4211.431330540368 893.4917928443186
9169.600482990012 3920.571406981468
833.3258737075066 5704.655514597537
9132.734222007437 200.563031246761
8328.421225248945 2643.1860157860133
9334.12095645456 299.3290256681402
1550.41645846416 8586.595174446908
3818.700823450363 6092.571813716822
5610.0618581698245 4105.853024825471
8193.871988625462 5497.76546639563
6373.491835275037 3398.5670355111965
8425.787780413644 6479.108921518935
537.5180886710218 6819.52115222564
1601.680719662093 517.6684741557391
433.5545134646779 5215.423089021027
4908.5214404163835 2610.0021998094635
7237.2372352700795 5436.726108940907
1509.954864976104 5180.825939904228
5098.69181323734 9377.901194636499
9747.603909643807 1430.0459803106203
7858.795977591685 4688.555846488005
5149.464442820457 9581.748035008943
9479.667898935399 3901.3124553344283
3097.2610163250924 3262.4978437288632
9093.00792084682 138.36751059666307
3686.2721195601243 4808.578137718675
1657.810443408103 1787.1800915118251
9305.271281789883 7686.544275465849
5619.350567857246 5576.740339968076
9770.876999184638 1408.7555574773269
9674.24554624031 7339.396442974951
9469.738732733402 7335.299207648428
1771.7764413665027 2409.2260165364455
5893.631356457596 6575.989970917028
4819.550659097823 3086.457612178921
9196.669892275544 1840.8972425829318
5211.972391573443 8888.460693090736
7960.4944697110395 3535.1136300927888
2262.8836857931224 6411.341855846553
7222.420838081907 6653.24473109636
8899.124455554662 9542.19729892543
1003.1868524759335 9101.37103327493
6559.6524223926945 7490.588928651435
3065.0729514985997 3958.9884892129558
145.2571463892649 7648.825851150326
6437.805538183779 7890.710107205126
2076.7870498238963 2644.1499878668174
4368.804065532656 5427.2694244481245
8045.204613158131 6111.94014881074
2785.9636426247694 4157.636155754196
874.6755974715992 9697.56280397367
7105.312220019588 9008.81854548818
3070.2786008233884 4585.515075675266
4272.517317089124 4737.192102346868
3084.8305291464208 4458.021066565664
4296.361339513097 4514.962104997236
5114.694897991203 3201.256837650198
4213.942646324773 9067.62844176001
7322.342421107054 9905.896777375368
1421.5038815701253 5203.095360976478
8783.822083976514 5749.688349020965
2611.4228475231903 4770.321585782182
1172.1867228501271 2203.2793788587933
9175.049994483657 5095.188204644296
7213.313145585729 7666.533807113258
9862.71152821619 9763.508265171893
4288.446201366843 121.09455897027499
6736.339349723566 4255.88728116307
8208.18325349535 6675.960422743255
1006.8313907200454 4386.393852838612
9145.511408795326 6986.363474838442
1217.383176481156 6756.773157315322
8990.897174369007 6442.2473810198735
7415.674364527132 9510.201153096818
6980.31946448797 6751.166751585538
1451.9363143621656 8553.338876088623
8347.527149899248 6081.435753037557
5346.561138671146 9112.718341480944
8964.696248137498 8284.876159669211
6790.062117758121 5001.249718870582
7461.04509144561 884.5296565399285
3269.827044041593 8292.911482384496
5146.865349719085 4491.212590042013
4062.253827736905 238.44805652176947
3220.810890030775 2103.8063349005156
2385.493822295497 202.16261869111963
6201.1806027478115 5351.698967454752
8377.172786290846 3159.6658667427146
297.31927475604823 6153.798672472562
7243.092070673676 7868.696401969333
5525.153071695182 6497.064858553804
5917.0689714283235 7209.906191299587
771.2682859966546 6078.513552601194
5878.693526840496 9391.757971032233
1722.827010383997 7408.168509372095
9394.943557394945 3723.4575261350565
2606.0117219322674 636.4490548092705
1383.2195476763654 7482.103333800338
4013.5735015369232 5847.998209764469
9337.517115865161 1035.0020453998955
752.45720916298 8854.970097654135
9316.08561669415 6825.36756797211
5605.359647059359 7626.314621567818
6858.066813174829 4089.382322984061
7175.473820588038 405.6079824581771
7878.246371363617 5244.869487737079
2571.559113505469 3298.4982777166915
6083.193313709197 1776.5863349957401
8590.86992272208 4651.846201125205
258.7004634744372 7140.418315553558
8270.364659022813 5900.162324472817
6897.581564080666 1718.5157792961404
3202.006591236507 3720.9514812404855
1068.521755478621 179.6840609639072
5845.8653914864235 6319.095235539902
1170.8168387630458 4734.099358183626
225.10526524397667 7451.418019601846
1276.4774325416329 8718.693345673222
3849.8527368789846 5406.0951348440785
8130.319253241213 3709.3110684460094
8492.31505361943 567.5827597926286
8560.293349261146 9928.013494451507
2523.4149619015743 4426.25770003652
7044.458646883495 4098.661775891328
2921.6024616950053 4932.977355263899
2487.634119822633 1101.188493730345
777.3854964702964 7952.28144416699
7879.912669066692 5784.719722733333
142.52306566355122 2233.975940135403
6440.855513835948 9121.987625797383
6410.705123600691 5801.35108098614
3097.33049230168 8522.227574389806
7066.940361719695 4945.3057647930045
699.594952988567 5567.030603977039
4605.7626117830005 3117.1635908891694
6249.365805453367 5693.3764969473095
8693.753477941558 5928.979147939795
3595.26117253249 3420.3503892297895
2239.775570983715 198.65717141803407
5545.13756199526 3600.7989858917845
3936.695772192413 9518.210151394182
151.4851919560123 3876.4583331223234
8051.272605603584 6177.008359887091
3045.1881713626663 6024.8454822128
764.2681647137528 9437.881656355272
124.59626656055266 4208.471561002198
1200.741749277191 3142.456692485458
2650.992616455806 6271.704186800877
4440.866769997448 1413.1199144353711
9858.185038799571 177.86642076541793
3264.505882315237 9822.521665880358
2553.0898989903885 1438.9294817747111
5158.1720293697745 817.5438168018501
4865.815251419769 8962.421561835092
1200.8882540294785 6413.174569424393
301.89260542690886 6124.938444163517
3845.8565991949554 8212.748711442991
2555.947954895139 1078.9105209318418
1327.7303753634108 4664.524515067156
1165.2402582291832 5309.041531133594
7450.678972613611 8130.588212103999
7013.140390757932 2277.1084968412124
6850.32547857441 9822.587268044435
2936.7591742232967 8628.56625163207
7473.022101380516 8949.816883645793
249.58087561388953 8881.675947473606
3978.828989826607 3528.69151157962
2859.0889068720626 779.6387860498332
8049.94123900222 4218.654490657986
6841.023432067745 2558.478401509723
4174.209285945971 9278.09286230411
4826.040303916153 5268.186466595929
2373.7830284537877 8274.837599805063
1361.1859500379287 2981.9093647580053
2561.8008517491508 4539.351983264892
7527.747715888564 1237.719448968716
8735.438938088086 1514.7164660223555
528.6695897162108 9379.776533080925
5051.522587656916 6136.043460441555
6702.874500994951 5600.460821009572
9981.294249453025 3162.964855686008
4480.467456482135 4432.3118590230915
9203.823607521135 7992.354695367372
7161.938608697401 5198.381318256035
2672.935328101175 1894.4608113792694
4086.1228667312034 6501.872911061203
6380.419201870354 2844.1403621896266
2745.818207058053 6220.704241295716
4738.680627938047 7159.903701699382
3716.5977098402645 8669.893762928858
5218.8792319971135 2016.9927993508818
4883.5004853956525 604.4438228894101
2905.991976211623 6566.729360523485
1381.9168131645033 5557.649350163333
8970.131406574605 9872.891425534788
2913.1354599565852 1644.5367538060918
3703.835240473896 7166.88411432363
651.6482937488432 1407.3953311234643
1737.9422277664924 2026.9937107265102
1830.4600748218636 3540.1321269949694
4324.047744180845 1003.023748780274
1272.2843880378487 5400.448507212843
1159.438133023295 8936.131164560386
5628.649880897427 2103.6000305779235
2130.7780304887756 7764.695903604373
7895.5822217262985 2688.7655927264864
7565.7292470001 8960.569967078445
6893.66619291245 6358.823378735255
4107.059438732726 9906.071872311619
8831.932363795786 2116.5872517003813
2161.697748248402 7500.603354856946
5819.158465964633 3255.3341795435476
27.578995325581168 8076.787562457651
9242.809634990517 4108.707203838807
9264.013637645836 1309.5330779445258
4304.984352613305 224.85607212376357
5646.706287313238 7217.4577304326385
5686.378112596982 4701.930411172386
136.4416268501456 9584.606221005264
3303.4102367973683 2806.818578989272
4690.842702737361 6171.426003038878
1430.3047272748759 4196.281712143725
8461.499326037954 5937.469099952839
4077.055972177618 7069.401553190711
944.1550354888484 6164.31249026984
4445.848550926557 1402.5282442213215
9987.531119766929 7845.6990885452005
6532.644162488878 9052.675191641552
4216.755403425433 6002.920979973623
2497.2866533575343 6962.5779903140765
1390.2594748438146 2686.9786939291675
294.6185310653404 5960.397745005767
6484.389316768204 4345.0701265225025
2240.7405719772087 1719.316225465173
5887.876355403418 1957.4735551682431
6682.692089653575 6327.032495735349
6988.6958572072135 1891.9095065844294
1746.4621116240276 8612.443614707965
5648.737159633262 7775.977268132733
2257.389281147578 8886.546656179738
7587.100538132256 8854.283240484607
8358.646467571969 9076.877366033614
3530.7191827967254 8275.385232326105
7097.643178889354 2369.5551739652433
2141.4063710409114 5544.704510944627
6306.829824180569 7420.278220777625
9191.308436599706 983.059603462807
3474.51124661715 955.372469095489
6234.141249848337 6446.5028581234255
982.9386026815878 9156.266846043423
7107.475860978163 5791.6492610050245
3085.071114233838 2605.5327802910224
6001.728891784454 611.7060181255852
9298.048777163203 1769.8893567320483
6544.406981868978 1621.9254588632791
3510.5603950182594 5.343411617817484
7373.541670120406 3739.22064259287
8032.92042058806 8891.898735545758
6012.14493345439 3379.197142974155
7062.822520992618 6340.033270556343
9505.90160883448 9784.872846980654
4596.368954644127 1358.4104629243532
7249.212910099236 8304.868317593588
7683.118226226205 632.0565927183641
8700.088097976779 2454.8724035944647
7105.536104596309 1132.4969646136008
6272.2757429538 3324.6976442228924
4057.3709877820606 9866.11864020571
1593.4188233602376 9434.260111378015
3202.1225544784015 6564.282988620661
1530.9031646686544 7495.327348871784
9611.903297372011 7628.482896289153
8912.463586924387 4701.905958324028
9518.645080275921 9966.105550680462
1706.5007901877839 6150.638864860676
2553.72991275833 1487.1222965706888
3577.4540096265628 6783.615447830875
6208.780379956832 979.2983993195237
8194.4642990148 5849.50087125624
1619.4683147287192 3839.278117126662
9446.95274201468 3294.909991242776
3455.8586015180927 1709.1654592050454
9808.629328923691 1726.4725930663706
5696.930507026118 3452.989432324105
9491.843609714353 4625.041494611411
9373.56916043409 2104.7056625573655
9747.068021654712 1347.0218393065813
7983.457651658708 7429.153112023216
4687.706393490267 2113.806222352834
1212.939090960068 6559.650423563928
7358.305103095902 1668.8232527672253
7845.060559384555 5810.680176584764
7414.635659457859 8572.717842320108
4289.651365553985 5211.378326241267
9747.008983345031 8210.697961227108
6040.4284963717255 3565.3081068663496
5653.5714369244915 1502.1036173784596
5545.760372131895 5914.266716061204
758.2242771472858 8030.75704920482
1473.8674641831674 7168.634257074024
6768.198402721406 1855.6865537298306
1159.8690776938192 5364.046181398076
7379.205625946081 615.3120516501232
141.23421388330115 5513.929893147416
2161.4808479649596 3704.2148633703873
119.83274213323902 349.7163485144961
6097.917955443623 3280.1145161377
9432.92215952661 7375.300079050644
6595.893140846492 2649.701476422057
8172.047228762054 2609.5890506482688
4257.26282639115 185.4859723204405
3457.969847667729 150.75005123429074
8466.408416535178 3341.8369723784544
9061.388638009284 3268.020200644407
3944.096534046152 6566.905198081964
7553.345987484941 7111.723229134888
9815.309901658944 8948.137846442356
2475.8628323660037 5329.391882840679
8452.098198406165 2282.6071921056014
2642.480878592732 2885.66740415785
7377.884102674978 7929.391915373175
610.0319515638042 5205.9071112377405
3857.555959348049 1279.7661812233619
2607.100699826872 9398.201035038668
8448.063171321302 5971.965386724814
7761.2749214373625 6755.763612539696
747.1285502068558 6080.816699733093
336.4332294790273 7001.431498162531
7853.072621722917 3428.531682258805
9872.949576999054 3808.2621520561165
3636.6473091851594 8891.481269251237
617.8404916888569 8014.997146231367
4826.15342597751 1118.785272814401
3438.51645791422 9652.41851776625
8120.021788085632 3432.0619200390624
532.9477190344545 2406.389121677779
1066.4151843348834 9841.704862251483
5680.685116876697 4465.638927367371
8287.308429822273 4093.5638588523584
523.3261376858889 7837.11933929108
3774.8882792080117 1450.9261230099057
419.650524159606 4159.019256428678
9451.009423010802 1520.2085987582482
1789.7947183317297 8801.294235239364
9955.832230670507 1844.7866072675845
6544.47496991719 6615.835079535903
3719.6582993672046 6219.901950242722
8189.402646074269 2083.1597283773385
772.3679391610139 8722.606985048686
8501.686847308796 3799.782102984154
8457.761840906496 4304.218435883455
3294.1534056723763 8260.178108610953
7245.490660520251 9458.769668642302
715.1480672362986 709.529138026781
171.15329804881063 1959.4652182315142
5775.537823263156 1478.1980513776161
1085.5323676567218 6946.158304130692
351.2633504111939 4656.147440068704
8856.826560130687 7750.38702867076
8778.93167102911 2225.28465699491
6945.131014519049 3760.5194129049037
5343.586351292346 839.9796803991132
356.307098992471 4358.075559427535
1451.925995505844 330.7666161172862
4882.77140786325 7497.309440449459
7090.887887489369 2703.508427044241
6751.628656587508 3853.6456260633176
3290.6501718395753 7916.066878513003
4325.960045370296 2632.5905069306464
9742.749499317055 8036.788518922208
7342.971869813063 3109.2398489894167
4468.150703788862 4523.878322243337
3323.0967629571082 6759.535509166902
486.7433662649456 4312.005817583869
5247.033579991206 8447.925278923449
7808.887634424974 9152.2453615325
9373.103389167985 1552.1065390680956
7751.261283526775 9223.724411041649
7155.183094705413 1134.0439383441148
573.4127049123994 6420.116790206388
621.8769433553639 1307.468534720887
6738.056035033881 4911.383785394837
6290.473180845657 7805.5813744162515
6717.289263678764 6590.929979424743
8714.622136613089 4418.701309643104
4198.557493608291 6840.611093491379
1102.5654093289982 2450.111097623362
2788.3196279775857 1680.789714928077
7093.1349590020445 5629.3707587972285
6868.0249220344085 819.9078756662315
4739.632787471045 9025.88444050342
3126.1381865196004 2377.8045492387732
1027.0911434558072 9421.524100519466
471.599072263722 4129.276436302157
2836.3029502598115 6329.621699068412
2528.2379568328483 2999.1434324970646
8168.407937144944 7388.669729437076
8716.315482045666 9237.34664686333
9656.702685838965 9212.570887553744
7046.487619428545 4212.373038679705
917.7397507159457 4945.305868978185
4183.144130820961 1083.5653244095688
5131.669823166799 2746.395855036625
6078.206816938739 5747.641307596867
4392.169187143447 5224.557331948052
5533.113650420919 1402.013948130587
7829.190053408265 8440.455698727063
1415.857261843423 3827.2678429324837
6283.156926338182 515.4888246069567
7941.5863699961155 6063.4127650887385
1397.1258306135137 4112.038191045996
1419.416323366014 539.3036319855304
7393.813978906079 4091.6492598462805
6174.744402374702 3911.876675180619
4517.295891815744 1511.1098258464929
975.4920527651711 4881.623186069071
4144.555836393213 7782.418420624397
2222.3517846750406 8072.983703220834
6909.9720205611375 8301.145573421547
407.2459450728438 7703.111343707127
6836.205533184919 3138.709321671843
1900.8514647626107 3209.721522664082
6427.8513704863135 3497.598639974433
8999.182023977492 5268.507612068789
9959.602837713797 6544.597834144806
7340.862518904926 4702.870231165654
4778.570302403799 7965.576971979652
1300.8674303152768 8673.470065262205
3340.7865136390815 1126.4343368467232
4773.140192010497 8232.386917002335
1914.8196161328613 4078.2834483491124
6873.6463046178305 8836.421302398852
5410.809029320523 811.0047118660657
9527.058706881759 736.354761407938
1631.1252678910726 1137.7865753374472
6644.4086424065 9293.739154602952
2389.249538662135 4384.302079266853
2655.682488606004 6224.056329886786
3406.3576582336095 5659.68406602491
1530.478520384898 1524.85486739386
9670.483394061854 9902.470404698077
6101.485825020103 2419.7356602045616
8031.02858946664 8123.217551144067
1499.681062539686 33.82092607568832
4201.77423805991 2306.4833862153223
5816.784895739485 6713.613493985557
7058.44307534114 288.4068380590199
5729.655450027827 6913.911027044516
9142.249244101946 9592.122212872384
4752.943904320675 2396.7127345293848
8618.764878436074 9681.760847076288
7030.46954406414 8121.814586164883
4591.822286410945 5386.812993672941
132.41842648404668 8656.062277572288
4635.060797368909 352.1325243089879
6194.607374495108 6187.989106689816
679.1225546459812 8284.887374934287
1917.6982305066924 306.8381602512049
6980.38250473659 1498.2749347792435
4438.383498650862 6589.7307862193
1797.4988322657016 792.8278152054424
1891.2115651249871 5738.006375199707
2614.954608709427 8069.667250590794
4598.8521304 7513.530335955909
3278.153452501654 3236.0608122741996
5260.253990620614 4048.028157679039
242.52379037333128 9942.16731631607
4250.272420073965 5233.269697886783
4289.474884260672 478.8623081202914
9201.004717005113 4847.193210260505
3524.9394033763683 8770.056898726509
6404.190111087641 9830.828793819022
3251.6291458433298 1808.9332764369747
5255.691811343184 6703.138320201171
8394.020015446029 4116.040996876151
5957.202243835075 8485.661195647308
4555.471026676439 6838.211581223369
4996.968865600752 2706.1200377787477
4499.776799873852 2960.763221847973
2550.462823007048 6059.901517787362
7874.840902882047 2771.4836990053236
873.5675417960987 4130.599392268304
3334.0480330163637 9193.400931852953
3004.9954483571205 5205.568115019806
3861.3058172009296 894.353228972985
6651.285382090409 5669.702172926037
8068.613743263824 2184.902057485554
8996.873730789304 720.4230671141676
2510.412024703337 2632.1346264702283
4363.373524113432 8219.118935644656
2646.849461391522 6045.424695122393
8136.332588067569 5379.051170832447
2988.5052161133985 8031.232734908639
7184.387955991562 7687.004313837889
167.9822317864288 3667.5455010871015
9114.871912572584 6965.722230361975
6209.189121952837 2014.5676853502848
141.56217134570826 806.4418058754263
3103.012528329747 2156.7947608185254
4084.4169720045998 8735.596951166675
3948.4752075574893 6262.612667871913
3077.7692545687805 1427.033394108399
381.3626267249393 8751.085134240691
3932.596960952076 8030.840951823863
787.6960248174547 7071.603473402567
2780.132225225653 3262.176218998982
8887.316194638859 8830.59336718205
4618.202413440446 278.2081674111669
7673.236197293072 2040.4827652930958
3688.3470211009617 7568.594678596747
9405.308980893338 119.65831925790482
5230.888333304484 8094.65629636558
8382.149357726586 938.143865268215
9096.778364347863 6734.680118591544
9553.136780685143 9682.259887975784
939.1814428186728 7727.5566819663045
2682.7207515487885 8602.53276618866
7264.395348954748 7254.211177051327
8742.137652345236 2812.6371875886234
6490.855500702589 7556.063292020144
2479.0380884534025 223.17561496567717
9346.602449128866 8062.010599859175
2703.4176173532856 5422.611978065867
8429.738379847957 5880.19849403535
9728.633857411418 1858.6886644218648
8563.03688463316 2708.103320813474
7619.176744612557 4027.179353491851
6693.01135411148 7724.22334420072
7422.2628047852195 1540.8383099696432
2515.386925088212 6346.9373593525725
6398.2004548586065 9929.92639534931
8753.063911991092 2880.8519501009855
7414.873842106949 8816.710370569717
3069.298418491072 1018.2328514085015
2134.579577223599 6709.842662642564
1967.9680483025952 9922.872037549865
1396.8416478029656 3080.5524300447373
714.4316510492998 5196.016221496933
6288.719597987125 2611.085384986589
2304.6315518782512 3408.73776347692
3794.5192410855334 3546.8523470182135
2816.7280004723593 6082.4089093672765
1629.7012179250569 1937.2606229132994
98.6955070029738 4008.691168302533
7889.174929648457 6216.2128007461815
7676.953034672841 5622.726690744609
2478.0588422691953 2051.7834850386807
6015.23753826644 3777.982109533263
8943.374536858806 5685.587737826504
8809.575145490655 3718.456844818988
7288.034127800228 5085.881125033707
2874.341769715871 1303.7422504480146
623.8738747033357 2154.4414066171535
6356.044953782322 4614.672411763468
1108.3709875693648 5955.797808246552
1505.6024669115852 3952.08167900858
3510.080654548211 6478.392193563885
5046.534351971123 4938.448483256405
7960.711189427911 790.7686766454814
1295.6170428578762 6941.964401417252
6977.152217580979 8621.905301029901
624.203028103405 4364.8417809461325
5674.658662493697 2373.3206823660535
8592.537110044868 1472.4319560073163
8242.787308417897 7361.594022136334
9146.048878815227 2386.995709118761
8218.566953867832 1693.4669460030084
8631.73810245126 6629.7319134297495
4866.779540344271 1591.6961108977289
6074.410974818533 7166.934297175559
3065.1199613874746 7218.3541275175385
9146.66758157593 2300.9168580374608
9492.388316979304 6083.283289527819
4573.180219712282 4943.606994663258
3630.763737489352 5978.926011162288
6328.938338283789 2820.4765023890677
8118.597317524731 7048.770912740438
4922.7892714541995 974.7467658882614
9328.053604011044 3075.1680331953844
6301.726479039631 3576.562345791637
5692.317427975804 5363.28560740341
9468.03604773468 5489.104862468399
8269.979364893778 8701.490663873628
7770.537553577325 5303.371924646945
5309.597892460402 7794.457534841264
12.807392699545339 625.6233052429172
165.3296528640802 4293.819725257413
4015.404116327763 3286.2512459568247
9814.910390194484 9092.197701847794
7075.765049372786 6836.108081365285
9444.158718598674 1899.9514818116725
4888.5751709497035 1206.0798440489295
7087.565267365429 290.0216777921105
2921.0564174066512 9727.967440760813
1152.420051211236 3374.7369345509837
1981.7630509552976 1849.5008516746093
2804.325448995436 1069.4857318146467
2778.1108248999462 823.5741999543001
4654.825146676428 8501.65904167175
2627.0064721408694 9411.55866289506
6967.27837768355 6539.294735839983
1164.5866996382892 8212.81740602521
2684.9936756749194 3642.362304530604
895.215831355427 617.3045672506861
2986.0291945985095 1280.6456867346194
2726.529995968181 5575.405621456849
5781.9565712244985 5015.700155545508
6256.460753916156 4388.936285391104
603.2779683126255 6010.367906970065
9509.8063569322 549.482339759656
4652.072550633951 3207.861002488983
3066.063803534982 2285.032456212991
6452.843516296574 4713.426384822581
9076.872061742964 5923.118549349906
5495.42398798731 8015.136056069977
6540.561921687397 4438.442864782588
8539.194911031813 2596.3449176274335
382.94228941542997 9625.24273204651
5835.7515341080925 5220.891061872496
3387.5994357818427 8219.399260886154
3427.5556742520807 7713.116040659582
6825.622717210662 1992.573090149813
892.9916865775922 9408.304691018471
7753.812340415672 9350.408228037451
7433.640931706851 1615.1592480360832
8382.064698344202 1289.1122139592371
3037.479612483269 9410.435785128811
5654.77074581403 7699.489686186851
5602.090669313021 6876.88875126507
7247.7078769437585 954.7680151182259
9364.879563826153 5499.183327537197
3551.0377821273773 2478.320774327608
4762.6628648605865 1848.4541444817148
3890.6727943893507 4559.662851276856
4930.904368699443 9914.698728627329
9234.408947957556 4071.850856912248
9453.246283377353 5487.2167866180025
2935.8630981896918 6940.695189001209
1684.889392905261 4836.816010881763
5688.396524781617 2225.9488158849504
1998.7584239519297 7619.52370492475
792.8448994169468 2496.9116326005624
5641.278953348863 4400.0607481117495
1087.0171596846667 2819.643827388696
534.9893746955481 2484.342649656598
9441.561921278151 4120.2589557136935
7328.092887557249 9853.800885764555
595.9496967625122 7948.525031784006
1266.4544559387537 5910.318390704856
3289.948992956442 8738.270610564101
3051.430739120834 9469.101116341608
8140.122626204086 6545.859135369663
3747.3172279073706 8977.81574863409
8517.509609351966 7945.257277219638
7015.08148692254 7293.843266271681
8801.794878653172 5267.992619040953
474.44879771181616 3517.510270471187
6818.916311059488 4698.559131515987
6834.293819261374 7357.678615103365
5013.192090574201 1870.595431607437
4581.6794139587455 7297.088987964734
7961.698040590648 9556.424700113723
7482.77972361224 2428.367823332733
2207.761546681026 5802.315003674153
1924.313424719707 9247.62388229702
8072.078668101732 2434.0782281793527
1212.0024443213317 8921.078040514934
2094.1075526244013 3242.3981303605465
6342.961873532228 7581.181163518705
3063.0239135949487 8354.537969468412
3481.8210574382156 2062.1954776788198
4216.669624433211 6308.846355011344
9395.760754429995 6151.227722089792
9118.566893824349 8170.74799485333
7441.548004896174 7909.216831711434
8967.206812527098 8663.664413830418
8348.035235647838 6907.398829372419
4648.467509217628 7735.585556545099
2000.4852062251755 1328.282390585671
7711.150323278138 2241.7672990860983
8708.471987039462 8796.188071930066
627.2725462836903 1496.3074236152795
1026.999038816786 1530.914877650159
8192.885595270787 2330.10691642924
100.86431669624085 5959.122478891626
8731.837000729418 8989.99759859647
3715.1991343731115 9271.521126907604
5884.029196987466 723.5797961532109
6760.488750032127 579.9862859265114
9191.37133608715 5216.576627018081
8658.281655088105 2307.227576540635
4438.760734493497 9184.281825826098
6444.180513537774 8232.654730467324
2764.0727243847464 8365.939901544543
6667.599687513381 8221.60391589655
920.2722301223099 7930.667217293338
4043.1658859167164 6081.099161057895
3754.4099755487237 875.781223765083
9876.524919429718 6213.841179324229
3962.399109542405 6383.179985161086
8687.716718138316 6783.130741421888
3485.115210183315 2296.6699938776615
7168.159735903524 1954.9492764048582
5530.494140619832 5892.915671299147
5632.6882888699665 3449.438742217551
6137.955037154026 4940.939706926543
8465.9669545875 2112.529299616267
9445.606002766124 6679.878835758984
6713.0043812129625 3509.4913716260635
1377.3348121591623 5791.95485923737
2926.374920834437 7645.69133591959
2336.0283750395906 3707.3979974533067
5658.149331594203 1835.858341488713
670.8043428753407 650.3135711801755
8572.424065096304 7471.673644848667
5180.27712387058 8719.25870211542
7054.733693452977 5978.51917133264
6720.52494985398 8993.553104410039
3407.515548904022 6605.730278806424
6105.562000219273 8166.120796727338
246.19185096465102 8860.71918371522
7919.76080983094 525.9184854422339
548.3234080342703 5375.846360909915
7605.813779797853 9247.779321336167
1958.6763627953908 6787.936075639695
2248.457247341132 6894.756868857416
2415.93834424512 8813.846233443111
3843.329754392778 8797.832638756176
3942.2117669722843 3121.519093977957
7521.968975806069 4550.100310685274
1524.296155030801 7824.454809846213
6198.099476494441 2237.321161883737
4416.169274101701 468.5642211937402
7406.9990913410265 7223.999361744818
7904.963199608316 6233.876076701866
7728.873888787372 2323.8967973497206
4608.124558479652 6739.585685668572
5118.813832106569 9006.17126907678
5707.334647301015 319.4500472225303
9710.039815214093 9923.088476893246
4175.162980053389 2925.5493635921193
9213.793533922038 1492.5221405082623
4013.3100834222514 9921.951740170372
5908.363615718006 1528.2241186988176
1796.6930311677177 2945.8287592483034
8391.382485285805 983.1100642347878
9405.511532049948 2742.094901324217
2763.664267744904 755.5734215052701
9727.830925444929 8418.645926909183
4719.502210339221 4206.106526803095
328.1002006507494 5922.801284710115
6137.479602102669 3541.270567129827
3602.4194324118052 3705.5595857898816
7197.48753015776 3544.32408995534
5779.261997833584 1518.7990302739606
7793.790203089698 9266.585034011825
1274.7424596123324 9081.565697003
70.61089948179888 5240.867148177373
3374.4182036971138 4955.113413904261
7275.858814532948 2538.0957976233
6988.998560325332 2382.3683581232413
2810.2542947647125 6560.474099940814
4319.227246231571 8076.011792849982
7343.251475279671 2849.3389829961193
9665.596582259193 1980.3882959574491
1173.796311319103 383.10782898738904
5331.438657105244 885.9632657267603
3633.1032176727294 1850.4847667535196
6593.333729616522 6441.067036648204
1258.2692005846652 8206.361562046532
50.66210555804695 8584.180756115058
1709.6864314207205 452.6109861925198
6316.52081852276 8711.033959200358
961.8570070714084 5033.239756049566
4975.1137013195375 2994.300898042943
7166.350910374691 493.1323075430971
7006.1156687638795 5189.69364100643
5767.290951612043 2121.8780264934003
7464.403135826087 9990.77159302546
6943.890778896244 8188.950995340308
9103.929486333003 2535.8001799195763
8261.20629143728 6073.763185627383
5847.422735067434 7023.503287505501
2529.40873093912 9103.888656575864
3528.963826969783 7560.578807176489
3303.5252228639465 5237.017476622055
4174.401322785112 7342.3507856301185
8199.731809953577 6856.962542873759
9234.947391034946 8058.958420980913
3260.9261083019514 6901.309637015338
6652.1867240678 22.987383154244867
9973.448790206652 298.06973316416685
6408.129122316742 4930.475578567533
218.46083665516323 1260.9515876827281
9301.816306293182 7395.730463307737
3435.625548295955 6377.641662513116
4094.3938063736587 8441.415886236919
4583.38588873447 622.7492665856682
8877.44274022264 3978.886673411235
1099.2660267585086 8436.828370774456
3544.7610368527116 3979.751313524499
1995.2677991710023 4835.165583980805
1585.6722175300208 3518.1750035128603
2467.5762961393834 2144.7806736686625
1068.3303926263789 5154.438700442028
2956.42299851232 6415.358430408873
6644.382233064962 3233.790297895823
2461.099540939031 3809.587618298258
6681.735854855858 4590.641485727384
2096.7602520759697 1350.6592392322868
2220.077881765562 6876.673045815357
6373.778954263442 8289.433327885039
7344.170742201826 5272.436423268254
6487.083518574827 4051.050788209284
3782.8517668641416 695.543884495713
2022.0159940669992 6230.538122825307
6067.047608900654 7784.567240129791
4914.919049246078 7429.208922309794
7418.008033922765 8916.268437228222
2250.7828484573047 2858.4419878780277
687.3529683169666 1304.8111011710862
2536.929840410479 1584.6711290918304
3133.415552836506 7835.113229281149
3460.854700306687 3049.197284238825
8593.761808231133 8698.514692779943
7821.979099525388 7068.691805966214
5701.648005626281 127.45554774751366
8321.21981907582 9907.028999832206
6194.573921140953 8566.868249402394
1198.9066572220563 1206.3506524412749
3075.9810430598445 3473.5105957448163
3330.736571867038 6575.03025613877
4416.531874935502 9600.476198041602
7323.0779737339135 8452.472909088256
4919.299872080234 102.63724247091433
4393.092624897927 3505.4489061981776
4023.5877881210436 5089.788944606467
5375.771832874727 8257.926162685551
6284.987362574433 6357.7844529313
6069.134756860577 5916.1345067266
7044.677170335004 7943.956041906504
4310.46689351398 6422.855792043753
3988.8517724086237 3881.644392707788
2670.627908118314 8659.703510646155
3099.5648316595725 9069.666380760442
2460.089093889045 8413.420719231583
5711.155462083472 6526.069150683245
1859.5079383975533 8231.986375029612
1911.8244742321933 4461.535420497645
3419.2853686137205 5618.5935523614735
4367.810477964183 9586.318639714316
3916.690367711133 4146.320465728151
5798.014063938056 8855.60308866305
2615.7824699730304 8023.586561137441
2789.8006618052095 461.6995238931976
2344.4962204094877 4400.249547959045
8422.111352396698 6297.503930826679
1484.897023916132 9276.464665597576
6249.894451890845 2344.157740501416
3966.759854799209 2261.1930735687724
8604.268443278146 476.87291679097467
8661.255388819798 2624.5120201544137
2875.709151098649 5036.387967069542
9190.678929649892 4097.64746985874
472.9528278987738 179.54989970733527
101.7893729285102 8696.909424557796
4488.191497759179 9501.022378128384
5594.470719476563 482.4831622297965
3749.53207049876 7709.14278163384
2554.0691352584786 8610.289516412515
2904.5750911016034 5242.461222501716
504.89604750567185 5294.897076841097
454.3691956222851 629.5154367835709
7284.034035959364 8373.729882601774
9244.87764451348 2122.906448139009
728.7143776596882 47.586665219474526
6823.489459775233 9679.75903038522
3477.1868587403587 3069.746350382996
6281.001524130727 714.1633640298062
102.13155798570628 3165.7049734974794
1724.878183706766 8213.213305946017
3227.31179882539 1787.8518854192248
6367.498385317667 7786.770150587901
8022.303533345678 6444.16123359432
5363.479044668815 1012.0959572980504
2526.7784352944254 6787.238365623654
9993.062929175161 6038.019090459872
4624.958190345937 3409.8274675933217
4563.947215087627 2829.306285688956
5172.497967234317 2865.150159853419
2491.814281956667 9660.433726988675
772.198726829435 6815.216551205634
3420.2269705188482 9508.965058094165
9001.58774857428 5407.5059607663
8953.431882175399 9852.259787316583
3514.547356147083 4990.19110998671
601.0106120118775 7037.249241925284
6370.812710709416 8098.33564020812
9871.206091915989 6871.536834072975
191.29892251352086 9278.267576608187
7100.145122005296 6375.090163328532
3293.8630605486496 3764.5923762405764
2567.0654252448 7735.312133415757
6833.238543797923 7284.077539566528
721.0476457100634 4424.292646660709
4150.530957131823 4332.904212474094
5932.645006074859 1165.5566253203842
9031.792932560977 9158.549147009124
6084.1907781784475 3978.6409256218058
1381.8496522716327 8374.824777274775
8525.456583757612 3883.3497737974344
5938.673311484746 6648.36972748373
1446.7240389276026 8011.550895288495
2085.257276824526 7217.149633190036
2559.2243462284705 4852.891618310815
560.0741350827121 7136.294104925479
6123.289012542873 6151.833228928889
5923.845703308177 3093.857462621382
8827.447231507365 6576.907388467246
2009.4908237489406 7398.860738262834
4797.095356693613 3699.130132592505
1263.7619563819046 5316.2387602927465
99.25309496835455 5045.006206998722
7883.2170712491625 4308.074575021256
7510.317018631757 6030.587355629345
8953.818504088324 2937.778167582863
3026.6034215227646 2436.5558903473607
7422.58634732303 2203.6262743923553
6622.872806867859 3750.3217714404523
5661.380124889971 4890.347680346243
1101.9138656240923 9179.63783056593
8627.017783971336 9162.203038362823
4528.652819763231 6433.253373677046
1178.5861420908595 1068.2766417737778
3705.153257046858 4467.642105198291
4981.932035672887 6890.457949656085
8418.25301508775 5314.855669197057
6612.972963961827 336.8616378762579
8779.480618400594 6835.06791644017
9965.595588471308 1468.1989410396468
877.283222078058 7778.395473664572
2876.558924909305 3941.874980078616
9174.487526196915 8894.090027785118
9998.960076751957 4668.359898908494
7609.3072292612305 8991.217357699683
1387.4521191754518 5296.6383942810735
5196.101859657993 2833.453840764478
9002.55694529436 8080.316292296265
6072.478535945113 8541.640694726218
1398.0459791240673 9623.221718462104
8402.22287678758 5781.26357978233
224.5085764965038 4763.108202753556
1318.9367336338998 2428.0277621745163
863.8650032338002 9424.33091849938
4183.1437363987125 6633.223321927791
3503.723149396365 5655.133518774118
7826.024603497268 3251.5888355299317
267.1211390220984 4262.44693791717
3165.8273077999065 8447.894520201777
8632.329954544462 466.8723075631564
8608.388288448456 3964.484440517806
1309.0450886665749 5822.776785509927
3981.0974218042693 3010.5335568367163
7981.4208667308785 5283.207139485238
5400.023233662778 3024.7869031194587
4885.054607169175 1736.5821763466372
2432.8073069440015 6667.06992040827
4054.1613306372615 1601.8992603989568
6195.331904876472 1309.8668016337788
5256.822347196257 4141.446161530155
4608.048184118584 9029.789362981413
130.33142051665948 4034.7860577680904
8938.249347280649 3639.7632567293203
9835.305096922573 1455.0398584664915
3967.459838064934 8656.283599565411
4666.358764349761 6398.259641250602
2648.503860948922 262.10239710277364
6488.797933587735 4338.954410884041
4954.707107453291 2303.2274043471666
2614.9085874461684 8419.590568044914
9774.075039595391 6150.126736484821
2790.074915575732 9329.157533642861
8164.183739468092 6856.550551936145
9328.091697363814 7785.657800293499
6058.90847648033 8465.396446847984
4116.679612208659 6109.638206952114
4606.00553902085 5539.560019166508
5208.35305741191 4760.6513835148
6714.95392911441 5036.726977191007
18.427615605887127 6905.803717913126
9107.356568134248 2500.5823543812835
1771.1024411628384 9099.302451358444
187.58512899169077 9206.923779236951
766.18217313144 8974.190155314614
5389.250996196753 2381.6828963428593
2283.1533170111975 1482.2136766714611
3303.468251519677 8898.877769855708
8495.968437542082 3665.0466067898046
7857.771599912117 3970.027055828902
2641.0266123280744 4199.841272397591
4089.936859847624 252.58326012357003
9862.486951818246 8034.360944290325
7648.847886172104 9533.44607900502
653.1878159287207 8311.701587791595
1054.9393691858843 8684.642204347965
9616.087022912916 7481.884243236953
2965.6389344961444 3941.769152872009
4390.276080058451 7007.356905243547
216.6209431368482 2721.814785336487
7017.267381428932 391.72015668017093
6247.577897295956 175.48494243125657
2767.3887887259707 7395.746852178264
3671.599535636744 8460.18160484862
9502.761875733398 8252.038897533837
3210.147948474654 323.2940473370993
4022.485096466313 5449.426813353207
5991.003130929456 5001.478315073174
517.2749898164675 7230.481479662632
1294.444755973172 3670.1164362552117
254.96944567102165 1330.2777463632476
7233.326777584561 3718.1653523666005
924.9291802340987 9681.812604287908
7565.593704151633 5977.114676143551
8688.518492061921 4823.244389833095
3863.1737122658838 6698.796067786812
5914.487405831776 6564.389556126165
8599.081039437839 6555.296344122681
2822.214011068065 3104.6733451573205
1364.942820047297 2225.24450004737
1812.4117280016694 4242.005272207317
7394.063514345973 2234.2591958668236
9134.042755990593 5571.803327403004
4840.5254603833555 7633.356904990503
9717.821280664435 1647.6703400837766
4852.717267919649 9827.638827397976
7500.829342487967 2959.9786937059357
6380.072489921167 2408.5876166515995
5373.412797408122 6285.896335208501
5864.689102092075 1196.823670813133
5998.659032447 474.14353666435983
494.89562884819094 6868.183279507814
7186.404983318609 50.04249747814215
2535.7137977438883 7514.499221495334
3247.859546510179 7161.18156510255
1401.5658646075035 4281.47803864019
6813.570291463083 8331.28793320207
9599.458171259865 1829.584176670188
3966.598703818891 6249.661220376555
8446.268941855918 6779.860225629051
9224.415615078387 8395.792609092108
9551.654993824379 1535.1195632947513
5897.163516470189 3683.5537092860304
8458.483836246116 7907.975436592086
1656.5753809199603 5506.610293109217
7545.590528994878 4840.674950750703
8768.98238012408 4576.479750979962
6323.043888379189 7167.727359748698
3377.478182294149 7766.912610942642
8588.005458031985 7850.834837985466
8462.453380555753 9813.053538484097
7559.644930886792 4406.6387902284605
666.3517038283239 3161.0914707770744
2074.4758542519317 1351.3253617655075
2037.6399850607363 7523.883661045602
9198.861649611243 4402.134562036313
3930.6259589144934 4770.298652594356
1203.330623118638 8904.344639202865
1791.8978090596183 6660.791515801497
7743.735394255686 4493.3117406187175
6370.7989213285855 2638.986908938794
7307.174826055981 354.6623301429896
9010.494546374191 2398.8158211573195
5505.996244094577 611.7561982402442
6107.825838559808 3269.0142791190656
1641.0767203079013 7348.044654523373
574.2856359345927 5591.557874423895
9105.981277517903 9562.97069209737
6187.097127916102 217.8739521190298
9666.481450821726 9963.57395206393
4088.507827895076 1006.4363896160844
6425.309839342605 7909.973343861533
9373.06338622529 1777.6141369052423
5369.91630453396 6061.421329078599
9696.753594447031 1566.4122949084303
801.3834916117557 310.6355893859725
7148.575021901148 4211.0069226422065
5655.548153353933 7447.635295787214
9244.188473801087 8324.743757483902
3752.7668969607084 2660.313952414197
4832.992879525612 1521.5323011367154
7350.654792474876 9457.51052685259
5954.075112190741 8399.337999252555
24.515755648882866 7891.343742449153
7233.139973419581 5233.7365575397225
1863.0751961503934 3059.0974878534817
281.66318664299195 5593.2593516124325
1242.5143783299352 4780.957300765403
1741.148092650302 160.5309781096742
5029.698981955583 1078.4168369009317
109.51307118768017 927.9566109566495
6965.883129700246 2619.18424039312
8293.270809558104 4633.990006559961
2195.0594351184996 2647.9391205912807
5948.309672536198 2815.7738369647554
4426.521528848192 7088.3020410032705
8103.7165797446805 6176.213382184073
1059.090011412217 2479.8958341716893
4307.234074383913 9098.305196690733
744.8456768221723 5205.396456179558
5587.5726460418255 6086.814893054011
7333.109191733795 4065.9797574082713
4897.952471104939 5677.156580875406
3910.7852756992156 9679.594357059434
386.8755950711644 8923.598179666229
743.096065552018 8405.000412515254
9836.285336127869 8963.67779924526
1319.102560456661 5535.531822591022
8913.895181094478 5352.985128057069
1419.317567542493 2360.0562064197484
5505.6212976500865 1874.226516603551
7148.094161097758 4354.620621928903
7325.691512596118 9346.756617209709
9211.370564155843 3246.7861979941295
246.13471817155897 5597.527214935044
2370.739631944011 3985.6752286633478
344.01154574481785 3201.6694461410643
967.7024711523974 8754.261785931902
3533.8725680928173 1860.687013882506
3687.3586341206133 4076.46135173758
2834.5811803803213 6358.512260228696
3318.670693122692 3800.0837165906396
4813.772048549614 2920.4314112988905
168.83939056065776 277.73192254375135
3559.8628514798515 6497.16184347458
1002.2058326258621 8421.246421111433
2650.6712009677135 9006.122148762373
8899.501070106764 2471.3084683141797
3019.335433290461 3884.2035648412475
3271.139034471072 3302.3293441913415
7362.374480050939 5441.120189252349
3408.6529435532143 4873.77507789722
9791.362102251367 2449.6760787584803
3421.257146175359 2042.5819676840918
2798.837688354292 4169.055341321305
1179.9106585272389 8367.344007621416
2290.7064776651896 3569.5077187205325
8979.148071779766 1763.4613718416392
5431.532684533359 6911.566336524561
9027.335679802234 7909.456929587644
5355.762015689931 1030.2002882295235
2588.8985844468716 6158.187174726677
1417.0555928695694 9684.07192586729
7627.4580184240895 372.68317977288024
3579.555199128045 8152.329103615303
6136.707049527371 7584.87634339322
4799.041086830876 896.1382176411381
8996.244049412504 666.4808709304604
5798.585486927662 549.4168556325485
3152.4735470362352 7304.817427453111
2512.4434195293943 7763.002300869214
3200.0749803423023 6492.377682816284
7653.5644285174885 498.7479836970554
7027.430664789976 5467.450657433299
4354.249977585208 8254.815216063385
3089.795013851775 4584.1389083593795
1636.118024477511 1400.6822472490444
5086.87618454684 4943.6150231636575
8584.686466635982 8310.168713355224
8346.894691877287 3784.4830700791686
6535.51168392898 3303.033070518374
1057.0714539421044 5608.621994571854
6322.979132472531 6540.465208920015
2630.8894332366426 2809.9076934788336
699.4634247677644 2967.070909801405
965.3658469964188 8176.723929164992
401.7337965922585 1151.6953052493873
116.9567407036809 3055.1880104087236
6023.105933723211 4451.715803914081
12.613564680969969 9188.534220871326
6843.996141575126 6310.185489941644
212.89618701592516 9289.110806600183
2080.1606736750077 8692.48121957613
456.94086863744985 1252.9653718766276
9627.05578178888 7678.877770862118
1744.4714091268288 3593.006558892773
2310.3863688437687 3051.728807536791
3047.9299250307613 5145.245692912991
1897.0550530553487 9350.704681906505
398.19978476634765 393.6411077797619
6677.364533747129 4316.803855294975
7050.278320207935 2862.5770138385396
9298.465727336754 6905.619405562755
5710.649542162039 2942.0317244284256
7710.684004008086 1122.6041231843153
6396.000797670242 3238.9985058084035
3582.4983858699757 3817.8491403702274
6393.310051490223 4089.7465081200435
9346.588401506071 4275.153414297943
2004.2325015493511 4221.014153998023
7158.50221788386 939.9266165943121
5282.093484287461 6714.253388876416
481.1458842542493 5952.736215807927
2807.696327286843 8405.551738893955
1752.4227350423548 1290.0701978952122
7700.535005002229 1644.878192758462
7650.00891328968 1261.16036631167
524.8998486897971 941.8127277584143
6836.375839300802 4869.467993849726
9525.750202457664 3440.9367780050225
3748.8206302449744 8119.706247428582
5717.120175230826 1398.5756443704956
5993.404318707849 736.034260436348
3746.2150627601163 6873.601370049658
2208.3347583242476 3954.328485703815
5169.243475363998 3698.517012516066
1881.476475439029 6061.196419068971
6800.42801098825 9463.065135008092
8538.30852607841 174.66992964111472
3133.516849172728 721.1101316493085
2960.7899058564203 4396.276724458561
8485.520589796124 7922.568025400549
3654.235154173584 7911.4529193460785
1475.2809997546567 2675.6673448198276
7648.44497975781 7875.032648835127
1724.8745886314832 8860.84369087068
5900.971902774809 990.806943049617
6259.740120060869 846.08404563153
4064.547685848524 578.9156169668563
983.8121171968351 6594.553244380125
1187.3340195349035 4622.100156684533
818.8355819493365 808.8514999375118
6033.806167081921 2791.612234014501
622.4187465345755 3422.2663471926894
3145.7097662468127 775.8322961630481
7837.284985070536 1725.8975486010243
8506.682624558463 8369.430844407536
6974.5624115676155 211.55249740075655
7730.764554469301 3728.153552801787
5496.848309467748 813.8189142654861
8064.1642430771335 9954.09436003056
442.1731903657644 7650.745443999469
9171.293615015276 1748.572678489113
5217.88325105063 4591.068127271333
6670.213550430385 9254.503909539964
6393.841513068725 1016.942940709088
6689.286537746807 3407.416730372925
1037.2543895510044 1004.6564839826766
9335.962236065434 2124.0337255587015
6156.801927392707 3811.8037929755656
3900.2669063622498 9479.60221989096
3161.657895590405 9037.93702123706
8859.711895941131 659.9213000285564
1891.363475424397 8116.706424006499
5308.967756916324 3921.284173741011
735.4206895212878 4901.027653582546
3306.8011843490362 7051.314342054812
1636.8474756357853 2018.828603592545
6814.406755310797 9895.94279710732
1361.8440288159118 6405.440021637401
4393.404851184733 6402.538643028544
3318.097266596477 6959.714875251401
9638.424728223072 9326.471042990892
7417.146040822208 9624.473527684313
7438.324815990226 8258.146073681453
9001.622419950498 357.88871774125596
9591.746599832939 6949.826428744478
1696.0707189690993 4440.939436282163
6046.838682747647 9056.309872596468
3190.4381793381476 1357.0785841840227
6091.629784425093 2350.8071999103163
7428.224828280504 8083.776527664079
7190.6644311348455 237.1241411491165
1446.6638994286075 51.61388626977015
7845.163632081852 5951.519386211052
204.2037562753729 8255.119530920252
4848.107209763684 9232.376567047992
8130.943402412205 3040.5574590794613
4612.277750480492 7433.092540111915
1850.5717039207304 9949.386816623275
2868.4479356871097 3063.3501738622217
4547.7482694032515 662.1364599560831
6962.527791898636 7566.210181263954
8792.754048965382 2565.9440310403215
224.6397002016287 6773.221703094004
1285.628846747483 3760.0327980374414
8439.71630492471 6927.016090007666
9944.910480070947 6416.911418188607
4318.36997159772 1420.616673014994
1041.4712279702098 333.0963144794108
7048.413142157538 7474.958673450712
1665.845765492372 231.67531167455957
501.55481840222893 8860.884026958878
717.8293872017672 4920.044119662901
5476.438611327568 5469.13670796745
9820.023998009781 3759.6646135332103
8478.325900480093 3041.6534700269394
4082.387670078289 6070.7071467449405
1967.3706573741433 6699.708309104911
1482.7481717528178 2072.9583299436417
8751.573247789796 39.23654425379897
8778.621253332529 9755.387253341345
6257.138443347433 7510.926209225571
1328.5669838116044 670.2828203686562
4778.10658581666 1562.43640383531
3976.7153670081425 9063.886601253635
7488.766225372643 7592.361119365718
241.97093979291483 2983.964606477083
8996.496215821593 9150.32637189029
7453.806196646423 3045.773912626346
3519.3283249232086 3014.87603212234
6189.442412930477 4391.399409053639
3391.658220586189 8790.56007968971
3392.6026947569508 43.44702276743217
3533.178870123175 487.9146576576565
9891.919277216437 9332.599906493491
7760.244482251149 8184.778261713991
4687.459893019168 3369.556253512098
8375.518971970581 6314.664986989096
336.73803076158083 635.3851927664278
1340.901612376647 1387.6707606411453
6046.955121416733 9680.351082100784
5520.362101475676 6021.6619942176585
7668.114316217806 2649.774651965218
5973.4599513739 8046.2591881554035
6682.040929501291 2896.511574713626
8086.962643285726 3139.3906953799146
3495.2286171156056 2293.148407759162
1451.116215895878 6965.962893498377
3868.827382586246 9023.028028207576
9818.767870249601 8110.453650082381
1156.9746644210222 4607.7360962919665
6229.671174853865 6230.0067566124935
1175.0638772826505 9719.690810739143
438.9577929532906 801.8630060164311
982.43751260095 1931.9988775597762
9157.886156165227 4598.739343757386
7639.377396008759 4973.753025255065
8296.633203185305 2598.022588122805
8086.160086099966 8287.463230058793
393.0196903932648 1415.4189738735067
6692.3335450892655 7726.328806097788
9717.71688690378 6550.959610963212
2737.2628458375825 3082.57420045319
2165.607869867112 4745.032135754314
6108.381393895055 5804.089202155747
6974.62884720486 6564.37084551586
5841.478729390351 735.124939419175
2557.5496549367404 9972.707541248388
2777.7430207157026 9007.818233287924
9288.797309114549 9088.044681597543
4575.165406764523 5314.829226840449
7957.561376503292 3588.286454756673
8587.313476681313 1709.3923400514122
3780.0710405693594 3299.2202663446315
5710.3567819062655 1807.598958411536
2358.0603998810966 9383.613105786884
6199.632147931713 3808.744546862728
5777.092451727966 8247.449853821372
6669.918836593185 8103.086069761013
4157.543614741905 6789.107538463805
6018.986235460626 5402.377080162241
402.69514433405095 7939.523385519459
6851.86884112774 4307.055713028558
3632.5200456454463 3576.182991123955
8133.712026698597 3014.984134241514
9848.388726033812 7841.018084056046
4261.9231029820685 8480.149044420717
6743.063620435866 7652.069936375965
5523.754454744881 7745.747110692588
3251.992251688348 8771.039157885687
4993.333693425149 404.60206515028017
3436.043677374622 5173.611482458321
7322.548011608865 8180.865588760938
8592.481416264345 6666.708811397941
5593.079397787644 7480.479693848054
1110.101706980986 4706.588615491356
3422.281225004765 3423.8864270669687
8516.107806605269 9193.970179756807
853.4700627965808 9352.989650206757
6406.431834944925 9657.142740169931
4211.607839565965 4095.391944297725
4507.856752276801 2681.266884626544
2068.229065094651 372.4371905909707
989.4298912990096 3701.8530299182353
1734.8665394937257 1653.6136771530719
6322.303498398992 5352.661328367195
3292.116129114286 1488.3847538322425
9481.273564103145 6443.036118558949
1061.871682954375 8887.527522247407
6087.9328250486 5336.953540431476
5643.152759729688 5679.578228495521
214.49483204424968 9015.82467594271
3157.338598873244 6934.000113012376
8998.980867568609 4429.363321017283
2186.511698293141 3521.200845097974
1966.609781907911 1873.5941132236699
3039.0043518175125 6670.544547981698
5008.8661250135165 1082.3396563758713
8439.1346791355 7991.021247443762
2340.8640995977025 9478.29463077935
9513.507302098848 4835.247647405534
8439.267740515157 8602.056649057069
6034.141310747546 115.99294675970651
5957.16179935077 9122.252713559947
5279.0891235028 7725.434975708328
4918.9181153034415 7027.162098159973
9584.087323751777 9560.872681370909
3117.2346602615476 3608.0063649168615
8684.1797000494 7826.631410895063
7566.167269614528 9666.338643422718
9282.142087932907 6760.416152199963
2108.1195622331375 12.733489829876987
930.9274466048445 1223.3834239140008
6829.386533761462 7771.241447551402
4280.2398406405455 5696.716198137217
808.0026060785528 9263.839134193002
5012.740317626107 6143.504052830518
899.2695041404186 9321.373746232097
4383.273113222005 8923.245085315371
5758.49415515331 3752.2604695378004
5174.896547085464 5487.302487989197
6107.096878872123 397.4638676969422
98.38808771094997 8937.163068609461
9367.397632049271 2710.055304360044
8187.290011327749 8693.362754791622
9223.024672473497 119.90542381733138
3578.445527552414 2501.4564640174262
8406.032854969983 7578.836215178134
218.37246165699707 792.4311005870699
6068.458773474636 2628.823902066153
5498.708281188635 7018.46686870165
9465.17860996253 2095.6087024143453
5599.351930469815 9000.97828593711
3356.580336265127 2082.33083878142
5405.818927780408 556.3743948176825
9533.69546714358 4322.583138325371
6267.715741714056 9705.995120152555
3175.0823633816426 9149.530516706824
5578.131618626463 9630.198565567262
2363.8913764262957 347.51600634677084
3179.1354178333877 1192.58736685799
2025.1802558872755 9974.838057561547
936.4563936433345 1338.8771318986448
3787.694105623768 1881.1468463165415
3476.817816156957 9965.930371139119
8830.959891804161 1090.1758642716163
44.28323021788083 8959.986830820402
1647.6898526860427 2478.2919928778515
9707.366119888286 1019.1466283016581
8833.12519068606 6251.606166028084
4736.544625335586 2603.6683554084293
8507.095149684446 9609.159807892629
9872.211216856498 4898.668657453814
2781.207010658854 3676.9660992636323
8415.981956640015 9027.318141862039
7802.719378643468 2307.444992393175
9603.676718654959 6918.649729388832
3338.2973476724164 4661.066281462553
5556.175540913664 7212.608573136619
6604.984495293318 6621.770925734387
254.74180411493296 6375.985482531882
3112.3691186698697 7045.014617029956
7450.303561129746 8806.400620119031
649.0624845930392 3597.0366488983486
9191.560445873563 6117.506964771014
1228.246914028015 9516.228154780272
1744.6900040826051 5027.110296355824
9801.193344301206 7012.2349809222405
1077.804109710221 5310.91104066289
7854.288330422689 5215.69808903218
5796.206258205633 4138.091084655299
4624.247026170523 601.3027812438643
1439.8868579395364 770.9865411646433
8597.840449908965 5629.065731981029
6392.585694020515 6089.5964682882895
7206.589225316896 6983.565302081602
6302.137934878416 4692.702765934826
3183.5335350615655 8238.075666922972
874.7186335415224 3430.883160486794
1918.3175020773813 3030.3382513463016
4180.981436227611 9142.719534918677
5328.472855180877 3908.9672627631567
7199.98501942189 94.01938848274449
4258.926509320447 8894.24958470772
9227.188959949 160.88219551098626
3228.394066171235 2494.3681516789807
2985.690476532472 2150.958602268606
8460.467393912662 427.84323170267703
6805.265362019787 6823.266518958867
2568.841047440108 7625.248391679137
6071.667621613887 7145.443634874368
7010.262156962025 7218.027594071441
5299.03045990675 3118.331453373877
6475.433481069968 4169.503609795263
1641.104960931057 1101.3011628019754
7757.236178896859 962.932138796605
432.46030891461953 2987.746976695781
9317.280319896689 4333.725475117883
3438.6645610191144 4808.691269894327
6765.932152692111 1417.7317202812756
894.8487335833266 1383.4553895064162
3777.60829239139 884.7220604663775
9124.954930268901 3489.8727828437827
7582.266619645215 9636.005455913733
6559.354005886924 6692.531428390812
3105.663304613111 8467.353817979487
2306.4150065288104 6446.048958099864
75.09153144948822 733.1888208799242
3083.9902348218316 2381.4034885517576
2963.9481501821742 6495.24362959674
6279.680382336976 5786.852921782392
4517.625832763326 898.6834767909357
9184.128880677836 8210.995599427877
9784.86161560479 9590.927030246334
7029.48535328058 5844.038708958471
9072.815837238664 5883.186703736478
5365.571076166594 3874.3568378639748
5050.797400009795 4052.000841192477
5519.169611416277 7370.938719499844
1346.6891676895798 687.8032366979903
5407.2532619746335 408.33715203147267
7411.769352238334 1319.8390680724935
1812.8505453233156 3129.249488071333
7173.76602525347 2681.5017484614277
4382.650022665263 7230.87501404897
7054.6216678648525 1927.4307993038476
6068.321400555671 3964.7097892165316
2298.5853311625106 2873.477811387858
9508.93476785124 5155.45565098334
9237.89017656115 5902.9096299436505
3939.7397638376297 6973.232900585682
5117.41554094814 2566.9884859083627
2612.96281511484 8234.307581861405
6406.374479968947 8105.331805372372
6429.170573576889 9859.054288557054
1144.2047689698043 5121.217015340105
5503.13684904494 9781.893900692576
799.4853568591975 9469.270002181145
6726.041489022835 8086.460339092875
2364.8397995733008 5047.733445442316
2036.2202814432485 430.26670368477295
1967.4283133306735 7634.781356244667
9073.576981312484 3926.656790377927
7143.770783438349 9168.112405023878
3168.1572204705576 8567.842367252739
6109.286130204138 2939.3146437023497
7201.273523585892 9001.343011622488
8847.068140682655 7059.269619190297
3777.9668834651725 6013.163169274573
6647.065979230398 8248.117981544536
2362.4748673387 4424.550859083552
3845.9725671014357 513.0829363959577
2553.76855350116 4275.2064619685325
7949.767031228615 3599.7114319857847
3516.114923094298 5144.314924238246
2064.998779151016 4236.855045046852
8730.004839912772 9251.804281142693
6621.537778557646 9142.983567642075
4691.686114976122 7585.732234611138
5738.66097210699 2521.185523464833
1964.9228446255806 4717.735717776589
7267.9821987864425 2342.4779463158197
7076.4996096754985 2196.977700648699
4540.874890058547 9101.812304685043
4147.377045712936 7454.054564158452
2154.677052926338 7928.430117027515
5864.295959947826 4999.834784752938
7751.106940861021 9941.98490998532
4422.016554756347 9370.215678124197
6671.964735003483 1568.1176043250057
4404.273680719566 4746.307015315214
6621.3254782256845 1161.9322893340645
1221.9164616090804 4470.559224860525
5020.081805665852 735.0875903285081
689.5915412240283 4782.869598344828
2607.822970435324 6841.988740242441
7597.72061700732 1016.7219767653756
3028.6881481437576 8752.820345699858
3724.414698951629 1223.9248868882414
9631.966636556197 3925.9387315506624
8632.354002006272 1737.5292428926202
7524.856953764096 489.39588570891647
9808.560682350031 1536.026399757372
1033.944556001386 3951.144029128413
2230.3701720404456 7437.938173096171
4163.589953796587 679.7237652307442
1278.8122933217826 134.4298598505933
4383.565651879993 3832.016408710748
7070.992595137668 1858.589659184877
8134.919222419365 8351.897155853005
2745.95664020454 93.53706117194771
9812.178244307235 423.3961490998772
4013.9187248474063 8137.533990267948
4661.658253948621 3334.2384950019687
2366.6146155666565 2572.793493523838
29.769522917575397 6090.401602610932
9746.940784535545 9725.690837363536
8701.865054729973 3319.592262331129
8188.923084241276 8059.602181217412
2691.3081760643663 5011.310259509536
3964.4544132861515 1107.6080538979738
5770.080325365292 2463.435228018874
2111.1323822981685 6030.817272479116
8276.392749465553 2440.034740674136
3865.9108636959472 6179.08053772053
8291.401014981066 4992.359206678555
6492.181019847424 2134.379016333774
9146.267897273105 1654.75569985284
2263.278909912997 4633.191629604439
4402.455079926844 9799.494649870645
953.310411891658 4492.652993090422
7942.271023819929 5819.275442276731
8086.5783401872495 9206.340454527457
8613.336312999545 4503.434208739661
9409.781306603416 3229.0344156473584
5989.773192655454 4483.6523783542725
576.547094465093 9135.816265092328
6244.565597122804 9947.219607876545
9871.757640970887 9819.384763585225
4871.674342432057 6950.680938772651
953.5045918478224 7680.484161955942
6053.13737507132 8613.955059748487
2053.4153953692567 5369.856426363962
6835.518101863813 7234.779677433838
7851.472935917146 4056.1425800753204
7961.716571582327 2935.60899617498
329.3428475530813 9422.67448023756
2198.285572767528 7839.846451604201
5306.621299462467 2637.1172881681905
5305.046622089257 1971.5668246514472
2077.292703353453 3391.4325418012327
4412.933298901679 2082.6485466060362
4589.093015944666 4775.652364702127
3507.6328758442733 7433.496411493407
3946.350343906938 5227.469364093261
5960.737993362901 7188.306708935661
3667.2783695511625 1090.661482199714
9606.761655135706 2533.0907132360735
1089.5776981246108 4418.886917962268
733.5064622273269 2884.435218189384
593.5974540543498 4577.403017911727
9534.920802988967 9629.248438698482
6900.199438919736 8923.7717817448
1069.7194811782595 2720.503294675488
9600.853484624979 7389.639118896147
2575.6789463189666 5151.25500247867
3290.390192338576 8139.183040655537
108.66590213915673 7838.977663413577
1198.2198152255087 6645.844251211758
4907.092510672257 2774.5280050502743
4051.726552386432 8507.471275649876
2626.6355231359807 5424.810900847144
55.92439849623876 7111.022243677056
6646.697639021101 8325.488084616734
6336.368625663684 861.4862552256964
19.22662587883872 6559.835161453316
6967.6909919515565 1105.6980264554873
9312.151952928374 2392.118407318029
7798.029012645271 1110.2408156505505
7593.837086816017 708.6282202556116
3680.00390213713 8493.642851400293
3111.5884494461234 9116.774758533194
9431.796110386727 8366.590703749436
4836.397871876783 6562.409267755277
1877.254900013161 2099.899417937424
5977.743864363464 2147.81032143742
6651.8718041586235 7118.493173873583
1816.4101465579995 1467.531169769637
111.83723656933986 6410.66576592561
8759.923571649222 1226.5746468653872
3646.2873780544614 2545.408061993192
7394.354571831543 4165.128342326571
4968.247850628238 9906.602496626865
3487.8657222340426 5386.3526142731735
8547.657637568065 581.4016698429069
7395.526939475997 8068.487177620947
5250.261580255695 3881.125088952998
4121.568554622508 1239.8034093910314
9459.040128923567 6826.518746684922
3414.3705799547506 4804.694222374411
480.2391402871653 3095.2454995923295
1701.1406747535684 7331.463306702594
3873.9571384740534 907.9822310662156
5413.361559089131 247.13418550499023
7499.62962265056 6120.521312409332
8310.738759140466 8031.875337080887
6529.647133434536 5392.785518594195
3780.5141909222607 7765.390964791149
1459.7348699299873 5721.681468598783
6770.654937400037 2949.905083862506
3232.604593864026 853.2383337175653
9009.566086771936 5919.12041667545
9991.7923810316 2130.4830431910214
5471.616147534216 339.8102325445207
695.4730345172255 1187.0297049379674
9666.90661708372 322.45603101374587
1845.4437268669199 4562.369962035083
265.35645347493306 5479.621701775146
4924.353668253485 5793.369344956654
1809.3112098321906 1905.5070707009036
3784.648487676114 8827.489242443351
7825.529461132584 7497.401522131142
3195.5908588390703 7706.7707116643205
5516.542903389958 6299.515776902796
2030.1065920872818 1387.6311067703696
7393.016085512244 621.9387921258723
7161.097485382613 9290.039510169938
6702.88678136205 1572.2337213662374
7037.253167353544 2710.6550341145576
319.69741284098353 8334.447164307434
7121.283675919793 9588.026366922568
4871.674758497531 4040.0804047637193
2898.886173160767 5273.962511480022
9324.75126303173 1397.8252653966028
4.649424683921266 9943.71093789487
9976.868058809541 4383.646343212969
5161.490406907105 4068.5808592672092
1877.5337772709943 3240.043279806578
6093.106562235211 6978.176703422927
4055.757015683955 8793.104114457221
3344.3213565968276 9955.419115946992
4621.11320422353 8668.218218081385
2032.088283305441 4536.0391668169395
5796.841437288527 2370.0878922127176
6950.308540441904 8725.261176350803
8250.513856880027 4389.939832996196
164.513266152716 8697.89125419157
8706.955264882059 4512.60650479123
6257.844118993795 1214.0542627049877
4759.735401884134 2318.410226397053
6727.664152904949 2461.329303182749
6041.694818527744 8509.550471998302
1682.516791427967 2325.0594874639073
1471.6071669984265 9137.959184029114
3952.0431778558486 9192.116955994608
8163.217412548246 71.35619376987256
7997.856389274525 9309.425045761547
8764.544938225634 8106.498802971499
3601.268512988113 6447.0574224949105
489.4691136860463 2023.3909482976464
2204.1461244794523 2156.7433576123562
910.2671755299019 1571.477437271106
1992.072404054095 4270.129119122643
2698.9062636382455 4888.617924298123
6334.372896978858 1447.1585836397194
1936.5367030640768 5175.898836073478
9033.465188029288 4563.452392611369
2354.7728916906008 5586.10874497178
8986.37045800232 1516.5818856550773
928.9889006671525 7230.966872372098
6324.126339774675 634.6462830996835
8612.995733393574 8971.961143685394
1870.2236736193868 9286.58167542997
3686.109695823021 9231.917638854877
1847.085223113012 8522.141023975593
4177.759949580632 9449.18693924401
159.99233552979163 1610.5071915594892
141.42505339691968 5993.603555800156
1300.7554508698793 4200.005754566854
6168.828826293527 2373.1325156396774
7938.820304919854 6487.412275230381
9466.965783881367 6382.391192995158
8605.383368416216 3263.8555784021373
9064.668240234774 7478.9937503938645
2526.4900010075553 5995.337163251652
7272.06720679961 8120.933948856365
623.973745699301 2199.402137020813
5385.439095806278 9057.988564956095
3978.4854123955383 1295.514796631889
1811.571140782854 2642.384641486002
3636.75684308339 2835.2040089466345
2279.9218711155877 108.74866874671207
8545.627442650639 2559.0613257062955
8617.487447289315 8470.607441210557
1608.2574772953674 4081.1892249359385
4680.432828224228 190.49359580050827
7383.342309537594 9167.715894487324
5468.18088584786 4102.954571864582
8786.028092128257 7554.5019622847085
8189.796546560247 9204.550021209423
4299.626436796489 8040.188714689678
2109.144754625156 3872.1686259759813
1670.1107070289002 6194.243846659972
7364.436346426175 1830.7778916991579
8830.769973501941 435.6845237603202
1639.4241684727128 2763.9730153896257
7892.288183600685 7466.668257233377
7557.645696902604 9845.465835997215
3433.9018583529146 86.1588727423146
2977.751416828199 8666.913861177085
2044.1884165489766 5262.3912835540805
987.1025476076367 2047.2599970304639
6085.418489425336 8008.873965774138
6322.454539993871 3031.015173817059
993.3036027336428 7087.182125781367
190.69005114142112 4017.685994894914
2074.3585442074254 1850.8144027796936
6019.204471892933 3411.809807930438
3725.9861831995768 5647.895022092158
4534.683604019267 2442.8303233041406
1279.787426060196 116.52559834297138
7750.660323204759 3876.3093091532874
3256.486070541191 6435.103930261935
7938.370578648994 1222.738131744252
9721.251721254657 4130.937538002551
9462.077184404296 1747.4740198445759
641.0897878963284 5404.006890111651
8479.162599650197 9095.097495837952
6671.367813280456 3088.736421442494
7936.938779321383 1663.7481258338737
3636.42397125718 3355.1563019300866
3042.2621922169324 999.7646694539586
1119.6083913387279 41.847375355446026
5436.675250926046 430.2187012258729
5040.988257236198 6116.582420093312
2678.949839803365 7910.698409407597
3876.3448157320145 9176.588177751288
3318.5329548095897 8637.964700065635
8258.97605916691 2128.8705438216325
6837.550522119108 2361.864050270719
4106.2134729065865 7232.060827271677
2045.653636341146 7528.156218480129
125.44966928788703 1534.7552554879528
7131.142268940887 9393.668789120034
1579.8646044006325 4411.338738615393
9503.430388510158 2077.468262466421
3531.9291584653 3374.7933060050495
3806.072729767216 5146.493104572936
8433.156750564682 2637.016025105846
2036.1975429170197 3781.3683763666204
4891.459052510684 9990.677827153406
575.3421970033957 7827.877907294779
6722.862073336055 1502.6777670927383
5118.323902579105 9111.845272926359
3982.216503380291 237.75718401065959
5980.9184121512635 8279.932569844077
567.9416011143867 4771.857801725024
3073.7640103228327 2126.1364043665862
6208.718899342399 5608.320923826889
1949.0428592897224 9873.52455062671
4165.453350340029 2776.0424112465366
9758.13678692319 2203.020646790007
9819.700369345965 5867.212781745517
2702.5949929075286 9955.814344215263
9470.158997839093 8563.285625787563
4617.388691452935 383.2353039506264
3121.7119219273713 3301.3383406146745
9694.572241729262 7577.696845333609
9826.887811706032 8148.997274518549
1037.1081302997154 290.5829321554765
9227.515195429294 7184.623654504317
726.753502194638 4727.712933268721
8344.72165214234 7720.4648072734235
6396.551471062977 2110.2887569489203
8378.326571525173 2559.9932527377855
3917.6026966333866 798.9933325852194
2302.065486969348 3146.6759064674334
5741.442246888283 601.1714266337864
378.9757428646789 9939.92450460537
9683.480035290035 2515.797141294388
7371.661347275027 9644.998664586008
3489.6087503283056 618.1891398784222
2185.045098082601 5027.146538051152
6397.221059013734 4046.2073058705814
7954.614563755298 1956.2861235521277
83.51988865457294 6121.925755109082
8181.04499978404 57.040468983250435
7888.145811855218 4527.546253830575
2412.4883465646453 7879.965304010014
3003.7844252034283 1151.57675826836
3188.6946715095964 863.3083149349108
3447.562020182141 2731.0731437049617
4486.533686591376 520.6752111525825
4057.6725101048137 3737.998430040369
744.3665260082544 6268.470106441343
3503.823211944581 1092.527209715839
4693.114887803247 7098.014615682765
7356.726338610858 6233.384335954336
1684.7592549791102 8900.751875994005
6631.004684126456 3835.075755263434
7984.394504829151 4670.961637844551
4897.518318832255 8034.128978694433
579.8587792083321 9038.929923895897
6055.261902799161 6411.235221343654
6463.3391130096925 5628.530328956369
9159.622916547141 9173.442959544906
52.2554340005621 5586.68919800218
6322.929847970604 5990.321574319216
8442.108716506844 8298.224415737544
4634.861229442733 5760.2816489667275
5521.871645953747 778.0624532683734
3294.429154244638 5217.997023556012
7632.892786327433 523.8515392152932
2701.8839369137704 741.1497015780589
5415.171232691429 7715.510486782036
3128.0407632337515 3974.473411166732
8760.25551033328 6564.259718124904
6760.152646353516 5961.344831145056
4377.90584820019 2342.206165392523
8417.610840920679 6357.935484577249
8384.051086424291 164.56003914284366
7037.383419416217 4002.20012611727
9530.465458555347 3950.085447341075
2148.248048440796 2619.746256802972
2221.9740996589885 9151.396335289934
6984.51510688996 770.8934622147779
2304.8942566412466 825.2275934652454
2634.0773781726048 8277.99759064486
2760.8051439464966 9403.826674408218
5672.263816967248 2319.379939840045
902.6316735860818 132.12650278121907
5102.113165148765 5135.967094105189
3445.416207533816 8551.375556403522
3103.328455232224 1869.01404017648
912.0468245575541 3638.416783628303
8086.309748727964 1432.0454318082832
8234.596504463094 2250.8235038024573
7854.305159378968 5517.422121612478
4124.822544866397 3381.6155266037094
5295.858727533556 847.6959592901256
7812.7624516587875 8393.293167833295
8961.37951578752 7604.190534742596
8090.256683471835 3879.4443590473616
6121.789121930899 2600.0081772388785
6246.614634487856 7093.196175887873
6463.85356140819 9211.92543273049
1446.5389705043951 9985.292374775829
445.937822427408 7345.410116299892
4375.801809668362 6810.603344346846
7519.572658284697 5779.2558882787525
2568.0697102897866 1990.3825071683423
5916.349245970441 6121.097945777534
8726.657396072838 9458.599576898974
7506.314981113773 2302.334382333551
1567.8800320996122 2074.206037123343
8353.168523789007 2050.7506735622837
7238.070960993386 9847.186742889065
8023.204458340808 7101.402923007913
8194.216597351357 8704.785792331748
8449.091091562108 7041.087262039927
5588.552478316855 7315.296824400703
6206.210726753063 7628.983851740551
660.3557853956111 8090.329227612503
428.4289077404202 8195.832015654525
413.5595402750769 9902.47825407937
2271.7996967848376 4296.259497354764
2946.705860770471 4283.83797772688
828.8590765305092 1173.6498117129602
8202.142691515302 3911.818104931113
4702.793892653561 794.2038328536382
614.2634106597311 2042.2332097719675
8069.915026862495 216.61278327176348
1161.9758634061627 4215.66014837593
4990.510113348917 1886.0257507619083
7668.4823319174 9041.558821715627
5972.282224054281 7075.7627824088595
3841.833559329392 3155.6856886219807
6347.23052385593 2147.4894215306704
9512.624264098398 6549.8282961784735
6891.963408370612 3560.330413157076
6800.575137855954 8388.915923041077
3303.0765852792642 1631.6735114837277
9529.644799050213 159.07360524068937
2633.374219603023 4937.173099756888
6111.702687434151 2531.1990858270783
1601.342007755464 6934.730328979171
9331.685481092472 4678.163092966296
3805.431892188924 3906.997375347817
9992.550529808384 9949.747308599526
306.35227217526096 8639.20913395657
5216.228685054043 9787.946060870454
784.6994446178323 7383.923758936597
6347.172473267142 8556.282059391631
537.9098103290858 8611.505201084057
5867.982033433324 5560.290461481752
1949.647824125581 804.960523348649
7511.987162618816 6952.353615225522
7746.389334759872 3129.997605076924
8845.550259515241 9442.573883916682
7350.099398999965 7195.945690576436
993.2450392907766 9778.394845324248
6942.544121569833 320.43739290785743
5891.962593320887 8809.192075949872
8475.914588946438 720.5225886557587
7485.378525048961 6618.073791587944
2796.0879609827093 2875.1497820326967
9608.112459636252 5681.645410014681
7288.982865168914 6938.709573082283
9959.299166250832 2309.506291959089
9017.113057367536 9532.612570892428
6528.17734147856 2718.7679101467797
182.58341238719055 4501.626639196132
109.70372465801681 9014.890823624357
3934.407624949934 1293.972389158601
4136.075821764075 2078.660066869172
5032.17631191701 5508.941838226829
950.450493029853 2900.1298664159735
1684.7359196085854 853.0616445350859
1862.0292840068653 1253.8877473513098
2001.6861852730017 4255.601192001899
6847.070578238995 775.9982497265627
927.141249233241 6216.4802522749815
8598.288041527201 2481.5110355439365
1269.341020065674 6594.401666250154
4775.474163531592 4552.421963736539
5496.338055803175 1990.302098499167
1773.085576202992 4829.504043023645
3337.131321402369 4640.971866078429
3095.917312237072 3857.4300589363784
3909.2513019824637 4309.97069600429
5521.880432725486 561.1298977778023
87.94776570916652 4047.722621256016
6631.28865399777 9672.341848144159
7138.768882861967 7889.945101233835
7994.954441281673 9878.829641983824
7254.4625746894535 3573.330113228805
9338.780100213138 4334.752109506473
6568.768797417268 6169.660774617447
340.4228658168784 649.1942379024817
1463.8177782251682 9174.313786003186
8364.004431541654 5760.875685119249
6544.481957435072 8032.363994260554
2401.7231391432247 2210.57461314309
7522.179250942909 7345.26968116494
5766.620998428719 6238.816930471424
8432.255274203739 7073.387410915918
2668.644264052582 4864.898124856421
4103.224087093479 4934.326580073798
6706.5330480559205 8644.321609551876
5602.777018307547 1894.4246836668888
2520.9575067293945 9155.249577862833
8504.619229891561 5160.381793702811
5379.718887255453 5430.580341607064
1251.8255910474907 8400.369176550785
7303.713516360035 1530.7839096727516
3636.556461272529 2058.682269529639
2492.759277197958 8243.638139651717
3472.6061615197814 7575.2793494179505
9273.265677670233 5500.527857843151
2906.4057660323874 8081.314337954036
565.1236419265848 8514.981009365212
4493.735637322631 4714.031129389139
9953.084159734963 9877.637648121332
1163.5485255233625 2079.1611366319175
5848.277114016559 1882.8546700165916
3496.9407954514995 8586.222801933209
1938.4229264839282 8215.672477511285
2368.455013562757 7391.894089938312
8150.672117020113 1793.8824172431355
4928.530264870799 1508.8918883639112
2688.9009684973807 6038.44673289456
7150.0666811520705 2272.5572584321862
2357.6856884121967 136.54426737704785
6718.702430607436 3804.610219329999
5348.0608410792765 4965.025115183515
5915.547032111776 7373.310413994789
7935.566019179433 5258.077027070335
5322.7550917547715 8621.513914382642
4128.969120963774 5331.41995885437
5676.462991839062 7518.891965194486
5208.450084319953 216.3606316621225
6998.254547389848 5591.838575013681
4304.916427718231 1410.5567794830708
1255.4594537068342 7494.361851602696
9697.514424786292 6618.353003741686
7232.230613344709 4305.514687615184
9344.28616705289 5832.0690527649485
4037.489277840325 4073.692907688657
8311.323413830565 1896.6345285205
2732.458447584307 1075.3903400041665
228.64628933912945 2303.482222670864
3929.662246353456 9015.765227082202
3676.435801685414 375.62447197239777
2896.888695242852 4970.642282933235
4493.135977261277 8234.355169284043
2693.773685159401 254.3341885006567
5397.332008894765 979.0354302441328
175.29077987878173 1594.9383424116925
5028.201034363242 1364.9356321973883
9315.57722501294 1008.527195669665
9534.725569931128 6930.122250336768
1237.1704794711925 5585.912437775253
1181.7459396072493 7000.895510335472
574.8617413468271 9040.438525935355
91.32186796573905 5296.294416286615
3360.0232609566515 5312.515732869586
7200.763864792311 4955.7093141093765
2480.398361170064 786.3781594615182
8794.083613620507 6729.649160410034
2951.9890566833737 5746.807633977404
5551.505541898166 7802.233569635716
733.8167570264297 7588.343313156972
1962.0698593526197 8254.990345033057
5622.9663057972 7986.74591502339
5157.251480951982 4535.05618787505
886.4747536360206 3752.2693707906205
5748.906139655588 4456.896409240471
9718.253104604737 6406.540652262145
7092.7486490009705 6245.171735775907
1353.384863060698 8659.628113875542
3548.9546893959678 4917.396838129868
7728.7732144222955 6911.135793837627
2774.3758872707767 2908.551696785414
4948.256931138816 7658.931360389925
1856.2389777082544 8255.823205820085
2491.9529083108105 2271.377309472201
2185.0974634592644 2890.166030341773
7103.723267744926 8963.705308212953
3365.192925377517 5622.394026182174
7597.308416862171 3016.4330122724546
2173.2710479023385 9265.02206297156
1440.8050710908371 6283.496447058312
8602.292991939998 8997.09879199004
3910.809283884884 4860.02590363636
7364.369436055584 9557.7836516238
5851.687636210785 9414.472473138245
9877.635826333191 2145.440957999525
6632.077317648675 6137.0433765340995
8724.680294371627 8002.531063928343
4759.859358050999 7516.181231009224
3845.524510203042 4582.606068216966
9798.485628972105 1227.0847986993815
7316.046306755038 1924.223696446652
5721.685819102521 2301.0280620940925
1463.128695402982 1397.6118771395606
7650.219304457946 8441.511375625514
3280.70694393664 6343.432557607615
1033.4737484801615 863.0352548840259
6636.274735752491 4289.009719966583
4770.360939561697 3350.5562700488776
2595.3059465825577 3405.8986014262414
7508.092193578703 372.44867018093265
7341.434616362781 1663.6939070580393
9414.062505292171 1027.0650617959566
6633.127011078604 5738.484509250077
85.2115771679196 9362.748158332062
5512.973729404993 8150.384597843657
6940.867443781805 3183.420277845661
2073.6169259279345 5333.079954438939
7439.223883238226 2836.6306416135667
4484.718029484059 6379.347560475525
2764.2424548688314 8678.220896046929
1198.265129707684 2060.0238494034784
248.9042719294321 917.5227022321952
5274.907248510356 6379.908449317684
6732.3878608179875 8369.271967953664
5111.89454267997 8412.605621564893
5292.88101763896 3273.191027561221
5503.592691575514 447.3307435130136
3354.3807214096864 7789.452805525425
4928.432419485549 9584.207155016204
1034.9714629387774 4038.0076275855713
7231.544580090989 3830.614904214925
4785.71906498365 3622.0216338707123
8460.220619869699 479.6500521505898
2863.4488707406335 4460.435121434263
2509.7312634918812 4092.783050846818
5987.328485718522 2451.922696089676
2449.9271158286274 3762.309777531402
8648.304349343982 3002.295489980179
7928.43027387557 4495.212003889025
3972.0932887515582 2769.6563200963187
2884.1249121543365 5538.556644403578
7780.561803766198 5116.382152461485
1955.038089731841 9257.575641794947
5552.972315832827 3704.2742826925137
8427.596547981764 7781.091390102948
9357.712546681123 7428.980477738247
1349.6368695005378 1044.9611331696228
506.76707204183157 6462.064929581614
4517.429834775464 9092.732544048384
7679.330577103539 3553.8569606675874
5447.383456491468 3533.7202153298663
9567.600274604261 6947.488374937234
8155.9645629815905 7912.22162093969
5716.930764303048 1264.2812056354512
9596.78182162905 4407.617770699236
9164.168793552266 542.9255686627255
5941.656652346314 4763.606695607484
9722.132360695336 3249.6426613618646
1542.9016378532212 6635.842522941448
7314.833799131734 2523.802523532377
376.9173174580454 2650.7683804812145
637.1910497697108 6183.223939337778
7044.60601528421 8384.437857454555
7594.610223054845 85.65475694859437
1991.9946920900911 7198.6491346505645
471.9620273067171 5327.695416725174
3514.8502714188758 4412.719599786285
588.1187210303751 4459.690929826093
7323.955558406906 642.749701968991
4311.355161276365 4404.889454305694
2973.1145419487802 4306.2425563889465
4742.560828059735 4093.420364808332
5289.833954058334 6268.454277726903
1117.3471873623353 2956.422581093903
8099.032777019921 5397.875275199501
1034.7819095415211 2372.9082692045977
6993.006612904965 2401.7476798025727
8989.610867915653 5921.722113555331
7676.2804069836975 728.5493753174067
8366.48386627127 5863.215670754964
6501.858361614519 7552.8856022776545
3048.8255497425166 2660.0236984002736
215.7832969648066 4899.243126783202
9101.64809855986 1543.595416697947
2639.8000355755958 814.5836861169986
6606.7301661168685 5142.90138779406
7047.310795836304 3165.7633200504797
6660.235381423026 4013.9965503822773
4325.7025579093315 4116.282983126746
8786.983192928215 7543.891893077413
8668.514381340428 1627.8883099038833
9582.220399350634 6149.448490403449
4503.80594522921 5436.058665377498
4260.889635779794 1951.7761904595343
640.4758245325148 8864.431579549977
8976.026475021034 9178.88172234899
202.17187581856643 4571.732760056182
3262.0584403605058 7434.080646318164
7818.826300780788 1865.7935525110204
8765.42263631176 664.9494990931748
8758.735231114748 5572.753068067656
2544.0543517134274 2177.3612080982975
8209.499252912276 1615.55943342657
648.9452032105902 1361.414486788306
2754.0237677101354 2434.4007599831853
445.1045599862913 930.830816787036
238.1797003363406 6172.707601643295
8185.904772379528 4424.659264557819
8689.602746369288 7155.891117336832
1723.92348773446 2479.895896636234
9722.511980172178 1605.9911815753014
6923.045027806679 2955.887520764793
6951.311514604037 1763.9267091172417
330.7183660418045 4376.160811511736
5336.130029822131 3632.0553020585967
9975.91090253729 4350.574183308844
3096.3517750322467 8403.26769497327
777.4384329893546 4650.466218046654
3853.569291290706 5308.851104060066
978.9930414596148 2431.730656272757
3003.291481323993 4095.881748730592
1271.328837115201 2735.5204284949064
8965.126209336297 8635.911318644572
8818.708548828394 843.5445179589041
6924.044317478324 9270.235537022936
4275.853644017457 4324.689191921825
9950.727458493559 413.0478040082974
1063.280872682365 3681.959629119378
9976.892204007214 1662.2892780595798
2663.0492522611557 7393.504869273201
9001.868538059929 5209.035043918092
5503.5823116114225 1838.75473982122
9119.608775113122 9689.75862501275
2121.370307060936 9110.458250291193
8480.68722284547 791.8414119752282
1718.999537338246 6035.6885554074015
9141.746725582607 1901.2063676220448
2983.092472638408 5863.6337643010775
1905.232924389898 3871.9697453517365
7082.388375284872 25.26778537302654
2715.1550926152445 1601.5239496685717
7135.331693034469 1129.7537915288292
4949.995438789193 6510.4729812254745
4118.175032839333 9934.705614076769
2041.7852734909936 8255.369244723635
8178.746611955452 8412.190815316764
5250.754359353034 6043.202450754345
8627.672327172844 8229.630469868287
2137.8495346152504 9770.119023202753
5497.98147175337 8974.513494426285
2302.812406718098 3872.8564464609703
495.66772979363293 3274.1087317555107
8293.394165606014 2259.9014355427303
5407.916236624976 6596.126364370384
1241.6752212371252 980.3873284205233
1592.3497680311204 7963.542218768038
2746.352002537893 6392.2701482822395
5039.784761902748 4076.56708629663
6795.239603670109 507.33262445460946
7684.633698455876 3407.006261808906
8110.132674211243 1919.0827011488177
7131.223358679993 8715.023560066473
6196.55431361942 260.630848415524
3770.9482985633035 6135.586148412904
7593.817605241181 4493.144051380442
6384.3116932302655 6491.63295740644
2346.2119099623555 491.486225165072
4753.548640534161 9813.279155814047
4554.01716125927 1372.1819712039862
555.6717232245422 7177.1259603525505
1013.4401385654878 4799.841481710337
5862.413340638628 4927.021825385501
6417.458981679385 5111.711166879326
1942.682065352207 5097.377143276416
8364.94993592395 4516.025798827035
9744.79405382345 2432.405298012029
513.3631716870124 6848.353008748842
7429.8749119596005 2779.4270933943576
7610.6050522371925 9411.137902196702
9634.47503649661 9831.642163254355
1854.6721323048055 3275.1721365436615
7759.575200992157 7205.534302321564
6054.97684456946 87.72505439483491
514.807045276201 660.3468223016617
5407.193605920075 3910.590943427674
9190.845357057786 901.8242862177583
6343.842761601365 9902.324408761357
2689.579280676587 859.6912529496625
7885.723747551544 7762.446704803564
3210.799554728472 2588.0929985109515
8194.69691349826 6771.426964949899
4675.790290737283 8010.500039245651
6616.207383630755 988.7528769025511
2462.34627704358 4615.333408356034
9400.328789710136 7712.42544628664
4832.3801279573245 1905.845436450866
5503.0030881393195 9656.725233362726
3552.4266221047064 6917.541340239312
7394.537251630062 1471.1117776590377
3638.9875802669812 7438.707451548629
640.3115044760876 4201.640101764743
9904.806162150095 9704.367287217392
5169.0417488845815 7087.283919443264
1038.7943968705604 3281.257251257058
606.8331272851168 4687.081568533664
321.48624337655417 9621.176030148537
7830.649765050202 8750.025575522319
5759.518765070227 2332.3323795476504
8982.714643170797 8468.143349553773
1416.795734646512 6603.074889446261
8587.748923574538 9794.221734653285
6026.620182422014 2409.660233983397
9127.847734850986 4359.149719991564
4588.225760586908 1149.474751393258
5455.178959900119 1189.8718496021377
3582.7796939674718 8163.396420232592
3760.5845885751464 9907.450546343473
688.0687997465662 4245.745664120909
2466.5538532146 2375.7629427523552
5427.71652130505 7687.53882991452
4375.928570434514 874.8635313828546
8059.929526196154 4658.529580670534
1683.089547342762 4789.0669012973285
192.4034886227366 9805.779218255815
8042.2670681060745 4528.316107319552
2104.1621442206415 831.2733108403459
4788.005393535697 942.4201529034638
8561.745923240527 508.3581186026953
1615.7057832212806 841.2567350853151
7036.303606145093 7106.543439670397
5555.557948422233 4400.055721901071
9659.783828081068 9516.480027390426
5911.067820116776 8207.39378200545
3002.561709774696 6501.685156682387
6983.771162058623 8504.541461047364
7811.480438995087 450.8579003649116
4868.621401012212 2768.3270419041983
4216.4208344730905 4764.389957476294
9379.925985184143 4205.692596273508
6595.162105260578 580.9432231055267
7255.596647646024 2956.632081560986
6280.429155237307 2934.731256074228
8187.871120938628 9843.221543674188
9599.668210339836 8631.408833998888
941.5547378735733 3355.962999105668
3357.2286781830653 8140.234285223827
2846.2166835508706 8234.681885774931
9800.27614571905 1622.4448605320429
2286.6735280430416 4479.73161760156
8353.891117234856 4850.5382054644915
466.4756930035996 8920.275501305925
1967.4640037223178 4220.430253188998
5682.009596892199 7569.9316051307915
1783.6213279636227 1318.2176197326069
620.2130075155743 5916.082343220796
5022.571457270615 6575.542885522271
780.7995351827391 6017.664278032094
7468.891988918688 8432.323276954252
24.26610130585649 3827.2735890446097
3754.42290808788 9122.871524247235
7459.865726727531 7506.931374855874
5750.07146991417 711.2035734660737
8413.099450149191 7672.875332387582
1810.975233969907 5323.5892851696935
1050.1863902894215 3483.257145622154
7363.607311017841 1661.1732667295353
9387.355516577238 4273.63988892427
380.05354606596484 5822.755529578934
2875.691775245679 5048.703777347539
3653.827475220074 8227.587210383155
2527.664469763612 5554.592705238586
9473.233188969492 0.30425229479380533
3639.3527625018287 6884.836614468073
1282.422320071488 1564.884854545664
5562.7748123836 6613.812167351833
1226.9375785496716 3391.7845003906386
9695.619814741267 3305.211465268666
2099.6707178656316 3852.1669711991804
7881.067869050397 3909.0096267818485
7134.807502617057 1955.4140775304652
4748.279198046634 3038.936057103361
1341.4700659056534 3380.866548769257
9174.519724229041 1413.4667174330461
3625.4088716518295 6662.008571169161
2012.7843444735395 1846.876217883593
9816.236671169358 2641.0780724457104
9504.169168387305 5092.898845787341
2899.3392385536085 4384.350310315368
4382.12920310683 4572.065477635467
8245.73453727804 6633.104973692688
9576.160530196988 8554.801853189967
8439.79642385695 3562.5565343911903
2635.3225667670445 725.8805464703055
4423.898665554489 1130.790136044163
2517.4174948532645 5221.847230927286
7110.671875051411 5622.012349463651
4227.529104310197 211.54560960048974
6357.7142508368 3123.191848336527
940.0146256571229 4880.8875807563645
2256.2299357819347 5620.429615027309
7700.936607229153 8286.530503448015
7054.2130409560095 8161.165398608669
5583.307084771144 4959.135242891841
4716.437665225224 8100.592345723916
255.41361587780753 1365.4002745539517
9117.650401212575 1835.4153075244428
4322.88147049754 9379.075858615632
1172.0063089120215 6625.356849230109
8518.019988764403 7764.683495016245
9820.927407497733 5112.58025719304
2835.3917687615617 343.67956599760885
1733.2066025993943 7971.461596763574
5050.43212154357 9991.316910669813
9815.315623436103 5755.9119144460865
708.3395363531075 903.4734585379445
1186.5214691545123 4458.714823921232
5633.345453659241 7676.23550936995
1142.552386968465 557.1103749992257
9283.864772301253 8657.035993562484
813.1980665366245 391.12089327019595
4866.917980924802 2754.663722947814
2713.366124396189 5605.881823399544
25.6066694403112 3436.477799745703
193.76162925161532 1086.506636376705
126.3148042893958 994.6740934842036
3916.4939293708303 4323.775696262797
4697.698988908617 4329.468303993936
912.5543279645487 5471.212357478243
6411.41989176835 6475.5747054058465
9522.256363774197 5488.867763265619
1144.9618573418675 3889.3752347666145
6576.3594289762295 5716.407300873777
7129.772625095055 8117.690000416865
1544.749110269178 5977.851107262491
963.3512277293077 9885.075453492718
6061.177331010424 9892.59493478956
8351.796872694174 9865.092774996763
6226.716060937633 5452.0946379642755
7849.730709421049 7442.001414445396
9401.210855291361 6118.868524347669
6577.381278120621 8622.855330238866
6811.165334430767 2714.2367084835505
7920.027380783828 6925.985653539641
8234.127483945245 9183.4804837496
2552.874556756437 6550.378244312812
5263.790198345078 5961.871606538412
5784.832788220604 5421.464849701163
5216.6561462228065 3112.2875449240128
6177.559183775818 6812.361533575378
8610.260189045419 1664.8931368586896
2671.512905719694 2155.6087649977817
9324.585279001147 5661.634413187064
38.664062420755705 4388.978833281595
8052.440307828925 9293.059101556544
5381.890568328826 719.9319563969941
6451.221623707067 3212.238319693461
1613.9811202194364 6046.8203324959195
1527.6055973081104 1620.3367971860616
7374.561247993355 3440.954980951335
7218.3746234749815 7040.637215732495
6681.144708556372 6072.161890405783
2874.7096474591426 2832.5948998757276
5760.903226462454 5751.475594978417
6413.925957187385 4444.764093152967
8972.641360929592 6868.128229305622
3271.7724725684293 9165.200143624868
503.8499627424664 914.01272022954
970.0501917981074 700.2095054190227
3615.607071670318 6017.309196075654
3108.449214250006 9297.08587678147
4608.480419889 7947.985689270506
5896.146462115332 323.73469907501675
4395.479128919851 3911.392442569338
4957.840417901025 4227.85246641441
6593.495372134383 8112.191617574368
80.54529679945021 8620.59929276655
7382.560930237753 8549.375316529893
811.6091375639767 8864.460302603986
9032.639703972996 7794.142445974233
6375.050872281792 6992.2637529274325
5960.566442107036 6605.919387955614
9242.466883161636 44.08423855466581
9455.131793161141 8157.82636362102
2876.38452699281 7981.031422843593
4796.203253251096 2371.4067517498593
658.0888221959758 8219.682991490825
2394.1669182939195 4401.4518023330365
4818.58870001868 8528.190577721103
2788.8588713713293 8665.266225441233
1310.5225595570191 2534.8542028844845
3872.552281142906 9976.743406348001
8990.456456022644 2422.220293893841
7539.451373888546 6324.125081036964
9225.152919189644 1514.5327807951803
2114.5385727603093 3621.3436235102713
5092.046729125538 5413.62291447797
6377.508242733241 1366.3551003472442
7713.28518861916 4098.097336912287
772.912304550174 9555.891035537406
944.3505220876236 8972.943993882314
1485.5356113549533 1434.571200546738
4632.407536450124 8241.44435273669
3460.406159214262 3697.3322771484764
966.1672249107079 1168.5434720572796
9159.738401234481 5617.648066549766
8058.198714623721 6814.597346183745
874.4962766389519 1240.0309876002714
9832.256810743293 5640.681270571406
5746.1573758652985 4253.814154552456
1532.3398929030207 3021.408959410852
4304.6438041366355 3456.2399576395155
5726.827743759997 2148.4777086369036
5291.282769924074 7816.387981777736
4550.194576703063 67.920631448396
1811.0458263117912 4067.4925393424833
106.42598436898743 4666.312601725533
6446.207764881808 6483.7194195377115
6452.4204476240775 2305.941874256705
5863.958144865864 8038.482238564943
3386.2836598199133 5506.2257505761645
8663.385417583224 4494.897104853199
4384.573576031927 7578.412549189066
3732.650627768571 8144.989314188633
8464.194201176428 6442.880671578603
225.04925830788002 5892.783272134678
8488.768174491805 2993.1085978615356
4413.060503836183 7167.416523858848
6495.973185278054 317.6546488640597
3142.3634745205886 755.9431551346652
9991.453757009602 8851.256487054734
8383.202608510881 6061.4996204277095
1836.569223963842 9098.416437546202
2464.360587144675 3521.0261628564854
351.3762256482478 7957.615853072874
8975.402329410754 957.7519820828518
5560.886001827753 6871.555816030264
35.73335512951359 7497.164713030724
2131.776926363792 38.5959777142586
6654.4118220664695 4341.207266742571
9478.379730272416 8742.825795293498
5242.542167907107 2173.9514286172166
4760.90237961045 3494.964910726215
9990.47204066453 8263.022975470045
5055.492299567305 9123.561757560254
7784.89773246924 2424.559463356778
844.8795471232385 9215.718137497437
9616.384506974404 9935.506356796082
4159.98566327669 5378.838704804013
15.686796665057567 1205.5646501737526
1197.0215173177824 3679.6655323548875
3957.6543937039664 2562.125462197198
1041.2361721415043 5314.128430808045
8884.397064666133 9855.036548133598
9247.627485918465 1071.3007395033758
8024.765790722525 6754.068498251996
7460.554019251431 9477.0224910828
25.110461809169095 2590.456560215896
7998.338710504827 6637.515372759507
9056.654679203531 384.91391319366073
5385.59046239906 1750.5782395175506
9027.721724327263 4308.029378043206
5185.110515791299 6011.720760507784
5304.441003666932 7234.971904689912
4162.8931425750625 4214.856115744365
7431.447224348958 3284.9473414363983
4813.867765277211 7731.939254501511
6744.481120142322 7276.862990317887
1582.6743251645757 4753.205675609338
3479.687934715954 2886.1724043149907
5732.9008213441375 8679.426860360823
9009.803724066343 3953.8929119549994
749.8530533560166 8379.866835095656
175.30526001679593 8877.29551833056
406.0697819665482 4664.39226312854
4328.993888896838 6302.789888082263
7175.4341776773645 5765.446129773381
5675.3757990558 1445.0398393852481
9550.874239630228 885.37214309099
5761.583625191357 6272.361324552756
3002.2866667814305 4936.831107359257
3564.4863728577493 3526.9663018247697
805.4558290838121 9488.825396532937
3519.0153047660856 4089.64039366427
7779.385131970663 4628.106902292385
3045.6299445037594 9551.946847870828
2088.5929701862683 3955.5120425924197
4660.237626281523 7025.07623932755
7698.573319798479 259.03520418262826
1587.7683097530348 1192.965719727509
2816.751272679556 2540.213246902723
9950.999945330293 9408.337398605296
7707.917156022181 6017.660190578226
5069.121514193651 9233.813580385906
8642.252212898955 5491.362490018252
4175.903229763124 4246.286444244284
3415.705424692208 9023.601561403684
2955.2478642203173 3151.234349020918
7876.622580674837 3277.1436407592637
8692.272643764512 9294.690744609996
2199.1627599263197 4048.59976705506
8550.975158134524 2514.090336568332
263.1872319325401 5544.622311687742
7514.915460337961 2935.2311454422174
5431.937429996026 9770.87453607918
6865.2485692869495 6801.105194847092
1262.9671237034856 3038.471844784809
720.8229727187531 7709.370564114572
6244.426281593892 39.85888869749266
5127.955584040086 2738.7482531581277
7517.945539583232 7205.856504745863
1462.884202193526 1860.6455674151334
9730.997461263856 6127.871455734605
3497.7897756865164 760.8244495903982
1655.7653019134689 4714.034643574148
5381.667018106544 1736.943743094963
5018.17752869414 8445.291300868987
6000.219256024606 4691.328886111375
7099.919059159783 6607.243147290229
3704.3369262235205 404.3276265217344
1107.860524116867 8695.793818934953
4234.6179349425365 1252.132971387443
6049.494923221545 4329.428387129702
3819.7689177155003 323.97089841170623
909.6062750661771 5948.2149629314345
8889.626547299566 8497.05901974304
6292.54066273285 7339.382676366611
3618.9207722884653 443.7660503552965
376.08572825640454 2601.6021489492514
6605.801204926404 4773.911983837587
5017.108354561843 9544.850635571027
8389.52581542441 556.1676694875928
2155.740517326297 8720.017527050455
2224.617401609049 2316.0260090329034
284.0423270382908 4282.169161304052
1554.1698724750563 8273.833891780305
5676.714924739865 5713.653829956612
8962.886111290893 2064.8903892107683
3325.572073599353 68.00070719293782
3040.815262451331 6474.627865626524
8076.126032979532 2842.8258798763864
1551.6498328516493 8825.417454890774
7333.775280063405 1849.7246899766374
1574.8329234652792 1567.5422967354468
2888.733576083432 2521.4020631486233
9878.616786319826 8355.414514716522
902.9685464024884 4981.0472510051395
9681.605289150148 5431.109139525809
5909.069698727089 2896.2353512584095
3173.19969826697 490.82185961963677
6790.0944479961645 1649.3956013932386
2688.764807811375 6375.857282517805
141.0957218367781 8679.158401419716
7273.2168596997735 4908.281111398056
9157.161250638634 1981.6544245972345
5517.126476803316 6982.380516429653
4249.444110278022 3708.1047739737273
12.324054866678091 8626.593019291618
4959.803104718034 4554.811831213928
3549.3808485063514 9166.578855995967
1426.3098358801062 1213.917745058387
2267.233479673072 6848.632041029458
7646.020534612648 3538.072861311059
6365.607146997895 9323.633790580609
8088.055515321952 269.41165752471187
4703.786832511448 1245.275247310307
3829.1624177062113 2193.008103594354
5634.671536181669 8902.283738350781
4315.587736111895 9397.244978875424
2760.943688089628 2282.9119176147283
6099.215155025737 4958.29326605194
950.5702529745374 8260.956628300602
452.5739420757047 813.1708287653016
4911.74615308149 4696.0933779671495
7636.460600433038 2845.6091300264684
9902.782273786253 4157.32908864053
6775.556024986694 1281.2249644026774
1740.3247139794253 7706.888330959624
6791.562564414739 9373.260032035676
1169.693239548162 3722.8676012189667
5650.026491979366 8057.415421769558
5874.005605420712 4092.5034521726056
2296.14800425609 6764.074419333038
1924.1535938926845 273.91983389373985
8086.529837385573 898.4747695752704
5309.584683872836 4702.7338327524285
2267.9439832420876 4634.150615418291
3340.2315421525386 8810.91471426939
9110.850592792089 3612.239993424964
5172.8267193396305 7528.805798995573
2674.5316677938345 5899.0091808210545
490.2260954614923 1557.2372960496439
8862.349864394682 1126.2185084262956
5450.257399653246 2925.1715477988173
3419.781946956496 7123.715228884755
5421.001627189481 6389.33631086871
8834.514588162445 550.9071803607691
4732.304948357065 9085.822673679497
2717.034017652631 3043.5340935308895
4698.705108174567 3509.6323194959446
5171.780790346789 7214.423971230127
2506.858874261999 4376.6819517192025
2913.0792104372404 7481.679759923056
5210.930204699361 8213.783684725275
3436.6950093430783 9145.015438519804
5042.306404465763 5625.6362053041685
3427.0137088483043 5390.7213176559635
4515.3902252382895 103.87835434971682
1761.4727077477098 5978.003056751095
2399.106891854378 3971.7738698466187
8968.02117049045 3244.2104981733532
4524.162386289764 1599.1072609220614
1798.0214814031049 763.7304730769467
6608.970485822589 2375.389559819708
3696.1491264629462 7505.089372058133
9812.565755848667 1095.4893383588503
9380.485435581824 5653.073845929177
3560.7021767962788 1390.3163445638688
4490.140092763842 3397.4437265902448
4341.735270327424 8626.204036594505
9314.380248735788 4937.078645070726
3631.7710212884667 2300.1512439468697
8986.38328193823 8708.163359883954
2883.9550030449136 4374.098726639514
1206.3741763747694 1417.2845405200997
8604.672736123537 9219.933680759917
6553.042856713436 9845.073545401394
5939.812409539256 2887.929186929539
5748.783248901394 4583.302280242248
4907.142115799995 4264.840985321783
2863.4337547897317 9878.09599742759
9436.236206283083 8353.900935848375
3372.83956675133 1574.2018743930696
5715.281598981299 2387.463147864899
1232.6994619074517 790.0070930766879
2994.4811726792477 8774.068334712912
9684.79729588142 4400.279189761422
6958.666982939168 4985.218604495419
6381.8616447720015 4663.351904932041
3057.120819282041 9403.157065434689
4598.938023669218 9401.759601643582
4766.494451270576 3879.4748169230884
8793.296095463478 1030.078149105379
9663.112180697362 8295.373538162865
4581.537172540301 7421.002752056007
4393.827604032857 9767.935059223932
321.7063145226773 110.45374371831728
8159.9944956707695 9312.759904083297
9919.856335136443 5664.771755387083
3167.0124554141908 1751.854352267699
4224.648811811188 4167.826047621164
9642.28282906719 446.66143242820146
1430.2204716262013 4733.126206527971
2487.317672473636 7039.64692764857
5276.680185738636 1705.7922112993406
6405.121751012506 7803.865001376835
3519.2475896858487 6791.506728425766
6431.866306434402 2428.447789222045
8131.1813265535 1734.3355060326771
1202.2606494414213 8108.974195303054
3012.2860479560622 3362.5676573842643
6990.919046779363 1665.1917226619516
4593.927984726687 7831.496839740548
1597.410948444441 5074.581620695287
5663.130754286813 3714.3249325033166
8480.573088964144 5288.769266402521
2972.464167711355 4227.139231304497
3198.0518005473714 7490.8019215480035
4759.07317605846 7321.179140343298
6169.938359630274 2054.827241210342
5165.34648852113 8635.370353981983
8060.743258717466 9385.727224137368
8735.351889037313 6374.377726467653
6661.854668593166 3544.7707440479535
9655.316748974028 9062.183974440979
7057.01073951482 5108.368864509134
7213.06491504716 6818.4771445139095
66.20892378415344 6060.532936875213
1070.468869387482 4314.885025499978
7488.864030014046 4685.64526594632
7374.60722215381 8890.370221044817
6504.920672287127 6406.674676950769
9477.471843414349 439.8577234928758
9743.011893200051 7304.98183140153
5090.693371045377 637.4370481384018
1987.6521979225904 661.3735392514608
5070.90953989305 7815.242287907107
9272.836046003575 3274.083090690446
7713.03084197377 391.3863956021413
1197.3116620370827 7537.869120449358
6422.802830197847 6125.080493778383
2697.1856391860783 7309.439912693315
7946.706186608495 6674.347668403576
7224.404996410144 437.9245475932747
2956.37329834046 6941.493751845282
9305.056087745528 8505.134779075803
716.3429081514649 6513.7752603019635
789.3068975819228 4798.865343987437
4808.113490768409 6141.456554650207
1755.2143496280792 4833.508004281831
7440.098801999409 5642.730470173896
3991.5058119497394 9835.76250445408
5742.225570814478 884.7256308287366
2259.832787783661 2529.2457376413736
4625.561138761907 6562.101118383939
6124.8922923612145 6280.317430699764
7281.48938593497 8379.490551500277
3041.1937878563313 3208.453451909732
6201.604963230074 2941.3214219900365
1598.1464351161655 4218.015057431565
4718.625761498887 6162.305162426591
2350.5288311692707 4074.278659807683
1500.2747537490302 1334.1563639540254
2499.293554587434 7625.1051296229
8172.213123539231 6118.864617275639
9838.053971777903 9060.642465059684
3302.7535980021325 3686.112295583166
843.4846239367355 4706.97535387194
4351.223636757624 6972.189546325638
7563.263405594223 1265.64421104016
2863.4813962587746 6610.034803623379
8043.0693725369865 5639.478842943953
7192.240312954718 2464.779379232005
5434.544943000989 9526.202186286375
1326.4854285298754 5906.458486956509
1639.0193881410498 1814.77786280702
8033.416284288553 4961.298218837213
2367.1789984530565 4485.491446238199
9447.985020200298 7305.269897839725
1832.7684438561243 3193.267120816308
8489.240602259792 6698.355955198482
6948.7840889206045 2004.7428280503798
39.33341906486532 6905.246579005866
2857.5288135740284 2863.137635780868
1690.1709372621333 3407.9458561449537
3901.2702311541825 4270.963398273798
44.35854383143645 7288.034420138293
6728.148784259819 409.1465892365409
51.1988061955293 7541.102143103163
5128.365539306255 1452.1441238848
1665.1659405351315 7783.126041521636
9408.57169337095 8192.151292932469
233.40628737016368 818.3397570779116
6637.77435815115 9251.513590848808
4450.466575502617 9860.40235387622
1935.9601351874712 7140.974534499961
8462.57962668144 8333.439600009926
5127.033053001953 212.4030391566567
2760.4907896538034 1126.8014177878383
1540.5488680751334 1158.1604048867023
1868.9395138477937 8937.13899770585
522.1246972926818 9125.284742269501
5522.552756413405 3903.673697002642
300.2865646890174 1741.1840697289294
4012.0542522554138 9127.294618369628
3257.91438308175 5388.54445505658
7691.324607351322 6861.389840655544
1369.3301606569642 6920.678686063902
5254.993887568191 172.07543226248512
7589.468109078559 7674.552118830067
5327.8882186088 687.7613553006368
5319.45484947688 1117.2413619333588
1151.7911461179208 692.7509348637861
4723.319132117616 8752.594155264502
8711.621214526127 1266.837992132025
1633.4411694871787 5018.380093681596
4512.270153959519 9432.637806995417
2057.7419799672093 820.2266949276238
398.9834678952564 6344.641837734531
2889.5027521850957 7077.165739167226
9308.306626937905 5438.764348323329
7321.098234914446 4194.615232878494
7643.265496130542 4158.404392444297
1675.8149111534292 734.149993116775
7085.579683087457 5382.818912436906
8897.316297670428 4715.422366739711
1089.3613819964532 5005.866103118085
2774.211142643328 3964.1126032753104
9044.880681344202 247.94190343722767
6127.566633334188 7710.805160891884
4157.627990714484 9231.201877676462
5652.1037682659535 249.1997621577413
9457.039759432313 6107.924656508444
5877.197018639137 8878.085505830708
30.894676710085946 7604.135400980969
4801.697951509018 2580.01788163145
8575.53301621348 6225.380499350408
4156.987727598719 4930.656878979952
5658.683240165024 2568.8040657769207
7965.555542048452 4586.2420774307
5710.832575982625 4195.444685930048
4087.791994338882 9362.687076204607
4692.7044873044 1338.9378598025448
4787.57552087958 5398.305582490237
5630.5630015392035 361.5715541676556
3997.621168693437 1183.1826299974846
3767.6891429269767 4315.913501255506
928.4514490458063 7341.729937739155
3949.5254739536776 6229.987461660743
1940.239977855709 6970.976197217047
9041.621182741555 4806.248132292977
5184.669191216286 8065.658528457971
9673.652237282922 4109.364796323582
5424.332576261241 9102.198236507213
2409.43006741937 8515.092894180829
9650.106434477673 1207.1584557406002
5561.95488682253 1702.2767336321765
7642.301593245331 5501.797909061416
9304.209275372987 3792.2906192622972
5459.29898722498 2192.85010741448
9470.52817958593 3874.9972177889213
3987.765554515911 8770.67266021651
2500.021863002606 6107.558633913965
9151.43232377857 8279.428449385085
2342.671529987932 6332.209638292783
5150.8124911429995 5039.972235102636
8830.3533713687 2731.362323269706
7194.1246262110335 4434.639350565809
1009.191732067779 8423.182644258995
5580.077123762014 5404.1374053985455
8236.27973707182 6098.036354061103
8706.06284374901 9160.271609598161
6462.948847711928 4805.979771723757
8600.700255256015 5284.236105680472
7058.406875514044 6827.722112081462
8917.55153922858 6858.728965098737
771.7069395664445 8196.26453002756
1977.235002899377 9573.160609175227
9986.648476735776 9883.679666232187
8408.0422269512 5844.74134202761
8293.354195802476 7927.260544461089
210.56230302404 3914.247323818604
7581.903524879775 9841.538717839341
5659.700363715589 3603.784607803592
9357.552411791148 1547.4324990866605
2357.8768174179563 4964.882167877494
8783.694940575511 3747.0507960068953
2966.075834727382 3398.762204802337
7077.881344426791 9182.45082968038
6664.807388150444 4996.652584496124
317.8319748828118 2538.9041029563896
8234.938641016124 8826.518752426622
458.5364885445864 2887.9983856215886
5798.733244539846 8683.611911139687
7418.162745976904 4513.164983753098
7724.341830265341 5425.744275296965
9459.647355793424 5719.986257505751
8972.359438405962 2430.215300650591
2776.4712770693313 6805.907498874205
7250.974793295541 937.8335628164957
185.27413485780687 7748.738106894404
9746.612785828458 9090.490749222223
3134.591163693944 3370.594850501665
1909.8684465652482 8322.259987210504
858.1497388838033 8743.708332333186
801.9229091408075 3430.008972859657
5432.790303358225 426.7730234081746
6844.515944470594 8128.030743986135
1745.2259385667535 9755.293333545773
9466.94824177066 6182.21307992897
6928.494270834979 2856.6407638479395
4106.470814337547 9322.782022348825
4698.088575098951 8320.300686394068
293.81211119683394 7050.670663777464
6199.408807064959 7526.059014035519
3143.4853383234886 181.07965391062743
472.301669022096 4517.637800192492
3468.907943069943 9508.812615787801
4445.10386404482 2006.5599768166742
4955.251596662829 3333.4850138257143
4489.748175897589 7600.783901391221
348.3419055165471 2748.7182281102705
9001.122281374186 9674.920492736459
2455.8061338282223 1577.9510521359653
4208.022510973648 5433.60445652461
9907.06719379642 8630.511407976805
3479.675164307219 4666.861319718786
2081.6644618382106 3555.10949606061
3760.9443073958882 1456.075678235802
2390.781478082488 3983.9297335094047
1450.9871134882358 2661.434091836251
4184.7437545795965 889.0117913328698
4034.2503927854723 6406.476066605331
8959.642981131734 1113.6290122581604
3079.353301710986 5972.660602122535
2249.1388297883186 894.8877290439849
8840.532139051493 4526.612257065717
8612.870822657964 1859.7851468873516
6627.970430294051 3924.984472272599
3470.8135723532364 1455.4818674059889
357.4762878488025 6476.637989775021
6183.292175226268 3065.556788808689
9246.604976022263 1989.0993326423468
5739.268797767259 7167.532663469075
9493.47603401889 3686.0317580977976
7690.898366707216 3802.9708076975944
3956.161282787276 5654.714991003301
8560.250572035357 8359.955094757188
9344.672034046964 1367.2933666767317
1844.4710585003022 7208.793089116096
2244.210003150744 7516.825340934944
7958.562445555527 7085.289376177697
2407.484682949016 9918.922051016976
8980.343242267878 2281.946762684043
4185.543988817383 8552.039115781203
7900.040178358393 6685.981097022936
4710.705894789688 6944.241231943862
1227.3570039529668 3494.0416396209316
501.8171433524088 7061.536568501518
3271.756214017595 4037.048901414361
2531.205397251214 4612.628757059878
187.07825296802704 8564.575397478104
3474.3359438338093 1257.2156420345405
1959.5130011573415 6066.710922965779
9857.319253913638 9589.717181020967
918.3343141357725 7252.37155748232
6124.061156430705 3967.587059720429
6061.689216119575 4656.5237873364085
7263.982553706516 5263.127034577352
3515.1353998329805 6514.813674723383
1572.8847587325024 439.9857001958851
4778.501338478415 6522.6038288283025
5363.665413024609 8490.294728472523
6067.041017041034 9886.441308147447
7000.24339361617 2715.6552276162784
4015.7418762495136 7179.487687460171
8497.179519880025 5594.956328512042
5291.036275561799 1428.4677121293298
9109.131355819598 6554.272671066802
242.0585551271126 588.1982818876263
6828.412800961374 4838.852647691902
3623.979077596817 7100.783997021609
515.5749575490165 9384.474319859504
8638.835992113885 8590.076528351556
7507.060558559489 5095.2157741110395
4064.681292303246 8908.009774959612
8975.632540887113 256.9438916311162
8081.741113138285 6727.943087391106
8063.408646573501 2950.601064947367
6554.686162123233 9671.155410849116
3863.980567719536 5276.627245664924
7992.9979328438185 5556.151328066849
7699.237554097488 2961.6247997277787
2186.804373947905 8776.456714379749
6818.148788347712 4490.636013961945
4603.451838557883 9041.093779773848
4638.906169551133 8293.173236805029
4030.4714144416844 1752.9448833108786
5962.467676220477 8708.401218735
6663.484749793633 4153.726167116632
204.67805888431002 1464.642893742869
5862.988866105533 9030.313353436899
5625.7915024814965 7230.641409519276
3141.8479263092604 8255.669584292264
2780.354916777741 7430.776826946906
2595.7120398874167 1728.647867251557
5967.05569291079 9963.70646307883
7951.470741340101 3380.4552769825245
7327.276075561878 3723.655762667074
8684.245930366342 4831.575679771158
9422.736087788304 9895.85897159938
9241.309436313117 9011.472811718828
8616.75133847941 4882.411164389166
3311.7133049285685 594.4028212395269
3390.268821763619 4412.057864119728
3293.2993145598166 7458.185281157031
8842.98475541482 897.2197592935671
3634.155646363637 7538.798091889352
1061.4947934752638 6423.80506910509
5563.470888564249 8432.172846766376
2780.555043094469 1894.1428090025513
9877.131281839478 2885.587865605448
4820.19139081145 8790.617851457877
3906.294853872445 1924.568937922001
6150.5137696535285 3787.372553020698
8572.571045155208 8777.223134379341
9117.753429898907 8009.689494514376
1521.3160316709518 986.4495893413749
5359.164546881608 2125.4479925026926
2724.9572208411555 5141.48264688331
2241.0857501942296 5650.302226921586
9661.139737550466 8513.740608383132
9273.585765653754 3858.00415638663
195.88410534802648 4547.972902501039
8886.77054135153 8509.551712181377
2639.83422023513 4638.202234584803
6197.957510155439 9249.614260812254
4096.065710377281 6908.990418764936
7955.571918746567 965.9490124129644
180.81031811351232 3826.0565044985397
1714.7583901578544 8667.290915519006
1473.8533394371943 4376.30382978762
2481.3388116744095 5507.460759731231
4643.239965695044 3285.8183998116606
5554.8921073882875 1468.2058626491234
9089.323123752869 9285.424586398887
1108.370841769195 9910.549348972523
3166.078944658898 6786.89398015435
8160.807185571914 6714.1922409822855
7562.996919166869 498.9231450234199
3031.308181157196 2046.7778339731713
7268.753797985545 490.50695111036435
106.672585916191 7939.59191576512
7688.261642047805 6000.356510284111
811.6088012930811 5793.540521568523
4947.576439192828 9894.517241362106
39.67137101550611 6699.009706493654
5196.544559884823 2090.3687122320457
7984.67358044994 4025.481039791269
2806.9483868235134 9493.693412014954
9306.475511476287 2121.536978306238
2764.3128183349886 2036.5259853686634
871.6860335742205 7163.162674232985
8264.417932688792 9257.002248514795
3928.962284606683 6198.008441001783
550.9540498493049 9528.450540041169
6510.222885645199 8255.551631460567
4368.652844566927 4523.476836662996
7093.23930827876 7027.852907707302
9056.60567509205 4789.8146188708815
1117.705903034647 8072.876458829549
2269.3896021815 8418.22624962535
7816.0339654415275 4752.101484680592
588.9905618430646 3698.7559720807562
6001.748745314702 6186.42509914987
8878.42362980366 8390.150308107595
3952.5171681191696 7399.115359882307
8128.326280068646 2768.2812872591976
331.4690284921873 6511.844672191211
9760.701002762144 972.9188898095698
209.6169928553926 6369.596140262649
2879.366586426152 5338.215354665086
2683.8222678438296 8292.502555757033
9794.576165711294 1370.7830501267015
4328.890571816333 3787.4406818795283
4299.640216219599 6830.260640966022
5779.0260286854655 5999.4751249131505
6640.296661481489 6970.7755675657145
7103.012975262588 6443.0031392759665
8892.946882670052 9417.731981554645
1319.129686650986 4124.72503177995
4555.778290775091 6382.866015174921
4389.9467757370385 3555.3269977974724
6557.177275151652 8961.523092213796
4343.798349331519 5344.02749851542
8598.732223073019 8109.633857414637
1788.8548294751395 8079.908399666856
5775.513603495771 9563.874602164386
9017.371183728003 3026.212093833551
1754.2078515440462 5447.018638797791
5141.818698785645 3788.5561352004183
1440.0790446360968 3591.4987446448067
261.2556233160779 1565.2802421678348
26.61239078128874 6717.713222417881
2525.4257724490612 2847.906555244931
1597.094799365515 7519.630928596403
8145.7222440305995 511.9599439354483
3035.2712336754253 2438.7598152466016
5896.2862412831255 1123.1600428180454
1902.6085706233887 6448.562508039946
4455.159920323573 981.2630969124592
152.59073680133127 3524.914812824079
3054.5436564748497 933.5984176186496
9077.856672857019 2644.2250472234687
3340.857615224717 5312.60503453047
4723.885438970956 7129.339443509252
3089.4414944271066 3486.4478997330293
7153.322913323631 5954.38226077154
475.3705529133312 3459.0501064831246
1407.9336920090634 9223.18619372103
971.0064009812858 5715.649017860125
2790.5560823476117 6451.99642514344
7622.537947294517 2082.247313295454
4177.322590817599 5515.634194541649
9451.915083618127 8752.096523759821
8470.808075812285 2157.3295384496582
2037.2115997103567 4829.614828355475
5017.645660244674 4815.947052885769
8943.600383597675 7751.910325718522
4839.556945592532 7190.342374149691
2608.758590471413 4770.338983682941
5864.616048469034 1439.1044449615742
8530.666700390117 5309.303259450758
5995.9756346088425 8204.953270302476
7162.402220216486 2466.74975668433
8818.156672759298 5756.578794559026
3787.671268933892 3180.6042505395094
4016.4091275871806 9456.721811549189
7832.460775001555 5657.633342279949
2172.5302908362187 4493.8148358966655
9562.33661919549 9546.00156924689
1500.9238289432947 9355.514551633993
3921.549388712896 9030.046902390306
2301.573104365616 4875.974815394444
8389.2569025492 1535.5698726984624
3431.9894401842666 3854.7224784965993
4159.805694292398 5056.196598708257
3938.0919620838395 9223.515998294857
7698.159614655114 5246.1388062329215
2134.359010891057 4528.5852090738845
2778.2028237365475 9371.940946006025
3886.4906317285177 9099.155113367036
1480.7841327549809 7975.5722978442145
1625.2051259948873 1689.1903492457038
6310.011267920945 6673.483497630061
5707.684835747447 607.7912444934408
4580.4434399415595 9901.015646955593
143.58051111440062 5394.707997951139
534.4729326944275 5608.815782845738
5415.370104348071 4950.941876879622
268.32605847853296 4927.674549563678
2148.2596030561294 9700.421603847175
9476.750466916572 3640.474135155799
722.7059406564729 837.2615950299567
4270.6068744066315 2934.690537066792
3573.0286966929793 8004.120741471448
878.2111010633331 5356.172448841668
8878.475061636133 7850.698661770429
910.4230559491466 8144.671382880233
6628.482481921932 9837.416642752058
5051.113212975198 203.87338526445143
631.7851583431022 2377.858155897505
9528.782928388608 843.4437108675386
2939.39420938667 1954.54135696031
6531.751506611342 8127.860438703757
364.372013673625 196.13129357675342
1848.4664666194262 2176.585391114928
6306.71856526501 9070.197409919652
446.1299889596515 4082.3737558001894
4929.5671743499215 2324.153129065112
3444.982660345045 4249.3051805954265
8883.290395987518 2098.0156318170175
8002.2178114022245 4899.371298815792
6236.994305212414 3236.152357699783
4988.644126757952 256.2271197440136
7052.283355076228 4241.186608819519
8022.858576296538 4486.979513376992
5122.055112884085 3041.75549123348
1421.8228100607867 1867.6461739148442
5797.488409220117 7786.828270720129
3933.388994635746 5835.193824315615
6539.26695521853 7732.806818779009
9735.448856300398 3598.8159835031597
2854.478138421475 6955.6494818797955
8118.032801682534 805.3936418131635
8618.517270428305 4098.7684350996715
8508.814938251213 6388.830666848736
6431.714606661405 4658.476245508981
8059.131255363819 1180.2331700394197
623.2943346019126 8412.261078956219
4876.748938383603 5115.664445429965
2790.669047598586 3511.1983768993173
1173.2738146407396 6950.468900694445
7349.957469849321 486.309243682983
7088.217339159411 7273.930811947981
2474.0098751508554 3959.703926200595
7758.389652088982 315.2918636733792
7.111501696513978 7204.853761395509
3320.4217071497123 2541.9243402576476
6470.927636002727 4866.359578882845
3965.864417467727 6372.718588223179
6114.145086196127 2128.0919702410397
9912.450247687917 5464.50588916939
6108.652892347813 4409.602004798715
9211.74357706455 3976.612795618388
3457.9967367991917 274.21052873932706
4682.548977221667 5978.396906781855
2959.235428391811 1648.202928840068
4941.085031960985 2736.8915532076767
5647.2107791582275 9679.072104212235
3493.0720313850484 5006.441575712639
7550.643823663088 1601.7673061685755
4159.524351662889 4639.485601178255
9302.346989400918 3835.418987692806
727.1760284835849 4847.403027427716
8171.248794767501 9199.032962949666
3646.113016560287 1262.6101895930997
5421.802791283332 1613.1547878064712
6841.319720047087 6587.85288757742
3556.75285040739 9945.526391703817
3261.4954643524643 65.91472143779865
9962.115865581269 3762.268671625407
8657.63183648605 9262.718517894507
5748.628692725908 7662.144328803275
9265.483769281056 5729.069252865476
1171.805227564794 7599.963975540941
560.2099241286073 7991.050122288544
1913.1294313372305 2146.220646105561
1058.0955257894598 5016.35115448761
3717.8143790836284 3983.55170534731
7259.412262109856 813.5699220237924
6409.931478481925 2106.638125968052
3258.114883038441 6143.79810603206
2143.6212221252026 3170.6754424474416
1288.2046868150999 6458.5659401438725
6899.474756289927 1224.5554549768556
7533.242525413656 6125.4845442342075
8698.073497495601 8668.426163717315
894.6265730171998 7762.693866629059
778.0616061310408 7691.30148054786
1095.892533798215 2075.4867677070656
3074.016447142013 672.912076329244
6494.43712885729 7973.246489711473
729.776423332218 75.00997145962307
1278.7028913214626 4942.10044967298
4095.7704951914275 3200.843837715791
6348.004838198783 9658.458560676547
684.2892698866742 4867.548789121122
8103.820176060334 6650.870770413781
5894.5260187532085 1514.7009325269146
4625.50217607937 8452.40337382638
5969.606158986346 3563.3105266521347
9260.020510538687 4132.998249769757
3610.7153132402805 8943.037118070453
7524.469399366425 6361.0482583811345
3948.827699380826 9621.426941735344
4401.730365238987 6215.683248259126
6162.423533344331 4697.492870756927
5603.808122730207 1856.0295108249747
3929.979463946536 8162.966566219938
8184.009509489183 1850.9719936309677
6118.903110262331 6788.071627451682
2998.2681095112353 6482.709270606975
7637.975248928635 3754.6823632899304
3947.5582913288486 659.6653877897452
9218.252904769108 6638.246636668235
6677.4908933226725 209.07717738346432
4037.7780038497226 4130.868293636365
2467.8107201535327 9266.853972445011
8568.325479146202 4501.4593113252
1413.6697111563624 242.0593872180199
4797.818331949146 204.88935176663392
2682.1787374910664 9405.641873046383
1069.922927997885 7280.571800181338
8621.891673513352 537.7975624082021
9182.734521583108 5221.947286651321
3809.507287063629 6265.620938688986
6101.346960644521 2851.8353402233197
9737.222322879798 1732.4594437797302
9664.497659233866 8404.643066068948
775.8041538789884 8062.6585681016995
9003.363302595157 7494.937926684652
7292.596196389094 3720.1445886926754
2040.9801966227637 942.9006085290036
7360.306493184713 306.5621530369556
4403.642905039858 5530.695470673543
9361.574661578212 5604.447256129413
6351.037110510866 4679.813065651063
3975.947050453298 743.1810214712186
6919.744723729414 2767.9439461178836
5530.036503724259 250.23920254503952
7375.154525909037 6344.97491228166
9498.281769714575 3447.5105255684157
9279.699501444942 7861.199750743159
5060.858733873106 3162.233997320957
6010.735015787012 2686.860754697702
9056.943058002058 3044.3578902167533
399.259985977235 8180.650029622405
415.65615078416386 7916.897931182321
5311.077502741408 4355.815827811621
2203.677944537984 2533.1360317131257
8454.877241335802 9296.033405985701
1797.6361573276722 2874.264432554301
7477.116877892841 8889.21857018642
8371.037861115323 693.3447388881175
6491.468260590034 9675.974432450215
879.6368430179358 6396.223100188077
590.9846152333864 5650.378534142261
9035.77890977246 7547.30207348454
604.0359536727514 4704.335709131165
4381.405950805971 297.8367652587033
6380.452441956516 8072.732329442723
8501.036587504013 8856.691566064414
3232.2024717176346 6615.148821126382
660.1874732162782 3758.255679608973
2803.3242917984358 1060.8998892669442
7711.337931922823 3129.4829233567
6606.723274254299 9447.686775236114
4978.675507607982 2417.787831276843
7740.8340570688215 3900.164278496371
8014.5134929946535 7113.79279189619
3887.0377599319017 623.2399079745843
1614.397719802495 9887.69008813805
2589.117719161128 1525.9351723539748
4284.57008310386 8255.245752557454
8028.924984682118 3245.159956391772
3474.5942298398536 1399.2398413536766
7037.817149703058 9504.761982139498
9319.588275193515 5094.399185107811
921.3234917420576 5723.731358035461
2380.6507673329693 1818.6529670414275
8824.881256410936 578.4556385114614
3928.7077619066035 9080.79374200515
7831.377891489277 7827.435291135869
5686.149153467154 2754.4082994010023
4756.624969558214 3122.885679611771
9622.260596664066 3780.192698035546
4696.777697514562 4762.168427069387
7392.601333188958 5983.542571067167
1782.110923558019 4373.009642826908
3319.1177392862915 9951.57169149908
8304.445319937588 3379.9760202250286
4426.922936580081 2923.475492380293
9410.913510006076 3765.702078033775
5985.309746657692 7470.423241125877
1894.6434162569303 7118.866597242356
1244.7153496752394 2375.9322781091996
7263.330231189722 4251.944576966722
9617.982635198432 7574.934946727584
1229.5552969898304 8775.266604145785
8423.41473241134 1269.522026717399
4042.1012970080737 1929.9370585022923
9488.756088636417 1411.6088125043414
8665.40851188742 2710.6802616872674
3409.371823066236 5627.5354609114665
6714.700084629055 6850.694759236237
1060.541685082379 3356.8799304602194
5267.200305869799 594.1149990790218
4082.9243196356747 1487.5258734864583
1195.2592036244514 347.6939258641487
3491.8851131514893 91.29816305104899
3505.0868003221944 7281.836449829605
8305.526795093814 7999.23403049229
8315.19053907777 6742.127156967413
4142.89742720913 8902.837842545987
5571.501666948192 5936.0155405333635
5112.9964352130255 7427.420205183746
1371.565580027998 9775.331912256433
996.8334255255828 1195.8941343377294
4858.0627970599635 3983.8287506001357
5718.941269521909 9286.16744753929
4042.316268389161 6619.953658413503
2411.3831699927478 9682.531007176918
631.3335530653685 4018.575787408776
4992.430599687539 8331.214717957206
9957.320813063669 4821.408138162738
6113.737934937307 232.54236329207646
8446.4976265725 6244.375680365553
6573.970645116383 8636.88689564064
7714.433735813829 21.203114122350097
1853.4923568524941 1858.8903027951353
1338.0120782147753 1566.0051658219998
7293.850548983749 8484.180513797508
7629.527052301147 4813.682658456388
4627.447276332561 815.0800636771615
9326.299744285523 6925.4402918274145
9056.916027539133 3286.5700714984882
9009.600737270679 1587.7581396772978
7890.372138305655 7281.037325427839
7279.545361767753 6986.665934234484
8857.838711623768 6280.096382022219
9238.028855749419 4705.184879797129
8665.795539668528 5614.048535170427
3669.6551812377334 8770.313035546142
90.93943182322039 9204.299050816153
8460.99973275344 9866.952283963197
8970.878394576244 1641.326740596102
5261.445983850005 8339.687587469864
818.6311865113349 7700.557597640203
6164.217213924949 1019.3430630148082
469.43942407739246 2970.767537397091
5274.122452318585 1139.7558624333003
7162.540714760654 8654.40041029521
8428.921464099858 7651.231213741961
1767.1924322369825 796.4532196399887
5054.10769451489 90.64268796426744
2481.3762760207437 9208.347907148502
7156.294791605074 7834.175643881348
263.2560602349798 4175.473391563124
1798.2892223584067 8037.211367008305
5499.597354789897 9671.848425306349
5049.3129569428565 4856.875455846097
2972.0027076458646 252.61916066391166
7366.741980870992 3656.28524183652
3050.9557548268062 5054.873286151365
2641.1054420047 7805.546830962593
3229.3051517187955 6409.517605938135
5723.991400623078 2423.0710854608205
5600.965663772808 2451.730076635301
6158.887448152091 8941.786708646969
2697.2465852882633 2814.765950817043
9047.879782076183 6738.352588353712
6212.3673098539175 4001.6588844117696
7512.524938638194 3229.482531742347
581.3531256754823 6351.6296759726665
5045.095781300386 1818.009132500804
6117.646336387423 7652.773132902523
196.79676030653127 7862.334817071358
4474.415185762645 9399.86735429846
512.4338073440116 6446.429238170231
2562.6712060822574 455.90774272508907
7396.414638500074 2143.5499597798425
9740.958175210604 9448.241749369909
8682.842430181938 195.3767811536178
7085.510984375341 1614.9364890927875
1082.8654526458226 569.2699560204884
6856.4222919853755 8014.285547627676
395.32436268885584 1209.8730328692652
4894.497676438271 5020.122399202024
3392.137406012191 4467.299805313555
8615.121036378156 9847.875826664076
1627.7532995457523 1162.6599971569685
8509.591816312051 3491.0625376772564
4072.3898032384564 42.69443425605757
1621.0332157952666 5895.189429651534
2431.666823764701 6478.803253277772
1331.1185375422851 9455.789608478195
290.63631927808143 3181.770149747508
8975.49546479949 5999.593124776446
4808.1002912112 7431.999853453873
9299.933345313151 9292.593434973187
7587.495587396488 3866.099259653909
3575.8580208004455 9816.036025851294
9563.522617442672 9214.15283722325
1313.0804236100657 1061.1254171355877
3269.0765311734926 5548.053986665215
3939.162062696191 6915.5065721245
4684.937461632049 1579.774260159723
1559.0076892983318 7849.34746294516
6025.061879399959 7339.461218994375
6964.907089810751 9556.113422328042
273.21214750539724 6166.781204959474
9436.399713014122 1462.8866303061304
8062.047528558282 9364.928039691264
4550.964934796211 4097.35591374356
7573.695357370864 3095.243766718282
5220.690707098368 3683.361521418128
8541.205736630434 4131.405017143479
3476.708217291827 9534.146645076677
2143.1900369872615 945.6517900804962
2142.3220532311702 4822.239803266488
9609.330185452227 9265.545037868922
467.41065157266837 4127.144457845408
3692.3375554605686 6718.258977554986
8040.802770201165 1796.7913315461935
8812.328883700724 9470.425036701155
6853.986642451198 3605.966708065945
7642.483357712756 4875.069582057134
2258.6420883332557 454.6970712498344
4180.225108401875 8053.18788393185
9742.129147286243 6921.838134366183
5936.079483158971 7066.029506721785
5939.2090292362855 9373.879259809319
772.7287062607835 875.1720080286973
9104.908842520208 8026.241116490949
7139.691878457495 6640.982927226905
6392.587635853393 4864.112186457847
9974.443689648742 8076.086535033761
2712.898862511183 4652.129175183493
8378.671379741403 4548.958569352814
8693.485955226277 9396.980002277382
5328.769307648854 1423.7998957896725
3315.8861374240946 7574.2673898200665
4142.5517473421705 5726.347576580637
175.2648112529276 8190.739518987775
1199.5619426046621 7641.297819453475
4990.23188431395 6325.259871148633
9500.240855477314 7575.53583385613
5984.146630518412 1176.6531443441163
3049.617173242002 562.3784409281407
8065.943842787281 9843.829232107259
7764.059851744659 4635.552160781877
6357.666707693772 73.35550013390812
625.0363000704328 7467.646326630197
4547.52362893871 3031.909609683505
5141.7013807843105 6046.296208939511
8791.431718436796 2795.813580728381
7834.538536779632 7452.3642800326
8442.650234326795 2697.114679017505
7415.162506514752 4907.907551110722
758.2443645168357 9925.44347663895
5612.78264179645 2177.7303193367393
7912.763714238355 8857.145267448099
6185.719925531328 1136.8395735813363
1143.660672730985 467.94866193370143
6556.758970200604 1857.1380181604459
8659.609868487994 9882.697190140836
4724.005862788303 1920.198541710113
1062.0390558511717 6625.4392191804545
2624.3166887401812 1828.9870800552521
461.8106295543001 2455.4330954333536
5964.250081484408 6369.913461603291
7217.146241559198 9809.395436149332
9683.886016557833 7567.601667187522
1275.5190986542464 9817.57931406596
7681.749005976275 3478.2962885127013
3471.379699149931 2621.0405868652297
5204.458967770143 8483.82357751412
5813.227148306993 4289.713065054888
2392.6252289712747 4976.557285234585
8787.672340511886 4025.680743307677
7874.8934504000445 3366.8396534323865
8014.782520331807 2533.2984046728025
2014.9390723764404 7197.835751679197
2208.139646706093 7447.579485086524
441.59890789253865 2818.8076105086434
9324.68058111647 4534.536941846298
9830.215994595623 8546.311152405748
8033.532537960869 4011.9245338270725
9553.6696243123 6533.841531910167
7189.694592140899 9786.094761173023
4784.449800018021 1673.9544907637348
6867.558597094992 5660.454850145336
8904.525593086959 5772.921887697095
690.9030265755645 6643.266883002368
5667.648796251493 1966.4850309410342
690.1331015417422 5367.304400383205
4459.126399842389 3886.2881208495382
2724.181142700727 3331.1434584971976
5210.9813530709325 6440.092738100424
2623.624932677905 4181.6306094435295
3055.817199629918 234.88216095925995
643.2155684834961 1579.3388056031354
6640.588530175745 9650.490867352668
4556.156507950229 7323.584824482013
8171.872164585995 5362.399640862492
9779.105755297445 6360.847111313844
7727.123729499582 5715.858550207204
8286.022431974383 4060.1933273365466
9141.795748922936 7769.515463509706
6750.615301952743 7711.586129676251
9870.081898265775 8055.238926835617
8351.289364860193 8587.705549898645
2617.4463277273976 5141.845337226288
1979.1357404228384 3107.191881360273
2255.9821873393216 943.9533433412339
7208.638153153694 1646.9751245811658
7559.042332947802 5383.202699596777
3322.4234747556534 1373.6273978705271
3629.4645794121216 9487.59410763196
5925.5119882484905 5098.4363100456485
7546.116560634441 5305.718385073662
5241.174178188869 1608.16620654463
6716.365360147791 7116.160569920621
6049.632904255668 4183.23673047769
6697.4764631335 7328.382233025984
412.49735161402623 3087.3160581071193
2837.830531212423 2199.8966256074036
819.9492625976357 4697.0909802304295
7989.239155036779 7035.570042521019
3204.3512505896965 4638.241730278489
6754.535093055688 7888.397610318298
6383.075119704845 4803.414765525889
5259.99693493158 6947.117976280719
6925.004087798094 4450.252781737388
4280.06349657253 1774.5441633135006
6179.286881795598 3712.3058486677583
2692.181232188692 4351.508341646841
9261.580004511836 3802.916356534175
7702.520607120161 4484.829017382915
4162.136578495946 1951.9303488682772
8058.685027663853 3553.727584397717
2821.756984563967 687.3593486319562
6553.431236735432 8797.637197169135
5015.747084774077 458.8798455789622
8523.80517554553 5389.359156651922
192.67408680081365 1797.320548213932
3762.9927451499 3391.0429763318716
2033.8500385565371 8214.060744154243
287.57115722950255 9356.475447463043
5431.114796981779 3866.5171539390053
9740.742565243776 7821.686236162537
5824.628877774233 650.677251918429
5862.516702564077 6216.888531614361
6399.027376878541 7828.886347290261
9420.70299286768 7836.2897134178165
9505.430798943595 3560.873820307634
5271.963417049666 1418.32563885123
4858.442827555825 1778.265940669257
9810.06636327213 2617.381940649338
8551.409688501846 9727.593707291297
9958.873818911998 2189.0885775192737
3739.8572305449306 1204.0766580258644
8080.483028579444 8064.783716013731
5962.160178217239 8008.224358622307
694.3383797785418 3656.7607051662244
3498.1367742121784 7479.566110868914
2741.0133958928695 2714.4275997059995
5910.410165805438 7096.582909359118
3274.7598588360825 1842.5259699877583
1970.0097703418417 8079.180679231843
2931.808452134388 5396.066113332121
1536.8300894277631 8689.812876737891
8296.794979344873 3882.6592198325716
4647.209258147992 4501.623944828307
3377.5802587233884 6231.434786602499
5055.0217523483125 7286.747804529613
3799.1186000324496 8328.752377152874
4779.326551927081 6375.168407512595
5039.923936461257 5074.432209667337
830.7528095352857 6344.3080870828835
2060.0706537599367 878.2390293768183
5220.439255059878 2721.778163704315
4007.55672155339 3994.8794356794406
4599.494720594551 3018.4929171692133
4340.250931478136 3386.777935269697
6433.576108231365 3856.6097994328543
3663.531664325974 2907.4197743184236
4486.330504338189 6216.529488012149
9859.119823197863 6514.061051498487
7567.0824180946165 9899.450145236546
7668.494308283845 9947.123481530207
1992.2916639979537 5186.74057405326
7794.674489834347 8854.605760402701
16.945528520829754 4374.655835892055
3799.0405916190307 693.3598018260823
3611.1897988225714 8372.695675574318
3595.254777854079 7905.0959346106365
5389.146241329916 3876.1560789237515
1180.2388698924592 2843.4963235410937
6241.0018985397455 4758.2070752461095
3392.547680031677 719.8315940098088
2276.0963191960573 7274.0812651885935
5951.3809330151635 5437.991307145637
2053.876401043714 2429.7320429155434
2804.8499441573426 4605.853951379021
8761.225667942666 439.58113516626486
2904.023201617921 4238.440064597136
988.8174451673359 1582.7451444046515
8919.652343090282 709.3034415224764
65.78149158953828 4964.391483465603
3131.3788781163453 7360.136802994759
1531.1140263704892 1698.643157231866
6744.607368667027 5844.576859661152
3251.902048791111 1851.7173620080107
228.12618636806502 7760.717257354945
2942.5737968837575 5118.744835395643
3915.9427452729624 417.8450037179282
3396.0266334764256 3654.9897527421126
79.69444380450442 1686.4412160907627
4606.625163401139 1741.9467595321103
9953.385431312383 2796.4919543626875
8146.70507888192 1041.0628507864883
1780.0895981610142 4677.680636541875
652.3512236568607 2072.6001222900027
8850.654555577703 2976.041336261619
80.87101549084875 2254.4098974302265
9717.322686321393 9235.1734227136
521.5145011142608 8345.169461717158
6290.590266433146 896.1292787866049
8772.636445123457 6458.884629382319
9365.502027836694 748.6062528918847
8642.639669886299 5952.236031833472
5273.977611365726 7257.087258960559
6988.675065441284 4433.6079973331825
1822.6556653724012 789.0898820539238
8876.21375065632 9902.407493736824
6451.129519092482 7188.700430853265
7924.255706905885 2599.542526353543
4633.341064847769 9367.087401014833
1895.0659778296108 3534.699373131691
1945.290907503172 9622.697397140415
2893.985791368927 8853.319410117818
8935.10896005042 257.3605908636245
6163.991810573395 9215.946614865708
3956.927468086757 7720.541571894542
1391.330272153255 1184.8769116811054
5467.881707251287 5992.493290006971
5682.682617423532 3247.8113509161376
1937.959436487352 8208.08001581476
7930.967976458687 2555.476876430485
4485.3089367836465 1626.5584769959485
156.0234954588202 9709.947224068264
4625.004868413427 9968.61683822594
2588.0461160863124 8012.658302468743
7107.164368884239 8870.488358983263
5755.820828226967 465.8831799780283
5720.6944441795085 4745.97188993165
4648.397495018302 2518.691868324798
8151.843526022143 4700.71036919003
7138.024353103115 1058.1907206454011
4512.1192663660895 5309.085806281178
1283.781850399226 469.0995041495638
2988.0277736353332 1042.6146962231596
3879.504075666287 4719.493583183096
5215.475834545382 8929.737116423968
5666.214886880433 377.7974673676754
3444.574943041255 4630.410362663708
6998.445982210766 9225.888083738075
1335.9688419947624 6524.931807559577
1435.4453232863839 705.4302126934808
317.701893935517 8644.937636435629
3722.4265154487503 3819.3292906543197
3832.0366488977797 315.5275583835315
2933.6447781631914 5307.45418803398
2514.5160664953814 230.9964000785081
1168.2337133290089 5925.552384321424
4372.958810355893 5352.6559362636735
3121.371930755378 9478.534897379384
5371.966074367924 495.7531205330989
2097.490580185344 9894.087571547143
7478.911035251445 2763.5057409228534
3588.87421934913 69.81971496525463
3190.266972949256 6089.789844359339
8412.14851563375 2486.9320259397687
7832.529114953401 5068.029075528992
3576.7872469293984 5655.651207417222
3519.867199496597 3972.3573394550094
553.9109152862576 2342.4422140274837
1551.043249098656 6418.131167300016
7420.297316757492 5226.278158249985
3241.0167682873334 3462.3949886309
3471.6497768113654 3141.0077689205527
2708.0469151436437 3110.9103614020883
2330.8292794732465 6383.133298262556
8975.001854721708 2176.879630616393
2320.878182123839 2699.070941795789
8893.961187378409 2227.507298591844
929.3189303465565 6513.234712684053
6866.105575100661 4958.0648362642705
3559.3409676931497 2718.051675422043
2104.259173638516 8749.126347619807
5445.136832148105 2919.276575850681
9273.360319492918 7391.177062359599
9602.78563418949 6414.745384744201
3744.5102088082626 4001.7934437463186
2994.722876769893 381.97117615725085
8411.150922882194 8014.125476935693
7704.977521090136 3759.7489438902867
5041.309143902805 781.4119887768089
3853.996598420255 7131.203933256152
9477.734106514401 5820.792569054301
6226.0191367967445 6550.485019357173
6648.150742351719 3010.677313183281
7138.602328006545 2702.5644878341905
8310.73503925767 2159.4662857607073
3953.038936485066 8045.381217315007
3735.3144477657875 279.41619859621625
806.0559151637092 3655.8163855041225
1108.6839922034785 8627.97477420062
637.3098107666575 4385.770981036182
5352.818417222435 119.91024760021007
5393.851884024516 5631.867615577377
6257.655351932003 5067.090357568207
9411.861161773795 7532.0741219992615
9355.509350950319 3368.768183507278
3407.5960355561406 2724.8046007606363
802.0724872106133 4253.760023076036
4253.647288438757 1940.825038260795
6679.346639919466 466.90653759335896
8773.223480145918 7645.552867118245
6598.738424868668 2395.7288270988965
8154.332306794167 9709.105833093188
1257.947138700042 9049.206414175174
3267.368528871325 8653.724382639892
3693.1584373207347 7029.117891524762
163.75767982687805 1412.9500778015513
4368.450351694834 5675.402587263329
9339.943670422173 1734.218295528418
957.2138269291253 6420.5170634713995
1970.1511671017236 2366.2788275602506
4695.767285370523 7053.771948616526
1242.9947326622814 8995.132899878843
6527.252488137231 7075.158755279276
7181.142896158619 6526.931579444066
7904.275064272757 8609.18150974053
8879.893255594785 6763.55563436925
3081.6536699194107 8452.73251539859
8969.648185463211 2776.3538560004563
2006.022873130141 747.0609659999783
1288.926543701574 9355.789463175244
5496.9373623563015 6492.403494319838
4248.6827464087155 799.5046250784832
7314.505138850236 5664.857715706676
9175.351267298402 6998.581923188043
921.4722281084031 48.59755991541314
5039.168776562093 6291.546654871229
2273.0728046248873 62.5429931369903
8405.970857358772 8877.91690038139
3805.850043905247 6839.1160028241975
194.79943429732583 7717.880258172405
8947.037194337703 1603.7254437200422
8880.299210686851 4791.932215657717
928.9889919790439 8007.141766682777
3148.018791398638 9354.086430530444
4468.535158822594 9478.939831773827
5692.375494746679 1384.526435780028
3959.0244533343844 2898.6988772365794
3841.1843812474035 7832.336930574341
7223.214248997153 1922.6695187109544
1997.2886202202167 1436.2158290515315
9588.05463467189 8157.129314814519
5506.972642925224 1920.8387228048252
9067.802658612065 6035.667496364725
5496.478629293106 7188.805402890158
9779.799308328355 7736.149674752691
9462.088492888257 7762.872640805141
7367.623799227418 7764.138115130075
2955.8720031187304 1180.4351664773894
7169.238326499033 2933.0471663849557
3578.344912480732 4301.988252241167
3143.122112802251 2387.34064078563
9670.919701081413 567.5662261808045
3153.2873695407247 4043.5822870749394
2595.172963378857 6119.920520552218
4114.457078781778 8365.17894035981
3292.5945627802844 3410.4661432962303
8711.57870720842 7740.1564553085755
937.6231273440483 3413.786146882927
3933.2349267950526 9897.339101459416
3928.4141286398276 7898.758981372747
496.40629526930604 6774.808735572086
1203.9253114166704 1339.1270498027031
1390.431957109487 6045.537124755306
4932.55020393445 7993.601633334844
7230.897100388217 1108.6059740047892
3986.6637210634126 3445.358791857365
5889.5811406233315 6770.43841953779
1299.0886144298463 1463.046416741115
3954.4744577334477 2068.984144558136
7191.635358019805 6430.191335993612
7974.2768691180245 8734.815339855653
5072.4992118297905 8787.158009398903
4154.6721504473735 3636.608875434841
5518.449611939723 5939.579270348716
6199.065429732209 6224.499946297298
9689.381141853091 3909.4406158549878
2324.3655369714133 7463.314371149844
3266.935094890158 5639.769107963495
4132.7797251637685 5038.698305433704
7665.547083913806 311.14321346427334
1983.478489875602 722.6819199586121
6133.412454401805 4288.001917498028
3783.3854410326962 9701.227013754577
8542.502012992092 8385.002568352695
6704.230013490703 8394.826217197027
160.90087873567472 8028.437326886273
4233.395915312432 6844.236693495475
6507.389207871328 2584.9873251221165
4178.986829079539 4086.9451063429583
8507.314720396289 7639.858571619351
6774.923134779886 115.98053948407738
9600.45704467211 9328.605468316686
5869.7752895268295 5991.199999768249
9195.717877045881 2961.722319913662
333.42248592083234 4464.196464199442
4924.114605992983 9128.337341911283
7278.527331440267 7081.487274857013
9510.6957086114 9225.117342296162
3469.198759746691 146.65920653893383
6767.635381535579 8928.758089463478
6377.110622892488 1150.6639586512547
5204.907137849749 2515.1901699275113
1745.7315595000211 9320.469535876362
7061.574184797574 3125.911030637402
236.21515600507627 8789.790902426124
5179.880363947581 4091.6053109683116
1753.8860460828143 561.6408657136495
75.95738127501583 4245.492782002842
2392.1535206557974 9910.952661536518
4805.114761915222 5793.599137884611
5581.068585795242 9166.546161678714
5776.310733193564 6756.417225753473
5990.637944296082 1915.221975803092
3539.549640636258 1256.191066190181
2014.3918196086086 3586.7871718053966
8751.586520832112 9996.315185439793
246.59930628120108 5107.326203134253
5019.464891023961 164.1152353410802
3266.911624286607 849.0510245164551
2128.051786766749 8685.536390820029
259.10651783436657 9458.58069592577
276.8738246170332 5270.032661495497
8515.99638675932 6311.510783321671
8383.202566848178 2006.2157318252027
2720.4527426459026 9319.652805928079
7252.473010548433 4403.590276604074
8042.894116802069 5608.341336645579
1473.7640915954064 4722.963305690053
2558.46811582742 5184.715323141011
2267.2084426443075 2197.885705956578
4262.557446894558 9133.903859035583
7191.839661150442 6321.745398146614
8051.122530495717 4108.555046082792
1616.5242601970865 8759.90218699339
8432.789883644024 1918.1680614966
1163.2725733193738 6643.5138910753885
4452.481502467599 2878.198492742706
3951.352832629115 5011.475536245715
4331.776265374277 4244.930906126857
6402.282988280697 8989.152057074778
8669.077117718412 540.6157556984825
6609.912059061877 6927.357194683941
2693.059523665645 864.3975010280747
4836.439564632101 4172.293115756614
25.755359451948845 9388.066224341337
1564.3699596058657 3396.9313095303464
2687.026032895454 9151.682627147246
9716.032444222357 1496.5806298155615
4660.065321207413 6002.648593300044
9146.440397729391 4936.156066797481
9237.961869081462 9062.798985552286
8321.90734593372 5133.92629611635
3584.2485481130393 6461.618209454721
215.9711281084953 2976.282091707797
7465.743677688198 239.69292647874508
6885.824738158254 6880.335029410476
6953.896471403659 2305.031121893655
9936.588828880092 1955.9211859939096
8041.224907076724 4115.891289958254
2137.404222662561 8765.852223374093
9582.332762701491 6367.283177116064
8822.460748078614 8943.016505601527
9744.382075833199 1374.3187037555792
6391.7208562991145 1495.203012072902
5239.7864125091 74.09957502641396
9220.238740765366 8013.287224276992
8014.281011092944 7608.853960313986
5591.611382590298 7195.679534132871
9776.418543395645 6306.543898575467
7890.244805090177 9111.703480427288
779.9278006011679 2541.180720616414
2218.755087986628 7448.843564030987
5608.262727355127 4433.605236343282
7850.963670277218 3623.554594450613
5361.065066179308 644.5009431447712
7487.593140783898 82.60446159258362
2605.1436804628993 6614.9263759490905
5150.902215326771 1381.6776043020773
2727.97852485558 3525.669340582908
9736.14539055367 700.2361533249668
2919.635072884584 6975.236679472296
8731.880898895772 6336.403220533987
7909.373327741577 6917.315250788783
8427.790199705396 7422.89332019129
9796.12214692759 7752.051352170763
4047.8172026664106 614.7846839533122
7837.38491939611 7631.510299187212
5678.0684457029665 9822.193411180831
2899.0260813932146 9018.199896116808
3603.0658961364925 9195.671768036418
418.786217438124 8326.54801559129
9720.574359827528 5519.423539692553
5199.258551634379 1080.7471736706163
74.37605063508657 9927.191162412744
1121.4533964582595 438.39475117934956
7225.995756619693 427.93552932679614
8957.965584245349 1157.8656255804997
180.52998302619193 6113.197640225842
5865.153342589606 8128.3781331413575
3888.366245387167 1115.2922639213525
846.6232698297882 8435.227507553609
9963.724727456183 1395.2558300731775
1505.7134981653064 8598.670838099675
5192.592052416722 261.7276398512758
8742.54867960449 4103.4744234878
4646.759203951028 9156.719006989855
7701.640515584807 6627.136741381979
1777.3153747243043 8691.482604876395
5238.88981588379 5478.32862336569
8730.089991898994 1175.463456578958
6452.245087055152 3673.0984898499273
6307.177415522822 9953.579209026908
5408.153248336241 5804.908931937085
4492.816865568112 2751.8419210272637
8096.339890869766 4405.591543704643
1268.5430967472232 5928.595971374861
8858.33646980823 3847.812125406307
9561.662564316004 4038.421908172161
5060.570628594319 6005.665448606125
9602.750822333828 4438.007009722514
8620.722953053833 9868.525080942187
6712.0075821123355 9798.065890353442
7146.44239995634 8094.295669894106
2590.947871983206 2332.645331329011
1908.4077617295004 7091.727249628577
1565.0431824328036 2316.9208878493296
4645.107722801705 3637.467867834585
1904.5766617487104 36.85846865337017
284.61028138247354 262.0473620628161
6345.105136778423 4698.876028252323
8068.972260932741 3679.998318208556
5235.572227662546 6024.910227218502
9279.841551262582 5392.838015039331
361.25057331518826 4268.053862950693
5789.186727859465 1259.6513885917093
7420.333710049895 2206.200380358776
9996.984774343053 7308.5269076252125
377.14080641691237 8305.89514965831
3368.084382039953 2353.1177001357996
1471.5338455274396 3695.8567485080607
7743.355815827698 4082.1120258494
6533.292161077252 6849.401615559924
875.6274407407604 4205.41544982239
6431.826636633642 8947.267847006311
5228.80100093145 9969.360363876247
1985.756843409877 9777.09871969455
6978.924584808204 3894.2765113429055
1463.5177276277234 8723.116724063475
368.8998417754463 941.2715949263605
6925.298031871175 7909.279427371225
1093.881912905934 2481.080907162809
8088.259370038244 4881.476349749212
1232.3306747359263 9416.373357867093
141.1198248141232 349.0937719546139
7388.051678178016 2599.900748383157
4990.831451760218 2453.5330636058407
3171.466614570677 7294.406816020756
3793.2161445019065 2791.0454403321082
6923.73736609681 9836.218650567684
2301.0723359267704 989.496877131072
5675.257645993947 8892.965503328416
9557.398562637676 4023.457996731551
6730.422352181316 746.8795614803237
4768.022696987817 3649.264319164122
8983.469015738381 7888.653043457348
6807.070500300292 351.4729497767255
7095.581517909139 2872.8419774767335
5740.3411083328 5014.392992950748
3001.333012373588 4864.317616089327
5995.80292446504 167.1435440484037
862.9386676651884 4596.288751093487
6367.059858802162 1097.953756438238
3553.677367879955 4563.929277518542
2904.7824957720713 3393.184320369742
1027.2330738579783 5193.660858875262
6932.7374427445975 7528.820067104931
3517.5960854265954 4456.6613625575355
1919.186619169284 3026.9418907057498
5414.557769529233 7936.1767906753
9741.074338319637 4386.959732323029
8872.719892381787 8711.738424095465
8997.554042412416 8511.147195413017
9737.331052942513 1589.3987688010836
5461.053361579987 8666.288383041883
2208.154879719589 4185.612756870999
7498.211041984519 3158.0119320146205
2812.964345017187 8163.411811001775
7349.665772109331 7841.650284319521
8725.145856298745 7523.032632356328
2526.8134222615004 353.2336700673366
235.2894287154339 7265.172300815216
265.288068534516 516.4870670883171
2274.531414555637 4973.5660049482
1969.0726376303692 5766.46973359286
5287.80560354536 9904.594090927758
3885.7701281471977 2627.757834014186
1468.0510358835174 9025.138569531493
4872.7227616140035 5294.842652006627
8387.812541002719 7105.932304837644
2045.2967232274211 184.67189438745925
8402.567134420422 8456.15224029121
342.7929619245618 966.0421038933275
8850.488107515675 1176.027125528124
2604.0885072280385 2017.7986984919348
5036.265273244434 907.7461345881055
2614.2500286089908 9527.582652789824
5261.974929058289 9980.9697480978
4765.000554604762 8515.114512756683
4755.8934400419885 9577.758904710596
466.06943022687864 948.7813797607037
3250.538465770042 7082.755094734348
3251.082386782339 4821.5527158171135
9174.104286800068 8137.960536288493
1640.8017549040499 6562.019256781328
1944.8602962413274 3087.4811592991646
1258.163304988721 9478.614649086669
2695.962785209941 476.1117856289354
5433.6917446034795 9069.844032720126
2908.5249839596204 6056.659654414853
6596.525695849027 1980.6082744946807
9893.680743641704 4364.415127929116
9115.419089136907 9144.48406387041
7839.76757833752 1333.1986478869774
7935.725436605376 5224.075223776249
3228.642500022417 655.920976561647
6352.516921660007 5846.329594224777
3825.542581509017 3633.6211907997626
566.6252696040508 1326.9676060109925
1159.7815228435538 2110.448500532962
8289.53546854098 587.9462235766264
7438.975398344868 6758.081741704227
3594.7037746889655 1794.1394046274972
9177.372905182809 8451.5880040603
457.009999095066 6870.184742739797
1469.261049681143 8769.742377581688
2978.699029114532 5505.714352110933
8801.304389692425 6756.342630745707
1169.2982183948563 516.9463370238714
573.0713897292517 2995.072011611427
7328.653234401393 504.8899727300582
2082.885172492025 8778.975536728736
9576.346472166342 7635.168603854817
4636.533596004756 7696.632322059004
5877.419560416516 8061.7460145146015
1649.2592217374236 9310.623946080814
4033.4514716024773 26.59354634687805
1136.8427373652034 9769.90966350628
539.6908550843516 9989.612117921826
8829.48332737889 2176.240644887458
3953.0756405055035 277.8799339773641
292.57021991880185 315.7571862802866
6472.6194421318105 2690.566444196181
4901.3310299448995 2970.4284251006598
802.7819730259633 1255.6236508618335
9291.730692876748 2440.0124702722815
8052.081471291853 3906.617801180824
2997.8891268699426 133.72870515988234
6413.348367054764 7232.847156182615
4386.671821814262 4131.847820952562
9678.658247118121 653.1424680443055
713.0047004527951 8470.92618767949
9261.127098018833 6373.521602762368
2144.8458606286235 1572.4192043246298
3327.3873302831257 9311.132503512134
5944.648248376717 1712.9321968113586
1888.7069394451185 6801.682663829813
3644.528398234751 725.3756624900576
7255.353527832464 1354.821300142658
1015.2539156160223 3223.8114613069256
5127.946351758293 981.7054766144739
7904.5470110827255 7560.7921318296
2781.1787502494535 691.2460749634397
2608.099800957291 6454.509993998439
7289.436065240782 5636.296847091169
3337.078417509447 9764.086536896431
8550.47273066981 1088.3126864785186
7558.791050593197 9244.8532295662
8982.454337719868 6928.772434191012
8512.582601955899 5281.485348625739
4201.309321047833 4667.923734961438
7040.907743441749 8575.369761631588
6729.478800845929 3136.176089224232
6025.930791428657 5553.59959754366
7843.788795991774 4940.731536248324
4184.880504166328 4870.509319501988
1039.316014858208 9539.808547290937
5752.793591568761 3788.673369911417
4267.750953575682 359.0817688233017
2669.1554760202985 7454.813380345518
7102.91212416151 2759.7240620354046
6285.350262525897 1127.0678950747038
3292.697879223451 6864.704690544726
6322.713750159937 5263.602512267459
8775.905957127641 4259.760168863286
5836.380599123623 6048.543326460021
173.99362066398248 407.7239716354797
2278.0026367185355 9409.74413397849
9011.988036950821 5249.66296777341
6400.805089379381 4873.9013989938
2479.3991185125474 2913.538028629048
2713.3475250698957 6708.059347602879
2411.1284115927756 7710.867671999749
7463.731910138578 3712.5496497756894
350.0067347507996 7674.141894237857
2723.9032831960053 5758.93692615921
8046.734161943541 8772.500315388092
8044.07621036906 4707.5523964386175
9559.637715549557 2640.4489036781374
4360.205226407817 9692.711249616668
3235.8009118440123 8164.161929324909
8362.813891659755 1929.729830579273
9286.762683875846 2592.176879656538
9373.389408675775 2176.3711534723784
1416.1194226136763 972.0562392656018
4924.929897545985 4772.364534732918
9013.01006295025 3661.8587671050027
5706.13757295326 5784.158942444423
9794.600180119243 425.0245013595721
5304.126573966486 9198.085497455479
1462.3236435831589 6189.544262514276
5268.413757034737 4333.624819592492
4930.780111765663 7937.053074073475
1419.352634015264 9689.482452981734
994.831439741124 4384.749334214513
3037.051244093072 3288.697399071082
6919.570243625929 132.8080320843572
2592.21732071787 7255.022929702499
9369.490100109972 3772.2217430752935
18.25722696684684 4831.332945124022
5337.310595759517 5082.769793418819
2174.348289338448 1341.825355470293
3289.5654553839513 9898.080875583817
5112.093800836289 6703.30631520522
2615.1929885809886 2474.5208005112186
4033.7614537316267 6006.858145284766
645.012947506931 4272.8978381051975
3417.9978104812867 6419.706920386635
3004.114258532545 4946.75572438416
7689.298561530807 3198.12251520995
4865.818595100705 6028.273602743012
1020.4062878929609 4955.699775211978
7795.022418567185 312.57282055973224
3382.202307308827 8497.383509150763
9300.366550986448 263.4848043885052
8793.54277936906 6508.117408848708
9958.818634225276 6898.609423899633
873.884673996741 7176.011825218204
6032.89263943565 6558.750732545676
264.43554469561815 3433.441294086523
3869.8786683983035 6726.586096941315
8258.955256958681 915.4974265378269
6054.086129260458 3631.693129177378
1073.222107981262 7963.739385598804
8277.252418731652 3763.818768143776
9582.572041036854 8044.1999819224875
198.90516535006398 8613.544347816442
69.80913108983967 4802.1192435790235
3187.6085535214584 6969.265088243698
2551.173710866622 2641.8958546652593
2765.665507059852 1921.6691521934658
4585.946038045486 1199.2596833841462
3823.9845836909126 361.66352157165795
125.65901951379965 363.6858653096708
2230.4673255076755 1204.9641287813217
4921.774730339061 3612.5857172092037
7324.404682835298 4836.33117701173
2286.077138611469 1334.826750402791
5971.019633678172 338.6939565377378
5585.923581770659 2549.646375663833
344.4276045778927 8957.180609087723
6756.885052811099 2968.046147245771
8413.92851699983 1945.3285827518453
3328.198888542999 9697.258759664654
8227.68931890599 8450.519284179378
9981.843446811685 8054.907230397027
4519.508067743416 4417.946136211477
4503.94516699002 3937.9823063567833
8908.500109025996 6627.192761915652
2137.604391066852 5982.783053460093
3018.180265412331 6922.757952499074
6809.131125440018 5355.48445881004
7210.560377877786 459.63670235872223
2475.061752893003 7429.003071126823
6312.5214398747585 8357.326428591703
2925.2262205925294 8830.359264511519
7705.856023434395 9540.397631438751
3777.519948758471 5383.735992827319
6459.024018099783 8741.030218927846
6112.929318774044 1327.9644882426278
6797.799196549145 7648.68526557304
7224.748313692214 7853.170176358553
9143.629924648676 4014.3450314248885
293.8138509111321 9479.836007647464
7192.672394749834 9151.521617841865
1451.981099434586 94.55355217467543
65.10202710349411 7723.4998255222035
9658.947628824797 6560.244853563204
423.44222728276645 4966.0448437772175
2092.9258324145826 6734.6586825535505
640.2955845196501 5567.070933786678
5343.556256538807 459.4581221109728
5590.002667451364 5309.53476277028
595.8438429721568 6623.229954433499
2445.3896080794925 1281.0786030213671
9206.786590572263 6755.266363903042
4979.913009965061 8963.71987579902
3601.763983276487 5772.981266849614
2307.145530957386 4839.144527606382
7255.635234101453 3484.3403909983704
9733.690125825815 1279.9287176623964
6673.892674806556 6237.7026273739375
2458.2498928236682 6444.278968832071
7752.1063420708915 6714.979138386867
1218.7194129040502 5651.649164218654
8667.283165490036 1280.0408147392172
2670.8086595153845 2288.8522331574613
1542.6582832147205 8522.812191186613
6275.846195399757 5681.056968192304
5527.825572744942 9680.513341614384
3782.052043969567 559.320518764328
4649.002616504528 1471.0185398286458
7002.7107037418555 7766.076771518217
4809.620965049059 4539.323333403083
4526.314692232139 8662.263213019876
5659.318131734432 6196.6245038612815
8237.88890966218 6334.537687351287
4699.801579822266 4422.531204272105
6087.351665260109 5148.297403387432
2958.9439333000923 1204.4438022588765
8409.89974029401 6451.986178169458
3839.8603557409438 7204.152459914624
1285.0551548359701 2310.4300371594113
9339.609772028367 6470.22055019866
1915.1456398972311 1029.71899365084
732.5506106708867 9455.73817880731
7810.632438817767 7933.410586825524
4026.2724469916457 4954.539873824042
3688.8443953569094 2359.5974791423714
4023.420905983065 6735.005489809466
7424.3080023869825 7170.649648339492
4660.6134274255255 8629.067593510308
9133.017182400552 202.207135987843
7446.045257886388 2625.076907543262
5529.61264019769 8025.260145115329
4280.267187236138 8116.680612413055
5065.594846500158 1154.9253091546918
5720.012469943138 6875.893384711607
8038.323136641375 6411.789470742895
832.8378609073783 7547.052366541703
9854.705065724405 6526.456338573185
190.73661004634258 5499.362252472712
4940.111837358005 9275.201850957004
9263.769168440174 8729.255047644254
3402.2017389547664 8444.401743493198
5500.151437449309 8169.803045382732
2490.972316910942 6743.673520902713
8717.128272872093 1242.9390063378976
140.50140739929273 6422.422168568991
1077.3508776323715 781.253797635878
8434.481275320162 6791.765139131678
9888.369188561692 7549.656634707123
706.786488195944 9113.559480541056
3738.23887213773 3513.200583595939
7169.959813633308 8390.532320738706
68.13424311752136 4725.888230077454
458.64005353338786 8476.276116754465
183.24943455871988 7256.291771761532
4281.596679920646 1621.1353583120858
5916.159285662002 6919.334531483284
5495.174243761115 6079.778658772482
682.2022514711579 3749.599541641604
2342.596412356067 5728.515793135161
6504.342559920384 5130.040210566283
9347.712354051058 3775.1842969467907
7735.351753766684 7280.994230502824
2408.413704171437 8591.695466388943
1668.0442014237285 3417.906526417701
6004.090929913459 3459.096041616011
5999.6983499369735 8302.18891856478
8113.136842640679 3587.2669793918753
3204.6711364155035 3138.159884792667
7430.642730693065 3156.147060427409
2269.6187781933154 1810.0198941104252
1783.0847506305524 2322.6330552717154
8958.618737593279 9306.336075831718
6255.920712366495 9147.076644692177
6800.8803201626715 5845.526293046356
4481.6768320899755 4215.560229332785
2331.6249828505975 5694.344174002831
6780.2299237371335 6368.902282088532
9767.102166038227 7962.38866842171
4399.6402245207055 6396.608458332842
2257.6037782847193 7759.170842974702
9975.026498772924 1813.7475819081983
9137.72532116432 16.29120005056106
504.6165655276402 9910.99961724127
1181.0168424198275 5005.7916368377055
636.2474354337621 8152.8904556546995
8766.55307733499 4126.7690133801425
864.2304177999538 696.4859521521715
1077.8486522430107 6885.844452447859
7355.633994518354 7312.594502938688
7979.926195500897 5163.103157081411
7556.683024243262 6313.782873534377
58.247349775484295 8833.6361201528
8474.109503150788 6228.282864578121
6453.594301623229 7605.8258260913535
2582.9310789224214 1906.1270839861543
4589.892309980261 7541.038852296967
9681.277004139938 9503.621590667863
667.3451836776944 7135.399795193891
1694.5173892848431 1364.5244991824422
4881.151045211336 7072.840607725096
1425.096716268024 6201.071263985843
726.4559502388523 9799.630701061038
5551.110805643907 2175.246497490787
3463.0903938365086 9924.112275663078
6795.8062880499 490.47176583200235
8839.029154258198 4111.379788625672
121.82341097945692 4926.143650809572
9509.401613500882 9621.155215654662
3048.1470137690358 8382.221383358756
3238.272254530782 3928.134940143727
744.3616764827232 948.3306292273675
3933.3023150063996 3967.587363067302
2425.9592178491453 5271.612388774358
3838.7895534340732 2465.006336218423
6756.079203373615 4069.814188771761
2800.481339279549 537.1373228042331
453.2064745946163 1520.8877912508178
8415.94163067259 292.7059827546896
6110.990960167371 4957.61845638718
9097.142137327855 8514.701605998102
2355.4946260734678 5805.579976307402
597.3425291990842 2672.0754414596404
1896.811047983078 9024.9762176604
5392.214108418525 3487.2337617709504
776.1448926469471 8451.692282716895
3455.5488934819346 4076.7244996301065
5166.077851878773 1380.1448172757669
2432.790958152735 4286.022570492636
450.88726243696533 9490.290862722382
4991.01273189986 255.34325419795945
995.4294303694788 4793.411279899557
1211.857857570957 3481.9263369889673
8005.2321876367305 8656.063330757584
4294.350438811673 685.2465459781209
7187.089350328406 9158.847273132229
8547.373095979492 5635.123057834819
7538.58699747322 7056.411918987493
9676.999822587997 6768.7201481299435
7526.628576142504 3427.379190780241
8711.76265587237 9900.938956329379
5159.17766343006 2737.6398055307336
2559.3209789023217 3623.7244410272106
4011.062353723879 3487.7330095107304
6150.893924179433 6093.3203001893735
8133.83882476656 4874.79527894239
3405.206571586424 5820.523263913893
4961.347772754065 1971.8180795536166
6831.589277894711 5807.507493784555
6816.733529505346 3811.735757579927
8492.26414037587 9915.79509115122
8433.344151512341 8461.111514171214
8256.740468403706 2703.47717951516
21.06716354627003 6677.973868739391
8806.63040991518 9135.795192008702
2841.295147636721 1070.606518996029
687.0910245688322 8551.712755765935
6997.857395608055 808.8684257483781
4851.484317167712 8060.125847298829
9207.899731057803 2886.8865494742404
4608.743501072259 4142.866289321624
1685.820959870874 9695.722135373913
3658.316868954671 7657.681270151338
1955.0333811457265 9236.887817951696
1985.4584195463942 6662.875284416549
7396.441264689688 8692.348948237546
6790.0222370883275 3526.326315883541
7649.177927131108 4263.913007215382
1334.8043366944796 7635.095572669656
2598.281598059253 204.6756413106321
624.874982852217 2687.8736166058125
3615.6302600311096 7787.4578924633415
9167.225067367637 8031.012966513767
964.5996480561847 589.9342121885697
2710.4508892534072 6789.921280256815
835.5427472060861 5923.414995114693
2827.0820811905496 9651.097548073645
1348.3347399556799 3492.016454245338
476.5577084099426 2066.1139270623894
8039.868483504363 1441.2144058108101
2274.7381752079123 4377.360926421619
5848.522241649615 6839.543194547771
1096.2371022946681 8906.386744421086
6414.2645826496555 2334.467166618004
848.743793905109 5399.18040967117
6632.203037290736 3233.2199361599146
3783.900880448864 6388.7610701573385
6829.021054893222 9581.669785160851
7547.188448290747 7013.9536285869
4675.888555759924 5949.0342924433735
8319.662589369469 9624.246938314309
4008.077042752928 7573.5375803765055
5867.278679900332 2104.142119247433
6090.642324841316 5283.862708153033
6088.928525758839 266.4205758867677
4551.186074902671 3183.5243150320002
6742.206586030618 8892.271350247405
4194.844572672546 2470.0458037417793
2426.3097498814222 3037.2362334737436
8223.293376633039 1958.0942500730148
5614.371916685853 1075.4460745041029
7998.6986866865 885.4952928194448
1552.9180536292254 3620.636240431985
4425.186971452433 2403.305640568011
6184.017810737746 7940.945883451709
264.54299687382 6785.898291184722
7896.108279104318 5775.521424224804
8259.487325883096 1844.2732239265058
5872.3444483790545 3564.460514240966
807.031238436705 4285.575336358537
80.72927176798639 8019.6445179486145
3106.0337702483944 9834.066261463826
538.1629970526169 6692.531650372366
3197.2440430761562 1813.5611397872797
6380.94564044738 2735.9880251794943
9120.735800267024 7588.609609485277
8487.15196726737 5410.75905274715
5534.793547384525 9771.46506119665
2921.6949179292396 3053.191475802077
9571.94622565185 4424.147286688513
6312.778877023789 3199.3379850816104
8451.981753951946 1619.6787626425735
8418.83879265866 5351.587828329566
9428.423301953515 4673.831320191283
1607.948670708057 5477.485547151605
6014.080768628838 3118.489298338658
1747.075165940871 7746.412536766831
3112.9406744916987 1060.0019680000373
86.443206787703 8238.324146411453
7679.789365571112 6950.662341091829
1124.669630658164 7399.749731391203
835.610556980656 2998.7147241517996
7153.212440604161 2875.7791999134784
1985.9372072599601 2452.0581972681475
6204.073051394145 2012.7738906022885
5420.979793255719 813.0841531525145
6462.581393077571 3805.056838380787
5120.490053535784 2676.8418093475875
6857.482426367159 3349.8531668489486
4042.9642992132385 9332.002567647445
503.4336061250544 7978.26384526014
47.92736134388021 3523.8506645884727
4946.413573710148 3146.0765435808967
1781.6825019461303 6850.796964930149
750.4355481368585 7896.730163683686
4351.048067923128 2150.6815853429252
7864.3428970046625 4249.763610158246
6416.249771414606 7930.386781079746
7420.3636388870445 2221.599407916066
7453.269626141715 4402.0606920730625
5141.4841649030595 2351.524719601911
6367.599006488413 1011.5056548155732
1372.59589853153 584.2480847446851
385.48390782080276 3479.057738126713
1900.7612105310623 6151.430390624013
6205.386166950523 4320.549238318332
3192.8305606224126 1698.0957576400046
3761.5307969192404 4575.707244677231
5454.038983731888 6315.853471990243
6633.046732862457 6043.611576554546
6999.095963471378 6373.369764870094
2126.3513747866637 2709.599646542954
3827.6769165821324 6075.547624519104
8365.064043549544 7245.270527731519
9009.112346157568 9536.387692971744
5340.885915200656 3473.0052498199007
7506.464576549026 8816.521689962292
1810.509909670871 8508.690185343445
3408.068298890786 7854.916671908254
167.77657973854443 8931.091455328433
8185.005728387626 515.2773018671996
6976.925677695386 3773.596080570073
555.8758467867209 2071.1758970658343
7721.938317565971 3393.7995505803788
815.6087674908019 7369.966103916199
508.5995953947664 7348.690454936349
5072.964309061794 5644.043009040647
4950.060616907632 6287.938469529267
7741.750167331212 1479.0351974423543
9273.307987122247 2575.0683738834114
3843.677583256608 3802.026489537509
803.1027927184542 1856.062344350835
6206.171511411332 9918.918450214907
2411.5792912376655 3117.196979270389
6476.335965071097 9608.567759070325
265.84374418707426 7908.693644358999
3022.671462448543 5072.338637409751
6262.547052837637 358.02051410249726
3259.025886821587 6141.234911267835
1907.5517723163205 8356.451201218048
2700.658529123515 6558.784081828464
9080.45010458722 2874.754535091989
8150.179504666799 6386.370055841217
7117.832634497734 6748.649758433651
7811.523971462166 7618.717388206345
4955.846401341042 6471.931126783602
6843.006996072338 4950.753322604245
1691.7235869932078 544.9311638472886
2885.897948464605 1303.0852285852611
8855.600454983753 5748.255925147818
2442.8431251316506 8191.846765201196
2928.0898786072416 8346.490639367039
5630.853687975174 4319.686401062699
7195.707184393312 673.8439052742174
3796.4727998581825 1868.1784602184125
7905.392862073218 4813.459215234829
1756.1183865644325 8887.96376613157
861.016671811129 4154.390941272118
4012.495167409923 7911.432350014721
1098.8856648965218 495.00732768498756
2198.357035027534 5453.78182777633
85.91988380772686 9058.848018504998
9211.79134389011 4421.803007359477
2003.3043195792488 6298.729698718735
4032.5897399149767 1615.7499756045024
3110.058283506061 5687.158757050364
47.15674029560968 5488.181093730877
5925.112902672505 4825.875528273978
8859.80389382278 5114.659488172691
3023.121192047228 3154.621836599348
1031.1603245419076 9934.729210903968
3608.3682729010625 3298.9849370788993
4959.827650816763 1237.5900669552175
9712.792708373625 669.4430795070272
5211.295431920709 595.4126510822632
7858.264075393484 5308.496361020974
1998.5221109102436 7488.254373643495
6329.909735634322 7180.0382606671
4231.481409181065 8218.046011801101
7826.419080721803 1104.8856118024764
9578.359191510484 875.138947927503
2184.89553099088 368.6489422303274
6318.981971188713 6599.419510304433
4121.970494359378 8662.898846022515
3421.4448994331724 5669.005433593288
6489.528166460048 8467.834562508728
7235.799480848734 8053.066634175391
412.535740639085 244.44500033404813
5474.051628639018 1981.3151839536558
9858.11137230959 876.4027045559242
1733.610360693968 811.2364413816941
9679.104921442364 1686.705240950147
6721.721059936888 8015.139609824021
2982.1043939288406 6051.34129530626
5551.302560457836 2462.6308799175567
5788.925591056153 4142.026400758258
4004.0027034178793 1340.1168823690102
4392.278110172875 7652.313692187603
494.1781283656199 6027.473643952793
3550.4454001895137 496.15900705479163
4617.886605126699 7043.021153827885
1722.4573968631018 2415.2780984104984
7633.884120142843 7771.468030944359
2914.369705732769 1191.4012852233313
4998.99607829863 3105.501555683102
3388.912587600642 5731.799192888497
6168.131838736766 8360.21143420812
5484.903052012267 6681.214882269404
2269.6006943019843 5860.561086087801
99.46441141785778 3410.607381022066
7979.270246452827 1455.6240099118777
4005.231396606164 6242.8712368435135
9942.515021085279 879.3281012623677
8106.360714570218 597.9722857022151
430.77361700787355 6355.958184411973
7981.311229759504 5374.692775043451
1569.9416306355217 7139.691938286184
8616.992251720296 1333.4543039222967
2440.706214463946 3780.9491485977233
1108.0267072949569 6504.451956446898
8626.323490717803 4828.360673906929
276.50771646125503 4717.590939081933
1371.2293564567058 6403.6696524047165
8661.777295272957 235.49093405505707
1414.2680621986647 9627.90219048652
4136.388665414861 6168.0874713185785
773.2073156887476 8230.65051275993
5523.5583128963535 6857.120307744117
4282.605311497053 8840.33631396663
3023.0526269842385 4741.069793537776
1524.981961956049 9431.83186175324
7996.5978404887765 345.86621691043985
8945.640692866584 7198.8345011071
9720.538119956467 9993.962046437642
1404.3720771371636 5721.904536641541
5082.610814419863 9584.122240249515
2192.668811825826 2719.0940213163262
881.3447159126009 4366.555448366344
632.9646377102116 3894.606265950974
7380.735191416935 4022.772591639716
6776.80696179519 5441.946761111416
6079.479709971841 9556.825663395859
3431.7574990001276 7611.5345119751055
4273.209290502678 3514.345836785767
6772.2128296467845 4418.766392777539
3919.7828201939246 7868.064283886924
8127.217869994809 47.03756919652524
2561.8572066551915 4543.265247063888
1188.7487659755259 791.2353018629836
9617.586515136723 2003.887209852323
846.8174285429386 2490.748386632873
2219.4399888196504 7579.754344671301
2133.1546061178474 7317.034642550307
962.7755667834837 9287.680807527597
343.10854027790214 509.322192094156
7419.939401862143 2783.9645750859254
6305.7921082785515 7193.02003312716
2082.3091652837866 8783.04795890411
3985.402356574819 1768.940374695598
3511.833678728465 3786.8831393982705
1122.0221752282944 7527.444546963672
6915.266585019431 2291.8204725689884
7458.111839274739 2120.143119223172
3098.42917667197 1774.5859108646466
9247.27993758901 5312.79292683027
6814.480558003185 2706.194081648198
3204.82324419788 9046.554962329636
6889.311143609412 4602.398907167505
7834.90715153621 6250.7868153176605
9188.819865662263 5691.554957888873
5157.155758418686 4079.0630074433598
7486.973112626307 8165.527803808187
1255.8063183832335 9281.128430965748
6600.183591380915 3176.554042182963
9787.476325097441 8277.01278793167
6772.69207949843 9752.720822763064
8608.9802257073 2165.538385043878
8229.269960464324 9626.998344085736
6024.527041161262 7377.9824839764415
55.706522559435534 5609.525748427032
9802.014239430888 5978.6572292575665
8124.181688357545 4580.115436125394
9071.031491076927 5717.699663139806
2649.765537368279 7437.704989365049
6490.5712305001925 8857.367099876328
7145.931881368752 7415.757687754139
5662.341052792868 521.6604305138783
7041.105623965769 5057.368469320174
6665.955198975467 1860.1011859126393
8024.910548085416 2841.1073076143157
805.182696215403 670.0174681122884
1311.9231756565507 4958.391171725243
4179.809679378911 2287.6985044337416
5442.376287273293 8065.444790162268
8535.573408115839 6537.29558279878
1983.4013677741846 6967.673854567956
6995.011982003894 2317.371487118889
5551.034477045554 5141.542952910626
1734.9609011883992 8.498932730640618
6942.355248534705 3758.811301164886
451.82749138605647 3301.3448297192226
1848.765264493235 4450.2505759419555
8543.654474556899 6273.172947454793
6615.557530232412 430.73072151351477
4338.382915971669 8581.730053794847
6819.563351116598 7804.825818297747
5410.609334234602 1498.9825039310988
4055.8085103542653 3881.8614660281723
5054.5260629450795 173.19788317076367
1255.7514576382555 2151.5834974014824
9318.625037085521 2986.3695971381276
7103.809715140192 4206.400976008958
6658.12991466355 7165.011617887547
5675.532667287324 7343.4185667881
4224.02188833228 905.8521420417387
8289.907749903714 2839.2361209927362
7082.905525923241 6193.9826395129485
749.9392843045006 3962.7678666418674
9249.856924734228 3219.526326017864
639.7674270995901 4676.085666899191
8316.787851498177 6839.910560038035
6153.246908530209 9670.573003955618
8671.743536998354 7888.337948305963
48.03864479609565 3895.4244407313254
1829.9537332637028 7295.073991101464
9750.909500180587 5057.806660330763
6235.33420287835 8966.678981602612
7384.078396218613 5708.751731993711
3041.536975910165 8159.327814748744
1539.0842101792368 2476.124364667186
8844.532992227529 5685.88023129556
5993.792755551215 8765.768743418867
1114.1019012266672 4712.3770302894345
9249.804357852718 3824.206338442402
7159.49679392035 6128.154166779324
2761.656420866789 5441.023235322471
2864.938298303881 514.78253691848
5035.864041445515 5766.347502021391
3143.488722158575 9592.556490672689
3396.9778631220447 9728.587740799736
2083.239979199645 7689.268256112375
5149.4780531746555 3359.864198504193
7097.647941989038 4254.526406337822
5108.469673744715 4971.333444891355
8042.230080933727 1733.8847299489446
7028.777678553271 5567.874307942352
9222.736167799394 9220.56841257436
2331.1865718138315 6151.3593249030155
9495.29480181486 1218.5997169485263
706.207020278774 8634.017296774544
3246.923659008527 2579.6383426029524
3669.894314144919 3968.1414017217107
2945.1881914257715 5216.870698067918
3952.880649932361 5795.6751221434315
2158.679213548903 9552.795209612928
722.9312987286918 430.96684021344146
6475.371842937693 3823.7670577300496
3072.9646200822926 4312.255544055056
8583.82348158468 7342.6832896221395
1950.6272224221832 8192.208286308198
2932.548903330415 9612.201993421375
3762.147525996331 3285.1028628621402
4845.812111719635 5784.405482382952
7252.338571684185 8348.009660861922
8749.458857892592 378.8375228973584
8944.256869527464 8245.595921399101
248.30574245869875 5399.350220414116
1416.1649347248417 3932.938723395547
7196.992728095759 6031.224952208082
3000.0906181279365 987.998165732692
5619.09610789201 6953.53512756083
7105.408968599334 8835.17337896985
7354.691488432289 4967.742608962371
4302.521670247302 5623.6199763851255
7654.443705743358 9122.030814749824
545.8418489471484 4358.782778243299
2588.6924822113588 7801.894917676033
471.93938312248827 4332.857989487799
8102.896222246087 3361.0248105921146
5577.836514366202 8159.664447024573
4826.182395072216 8782.53275897747
3266.0905680813526 8791.672737309533
5327.644726610281 7589.09057912222
4237.43269379169 2781.702444174616
3415.4232798423513 7761.561201172972
2518.3829917806024 5749.066868925866
8286.483029748206 2779.222143867075
4530.392974130892 3519.7071136176937
9860.411607110167 8060.693428357918
1038.7122238776835 7732.126547072034
5468.43265894564 9063.199941085704
8563.316951261859 7835.698970624691
2219.234376448177 8088.815537965843
4890.876136156171 2355.1901445912904
3826.0945963151325 449.8450686116673
6695.872498129759 1055.1013859474544
5455.181741115668 7061.524831737712
5960.638862179758 6209.703930794791
5242.791350305937 9758.730607877325
5878.206499183087 5569.402000264212
6529.684129984572 7674.402324195643
6228.506212814399 1811.329839720165
573.5622217401715 7870.908005115821
2837.6013119466415 3271.8461169045545
5526.1314568723465 1081.5842532717922
5661.27562329239 8580.865830168863
3799.0719808886743 3898.2123464424535
5278.434313084493 3452.724762028836
6593.638005183042 2031.1926466244013
8136.423446721827 1335.5432589571558
1331.4987227825802 5372.710696793225
6759.50775832534 880.8216288059544
4999.817209057098 4509.190100820726
2313.3914031164927 2267.2614047318384
4011.4613407914712 57.85294157967469
3412.807133167325 1297.5771989218188
9081.62746023944 743.2187524130585
6865.834179285781 4884.324234337768
1835.0488838912404 3482.8899715900543
3167.75529824052 4050.5374617121124
8383.35174625612 8917.988374570143
1988.8933414209664 893.2397726057062
3950.0151433789874 8802.121108687536
645.019637668659 4092.645151722647
1770.7732176845293 7453.772907737931
1595.5554578980768 3497.1459009489013
8960.201852045155 8080.532558097472
3383.93899276772 8073.940701473479
1810.6094156016318 6199.582518660372
3116.1626488717575 3087.424659270415
3077.2506378105536 6607.391094514401
7567.631538230617 1752.2301596778423
4204.269119640414 7392.568186554178
4315.132789628119 3805.0673119476887
6158.667785390778 4339.352607152401
3909.8437521188944 8449.287793232701
3564.9913439893035 1735.2259852740603
9038.954231509668 1948.3523269021796
8171.304406687212 1074.6511265798354
6867.607820792562 779.1521878539143
9327.43081429381 7441.961115000462
6309.520090489964 9703.40128523539
1119.3143598336196 4459.92907604918
2843.764426349321 375.0790208186483
8078.7539976493035 2606.5749034785204
9676.857653985347 174.17047459652557
3975.6512509988197 2431.2717624597512
5543.419524303027 2841.7155046698995
1100.3041326855034 3742.2374380435076
6245.323394905218 2188.4459404779723
656.1687215195566 4191.007967251113
9148.389898404233 7659.054385433586
8408.901343588357 5845.5068877931335
7287.320708150133 5856.400717179291
3575.3857269931477 6321.84002489403
2473.7093040823556 5264.735548941079
3086.83874375148 1835.960635833521
4858.604823588921 2358.2779148165755
7822.9792972704245 3139.8656218057754
9770.248273778745 6041.253044301839
2189.6374091531743 1722.9989084302222
1329.237002613083 3937.7635250185026
3500.0670055192363 2888.0535857695345
6337.518278063129 8434.631033264857
3020.6223937499176 4351.38237020661
1244.2510566893538 2577.608374854982
6254.342305851264 3871.7355261557286
9610.715923505899 5931.134744658043
6061.382592476504 7077.069960156436
7428.093773468076 8334.065103296472
8553.124744165003 7137.678500751406
8886.075273495513 5118.574056685581
8347.17789074245 1224.9150848516256
5746.902810408871 806.701005360212
6733.388425215069 4798.29647167621
9348.587176723164 9558.76466868529
3576.3529042419664 3679.785326025029
5442.683417963871 9720.147477340814
1367.8290269271654 5602.569078952324
8566.149144669751 6697.708582945369
7742.824249739981 7462.6684727749525
4453.448073820609 3094.3536883097877
986.0347566256278 1855.2240785966035
6114.208760636728 7540.058634665118
1580.700129110879 6643.324000600925
1633.3785275997081 3979.900219392478
1689.8219127218783 4285.750856215208
9494.963044068709 1314.4254378977637
3610.097304647294 3441.0473523716646
287.07739224750117 9234.94171161728
7701.797093769489 3968.8047157301885
2015.1751880874813 9856.093199193512
73.215961549149 7865.106366952149
9931.966769861947 6320.335679455923
386.2114122999349 2897.565107387441
786.6722115724378 8933.704480414493
549.7362690115792 2746.4120696901186
5702.900824674588 6589.523476111645
5781.164955548619 7311.6114434831525
5513.586657340586 6246.477009678441
540.59840242066 9511.988460401137
7313.050908513975 6049.725410551457
3181.2284151072045 380.87646220853696
1230.4023759882643 8318.516719722136
4809.229912581341 2553.801948430645
1985.1288848746128 7071.009371322558
9809.540649152466 3347.242948718334
654.8702836625453 1016.7851207524226
7769.279894806549 2543.514250868224
8267.009566596844 7019.800694096176
9118.446491584471 6725.343103270611
4319.85286672578 919.2898809415962
9707.926898529897 1544.7203720680125
145.81485854367472 2293.3919574266424
2757.7385636133313 5664.124949933059
9148.16354509864 7260.054560966639
133.81846564904265 5274.234064940172
3374.5219358902677 8732.014855733521
8749.562261226702 6070.749024511001
8634.460486809001 6677.435854208431
2038.7082696866576 363.98395678926335
8425.159614034044 1885.0405080926191
909.0492386991978 598.3741472568793
298.2592718985011 5492.344949562658
3361.85150069085 6975.082963681847
6982.65308007273 3107.8667010591976
7049.741020267518 6099.399616835764
8572.126754928899 6742.941741007607
4446.221860258819 9615.63216446243
1393.3803222944418 9966.056263440863
6012.86455835954 6645.723301658894
3789.115532351094 1702.358873409564
2775.611780181054 1513.823323021962
8982.504227423244 1923.2893180743715
6059.522935123108 8717.57842020565
433.50769697244607 8106.0218900194395
8781.680048653723 397.90115543223425
5654.139733256537 4789.691000820616
9664.86488828796 7662.511839207209
318.9239330239613 9815.126419949032
9010.006594911398 6034.548859998099
5688.422763152562 9907.09850941914
2253.2919622639156 7026.067649887779
8857.865367464305 5142.833828203174
5434.219733814864 2377.258975416351
7149.538765382445 6547.828103840958
4913.770616293278 4855.7356473870195
5086.745944655731 3569.751556468388
2207.2574838913374 9676.251520471289
4818.777360287631 8503.505995286829
3634.3078670431814 3579.730485216256
8610.483261589541 3075.2554794149846
3638.8241625424466 4401.5036411241235
5066.672482879077 8340.525608114913
94.65489172937436 2562.1615024011803
9130.706003325176 2811.2217713119235
9688.105734562505 7330.450855781145
9578.293704255175 5298.692991176599
1556.300819941663 4936.156387460414
6721.642414047696 8344.726278263608
7760.808023408852 2651.924348115202
7345.747150899312 5309.6229373502165
9888.81897959415 2816.5030727151684
3517.751594192228 9196.27881636215
2099.576865524212 3437.886409882186
6841.953418867568 4111.448854350135
2271.627750664679 7493.368329213617
9977.161388487877 900.1492734771765
4556.865285728359 1334.5246833109682
2789.7603803867955 6936.408871095156
8610.229856768534 3708.660063468415
1384.9732397593984 6313.353605528976
3039.3101267402867 824.2714033277954
4440.456119205244 747.8695090801701
3205.991130643734 9616.59275486647
2760.498592902946 3399.8571265076816
6412.678367970793 910.3067245716845
4775.744288058516 7503.352308761399
718.5214660058703 6530.019235153271
2832.4878944264865 9216.562065497208
7156.449366442765 9575.110172793438
2547.2427287504397 9420.120493568269
8959.721748564645 5054.09249568186
246.41610141893034 2327.6390996466357
5557.090796287499 8864.621615274807
1567.570404926497 9719.895904429628
3558.5573179916964 6708.81796711388
7667.885074786301 8373.765142481976
1729.0965313311046 949.5770564591344
4167.081923417459 4829.260828735735
2035.622275172506 2642.0612238615236
1946.2075901828769 6022.832386413211
4252.84223556253 8015.577896715164
8230.316705887608 6512.312646943776
7326.555708072609 3534.5707383939616
1002.2346080743249 3028.6891651960377
6718.328023584386 1333.458885919565
9726.21947896202 4912.131210660534
3293.373778021884 7298.581457260881
604.4873326110944 4624.474133430334
5963.8653714484135 7361.516315506285
5146.199517096314 5977.623075613885
7262.778516229711 3671.5583024161347
6697.658010429085 8977.110661848234
8298.773542157422 1231.1589239534403
764.0891061593958 9252.303024887366
7130.506303759315 7306.644550130237
1447.5419676313306 6929.517357538437
2499.1466550432738 467.54447496619053
8132.064117138509 4501.577527370144
3070.780535558566 3461.377841859191
3666.461483306447 5757.103470504764
865.7559927504988 4296.763961785669
7726.5872324429 8155.090939325673
6389.928238025885 2886.232893399743
6783.246009494347 9165.108001432003
2133.1474084363967 6391.13572633014
5158.44111005793 3040.698423479085
563.223725098243 5014.558201552674
21.831496623331283 8253.346429179717
2518.9968622952842 1404.1734582552301
6860.9083772415015 7386.626915067256
1994.0231601591984 1055.4652930836173
952.538193428476 674.9264805801969
3702.7896869648225 8146.78879801749
4670.164174392667 1568.387289687745
534.2515441320505 1091.2350584881615
80.09377819471197 7715.496339520655
9022.880873975007 4756.291838475848
1211.9447718010324 3576.9988388731067
2305.304581445753 1780.8038131700755
632.4609668171377 1519.5888785541833
1681.0035454196814 3709.752409783613
508.54970976237036 6685.092262964824
9858.428061825725 3770.8899777549323
9214.533399783902 7190.62091417701
1243.2853617027572 7033.282834402376
720.2476157857718 5287.448338405659
7213.6365390449755 416.325137735013
5490.762753370285 6991.114123754654
7226.836378754519 4558.809134809777
8435.139796616486 7392.539735623353
9816.236999325709 1911.1519387897479
1560.7784184577456 6369.696550728684
1060.9710112966097 579.8860908202975
6421.55123725914 4741.634858258016
1950.0143086378384 1432.051311378839
4192.062617760744 4041.4503675112046
212.12575290594282 6758.125438770982
9257.00720254481 4032.027827144876
6646.146441264555 2395.6605123768504
5573.74550862476 848.1659402858666
761.5358309967635 1631.7964092874004
3747.8588894447585 5220.958620705338
5626.9091846077945 8431.34619097996
755.5774052312647 4625.066002477397
7224.733863081433 9578.160668818551
3553.623105702617 5386.781609199338
9323.232883679962 170.99314708978187
2436.148553331735 800.5612477071056
901.9310847259487 4581.106300579846
9930.092642959517 9123.949549230001
9505.175316097251 5457.372765887531
6264.41083463164 955.602266583484
548.3456311710677 6655.641176459375
3005.2876098561696 8948.372244529062
9564.370206282903 2072.6527653789317
2318.5693752549064 4069.186828465371
1653.5397096337767 1280.8098339858952
502.30342471089597 1689.7153747921411
9987.518375422183 4588.612166117328
926.4053644497417 7676.588699145471
3118.827685568357 4692.595476512494
3323.121933461528 9347.197879028441
9059.97917323225 9440.120065147348
3491.0906818915155 8666.866772074321
2621.8177394656627 388.36994411565075
9907.446493370788 5385.455108827518
1338.5283685248473 4823.447264277197
1486.5582474468142 5946.220778578273
4457.151278138232 4694.45304984621
3780.6238373985634 9947.026808559962
8932.341858258504 4520.96627998389
9286.492044515617 9693.75317425545
6142.498063204068 1748.3471835700682
1204.716614478746 9958.033189106878
3131.272340633684 7253.807518460789
8990.996334973166 4436.200710288447
2578.876530628956 747.2041821925212
8346.78547179633 2603.603591058867
6420.475257189516 5664.03049587303
7915.008538369113 5668.198639618984
9054.355401394967 814.092529172431
9878.448076075292 3149.616310113629
7420.45241605422 1527.8758756734512
1902.5177520971192 2244.639800124576
6880.201363289261 1333.6234467421093
3420.7731204091465 587.3174333741371
3791.57116592982 6301.657575573609
130.6512245241287 9271.68966209729
7948.536746990487 8108.500739989414
6748.5748509994755 7077.374204538476
642.1247762484317 8601.859598435442
9567.692322414376 8723.02367998399
7000.568921708787 8188.555414909536
7168.169811118866 9669.933374386486
4478.995245841962 2720.999745404571
9749.090441992246 7507.843341822342
2894.4510867258286 8723.82821594946
4982.655897739715 5277.24042708335
5239.9806937896565 4780.822108836001
1035.527224542897 5217.24046008165
2661.842219061128 7693.262967797698
5458.78116509236 2375.385742862709
1446.8508644653023 5624.380726850605
2017.1013885398982 6275.466469871825
4642.223543931071 6860.571855285563
6209.460309925677 5411.738579498429
6018.191633849812 2048.5784577415343
4227.693335449156 3722.671584363771
9484.037723605039 9808.837388797672
9406.002770960678 394.6333685057235
2781.103911776177 478.7212954005926
4833.573256808679 4355.677502424471
301.71118606303173 405.4109224592739
734.1173063502105 2641.8682399052072
6220.8153684808785 9686.652705524315
460.3153153437889 7453.34337740941
5777.6228833327805 9548.672099969092
9507.750201606985 164.57930291516652
9507.271646727471 1654.0285762988472
7822.079169025711 1813.0898597027324
2498.082061579131 548.2115540368148
6854.826665678762 8663.055439282998
8337.765860405463 2182.2975868407825
9317.322975455072 8325.143231627753
5312.37647017852 5989.997881532696
1388.9513010342391 6611.050803627563
634.6722213063172 5350.947065552393
4255.009667018915 7811.059753452431
7003.95590153132 1438.0938280115852
4281.133852677229 1405.1643323576125
4637.344159601636 8425.57787506973
8875.366983418231 6353.0973800130505
1062.8104771881053 3824.4814371201765
8145.60230593452 55.84278498575124
427.23853289442945 6317.3723447697475
829.2687889616878 2840.993402058785
3848.108348525219 4878.561173055572
6653.7649930808675 396.5728196070084
2425.3332184084543 7195.51454068395
6280.294212414848 5962.711223032674
4930.154984260486 2447.8854421362107
4290.385045245217 1287.8246613317467
2900.893201181417 3354.1280113718617
293.5322113063532 365.7204133271397
6900.736105341263 5061.691447147462
8166.027583062899 2792.308767622671
9030.654911518646 3935.292907304986
3675.1893650790703 4215.371688107651
8440.906215978242 7588.792235901008
6299.84663330237 9798.107974819844
8547.48638326459 8609.703514495228
1927.0681264586442 2876.9272999581453
6935.286654002352 8341.392591303842
9286.76955722806 5066.249584541526
1517.5884412945961 3816.5317507029695
4479.974900049391 5947.813484330848
9421.935034812373 476.3892949282611
4763.143221213081 179.27726654153764
8285.296948475936 5664.0556533019735
4870.120334652569 7366.65343739733
3166.8480004338294 3045.7190586174265
6584.905879345204 5367.385970112254
6124.552587099212 6092.617438560849
5022.5770842756365 825.6458996614979
9652.160563567122 9547.317306902345
3132.3444536857614 1688.6842654680945
9636.095001279473 1401.4732161562993
9305.854220577907 5212.8505816461975
8267.10403265124 4328.250285200983
1655.5027465467665 1540.1446994954104
2429.4499359965384 4741.097225044341
6521.652881168911 7310.943642368981
8490.78498825715 9691.580770848954
8074.300493963325 5975.803681577209
128.76716784931963 6672.501854940841
493.8650932197175 1479.0049784593373
1855.8491594823756 9058.533810740175
4147.427677139567 9808.777071814051
7241.573616362748 395.1374371246763
2420.878494158397 8543.900162103926
7482.0899139460325 4037.5211980050162
6424.074075550948 7973.650677669575
2929.505018857481 744.9337393670963
655.2486653924138 8627.820499305648
7469.067370724191 5751.5893978708355
3892.560788161159 9125.80832958912
3220.076310890104 8564.044093962537
6074.802471381426 5138.542034986318
936.7971792725871 3275.8529878936392
3739.931545768105 4954.263074613397
9698.555510884296 4543.858936541896
3709.234790555511 9648.966156854925
8003.574005101087 4536.475565990974
7136.568827303659 6184.54976269312
7219.0023685477545 9142.844841766082
3786.260167757156 9892.507020413803
7489.990776903682 7522.761458063491
9459.898191037108 8748.244341209145
5673.533967992164 7680.778739307317
7861.383190312341 5600.884051182104
4638.217916344539 2163.919359071392
1871.2406926063563 6095.672975281415
3358.881599889033 2210.9334707217877
8195.349936972909 9410.88511903798
7635.601891570358 5722.062803975175
3659.8771733558833 6128.369380331291
1979.2989329103016 4271.781911929535
1043.341396109151 2566.6619935200983
4231.64932730633 7053.007335808135
7268.387643666744 3727.8481783463444
5824.886171315599 5119.778578620009
7019.973810097964 7644.120471240258
2237.4562361233484 7586.428596737817
413.3278311240718 2357.252887829634
164.39119751051723 2544.783927642399
4204.165873710066 3023.967454799973
196.6471881234655 9376.941879936125
2215.3038085274434 712.4430061212339
6391.55052379261 5869.692581379166
2147.9384139938784 6339.977746891814
7016.884058137053 3077.66997581847
2752.510124350759 2899.0814017772805
3964.03365981274 3235.82778243544
7453.205212860827 6629.043509530677
1851.0105832889544 1187.8557526523837
7951.790786035117 3112.2852090955876
1674.0517083116856 7775.665019276266
4080.6208233871243 7409.568332531825
8016.891848486479 4426.087124659783
4231.288593227137 8295.404497211133
3289.694168188665 1774.4479497082123
4054.546052693543 5414.768339640301
7245.0127720181235 1580.69330630495
9808.743437944913 4754.4867649498765
5106.054831967497 422.2571041457257
6728.194354715008 2207.442648957544
3042.8980615771416 5688.878739293719
2089.500970964696 7204.993545520953
5445.211427269326 9258.096656227133
7273.021072320238 8402.776882668524
4465.416595311782 1896.1517283307383
3048.298733415642 1227.3317170898822
8644.119367816973 1907.558923156797
7556.418697587462 2725.741372162983
4080.0303885363055 4847.616034805492
7018.886906044773 2607.7582782264176
8569.483295004351 7215.632404878977
5071.780164202238 629.6448478276507
6416.053857419432 5962.684625122319
7805.548316447881 9541.225729123855
9198.668489189564 7376.2107147799115
8084.9923722079175 9702.411443584915
5686.984657871411 3444.777936886417
4530.582530826541 6172.727786158897
2305.715906250947 1159.872010819769
7661.4238217199545 1587.1354724613175
4074.9659249877122 377.5708515500853
8131.811443503787 8453.707727811503
4791.520459873024 8841.483970111018
9737.466395166195 2643.4844109645737
4366.448120310467 8759.349619144106
2924.1742454966748 5790.094836460879
697.2383167584362 7929.2032452926
2900.697921379195 8076.5076032905035
3228.1071085159983 9827.041955123035
139.4708990117888 4458.525795153206
5439.9833467734625 1296.4270534196598
42.722059329817206 6759.415386191532
3912.0845101212253 3521.4823745131816
2858.3171562845655 1267.3214957462576
2309.8769306012346 1818.2621849337288
4548.7535504384605 6476.889051254589
9679.611645683019 2445.4750148165394
4248.373751401341 8438.773062788476
3767.5116394393203 114.072734217614
4188.009773095724 1815.487313995513
1732.0805103801029 8166.217726493011
3522.9142191353358 3189.307326020201
2580.893659868022 4497.670721712789
8368.966888068284 9427.709035965565
7938.621678841283 213.6472237825937
6533.790616674199 7984.088451581099
340.92514897831603 4736.708599423554
6923.551715717203 7896.275559597158
1149.256080882438 626.2722784395103
412.8606336948404 9942.620972922467
3394.486997043231 3722.839672430931
1084.3224928038264 1925.1957547456732
8382.678238336097 9396.052141436749
4175.941252621873 371.9178605483786
8734.19085691961 3654.208482978578
9818.707042107313 3084.17572104417
4677.737084072172 8663.88665367235
9703.347303624747 7903.792538590935
4883.853988424084 5831.83070774858
7184.3593257385155 1832.9349784291426
7897.675455166545 6017.279328555256
11.080299707342256 1212.8402009770145
5318.767937538599 5671.428712708737
8869.69658238081 8051.9941446921885
3276.18983646191 9741.735173636247
4226.72954722959 9791.67038992989
4459.816759357676 7032.2834337362865
8583.678987918056 9806.491983608015
8994.375842320116 1377.456694830178
1184.1462233490886 3759.9529858134515
8780.51319692954 2464.6647785919718
7458.895008255737 2569.600622289766
6577.618256095627 3432.899775889241
6050.9566625532625 6183.839645568185
8066.009791502013 8477.404273187425
2132.016544463865 3632.0949586769193
2401.4899975421977 2606.7539942605276
6902.972489031963 3882.3238073221432
4363.151473680143 7427.171626179152
9665.681600123844 8924.6440892313
9095.723978583044 1369.9055642147607
659.5651036597494 5197.102863047963
8660.630708825796 131.01781724498386
9975.873860920114 1979.3826403915825
8135.316778732747 3258.950672129115
294.0623858552027 5702.501370018259
7838.306456293976 5803.7464575821
8928.854904702002 7257.32990836762
7407.829367199865 9732.818214374869
7733.233852487782 5332.023149761342
6924.75300772506 8421.67967876697
7771.7155263301765 2568.2126791682467
45.94715571979102 8944.064561792195
9359.924294767943 2898.0898786709354
4202.095717156813 1114.3733694763657
7060.609569631121 7809.260900042578
3314.361107373901 9276.405694196312
3532.9007196807447 6481.530964233763
9197.202146866952 2685.8540511800834
5750.726841501865 9749.533191815535
8840.030918845885 3000.0444860199773
2037.9713502999364 667.3874519293099
6098.2866102856 2866.930945705819
8612.076472609619 5086.3390636176355
7974.898036341553 7896.360796216462
9884.444417269191 4103.591702027574
7635.992836092292 5400.151576979114
7635.134394002072 6500.316980158171
8580.104083699167 7203.52355913834
360.98303709588663 3359.085208810084
6968.016385621372 558.9619849252292
5590.424431427935 8935.732386326963
2020.781941375981 734.5869415807815
4764.925772189245 1557.9374190271078
7606.329983068517 1202.6310276449426
2406.0904864795198 5832.558341046716
1660.4812388199186 2519.6371387794557
8719.128199712752 2766.0291887149856
3926.0733161164176 8968.506927902714
7527.525059526011 7536.901151527624
6644.288718883717 2823.5461376047
9490.393668572351 5606.859935390456
7295.171286036225 9703.162932335983
3923.117469507933 6616.331797201084
7259.708440540134 4890.901627445237
1223.5522223948403 2083.0456265187636
5363.741147295692 9733.998227767279
1900.1793514634003 7306.6894832919015
664.363247131028 9269.669759552162
7505.252217033461 80.06643775499644
4552.353186282884 7082.855825905336
3395.1171198501993 8816.914313509747
8269.57941167086 1065.1567315867949
3171.5259201350964 528.8277200825775
8278.205900717012 4223.2176748581705
9901.907264900734 4718.477731499206
8568.918047105797 7975.8314860785895
9773.19190767252 2703.598399260566
5958.278764733369 1482.5447437146233
9702.94111533584 3145.9682420698387
1700.714820519933 9462.569613578004
1613.156811574843 3631.885603826314
328.52510583581187 2691.317048705105
2566.300075575122 5035.397411061113
4533.691633695624 9902.883803948584
1769.6806489698836 92.81240177995254
3118.167657163151 7180.343527866407
2573.524170973698 126.78879576421554
7564.7020325368685 1081.701905158634
19.66299725938758 4180.558261761122
1618.1589387338524 4727.899638447753
2241.9352817520535 2957.609812866614
7417.671698082736 1870.2548782786898
7076.020429522748 5909.423977943799
1182.8695526560539 2558.2569960475075
3605.580059817255 3573.6131446490895
1232.800028450718 5444.638613771586
2053.209568743679 8837.088497569273
1204.0657264034471 5993.16658050221
4418.8523445202845 183.6455297327555
1735.0799176060716 6895.61003513619
2574.9646107335934 7182.612908338001
4596.240157719486 6857.859007953483
146.85969901874097 3484.991209658003
4271.204944046687 6581.181231474198
9438.307474042236 5415.760440190691
3332.3574207446773 6243.123468620284
4906.593957795467 4885.807952098725
9603.919212654384 7073.57480175585
247.8971170493305 3794.1919855303317
5069.077763412006 725.0295002543172
7022.9719716242535 3351.221357371824
8752.878690273155 4052.1006505810965
8934.775360963951 5825.098616340666
8400.519736141361 3643.8505891028585
7363.806366027411 8099.6382747717735
8671.083078061352 3993.5200259152916
573.5770255240391 6127.83768030442
6779.625556383839 5543.756823094836
1117.7678056505501 6875.844513849631
45.94013213840675 4011.455175950783
3412.2631317331143 9674.130154580707
3646.193001808059 374.83536555704467
6179.405360627716 2027.4434303352884
1014.0290006594399 1696.4109371141178
2528.441774676954 5882.384572746173
3800.632893801975 6559.001727345349
3805.284157682244 9111.205563711399
3078.619049914545 5307.96908906183
2026.3381774720824 3542.7100464367054
8562.517528704233 4521.367534737736
9705.302665205527 5255.886129655162
8019.01275924287 7170.7170948187595
5188.476219708878 5049.179897398191
4752.981726141783 4788.6224810618605
6233.254382994517 7008.0740623512675
7080.771169015004 5625.475563674749
4496.135112109505 915.9080489540861
40.039244184593144 3255.996829956156
8840.69531731466 9887.637978059922
6235.885469584842 3387.385533453016
5932.641946141567 8053.502896347939
9685.874815083833 2724.3646169287804
2458.177914149784 4379.327614042606
3801.958058341787 2662.419686248633
4483.565950976037 7782.458495288676
2235.1795431933874 2309.052203479938
5967.91812121785 5587.095294665606
9209.454194072878 9873.876880616885
247.87079068782302 2060.0462235348396
4183.5852249753125 8821.91210693441
5431.953494899248 6277.69977858011
4206.087650271501 5350.426871024756
7074.095427953319 8897.272193769411
6165.267046322602 6728.225791674362
9239.858054081096 5540.155623188595
287.403359247449 5827.263181934976
8135.618918567774 442.45798466600485
5698.770440617298 5780.000336808279
840.0752988370974 7787.588110616282
8642.617840971745 111.93093283011102
5359.0763102756155 9708.011533019955
4030.1316372631445 7927.216183960945
7218.931296150302 9328.059628112222
1404.78093005164 766.3882520983611
2119.985406079079 4416.948808583129
7112.347162570151 7608.59363693516
3791.391411266701 2230.926429511706
5494.322500495657 7156.866660478233
1119.6489578150604 8945.72752654056
3260.2610031664058 2023.4373285868778
8867.622661392823 7715.292341236821
2845.044348902801 7723.091520675359
1857.3922736830095 7839.959852261226
2519.928940645444 486.12297390316473
3359.4243017497615 3787.11796693779
3301.6207122184114 1818.4245810873567
4612.202221124046 6879.559467302397
5291.520646491676 4464.787934304679
3890.5880991561703 4351.550091606782
8977.671231475231 3972.493212022875
347.82664015865606 169.893900107595
244.82776317146127 2405.787751493673
9975.253808879092 9527.03349005134
1363.4667829241564 5927.866648717193
8455.398434949622 4235.496968836953
4066.434462613 5945.483826653708
8428.318404198715 9387.767083844268
4972.331615444212 4302.342423920205
6747.646711458798 2592.909334043573
8077.616398282666 6610.919560444725
671.9640528852977 5861.068514282279
3814.804823339407 4228.406657120415
618.7581113773077 6779.205361395957
9262.029981004776 4610.953631372514
1102.3673388420518 6.206467767037038
9489.622581755264 1821.4281794311305
783.9486985410038 2312.774366665887
5742.25394592469 3819.408249516877
7180.650625292905 4401.266534774456
2180.5845463517026 828.152023847617
1512.810665597859 562.9118354786511
9244.245066256462 9551.795922296913
4412.140218437313 2864.612397517442
8348.366216994107 1307.0521853956018
3770.497271877179 4.788317515940221
9588.773482987786 8237.190541378966
1877.9915573987837 2237.502092497683
1406.3401455586188 692.1077652695828
180.80469229185158 2836.356430545708
8748.89585539897 586.7988023192505
6483.246461918304 3454.426432963914
4169.468607177331 91.56441513808011
1225.2182860428495 5433.759427138384
4512.53321717903 2360.8018638660287
6585.381546032254 1627.7277728502916
4365.330391502028 1173.2437801039696
4591.9818904514095 3621.8025790075835
6289.210625408496 9335.023184007556
8167.414244796314 7373.064781602029
6996.342917701828 1487.962036933197
2089.2541469152084 6236.050608317304
8100.028839953317 5568.98983198744
9219.626232847191 4102.283274107075
9842.243745383677 8582.62387682447
1036.4145621332887 2953.1138365040456
6289.9219167898145 6576.9473111929865
493.96718009079854 8510.258243600307
891.8938027381618 5754.548782502299
9547.581299939302 4865.684715333936
2001.269835217947 1503.3904982723711
3295.201976069987 3982.266769230045
8993.463200349895 4798.5979605627745
7621.403481393635 8778.889273388448
947.9248853602485 904.6743841707239
7472.863995771411 9148.455828566228
1512.0648577014229 3598.659300395034
8451.189913968143 8704.512534995562
5528.716540061153 9238.266700900318
5278.075824791131 6311.968784559402
5283.895693222783 8915.056708951093
6869.439039130872 529.664307445129
6819.495549240807 3661.203064996892
9249.30083618235 6977.289585340866
9655.94904029374 7219.4438003902
4340.8276233219 8336.444169987863
6482.781161254236 3239.3103722618257
4791.088899550075 4205.3700109950405
2900.362733916637 8928.747321294879
2417.7269304354045 3349.172134962516
1134.072730850607 5168.758702213121
609.8756659083771 4022.1023584556783
5792.460197473323 3889.717384758422
9072.3038262933 8985.742696963602
4203.890288835695 7111.504859141732
2670.9023596495076 606.6986518260409
8641.554264196375 8465.654438895137
4819.272498487476 7989.669559958052
2834.6031723639344 7246.190117876169
9840.314701576715 2486.5388437804736
563.5684550648423 7076.86922350926
8043.357445825665 119.37987585027065
9851.111663492184 6136.053140483554
1876.5057336816283 9465.053193166812
2284.544777202462 3546.441095619668
1445.5309620663525 1371.322974724014
3344.44632285705 7015.425474887442
2934.763330286413 2509.1971866477525
6264.097011319554 102.83701254658384
4022.0876308229304 8213.454282905672
8907.340503870515 3596.364566660273
6249.287538760617 1323.086052145731
427.87207027138453 4390.953051484531
5490.618385770222 2805.6582914903092
2060.8460242079486 6996.993706627577
8156.636671787772 6834.345965330789
4298.083240151611 7343.141722843212
2576.9461314929677 7683.672687085351
911.0506837329302 5893.1073473146525
2124.668710001928 8319.750561537856
8811.177662476191 7261.7861367166915
9077.08585163841 883.074303663619
1574.9602295581255 6494.605920960605
5951.0353723473245 7396.700226881968
3611.699410184759 7964.986142407712
4108.292019276446 4979.893850157981
1414.6081512524468 1448.3219448917496
7795.298318707776 3607.1092791849856
8111.411335578702 1346.91563772238
5463.255267553989 6024.415825858394
7618.456130411168 9268.80087642703
9208.721787420931 8820.262908324865
5102.738905568125 7204.415944444631
7481.510315983166 844.7331859467932
1169.1459198959908 8398.597534531944
5825.811951787855 181.20622990623338
8215.596743655318 5681.38750144374
5352.1192711183585 3696.6117536203137
8736.66704158367 2499.6526679807084
8881.659756884686 3831.2278434039704
7006.662658648838 182.54156807465338
261.6913283862099 5736.233121574427
7536.002195517285 6077.31056174904
3219.1525288978396 4127.000770219166
5970.159805030012 1108.073816795363
2301.801727224949 3292.374839092559
688.311416537497 2038.540547763651
9950.11685523652 5584.944131374658
6259.209892320843 3260.825158445596
549.8734449887188 3414.592231671263
3124.7205220723686 5285.926068445693
4434.4534827899 7277.3644914818
1406.820696078316 2277.4887733846085
2237.582321104896 7673.963257130687
571.7739185876003 8948.981402459469
2741.329042262698 1906.944922571413
835.5695212653858 7935.428319403321
5420.849171445897 7692.9596275523345
6657.613808602909 2354.36171276033
2256.484675404237 4286.139447821919
7445.046243152688 4686.668599288585
2065.482341118278 8381.00597352289
5677.9510066769735 2336.52496173122
4599.727192628602 6448.037267993069
8066.115713856077 2270.62224334448
962.5314989157963 7352.290950578348
1060.888139667995 1990.4133651585055
1516.6606771726142 9115.260465568557
8071.066959460178 1757.1131682078144
2387.414706028942 1502.390201682089
2069.656639876203 3467.7107691681917
6908.727069015659 1753.4548955501994
3928.7050070253017 4871.261335838186
8916.88500118143 4220.266640253048
3782.332553206268 3918.244590448654
665.6114840396954 5935.939373517226
9993.455523142746 6951.790393583659
9317.893840920386 9212.209532199548
7887.591900403715 6178.089374433213
2464.0814722057803 9246.073838468865
8317.536389702307 6394.319217429518
4922.418158771359 9414.272700574353
4335.568601846536 8305.938004065496
6197.316044731207 9443.910930511529
2775.2672181008643 5931.203484185327
402.3109896881205 1969.778025172244
6382.87682153318 8569.303052744735
8198.79404657263 1123.690245298442
1288.5729392126432 3599.485836026163
3358.238921735475 2748.444337168302
4070.862752404887 4982.108130092057
4924.797480681857 9588.742163974643
2442.7450942752303 3748.5199435793647
9636.769823207927 6383.7040813220765
3676.1440478590466 995.2331297452233
8259.597497694549 9170.359998994527
5281.527767353787 938.8290426294587
3789.671499419256 304.772241688368
3172.5034862134703 1441.5785177351115
9107.382308302967 5717.20444883846
3570.583812416317 2083.7635800803246
6589.485546929645 3740.0272956566027
6243.196488588583 5337.205492599807
2434.9921242698256 5481.803050803334
8318.410476350824 4685.51742666018
4015.4374319745125 5168.270256881461
9882.737661357092 4640.120210527654
9429.520608851803 5130.706762248433
4843.760443486197 1517.069005641989
4623.746688332624 4194.418964223518
3127.2257601107513 568.2610673535204
4934.84831511878 104.86703002375752
3178.637477453499 4601.605677477777
4716.398037880207 6326.20717903543
6952.272022776314 1578.252834857049
831.1690085477197 1056.7930197705643
3095.924101559818 3840.998251160106
3222.4384466557767 1628.4436362556999
7877.594025545154 9606.489399901986
8521.571148627529 591.056164617374
7550.704756564266 8144.883291656927
705.8593550604253 731.3997920816362
317.33576241770754 3674.109127382772
6189.737586522251 5034.700140339283
824.3502961843841 9411.920466762112
9414.12946754735 4169.884021386796
5215.179156765217 2457.4227328723355
8992.827020127615 8464.121265835458
160.42137326385264 2214.7846143646298
3781.4397991169303 3529.568548962906
5003.306439111279 9925.35984660566
2853.59705981861 8714.980937765526
2181.4569494588054 4540.454036531602
3300.72092504734 5377.128283361861
7424.280015145965 645.4930371059542
5015.8338618334465 7601.713086542979
7875.708238088465 7437.362375506238
2178.5007621937016 1450.756868842339
3254.8970975066504 3860.204060477701
7027.150343259954 73.18774098568403
2442.882599373851 3920.9702881036555
2686.6576873851454 1087.620241783699
5471.086693913786 7934.55371137661
8313.212943680752 9531.096445536392
8787.957176169653 9989.323752064927
1625.1390348863815 4364.81144244978
9892.907640806083 9277.419222116896
1007.4651314251437 9037.617860638546
5952.127907000103 3100.1605107646
1809.7017901098357 6930.3698741917115
9848.712369336894 2337.4602133968747
9200.40292561833 638.9292156745153
6269.953779009721 5961.126944977864
2998.7415727372722 0.9252591994657333
9897.537551567872 9775.47557848136
8272.470557470027 7531.124403743057
7541.75964795984 5984.666207550352
9173.270079198239 1502.5303024551206
6148.786388227485 4414.716402141209
2474.6372789401894 6295.102376026449
9010.361734712667 3259.1438584844846
1584.1043209494032 6831.244920700791
3218.2610781672493 7070.7124533110755
1420.7150230678367 8926.986848541499
2431.17577257254 2387.7698246285527
9480.331926321474 210.0334403709647
359.61239155167357 6862.181450585084
8655.484406105792 6890.6422456235505
2024.7710953622923 6046.881803895373
2933.1108504887525 118.53784481963726
1810.2655574669845 3104.5766278546994
7962.686615078986 1918.8451793041727
9600.934738423663 615.1500557838185
4668.871114089288 4772.290039413907
8890.886631269826 387.8403835981892
5576.948447391671 789.6769104722923
3643.306532739733 6725.26966670551
325.9762444984393 6127.92390514442
3897.4519051222746 939.923936968532
8963.697375548996 3804.697059554938
3643.646805676705 89.6982202332175
9048.910177638638 3390.9522699927275
8324.980429215015 877.6356332885182
5331.135021205347 9195.462895020246
3474.8017663623164 452.00592934874
8834.051541159124 9502.66860013044
461.9971990140592 9446.38251596571
5538.327774250044 8184.955585026024
91.42677358792706 9015.397576417126
3541.096233991051 6582.737869638009
9894.783276236698 2850.363113570208
1563.4776512306114 7930.476175894544
6347.532340734125 7199.969518168893
984.1922347684862 8804.038869509606
8960.48077142112 6774.780007895609
8196.436673678347 2074.572906254332
9219.911212961755 2080.2657952828863
4016.849863800693 3676.318167800993
3688.1109674521863 4201.629163170644
2119.527339095766 1130.5650792211975
7226.514723929488 6354.692804055333
9024.687482278516 5215.222079506183
9266.57179827417 7620.63197453864
4040.730751537125 7429.222195732822
3328.8362457391686 3198.3587304161065
8740.07741802216 4973.266336479135
7578.673930728517 7236.870815768431
2043.305059047401 1853.1649870194976
2107.3655435275327 8850.897129271949
8792.753517063507 9409.306463225033
6840.279950113863 9276.69203265708
6815.898223582511 2085.545931738224
2499.1789264570984 8290.838092722832
9910.44354574835 4573.07160361541
5883.608952144375 993.4376836286851
1927.2154609961856 4599.577013339843
9886.723269577746 1848.0910839970165
183.5880661690803 1581.3250278691037
8123.767987165667 1474.5676643096506
4809.305004187253 5115.463569795127
3826.8608099685507 3106.09952788968
4308.208935107415 8862.212053196554
2747.574074914645 9851.738211450465
6613.524836672701 4751.307595406957
209.23405823011666 945.2313090565024
9220.989123803516 9644.360768117776
3163.728161176703 5015.394772189889
1603.2523360467644 1594.5441897118774
9133.01437597567 1078.9662375225662
8040.628424341385 5667.293239113475
5253.40495814408 3435.445755572202
9247.400145143665 9920.471905494951
2291.0984032685687 4934.445154298564
6729.53413226368 589.7160913925447
460.31922026491867 4189.577014958604
4678.798496730685 1784.440169380589
6150.811192788697 6228.941512947299
389.91298483937896 9072.246875836703
1259.333365962304 2800.7702254821397
5681.510960333709 8214.258475830975
9720.181948308958 8093.817055254392
8608.323221080023 11.143251260329334
9042.666922507033 7985.587761902028
6871.1409312954975 9729.38389699801
8188.853235921085 6097.527259723585
1762.7531174337685 4899.5940017494995
6962.770543755002 7914.788656617124
4232.19486209332 8413.457942253946
6232.686510853923 5019.23572235896
2706.2840456890845 4793.137502607977
2770.928430794265 5087.8328042705325
5676.563206800731 6266.746553131778
7271.126541956967 9724.602328890576
741.4053755928641 1855.7683683076398
9190.650042567448 1422.842090524452
5787.18306706333 7065.0527028786555
7466.386310093586 2995.3059425277984
7299.039492232155 3963.293798151831
1864.9155970668696 7663.576878035937
5410.942541897827 1451.6597821959288
5753.517272196721 5663.865348809713
5236.341941004293 3340.5053449381007
7416.334983569355 3704.9916843352894
9264.891589248135 7488.869950456868
3690.4241085398717 6905.320597247219
6167.3383229859555 2708.724716602353
6659.285108048687 8938.932880480335
7219.82081721808 1395.7000298182297
1416.8899625632603 5037.337810773939
2740.4609418691016 4920.290006683174
503.0874529011031 4221.539935508268
7425.2717463157915 5698.296960848323
8511.671812348626 1680.2971440089443
5277.047048791771 4556.541336117358
8585.287371348888 9563.913259075785
1940.0382469958067 4519.635024558721
1036.7296734025588 4628.93210224905
4684.861462714286 2465.8707375834742
3174.099654372273 4147.6120299543
8032.226046595229 8235.058861119054
8557.652922626308 7287.075357339495
6060.706083221068 6718.397425572886
3379.0803259127933 7766.542604079393
812.9284453280328 2220.232776508463
7429.34453740555 5017.080538939485
9896.17929691604 5953.832612852801
7209.089129692493 5296.801709385143
5367.584315870007 6918.059547819287
9136.027061238687 1255.47774503462
300.6466767047455 3599.0943459484993
1516.604675048887 8296.03539365151
9049.077345762294 8951.132869251092
4974.632058412648 8746.427258323667
2155.4860496369365 3932.235700745472
2367.4543954501014 333.8784541360773
7096.643714753087 5506.283296749298
870.6369436505579 3744.533459162659
1613.6707912943825 3469.250312611495
875.0221066539499 5155.033899608018
7244.643962555801 6717.781460797502
8615.408490548654 3538.582304106681
6858.750622601544 3650.3143353084033
2037.9949456463453 9276.55754608459
1485.270336962623 3275.761460055816
2314.119363418422 147.76309413362387
8537.295182654163 3302.0311127736145
6620.71508502601 3120.9093085448003
5649.243068111743 8986.426640732361
1333.2985409732278 5541.939168188973
1778.8628571930842 1852.2387756282399
8615.192863070282 7286.332490124464
9968.5646981788 510.5995567931676
3537.0766865632363 6237.527724595262
4217.5551444293515 6773.943395707321
3323.850821968298 3056.126132840138
6285.391947261159 9007.178837438261
5101.190835170738 7620.553629482691
6929.220602469823 1234.941114218714
3602.0564120434337 8748.370166724262
71.08776272039763 908.0673646523851
5693.8117615496685 848.4382343483843
7698.372459845448 429.69120627390225
4299.5065214578 6007.668346913159
7919.517726617427 7551.130836473655
312.25236475117543 7682.085603209215
8528.878196444413 7570.001634752091
7439.527922214157 2640.468492052822
3678.6507117907718 5897.752385387302
1564.6255743196048 1099.8299281704694
1812.4868899857938 3011.093005048597
3175.356121395803 1095.527472255734
8884.528929787932 5061.543445074866
8685.507952732398 2044.804522218525
2069.2574782133333 2489.598524861172
4062.452163605639 4191.076213142705
5661.667633729383 5874.774970304105
2074.677126839264 5157.297285646918
2673.946504881831 2950.065061001392
2685.923077294612 2190.2550699294143
2753.948650739645 3219.090916823495
4647.980936507605 8843.65445053427
9482.422448523432 6936.520273459565
5182.108267655564 7826.375359632264
7850.069273623701 3347.0659253782064
3789.405315642518 7533.292507794456
5772.164978548895 9025.662350542585
5693.391215779191 8379.574946661656
1867.6097178476848 921.1709793566203
193.3976762012468 6475.385411129704
5410.9155671189 278.24067807445175
9295.303927648736 6406.426277580503
3359.7805989963426 2996.707266550681
2386.5146730155375 1926.7856958083185
3667.5381738694855 9185.185978135656
3434.9811829901446 3224.061109511581
3708.9138602836 9675.275069277233
8217.452088617278 2082.7438498828833
7579.156357420861 85.05534460472308
420.0324000833233 1750.375468872164
6270.759871887423 3655.334411570744
7104.521618061521 6601.988375566743
288.6248602014474 2529.3515305419623
5996.888688091907 7801.875136111807
5133.651971016954 3406.424213188746
9329.635943726791 5077.727972658201
6266.403138103478 7572.281989184515
1557.6917854300432 1450.7254166491657
1656.6016860237364 7193.601820041028
1167.8653154648243 7306.139399317299
6830.888657984589 9461.519184261164
14.784318368762372 2542.568101386913
9450.387776110178 7678.663774825227
7141.628739713174 703.9038576949374
7881.276316944645 3706.522679506947
7881.8660667437 6976.666918309034
965.7000202670484 9324.711560125006
3188.579640181608 2726.3521069579588
4257.003967060597 5000.988769917007
8600.876788553805 2849.944602056994
1352.4028986499582 3330.6241463289343
7032.252148463728 8637.785100017623
7637.846450700912 975.9879411022943
4653.67021580701 8066.474596622592
7753.97689627694 7322.002045201753
4544.527812678935 7485.526248685807
7398.723271002991 260.35375861818363
8497.538953838613 3513.9883573856177
4701.206372053179 9525.141050681637
3388.9856787465533 1629.2753173159958
6333.280439989926 5824.884442204105
4863.656461080308 8408.963428302512
8769.170605417934 9650.602677415109
7734.199779228122 7677.319975147592
5660.307531090721 7086.921248345861
9457.494872930085 6911.851248817361
8161.6042069048735 1212.9405961903383
326.044972682954 9181.17180366097
6227.055917464171 6751.864692581365
1600.283580102283 7614.010238830477
5386.688198776651 2513.14776710048
708.0730078045805 3940.186439946283
5323.518254315014 868.19206440917
850.5705288576515 9997.904978941046
3688.3334071707495 6010.385134219683
879.0240021141004 1267.7326407366584
1021.7328769225686 3072.5388308424817
144.9485457894806 4472.134873630697
397.02067566711685 8309.555167013166
2176.5333468329295 7070.470916684334
8454.17384312276 6501.405071788015
497.0079840134456 5082.8540831799855
2864.2578280810603 5491.2826768858695
9676.097514077437 7092.306149001293
4945.291856585636 9346.05036285627
4793.581346198443 6503.145888467192
5144.719007979017 1010.8659705736756
2894.361236689533 1174.5729753977841
3410.266129077042 2527.141750555468
727.3390206177188 9401.913050924048
6090.125801180028 5892.758608113361
4085.7881212353996 3884.022604271298
5935.0313004594545 465.71205149380955
5404.800668070494 793.8481513616191
2018.934502141828 3447.147881833259
7921.777984050298 9360.167385387704
1951.6408902309602 8426.996175280368
6668.824152568161 8472.044352353892
9625.89183622081 3235.189315525382
8841.29364141388 733.5491883039602
7923.029983747085 2413.70620452213
8674.634392966915 1124.8121325142258
7295.520443966744 1509.4605435261199
4862.0567929494755 6966.492461628276
7951.240787592796 85.30525750951145
1758.4536559118712 8238.260276683803
5483.598898133097 7856.199158778495
9141.379976162676 2467.9063107335487
7223.170851522974 3679.847199981342
9137.799765093843 6386.207638942767
9330.696590988344 265.883195737332
3075.693560660483 7333.695647456123
2707.910497165117 8414.941561009417
5482.509053318047 1008.9859741199136
9171.825505894327 3358.7198057657806
7227.832897321169 8564.346717971202
8019.727090234177 2344.4058765161935
4895.549861833687 5282.697299973581
7106.2764378001975 6991.604590680659
8871.143622380629 5111.245944789796
1860.7639630520068 6147.170552412818
8342.689895428777 180.48675627187038
291.692959438713 4973.111117124776
7439.4753726060035 2103.298506655686
1957.5112515922922 3824.9966082259025
3070.077649803716 2327.3956895435267
4126.456583832125 6113.076728208195
1672.117664691406 2105.4061138279144
8905.115187244734 7785.568487473778
9048.801294233781 8750.356004233437
984.4360473653413 2333.345292683681
4742.746332401389 3760.3683908705034
6833.586460280624 4287.527138538088
9985.487535714034 124.88834836569596
2666.169172144639 1066.229357313797
6161.4417996833545 665.7690380684744
309.97009739426653 7724.002646564958
8938.004220125846 6620.06703709332
7230.537458962793 1667.2543543516638
1738.8400581882001 5837.409618969926
9390.540823063646 4721.211098600988
1075.3258438572523 2943.314207731802
3370.9961326418124 8068.748298368329
5401.480682158392 9610.854901888071
7237.0831433551275 1528.67637810864
8620.628786154397 1686.585886138139
8000.422696800604 2400.838208738423
9147.412376593753 1332.6499951597802
7211.323474676875 677.6420926068605
5516.675212118859 6575.511340445425
5208.646049266485 6806.415872453207
9931.121807264479 7692.772831465516
8861.572885553516 5384.233362006066
1852.5498489249203 9723.049221578536
7256.718395614007 3176.636642264287
4766.844494848113 3049.885295745215
4715.643527095805 2673.931659726576
590.8117889211973 9489.223729206136
771.9935766719587 3033.5127672399776
7839.322553184532 9600.943348265382
2294.10410026612 8703.927128035362
1634.124255592021 8048.501396828087
3808.0733769297017 2286.163386115707
5911.072598779818 7746.732492109985
8257.931847678154 2259.908057917349
770.4239645023403 266.3721071825409
1933.6829709921599 8087.284990200413
815.2212354782995 9504.884689819473
4104.629472769643 4903.852029421943
3535.6926426725013 7986.696943328548
4014.5422159152267 7516.40292159838
322.97911553164414 321.94747429305613
5326.864250569068 8749.379371376474
6533.39435016342 6331.385369001365
852.2902957863743 316.4698741768657
1174.8077772346232 7136.059794056633
8447.694976180392 5341.235597075615
1249.6406457778996 1113.963524032442
2344.530351876475 410.3690573125329
564.3464605603232 3041.803773389624
2846.4487090724997 1615.457737891426
7903.144185920528 8968.596649971909
1330.0524242914523 3423.8883623760375
4864.16017901601 1408.7884920349736
6789.307669385212 1416.7960742904406
9369.026151283186 4296.12884731585
4783.302754060095 9941.72699178392
6882.372002321472 4805.534890479776
9578.673534250738 3549.946409719866
7715.539356997321 9628.700422761378
5522.155610918279 6723.096047699767
5439.2407536252185 6580.219023117924
4235.365392523135 9841.159991006796
8392.766554961327 8514.50893361821
93.05502517368502 603.4769989053534
3552.747895424263 5449.83866746285
7627.719723501713 9186.790169540176
9612.360775873176 2524.2724741662405
997.5875808002355 2309.099448417965
4022.2565215363948 5949.365205587566
7461.650222662878 6065.342832373642
6957.388486275363 6480.9600444891
3924.5461230599476 9910.701300810719
3699.3019824596986 92.44407232654184
8045.7342753644425 4489.586642780932
5761.335330090752 8514.352091427356
3151.5524668413987 4143.133869399188
234.5816063224271 8095.20382377144
9245.383230984615 875.2928761168022
6295.3421589963045 4041.9913683155796
780.2947121815207 317.3731596059859
7590.200733077986 8514.740175333334
5540.166333197769 1803.1614120557704
9302.729854514599 5278.088022710796
7969.447923712216 4051.5032214278945
9106.241853595884 653.8346903743886
4598.3418080647025 5150.497975195879
1919.8761013159626 371.94226252619256
8829.336835236529 547.2282624630243
9410.716082960158 4583.469327780994
7282.666828284623 5569.205518093293
6522.508798593019 8777.445008004723
142.40404626364221 9638.483363230302
8961.962195004224 6634.704948637419
3501.5405258388487 7786.652082000087
7536.475320192731 1955.2208485219724
2573.5472145848416 1338.6987726052491
7512.553713992342 711.4797004597773
819.5494616934574 3705.9748256214075
3752.0526828968013 1008.9745312167764
1534.3862530280937 9113.287103563693
5283.776980796671 8275.894112550635
5241.473226563748 1782.3879960881761
6180.861186296782 5357.604927909924
8365.522916886315 603.9101206909114
3139.7441912529875 2357.5438128230585
6083.814887541997 9652.052222781555
3994.4403996728274 9044.646887745583
5000.858484022737 8031.092427991106
5550.201567329216 3438.462303811899
9347.918648457135 3490.070151490513
3583.5557962695243 3786.605890591248
7778.027369294279 3001.7401640649964
2631.096733295644 7565.237017901088
6508.736682052986 74.17228154381617
8277.292749709366 361.7459831366632
8559.012151778943 2948.1322367078656
51.96791622258057 9539.860716955694
8133.307874382763 30.650349299787827
8761.005969419879 2440.895093163651
3825.001507232595 8924.940639373923
8099.215243198236 6540.880040777231
4243.010961047081 3239.108602640286
6732.18012123948 9461.82798040986
4909.554363592802 6990.847605076712
3684.321150435088 26.405132216092973
5833.654572155757 9872.586510056108
6833.272168769675 7648.79278214356
5034.131846460888 7901.320536014018
1586.0765258730726 6270.5423668770245
4467.4670381697015 3049.6237705109443
4400.590660098058 778.7398472505303
1310.0599598508388 2339.1033002728323
3715.8804200117056 8384.811209525102
9351.047504927697 1574.8236263626636
9068.278993686812 4795.818742444369
2370.985388700113 1408.9941471285915
7695.172405271073 5176.110279866134
3813.3418805666174 3744.48109869813
6766.4631779634055 2875.702943965156
4799.886846890303 4623.46488348654
8534.060724748011 4692.79297925672
5597.705833192103 5693.83684122611
5152.627616635297 41.30698079069628
4014.705027824994 105.68910428781942
9700.211792672546 2810.4158983727502
7882.11649936317 262.519432288334
15.280104817622098 8931.457405370407
7776.6524637256625 4236.539707363588
2367.0574074025817 9708.723114106368
441.5969848928536 4854.7383657552455
2688.97128162918 824.0810913074059
2985.2676172916613 472.11804663594535
4130.388741034757 9591.428180109882
2866.9146474761255 9270.790783883884
1019.7256265263787 8515.470520365312
8924.27339429805 9558.379349991512
982.394286033338 1500.3560996928045
4253.616572094956 6986.44458543347
8919.95378988463 157.19365604463408
2622.304922317943 5869.413104941931
8832.209258333154 1575.5086501123783
6275.464346298816 5856.759089471
2051.9032705910313 5652.205309390454
4492.567603707031 7095.945348077162
3362.0328177545734 9612.614378388336
9056.331173781486 6720.907899819182
9678.710153106265 9711.726923724022
4915.487233298866 7010.622082966449
9507.883212889714 5269.727457246112
1754.6218687305293 884.5637349686864
5222.119273066581 8174.454440674779
4928.418627872434 3536.6369627167205
4354.045199641152 1774.4360507669721
2274.2831652128516 9956.410389947707
565.9287438554683 6689.657821444181
6686.468820893522 6846.26760274395
9730.278573973614 7483.243260762223
3016.458402067581 4015.343159592716
1644.226138710032 3365.73494041586
1858.503430259787 4715.880754240774
3300.848203030188 8144.685401269273
2085.859158470309 6584.919089917316
5353.477252680722 9485.782307456413
8622.395754323923 4863.9692882855825
9434.436125029082 5217.744786228042
1865.9079751457352 7391.622484842395
327.5290020623567 4891.744814480724
423.5808709313038 6498.784573837668
3644.0018390395435 8097.1264716012765
9376.719297468899 6383.504576292883
6614.590589364744 7138.705994050618
2160.9780945426205 5802.126529011377
6885.649492407791 596.9548703985505
5329.98015150687 4985.763157453368
1795.2551619930935 6020.884040318809
1964.3445877185318 2575.8520231474167
8505.568161437383 4544.458117245591
1294.791058224306 3069.8223537865365
3580.6218458755834 7570.893664476613
9227.12191741491 7777.666814800709
9124.104752658764 5835.1985596503155
6888.5332417589425 2612.4757239035343
1429.5861191553406 4133.836874349028
2058.837383790233 4172.760883599055
7246.033857647241 801.4134528110873
1406.8227114962374 1521.6559196282099
2224.354607388087 9617.785357998864
9821.125264734968 4827.852862632673
5886.085504334446 3245.0310151469544
6806.611387890518 3605.3932777804976
7543.251743822083 1522.2168904312493
8911.42749414452 6674.202758776596
7998.7956593131785 4986.918545320566
1456.5029298134714 3160.523071248028
2569.878474020915 3845.969858870525
2458.4372035120427 8866.156357926011
2001.7384124239413 5283.930514648352
6568.341868755378 5157.709677829864
9177.686201574861 7476.273929858316
7093.349338728463 8161.786537516828
1181.2070078030335 6965.316688429935
9724.139460828974 4499.343743636989
8229.027718783283 7160.42564751054
2460.9779818699308 6052.190040434133
3269.4013860817995 9640.052602155914
2412.3988107090945 326.87903491150695
8627.748542571187 6661.665123536998
1634.8051114006578 4866.003815093778
8982.188284329832 2826.6549048175902
987.9027529637641 3854.1713880426887
3164.3810700746853 6200.8213417626275
3100.0224422281353 2575.7052127467796
806.4952092162125 4357.04635396934
2969.025331276344 703.378032485742
3693.003111513328 8785.286335573368
7468.628918370324 8532.255452926
5826.399189080972 1906.029771017601
3086.630584531841 1219.9869234246341
678.8250774291837 4526.879428032211
4590.646021212436 4854.651169625472
8876.97705931469 7997.934772811658
5998.620746865676 4743.5302610655135
4655.564919219069 4550.167977070314
9225.51428567677 700.9442686956546
4814.973492872644 1342.000387806307
5084.1960060261035 6310.5535470355835
9631.679197859112 8592.802462737434
5937.732665742607 9147.29602663209
1195.3564360478597 9848.055957261284
9231.889342758872 6766.393535210114
984.5054309403067 2899.432433422393
6380.803471087314 8901.624990688504
5142.816235835276 3174.060375009482
2035.4373289666216 9762.336054913429
2881.384614454967 7510.762265614929
4633.546080907637 5578.411406742168
707.2744682268817 5157.0673561710655
311.5516739503499 1614.7098205313603
2766.8225712255344 4549.31362664864
8752.83999602396 9761.222279696678
5492.464043682266 8979.173435584236
1353.6509808750652 2502.4819155687815
2954.753732503447 1603.4508382816016
9206.862745006461 1579.5185262513455
7846.643544376404 420.0139276381787
835.618769365688 9979.917398183234
1864.971592565009 6811.23983035043
7352.882236850488 4026.306462177155
8404.506996940063 7047.371669411768
5779.646555823094 8280.863873350852
9942.784003908091 4745.694125639555
9623.667660329758 9743.197542620077
2269.352556835318 3697.4556576707273
9502.228270883727 9391.225192329157
7800.960607614653 4702.9787687189255
5586.581428281176 8499.435393822074
624.5737667731488 7096.416711306805
7952.364731106911 4366.186391171609
6623.032578139696 5495.128396606697
539.4132122117722 5091.458897657933
3063.532320461445 4974.66092055615
9356.043773761008 5868.750527185619
3367.006091132949 3348.845223109519
5807.020875161563 9889.556269558962
4426.879197840047 7525.522277633392
1581.0569324609346 5406.154516977905
5808.555132477735 2011.9388716440467
2402.8389756838374 6758.178220669409
2436.3837736433948 1559.8603910192187
4136.215654824981 1240.7188980318297
4962.752747473356 6668.970475631013
6219.317788231486 5576.4713287885725
4914.333667628106 208.14028219541035
4219.028759467309 5451.704056384463
4923.405677793145 5767.661714666787
5411.355971502464 9085.591736823179
7877.5696321718115 3521.5636688379946
8725.905400092755 1124.7249366215383
2659.054688894226 7357.635601406306
3136.7882654111177 6289.365891238462
8295.215488865755 7823.807913698623
6638.9441164232485 3145.2956591709726
2804.7002455988945 9043.046483612658
1317.9920187907069 7134.856278564162
7799.167931348127 4164.939137458397
8703.371867193448 8573.059115851185
4988.320681401018 3150.6658527897625
3588.6738539880125 5699.398350903215
6136.406578529666 8729.059921615186
3809.6941464855063 5073.270509963255
3731.2414016303196 1214.9834355102262
8089.899748914774 1610.6696532374133
5652.188275894648 547.2554919854466
3994.6204511696437 8382.092966621205
3461.4199563479433 4381.888445221246
3279.4312583271203 1926.3532456584553
593.1884877203609 4367.400373503543
2474.8265732494456 2282.2687406856367
3678.7075347629093 8832.491886250953
2418.4283981829312 8199.956954859332
7519.649978102126 9032.386650184717
1627.6144831056783 7065.730182965264
1811.1519405603094 7828.652925152963
4899.584969586343 5959.355986938296
5615.603635283678 4218.339322707591
332.53790845429455 4959.7104902787
3801.4019293785627 4481.771785733388
5080.755877593841 6324.614549891683
8186.223648836753 884.3777368140304
2588.048489053726 3492.918325535229
4962.277446285962 1846.412853450391
1788.1408057808646 1991.6523042142976
9131.37675328909 3285.4896925692747
1817.230686482958 278.33909014176595
6140.566762080918 9440.317241780833
4153.08536646527 2308.3207522209937
684.4340807381743 2900.0754940466513
7776.685767949301 5189.223582133434
2728.11377966742 7792.371560982152
1946.5638639691597 4669.446369305639
1205.4000461377423 7123.729667066889
5482.628200569991 8404.827790910449
6559.258371975278 5120.092365361478
1075.4036732283523 1957.4073013846216
4317.427627358204 8080.819467201471
8068.256041685213 5302.467616716803
3233.690563985061 2738.1895177071847
7404.317233776143 8254.805125606894
3175.7802006550837 9405.424105873939
7986.4573950479835 1672.4472738544205
9903.78462407697 8299.771150744567
4567.800990858359 7555.792910642214
6158.299831409287 1343.1965734834305
3471.9181692329917 5232.427922483103
1065.4699284558212 8471.753836799899
3935.9651230380077 2702.6233833096094
2766.4492588248313 7025.71116782047
9676.689706336932 1917.7970016334723
2391.7068245397645 5146.037590796462
7398.355995749719 4273.979853468026
1025.986505872385 5268.85823417028
6393.282932922768 7924.599667382612
5147.62711377973 1788.0116274468282
6129.835999726154 1651.6512452395716
176.33585139139484 7746.850491972351
6779.34707973979 981.5986947783061
6226.400897792113 9023.950274247567
1002.5798080301407 992.1138119815298
4937.717895435214 893.3998467282767
3998.000292724183 6828.020447665458
1344.8955922535777 1068.8645886115821
2808.251487097293 7329.584533862042
145.10059212687776 5381.633010834359
5187.869809282923 9373.552753459933
1438.1844565979407 7096.368261180457
2954.425593342206 537.1046776363075
7038.034204627357 8534.30177729294
4676.90790477864 5517.157278912439
4791.973647713683 4152.12611036678
7799.3137850065405 7372.218442972374
4995.433323082648 7515.855301403447
854.0455300492033 8101.2556128909255
9952.003581060098 712.4399503727341
2288.858665191801 4333.810613847236
5004.365398378624 3657.935077264545
3612.742617816468 2977.8566441131384
6949.493234871632 2489.542149391704
1060.2594404931265 8556.661508345562
3651.913179400971 769.8542272412967
1780.503460823095 8663.1818321546
6881.684298455476 4585.15382090753
7675.989993589841 6470.28545506175
8929.17013410009 2785.6270811409436
2448.41427690671 9557.356779227493
2386.552384641679 6593.873121920805
5152.372985633599 2448.614293187307
1636.430654122839 8599.105522350623
6614.768756147099 6205.726818642843
4050.7446660824376 9757.953655754858
3446.7718533885572 2177.0869835836115
8678.641648397419 4438.791877476714
8056.8425050918295 8578.361972713401
289.80854775660146 7775.039123823092
2067.464391470242 7963.709733648522
7040.172929590693 6633.884454210101
4844.88002252761 844.3127958057495
739.7712569167081 5360.412957411611
8470.257027922691 5720.648542840737
9727.972626295239 123.12185317255975
5412.355345320201 8617.179847595822
5699.136229433291 1165.3275092368885
5405.908326357951 5842.91566594393
7472.1700167544295 557.9883424504684
3596.569775272764 2148.5580887189094
6660.355950256351 4152.975186616898
2882.4177681594642 2710.7139125913427
2473.184193873177 351.84142868200706
9563.650433228677 1445.9214025599888
5469.845413315185 5033.662902265791
2906.2466343398664 42.00050365025465
2984.4066942697314 1526.523689886663
6032.00761244487 1791.5069707534947
2155.5975722100275 6860.753938184094
7666.531287385693 1821.8328383651306
19.51672463357812 708.0251448038122
1708.319669350691 638.7629925048288
3961.464276464418 1388.9392692067736
4326.352617941461 1035.0602025388011
9973.492871313876 4122.75293401696
6350.10394525903 9362.923573122061
627.1642882091899 296.3980458385607
2085.1233722759443 928.9208659240611
9446.383726199596 2945.976003240731
4368.935230081508 5842.270770097259
3453.0822465959977 2872.4159139556227
9676.157497912116 6032.110014715373
1058.8996011822494 1854.0049168084604
6388.379425828585 6346.6484416897165
8188.918908212601 4272.016177137231
3963.47882752106 2656.8805750162437
1548.8879877798045 6131.668009732362
670.6981839993687 7709.788705914435
4285.257648384913 939.1737458051663
2801.941061570926 1110.7363382016977
5937.755902788145 5186.649594309561
8826.393739263865 3262.016027417135
5547.107477132194 2300.1671024519487
7824.7106328841755 4344.285628033285
4055.9000629051266 2822.250312058876
2720.650384094735 8499.887430459143
9728.48688410817 328.6368115253346
5322.18344501872 261.81186570804147
8216.20914678069 7120.132441235237
1990.739199048074 4969.33601616186
7107.109436846731 1083.9097520578655
5876.393847654536 7421.127708076877
3324.6993109554955 5284.613901491079
4088.447773262507 3338.876505751527
578.2355211507395 4824.153056754749
5914.97871976852 6349.274107102818
3217.3466966008946 1300.0724993328872
1261.5953458942208 9139.437082227567
2306.750179367161 3795.9183512391683
6848.761356772656 1200.6253778591624
9512.17787000529 6753.021548239094
1388.6981577952652 7147.379902979744
4476.533000008991 9301.641096732186
9957.013487544114 8983.96557194564
1765.6817102022771 7670.423547988039
2080.847008774683 2887.2725441206294
4176.177555775545 2146.65689646502
7684.462725225545 6085.095529989138
222.6061453772221 2725.7992572661105
9964.858456988519 2230.972525541184
4960.1295471812855 3067.2960673279704
4514.104746299681 4311.535984612872
4948.199451651558 664.6978755293343
9561.763965478256 2569.5887420779095
124.29883916473261 2241.619752664112
3079.883851032004 1185.8875031508787
7631.9619745730515 7301.090660077492
8674.697165805035 1534.8802361658265
5235.214920416694 9484.361038380395
3683.3035094655806 1714.4088416956238
4851.967912405527 4936.249894517936
9700.244363363061 1746.6563608831254
9951.781792363217 9227.63174058105
7878.03121661409 1357.3799386794005
4088.8217549475858 9551.67426797949
8777.318230802137 2562.7412274533845
1678.7006999553844 6888.958699424974
9286.55829246164 2427.807617804464
6278.309985549278 3627.626530061324
7187.6192926020985 2308.0632823615188
6090.617828788475 5728.212259068768
7312.977534805109 8645.039557970313
1191.813459620169 4938.842469220416
1921.7467118509978 6959.432535620324
2066.0641141039105 5794.987117612598
1915.9425642972617 5069.847505739482
4433.538459594493 4178.9764090302415
4825.020523578223 3762.5712772328034
1070.2464468648598 9068.001728683425
105.86946004637387 3147.5429783103127
7343.633404268807 6765.343685624626
2237.0788373511573 757.9553644632664
3525.754516732501 7388.076066043754
7330.444450624832 3085.687550125101
3596.2524162274744 6675.52358712585
9539.3111849111 5692.033928619184
7210.244737802202 2286.250282075968
9412.499078406287 8292.960598553089
8781.624753150152 2667.386273108988
7524.192504132514 290.3857015438704
5220.163783293044 8308.608318361314
3204.318166705766 9105.746229247692
1761.1988318030258 9734.10335510549
0.5778174942372427 8369.377798865195
3539.576676822871 3939.3683286513547
6622.437313776558 5529.003225192844
9084.918136874403 1145.7066247734238
4549.021723817706 8762.886575810735
753.1566765500442 6723.801215736158
1226.9996389807914 1217.9790694856663
6259.693645637123 8928.75945361481
841.1856671872331 6540.645871093908
4942.4062956566295 1692.5416011986106
3009.7287287049703 3427.331364329658
2158.1356485337988 3135.697229734601
3437.393003988095 8494.78247819893
5304.16572687874 4688.852455053322
9554.58236643677 6154.219111895925
5356.606690940935 2755.406198399125
8476.396843634206 1371.103489016886
8530.474214762638 4700.4065866724295
4235.150625591077 6201.926359962825
3691.657249609245 3616.5989345337034
6171.423440635954 3821.696615759431
2488.8481684387475 1797.147043560634
612.8577686009806 4390.58000743923
823.9095198206892 1135.5502259817963
3526.550078609716 5555.406571480519
2242.0341825173473 9776.789395864338
2700.033840541657 6641.524943234081
6098.448915102801 8259.755693484743
4187.483874664101 9662.750626789419
5946.304707705854 5119.527431636606
9251.916667401598 2161.9204742458032
6490.78560080278 1459.0767026870055
4840.803052467647 6591.833368347383
667.3543152340388 6353.506954376335
2751.6459004381486 8456.115777010402
1927.4534864715365 115.93158444600738
75.72092845112621 751.8269804808652
652.861837995462 432.6264511485367
6252.314510597586 5390.373320670821
7770.301324262167 7166.098134361792
122.43840628014313 3220.576553963023
3100.7798342643846 5228.231334460887
3740.1369157451304 3037.497921300588
753.5452009381904 1341.6892704507522
8381.144851522118 6532.893539546759
8962.4150922745 9736.261494778919
2182.798176109617 527.9350853320764
7162.641913573394 3867.863467117352
8155.731278998222 26.100799108724758
8819.359162827144 6101.415216070511
5927.0473894959505 5633.903231162384
4544.045289475467 4964.832961935217
506.2777364010918 6719.390658354016
6373.337183069505 59.892693034951925
6609.594878792675 7313.118752821394
734.9091872461944 8006.7327690018265
7634.378444139877 5203.559786470023
4588.031072884038 8902.281233831745
4245.379656089057 5938.679930385294
6501.800208085867 1688.9122287794444
8715.365010371526 2517.6811890920726
2021.945739558656 8558.143524319254
7657.265340318698 8441.669470584022
577.4802034701987 3055.2119046691496
7591.492249755318 6489.278257556383
9391.375340754374 3903.8733472984
4911.230938238265 8093.039670629124
8384.823470952542 6736.788971840896
4240.14938358117 8514.5621293785
8902.536378794814 8895.381101346935
6921.117124349953 1151.342149378889
8236.930288841628 8254.051300863248
4431.155412861646 255.29484424110515
1391.9268369626436 5627.169712943413
9886.989288675664 5102.865468314989
1302.4986267695715 1733.266734417006
4487.207477008503 228.84022098159983
8813.976119170577 3919.3642550418895
4731.182830868898 5720.741766883596
4125.518141591977 4889.405896991198
561.5379349456384 8767.967696578235
2115.0488034881255 5534.26011262736
4196.091150008467 2669.5852131346055
4988.346134966487 6626.783173200529
4346.8484597386305 2326.9679978870918
7032.860339874996 9623.948463558845
767.7589028336074 5882.226597961563
7907.23263678968 5109.059037500131
9629.578746237898 610.6444715183857
2860.3731415261423 8510.58384072431
1089.3434384562106 7435.103670126273
549.3509380773831 6650.163826082544
6603.5761111589 2502.7446795514797
1713.2318707316497 5400.856939656881
5028.508099896792 6148.872955981017
4860.402898136662 8277.707549343091
3357.2269378576902 9270.391392611262
8339.799886651323 8136.231700689489
62.80605364902492 4640.800947438796
1691.8545300507203 9320.438592413404
6448.111700371044 6021.077513499515
3012.863031981938 5580.5136295935035
4147.123627531666 1055.5033078309773
3216.8709658075254 9871.31016520219
4979.24787174077 4888.787862699993
2542.0595221673916 5746.308907319129
2727.237422190132 200.58945766210812
9424.008167738555 6477.722639355212
5090.981035581119 5925.80706903864
6946.099953461331 7261.937303975409
8063.556486186574 1313.7769430703484
7477.726538790753 7910.498323893619
4282.590070530795 4176.7819357415
1823.8398442769821 8280.362247463736
1529.103447511634 2188.037940892272
5234.7889391987255 6363.156742436768
7477.663820822078 3911.5937253756115
8963.268651627955 9431.69964629235
2045.804922881297 1881.3422286346804
2705.6037172260817 1933.0485283906041
9247.316836242086 3493.6094044677448
227.4731322405843 9920.868146433535
6323.147854366816 6737.553832351583
7749.57831628098 735.9127972580903
9105.303755387064 6859.868557884934
2256.6448761002544 8371.944731430922
9063.266804808902 6945.051864710874
4793.5417563948495 9505.419465214012
9289.096711735061 89.77389618459952
2025.186678262617 2520.784694834136
3796.525492580902 3359.6298605224197
7862.303564026053 2029.2598084787273
6940.984218850812 4038.8437796517305
5792.98586305859 4357.472650883057
7511.653201309589 6818.241812332111
1710.4069266368515 5273.34814824351
5103.26075712556 6514.090882434824
6489.915559517585 9820.164432082729
4744.498972589273 4670.154354254211
7344.141336325455 5545.694155885939
9441.563059674036 9967.589369305784
7072.624219028197 4641.882888806723
9289.466974012656 1752.0700928968836
722.8773418388723 7551.512612035697
110.41926505329536 3184.7935908683557
9892.679067926598 451.8310903545164
4197.695578025126 5533.781608059038
5928.783383336168 1691.1304867582821
675.0726713726896 7944.168956106786
4615.1247546073455 7732.783334897435
3226.040787211111 7660.921047547591
6593.990532977464 7452.2536295628015
8503.641863617113 4124.701042837332
9726.517891957834 4736.119181372264
9400.929298233948 6621.366552426791
1874.2653392257168 3248.157183332314
3543.68081139795 9237.840252193015
5171.503746600103 3956.059793170029
8861.140275416024 8761.86931946163
5758.253543198571 5553.3607442841785
4897.200187413236 860.4499303494107
6156.994360130935 264.67352031253165
643.5829888257938 7381.461121456684
1001.3582177185865 2688.3524565646812
7108.214472406908 2945.3166792321904
663.0111500942882 7309.207849295805
5576.127674224814 2128.2088489672037
1473.3145758584953 1104.9209029170415
576.873638217098 9485.78697961808
5699.256267765974 1273.3147217988794
9941.55565215441 3425.8735844038333
9208.521795880128 4523.6638229044265
3014.246880429752 1511.0923501428554
9846.473748827908 3603.7291081518174
2076.6900123227915 9157.042634652918
4948.198356194607 8775.228273296158
1351.81637266365 5888.9256010060935
2121.6621263086054 6803.9644840001665
2570.76910077609 3329.289872565407
3463.420109655365 7696.8510385813215
6019.746204323167 6911.829586322441
9706.203192651747 9896.587703762987
1227.1270217406272 8950.935421139528
