6772
9216.76544820197 9065.991155286674
4869.656470662376 4853.597046313196
7051.602874723065 7899.278921863476
4492.496734304631 3250.8257393458694
3549.081364280321 7196.064621161451
8801.911683015078 4395.130160849514
4756.533899030927 2439.396136078434
1780.0343501394022 3361.3655294452415
3532.722173706353 4362.015391163108
1104.727845377126 6824.956022153586
8700.057180419108 3989.7511717240186
8168.719990284891 8430.552312676815
1894.7734068550315 2732.7979737397536
709.5635154216984 2013.2923759155485
1601.448529110915 8751.988470521028
8303.415427696389 6892.940839401212
1407.0814204291005 8454.128895179249
6805.70073209708 6619.382832272316
6121.27680761428 1159.910474323148
7714.310124510011 6268.659909378946
5082.91114613498 5739.873707972999
2386.055017936307 3671.9278136976172
6709.976766242954 328.34524229254146
9054.685247564468 6805.427774531559
2148.1398844322252 102.22687631801675
2678.848033530099 2977.7623864398183
8734.865424302843 3550.967400426137
3790.9492941975386 5421.469967736395
5919.798279551019 4665.999572536704
2722.9566373739713 9429.094677495692
7268.413151764446 7042.3809193276575
9852.754778817874 3269.6552154206224
2224.774566608325 6012.325985098408
844.7533336463198 8779.614295024507
420.58183558813636 6619.776127675196
8251.013067597896 2743.1570823459783
9491.490321290776 8497.099968272558
7294.2459751697015 2959.7876579402937
4598.043297180019 3519.4757902728434
4171.614204085235 2242.9585709717417
4147.363579417447 8489.457625986412
9798.33371576884 9501.64883302276
1573.0898236044688 3043.680646479433
552.6702286887453 9527.509335444181
7454.8704625770615 2475.614754190795
288.98774982985987 2143.400475604735
9745.049606502038 6232.727822292602
4653.089207365617 6964.847442687774
2419.0178243915216 5473.3739147430115
9564.173162721992 2184.1374209843566
4477.019025844654 7258.174225514771
620.2960137739999 4507.501673639924
1899.0390221757425 8702.61222577866
9139.32229253146 2659.003275788915
4890.726733145164 1732.017666726967
3564.910731002133 8710.48309335484
1557.1274892140964 7957.0647160873405
2047.1704878448882 9905.095164141767
7002.337671457044 3627.369082095815
3150.1967683307353 8612.680765431198
3777.015518557648 6622.71231680726
6843.770995025476 9588.428989516038
5582.01310436843 1005.8858440247986
7204.094402016982 1801.9722021344053
1185.2192665560124 9788.089561471084
1578.4978480625512 6762.2741831445865
9620.038889145593 3247.2816963434725
8361.647141691072 6484.363351162297
907.7519481041608 8391.824122456128
6985.850439699643 2027.1757387937994
8782.332031259748 4976.223374551561
9245.637152894356 7877.468635919239
3195.1274984167135 4852.719604086745
656.8733407875015 8362.971685206847
738.140214143932 4381.928032201285
4193.241384180964 9748.645179695259
548.4601750829443 4127.694838029056
6448.001395782702 5703.1199962278215
1742.7469491169988 6125.773545591617
8036.5208295157845 4418.091358086116
5979.47619123311 6642.893261894287
5885.145374971799 2821.6492738943157
5357.993239525417 1532.2326141081787
4944.554648896567 7047.225225661256
1537.2502296441414 2043.2718268947492
820.8291799171529 8603.041765586031
6693.4289255805415 1258.447124224994
2835.0326955200853 2532.65273769817
734.4754035289036 5205.985474160309
9102.189933896654 7265.3653601969245
2050.9078076916753 8137.749596682496
1363.1188429723472 5826.0398973797255
1006.0836116563798 8462.876998088428
7507.657094734105 4606.9636459591575
6355.436063988142 392.4500475031756
3995.396202071245 9000.200462906596
4833.027759273427 6477.386771713687
8710.11886705444 4847.019408287644
3255.0885813713016 7911.19619994632
7176.7098245912675 881.7116312877871
664.0355654122898 2721.193121045349
1524.3919768547087 130.30146983732394
5272.805621516162 6786.222472336818
2097.7150777722177 7570.371195906518
7268.150823897044 8995.897003795031
6196.803606965677 7266.409431578098
3892.8821314835504 9805.799180642365
7070.948255417055 4665.8082220954675
7650.872807208665 1945.0633440649378
8994.702822893662 8773.827781701468
1964.9596616708832 3097.192835879868
1023.2294721259672 4521.557832092182
1166.7079668883362 3001.9311137968007
2853.70827596068 7799.10132346062
3308.339384744403 1615.4539671143887
1112.2110537104802 4346.916390439595
4960.942756993545 718.1039910113674
3340.510928842865 8981.447188554095
6899.421335403533 8673.341040451438
9974.884674084407 3476.887010650217
8373.455385071085 6918.5368893882105
1689.0373238265045 9833.111140323836
5525.088737149242 7207.69489312921
615.8573969373859 630.5268313215506
6437.374497597631 628.1271344776618
9167.793256468762 9705.785743057748
1284.8452926218956 2977.5766489540933
9443.212927225846 4478.012315514786
1105.3991025791465 6215.225506588844
9536.194492569522 5913.39936826628
2824.521397954055 2389.479436366756
459.7662191304075 3336.731264869528
1336.5933241952032 4697.378533348805
8847.698952217563 9081.590708496691
1684.3594673836792 144.9293340737201
6117.527074962272 2316.7169827027355
5676.465449302121 9654.61464427353
4357.555268962003 2294.179036153239
7644.291273835153 4405.7847479446145
2843.1854265218103 8735.73409712849
3463.147468384198 1695.5871349677398
6792.976112901902 1106.945101404374
5449.220695463248 9672.550463673924
1742.426706328698 9124.331552952583
3292.484496261138 7921.884541637521
2743.5515582740045 3999.034024232262
7797.124401338408 71.01535538998615
7490.895737173871 3641.173698988843
9874.847816449339 5335.8257693752175
6429.713939069566 5332.29246700249
1972.7812585652705 8242.528579099731
919.6168768604041 6218.961626789946
2916.48503230449 9637.045135976816
2607.067610615079 5388.852262173178
9.944111599888839 7533.225391820316
3302.685046787477 1261.2584441544238
4158.218014105095 3353.186984431229
4864.394688118825 4557.275687247759
4764.768366842066 7677.516456710642
2855.0402241219176 210.53041588520392
1204.3023487217752 9750.017335521688
6073.150701658698 1237.5698677248724
6783.30544533281 6671.15140252489
6448.136375426992 3807.714749434986
9274.260247630691 1466.268284870955
246.2608660842125 5535.388256864488
9345.877846313328 4029.1714662765553
2051.319870184539 8363.631843872428
4510.499204305604 5318.525670608579
7564.032320918437 3315.728088633966
1571.1453000858644 3124.0596777550977
9906.727234493013 6862.546446810943
4974.530666426904 7221.472810265505
6824.991772134078 7686.4373568106685
1962.6774863340845 2799.407661614656
2945.5166128252886 8218.198145437324
7964.5981082157095 3668.8043348471265
2079.4629223139736 7481.843569366062
7280.842125791094 954.4037158808283
9453.243617692664 502.608243985162
4787.529587895221 8720.120310986862
2703.6957287734244 4816.8190977066415
4122.82488998825 5294.461019077555
3492.197201697604 6467.977865854844
6617.6270813138435 7939.114902648802
8672.359268451422 6281.590079984395
3093.5900114786496 8943.295765720704
1088.503475106839 2181.990218683788
7575.402684843304 3228.371476915032
5287.212260804962 4847.608093894684
7950.597517727832 1111.7665572940061
2691.815562118969 2096.827762749338
3658.977778382353 5006.076989715833
4119.762505972851 2054.792675761357
4605.085151501701 5518.791181447449
4915.395407301425 6372.216997490582
8660.954720038639 669.965693393263
9425.728171856108 2550.457717345055
7362.734253705486 1759.6487537724913
7064.407339004468 8772.816896443732
703.5753006742018 793.8108879149597
1789.1122618872023 5550.236150168066
2286.5237226960035 7316.983876434868
460.2284816632074 5960.256478314159
5524.976796485877 7001.7687226584
3253.7061028616067 291.313341088455
64.59125151527357 409.8230976993189
1068.5957492895327 1500.1428343919154
5149.361263416353 7965.894335204379
699.8295338194594 5048.282938364575
3265.9125880844476 6375.915334738017
8439.394884593961 404.3435354119629
3073.885707817545 2472.1361967050793
6724.124901949519 1781.9380506342875
5366.608259545524 2782.7121316924854
6465.9104564754025 2528.8615343162437
9605.090043760703 1000.1288757597193
9780.214111125082 991.3069531958396
1429.6943917485116 962.2957645962615
3971.3445899988897 5647.614311128434
3477.674569234258 9762.08688661346
7838.032625294455 3839.2519409617785
2821.0884806817994 4165.572182715217
5630.419094768271 1522.427255265708
8388.435452467755 3646.1222923041746
2319.653770154927 1121.9368716883448
844.6817549543928 5031.037468465027
6233.87345967972 789.5556392015168
5578.1780817557055 7009.289995171457
1569.4125414670757 1152.4819443459478
6679.291742842609 7563.433240840771
3803.6707722598717 4983.048233541785
6094.411927142353 3765.679883579599
5616.146808292547 1129.1140129479693
7500.307204550545 1317.6015471633261
9566.723360022126 6515.263415655628
8867.648778997915 714.8637160766202
6485.361766750814 9058.126137826106
1168.8382236329996 7982.852358397529
5294.952819748201 9934.851790498487
3234.1073412950527 556.0113669869182
819.1366501651964 5801.961454697854
4371.183245701187 3063.156671538375
1019.4943694832937 282.51625027458596
7037.645821098725 3532.988561490571
4061.5812648271544 9322.728879532431
1591.4262308889238 7848.477067721522
8626.85951859967 6864.864311140452
3943.7278017581434 9155.748414506861
7967.657855476268 5691.467145171073
4799.976378751872 9372.549251095024
9344.870045455118 3266.661343916457
6098.237602390162 1943.3300190221537
5693.179222486193 3933.469232562167
6240.8621764672425 8552.424405451791
5626.173329193339 6921.802591746151
763.9567441363238 7633.774833557765
1223.7962851739915 4279.977210562006
9200.593346593589 9205.088501362898
437.15522896237815 4063.3108780367797
2067.514373021622 8806.276126074727
2400.7871308102513 1896.5624528880908
4141.402519763933 3136.4692103751313
9460.058843464643 8372.677376080153
1489.6239304494663 1360.8705103775353
9301.46096726479 658.5038538789722
81.67894197313785 8998.141716135477
4216.125865655235 4148.853312262725
3231.4169095041343 5800.987353854424
2231.9876032550455 4043.4731256888713
3606.4082025011444 5107.048176825298
6617.569089019579 7317.2101977814555
3089.689787891314 9764.166508226583
6090.468332823558 2711.844939471688
390.42783344138576 8923.542948330745
7956.191662659959 98.77564121046456
1973.8735600777002 746.2573854290333
358.0557932735806 844.9401736187823
6617.313288416649 8383.07392668962
7836.464259325177 7660.062560352459
7697.539649780268 464.4127360220085
6475.940088799558 5811.51608279741
176.707504212954 2776.8151739792493
1060.8715067820228 7563.7989202257495
1177.253935046163 4804.187842575567
6866.011356744704 8232.8167917548
4022.903113989894 3376.5621547610913
2975.343391516868 5340.876784196316
5671.592443556432 5796.059304990161
2353.011076833432 2016.495170919964
6577.494464605722 6499.202437566657
6282.580377462928 2003.8257934489834
193.1309719351515 4566.67524778297
7245.985504060503 6429.720019308845
6558.90753814013 4206.072666999776
4831.087874235679 1822.13083038263
726.2204730636523 6710.149114645956
3836.8530040440264 4781.779388247466
2121.623365531119 332.51756666628717
2387.730064170669 1179.7008437686563
5383.359943640774 4024.710146904167
573.8984480067533 6786.494790982591
6687.905640112086 2042.9606609190475
6901.618052093959 1834.8044934383013
2132.982902819747 9060.023381732484
668.0074147682658 4174.755418060982
6354.846852366823 9606.799718914532
3267.1418255787753 4402.783541145734
231.46539436656232 1420.4893610329207
389.4503021744733 1627.489562238379
6259.54283412471 9590.441898881154
93.96180918253117 381.85778272739503
8992.170634594951 7269.83988860352
8813.03349118955 7599.380659165759
5785.210257031195 9160.786455194953
8491.770618004815 3542.3329697451213
24.34382645825961 5982.3393559487495
3269.4244613270994 2103.644775084946
4991.060177265517 1695.4715507846995
3377.6362492063827 3999.523802100007
1574.664885978565 385.9037275314692
7260.467777128229 1028.178810426299
7148.736732416908 6395.196688246574
313.74364982325045 790.7061965193607
6104.278338340379 9542.453932879547
96.30294218265777 9053.393940860557
4768.137882287347 7093.431714255017
3383.3412056501543 1276.4108378978945
4734.1068632305805 5510.809721376939
12.095303453512063 5742.046172400771
8995.426777991472 7958.827263411164
2112.71020711455 8186.368120576184
4691.264692013872 8037.443334855489
5022.195249232825 1871.3762224264374
4766.049235511381 6285.636031493542
7946.9656995605665 7630.421031391688
8389.381285133128 3620.398979311489
8269.534722820037 5577.871720812823
6595.568058745334 5067.461606897607
3287.5040171492974 3894.714516963463
5275.649927702006 7891.696333276132
7128.078157895701 384.96357050857745
2391.127378528065 549.6431326416885
8598.907121428329 9343.47751451681
77.41115013852217 2763.5259368090838
7816.1348460258605 9683.969536250463
5166.359764318506 2455.591112115608
5593.118373224689 246.70685926124315
3581.085388289589 2283.553283033959
9778.350065786775 4738.597869333705
5042.546667329424 7082.385238652766
6998.701721559228 1854.067235971285
4576.266503528716 3644.63938167914
6594.184442637048 5783.322472504936
6418.848602579248 5960.948295503245
5922.994393382459 8535.32033659116
4097.789608701398 2294.294542036921
2670.695665277142 8285.942785425234
7694.41346797221 5276.106782771306
314.9696126840562 7307.594038751622
5598.583851824933 2589.1757525076077
7477.434188291761 8944.640416310855
3425.1772472187326 3741.8532864703125
536.6198053050264 5569.804692514232
7186.125615073946 7939.9392632409645
1581.2650351582868 8489.84637075146
1298.1715296724472 9127.118638555246
550.6703359996701 6364.546086946071
4555.300322266758 6891.764336977072
1238.93068417803 861.2288916566391
8806.145164855823 6127.372831893571
5732.442802244021 6987.755725148651
5750.49002601741 4085.856272826104
805.1636496405933 830.1174749640617
7005.319327628192 777.3611744126518
2813.6718963675876 9266.47339495433
1389.697128436883 7547.245338641353
4714.164411330379 4637.672255496228
1239.0823431926513 9100.291144611661
9966.096574138639 2325.0013973152563
6483.514775531555 6244.189940242434
3292.2559123887386 719.1139550701054
1210.440046122765 188.78306369288
7532.631851059835 1159.7813450923734
2481.7601651411283 4364.501035672004
9159.52781994918 84.32694000786722
5286.034951645496 6412.893564495169
2413.9369726154346 6843.299650984311
680.5807870234293 1254.0958992255214
3478.281098006918 8425.14394913632
6414.543233332951 5950.530262396815
1618.191718650739 6677.33296651922
622.8478232715373 8463.097721896753
3806.088694643354 4519.630329335449
9542.264797096117 5335.562808574382
2981.892639317272 5115.848000529344
9624.64546107196 7844.790568588846
7811.281328444859 2003.6777553339814
2908.719692464128 2218.949401337026
3569.4829944211147 8777.866308479142
2060.675188866684 7152.7426769608
9608.673654695816 4080.2184907840456
8105.059520025503 1038.1875867073875
8759.627374044043 1370.6072144680604
9541.380773189794 2081.4132061946143
7973.341956853649 3236.3757552482853
6278.109981741322 6790.401941963437
7525.945889861959 6843.22310806323
5614.610081515034 6195.550875698758
8190.265738159373 538.8599875328115
362.8561387332296 4604.383955317471
1920.016009303842 1591.4355839174466
1124.626228413348 2693.700272585523
1797.6459235133148 1577.925750435456
5726.182127413657 5306.892150592489
1264.4608707834316 9033.3903171122
8861.279069456195 4451.126577617855
981.7131640566346 8630.199439871769
4104.677569113422 9678.529334694063
4063.9307365365416 2377.037428547538
8632.151531820404 1287.4717317484397
6880.837687989587 1110.6936610353102
8219.325627823759 6594.506432348245
3141.79277051173 3899.3548607895336
6390.489794373593 5904.455549661438
3556.7523274220016 8884.315230805
6949.881002400204 2745.6076252352723
2010.3422798523507 1557.7232323306723
3551.734860933997 2438.9311516551525
1890.7033685365948 5507.187213910261
3451.755415548612 4134.666334495386
2982.346360586755 6253.768573086836
5131.4626768385715 4076.61142402569
162.34092936637913 968.0885993054478
1098.2185134116874 2043.868924404919
31.732266500829056 5569.981632603615
7837.550556030614 8671.776549842145
569.1600106939121 6000.331800746869
4630.729577407953 8668.193654542205
1911.2356886405469 2299.4285991736997
1749.3768452833601 3818.273583326317
3444.3065320768583 2534.3858348548474
6400.211165891177 110.30078966598577
3534.817762645861 8588.8658701458
1716.8718162882324 5317.12563481388
3430.5598710366335 7361.559027660609
82.07867167186578 6932.186684538091
6132.665767846195 9015.568719737857
7112.227680799655 5486.057243667483
4368.304652792685 8579.053945797836
6747.83505032371 4958.910674861494
9186.589837091726 8418.190751465923
1067.0841549431952 256.25223951995736
2155.3050222127035 6886.707285751585
676.0483561010755 1529.7118383964714
9653.625947384957 2801.96226786792
2827.997691396371 6501.656555176845
7336.091686669742 6305.726448748942
4785.519030710448 4891.823935885325
6485.662353164156 4138.542880011766
9363.012519182397 3546.1355115280335
1678.7766751100485 1389.7353111866685
8073.45391120965 6932.304776284518
952.8959325070585 2380.839991239938
4852.139449117867 5293.801241547352
5497.108262690989 498.4433768718244
9941.456658992585 1943.190327591452
5778.936278658633 513.1042308090073
9194.560510148825 1927.8214873635202
4975.575269345795 7204.247766232592
8792.14822337204 6615.286017968632
8595.36586979651 956.6183147536367
9165.369919470375 2623.022978789654
1255.3778755002654 4402.0837933971825
4779.229500409904 8955.907709120836
7723.572882839139 4151.28631181422
8354.661628554677 3217.598764649562
5539.073939780792 8192.834256850312
9093.800173036381 6325.887841366043
791.665803774132 2633.441058356368
4521.780131964365 5289.237697177084
6971.714907200746 1110.6104378503335
4669.742838369474 5291.153495408696
9194.282898538997 6430.17841375495
5497.5435144775165 5580.983280158302
2556.2837944374915 6764.219328159024
5690.988568944717 8484.195074005735
3903.111582890386 8090.533194444466
7267.254007790936 7222.137026354817
861.2471800187038 463.1261324594205
5783.47428036514 6170.732423039747
635.9260614282891 8173.807936800076
367.30525584526606 6689.519122813409
3778.0330154779763 2898.2269395427384
7274.605593389818 2716.896573649038
4891.959987844816 4515.36776242909
3228.202230590931 2954.395514629956
3086.2501341061334 6447.74396040101
6403.035339453597 652.23414844639
9861.42333612789 1090.2133156011462
3596.805157906853 7760.389793708391
1084.4567285040653 6178.555172568462
1861.5748994092241 7523.851048854391
2716.9774780746525 4794.644822879471
1670.6072115090076 8477.686693402593
7044.294493127361 113.26965126115307
6556.044277653517 3237.0053723155365
7294.982052687483 966.3287231407658
1076.8641145890967 7478.84281886715
3745.8005459059427 5833.365269535307
4962.881156166868 8077.463717713371
3674.3223328951703 963.0820787145323
6329.38145821272 4481.5159588590805
851.7051079496918 2988.6955031596617
968.3126699593281 4110.932541396423
7660.634474968263 7620.68241603324
7895.77854676956 803.4262991364471
4378.5360706257725 3783.682841986172
3571.9121601093375 5154.876561472837
5683.737579588579 6910.020516204154
8508.036740173337 6974.861553748211
4022.332990094831 6010.5081512175775
337.3433792896463 3018.038927505474
3116.086746192205 6613.906262585831
6849.147452319545 7654.038067762551
2596.790222981442 5699.610280606506
973.1140334374477 202.97135347930316
6520.058508237568 5343.839477844622
7248.6691911090575 290.63147234993704
4341.639864398838 8957.807574664637
5926.142252050378 1766.892730966959
2831.8821604656887 7717.059508358711
6520.011705272047 6482.788126204303
1359.084143719499 5064.353719271423
7370.957796259579 1536.1833027771754
990.0299304260918 4014.186009985664
1572.2523764693462 7472.930849712798
9936.095017363183 5395.240248313149
2477.341075620856 369.82896520427965
4015.8760035626096 5137.762830415862
3929.305231585688 7727.67204850263
1010.3877082675672 5246.060157398613
1339.220218153191 6667.129708203405
2054.4393657893224 6192.017069598755
9789.24704313972 3047.143187921303
1537.8854097724059 8123.742340578966
4447.633660408184 1814.98206774382
9383.02293154247 4504.147374132717
6756.620073161339 2149.058855979373
6019.484958320458 4577.469732496074
7090.574702303609 5770.049525159233
895.5590783611744 407.4525785299221
880.5200262805657 3172.8225136668743
9944.936892909966 139.09780092693836
562.5252699872041 471.13303742746916
6070.477557755708 1606.6137806715553
131.28198735019802 9048.989711480956
9411.652164393521 9443.378151015622
2566.4976411438925 1277.055260669322
929.9040407709869 4445.442528986724
2948.578348270263 8179.399521860357
3676.2486890407076 6098.308132991197
1691.3923445880287 9125.36774507256
998.006832625945 7897.406048001994
2993.7403817494214 9373.28929581202
9896.648742860649 375.9127792850947
3347.4846555603413 8607.198761350228
766.2996423074586 8599.245532556175
3739.1142629217043 2484.699842640965
1822.5410616540871 9293.774076887665
7042.856615750488 9653.548429235982
7673.715333796239 7747.995829624083
9027.26938053563 8696.491132957744
6692.0202079130695 6157.621127920538
7383.580219436533 3028.348286584984
1109.2632386691691 3181.7209734219955
8232.86295860571 6896.2740592526425
7092.214163811428 9135.29002028269
3680.471600488712 2323.5962164140565
9445.08190201743 2464.28052375522
7159.982630039535 5089.574256391645
7041.7144250376405 932.37135718934
5545.22104206491 7651.878282514105
607.6985748262065 5294.432605112832
8307.77284577557 8295.541041409737
4052.6200762539565 4139.851808770024
4358.7200593555435 8731.589508555653
4195.311422574658 6059.594184405448
6637.1596828932825 6870.511439986248
1430.0090053462366 9324.06681498107
2994.3895576414147 7560.171782337236
5648.901814394196 9854.5647083685
9471.488652410082 1704.743625576538
7566.647513730981 5429.2757948878125
8679.326665237713 3370.6705637904233
5484.995866293425 7785.529242684339
1663.8846313027755 5237.632048264706
1490.7525974711054 4563.170509566712
6376.082364720597 5066.935805454435
9097.879995084604 9879.651778699767
9664.147550892587 9736.716418643247
6424.618528995951 5735.631435455528
2567.879847911516 8832.767795458625
5139.090327072202 6420.572391100768
617.998554066913 6785.796302243696
5611.918661415827 4621.043614965609
1830.0890707769802 1110.3287868716404
2981.9827297951797 1030.119582973269
5131.485708622669 4427.4663955506285
7171.498630080724 8914.484978539307
1070.7681042711758 9643.12894656514
2279.199958122309 1316.5518741407257
4833.363616675353 905.3816314198338
7235.469563693532 1352.0977854026905
8823.085043645606 7778.89966434129
120.84618476504328 5409.6394476667365
8368.259807214821 6451.566663392387
3129.417554133197 4965.958486876578
9472.430252689295 9727.667598349264
3801.1811596762955 5202.8986438147795
1953.4390480022369 7064.082229486723
852.5365816878239 7643.75673400184
4801.036505219818 6970.341230941288
9701.649260288646 9623.294214172583
3131.979134441416 6720.360635280434
3615.5049446492803 5563.59711970847
7732.914043573911 8513.122193406396
1298.052622322302 3748.7180274139255
8855.170707229388 6971.521143230364
693.909484242885 7574.233706732125
5661.916998830795 183.05484736589662
1799.6823465176014 2093.558319841479
1526.9520487161415 5362.98130783883
8355.036536256615 5091.053241187618
3245.7512472550334 660.0261577513688
9428.221366864977 6882.675409246692
9143.193272423543 6626.673777015838
7115.839786302112 4578.11792256692
7048.73768900046 4440.527631515638
5844.228877867809 4634.088204969758
8158.642271263726 3090.1815445070756
2089.894497834561 2186.5795322518165
6916.143035218748 4428.492921619445
729.0207259749503 6870.694212723961
214.3433371340353 3248.105867603325
5681.157305066234 2619.777802965577
1462.889928945804 9348.522795938474
8029.759015479647 3281.3265475036155
6358.341338969461 9940.97678026305
4382.337836151119 6795.337289945343
7559.459454485003 3676.810847116042
1875.5595970745587 8151.466108285726
4892.486916783847 2087.021682462483
3935.6977079909416 5374.572422509937
6197.7994252824055 285.08127047707774
2672.4359792718287 3383.9193568845294
1478.1496928221015 6412.100818317874
9614.088745975445 7729.515369333851
9620.048897309747 8492.852756580933
6384.8854251514695 3929.7736706871565
2633.6581611043553 8123.1265394045595
880.0432132923985 8417.878407758859
7092.893713560655 2723.338260906748
2511.9351040947768 3949.944362414055
6256.273181978517 1970.2741972420267
2180.728424660863 5736.262524727596
9210.36300513525 9458.297155940503
8765.458903843406 4527.625113115001
5301.511582293759 7643.301188840595
4136.576368454809 9421.927739466626
3107.8822740824453 2687.1487085936164
2958.5750984428296 6251.952707794705
3252.630289584294 5947.283861924047
1881.4064490176663 7073.432330649192
3470.3920148996203 545.6610785422333
5111.942555462358 2493.2028117677996
2513.0850421843675 4703.087537125121
9811.844895083323 1360.4593638916285
6717.348170411242 8339.52858021316
5285.761729242733 1689.8231322830793
9354.773284099958 5817.877640134674
4503.86334194673 2593.139266935508
8247.413453431924 5648.147455197886
5145.299539173796 9467.62346023159
1554.878043272927 7470.989957816243
54.24065484027074 3721.18185648053
5125.653818278721 7703.906846628368
3767.7441562358117 3911.4284149378086
7354.120539417983 7860.468234784214
2604.765360258404 7333.130065793109
9096.05336036908 3742.3027636044003
698.2075302082602 9809.51052420333
6869.239288643665 9455.584665765753
3306.99012876157 6726.049447607895
7302.15723410351 7518.19060961918
1762.6842884828675 191.11370943328708
9592.502035427371 5200.652617831802
1485.3500880664071 5615.963838802073
598.6593690422349 7683.488607927036
5645.782678216337 5977.37951810267
4111.069545754391 615.4463182533809
2256.4576765519605 3559.350739819005
1836.7425629181243 8221.642407887717
1741.037449358247 7065.9892281308
8679.017666496738 8237.541386922732
5362.387231599261 6656.008806977828
9005.98735896619 1634.1659619460324
2281.618189621182 669.835731043088
3774.835120219823 3351.883573020712
4475.761203330072 5603.609446023647
615.6615329428128 74.57007486831868
4259.246659713087 5230.033475610923
277.2067932540234 2452.9035236776785
8734.449921563497 5674.247214734934
3198.1996682750923 2124.9905111448766
9139.13343614925 723.5847746913671
9391.89499433022 8384.487999047358
763.7000103058878 5683.29722314664
3317.689487590837 5410.829222848219
878.7486765625707 8686.009937393648
2962.5323904240454 8603.119624593852
7943.49942878505 5520.896995920487
8966.175685668286 7748.721254408541
5258.237389335371 7769.255580486416
5298.139171613714 5509.49745765643
6178.996692035757 4316.360761903499
7730.59159906261 2023.1384279046395
6030.293202907514 3155.1956592242936
150.1752458697847 293.9523217374096
7931.782175541781 3805.8428158423794
1613.1360884649782 2486.943333907179
5897.303177252466 645.034281595499
8971.941729215216 4240.968813048742
8769.848684412415 3973.558736858681
887.9030633248098 2681.206594117681
2823.574002091581 8744.923877593574
9093.14275569152 3938.1253250594073
9194.038819069672 536.8804381000924
1876.5788641226322 7669.599207206596
4690.456073145939 4568.113673473655
2942.423139168061 9334.765858224375
998.7956473718796 6345.613608655396
6026.020966794467 5782.672422553188
7802.173034281225 1873.9367526841277
1950.6886645993527 6095.7166742707595
9925.026971864656 1265.774788747094
170.5273387364481 7567.337027796411
7250.173649373997 2063.9525160792327
1268.0286385867523 6195.358060449082
8862.896498335367 7618.175074667357
361.61043243126636 2136.857251614308
9643.816050446414 1455.5525995860364
3927.046508273918 3197.365380712326
8362.354653053619 742.1288120583747
4148.09118109544 3616.6681129030744
1215.1975751132927 653.3481795184448
5585.416613810492 1165.4325849571267
3709.220492228741 6754.595093566623
8689.319904337404 2881.3305982094707
6805.94225154535 4338.644861066518
3480.4748950701537 8650.287957447266
324.6284196423055 2075.066321652801
4584.340754824138 2277.9383414650865
7743.759665533076 2297.3230056479497
5728.660202247181 1698.318181280214
1745.6507834575941 1786.5172405223984
7799.812201881782 3531.28609005682
9116.585405210011 5006.433045411232
9602.614850581533 2327.1098294646376
6944.911632785975 6402.725643220616
4579.492508929922 1526.1125136949938
9452.119127699823 9599.82013880453
9918.7611433424 1413.223092870929
6246.999799285703 9112.277040269486
6718.106947505954 9161.732781014083
8310.567835542764 4533.087640993923
1168.1612367215266 7437.508569256207
7599.497701960159 8069.567401617363
7082.407269401133 974.3693625481342
9798.41241882265 3768.2159037134434
9523.477741318515 5033.282892201316
7456.436946157492 803.1152897031691
7762.234740740861 5722.497006556506
2511.005721402191 3798.145803824775
3354.845041572625 9782.669181283893
3031.993166130955 311.4945896790844
5734.401953396619 630.5116129407106
8911.816089368533 9331.640907465795
3387.462692852979 8206.423531248853
5182.230958644494 4917.204295494729
3422.2043450330607 2486.037536117661
9656.129651985777 5958.740723803905
6133.728253636491 4392.5518078668565
3672.71605084865 6448.7833541368545
4033.372843381554 3286.1856497933386
867.022238518329 617.1164965816978
6732.715175538375 7209.035211527247
9089.801452091984 3821.4860581520893
4059.283110897872 628.072606682819
4871.414851774088 3179.6434030812716
9829.81348115357 4545.973123086975
8153.40450937571 1586.8290434848375
7818.231091761779 5538.916680858755
7404.025166353259 4983.501428258561
9629.344887444215 3532.4589363072114
1689.0851178895948 5521.3232220894815
1425.5887727542727 2941.020402256813
6787.025172655691 2621.1160269591705
2752.96228152191 8173.498508986203
7017.23865357554 9824.702227889624
6073.652318661838 2446.953955409844
3093.2219794866846 7813.2527046122805
36.64915536758628 8352.285968544635
9017.214549709182 2997.9618231306395
3003.9947801099397 9680.25111656124
7800.569437622568 6684.578491959203
5899.129725901589 6643.148068793944
6624.175649067834 1971.5193850066303
5055.136801073799 816.9299875956881
6945.826032554092 4261.998707266133
6414.50199418556 1880.4701200103502
4016.5082850996146 6553.808888183575
2168.34655539321 5543.152163582934
3285.1708065882267 2516.0886125943903
9721.90871699961 928.9152105856657
8251.596510028588 8770.623855861011
734.3831591033112 6124.331325774072
5469.590448846456 2765.923812723534
4905.054893791928 2600.251306999565
7607.774223106843 4165.51855409342
9163.992478228074 2781.0052693749976
4742.847599706611 5767.631760015474
7974.388455877829 162.09608773926186
7390.264966163814 4631.581466635627
4564.9744217258085 8066.78243244234
2169.8467119759835 5306.966053146577
6084.752388356342 1383.8932783473801
2458.9253003322033 4844.894528782968
7908.625349321251 5443.676711709103
1903.2068447905149 3616.2264145365375
3621.325046127178 7565.43354697363
8235.600562525296 6869.987314593212
7568.376844581872 9750.142004214362
8495.854677789757 9435.828046057775
6286.657714040041 5493.231715954319
4448.908394004379 7.603008722236737
3613.4373886994163 9757.119739003583
8767.451368393344 2040.8400441044805
1821.6237138674928 8770.072380219824
8374.261745337504 5455.084984731402
7740.251107282755 5507.411657337806
1232.464826095121 7052.799330319856
8493.091907929473 7463.037252675998
6826.943397327025 7849.698511418658
6224.5877997210655 5633.689392044716
8597.698716920704 2357.1179164155787
4981.134506218129 7515.327146923471
8666.044223747824 8265.199314757749
5777.074474615711 2350.4564572110776
1337.0937207723111 4946.3913749923
7798.585975658751 3867.189011734418
2067.078502072297 5731.962250398858
4684.982079299181 4315.26995201866
2851.6112372195644 2009.9249191849156
4875.760648675502 3731.2633863423307
3321.0894665995506 6850.980696727948
4123.078615514953 54.53989960311101
9222.011709698836 2089.7860806285094
6443.145457168708 8967.661871400507
6418.054610368748 5572.0529781762225
7016.364489945003 7149.215089359789
9062.341712487536 4623.6994199932205
6844.878443810437 9004.090208182219
5172.407134023708 7706.462330957587
4337.49734285113 4875.669096745116
1481.942044921748 8695.095016298768
3415.8256769690142 8246.325592302775
2148.4832715261314 7244.470520721673
1221.7236191270943 497.09989385161134
2663.787922485541 4310.619985274972
1055.0702759072817 4424.365528170012
1143.7092831813388 4047.929761655161
7782.12717976581 1900.7535210555027
4066.975073862298 2025.4328941118804
3628.622521780723 6819.556328902739
2487.338963460979 4988.33177992022
2008.0078221960484 1776.2862015905623
7761.163206105437 9236.584436907133
5834.169901980894 5818.015215162441
2912.5576147549727 3100.60291779379
4629.201870138006 1030.5764869341515
6900.791615594301 3964.803418590341
1660.672561577381 7735.661493712556
4259.760577822338 1822.958533461051
8329.15717989158 1634.29995221397
1846.8762462642662 9445.00027782302
8075.620848735383 1360.1626480177508
7768.822791613778 3893.1305847158083
6189.577331409902 1595.578998096978
4944.2024512361695 5345.795052207437
5072.768250971735 5155.116409632984
3218.168441811183 6971.278894806312
6749.443849299115 7256.020948921231
9461.726112095388 3938.390435459055
5713.146648865903 6571.772184003173
4668.4562021814345 559.8987220805574
5561.231445614317 604.4555879217817
703.9962543585876 2035.0934771146178
2292.184411151954 7413.613420963897
7068.691288758043 1291.0404215817928
5627.128482353954 1803.685691840441
9801.40801358235 2017.8084370757044
7265.732991209299 1699.1046760929974
482.5751370822184 6151.148232312823
1598.0741437497315 9625.56297236922
3187.103933529096 7776.802780937915
67.81755698926584 4967.923835616384
1192.9086163826973 5713.836138988244
5118.426378899422 4989.701571106957
3268.331929303875 3880.0681578532135
3452.924392446808 6475.98541168632
1441.85877136206 1950.9085125454162
1199.0711362641825 5301.1414409731315
8300.073352023264 8793.581699636894
5495.636504695113 8224.572325997422
2064.9022487540215 7691.9428076810655
8001.787621130031 9782.275176368694
1968.7550758654127 5472.784938012503
5880.430845504673 7268.885143296698
4776.258454057492 7302.741649155309
4917.680172060885 8494.34891139437
5693.856287347626 5145.590521583602
7614.448208835521 251.32386307289644
3363.623434943512 652.9718086473868
6322.489773809266 243.85196600335001
9155.223972186355 2607.2296335831293
7796.049585553261 1604.8124975801636
5550.019250374403 4943.298968526836
891.5991554733649 7069.106231927867
7053.908599149848 3847.252303646006
3571.972644720787 9371.482066021925
9780.569598413804 1462.3324215631262
8857.541585640121 5502.368115611415
2614.332729659611 9328.994930266075
1915.8966836924697 5082.019923370018
3692.0145991217923 6843.691657675515
2092.8278348436424 7302.7563396661035
835.6041270567715 8741.82474849141
4361.233367187233 6641.002767278536
3522.776921124089 893.5081671822953
4400.901938619301 4855.316557441735
6999.790192108779 5546.475186990048
320.9530131775829 5663.521912119636
6221.393116824999 5558.672549006048
1898.0409020350519 8931.536007720317
8444.958071609397 2133.785797847918
5127.258604870404 3208.416757990468
8511.121684300851 2106.144351113378
5869.007712381595 9006.623112930292
110.80240754801073 8917.156903434885
1423.9227255404362 353.4252672359184
9668.53851709392 6083.630335803211
2979.2737694784555 8828.858467865877
6864.665595241848 3179.031824136844
5044.095646684519 2557.5673018304924
7273.9372949138915 2131.950012732452
226.6179396091883 2436.337561229599
8115.766482936867 5991.723015271679
9006.402522972337 9256.071794832402
7691.340782601055 3219.397038019486
4514.921695304056 8316.410410384742
2725.451247461793 8032.88700486575
1762.1368068746624 2633.1593624222605
5535.942005968629 1368.4103304253447
9232.966876431154 1903.1356949209767
4721.275598412747 7615.970048544203
8326.365526764861 2017.9949805239405
8886.781346384189 9444.867600772353
2721.050691936915 9108.060008343693
2822.7327160051796 6755.926934520166
5425.759278321684 2849.1216619677252
9502.479491283068 6080.313133943296
6008.2324698182265 6079.634225554891
9286.439725855045 3590.536121534812
4295.956389047252 1652.6872995017195
9797.830121805364 8297.432147091897
9703.020739696804 2886.579468081266
6078.594806145968 1977.6132702043315
7261.277011454661 979.7800064542306
839.072796290039 8909.0864691341
2420.315975141909 1320.5177194554428
8882.51601681076 1588.4434448993645
6729.5987654075025 748.1804695685479
8115.653859625467 8261.220363378046
5627.421677931412 9513.176368956276
1949.0772989453487 4317.741422687721
7735.204246241895 4933.845975260602
4346.288908149949 2389.951163856431
2291.933543461803 8563.479575445825
9297.851914519591 5330.451371263417
7662.416265984228 5057.439317686721
1077.1397810021854 2163.1585391081444
9214.322593246816 8869.842211514055
276.7752728301398 9565.701665386374
9282.831963859142 4411.213897110656
3329.9180429932985 476.8820620838665
5428.021939209508 6362.973840745024
9988.142852683697 7018.223794075806
5738.9654694189885 9471.56680134683
4057.728600452619 7076.840080358672
1549.8320971319224 1334.5099039259046
7588.751664982933 2617.550904564232
8607.118077598949 7442.574531530209
7666.46370148532 3075.38530227336
7463.455333531066 5056.779876692602
7972.000890197587 9025.30709592352
2672.2807761516788 1375.8223454259066
4359.562526716036 9734.205995368247
8218.97210068019 1889.0251785907808
4839.762445073027 3170.898612527332
3547.8881592714306 6811.83897380248
9563.946249427501 8583.086499097593
531.074588898257 7065.380544853743
5671.834952390418 9845.92274412717
6773.23251666927 6388.452078924579
5194.9438456741855 2445.0412381006104
4758.863968821467 2859.9303742772886
1600.7937307758934 8177.604167096059
9521.350202869366 1361.3743480437802
2018.018458774108 9438.131393163107
9750.031046645501 8324.151752836242
7700.046180553592 9301.571031844205
8550.197346132436 1482.3325362051721
4865.108034136918 4524.280725825642
432.22668153494516 292.06006226532355
1692.9122606914937 6054.28716197738
529.9208177944248 7180.054641160802
4963.393828627537 5675.399043220026
534.4395275201564 5848.364626418107
1590.5329508297962 8005.446933255325
3379.0420429671576 489.425364039151
6134.307008650522 4227.129426561014
5321.188268641931 8954.95097517899
5266.428256085949 7650.650315508011
9742.364863301253 3674.1219838236916
4120.587313683514 1490.5282314156343
1722.3465802164762 6431.000829526434
7475.510405340866 6084.669339432809
6243.417507671637 6988.046238213565
799.206756159755 6191.99435570608
5741.408953556505 982.0618426682104
2325.3698518927304 8975.614903262742
4644.246214479463 9520.860390111682
7537.968385620285 9811.755516969863
9525.0107741436 1473.3800634920678
1707.6420368629142 6160.323302361717
3545.3670596578713 9572.944636935226
4453.596738820333 9391.22930143187
2976.5178686392123 3142.8079768164353
2697.27140665332 681.2678949640206
1758.6931615463964 3505.0832224299966
4829.12694897246 9879.56605585979
7296.493769828838 2948.599820085853
9427.482805508042 5585.313424468832
6986.247467505928 4508.197376759048
6448.411743514146 589.6916082749337
332.8608834622038 7747.40725451318
7448.273232705775 9304.622658337976
5937.4744936429315 5238.432370041251
4105.551440937278 2834.157112007355
6123.565668729168 5497.787611853905
1076.2362461042485 2940.0299582812486
4517.961744055479 762.9144954302469
47.066548596227385 8311.112583556978
3514.56170665418 2184.5381673436405
6743.533864208259 5267.191963318155
9222.3879807659 761.4899607752168
1604.6196366539023 310.7140364528493
1235.9224817825354 9659.166350304142
7853.822809558725 3785.8291808365484
3364.5037808403777 2429.7565130649036
7776.1030353444385 2312.278620903836
9318.896037807739 2091.8122486753678
9152.95568256143 2632.3723180215043
4276.963414505455 8028.702680422764
9012.90193643833 1042.4986400083847
9236.715642193187 1229.931754356991
1122.2611518380454 676.3229019439443
113.81698253465022 3526.265381348891
6971.148775536404 3565.0268406598884
7651.976906803967 3159.056780122689
7402.222483619358 5620.642840246261
7388.475662733251 7276.118923331395
3484.776911456534 471.74928883910286
1153.394680038091 1760.9418635660888
754.3625940827003 2426.48463138279
2879.964144695102 179.0080031680774
518.1900008801255 9746.05114937862
1864.7535102342572 6564.411279161736
5569.149508229602 6882.574864695635
6040.271389025917 1271.9375076036542
5356.359182341598 8368.39577771014
6308.861494072551 5184.219624684424
7427.736444175973 7639.564134894013
535.6114805269474 5190.530907059473
7790.156048571833 1234.5229652202195
2409.3222783206693 3043.2360542625556
2725.345414561843 2529.6547446188956
6054.409213306407 449.86996655520863
8554.741195376799 9456.583989010378
2012.9376363453034 5573.2681790469205
3864.1099795632617 7491.818351085681
4014.8222518183106 9989.128982209777
778.8152084752775 2617.52221341371
8815.550246840612 589.8339451253931
8023.1885019050105 8922.919028305965
3304.610258965175 7925.314702799027
8702.545692494967 2049.0145843838927
4074.1445351173043 1036.198180217205
13.95944053736331 2775.0505481198793
4686.166635060334 8961.42581530971
421.985622706964 4703.283285649349
4988.011553619735 791.9833853759917
2228.113535148456 6219.402531976216
4999.522737245689 9394.343675507927
3917.791333785725 9689.094164347202
3131.7959855319564 8741.667663439172
7186.453151576799 196.96673538339704
4796.1401486548575 1167.7668958628462
8126.056394749912 2042.2508225007098
2823.235047936259 8798.284501353446
696.2119266619482 3676.398340485927
5536.298706249111 2915.5021423961425
3309.0710999815874 800.8983743516451
1808.4019394612737 6077.633945352741
6124.7086333823445 2939.3407619745526
4982.89831530772 4440.424870385063
7483.822111845624 955.9503107654399
9147.266216586402 1918.318619519651
2797.144605022277 1713.5308534415506
1924.4829300523402 3574.4198917979497
8166.043400417081 1346.9479258664064
7682.386202231231 2942.919565630553
4026.361395931759 473.99354092999226
3860.301077602524 6864.617665058496
1187.63070615845 3073.669546916977
973.5405208844771 1855.619021821955
2782.366900034192 5732.640610120044
3780.215104538147 8031.235976500168
845.2344708506165 5493.796712918265
7081.117216662398 171.58906678593323
5509.44608310499 2636.584536546296
4672.271064574216 642.3399983806232
8137.84100392785 9376.954021405261
4081.0689641615063 5573.4537685729
7098.666114597926 6695.482159794987
2890.7432892689853 3950.83553371817
6351.155115887121 9285.433141675217
4694.24887968783 9090.13921985536
2523.5900433856405 2958.2166323835104
4017.4636976257207 3339.004782035605
5746.597189671732 9751.913318080022
9912.937454384302 9793.423792596695
3147.0115599058945 3459.234902962682
7349.251153107722 9315.898765721233
1612.7278471937334 2324.4926614171677
4007.3760854139973 7207.501280345095
8206.520891260643 6254.850729166083
7644.250402386317 1512.8995508884902
2436.9108722151377 3049.3409874282374
5795.116758145342 4126.869633625692
4486.718022544056 1869.824742799856
5259.996574893674 6622.763049682714
7455.028664339499 2461.2851476782107
3556.0019398866825 5037.856094005872
9685.883365452339 5474.5368526095635
8316.013957936293 1727.455314399079
5337.060363793217 2652.64647801544
3475.586994831161 7839.093890998435
7484.919012713418 5613.0604956606685
3013.764206877162 6960.097208179546
8266.339380439733 8490.631996659862
3999.81746712575 9056.260934848522
4826.372562034549 2802.454246086671
746.75620691529 3946.325668787076
8170.297709991159 2553.6009887760247
983.7734672195986 5246.3944027702855
4411.356424588436 3823.580664770515
3133.6286481513175 8970.388312870116
4360.513696354704 5856.516730711376
1017.2940299461652 5787.090832115381
7922.176464381086 23.766185079755473
8607.018946078197 2311.280714802686
4339.872783746808 8935.892697298399
2810.2944990581623 4745.910460916601
7978.479232737521 451.6145259242865
6691.0314318307965 7694.240946844699
2034.6560548671844 364.5499344409908
9020.58794402465 2025.2895433300866
9334.73335788209 3144.285713623598
8600.115985641845 8302.91227932978
209.36676931796572 2266.4973990752615
3407.023589303482 6478.281988122659
2326.8566635294674 387.55402341625
5292.170708390302 8297.488702131022
6322.1108161472275 4902.24382759233
690.7573597177729 6190.435314326359
4075.7998825973386 6268.955506488165
6608.6798791953825 1284.1526014899996
3578.338985022079 4894.860757922878
9007.462083225766 3623.1198135151944
5455.90323382262 7344.33997797441
7634.701911529409 9681.119625988533
1440.767491451279 4167.101019540135
7333.293572299842 5813.617775471298
4335.832778584495 9738.138653351676
911.518183273704 1426.6038755446064
2353.2868212309068 9159.892689110047
2767.4254151162845 2327.2901020735794
8099.916029465785 8497.659253938082
5634.753206359741 2974.0116671836113
3936.674211945963 2402.515284736946
5053.961321696761 6157.128730798005
957.6823122455879 7521.722972667195
7470.7849835410025 19.682301378534106
8413.91752702146 1004.7746947605596
8226.041805010813 5266.010479029045
4049.425490209608 883.9545993122189
5124.250728025558 9908.482667099921
3522.9681498358455 9141.485625709432
1754.954861744219 4966.9636362978645
8855.599097325225 8871.037588624049
2289.464185811576 2162.572991782197
1674.732665047085 4099.578735918894
6087.06348393481 3836.758519804219
6917.857093325197 4556.248723320423
6118.558602646721 6078.652287980671
6614.1150686855735 7958.140717877948
9951.36480708117 8358.137120133775
1379.5528949502534 9228.581994721471
5839.163454320775 6838.998493245831
9341.925011111267 9471.700845028772
9320.489330083288 3985.992530987146
8353.507437702869 7497.778066602459
7654.430844857601 4081.615654785382
7555.461951744061 3227.0788770999084
407.95791834701834 2832.810384105937
8624.863467216648 5395.5670824138515
4558.223193088658 9374.798908609648
5365.588121961569 5644.103741877515
1584.502417708199 668.6863359733608
2696.83107764654 7293.441553968524
2198.274610401307 1541.4313183643712
2548.104272892696 9890.51781298995
1596.2699001882797 8431.231007910852
4687.145197957197 9957.269401426272
4420.137217615091 1278.325186191679
5087.238794821141 4281.376425127467
3967.716741766325 5940.674414491484
3083.04086307857 4559.060380902514
4624.727560494041 9015.91929311999
1269.0633653633743 1233.2587128710181
9972.009200417991 8015.485230699326
8862.56287298673 9966.198279211334
1572.2841483307948 2463.6450538527265
82.65010897778535 6343.600979173856
5051.739749344379 5683.811344820093
3990.0205195563644 3128.451292505934
765.5470282795995 2786.2741610436483
1186.7767939527885 9665.461750629962
6072.775014077494 7686.063231474137
5793.400482470095 4883.073787890459
5044.974964728195 856.5603313996651
8200.00019033122 3748.0371016477966
9294.04508992587 9963.942344946183
5231.549989641367 1998.3108961908124
528.8110618798203 7529.487952216368
9571.902401285257 5513.234287076329
1436.0873317322453 3331.2365887634865
9558.94311991863 8775.618911440997
6530.809046074053 4383.43837804195
3793.3302168934038 1538.6159324082937
8731.158937261021 2021.6875203684438
2395.84256704498 4030.914211871304
588.433206686142 3873.5883897083477
8203.43327140924 8817.03198532179
1337.7279144145405 8309.247845064427
6711.670115170031 1775.163156414261
2234.3454787322103 342.8535770819874
3151.3177002122093 5563.246238761345
3002.158318217779 896.0376578769758
8729.39583520817 6414.624851950754
1643.9891642471093 5835.686910942059
5770.126516453989 9137.872766674373
8350.397187102175 7263.313293643372
3258.7621580664127 5791.059766852916
1792.085979311978 7160.045488856102
121.35945478299325 658.9357136209273
2692.4824171894247 2680.762831908141
3466.1527595302377 7882.217352644881
5250.85525324602 3142.8416064195053
2967.243874689576 8371.361744402362
1722.6789296001689 1069.437423071752
588.9192090808948 9482.91363768124
9262.770104194398 3524.1843587003627
6928.970141406751 4344.721500653226
998.0561855065184 5413.6343450152
1601.9783721706515 7687.012923239766
5220.661131260315 3435.730679971095
5288.604492519311 1569.5297430710818
7578.322525086161 7917.041627200011
5344.492847677236 7490.624024387617
1187.98296895381 9908.452995143778
5192.490349524548 1022.416428409193
8709.725734312544 2598.4578417863468
114.44661050002969 1336.826601627894
8592.05282849501 9355.13993229898
8513.951157003277 770.4847329003018
4935.833453093702 5522.402039669369
8238.929407618001 8922.237206121874
6723.0759992153735 7472.939877428251
2133.1093594288586 1685.1643224287338
7518.007224536775 359.9193098437037
5627.9405129499955 8085.728423825466
1171.770191309457 5511.261809123308
1891.6287123142483 6835.875061555164
2548.3794030082518 9474.9038690361
6819.526655936087 99.6145411312721
4838.399893384647 9350.344162907553
6980.199827636986 4133.811473368067
6638.148583412119 3231.244042429052
8524.064654674778 5183.614956686459
2646.036127834268 335.80668448359495
4016.5741385853926 4296.16440886485
1564.006122117214 2716.1059015148494
7175.502599959297 6561.909879564893
3590.849871755072 9314.494009935635
2571.9640228975304 8701.0871830987
7755.502035881191 3574.667892024074
8497.370493576813 3883.596036690863
6262.257283149352 7816.928092828798
6403.619559748405 4203.722115253456
9006.168735161053 1151.6171829977307
9591.376198870545 9326.86221960509
6465.723137487524 2831.677396680382
7151.393773498281 4483.599572759928
3291.2106546402465 9634.721187534107
6556.393956144127 2207.1908288483887
8081.039496784333 4116.95915318123
9756.109446960829 9993.72180583153
7074.573096461664 395.7875939827582
3145.6628855301196 409.8995091066571
788.8902630954819 5494.7847653106
1357.5422632303835 1081.6421079106576
2988.2061721061714 7224.323899425129
8470.005486616858 9467.339240687945
798.5136466988074 4072.9616009846613
7929.827323756753 1352.8562822694955
3266.330527389272 8649.210305754836
4254.878863589726 2601.0548593424433
3209.27714967455 3840.264609143289
5412.1084955726465 846.8132994721877
3817.52185410263 43.696150633266704
4659.072186953956 7549.22518956001
7138.97478546885 2580.0879491772234
4592.236964809889 1095.8629455059033
6317.425715650431 709.0363413367273
4162.861257949877 8499.69509634958
7251.661060649194 3547.8922262686374
1501.3347986250158 6637.448760898067
8204.913804248641 3632.076995195297
1533.4342082683684 3948.909711595121
7817.8340471391675 5857.7559589252705
7577.035778629065 49.86205897050788
2964.495764740365 8112.1026568203315
375.39942469484333 3807.063810544722
7939.778420356737 23.349031949525532
6353.215210122856 81.86629212328155
5577.798075124363 7952.260628814245
9274.190401841772 1569.781139381672
9074.883250235043 7598.634749465936
5934.020597703524 4946.507926827955
526.9231502744765 410.8714333982599
7040.1776440226095 9876.633465684432
8489.745048020839 6363.617123661313
9010.018542328113 5349.422425670843
2232.499786417993 3607.9405691227353
1061.300605793587 276.813780195333
4777.870334288974 5000.444856738359
4674.265652580632 4321.951720643403
309.2399754958142 2582.182442740879
9272.03329398912 522.2734962107112
4073.7889016202835 3705.183659848069
8796.122028978072 3429.382297560939
4521.812685431863 6693.86962875373
8746.495999236631 5208.6411297503655
8096.3898767129 9680.569782112007
2210.6131024050137 7424.618562173261
6823.845835638467 3568.8191562710604
6423.524023061748 8084.228208999721
7654.296002205319 8955.059299226212
8481.158907052944 1917.6023214819936
362.87384381348375 7278.8303913064055
9971.50668813352 6847.441609816086
7746.083996150268 8473.480446822388
5493.477090494598 1130.793870392065
7834.036981466932 953.8843515057127
9300.810105463832 3752.9088853563085
2888.167974039637 4904.608837990354
7638.477623682308 5311.023356543658
4065.349839727069 6521.419095933634
1731.5964645700155 7846.635265076537
3803.1562500111418 9110.971285515458
7841.958270215528 9868.0266468535
217.34879364818437 6767.991846480813
6324.848179514216 7150.497624562694
9101.492765189892 7726.194566462069
1198.9137857775045 809.9795095123396
9479.933754913272 7418.642259998779
5384.415691798814 1616.395219029484
8089.199345754216 5785.210735615545
4470.273196998485 3546.3406841830347
6649.211195427439 9429.267731243208
3637.8968905024135 170.36374854520585
3334.527132952483 6852.631227594415
8199.874777884168 4628.316685570599
6467.158127537751 4187.324624191528
8104.16166072349 7666.969195058957
4126.333015131245 9594.602173709074
709.4943396654929 8497.261967846656
8106.914395904396 6816.165939286591
4155.336300744542 74.29269315325504
4456.992011704651 2239.45429096581
5729.7363777026485 3811.3252834429654
5686.51708080022 5278.33087879433
5781.055284013543 8709.816243581943
1662.6570432828858 8872.45850269375
7924.6033187704 6420.656385237004
7193.890551845396 5473.095402216799
562.7996512097367 6847.5282056144115
4353.68143373217 4010.001020722587
3067.552635875007 8561.484427184982
6705.903364251051 5023.599010431082
2366.1277948570037 4516.553087333789
768.0141627737291 4398.489272106096
2126.8571484356357 6339.380647803351
7284.305164049625 948.8596072103328
7258.616357129928 9811.62538947399
1180.3815012607454 9483.3026238367
1018.0777534399188 72.01915024574012
4431.3560609844635 8915.987131943211
661.3208031118978 7535.7149276697055
500.0672084090785 4493.099065028682
281.46561904007996 4561.745755673192
2487.961263007379 4267.91056892284
6241.568845296206 8495.118098792018
9690.104252568499 2584.7906824282363
1442.1004784960855 8868.270457298177
8857.122015446386 7521.931038678313
9554.899634350744 5267.328551213985
7140.688819199928 4994.500802361474
9310.583173519319 7651.792930259603
3435.517799460721 9534.411329888888
1943.9612213850098 2761.997030813106
3629.6326223834476 639.8148154146921
1982.0909475683834 8656.876699215125
3136.029417235023 4026.916589010714
2702.177642118103 4395.296768281468
7002.662122854224 9118.638376521929
2791.6108814357353 3407.3817913369753
3884.018738093654 7669.116004615562
10.00073588961592 7198.002316905308
5206.379104269177 3549.972985097324
983.1604932173655 682.7693159292414
4970.173913423187 413.76251325136894
3651.5545481392364 1677.5975358325356
8806.69560654407 2201.9247985556776
350.81290666099443 4846.091598148978
3142.7357600782157 1279.0577561209082
5019.491527116286 4754.725917902213
6625.554613225842 352.25526824844036
7609.333300305044 3593.9785513341817
6321.9164298385085 7273.717599754816
2415.865606730194 6594.292326037758
628.7494172340303 6326.791015780423
4752.244711956073 2198.9339899268466
9319.32241380816 5660.05208099202
2156.8410137741002 4651.530305853373
8697.653285453525 8160.998931031265
2155.1311775156455 3814.254132116093
6445.195309004759 2250.3680113922674
8489.045095182235 753.3503714689705
6417.674805204101 9830.047262608216
1681.9936710011307 7911.879982532774
8386.282321523406 932.0117521782589
7825.3791606759005 9535.275609073453
1516.2465842612582 8492.656223362674
1552.4700285210336 1423.4972597308881
3237.149113959759 2116.359724279827
5308.1007773592955 9054.28364601614
7083.16544416863 6694.058509168007
7227.732013369385 9655.196676374297
4067.7479400523807 307.07394106028295
4206.988754905193 6897.861851506819
2206.0915549990723 5973.376010305914
5072.870183459156 6546.004586079567
7910.052705653116 3482.931245884429
1160.4022462349528 7609.593848128735
1154.022043601497 820.7300589208022
8053.582772997248 6340.599859571513
3546.573824479975 9490.540636381935
2767.0501942218807 9751.583082657926
4741.551217356316 4429.395142673959
5224.977237964275 1246.5264825615718
7983.56622139474 7142.260859338464
1536.2796435959824 3424.0336960615705
6.728390622415814 188.30769110990798
9270.298516633324 2146.21647140691
3991.7407439566246 2214.6307954230924
1704.6978819804092 1562.2936216049034
6835.327765578505 5360.245899837012
8847.39764657989 1934.135206663623
3597.295389732209 1042.624445155368
7926.938344847981 831.6791823638791
2664.3412801359455 5890.989293308292
5000.750989621091 3549.360427830618
4906.0731083401 6905.045046977336
2348.388005042892 440.3873836718419
8897.507906050441 3794.7728737174334
3396.844823723433 7273.908554019487
2143.6656404486066 6896.366935084204
8067.681785813417 9690.814352233521
5165.69142749678 1061.3485056036543
6640.735329799799 4367.121287480502
1294.2690351177644 9480.343318663463
9496.781643494947 7589.5884271146
64.91995971657948 6529.963689814641
3431.599104964003 6606.42310998199
6221.108296047264 5420.686280516168
2626.450701666556 336.6303193698672
9504.898120416146 4675.572835112822
3815.08504972742 3804.7649386531966
2651.242088033815 7284.135463076652
704.936432135892 5013.556370604644
6300.805635065058 7752.592447672882
2290.279854979592 3875.062837654366
9907.558323182788 5211.228668844312
3337.672743035015 291.7338254595836
7141.195449440918 5241.511993994524
3029.1009909753852 2511.9477228364062
2770.77669907827 9150.082275076085
9515.815341910973 7480.302136656766
5564.801777809645 7043.67491221642
3965.9290516415635 2061.136967410617
8354.26625174156 248.49893658418276
7581.424480924663 7734.471825300448
2079.0721286622293 9369.539813721824
9015.291195756983 1646.7406420411978
5374.494964157714 6599.711892097998
7637.103119048303 3744.416479692245
5053.236195088899 4765.736722550823
175.40954997602108 3126.8138189216534
5699.92075979886 1037.080144285123
4407.907514101446 6725.065317534834
8518.72259697359 226.22891605032837
3775.425346673975 9947.469684904578
561.1368241045777 1173.045989558742
1063.339546114611 2027.112863359406
5509.736287583863 9832.893947678098
7624.113481147924 8465.86422269368
6305.085575237067 4377.668050179269
7007.235326168831 9189.557710905106
8076.811262523645 870.8370230950924
8317.898782692397 3812.365342522387
7076.151917391389 2892.040912248445
5143.3618508918 4754.079993245786
7606.1478818510695 4863.746361654723
465.98488428726716 4862.21938399624
4306.947937310153 6771.917129806988
6624.53379806733 8661.574820304471
1577.5493688229615 7474.607216196211
2090.4122753294364 5387.026454913139
5401.6046691719375 4856.839196861125
3593.062745079432 7551.148996870919
5393.769403771485 3717.08261862867
2958.853665430886 956.3395383953932
6494.378990683468 6460.099259205848
2920.353364339329 781.8980572452416
414.0838119525547 7422.87834377698
5107.961977115974 3659.6962274444136
6666.391499062271 8974.834689410898
6453.457014771575 7497.7729412797335
1824.897146284431 6410.398594354173
7315.082746225054 9219.398092757838
3503.3076765707706 9091.57513616891
5776.394675804373 5555.849548145775
2480.1994734961118 7300.010719095246
7776.142895096009 3564.3503427160085
2376.7708182137517 7822.550586982046
1994.0649328524762 5638.316974603053
1344.6825999819835 6421.227627585491
1747.5281788714315 8435.273577627939
4332.406705358165 2028.0771729736646
3546.5457569881473 6368.489552965149
7672.332163469462 5757.1221159989445
3409.7643247410815 8091.59828548694
9967.204549079494 7640.328392156158
7561.605266247871 8751.163636439334
4553.303411185754 5371.284225971624
3710.8102156596324 1690.3587242034168
9179.091728302052 2279.807064331243
2753.232222927086 757.6264077029771
7961.897016124675 6262.637117423874
8446.778659889993 8407.395570966306
9171.513775577385 7459.831132877633
4374.000932769985 5375.628941215127
9938.446104860917 93.4192247952037
3337.897791777977 4871.179736869741
5595.831398621101 3074.3431876785453
4229.080033807946 7944.640555386274
7037.92600563531 4735.6495931162735
5357.52141804544 6979.571421322167
4214.3462139696985 9364.358240054327
1259.699468224601 1096.691097169359
7678.101093908132 7081.387218119431
2072.0063468966464 669.8273259151543
2966.7712277086766 4058.362380667413
703.8901168901245 8123.118716735698
4520.020169598219 7062.096145911858
3249.264790707568 8712.165557414954
6822.954386872218 4881.972604434
2342.3030138679555 8087.532084478906
513.6716884668624 9322.42872103466
1493.80667584324 3097.2033002224275
304.66996986702077 132.17348814767882
836.9268673674512 8505.302000307225
9741.614528695189 1493.743283286102
1166.083452145724 5087.579842702442
5059.289939316703 2511.4406323203953
3670.5123690676455 3909.892316042846
6693.393305434043 512.6617730923932
7343.946820027512 7504.075641885789
2368.1478650109343 3917.0639452427536
4694.517175408201 1126.3460894641319
103.55339283440568 929.9870475770855
9084.03285012584 6316.541724578277
2972.4073168383547 1380.9850766115806
3793.3839915804447 4572.236071245406
9986.066827005756 1655.2876767924806
3740.8867760978505 1109.949736851027
9099.247856928043 6855.457831895859
5672.963928181048 7406.3940277199445
8997.981045660745 82.46443432866069
1601.6393080411763 6495.8793986382025
6071.180903407618 6039.84892952696
3280.898231813488 6845.731055458884
1765.1043946084121 5041.610200571256
2594.0457983120923 9039.749428585272
3381.3083714853533 3943.887261532033
3866.77048509406 4470.461378934889
8302.541623453013 2522.4777163409926
9325.704248126449 6774.111154565632
7617.335395688877 7382.674921877173
8189.840961737223 4838.0405206646155
162.88696766718402 614.8647445177313
3212.2608790123654 868.3121416073925
2117.1510075433343 7098.776433283668
5882.17828691514 8226.13428390653
444.8946704132384 2611.231747934325
2952.4187359591747 1524.845550875268
738.7878490041521 4706.692954778831
2474.9973318513776 5824.9259355352215
1295.4340197406932 9716.862460706858
7107.559610953599 2672.6960632222494
5627.576807584055 2155.0376772273185
6096.0178222913 8199.079146755876
5037.541825493847 7312.882535792394
5043.793040114063 2527.9951752295938
1363.3023635772522 3901.724330005013
4345.657879721431 339.6646008206861
7557.388128736808 1217.4449323072868
2994.24482378251 9592.299606976208
370.17952720942435 4497.4797161492
4359.870045940337 9126.366260788933
5082.964715268544 2890.3993860655055
4499.396364093048 6158.802276694712
6972.4574855641995 6772.99570091995
1567.4379586609898 1520.2781122189513
7987.309022285683 5026.752913236535
6983.290175103189 3896.79338135136
9978.46778237669 8325.029410438085
5149.542048311057 4307.604021072452
7749.077852643004 1484.239510146159
8723.40995428061 8584.677387522606
6175.925950340886 6496.767437863681
709.4086239149833 8714.573980410998
5703.281772135851 7990.30652066031
2972.0513899950574 3561.8651852390535
9621.301513295042 4547.764974448825
3159.854816043611 5713.887523519964
4714.992592597628 2573.8345675766063
8486.993956453436 3969.8495188495162
4106.066842553784 4208.772608190575
5336.540689977176 342.9997377081595
7408.837572951408 7166.898891992792
8229.287412036167 6352.777061617299
8682.64030629171 2316.7628250048865
344.7428597125757 5854.558644761666
7087.092815514659 4321.889965652181
485.9643700598981 687.8308360368657
8632.830843485948 1725.4700727345885
8147.460692443314 1019.3094568058791
9969.186285946442 5489.300698694647
9175.49392452338 4415.734632949435
6761.604691234658 9186.755305325054
9402.66772050951 6401.7778263155915
9885.425690850896 9801.496692203002
2593.784347100313 541.6914178121813
2398.976852104787 5398.109090998062
2057.520617045044 7929.042309114859
9057.762013955416 4807.7791676532515
2358.5524456391627 4377.069537867924
7992.849594947992 4911.603084170439
8707.341258045682 8572.911213844543
1100.4017842089575 3106.0556070482435
6809.867823951226 5992.148048017726
5675.602289471566 6099.606999685977
5227.178043103356 1465.8147272915412
4873.080739364011 1316.4282573838925
5624.687919513347 7950.233851556215
8687.25047216074 3872.5778343692164
3683.765648314907 270.7266694936827
319.81039376577036 342.0145646519745
4903.194070523371 393.4647302868577
5037.9850748559165 344.23884699858354
5035.691097244062 5125.424309322769
9925.911440510743 8362.311702685445
4484.74173221988 8050.607458404118
3292.901890471588 1139.4583944687586
9629.58137463718 4981.404841290643
1926.1455712041075 504.41710138191434
1751.2374035842993 6237.167086316491
2861.738540154011 7540.140249281096
6000.123672521203 9657.765389658818
3896.758227867776 1637.418555221527
8675.755607854355 5418.117408361224
3676.427749765675 7164.440637032569
981.7311837044007 7430.361936846944
7864.245434850394 1235.2646990278172
1374.2064763101714 6403.566837939546
2639.2792081046337 8374.62190540854
6639.665904837329 6476.559481144452
563.655958692506 1753.4312945329089
3917.8689923955567 747.6702255638656
6724.605892798319 6108.857392797551
2028.4344187926706 995.8845738896971
4979.243657431693 4464.691656004043
664.5987320022128 3421.1012158747953
5116.604975611527 9332.29748253928
285.2637226787935 5326.8955958590195
1800.2785105860607 9199.30718003346
3866.5282117174725 7327.396349671718
5266.303903195969 2802.7126775225197
4066.4750829024865 1880.5781232339248
1924.8342460389479 6934.950256556307
5812.0651790904085 1733.4834953579725
250.38958813069945 8346.023010592085
4834.5639521711655 1210.5849897197297
3644.358745383237 6681.669491228343
7260.008670350468 9184.707678489549
7314.727208461502 3337.028060859608
4003.8017691816463 5040.626234515527
641.847006593289 607.2118259080717
6423.589287220555 7974.666223276099
9985.385880036276 6580.649797103491
6452.169836554151 5569.327574133313
9436.42157898419 3848.0146911247493
5262.249420439389 9740.166647252181
8629.98030754772 4289.000804719526
9407.439831159923 6872.864450411304
7407.1385356927785 7951.177785387894
2338.97680067502 4251.617509334037
6852.143517911972 1349.5892978435209
2215.210769872128 6725.689920190236
5028.829635587224 9392.730073911333
4000.9997283695398 5969.1685582062
3601.9406014583997 5579.975633775825
4996.717506429017 9659.664258561554
8452.791959811258 7117.503464252568
8141.660566946519 9434.90881663136
3385.0387880765743 5164.19016670721
6704.222594095808 4581.898804209213
1065.1403687356153 5545.924057574724
7301.278756647645 3071.436936970988
9453.444007313057 1966.227828428182
5581.802491994938 2771.632126049419
5155.632201877644 1993.036232827967
364.81449450626036 3457.1165613294984
7360.616949884083 5915.928751480613
7539.3425574943385 4576.442918557195
7329.778001939703 9945.069642993765
4614.147690485531 4648.329158964281
8763.783473462472 8162.560247927908
447.5524730756597 5628.119120594396
3797.0523793931034 2138.8634121134432
2392.7828237483272 9619.034764694394
7856.247080292701 3191.411023824542
4861.81453841531 5898.491017889324
4168.014402915618 9889.4591768663
9140.794085569105 3387.9571887696147
5312.520768184031 2598.7110799160387
4182.677891710557 7415.543726163264
4893.1528987080665 7611.175100750366
2057.8206132910036 9903.701514229397
7129.0887391504275 5720.188104144404
9760.809228338432 8960.12016781533
5976.26641652701 3977.4740692530295
1151.9285115184575 7258.1197816611775
8243.609083265306 4808.5756691352535
8954.216582652536 8563.527033434528
7095.193319964846 3664.9381195587407
6932.146857245314 8298.236775206915
3315.372913888832 4955.383071666151
6645.5538352790545 7126.357448753639
1762.7024293666293 6126.663132744943
1502.4949066493787 6207.046370803493
9549.82965622548 1452.24026464727
3227.3218411648472 8978.840677645425
660.3563221536247 340.3824892521656
2315.310307956625 7123.493862278702
8949.992996794103 9787.13136939835
4562.777342511797 7703.033848374506
7778.163157866741 6976.637664387113
341.69158929825306 4371.9548007942885
9877.539654459839 5970.82746203829
1930.3622090889894 8037.166853269237
5492.824438834086 1932.30155891827
6916.867780701865 1371.5228575313122
306.4109357559319 7388.8327923235665
2459.466181713702 7182.451460219244
7217.395393339679 7674.775447249302
6018.306278471608 2795.420746882201
7651.734078022143 6874.155799304079
3065.334394794054 1332.671225086769
8755.169042982003 1342.1630285497688
1234.3742697901116 6050.8454534460525
2556.8728215472447 5196.217368499093
3390.933226253322 5746.860933757508
1990.5957982221012 1044.7404516716697
9181.36281414032 7649.559937446387
6521.4189243300325 9661.210451676667
5763.587613373949 9185.388363122976
7050.0522515130715 4313.033473329369
3626.687483769763 1539.5447225363191
5752.94054265143 9019.2213332709
2674.199136050274 6029.754316783265
1565.2703414584112 5137.8116051688785
7076.080694765579 8968.022211162568
6125.296881392199 7373.42673902617
4786.862252818965 1906.419030896469
8172.2412279433465 8547.315699116274
9082.582254888128 1946.1646727617021
6626.332727608786 2286.6783375014033
4986.68612851106 1134.9693413416971
3878.403934099479 4167.0272620093165
3035.147208539172 4885.7997185355025
1177.7662201095673 4780.7872654016255
6473.63921537714 6820.940742592233
7430.934212634 2707.297066489116
5684.679069634373 1478.4250276427058
1210.0802647943742 1423.8214939685301
5410.2246970818105 6913.604184611605
3318.943170843126 1824.1400825572184
6165.301934820701 6386.845617013383
3875.232066086611 1200.7291889379567
1130.8029888435378 2049.0309186052746
3542.4004412888034 298.51258314143814
3768.68545376711 3819.745643140617
3279.9928978544235 2362.5981245812045
9420.371712796004 3498.748292678713
780.5925500453815 1979.3849300808886
6229.2332432426765 7559.506761457043
4622.729082377335 6949.866763029658
6870.616138097376 2044.3007768100863
9092.931194989504 3435.917921752343
2777.948498193126 9513.586447261216
3616.4395045044616 3184.7972829170712
6821.042516520387 1098.0229342064097
784.9214154877016 1764.0604555792893
8722.788206093814 6359.767931272368
6080.858468892355 8428.524007870621
9893.007377555456 9890.344951444895
572.1044404606812 1492.8770571980665
813.3206863655785 6355.596569388798
5086.440494067285 7897.989679553432
4624.45424518427 5043.935432811608
674.7851216730327 2035.9208688540987
5147.494657381831 882.3094568510859
5533.0360747174245 6838.0816101794
6213.171659919901 1355.0002085939839
2976.3608998957193 9632.961319354828
1878.3383526494513 7793.57914135566
8546.072398256547 6344.280531732018
3876.382999695408 5102.045513523829
6878.057814947493 227.38258969303592
3478.395324069924 6139.375935639917
573.0531879653112 5531.1351453835105
9834.482802760886 5702.419144226748
3982.893860023895 2224.5612771032775
5819.712548136808 4335.266778358001
4563.185176746612 5241.873772735697
5426.731203757968 4036.944433879728
3241.6769049535064 576.5412343102649
3827.1947000392115 6347.459837634204
3112.950375690089 994.466633919493
2366.7179823820993 8262.954915985772
2693.8507087617836 6138.310931993886
5963.131494348018 2963.9096023634415
5960.431417964827 5359.450228680304
9645.410443504818 436.04667613568404
6436.002728187238 6741.003481898059
4300.719035306138 7721.7941143373655
6711.203852323167 2464.8278670268455
9089.59625563729 9760.85887136909
7950.846422966441 8927.324743113928
9444.377381533739 9561.676180539149
6178.609744786162 9823.357006006787
5083.534498031902 791.1939770809984
3429.487517701687 1794.528829400719
2054.6880248845423 6778.661485284162
2221.223110032381 5177.536917646116
6461.627756936657 7399.791891870452
1219.791316970319 6890.246812603806
5235.75341375836 9340.86760221801
8460.319072368982 8557.609952318811
1079.9260626075934 5838.07087588787
6033.658968867647 606.4862263997495
4542.799165867875 9145.513026052993
6760.162567718956 2247.8867188340832
6074.277221227544 2706.1455042699545
9046.029103090204 8017.112455340118
4867.8256456190475 282.9423847228563
853.9254317654731 3856.7095630948525
9312.935450923474 6153.435430782609
7518.414899419647 9604.121492290955
5961.125155260569 3878.8992615168895
998.0455250188003 185.36623123664776
51.43862919983366 1130.1786450336183
79.78936192952646 4818.02297234936
846.4753637694655 4585.3557098216315
2037.8424768938196 2091.266534478675
9297.57149990398 2010.1590695678262
6297.6323565481625 8917.637974445062
3887.822614925066 8290.217117094468
9767.199154709442 3040.6939761020367
2894.222092303058 8404.964191863319
1671.9513677359532 2034.632212341928
7765.265366009425 3116.209489040598
2965.1233651921325 6546.443742176546
2827.9465397200274 2490.0816089658806
1685.08737124197 1908.0900748228391
1118.1546023360456 8279.265053902816
992.0032902374098 185.66430636333675
4771.055138243664 8663.15010527441
1040.1206844246324 4234.446336976729
1113.1179772721134 7876.7164615852735
9328.365725587684 6393.207568409597
2365.0314801989534 8854.677046941015
6720.68737153742 7078.087782399556
7694.825491531593 9175.613763887119
7938.952635837056 2725.8069373309977
1253.0951932127432 9311.531976451399
6005.0186067728455 8287.934629188068
8777.30562207274 7471.475568154251
9844.92874520596 6792.392525729078
8369.725558484879 7173.5334807614745
3067.0175212733266 7365.316160206506
8133.626659639347 2087.7875820496383
9787.0288974679 3545.856384234054
4494.95333535004 7663.437949957153
297.1836272222339 5728.454548324411
241.75402792443123 586.5606123026679
5362.463045371789 5131.5798482467335
581.2370971650438 5210.643947051928
2976.1983766482567 1818.8647951005853
8844.39722580858 760.2599685392908
5518.387081401488 5988.03719256871
860.7335662751758 4328.926542836285
8433.98544982923 9994.98887143069
8480.658581261994 2475.4210917682394
3784.7532723967424 8394.78639949582
8240.777880565307 8568.510344504577
3327.0558291557163 4658.371457092883
747.295893740495 3938.2601548754237
6129.3545448473915 6163.159522330484
9995.38216176226 8362.797434618498
5166.951923892718 3557.6941011102836
9547.411824216808 9452.59557228889
5817.872434577317 6664.967547707262
4260.569137558046 1090.0602157315375
6732.604154461078 6715.9769134982125
2084.383972322538 8240.392071892857
161.74197905454156 3894.528140867918
341.34970926108844 9170.413365576771
4499.4082267066815 9926.262747669844
4858.8444019228045 6395.237529406165
6536.649102991007 7759.332443878999
8338.160248469558 4518.375717706231
4717.841943702839 4261.094250666883
6426.524566255738 6539.0683161230045
7554.466548405261 7294.662514677909
6100.567694910088 171.33634699002863
3274.4282209320263 5541.098069936717
1174.778044743261 2252.4535837486237
7771.447848619283 7997.470436039854
4016.0606976275903 2414.235451346045
7967.859799631127 207.98815844452423
875.5904115886648 6848.752523594388
6815.487707042686 5974.832544996796
641.7343501287742 9220.774681637406
4333.098657139828 6547.299859138592
3272.892299051885 8562.454651335858
6315.260904140724 4102.29227049239
4686.683408903862 3331.4674366027243
8646.260170112482 2706.1687222141286
9461.986391128277 6722.01842119694
514.0565125954045 7887.402869135652
1352.9160907832295 788.8432532157208
4243.096296031818 5451.464767618275
4318.901206772159 5977.519189339266
2951.1133600742724 1233.78168419221
3542.601028873498 8250.116883844983
9783.890734611212 6113.596965805518
6737.4839730128615 8153.4184775585845
4093.2762763309506 4800.992060553265
939.4595570356146 4897.637010174341
597.5765347277973 2661.2975315991107
8932.045372598714 3796.769207851828
7299.780032627492 2155.560443001756
2472.1155301204044 7267.424365690787
6737.8903750718655 9352.702517801223
6563.368242999307 7991.166251253396
3002.9762633717082 1408.4448650217073
167.21671256929582 7816.115036264235
3884.3753997651033 7908.0356957042395
3945.894128988555 7506.758228103046
3487.8155678717226 2534.2661552663358
4900.138377973765 546.6175930389794
5721.045868557665 6649.214816849121
1093.8974559588976 8856.630573696195
3152.8971763744994 3067.6142691347764
7051.082332637342 9512.799603643756
8925.523491199858 6551.685976584557
1864.4626417994969 9329.872751740937
1635.8968136686703 7371.741892136907
7574.3852094833765 8523.515379689885
4401.462952429387 5653.805397290228
4955.074734052612 5571.64342936873
9686.190136307403 7174.958840083182
7488.844700498249 2866.285514675402
887.0725483622077 5769.073830277285
2013.6380706171608 6780.545229524336
167.47723583101836 3570.0385832151082
6296.882267918998 6370.944168084004
9572.54960139632 7946.544011816442
9618.73258213817 2093.6196707322943
9073.227893725109 3171.9507918423105
2340.3476495937634 9633.562936163176
859.2353078178382 5624.705552742914
4387.922606880138 4229.279945035831
3937.754198080913 3629.2304110379346
600.7846672995298 7720.966892641288
6893.310547863828 6924.166579501522
2971.9302949146377 3958.487897274521
9525.727898013765 6184.2978325106005
5951.96536707908 8176.153055478328
6006.836045832543 24.441348958589295
1192.4849706472673 2474.491887921121
3182.9496273469736 5478.04163978014
2372.5080515739305 2644.924851253331
7698.956398338781 8070.155778769132
9081.662691182673 1231.4364474980832
4731.188789227267 9293.976185095324
1126.3909272809392 7944.055739009582
9290.075754147563 2551.984511468548
1080.526848012121 1322.156903021261
8289.90086065017 3437.2870388427523
3419.172828890028 4891.291616352939
7881.822354003853 6607.633763757302
3154.882931935212 6965.469958997125
5907.638449869795 9444.07694241415
5537.735798368762 5717.50926744368
3755.6081492696003 2188.1781402239208
1085.9609164034612 173.27542507778682
5385.966665467561 5316.12403868253
6981.35956534089 3381.3386130320846
3842.6028684542025 7535.068121666448
6693.836069517346 6167.7786572897985
7178.695628281415 1976.4652345718637
4591.942035872378 8606.564010521373
6397.929271990311 3913.118567926036
1251.4020223935584 1619.1485324120215
7749.24373970813 641.1177364694698
8191.17829490359 2962.6160149927205
511.89605861462707 3044.7902515270175
7846.706978639881 273.9211929707785
9268.942674935106 8802.250644390258
5732.508727668287 8808.46683751921
6591.078665478529 9191.079306891334
6951.469351346026 3044.4657980378975
8039.097044061976 5018.118528054928
8475.650926006494 9420.242029290508
6442.061668633312 2324.324897788105
1953.5791674736824 2129.819164538591
6519.612595394894 5205.071627506111
9191.527996568633 5122.8593181951765
4090.654143601993 1338.247678106248
3911.403686722487 1238.2073968999252
6347.001955066093 5626.951993721346
8905.4032429522 3746.0088400159107
969.391916199901 8740.534042476684
7287.706629493206 6481.563550415201
2224.586322115738 277.19118042233816
186.0361484483941 6224.78755352979
1606.13798881016 773.274495001115
920.9940221010138 5012.355477347282
9067.69861141579 2848.920665184539
7488.672239143165 665.2978348378724
8446.593954689211 9406.572548224234
992.0992576098187 973.034912802968
7286.705494997432 5988.4060661923595
7559.676017103025 695.5257969310513
6943.5359951884775 5150.635088309531
5243.819709888237 828.4218748956051
3590.659720120435 3027.1201325401353
5410.624982313943 6421.809404322307
4545.58551575249 2131.65547765497
211.41861684529584 2651.335659745483
7194.393970664136 9887.766841022849
3869.6716234236706 8811.210811165185
9718.329878224711 9376.80457773963
5721.802558789679 6431.785537259737
3811.8699598583703 7359.5658403697025
7217.989980345503 820.1036632408886
9630.602763780762 4753.639547827267
3419.188322376403 4980.034141874809
2318.5951385211347 6438.113673683847
1919.1165645002595 1089.2898667396123
7638.740443584134 509.24448473082305
8575.072828846025 7493.843758476783
1465.9188441761694 1925.1327336749014
9949.000675132578 8525.95529761982
4201.620883780885 1854.4153669670138
6940.315372166077 360.22229747872836
6530.02064774626 1983.419985605026
2734.5735249492477 8592.781115139453
7359.305165678075 2538.2010588250546
897.1481554598481 2261.9755084859107
8278.404585840612 3842.308424191939
6208.652033079556 4624.519333778911
1408.0864340888643 3858.1135082309293
1668.925339907652 3159.384834231171
9136.710023675325 8348.953373895445
9988.987071134416 9992.346560434973
4904.766376229721 6051.318670413803
6845.423837790892 9217.316932670718
3938.6524641162846 8560.75756740634
6189.269710684239 9436.310437064178
1632.9634755771517 3512.122706866325
4981.508671567295 8248.081661219416
5141.906314482213 74.24510010750951
5869.908759705221 386.1769587077379
664.2740116448764 7781.063277971874
1526.9753110837237 2740.350138951256
4892.743895172675 3285.699312913164
3636.3903795991805 7590.994920710102
4147.091167675978 4750.920106261481
2845.380395204641 44.44290071577317
8822.240094055562 278.8749247734612
3393.0344859469133 6877.689315847686
3955.8992684032023 5034.95842846955
7579.674963596183 1784.3044528618323
8956.858664312385 1535.0979026285038
759.9568619550834 6358.993900209611
833.8537997841777 8942.71422343892
7122.451977472927 7066.474766060232
5626.229048135269 161.06674286026634
161.05489150625596 5911.038101308263
2161.460582080239 8.636845701146534
9448.619945367333 6556.3688740159
750.9299474914033 3829.6642561838667
7090.823382080479 8240.900051883398
6984.164524668205 3518.900857508962
3068.3164443857127 6992.180403473387
7393.088896877838 7129.097329822845
8567.818160940633 7364.437123081543
9431.663941656989 8981.699336385533
357.87298048166826 8206.71849067286
2952.611898614049 9515.671449229882
7282.575628483471 2814.7073050963077
4161.75988812293 7986.330823496511
2026.644456670208 7227.491748991951
5891.856920449295 6565.517825726647
7447.804387526647 401.29482060814905
9961.554037344144 1396.3918173804545
6977.515214254131 6525.35284075
8371.55913205031 4720.581923980968
2858.660336183317 2840.8508604175854
138.80835864383712 2322.39077813973
4318.894096422023 5982.013667125518
9680.827566105021 2224.187286887304
170.91411603143092 6079.1626030929765
836.2782535777724 3819.0904057268626
6786.012063911373 646.7467408202187
7844.018472904617 1441.4875495880342
2904.8310204085824 9625.063121660447
901.8308454539026 2752.896318096785
7329.333247474241 8852.581786844925
9287.301999401643 260.1186775563913
4182.567262650566 1716.4948176163696
9447.163581692217 3784.6012025399946
3127.892296286715 7762.313508589746
8947.734539657973 2766.3621598101986
8706.902932621899 2639.038463749388
9727.932534332864 9912.797425066416
3785.3731538705338 5914.631129175765
5707.64794875652 1892.1372271474902
6989.116956966772 2017.220868581413
478.1056327063704 8523.27231205559
2966.737426802356 4840.681249408072
537.1672965382978 9228.126046444871
7333.822826806793 8398.913169408748
8331.349990056622 4389.696332328188
5233.2169562383815 4321.379624216375
7227.673792162496 9698.35286663609
3588.57361206359 1953.1319471889396
7462.270271763966 3570.9181703370487
2333.4853885465523 8355.780791199822
8099.020160008661 1291.5238241265304
9166.049885232082 3601.5568838880317
5080.3071924532605 4650.178632266254
5708.817022080533 1410.821525691307
9563.31472538959 2544.4427953256277
346.6434696249987 6404.077081028014
3909.1083957685146 6261.555960126144
4470.047353858666 7022.746683428846
4928.084396320477 2972.814548907088
4369.2492193041535 7518.676407287865
5284.187584127233 2348.95531519666
604.1490421059315 3320.534969871226
4321.6312351910055 4144.748126787341
318.0775222016419 1555.9746877637926
9001.681246509694 9102.954931401098
5668.234057637616 2541.6308875655313
4123.39258306847 1592.2731220423668
3313.2992121058214 8648.732048003982
8551.016094881472 20.81998632912252
5728.794920478871 4110.30196522568
782.1198030076904 256.1820062707865
5013.335655521048 3056.6344920221677
2864.3009531469497 8034.999149182724
3803.9978063555977 3348.9281904818204
6404.686275648034 8659.50707680403
5936.6092008488995 626.667058829905
8215.254644610255 6155.415225893011
1566.840642968278 392.53999324489587
5998.337254781721 9504.951956299783
7610.560273894776 5929.393456255652
6400.481759196157 570.860762862162
4566.985925946145 6376.9149053959
8749.195568934987 6891.582117300224
5055.751597059789 2391.4488891196183
7835.910305099006 2654.814127397799
7729.085323201009 6470.546934064128
8219.835106094044 2846.0925016461047
2612.864549623133 1244.5629688757188
701.2032006180391 8820.986851788264
385.4046799910649 1820.7995937678302
8848.731820786441 8363.962891310053
8620.405687783295 7611.422774550847
9764.955301167132 9673.913363243513
2600.56358768755 4984.55775226864
8634.410235620082 6655.8117244653995
6950.932688694194 4548.68930130833
1023.488736781224 2399.8994745856007
7046.200438234572 5913.686627709996
387.0922707640623 8794.265644370611
5913.613639345284 8367.479378122516
786.0604157758344 2843.6380011985752
3183.3794369749567 8065.61495453607
6430.664659840014 4456.6501849734095
7530.931989259775 1051.6266634204196
339.2929052599858 6215.8069105463355
3010.547143071158 6709.351624336891
4137.776777597168 2958.8228296223974
2697.349523238063 8094.032831601871
9823.640383490587 7876.960679448256
134.85359458379475 3997.249764378149
2180.879251881116 2275.451835133472
227.73885355667267 2571.421888741849
7454.7043765414555 8143.028551787541
6424.651771418717 7872.8304656877835
9882.018538030772 6242.060791000185
303.4006935762212 8777.812083147714
2722.2108997692394 7557.731340417653
3000.9835241652304 4384.9778137778685
4544.199392835422 2634.147297884311
5323.475102488727 1237.0127611395787
4699.459618730087 1577.2306894591613
4825.869819855714 5478.819743553879
4147.1255833089745 7318.689253170646
3669.5615906287503 7414.465923638752
9096.060449825414 6112.3204290955955
645.2141032214931 6833.604955879539
5290.1344181978275 2173.3512255416763
4391.35913772383 4948.737822275715
186.76903489451612 7873.476695775486
2544.1325266559065 2817.8901938319177
8765.136108031673 6968.704331850275
3321.1400449332305 6722.978785980671
6249.231965178179 5964.0745872840125
1872.5232002206594 8132.34833963238
7642.368549744674 7908.770235600952
3624.868300521421 9596.659224471323
9643.457137678757 3667.088696143707
798.6879913890143 8210.512449851947
5251.785470716292 8025.203052846849
6297.77645452113 5117.899180037042
5165.819001753801 1870.5850672901959
1248.818057286426 2947.767009440527
2942.883238346986 7120.423435597469
8612.213395865918 3036.698107435397
2810.4134084164366 8077.321848976652
5490.155223511843 828.8962322663428
5.785834639955301 1455.011093457954
1025.5744196438955 939.3827748408456
3570.5733848014997 7443.767449451615
5115.645086166085 3024.508064789808
636.3945685028772 5874.677697692915
5556.127095539647 5824.5825733647625
9413.35734252098 4793.850860660656
7687.888959281496 9526.639920762078
5328.419119514379 3572.1224796278893
1134.5454427030454 5941.045136197606
1059.8252891987127 9052.755420208134
2800.211959889608 1893.8627919157802
6575.101030723328 1179.0923930756358
3938.9636124320505 3707.607142827848
9703.913434320786 4046.0695552424418
1812.6578546938888 9676.194903438733
1263.4409543135016 9383.95190941519
3221.3644896346073 3035.6283665110773
1302.7173197677732 2109.6061520300104
8020.72162759081 90.13656730917363
4643.744716509394 1770.0793231218347
5633.111359718696 6874.206448147123
4571.002285321301 9455.203126305985
6514.635681918525 3014.141053067805
3257.2982389570493 7070.400373323026
3557.4396164975574 3298.480678256004
6312.748046749849 4737.818402788788
5487.019072054462 5874.830819425179
6704.985265368581 2533.3725574055034
5456.717775346254 961.3401095421858
222.54150290046402 4769.231506417426
3246.704262630836 5494.275341890051
639.6593462745659 8595.731761812509
8742.292606528215 7228.847187464411
7789.631776464482 3823.662962042026
7696.552225599658 6468.638315195298
5865.084999248475 7557.3134684692695
8174.727727433725 4819.690060632166
2437.458848129144 5480.626610852857
7533.069702864023 8148.512328352171
924.2561446860376 1453.2632167136849
5302.2530763522045 5268.974683940266
531.4677771263865 8450.325369726088
6925.641903398838 4791.24901462692
8059.908597148874 6818.945822455567
6945.232594863505 36.67173890779196
5388.02098547783 326.9021890102797
7933.189768711999 5955.598229416363
4930.037916104923 6542.867810923957
3234.4653808016897 2581.027472476054
2917.2235046736637 5714.862471878892
7416.068279318846 6708.971187356417
6961.23306308151 1502.9250234174574
8211.133375823547 7217.255490388611
32.47045833477236 7673.9750169070485
7701.015308609897 9717.63597073955
7722.640670836468 7181.288736830022
8496.206304681182 3081.816594751259
9459.530412997132 3927.9696096429852
2756.965932162819 3790.162650255131
7203.372085196666 2953.2397976755465
8037.116110667074 4022.6036273891896
7077.978713445206 1782.3391443962978
4139.542816465687 5944.424418471925
376.16463240812357 4245.267760168174
9439.517341277962 7735.341612348904
427.7912309836751 8196.561496286964
3462.0351364108938 6568.475180826307
930.1112843038084 257.74430656426927
4891.93894853763 9966.51635936598
9513.910480405904 3956.0529735849814
650.6808923577335 9745.607992878728
7555.268460499753 2447.4841395268522
2191.148353867514 2103.1441313262576
3541.6005690187467 3389.165366634952
9742.062319408164 3313.912478922003
2661.9578535591395 1465.5062755029492
3876.0322733697126 2969.69367489639
9715.398835662756 3574.539093947686
6480.428142106697 5730.641655674228
5917.572388864008 2745.308109310772
9977.813588789399 8152.474632961646
2734.4783334074195 9484.126175386706
4472.755719970196 9311.6996651232
7483.7003424890945 3436.9642103517185
7394.411516736029 2671.8060967385027
6117.236091912052 4007.194564456248
9159.363931332085 1916.5656831324818
8336.377058265205 5882.364381312472
1396.7610086690952 5322.271642101895
8987.914533103634 4300.625408950263
1357.8914055286916 1648.964092265721
7552.282683169149 5326.89958701093
7274.902285012296 5501.3824311043
4458.074328923498 8410.817379672224
4638.451025417996 1643.594322794194
8943.69171144321 2062.9115508499385
2631.6532321522236 5846.95256255814
8235.727043369592 8612.510456049109
3287.773149590186 4509.2320149661
1924.9910429475835 700.2193203983264
3331.6777263538033 6503.505346932248
8594.940557674043 409.8408496577655
120.15227605637779 8498.516620136139
3993.578232107443 1759.0303294187704
8613.761495761506 9338.018191206771
1338.7326988943094 8644.939081958011
5893.005200932306 9974.734039095838
4707.951194034258 3280.5536537045386
3374.108957047597 2925.322906292096
5888.062121949895 4659.385504953859
4584.858597653067 9245.910234767014
3545.8040989210326 2650.626340805897
8128.472265347403 1623.4693461735906
1129.730151749424 953.8340144785351
1293.5748897995413 9336.52583320918
6524.939603704024 1331.6632839450515
9660.927131629966 4559.370606998063
2156.0070312825565 2291.118319330504
2012.6293511836002 9767.166532516174
8969.811332526722 7698.246065054584
7867.1056775685765 2845.0356836069745
1528.7942706648194 4688.150994415484
7043.251404092032 9912.419557070229
4306.5080215973785 5671.661460755669
6799.699466449234 5844.707588214884
1201.1348293762835 6241.9293085926665
2300.245060993068 9007.329859141699
1268.9949536093736 9348.703024554261
424.0470780008809 9813.216628534254
3728.8852853737344 6234.960365060105
5269.29455156549 2372.728763994233
4399.418658391903 6320.047258635401
6091.615565889335 4725.862752225799
3905.361052765055 1465.4169372742765
4873.574923231568 5929.747344873297
5225.296092895697 4873.51845908612
1239.1909853226214 7620.136878492893
4451.76842919641 1247.3385498955358
7007.476115745443 3573.8256594159457
3996.392563547724 2777.5520342935047
1321.588596108364 3269.5971353559817
1896.234162111925 5026.1876231325405
9995.253219966595 4478.5333376093495
4364.106698353169 7840.17328607485
9485.697109047047 5510.210892001026
1274.2474326235476 9055.075304483187
6732.415817212588 9899.510492167647
5886.171425644394 2938.7981005252273
993.6673574843813 5039.474406918546
783.3241265869128 1076.9682218554387
2767.6705249310476 1548.8448139836387
1739.4862121171507 716.173804738054
7903.059687400804 2008.623588930536
24.709111184759713 4458.190260524932
2083.2265903470015 6110.193898030693
1523.8906346408187 5637.769542110433
2011.7615654484312 4228.248064350839
7964.924672980194 5718.529480325674
4831.277838261691 2964.9696309468864
1539.6923778145865 3605.9283874185867
6575.488282703161 4307.621227812379
9249.982251351661 1903.2647970713667
3784.4753595131274 4699.8915250083355
7421.765021668557 1826.0962913221967
9805.679222117727 1548.0580974778256
5.066889870596336 6742.423513179101
8758.20104252487 2466.2276923689196
6513.022378488193 4120.437467779757
5655.60219491441 6910.61521678899
6752.507292702725 7042.584097975587
762.4546208197469 761.0307168023867
9860.087946910742 9384.15049446991
9902.477345327665 1878.441666756735
4580.846049494549 3256.5329929776644
141.1696288372033 8700.68406208597
6213.968253928824 3379.796453334383
2033.4360346618464 4534.098634696335
3197.8194140531223 676.093046376901
5456.766543088488 7357.070521092459
2918.5427669911355 6564.954349913001
5943.123447359478 8672.155187799754
2000.0612747864777 193.4321285026308
2377.7581284592998 5226.674991968606
1069.6845857592896 3148.5105937322087
4950.759659492952 4267.375685793041
7792.344203985657 76.16498763905022
4327.220109571494 6402.934054042257
4827.82452120496 9070.902174260124
9144.471861182861 118.81072790121405
1289.1667849919043 2701.562783929411
9149.937642159324 8522.146492481254
7266.767183670881 9103.621432276675
5560.708524548109 1990.1031195611363
1031.5050962189475 2695.1810510629425
8556.041225912457 53.25299751555379
7641.577871561775 5763.294387073801
4206.550369359391 2066.3229147731467
5851.5355394171675 5419.219256878831
9598.943651328296 9001.804477157833
7458.3464235971505 5235.648640467127
5432.7279494256945 8047.643392060939
9518.144432458008 7255.9239791816035
9945.393633682654 7598.424005484387
5228.645112658523 8004.68184945862
6665.16093540285 2700.169263215659
3696.0369929492444 1631.348942408035
1195.4524367490792 42.07953573155399
2291.4914380287787 4382.340753561347
9002.829587606022 7184.232325554974
7851.255843047227 7224.78370792253
7010.214131264837 2868.479329309498
4585.627008097535 7634.026889526466
6689.792078904859 3980.4635471930937
7235.925461572849 7309.163891052033
5305.073034059074 13.900896995030498
7754.927468149572 9895.240395093864
4969.159874916734 7733.957615616379
2585.0298080709053 1667.775219178098
6266.359345370187 7144.768160120114
5469.755633885662 8574.672893605974
4326.843713989694 4836.839758624365
7658.041854599582 5032.5648255378
449.14943599433377 2323.2868084539105
3347.0663032877446 3439.0630217745597
1632.8818726499283 5069.549750343752
3258.2112813142617 8489.369336336267
3714.0654687986275 2579.452339077558
3352.0819855293394 7075.128647178046
1188.1651216505063 1121.1514957648783
8862.32810305691 2795.377839688359
8260.877288246065 8459.743658675981
6064.346901956071 3923.885090948235
1184.3687916974966 4308.987204327569
5493.77094170683 5054.135196172874
1516.7193998205696 1122.811890668547
690.9733569365717 5582.664519811064
3584.9052364031286 7317.981044232961
5971.654060719541 2693.4044500691
7136.731875179877 9052.480622364114
5209.892676486022 2570.1475365738256
7934.710315291774 7279.912107572095
1168.8871665218137 1191.1968557971354
4874.944039894934 3958.366413998442
1525.9245889451922 5249.720717613149
2106.6744276935688 5012.962546523355
3411.9559092077134 4495.2829887195585
8583.207767946773 7934.435283298867
3022.4762770417533 9106.470604915534
5492.531645845673 8741.859444110803
655.2417810694456 9581.499936831005
4095.9951420202033 6445.805701067725
4391.681920878679 2073.129018811837
2646.020085739177 3118.917248351022
7562.688227820793 9096.162305546157
1258.873934782011 4214.1110547146345
6125.800890216468 4100.280869509747
7886.124754351672 6866.298513716613
2129.628616308874 8527.893596734635
6858.470678294016 3571.735020955539
8552.678625565659 1666.1464278392125
3868.2150432280273 4859.80119435428
8977.588312495847 6854.189494009416
7711.737682475101 7355.229451847358
2798.092017240864 2421.2518410180683
9630.89220486869 2974.4871782476066
2954.872564698591 2108.0232824237423
5672.332205140641 908.2324622070826
8557.783694421816 7663.300673416706
6126.355778138451 6512.465298651464
9175.752669385383 5809.809330425686
8811.924060027655 264.19267179966675
1062.0027865417226 2837.5560112980625
9742.103479591042 5533.137924052705
8131.063679139558 2710.0350857427934
5534.240833909553 6079.218407930663
2115.3630510535436 8758.050009331142
6821.77673067224 2906.2284608033838
7003.025906571705 4787.874756331111
879.666179644959 5385.35953546146
2594.830490970639 8744.929449278827
4692.963879005247 3407.8974540708905
817.1020681801177 951.0956496016798
6778.202218909642 5734.637516133437
6288.652920854332 9373.253071071123
7209.774550319622 4680.262907617677
9563.702992493307 6382.572799750396
508.60816869474746 8804.133971922096
7459.04636135967 5028.54991721686
5317.9959226289675 3374.6374999439486
9922.555748151011 7978.721142770785
8121.527938953883 3032.452981778434
7011.445878134516 8964.454078235936
5650.646072852102 2298.7913882660728
2722.5431674498336 4825.16019842332
2084.4211251622837 7357.865821856743
4653.138799921309 6057.726495675464
2661.7333248377804 6888.559163822737
9769.831377724759 5154.921487316341
4906.106343374467 628.4546451847539
6924.089049243739 4955.97779478157
2306.0378665748162 1824.0976383248396
6177.095880714586 3734.5134188547545
2998.7320020958687 3754.5644814275647
3482.7673167779662 9813.402132837986
7772.726428192769 1111.1102683263375
6826.657055335491 6123.155144810289
7534.987109339368 4173.877892032941
6529.796334331311 4309.838493934747
280.6101045532028 7447.3495911978
8100.341211946189 8750.490463484999
1558.362813339622 4699.424418124217
752.2297773241615 3148.4678515562205
442.86274505338395 9194.712212881199
8508.87725396505 6258.097665064312
5104.278541894854 1320.8359526787083
3671.2699538786396 8727.461810187926
8209.009472901776 5777.234219334807
4353.640828091708 50.10439147461132
2589.8851524425095 7029.163825142413
8776.242736904027 3180.8921159068327
1891.9967215169386 4825.304010538306
9053.56160692892 4498.221985731261
9230.357095193305 1235.5647812111515
6327.638547066953 8484.217764741694
9288.159236267848 6886.404824809569
7270.002083484414 9746.511011795337
5739.4856289010595 6854.17514770181
9212.033745217012 9819.658130192625
6397.894460631756 6022.694639077439
7462.424489923889 2561.1916003610813
3072.3887423772953 9619.479247656767
3731.7044459055014 9896.766976051329
1754.857445307666 7115.742492890331
9007.654890607177 9170.808289935549
1468.1439353693404 6708.488896913554
7711.745098911149 4423.518383614399
6871.489307064678 3198.729443345608
2515.558603087167 6542.066073370589
550.1643547883328 4238.044294113759
807.5048189860246 1423.2196829485067
5808.690513218187 8636.427610784114
4473.940690969226 1036.6470956911367
9742.123471330342 5707.549335587159
4395.152544136785 9592.558915527023
9377.452093019008 6473.270365312223
9855.4799453637 5894.319423467749
757.2457377389763 5957.455615892775
928.1860143112242 3396.1066117626738
1980.258212516709 769.8262944318757
8819.514345660142 1487.656346779933
6418.774299711387 7713.803004552211
5142.694086183349 5092.576356017715
1600.0707554907024 7247.986798091358
6141.485596792006 4793.669959920116
2569.426122644433 289.13515757634786
1994.1883444824193 6388.163103052378
5944.71061360905 8065.186731465605
4502.858275028835 7027.679940576441
2327.650299088707 2510.0986738845677
8708.812556983698 4912.268114335604
254.44550884465733 9037.959373611093
5274.324830249192 884.7240303590664
4448.500868682694 4442.038369258943
831.7458591005611 3210.9246353014455
4780.599274826244 135.15073023958158
2925.1089219933115 1333.825846495894
46.93522156894004 4980.902816856388
4655.610375864067 453.2354916551373
2442.9942827989125 2561.09631140089
1691.1809449519221 6410.431370439822
4441.352918837397 4882.772850438617
911.6962615032031 9546.136353283175
9674.03903314526 8249.076228104841
5635.196060521863 6952.327284521846
3375.1851814339884 7301.3229325119855
7106.817025080299 4852.797259481736
5957.272672647683 85.36329707249712
5730.9682175558955 6724.352874921123
5374.349657562098 403.5311382750906
8388.605812714823 8209.973546354538
68.18300329695326 3684.1717275023357
105.2942787334421 6877.2184485689
4498.381241555698 9133.947732072014
9322.068569588093 3439.6186955887065
3525.1038568690697 4033.824133779552
6069.937935883559 1185.7420567632637
243.05213864148746 5697.835777569101
1460.2034856634405 2050.0752373487217
4258.010859767051 2834.44467153155
5076.587605192674 1011.8199318031628
3852.29470528359 833.4974091376546
4091.5001896227363 5322.150191526726
6003.023623018048 4847.495221393931
4227.60029530838 1437.4371395064545
2797.23705577853 444.0955548759318
8047.131596726705 475.39185064153776
1430.4286880566542 4077.4620453610364
475.3452667427815 2513.038547786225
7680.166380404326 4659.286899421221
4950.650757512856 1109.8801255716894
9514.036255073814 3106.011851742084
6142.956867883483 2066.5665396442955
8321.23138140176 8896.975802479554
6793.004942486202 4618.8413714561975
149.68107575447866 1398.9223839169983
6899.312228660875 9018.479982820729
8285.696164388437 8995.502204509014
3215.6798312572178 1767.4002874773664
1530.683144886611 906.1071394652131
5821.045357848154 8648.068260533051
9609.559003140459 4986.579568477728
6384.785817764807 6132.783011609026
8288.076710019564 9775.041346518301
9674.40937623503 3756.371522782708
1981.3470487436268 579.2883640460766
5838.898778498098 3601.2825884341837
903.424500253095 7497.90411004395
6049.798953192219 8171.018951005742
3137.900773578025 7925.444197832241
8193.469327011582 4617.299515505164
9402.026065864124 7312.74974087081
2481.748478663737 1538.299846329686
9731.960487736604 9736.650193929987
9084.611039002255 4379.769663937327
6834.3336280795675 4179.01863530754
1187.2151323776902 6847.777769591707
429.3659616267897 3323.3457992978356
7235.081596737492 8681.293545308119
553.390812707506 9147.70317685721
5554.959178562923 4634.7606807349075
5493.684845117006 3626.1660140310505
3025.2684546894125 5585.276761860966
1796.1017809763403 3446.477016223627
7018.839365141491 305.94155256870704
9616.077117181036 4809.921507502078
6451.991708565732 5636.396580661228
6576.147546904486 8100.105361779054
3447.8271875166665 3533.5196497954103
7248.21565224467 2490.5139929099073
1857.9379302612485 5799.70662937212
3396.359006207058 7406.444115149337
2685.56080165285 1163.1138935508334
2196.0666354146674 1165.09933288071
9314.53459618192 4823.690258455231
5788.361752428537 7088.3433234174845
7372.246295374825 7580.7870705287905
5732.349689277063 3915.8089488641644
5041.081479168887 222.5780692364532
187.30347190656582 441.76568832812626
9681.71972650794 8984.484036792843
9985.486138310644 3957.3444656594047
5742.947364875687 9573.239780112925
2149.4762365410556 8300.434635418484
7106.4835227453095 505.20498502509724
5862.849685667158 98.75549326272326
4251.648388320217 1321.964216708238
6420.647093676967 1137.3217148827464
2923.528193172057 7623.220874123177
7266.129641997631 689.7158499000411
6349.61746905178 2796.439758919922
8862.910538673626 4123.288358636142
7473.7539149081285 5824.646352948081
5856.623439767923 3121.6087989884954
1162.479874056065 5618.2462739515895
747.8708305451275 8463.193031984321
8887.802274247459 4943.679288790833
3128.2664120745694 8453.73503926824
1.6443123325926567 1211.1737740002281
8423.973771214947 4829.777239742372
4391.11145915634 7135.826330179955
9046.21400478209 3234.9532012849522
1040.0264529126323 1600.6778591155423
3865.7935990893443 7215.640903668492
5821.008684281626 9927.416685557708
9008.78864782374 3091.069793213783
9703.712109583737 3199.7851722450264
4113.090519673363 8023.623327771427
5488.64994158198 8286.727347243243
3390.6028037024107 5148.28812568784
7162.377803652783 3776.7624287546096
107.45383715970559 7715.8978096651035
1018.6219753198856 2162.02410287898
6424.671387609139 8863.027570686492
1801.2766185658925 5299.860235781763
7934.337194511829 4842.095592988936
299.01694705665506 8431.83567781969
3681.326045771387 7328.430507256197
1057.6051950719966 7854.443699088978
7978.303791697942 4766.7714658981795
174.79446587074898 8712.7704915612
9901.743666884691 3627.863168218547
3504.0629844980763 2327.8249815822473
9999.292485439773 7916.52021863767
5017.2407788893715 6970.190614953368
1443.9019857689018 9305.727964155636
3562.4158090267088 2057.1075014824437
4637.714817023239 867.0618531387875
3802.340169882684 3377.0557640555544
98.77368552708931 4525.89789467001
3729.8774542471924 6135.354326611046
4356.200502551538 6090.602895007827
6830.869478597725 3366.2461804321274
7534.572676912236 1988.084141204175
1701.1203742953862 9571.396934783215
9325.7973343685 8683.789838200464
5723.02952198263 3321.6814805772033
2126.865227778477 9172.452294294317
2268.7302034290137 7998.591755869039
6264.445337712727 896.5652765001719
2820.4232123911734 6853.545739876461
2432.3564175723623 5982.797340967727
6384.913142696824 7127.840143975351
735.5310568244988 7782.23939933397
8628.197357667896 8102.930156848168
4064.1674954673244 7358.590555478601
2267.272182147033 9640.184336209508
5914.3390578512 9789.091205839513
8430.156969628326 1021.2087039718875
9226.413797532965 2926.2116228413747
5931.463536913441 4714.289607553726
3330.210173557714 613.809954048492
1709.6640739455993 6069.457589306328
665.8970879088066 8259.677424722702
1033.54292463115 7884.1285310726125
3592.2214165191735 1137.0884423855475
509.1387141488701 8283.229986397128
4298.725630158622 4821.179848575791
404.8213326647066 1422.1753923141289
7606.1982033896065 2761.6845263063483
5360.967511728081 3148.0003584488913
7269.672202990478 8151.747849374282
4162.032079491006 7943.428827794998
1290.8724013135386 5973.259859570805
9922.637698567927 9230.591249872587
702.0844841057128 6382.340089859116
1775.6341086319883 2425.56917180884
9300.998254684418 2444.3084631789834
7948.908167687465 9011.892177316846
8896.159729995512 3635.6894236258563
7979.052499915588 340.56880496551645
5765.238138695009 1501.4902954475851
8733.826294294067 1866.1862500091165
9233.39661082638 5389.203088274308
4901.676889629046 2093.0625102405565
2546.6332526216283 4276.67981855133
9655.408853156501 5632.395120090652
9545.035010646081 5369.236818209871
5308.426607452659 6460.7951613677
8033.467250479694 1362.0430213736001
6955.794368695552 5722.556328149379
2202.2988127197164 6047.053822370012
4328.69420653556 8232.456059033411
1968.340380684035 2289.45490564742
8389.683212140191 3212.842825070772
6686.253001768167 7306.7791623673065
9557.484613757677 7738.21358892189
4323.262057845627 7654.57082072533
3873.875389850906 5862.4411941023645
4895.08630312245 355.66531919979604
1911.555243545955 2468.262869830731
8728.577575693073 7205.863579453428
2770.7195804433773 8505.596044572037
5946.634043327481 6446.978962479493
2123.376462957366 3474.6977562257366
3463.5402370117176 9718.938175866204
8938.286270540586 1762.1392618240727
9733.953122761071 2485.823145707834
255.72080613482927 1752.0221731350528
5516.341554850731 2976.4389429038883
7180.076237106503 511.8101692028476
991.7596869822964 8088.204867043123
8119.694290878287 2291.609987082741
5721.411024408425 4673.857320084425
7227.078641799776 6077.683424002958
8131.545485194408 1163.664975803579
6979.0230783144525 6005.428167444543
5481.800429526119 7571.558571104685
3884.989314748325 8564.016440162724
3603.1823849493326 1591.776564354922
5423.40815785521 2214.3356456756123
8084.46187352087 4713.334801739176
4479.403120654214 8293.82667761476
5040.828274764096 5062.83128431772
4793.75839270176 6896.268826996847
116.23591389766652 3031.798818214727
7231.7928472748745 7791.514688889857
8950.94807060719 1653.020844330504
2042.11661974124 4389.628620681226
988.3586181423798 6160.932658434548
6699.085901486816 8255.841847277597
1200.261642314866 6204.428285426504
2409.091448772912 2747.1789749512754
1077.301610456093 9776.100642364378
4909.652370565016 6968.578870657319
1061.4299172038054 80.14217721867278
6801.60550610293 5435.771112076836
1489.758918521089 5281.841146483107
9328.517894552491 4584.13384178545
8074.293435631735 6364.804084119907
1253.7731399737927 4577.2051633177725
959.5901453049648 167.74925829063037
1284.6100644758262 3745.4756156354174
3480.475584347915 3080.904605461522
8353.722430686832 3425.5430267717834
7884.536084673138 5852.763249176563
992.8564861469813 2971.6631772212954
489.16157863541866 1491.137221149783
3019.1698290180802 8276.182583150037
8010.515188229111 6338.16545702067
7803.942255731658 2262.2940837865835
131.86713272065776 9057.12606628742
7504.563085349713 2502.0077630930105
771.3176727050319 3489.6132735434917
6814.54014394713 9364.183672376344
1964.0096030856214 9124.837089917353
3022.605486983194 7911.9260166596005
9791.505898839316 7268.509710190872
5470.829803237553 8145.589433272834
1371.092191397003 1906.9861136123468
7862.969391958299 1127.1064120031772
5560.335799407116 1733.0270769025392
6298.113557842579 3023.2908147024973
7737.315407298008 3832.7576409103503
4391.017664779602 5170.2307334315
784.5119361481301 129.0980904258121
4389.342334392448 5887.838337753853
234.42853844537814 4835.144729569619
9809.340480833966 8963.068347172593
1427.587908519463 4891.683848705274
785.3686061711562 4472.284298570893
488.63167725293977 5646.22355412594
8064.923199174154 9927.68981274669
8943.823725442584 876.6324664688308
5379.73193655964 3609.7069251047374
3883.3421693113055 9670.675131394413
2784.756272225023 7386.630678818588
1714.3146196869009 2643.442204383538
5480.795112387628 3324.842128133355
3755.6390876830615 6507.867612880737
3622.6992413029034 6957.318578785426
6193.202990564794 9109.24027919843
8664.04174261836 205.1318081056397
5244.195202200549 6692.808562006348
900.4137353123398 8636.073351340625
771.7848998426047 1394.2881325096723
1047.345191961957 996.5072533621943
8046.512208633919 9726.283078804012
5925.174764796002 3766.997399088351
7868.326159303672 2179.330529547181
4622.0266538816 9869.212493469806
9843.26905938561 9964.489946703008
6867.375303207702 8591.064296815748
2251.397274199549 7395.094720763837
9772.509624885104 3298.987260809033
4647.597744968606 7438.4854800786225
2580.535608252745 4570.72189392176
6104.542206519677 3564.2586022483993
1617.386125874417 9008.91718086673
2837.0982305697935 3173.750152911505
9246.629816473926 8185.318742173678
3840.0926810072665 6616.194778295488
1304.7073713695045 7917.265852483923
2126.4048852989936 1080.1898478999983
7229.542083491266 5392.669571749619
2169.940092125203 494.8064074156699
5894.30909147851 536.6009833649865
1238.117375023684 982.8850927374589
8019.466069672526 8452.070062348335
3441.0787465565018 6379.766577996453
2959.9869641454834 1769.527081430251
529.9087289190452 9863.898111240898
3651.0581809974087 5304.075812760734
2743.7307858096074 5841.472997077853
8544.332288041765 546.3366438004924
6335.621389964955 885.4529186881255
3478.1590354447576 4202.354042050955
1799.8679391233418 3750.031303075281
9599.041341975548 3249.8930145476966
8278.166567222768 2264.800300706482
5687.894235217929 8792.925235421364
5139.940823770852 9258.579456465674
4543.5108708656935 2373.0570765180228
1312.0365825364233 571.0792542858534
3436.968095573759 1336.1040874731932
6575.627739207698 5681.264060578012
8074.533218660131 4353.97146990194
6753.2448589384685 5514.488294880968
7992.961783099333 4266.452858117834
6476.418664052429 2586.184717288628
8859.900940541711 3034.5114481194414
9054.505106050676 5798.078431693107
3763.448545626521 2786.0607406814865
2857.8424535370796 5923.614811070881
1248.7358304121533 7687.2194164565935
7583.461444033433 8102.48128960201
2595.7402433432917 3686.4600477781473
1789.1540640030123 4509.814602682169
4631.354803700155 7056.032636550318
5161.783182041925 3773.8841053323304
7230.074361518895 8094.492739987861
5128.2898765853515 3686.74584550169
6581.483026630156 3356.1165973035268
7622.937408353624 285.5641077499071
6289.057577047051 8337.441008641648
6091.908766225296 9478.003880307793
8413.629339701036 2678.118676228125
1146.4488612941614 7043.295127459329
5686.174984718484 1622.7305948726378
5668.326764636154 9061.277837118594
4288.43444101702 742.1521331063774
6626.463739898974 7604.938573069027
3836.181874990745 5727.5237599844695
5381.160504670761 5877.650057007303
7498.806206667846 5446.824985462368
2832.4253588158745 2884.53184281276
550.1838164054229 4393.512302930045
4411.490796489032 198.05109946305467
69.65209225981096 158.62432927469138
2619.6789769381935 2411.186234387949
1998.2264792748595 2622.2216539930223
1586.3595113165318 8467.178989517033
4304.024855439894 4186.970579916288
8947.814672849121 3213.106155101023
6622.198495096843 4566.1427734586205
5241.4120917682985 7245.197803606002
7408.489233834607 9390.251973235147
9964.56075368951 8397.044451895043
9381.867223697504 9210.999084570047
6465.497746941718 67.52551499174308
2830.5276808909075 4358.155217372109
4913.044840674215 9993.503502681391
4216.855267415023 1544.4650950512917
3735.039278723641 8043.027613318809
4440.791974476949 115.59943147983809
5120.227741794471 3137.9956219521077
7107.37216540055 9406.64803431194
9445.988695334885 7510.923662414299
2193.0181301777775 3793.591422607545
6824.329564611333 1158.6775629952494
4616.514546272789 8717.64342366769
1351.1755666683046 576.7248755339383
394.4135948120986 9212.312342641988
5099.056234415746 3640.6666347196006
5296.944031302022 2277.4792594534742
4410.863755902927 6847.510840733718
2219.3312463787984 5821.746251482934
632.4404317364463 2037.3571642187949
3844.7598171445243 9833.759800868702
1064.3304109902974 7186.859824786831
6599.041485639325 9945.167855406762
3618.1087652557108 9899.043258459265
383.37441073928557 9612.323269902494
430.2760704672004 2809.7451841677102
6120.415976969151 4770.7971900815855
1516.7901626896762 7289.166223693071
9760.208178789271 4006.2225925332486
9443.881182801175 5537.710150854585
7066.335441271489 8036.936356519196
9945.873346885513 1458.4955017064137
8239.012153014632 4618.346394276861
1438.320501426247 7534.633148943267
5230.631705825226 8855.900475269777
8454.831136406985 8347.555893569472
7470.6345300826715 4352.98796366764
178.54849400689267 1343.3970274107155
3640.3806606912026 7622.055359441438
5444.3187673084485 1987.61641200348
8125.041872023909 6751.6779811358865
9855.165663465741 3543.772800399152
818.3549109384536 5449.272060193816
8986.76404987461 1370.548690153285
8067.406944266152 5268.592973697164
4046.183911202028 7851.832993992805
718.4506136461944 2083.116373223194
2806.257972636411 6857.8725975613
2461.077251833993 7680.850003004973
9154.496444193759 5981.205712398719
7966.900194669593 3733.079064045832
9175.559767644276 699.2960225556044
5680.235391281737 3329.002452908294
328.87028190478287 7086.481467765629
4542.084316538013 4770.1646770795915
2988.028253058712 8731.067738446816
7415.064906378168 3383.049435722494
376.27111152068625 9109.08589820913
6525.7535258750895 9735.147592056916
3762.294137591781 2824.4481520781183
7852.233137640213 6829.267648384747
4673.33355554569 7845.930492782944
2058.4754104008884 4602.810883089321
4837.481303063317 6154.6187147681885
9313.503189111929 7373.18393464955
7584.789804034127 2061.156310609624
4132.116725330052 8747.478655573179
1516.795102366676 5860.335464743701
4235.290004258807 8953.9965649316
8396.668557901603 5461.276926951877
4352.174009546207 1555.1548085537493
2417.2856146020927 164.64353229342143
1871.96991765897 65.7586470742333
7272.076416025536 8854.041926431337
6302.766249185845 127.5804623591914
783.6012869692078 9526.963813687607
8605.758301832228 9580.638608690657
4237.376260283391 8311.324717484351
9647.10050130875 7023.523222638893
5023.543661891674 3896.862610124471
9245.96638952212 9269.566172467154
6706.571865511869 7656.353976604871
8596.223364735928 9482.61029710045
223.23556422736758 639.8210256828607
9200.451518242868 715.5804787090381
3551.714257110863 6095.595700213669
878.8722654701697 4077.0182635506135
4899.718736949313 205.3117167932572
9902.071206854112 6815.1892980592
6227.140458885729 4315.604800174936
5845.2365380537485 3236.3308349822605
9748.787712215413 9107.497775549477
2372.955236469555 563.0547220712856
9955.358738241383 4865.151060131092
2837.443089842272 2590.8797299926955
7645.877023799191 2288.868119401528
6309.407859095916 6315.315541166067
482.3897247230802 5142.938910217542
3459.577598124647 578.8776845953836
6657.812645618947 9437.117836558515
4570.251102558678 1226.8610271008097
4410.380563755405 3811.227997996557
3880.0547604694857 4262.659384262632
323.2396214369382 2325.5891262407026
5451.424498860676 7057.865360904682
3615.3000659640334 3955.672597561699
5799.149367791784 7799.340320836821
1959.5393781691873 2747.5843378477184
7629.6518320009645 5044.899584078415
6757.531343379564 8811.686313111342
7214.501198979535 2511.207490502565
2254.04891139494 3114.862799374277
5157.986432603942 9031.930686540276
3393.1701164253404 8377.64929937883
6617.405581079947 1.1546941721929382
1897.3933238496331 4290.635993878429
2396.0510543099867 4556.518376123052
8693.845555517646 7735.269149083603
6752.704476530055 2258.4728547040722
3516.746662205199 7727.371060700216
1257.7805065162938 4086.529052376314
9282.872511732417 397.4057407508802
6575.084949542394 5200.309825939702
9666.830372253196 1479.717254741505
5659.483450948246 1102.6704514270791
3195.5510317913904 2503.676188953232
2534.6054610659917 4594.113162717132
6136.464690323634 2162.8661600687883
551.0328032486711 8222.16745322862
9471.422086327631 6184.150413839043
2824.255130799788 5806.364291876356
2328.4840046885015 7426.659918620649
5412.9986883737165 7058.885721700207
5386.295332177552 2911.4481820889728
722.3638079755424 1322.9212041987314
2970.828152021614 6015.758493799121
4602.537637813678 15.220018303021554
1831.8586572232364 161.55566125182875
5662.671740171835 2486.2783308134926
7916.6247804831055 4986.178367081511
9430.847134550075 6701.055126153743
9850.683763910256 7203.66526154938
3164.8734781265453 4395.0600534611485
9291.071242727308 6148.517636239579
9355.001205424098 175.1177898429712
3834.439700633162 8339.361500967307
7258.448307582309 5411.055841594578
7742.932566012661 6308.175964494976
2166.978476507714 704.0258944264366
9393.12762853836 4411.456295192792
1532.588493371082 5219.11354021343
2058.465080299451 8372.885913819746
5562.695038391251 7234.351873145861
6403.14701930302 5902.792310396608
7445.039191394203 7885.200664057788
8895.580388868937 2897.865378309461
4973.853462472973 9273.01096318997
242.0088811197063 3445.3230703324334
1022.6624312911947 8857.947167318656
1896.05948586702 2138.904596099808
5045.423816937347 4371.287499256415
6717.505984927977 4059.78525200161
1586.5353746692156 7358.983642310544
1933.6323758582907 1183.7003614805963
4641.566011850728 8907.810087742508
8699.153974489076 3946.274022024423
8634.400094563758 8107.383275363128
2755.7347134271627 3231.7508411721806
7762.805671276692 2365.791906063606
4959.716089059813 1146.0326011351863
5513.271579229651 8823.524866138505
8776.752273057722 8593.120412668655
5257.280684949374 7799.843170130919
4234.621880488858 3894.773092924125
1015.0217274735829 2457.6871012761703
4280.568418113553 9476.390536315996
4708.863559355438 3687.674175155946
7.095559217983327 2987.835070377546
2527.74745423754 5588.685204590369
5790.225602666528 5136.107792663039
8384.980371547577 4861.99647435397
4026.8038294708376 8977.49962689153
6875.739556057277 6937.866487715404
1862.513169269423 4450.040253876107
1626.930476964673 2717.937843999002
9069.837432501472 7522.768589060319
7480.860231587778 2443.772123627499
7065.294786101334 5496.557418574487
6565.52740205245 7391.281952163854
3947.8367797258497 8711.921158990795
8978.14702440695 5842.78352958393
9395.38756306331 4202.443761290462
8544.866637581741 7102.84577189452
6274.077906265306 8678.163420391249
2918.449965702382 6201.058819262859
2894.805370689344 6631.459114254378
5137.037559708503 2364.3075187977292
994.3271150684396 4328.678431331715
690.9202055930807 6343.079573289755
9723.178922990755 1983.9598815161453
130.58973952685292 5240.797334226939
5190.278977518486 4507.395243650484
2298.1575812432607 8622.11346243963
8444.165669639773 5877.891248365604
7375.565727258693 6365.561780412122
2163.390009500341 3411.783305305356
2116.832653805264 6977.910663021002
7783.660046953554 5981.464162545741
1867.9161597666116 4902.0183175263355
306.9206771775601 4583.989915092013
5276.595207202878 6726.942653468832
7617.619442764467 4567.829410889564
7956.104285644631 9148.508817377642
4773.9975299128355 6296.629197684829
790.0810900076183 6030.498127902716
1447.3160521088357 5062.0617483107635
7052.717321195424 7981.0644839232855
2449.50833809969 1653.5388528121719
66.82961693666223 5485.94767041562
7119.8290102444735 2150.764987168623
9733.894488263388 5829.498611369475
3233.6431509260065 9225.813519050565
1943.9252738701484 4786.489765181057
5051.586309376988 7524.613015594108
9609.385347436091 6382.134558164682
3144.891991168739 2543.42944142781
7866.176166433959 7894.691648789138
5712.773493308354 5824.137280268545
8846.049991217016 2714.4864852368955
7250.315454801691 9262.773381138797
3348.6394542728126 675.1345251613639
630.4167737426259 7859.072796515374
7727.61418914149 4037.1995662304803
2930.8960267892835 3330.3853156634723
4354.308967774586 7431.48059826232
3667.9574879564525 671.5783620970373
3133.492465049 1758.568335680175
6489.786455353997 5963.232412444855
9719.776366957814 5293.268835254889
1839.1263611331276 6513.639982839405
3319.4904848502947 56.941447499804234
8611.264858735567 3765.8207696785507
3261.6788786149054 7897.756542788153
7413.933822515623 5308.970727784213
8883.20055456631 8658.325921787793
6678.211491119301 4804.462481877411
1696.744300870734 2312.116276767787
5574.585062194716 7669.722205973829
2296.9000423553875 8014.506230378621
4455.917810327068 5959.007727512494
7008.248620929184 5641.302709606541
4379.137046263142 8038.316039691411
890.770771136783 9576.985562195243
2150.0416563612443 7372.355040551412
4391.696115603412 266.89934783361235
6290.704165495151 24.711047801425636
669.244054626309 6362.068418627732
2346.519257900974 2318.05371002612
9412.536609850136 9162.261735717291
3030.031150892678 8509.417717763241
843.2911370256546 1502.3897193247792
9841.249142439727 3306.3072226203517
508.7301354327911 5229.263983041623
8009.240005763326 5582.570688073764
1461.4684030469982 4980.209196094288
5867.358890680933 7748.694747146765
5470.97493153251 1101.9666683017847
3104.5684700842903 9889.375513577641
9022.527209242251 1237.780353119028
9727.86511701489 9001.919352386583
3033.4058256821463 8362.51556316215
9025.909225509007 1452.2381257209472
7452.407612590766 2860.105991155223
3341.5457378265855 1110.898243528281
3207.581395533895 7614.58349249463
1040.9626629048807 6539.892589634668
4328.420259379387 8025.39545987875
6709.828725475747 8071.504975276776
2492.568812480852 3359.669320695493
4311.818008714326 9653.83743276907
4733.437721985428 1918.5340714248566
4812.515590134848 933.2794484103446
2593.9402227889295 121.56660211561699
5601.771832231376 2202.395178389738
7622.898727032598 4802.877529606094
8940.151014389616 8562.413785211542
3784.491578916217 8764.311639471453
610.2010397660673 9932.705284150581
2087.445295931776 1945.6832234647313
7970.848463631672 385.3314551712983
6539.499043274908 4448.927585891002
8693.296472062431 3690.964746525588
3394.0013821772363 3092.49459240555
7599.389083106511 1933.167373863428
7579.32365359547 174.27396193302357
9228.476669633888 581.2291790178192
1188.105948358673 1685.7837805486054
8026.400649908441 6507.465973859687
8952.176168398513 2347.3150194841373
6380.2885929341455 5093.082887980334
4740.313910137019 6523.174077460053
3115.4342633146634 8787.40593915812
1289.8571775765843 7328.120421691362
1525.6112112428866 2268.498130042377
2619.477219592139 1050.5468413599917
6525.748149453378 8698.867335396093
4869.281192841712 394.9083180734869
5095.973590061735 7478.187530121325
6675.717205510437 7985.349559088031
2828.6120168671337 6365.649603803364
4612.602112720872 1074.4464446371894
2094.7979519759797 9877.767236310527
2715.903199735232 9465.417264011938
4114.943946669503 1463.1589078814045
7658.747212233302 1283.1221477051558
8047.384779701334 9114.043358791218
2754.447747584112 5418.618229213022
5102.094222431803 2794.8705440494837
4639.1766794028035 5223.991373346684
4641.447381533205 7351.731743972223
6222.231717822583 5348.637870767117
2247.585624806324 6411.883191610218
8290.677711384102 2485.125642250862
6816.011274284195 1190.9243015579164
16.47206888979902 1232.2130450535785
4877.624819540215 3095.87779132665
5538.008776746093 8284.561762020587
5556.490944827924 545.6169276371314
9774.344469278618 1723.127769184658
8838.197567636153 8525.791196946822
1679.2032802084545 7307.172477163644
3153.7555455387946 4053.6072496044862
7253.172709201892 358.28619927220194
5676.557394424932 1948.5168674272813
7806.349055938336 78.7688437294054
184.99601023996394 3088.0782045822975
1199.999113103999 2961.1711389092266
2860.9243951138064 1673.948779161768
5094.651957128112 3322.7441097112865
5974.207157605949 8941.179327939055
1593.3460275044008 1938.0050301703666
3046.204037093182 8214.677473205225
2092.5989993854387 8244.577711273132
6790.095107963706 249.91483453266295
9639.983860330894 7661.920879944918
2893.537644676438 8390.651511072982
3646.032976441096 3189.504919088765
8539.226188141845 234.65804337242545
8409.514032595827 9640.461191493541
4451.500014490954 6219.11809698263
2588.9494608516848 9618.66947825414
3212.225489643449 5820.595640392553
1489.5847772645443 2661.7125775597806
4606.754282573195 8910.154277473275
7833.831609975546 2849.070662020009
840.8408822631219 3212.4231926763123
9544.547028582236 5614.391666235854
611.9771817059438 8788.101060659397
4994.332125277042 1502.6151537646003
1223.6832561269462 6992.597420480351
7160.366176040099 3177.1925836170844
2198.868162811789 4459.213281664293
8173.1171146853185 2109.589275273529
2178.456633607596 2313.461499497702
4858.600726043051 3072.7118479618466
3284.0524642029177 7045.838972100673
4047.6838137658942 7811.86205025226
3578.48884958749 2253.5555307257537
3662.261931826407 4081.2577556417373
8775.694061192946 9807.438452440141
1886.9632646466982 2611.1327584931864
8931.378155155764 4908.4233094770525
2096.3641680850533 2509.86299932529
4488.627611295317 1968.7566816217395
5631.523559241403 5107.5339911632855
8757.56502760162 7286.22835046311
8005.981228449588 7311.80782219733
675.8237628920994 75.4621374793396
6670.181392950404 8173.90453318667
2526.644318272443 5578.492908192276
74.62048294136991 6551.9695429309
2184.00133844026 2697.5631546348145
8445.841037155167 3511.043008682193
8409.22813874631 3876.271534001542
6425.725081651933 413.31000204476334
741.1951721638021 6800.916111023898
6523.365272936648 2529.2560938897777
2602.1740953466356 5902.07015224852
190.1211336676911 8439.811325439568
7384.095870013656 6607.136315195845
252.29880994380395 7501.513053109502
2484.99009201246 6827.827635907281
4422.21684373577 1211.1772926927945
5532.973028558541 8262.224569943493
4657.249701418395 9433.51824141873
365.22725681408355 4749.265574182105
1247.7716532789495 9144.606906109388
7721.992890676455 6134.222276061586
3688.746522587273 1596.017278499038
7070.675713900418 3886.92656514406
2626.043485842645 3618.957969648894
1492.7439863667812 9060.207232226106
8467.380325201219 164.64384347246286
7146.1752777083875 4084.2066514986655
2609.1296848903435 8116.609583405997
2458.784642279085 7362.94366534474
6654.046676739943 5912.626892898126
9912.850203285358 3672.699028739931
3481.3113086523063 9578.337562969104
5049.021810459288 3957.4960396679817
1579.0971695913536 3401.663389183627
3147.5867005715895 5275.1584435950945
661.2167424730097 2666.5160851764867
3937.736366507967 5368.123829795521
2263.21518718403 6616.274180893885
8640.559440767305 6616.402145416652
3749.6130267634476 2131.9547267172347
1669.0663393082373 975.7644961874323
7962.8291121771335 2486.953561135665
1388.623601962985 912.4553928157109
3605.64153155597 979.6882949158247
483.7607638263797 1316.4217738089933
3372.8717287164245 6247.425004599836
6682.383972069684 3908.2584957803324
7834.307195331702 4629.027648572111
8856.015544636846 8750.768673187025
3119.7031016799015 5071.316813189261
1844.7513232345125 7134.245258218053
9568.035798449826 3763.1863004923216
5748.206629378027 6325.279249768546
6677.00486535791 8933.567265087959
1878.8039087715536 9452.106001370134
6925.110947540343 1063.7947993789787
8091.328974063984 3145.201446586061
7337.4632789970165 141.8757539142157
782.7599009508124 1460.0473427167237
3027.8030805212543 9525.615075012101
9498.958015068825 7079.682160393838
1373.048162088646 5483.509140284292
2789.8785461696707 9827.862134337907
8963.004180258546 2546.7674149418763
722.5435453192608 8119.3592949710965
6016.704843314342 7432.777492749397
291.0993576223186 1132.1215118323857
4568.1793889427845 8489.782778165807
4855.847866634624 8206.731877250668
7398.269290766711 3364.491346159021
7698.234961323272 7261.799850055566
4425.447646578829 4908.793337527909
2796.343703685328 5859.6208393006455
2067.4187144805046 4218.712493744915
3005.5257980133397 6964.649866691045
8946.607090516607 138.17224267947515
6971.3817398523115 6408.032063358248
8236.471906712251 6562.111558565901
1307.3734143912498 604.6350191327432
2931.912049507226 2437.936165891179
3836.941248801642 1164.7382417511465
5375.850046380951 4491.244584125238
7030.061812798013 7700.7330829304165
6485.420870985286 9391.224379270894
8156.776289760081 1349.8854119583825
3295.010370463076 323.0609212252089
4135.281879163668 9317.428115559615
5669.7207445093745 2749.1635298344495
4569.770269753502 5089.942283268074
4341.668281631837 5517.954874388109
6053.267985814477 9877.195082519831
2782.846450381643 6418.4346176984955
4453.309776172035 8311.303654207868
4852.115154033287 5780.673906448931
9603.364098630194 5465.297553271602
8640.20418826743 7786.850673290459
8590.493388650279 2848.857320026058
4485.450163204061 6784.395939154726
9659.826622504337 8197.204904684613
1744.3112308539567 5082.261564338955
8648.983765923243 7589.831357334725
4574.533029494315 9463.288771893362
3820.6809420680256 8718.945490699905
1725.1675492580544 5960.0949500803
2979.3199832450614 973.2312596986703
9126.475181436776 6318.861250660219
8837.440456252272 1410.7072077672344
6934.067994553551 5014.848248822509
4740.498341525299 5665.180458520226
4605.478240082223 2685.423903251336
3063.503648038979 9363.995879790364
8573.670362564446 410.8430949940689
2860.6378042060855 8730.477055764946
7130.8336799578365 9399.965320030247
1679.0402976554674 8702.66788403037
6247.130683009301 2327.5551401621165
8840.539996668416 3120.6782912215504
8222.896814499667 5821.762964832535
3950.178878789968 4318.145728066192
2309.1186014513864 8414.83149371113
4907.957316487612 8799.02639040494
2729.8466519356666 4647.03596195402
4280.308406751241 1589.13113661736
4901.523971622594 3953.307838102933
1530.382144064355 4322.527390301516
5068.043353860248 2463.9550420137425
1311.3074487019983 1156.1283071358464
2056.66998526723 6915.338930019427
4794.16779622486 2201.4960675249285
2408.7989402961084 2493.3212904569746
1832.5121492790186 6321.088391199101
1750.8426904750386 621.753851756599
6657.796671008182 3856.878938610542
5944.369769734642 8460.226273786206
8755.235162165738 5142.489127209905
5290.950661027619 9189.750245711855
3587.1055556819674 2495.667786464514
3865.985469375216 1042.006602895693
4910.650991714698 1796.1612029757557
3917.126679384345 3467.2356925835666
1580.280193443392 4724.7175453408545
2186.7275379203857 837.8037949639216
6928.855388354691 4272.17415608632
1004.0852703377557 7648.935309002288
8090.435860874925 4223.278539670837
2042.0679003047803 4305.045249994424
5956.9166115599955 7978.095253306829
4744.046234331016 9269.572607625421
3853.5903146646065 3294.5589207748626
4600.881456278605 1608.1535526748148
4473.725831587491 7318.930953156285
8694.039582089305 7769.438150560629
129.8468282359544 616.6254341359722
7219.745360915085 7824.802374336071
959.4642602416126 9824.06804367284
70.40090197065419 9327.65877609684
9365.59688054685 6012.9606709451355
6973.336024224748 1455.028048327064
6677.495250448449 9891.521898866866
8173.2742753216535 8158.479619928149
9784.555970871565 5562.982179882684
193.73798355618922 6678.509356639324
1326.4972412653808 1719.8084243234146
7823.930206621574 6965.870593262383
6915.444580516901 2872.844200549187
9151.475561460413 8305.32974199765
6820.646160636595 3497.749743157801
5197.7139700668395 1751.7719976912106
7564.128127815601 4826.827320004382
9511.081686215804 865.532769618006
955.6644291195815 7422.527883106026
5935.437129291587 8673.288331510366
4238.026670749326 2639.6312258919843
4694.014862196632 5782.784531307675
5218.545996456817 2616.2965904595726
7916.024428126587 3144.1468300120455
530.6078310153239 1529.88651193923
5781.73665562538 3077.454635672986
3498.769264305501 511.6667982250078
3573.2250092962036 3875.7297199321793
473.7745134529381 4835.190353001991
8091.763886641469 6544.428806557322
958.8142560395186 4776.3747566308075
9139.207684042016 7052.994867929535
7365.962310254415 888.9866993100404
8059.506775639557 3850.965404026978
4821.791789117164 347.4499179837964
697.8448137302418 8340.596261970953
83.75600320775666 3479.5975207168694
6558.704627106799 5499.908368486942
1334.0003403765443 8645.189274317605
9430.50460093742 2914.5181859357617
7384.838935809018 9211.72150377771
7293.27380068511 9103.569423784804
5660.222904606363 8537.256953469083
937.157170635331 6214.5322166337455
3210.0892133459492 7590.709340163337
1393.379180158787 7913.59092229778
3969.573799806937 5123.215101472829
6015.613568417361 612.7952993922214
8492.63285200587 2149.931636704302
1848.5415804135807 5052.103434459757
9469.71181730848 909.8046333923481
2781.7053660672786 5693.894976668563
7481.667164557454 3441.5479150209017
3910.59297361977 7389.4898382523725
6647.228552574428 6447.284041146365
2513.219456558461 2341.6589082566607
9088.868899501846 7210.994891701923
99.29488041180434 5514.066956378988
472.02585616521577 9997.140742629475
4100.401465731615 3328.0393023977904
6265.1952803421755 3575.4988562029666
943.4277094977317 8739.00089248814
9823.49727566058 8301.486960481792
4485.836327768722 5599.385149533451
8915.895516604945 5526.931753037695
5090.169297197401 6591.764953496931
6896.320946010696 3024.4521561151428
4976.524890635099 1955.4136975745184
8361.541305791374 7579.320777321821
4915.568567697513 731.4528076080662
6843.681108794167 9935.886019007245
5810.962043869269 2316.196668127474
3852.8909921657496 7881.320882947756
6268.934130144426 3739.26373719226
4415.72772950997 407.68336631916367
3864.0339682938106 7272.468852755946
4147.398658273691 9613.969325675502
3483.943062810554 3727.4670481942508
6851.089232712987 7293.0420471210655
872.54558796235 9114.57719642155
9655.18229355674 9994.02798963317
3289.2882848449412 6212.159738519327
4779.247600602814 9758.9699001473
2064.1885968526763 8035.3785287228875
3162.261049357459 7703.231203902427
3751.673118605101 7195.133651272739
5391.59227048579 4142.350741778774
7572.76672855658 3702.399505222543
9638.876544245333 2063.748001431933
6883.967792296243 3900.1585412108984
4638.962151225738 399.8817823891665
1522.4864808080463 4894.573699509267
8140.709644567988 9780.172876169512
6051.338944606554 2108.9978018173592
7713.4888413420995 6222.195949525774
6164.128547490065 2398.8645654077945
1310.8046294199382 7568.35853551034
1808.165912489177 1542.4688692979448
9572.555956806395 3382.4815905674
945.9121187694298 2862.088837454485
490.01417659015334 1491.4001590977132
2298.5555343318256 3231.8587179145106
9762.68280831831 3389.911170684904
8901.862459122374 3793.254229951818
6943.777749232939 6323.087119765269
6853.2670889962765 5326.00862362006
8301.149943815548 2018.1930033687433
5240.497723696542 2411.7201167612566
2213.0446591549944 759.131603151414
3915.862157706749 6279.3813671295475
1873.1742744581047 4779.5562137388115
5516.644454196662 3536.496914792684
3097.156249108335 6796.4889641877635
6930.890805751985 6866.421551616192
2102.449437195952 7914.4840894880135
3269.196299129081 4211.996653146013
9276.497054371615 4101.082311730375
4326.92417711426 4967.521982650222
152.86306096851442 1967.505796157446
9507.626070144828 5265.544266881279
4082.7306526082307 2684.2399755536717
2227.251082972038 9571.909542284693
4419.202789848805 7519.361239065595
8930.067988996305 2491.965003099267
1424.4301367895596 9708.16423293455
1021.046367509515 2942.762983364655
564.6642948025526 5145.850017164908
255.7762880395875 2660.5608310702223
4375.916014445272 8740.739278494277
9427.826173288164 2389.87391529595
5662.973797927419 4173.676792456533
554.7788814425669 2039.7843150527572
3437.1164599180825 2279.9937597876287
2188.0007953399627 5595.164077902156
702.93647819749 7303.607522009496
5957.535622792185 7634.9275354062975
4972.258178030703 868.5271289056062
12.340916789682632 5936.372484285945
8213.225890281372 671.2476096163766
3627.4117451281563 3834.1351871913907
2835.204668487512 4618.21625016825
2923.1647114162283 6754.223219643398
4265.222412697779 1415.752475324048
2378.784418252484 9658.05564206515
8689.251863052255 5465.512333737736
620.0631705823623 6008.386955406896
6611.7193586498315 7326.788677923122
1823.589219546079 4308.442008392584
9029.19412502817 977.6405374089869
6002.973151599569 5267.550467437994
3219.3023071103753 5640.051394768861
2429.1224414850153 1211.0152617475424
9413.47333979668 3030.0156591692185
485.4112581264258 9478.902970814988
7952.220958051775 551.6566175346394
1369.9105769418907 3247.9046844736736
8914.223564400396 7175.186635312699
2230.6825945214214 6462.355869616549
2665.559739944726 1521.715432892634
1556.4604467732424 4374.973737671434
293.0231453627441 1023.6220001034413
943.8740029756921 7574.80465974032
7465.525355832507 6937.407331112512
3723.699895168173 5319.346827798948
3910.1693804331107 2456.646563080488
5352.447986015014 3489.7484655707767
3394.659209738696 205.86266828760748
3961.92572100878 3552.449636106909
5875.282939584068 991.8479420036641
2008.2447625281209 1537.5784072268484
4299.7901429999765 7847.165488232317
1573.0667590607861 233.8730341715245
3447.0604737108856 8121.256576517696
6543.711565637131 3551.8470754539157
7140.537880973667 1657.7945038582066
4635.079002762393 9321.376606506914
3189.984190981742 4942.6207662590095
1015.165214956848 5666.832322547468
2496.1823961941463 9514.806664044207
3157.2806079239467 6542.34068593391
9895.80168838828 7904.082370139888
3465.9047618787163 4011.706379774336
9528.707874794307 1891.084458569683
2209.4444886702836 8421.981805099573
6777.589512310672 5982.569569633657
8341.984636268764 2746.6261173819707
2159.8385039229497 3651.951759654761
9907.45582339773 4063.6435245624048
9944.211873001716 5116.217175673
8893.46218748886 3386.0521049004365
5719.872606305884 3203.4779370664055
7638.3516605369705 4876.474933134369
2662.986869217002 8211.129019339893
5193.929973624848 6854.614299484343
5826.135543431301 3562.7746728055854
2407.55120849246 9945.80811034246
7418.37440461053 1542.7920863954091
3911.1484054643865 2220.8314984587328
3748.8545607459246 2420.6067769559427
3691.0910938231555 7241.550944520229
6274.495544419576 872.4571593453156
8461.58813053259 8554.001862275527
5022.27666689475 766.6216542267413
9675.680057993919 3359.901902526271
2549.2990586801225 3098.7982347928855
681.6969441644471 8849.57410273613
558.8363711753664 2147.5146249511745
269.38044772243484 6993.705156256812
9308.184825990875 1765.1622760252194
7648.7021775440235 7468.31224684423
2024.1877402229625 7128.442573182409
6765.734769047051 3826.7546736061654
2684.897832410367 7242.722388148361
9783.762381113947 5034.5675199521565
5730.91378207888 27.994855504024365
544.1450326694486 3047.360687153212
537.5057922664884 4909.846646269745
8870.279029767778 7238.968246908021
1808.7256070020642 7497.03744497007
5689.321745087249 8176.4927361631135
9447.271964794532 7147.9952915142485
7120.183632850673 6490.842432454111
7908.961765473078 1011.7421495178525
2912.6099005413876 7405.808448351463
5568.23522480764 7474.459195924609
921.0092617474064 7865.683994089591
9201.202522429996 7851.111738368066
4658.010690938552 1140.884566680076
7335.312463088629 7632.250895422191
5396.5616545657695 3292.973657863447
8919.811926877448 7629.315572470169
3775.7047241515816 6944.959015102612
538.7314258993248 957.4620604543571
8414.001071362738 429.6719723158782
6218.218040065592 3953.1469450366894
645.8956913755254 4578.499539953711
8772.612124034471 7844.399225045016
5170.148047764706 5164.69075716829
588.7444048976753 3274.914716567575
6135.781093506139 6329.908540463741
4765.503356194397 1628.8100792527182
6989.825039993013 9199.660218462664
4605.80751560553 5511.082462065046
272.4679986430345 332.6795505870239
600.691359516412 5709.51296531674
469.0465876054561 6651.3022935814115
9250.289868578799 3496.96749132263
9014.641707282972 7064.315358154644
7334.091825904906 5228.742255024529
5595.871700598519 6120.7227639827015
8572.901788765277 847.8105012972648
4005.802987625501 1722.3221059526518
7017.535516971773 9131.52336616806
3981.7278934313526 7174.9342637043
2954.3464554055845 296.53157420939766
2691.88391822484 7672.590031288998
2635.2640061393595 924.3854017566944
836.0230313078698 2685.923690046389
2720.097968758267 7078.482311804493
8686.058074915993 8665.476604260319
3961.444514118845 8953.731502847604
6816.8552308418175 972.5769640502657
6367.606956084355 4433.507509740912
4763.553534627057 14.898772474222222
9846.518801694347 9524.1706518304
8390.634074714775 4190.771145410511
163.74452712295206 795.629217275573
3369.2840604767316 1435.7537232226491
9940.196352624362 8677.13109153285
7833.42494707387 1916.9490101058939
8370.299747879137 740.665021590492
2021.1116346346926 6734.9765844955255
1358.9064380617676 950.0627477687995
6506.829823784944 1370.487212973709
5855.338537229333 4262.0936254489925
3491.5484762807223 8051.546056674196
8305.52100893759 5936.543679794576
7541.216845828634 8220.170535809584
7348.24250792666 1445.480377088534
3150.7162559944068 4840.756305566039
5149.159207913626 5967.601746091117
6559.111190391212 4420.086546967118
96.23468793598211 2111.7739583938555
8353.371612486739 298.06126574238755
5972.889098133586 734.5658393858013
1571.5590463970075 2020.2496712665197
9180.207886966336 2499.7884548792535
7252.812330244214 417.8081202192041
6097.136133779228 7173.7563137093375
5680.277730574915 4397.271156854955
7247.6676360194415 3558.1822370411396
6924.474997630264 3382.169607215536
3586.6119580043132 5433.330074988771
8718.404719381271 8850.383416287157
2920.6012179910413 7917.245566929697
3182.0382804972123 9475.591398488554
1248.5781941534879 4242.590777535818
6462.658409354199 7008.135302974791
4636.086132754101 5110.812606331729
6968.843152394236 4220.061592276971
2130.2532279034904 1504.0772882516062
8549.72077351847 1991.067470825395
9177.45122839414 7118.6050465477465
4707.442949825805 9926.520577008441
4023.178508878914 8428.743915645087
8729.658377200521 3775.682813597466
6653.800191241235 8799.324898800525
2490.096009256413 3357.719128366565
982.3548280715455 8034.542063713308
3589.1899092158574 6705.021951356368
6185.713979130224 284.80597493817595
6493.013828821869 9697.841282239591
2367.962193889045 1328.7204585652978
8377.616468271108 5591.159133086661
9054.940623934972 905.5380956960613
4497.175648797816 5524.200069663845
2417.474433714276 6994.150702111334
1068.2244741764857 9354.927852293282
8575.888019232747 6717.874524756102
5898.522170268328 5976.322432766554
5855.981771272002 2899.995524216752
8287.975432054136 3648.1929602574914
8446.730577836133 6203.238230489729
90.34444694585697 3817.7337175010994
7552.53526339907 257.0305854614052
9248.293536725258 6403.976264100016
3837.942767345364 1209.6363560359068
5600.674932638331 585.7559015109714
6730.3222486954965 3737.930421875577
6309.765270955646 2759.75306486958
1976.070929999113 2705.7975310250317
4867.496942832095 2524.6294313748394
8738.489299355768 3382.8342266708487
3313.5617612251235 8299.229975570493
1480.5588536682412 3418.242970222065
2034.5842067522624 6497.273945156079
9893.420860082284 6610.502134842537
5312.398119206314 2057.915439377229
2211.4360415789215 1921.6063649287119
3650.7822235150024 3570.99857407305
3397.2911829673703 1155.3736078428744
5833.840905147284 3237.7981308270487
9885.682582987734 5252.510606691572
4655.545259401717 472.4752365683127
6841.697369716742 2250.844321148595
308.7765257331598 8076.443840674717
2220.0844152725354 9617.318956859304
4533.540327340594 1607.2871832150038
4304.18747931635 9879.068011021496
6797.854161312836 5815.823121473952
5858.389824923635 1264.069968134417
1021.130570015184 6839.365088151463
8545.4990376019 4407.602141977234
7648.713874397558 5216.183796342539
5840.579711300411 2088.9090777969486
1247.5516973654576 2725.6230199881484
1315.3152758162655 1433.204670824798
8216.813270800025 5560.279490388641
1872.0653663642927 7047.330723599829
2693.593080337139 7401.1080034882325
2274.356595282414 9153.098310100302
1282.6668670936992 8593.267318679775
8150.625623701027 2940.540847275119
8850.59663010413 1809.9737913323954
9540.615553852569 4084.011280391102
8298.306990906814 343.5862627610109
6008.894224316703 647.2565423773668
6962.584543079178 2477.5929297982193
7367.552498732216 3449.311475914496
1095.7816343294446 4270.131083237393
1130.2133503397704 5371.249954688464
7734.330307536283 3519.11855722858
8962.058278694494 5054.54102119027
190.50263180230954 9681.03069272396
9595.663056526457 1974.9541604857002
9388.184573700672 8079.809795602018
4950.003469963575 7971.669111746827
8312.251312621207 1869.3472522886268
9520.079793986997 4969.439248484494
952.4678244382334 1902.4312055040016
497.17972921872075 9852.37093626401
296.66133241926906 2911.0055862436047
7534.877406814553 5231.074021077524
2164.243460056966 4217.040537341101
6593.452782503413 9190.650200563336
2969.985759255097 4570.266570707399
1875.481188331054 8015.184744431384
9869.283010834952 3648.4768137189085
3507.932439973821 3355.111486226825
1159.963573814845 7258.058039600761
6331.189644230517 9337.02315931283
3302.0365692467635 9336.860666145743
6922.978176695552 5711.202422946769
8465.595863105938 1488.4733617257727
1815.2759649443851 290.35615078122913
3128.420080997002 9966.420376593282
9754.84872416096 7653.730044742405
3918.6485807840345 778.7522011669157
4813.13916064371 1373.9917473108642
1634.2322143038334 5897.954876523899
5168.8098168934375 3869.9712346400906
8169.687757648383 7438.054583238773
4466.322598149729 1396.5490046023233
3942.0155012792866 2100.2478244681242
8796.51412674638 1653.6849807142119
5331.466494138755 5190.342405690189
2550.205944359951 8029.790989500786
2639.1703730298423 2075.743940256185
663.4617923162244 7590.340909161551
9112.471182991056 5076.679144860505
3103.1892240368174 9580.82819576303
700.1365588066566 5475.800003353496
9834.357289710764 7433.875170067639
4373.442196065447 3582.2610769338417
965.1764121763273 53.504976074222334
85.4562077760157 4600.824897153748
7284.175596946298 7495.288812090076
7739.679985276969 4433.492477620556
983.175257146941 2069.286529351748
5900.527317780676 7480.618498976211
5002.74736324458 8363.398455118622
3401.9516081250868 8010.417449859621
2141.821574380033 4717.952396720409
8496.863990331089 7730.223723115139
1840.6776001249868 4278.051938445467
2738.8052749908597 4819.820470342009
3376.64552636605 5908.413483655587
8398.671574656493 3876.604422414287
9104.40931919645 3976.125235510595
8893.111728494292 1974.3089750010756
327.8873091737977 1289.963702579352
1437.5546356652003 3351.459655918342
1408.2465590387617 1330.6059366808431
9935.639679551507 4122.688807671348
4792.678345636694 4314.277665470619
3978.1648400685876 8845.48978478911
791.1466614558593 6603.084135981762
6748.481353709488 2776.9469696487713
1133.3983111498346 4508.469320570467
617.605577931013 7219.423637439534
4606.096015973294 1629.9562467582862
4261.136937019978 481.15286688287796
6400.023421669475 3529.5212491101834
9241.402127533729 3667.1213865095274
189.88099550761973 4762.658931398808
7172.075688663779 8767.591970993264
3424.273404132325 1070.3998886721633
818.8533612511162 6326.066625467661
1821.0673335044537 3882.2427679180196
3788.5806469419213 1345.441228195703
8643.375484612692 5188.167218675106
3820.574619891204 9030.556103480754
7974.000336025184 8308.59948577185
4117.693429246234 6467.3039321264005
8911.253633998753 4124.400821832367
5641.047231658151 2402.904108108319
9376.636869399097 2924.6557464611024
841.0686603289975 4918.910786946479
4054.9576067098737 9188.238892045185
5908.982589555094 5977.970923039377
880.0235285776481 335.84379952424916
4306.5547530016265 2577.3040571513407
4434.143215985896 772.3568126674263
9068.318275041838 6556.3294447021535
2647.2336404411944 9385.164895202444
5169.307222820797 8982.815032239903
5261.41830676455 2072.1923971442056
6112.656600457359 481.38258871384454
8669.573707398831 844.1539217320393
815.2541666183855 5870.148498918666
1941.363112963046 7578.730662791958
7855.957172062938 35.74191921645098
3117.872467072246 3600.061670088297
4199.720011927853 2103.884821524652
3186.041918871615 5915.1605358565575
4622.296453919103 6652.182590757493
7536.6668241887555 7159.563566664652
6234.024261436999 3963.715484010548
1164.8158290621625 9087.715178180917
9737.5085421554 6134.48630236027
4389.095520794465 8789.311500228589
5352.867225478362 2224.720980542546
446.2693196888312 2721.011090333487
6705.5170751081405 3583.4828085883473
4960.311746174624 6113.637509132712
395.31209061245187 9978.005194420692
9990.064324391378 4348.195073825868
2452.1736064722177 8223.606083091472
2127.230842504393 8489.722751372425
5432.180160192437 7637.000144261217
4946.533112067832 9326.215175846453
1519.4109513318388 825.2744128388878
1002.4221469487038 2980.54596239258
7672.668689471296 4074.75054328491
7521.822741151876 6446.5238795744335
8592.529290907858 8918.407910824066
2959.9598596357037 3245.9231096010412
2083.0049473904 5337.49301922645
8666.404359318165 7811.530334053345
9243.421683241406 7492.398462393868
1051.0427977863646 2171.9486486953933
8849.950174441463 4879.842346435225
4844.759313687167 47.11145131039763
1272.556840157304 5377.838663946185
7317.199192023433 1559.1535925335886
2321.96192784023 1766.8948438167597
6644.052732749535 6421.494566881467
1532.5287234534123 5.330208072950038
5008.885565578444 4689.692511288358
2560.8330282580027 5788.565537016214
8479.612431040248 1940.8255892473026
5615.985083712312 5736.676113224151
1217.2944368096428 93.8701297619693
3136.6147797854883 931.4676738711725
1155.0174647890476 5991.733918730496
290.7484434891927 3463.775538336219
7927.181301359878 7336.322397316001
1298.6396226370512 1153.649030866797
1534.6182873967161 9601.205602667213
1064.9439579523546 1670.530870412663
1998.5266029427696 8142.162174752072
9155.454243031112 4907.497399416659
6086.292013399864 6884.081595338647
9764.942066794723 1653.0788964603305
7084.840988417842 8683.404190080766
6996.477629202508 7356.127231010745
7552.2522810821965 2748.4870015407505
9508.932680172775 2093.6613357046463
2995.930673730027 1345.9805251017908
2388.19338434904 1728.5606496178152
6505.721916260647 1429.5106309688176
6958.941569206104 683.4445318304383
512.9314398916318 6797.659273075851
1177.6923500899406 3759.014437854562
2051.2821504573562 2921.441263836113
4234.100115858573 2989.6015695149335
2163.427266018325 9677.179045021583
9036.375372779128 5655.605832779742
8426.713077990962 6878.878241269555
5367.984680669721 1261.970861830486
1964.463087172692 3724.912337447056
4676.6301055825925 8543.791047505689
6764.1330702278865 6057.025537616501
4692.835178535452 8374.600971010723
9641.26641742824 4675.368576404052
8374.293839331187 4829.846150735746
3768.254737253577 3861.482830386317
7033.463980106075 4597.49637970994
7329.489486575754 1731.8520113429913
1929.7151374710552 4429.704443937436
1569.566421803008 3077.8468227800695
2093.673297168386 7393.87643394103
9268.783725158453 943.5838580464028
8700.226193617154 1308.4649601488918
5510.253164925964 5351.433875840465
7917.9868796676465 6938.257927990816
7495.520555937854 6305.604087636234
4836.839059561162 9275.878997065216
9120.670375057349 3487.437577704392
811.513363172296 2550.6776503174233
9042.469506912897 6901.762484450303
5357.978332791467 8483.134151279657
8044.179446102227 1141.8337226004894
1600.7504471984957 7742.36245500211
2653.247380476845 911.1151893470637
1193.061886754595 6566.2414997275755
7168.163250071673 6973.3441664057445
618.1465726451163 4068.164593370532
5519.349866363537 9798.035233646893
5828.743052479651 881.3445756442251
7719.027993164246 2826.772999979016
6293.226671053041 6481.0702428848535
3047.579556484904 8506.352162681986
2690.626803370603 777.2576477294701
3579.0089883002065 8018.027475660947
4733.100367572926 5384.097105276553
7165.68078073588 9977.83215988949
6893.27074408478 1350.5490441040324
8582.58929169485 4291.136457605935
175.16107300046934 3074.891469712947
1173.9957434092496 4815.311758763222
7491.286659052055 2628.4811275697107
9050.345701740025 8517.576819678852
8694.791590048468 4778.338005264033
1650.9540929300904 9410.797373162439
8864.351409896348 625.1182679156275
8318.03382449505 2708.2237653318207
50.88429668572702 6962.494988142695
420.2063067330275 8358.843062740769
2368.943011819702 9215.91628042807
2518.725586468995 3408.235120664741
5051.994586450113 8133.166961386148
2087.216972799684 9475.51883849959
1889.610901727987 4276.107880095677
9375.80978140847 5045.181477265524
8325.93421295551 9802.428501027161
5153.1275301156775 2243.283042816027
9422.597643768831 4028.1912876739843
4264.669851336721 4300.737823969187
8875.620908820005 7826.408925754546
7213.702537907772 3002.069544327938
9324.618477357577 2043.8406349204486
300.8516492265867 5076.246532474987
3303.9939809730754 6807.653933791446
7251.170451530862 2706.9042506015508
2359.6172199605858 1845.54582670458
1712.5323288150341 6122.463685176276
9090.811731028482 2757.37363146189
526.7742414640963 5572.3614554467
3176.306941368472 4553.298048612713
2255.102736412821 5903.804794124142
7804.139136081933 1712.892266621856
4081.840225582606 9424.17489633433
7349.309525885995 3521.6298443507567
2925.678995071168 1767.398099683406
629.3423091724926 4505.608311861489
3355.1820157860734 1078.3126231709273
6616.706338967321 2412.3263240934566
5735.349770000302 2987.2602312033546
1098.3989943306294 374.7826693463008
2924.648619702862 2567.8324165296895
3446.8126991130653 5648.115608519691
2796.9785563862524 9753.908602243657
2402.339305771923 4622.4619285704375
6880.631139859338 6537.82573900602
8566.988446063637 2692.655144188083
2486.368894111084 2679.7169035217826
9169.63006397865 8004.853480314382
6839.339569724707 1628.7673303261417
7587.296933576253 102.12251653313409
6934.60581555265 9890.334101092645
6093.311052269578 8055.463366887907
8103.663309457136 1168.579249440329
5351.8254083724105 7793.727321630348
7609.386869892898 1272.4730794093853
8289.702432558894 5035.307040933886
6979.426379220833 993.722525421823
9150.478731014153 8476.452797516335
8243.15610461661 1948.3847919218244
771.4890362013372 7705.511437960194
4754.8511764172745 4719.632000431254
4424.059772824935 1689.342211590462
6865.850845856725 9547.329497785367
6917.998458944517 6617.613990021153
6351.042276240896 7280.802087643828
9095.447476037973 6392.641610610479
1200.0756268436196 2344.3565514943275
8325.483518762878 5116.876464175093
4151.304196408249 60.839697951333704
5159.687326898159 8557.111471117047
4176.515415794465 7836.708272820149
920.2228018445957 753.923201947212
17.10276282577361 3432.7951130742827
8665.804409336599 2696.819229328673
8827.400629854888 3828.155713084037
4717.250079023331 2300.0163535120664
998.4870517832555 5030.083557123353
1723.1531183915815 8790.726792963902
4315.836756981316 6591.584899882484
7107.5269884783365 61.28282372551696
6746.780129827784 4568.3104049138265
2665.1148185821194 8538.384045456742
7358.81069984719 3180.1384705688065
2056.3699905122958 9687.202916017224
9137.352512167241 8538.312108519936
3002.9581969601327 7395.040731388698
5801.68465200469 7457.233437277515
95.94502165489848 2168.6741246748243
7110.292297705215 590.7245137741024
2302.671435379052 1331.4907883414096
3601.9952083205776 1915.7608133585213
6494.642120500219 5220.96281824571
2236.783144841521 5932.39459700571
4617.581622257149 9763.959651348096
8980.36278297074 9856.783448165459
7486.141887904011 3746.8568920585044
3019.0017364602472 554.9420038121622
2609.5719439836953 8599.348818665265
9996.331197680449 4998.042791954088
6940.987767582475 9575.329226863736
8431.349400012403 8615.788729836857
7991.711554705601 9841.14917361833
4306.943929105186 8082.588926178342
8363.474743139957 3171.0286823802758
3710.828860562807 3791.9675721777603
9425.107249032344 6701.334743539414
2365.8739723126478 2557.843761376093
9596.668214049696 2509.9068981251285
3904.378035993501 2927.018527187101
1502.792655960702 5663.552488370285
5820.916863998815 3895.4116634263846
118.36625431827508 6816.296512726054
3180.9765460990825 2791.292182441907
953.4643020744782 9442.916149164212
5367.660469637421 9621.950763131506
3310.8146205153644 5356.750489704925
416.3328959585211 3275.9659258846573
8697.881826942716 7287.721015658424
4817.1453250266695 9631.414963074687
8586.991065660668 3985.959427529979
4057.968228836305 2841.0903062802504
8890.738644033514 1568.3884627147793
635.3247405899609 8848.980418247445
756.2691452135317 4640.053189163627
1778.5090048399854 4537.975614819458
8580.820702595976 2098.956593259709
8712.141215609303 6816.970900239906
6512.273675814568 5472.605591549119
2924.9977205586542 3426.230732102885
4122.26269856544 2136.424570922335
2618.026806126256 1273.0906805875275
425.74138578602924 1828.6499058730233
4272.0394648332585 8705.770494317476
2969.7169312529372 2503.268544623768
105.64719743871298 5291.280311643025
5325.199886615754 752.0205562855853
2086.5918612613464 6384.098332927367
1990.2439303566177 2778.436673810647
7114.692580074241 55.50774036301775
4448.274555623708 4221.332120677162
6012.213882907171 799.1815592782348
5924.740571596708 1002.140188010483
1037.5358997321216 7836.804694454378
5246.440407843672 8809.908711512817
2780.5854856623023 5818.229997244616
2131.716519145287 5839.749852046994
7503.567317021871 2243.864576065897
7226.025790604252 1964.975510875554
258.10929889672593 9032.689002325875
246.23165841440863 7650.110821785285
7440.017177345944 5317.510833894769
8708.28684148692 7601.426655307324
4835.409225572015 4769.7625622093
7886.806623972551 7403.589955610842
3667.081765678222 3539.351080318044
9891.358276546596 6205.479232941538
7667.535029788186 4240.775952584042
6043.120650774841 4895.167448925088
8785.161985917599 7324.927787063679
2096.8996729898313 7143.529600172999
7772.689626580966 3646.6923766257055
277.30728885512866 197.88261003055973
8612.030357155392 1071.6782183281382
5584.245271887751 3371.519172655757
2497.2879284236737 3561.095371615287
6371.661241089855 4801.951381635476
7927.735646971998 3332.016893546793
814.8704301485366 1240.1298466825062
8355.161653570432 5410.948952420661
1555.5688758385666 1384.8638617288477
7785.06090663055 9181.852717183381
549.9890803200624 591.1124059399597
7748.722154444615 3375.449286961084
4944.475748576825 3657.7759262830414
6143.34474982366 9354.853248180953
2664.0939118372053 2840.06874024605
9579.893510540833 2523.279202830654
3323.700778599934 233.50670930778583
6083.479330161 3212.7672778650617
6057.249534465093 7240.9945840246455
4258.6298066895215 6508.579543718613
909.9136186628731 8961.45671326481
8361.897913791852 5122.121541702919
4548.955329441809 8027.899205281124
6116.825190367963 645.9462161108464
4223.0844911058475 674.7556976639013
7561.364086740068 6307.5998279828145
6136.38638642667 7628.810317456365
8735.435173760938 8684.772234822669
5701.72071865086 3794.9550443437506
3596.376014886221 6752.421426404613
7499.827965158894 3647.4825075676963
1192.616805679384 4103.238466946664
2194.2012350754503 3739.5773980428658
2830.995337482777 4216.027403163067
6138.114487635996 9808.115143334351
5740.701187151248 9242.2743944224
6959.023229443242 3577.833735909767
5566.9182099564105 9939.389037811527
5016.8851469554365 3558.397382143709
9919.813182856093 8099.793712398906
6306.771091510314 4879.8225272028885
9159.595171156845 3108.252347411632
7112.471087436595 5526.19049138683
8615.947704398304 1105.523028858667
4516.622780562538 204.52419156744006
8520.217872347004 8644.62774334435
9734.222889405317 8525.160260142171
4071.317790119511 2696.733176539805
3160.204008820303 1171.899333157773
8261.38075870414 5396.84045992146
1008.09502689165 6304.671872404366
4354.783782939241 5015.18581468977
3465.604095067083 8564.408354835032
3244.232685888715 4298.45310985285
3404.296255140431 4739.259947331126
3300.180544557961 3545.6096745645536
2854.3646992021286 3403.2611532260817
6784.930511258393 8566.371907889403
1691.820137493738 652.9873833038835
7420.3504428896185 3016.0159224571557
9284.255516891131 444.7106990773586
8278.206140511033 508.4505254000282
5202.66817031776 5974.0029545603875
7804.69793347071 4380.168558791186
9530.648517544212 8041.704642613502
4495.861826048886 2010.9042347897266
6788.578448934392 7414.61211675875
7508.077569532365 6202.518656511103
39.30234610347028 816.2040544686189
1318.0024411330505 8275.844357709502
3353.0698745385125 4372.172981887914
7438.825822558596 6265.919474892069
1483.3716756190775 4087.483665417445
5154.8221338236035 6879.249028726311
5341.618942880567 246.13095030855513
6253.753092871383 1722.4296873789713
657.4515664742609 1501.7278563749026
5816.752967187356 6719.679915874795
5072.775463910952 4866.501501647796
2267.9044294206105 8607.521834083427
5841.471693743962 9808.231173955835
5090.792130204811 3928.059345137097
6293.036562845771 8229.117687069805
7886.90377369756 4038.0067393211716
4267.250126018453 7227.518889662146
7780.816443445342 4308.818736871182
9838.286429437572 8232.951452116597
9569.695238839016 6913.983479732266
2820.522336740603 4356.698091622634
4469.701116471211 4382.731832658502
2784.6149819287502 7614.823768019203
8829.4891607891 5445.134211534205
5611.255354905477 9057.35370936569
7761.050065429119 5601.745334224948
971.3313316272465 7776.813967272248
2280.732318544577 2321.6693446310264
4545.060426490965 9271.300631102391
6258.35556735379 8806.118570260796
7278.980520716525 9701.682143784956
1239.9081977055637 850.2394664020785
1528.518042275858 209.5047493782065
3039.3949321713 8494.186377415515
545.1771095594315 4651.6167270352125
3887.984384677449 7875.125686875435
3441.224456583116 4859.4843180883145
7883.68010628149 8975.054203589898
2501.070568113024 9845.620419987434
5502.317808623316 1805.021008313511
3507.377352400861 9256.508107499203
5010.771986526548 6974.543568609169
2611.2510558250115 6810.845045578942
4765.829628600443 6565.714316410077
5199.706275645945 6463.896599370965
587.2699195012066 7764.693686649801
3199.9122582624027 2603.1900561575226
6661.264431787914 4798.991011736519
7308.568846783903 5707.744571468075
6760.292262831004 4387.137907044382
9746.07874725594 6592.475623203893
4958.343379570518 6128.061059072669
1309.0157648669322 5611.374219279528
1475.2572167753553 2040.6632365288501
3730.7159484211925 8007.504689192736
9801.627532007915 8809.82899480074
4658.645835721123 2974.831874323898
5835.778834206373 2203.2673527254897
7918.530853392168 1936.3231852924766
8406.89852876264 5594.315701422167
6159.056945071022 1044.742607760778
3263.4891309537675 3559.0244266640602
6457.278803913504 3976.9940633561764
9373.876358788813 7111.547904986196
2013.710408536634 3719.831233830039
7215.600385002859 9300.074983698307
4677.385751725766 6234.197996688192
3623.0781931054325 8606.224533937833
3715.0172269941627 4637.427652624822
6718.018472030247 2874.048363905423
5974.702886011857 9856.967978882918
7464.638832520044 8340.474181540387
1393.4610715323981 2586.2642271558643
1471.819761142238 6747.233085831495
5659.201616728769 1812.8786473414937
5806.900097387904 8485.016163141507
8761.56958123407 7190.880228486621
790.906963154745 1253.8062823737262
4152.424538993951 6093.994058989905
6012.582484209214 1819.037696804444
8285.548425485056 1312.9449927045189
3128.651910425597 3101.4363950753664
4416.503570600184 2049.894372275344
5410.354835305694 59.09872999791732
7717.386212267911 9114.812662839418
5451.341182118591 5603.5685819906275
997.5570880321594 5043.087472644226
7969.608566350663 2137.3773133953587
1620.2478978922131 1230.6214260933068
4216.236353706373 5208.709633098703
566.2816489011868 7122.122344794264
8146.255699766805 3249.570099214977
4019.9653011588566 990.2479588239698
2212.0603887488855 1397.0192407209604
6338.545283293818 7907.7141777116785
2407.3579193180485 7992.7561712856195
815.440365754061 8141.43215031499
8019.7226223067455 9514.527026623644
1258.801741746949 8387.195398082751
1442.4016470787637 3413.541391973084
3080.7699973875824 9015.382296234196
7351.097355799169 8615.281055673075
7329.132309816158 2812.604331724362
8569.031051972534 286.7916966692841
4891.909088046412 4581.1741191794
8023.665308916133 8881.745077057294
966.7300320956551 6397.723825977519
2341.051681383671 3445.271403391831
1810.680628384256 334.25835206765566
2828.83197981894 5693.754767795299
6772.6403317313925 9009.381607214362
3866.5177426208343 4480.496234795129
8658.947359949683 4464.383163715356
7051.735661011733 9916.346270740129
4594.567429361901 7548.328655210374
1843.7132670443568 2635.1148104605604
7715.758115104207 3248.252942393732
9900.356405403316 6476.769164442062
7266.562112150315 2215.001631585175
822.842791339804 2207.131808539766
970.2786024673826 5112.226661969009
1601.7415956682657 5800.996635537573
8908.399884313101 4355.488549790113
701.2418632551964 7286.282456799219
2563.3214993737383 7310.376079813107
423.1538234912213 5180.045065536103
6167.466316407677 6083.0051394563225
7959.920845616049 7142.875798971083
50.28896193989496 1663.2100458321652
6375.963660843321 9636.415430141247
7285.957954232186 4370.197590808575
1649.2535925343554 8089.413490732102
5618.336230244787 8302.3827131072
860.0886340321013 4360.9704366119795
6376.21418898929 4807.582633731498
9631.625589212756 135.30104967486633
890.5738350638892 8866.694090162528
4006.801355202858 3290.5571895972894
2786.991206282049 2723.4371354205646
3088.8506705684317 9254.961368331255
1450.116413108118 3094.697223583397
3977.710133689555 896.690130513722
7943.4902118441305 1860.4519710005763
9802.171878653431 8589.665999002073
9716.794519621224 5259.225442887464
4977.73256320168 6755.606499590791
4543.954255322059 3304.459296305988
9212.658330810795 4403.391411749512
7309.338860896649 9389.14970954059
3239.867716925109 4970.005265857653
5495.643391320127 9860.548647758029
4769.808517642573 5113.019832125731
525.8499828063856 4723.680470597112
2739.585732889858 3012.784530910848
2473.0042126592557 3571.882861178132
1576.1758515368263 4213.190742407109
5075.3693199079635 5344.5260705117835
4896.640198165352 7063.087234149367
6480.842526484922 6576.52722281587
9835.825469219373 416.118853111398
8693.35786119374 431.220109946816
9022.12412589285 3404.9696437762477
5305.313643553522 7997.602620913496
7114.438481606418 826.6912595840259
2773.9021368446947 4084.9295816037734
2768.574859209867 7959.004025874878
5235.543745198068 2062.0775266955784
4918.87215288318 5473.154747553385
6651.452217431047 6166.058034548899
4340.943406163996 8517.12856024887
6938.6922534484165 5143.509945634868
7603.992574613687 4013.7052918891236
664.9122494856963 8090.954479474566
726.2422568502614 6751.057608967248
7871.26993540563 1924.0511131448657
4114.5889873591 7939.296449410326
6636.88948549153 33.04146680151665
8699.680257829456 9564.562053542546
6109.523784932768 3371.0266204043514
5570.183707906526 4092.972356984088
6900.918234389298 8473.674018640113
7865.100904741603 1859.9360104331809
2981.702891221051 1723.4019015869894
4200.551210428256 7826.044643464589
5509.469682536052 5548.043964102319
7487.5343418055 5288.9606093732145
4385.014772671776 183.45126997412865
1639.7559238308024 6611.4203823234775
7755.559913401538 4131.438751279426
1375.6760763572195 58.67570529702215
3170.0888443445383 7508.937806752959
7086.525050328515 7434.397785818453
6640.7696836357745 5111.171297034035
7572.104112728867 9362.27534926257
7475.755081801796 201.11800006590852
8338.76514793728 3781.238034149591
7422.487017196465 5789.48897934579
2109.0499723120315 8505.437665623447
2396.9546241061626 7483.886410234681
1210.037217301152 545.8307600141254
3873.1877397914172 862.7791529232665
8587.53195134598 3298.399968964296
4868.591347375922 6769.367478696484
5335.8037294132 7674.760017387325
2384.5613645401377 9922.378622269254
7837.665710746011 4784.096250054964
4148.138692963585 9805.272513290663
6877.255703626695 5871.087584387934
2549.3019959639228 7922.304080382799
4417.965094366153 9872.66451157672
2779.8138364009815 2199.3303830435984
1130.5385624301312 177.1645268751265
5353.370098586697 7559.212362895555
9211.442533064584 9952.639816277146
5423.132065565437 1516.1070493636541
549.1833077602781 9756.783923827736
2611.5412954830285 5009.906259227129
9876.326624831734 2049.1437320567406
5428.653528716307 1641.524180427585
6187.560329716477 4696.984712577221
3779.053481979423 2971.6949540743653
3409.2039386694637 9599.383726963835
1543.7344012925614 3610.391007094682
3073.1645531187146 3149.824546834158
8772.16655720017 7450.925362359898
7578.401067859336 2415.7752102576137
9631.095302672948 5592.261231752028
2515.5473701275423 4634.4293158997
7930.44330194902 7244.992909414303
485.41882318578035 7906.996717777815
6783.020576411341 7230.928477874849
6859.704883932262 7819.632375124417
2753.5683133211796 7563.148243034542
12.229748874781343 8127.293247460889
7713.99910448046 6032.870378071824
4691.739476347358 3607.520002196892
3545.514791135601 1731.4085036988936
7412.254055563532 9724.339211816628
5814.620343542329 5999.956204009651
7004.601020573933 6838.189349296106
2598.8727338207805 7426.889416063619
1802.8218003004238 6355.972213409
3749.537520377386 1201.7304456666977
7331.72616757645 2436.037864381607
4052.150499512427 6386.86734956218
4816.940952744983 5646.113655009328
982.3111529499851 9482.582102409442
1356.38508206959 4317.890973196132
4052.863066478791 9037.885301552315
7172.175377771012 5250.184037704268
8109.944163689922 3999.116489184066
4004.5472765371615 7883.284387551469
7359.217682033317 7990.216942720765
1414.4531932064065 5100.329033132577
389.92257103158903 2783.0379047066244
4529.08180523657 9407.212376326395
9013.212096695539 6842.997984325167
7594.612140616138 5400.767684905956
5342.573696342682 9024.858698345413
2593.1038391397874 8155.65337285847
2217.9562962773293 3245.339379511967
1135.4974359728553 2443.5753236151127
1811.5537116156434 7273.744796212513
860.2764017592335 9544.187905943012
6052.028383801251 7658.7346730279
4647.42432605703 6815.212177947292
365.27713560604246 3248.813148652342
2099.8853217797796 160.01732239461884
9153.68170791 1766.0742979303434
7949.81642158858 1064.1131720428286
7422.102711494298 7457.18974403385
1314.4959589278672 7967.702088180661
8007.712474063375 2972.5775689921784
3056.8343426118595 6399.64951908798
7982.085815063316 5314.145513679365
5898.005810191251 3518.9241872743614
967.7989002115183 3943.9571830632203
3384.8050765836956 492.77365246384375
4348.109814811711 8960.616612168329
9331.904309535152 486.59411887047696
1647.1294233852761 8627.12719960128
8939.266659192172 948.663394360858
719.2116738957887 8473.427962470872
6427.554449769002 6343.607980686642
7810.127815142788 8698.767598001368
1739.4386528616446 1521.6728053593554
6038.911011570302 2663.5275187249454
622.3067201456834 6506.573574371461
4398.089955598347 6887.057949558028
8237.932362419444 642.9082225888749
9981.357243468896 2157.5469323622797
6337.258274713906 7764.811691294691
1821.5440727803189 6111.891885079009
7993.513125524869 4330.736408426083
9458.10603005102 9957.998831111741
1904.4704327088434 9314.950695176703
3152.147036375841 5888.886162583967
354.7260096327631 8054.5413056872
5528.339578050442 7177.42512998663
1071.4569044610246 2221.4224224777345
6346.929779207731 9942.49668665864
3412.198668702552 4622.039227001274
3095.338522479215 4141.807701371591
3590.754726521508 623.176101393802
137.70287087945255 1473.550888055647
1977.4345540701954 7660.467111675001
8272.026118004153 9558.554407705375
7902.390672012374 506.91883192042206
4718.437626613524 5026.515744152309
3845.9053898165653 2761.9550933457626
798.387326349067 2944.3723454157257
1417.0556414411994 4367.196869139426
863.4301249347254 6401.806154990869
6102.260651903825 863.3949569955679
1393.5836030456005 8008.342421189781
6407.800023505967 2573.632138148675
3609.0680620776825 4558.45049681992
5725.4615458030485 931.1208695231177
6425.571707132977 7185.504948567849
2018.0618605768198 4765.621442761623
9132.00446400887 1952.4272320765212
1251.6562533091512 1520.7083745112836
4781.038619950225 16.271801554247347
5393.8390947475755 7094.817937297149
5956.55825844845 2255.980084502096
4752.604315795413 3282.2122822181423
4318.468868742394 566.9757818085964
7447.823168067254 3635.699417860162
4124.149676589698 6903.229160104466
5887.468936260424 6981.147433772095
7787.151647358583 1586.8702774196074
1263.299515897468 2784.54233188117
8457.583557861477 4407.386938269421
2285.782608728134 4105.532300046958
594.9439552574843 5596.891285435102
3645.633195581401 1967.1122462971834
4552.995903506296 8894.895843181926
3019.403292731916 9629.302895970439
5307.602287998842 5605.495099667699
2829.1492871895553 6475.379316835122
8632.271760430418 6801.793414133946
4421.273321471657 9002.411382806433
262.4914263385736 646.8835124325034
7847.221614662232 753.5785139826523
4888.750600662424 3177.6246906053907
8.790885300008489 3937.9234701812925
2179.488743064566 3836.9288631607533
7573.381882805505 2953.920391392738
6459.030034591522 1542.2099913635777
8769.609333864853 4066.42206135454
5151.890563034168 3142.1127942025087
9941.261660873559 6082.269395592071
8653.680223525876 3740.5812214625666
8567.675852197646 4028.0365434164023
900.1381759865245 7556.788886093985
4351.1796807231985 1554.0987064892986
5579.683182503553 8741.399282230304
3927.3205072437545 8072.403601290717
7671.172496282345 3884.083256120009
2771.1882958837164 3481.037937000938
3787.4064331698996 1824.1672827469024
9953.211615967013 6736.878286673338
7666.230871324956 1815.747092243335
7540.388365778235 4508.322904808354
9074.926762275883 8100.548030082614
6643.985972833009 2673.3009972671575
5379.900173715827 7506.269171260978
6382.329615189404 6523.460898837236
5082.5142161634685 6815.101912409171
357.3701113207406 5193.640066019356
1733.235283055855 8336.565387997372
7636.304913641695 2056.425943385166
4810.090075135785 5370.755365886579
1684.6013607845712 5604.815988251051
1383.760147183667 4062.5556540745156
1214.3518740086656 4691.692490599731
8690.471396769775 4524.314176793881
1491.9645007871118 7903.024974728148
3095.157772047388 2043.940499203063
3291.7774420806336 9312.424800947581
5351.213115354243 8697.331735300173
9387.25553093976 1897.8700192319764
5549.468341657892 6748.490788272647
5239.0134374772815 5497.130367871079
3697.8625961909784 7847.6486530127695
1368.9829194476843 8336.616647137866
3484.6026368838734 6227.162812679562
9802.618196100002 9889.092932639436
7451.436216331576 9846.910656949152
5916.122244238559 8098.880415973132
1539.9863037522343 755.350753559746
43.23637232783617 5858.8956062592915
5772.933541039871 4809.383630761164
276.2349624008498 32.063110945244055
5693.146386845072 1335.5887008594236
9038.328400367296 1280.346738725253
6107.700381186128 5317.372939375527
1209.7631239916295 4497.848357196106
4670.05172964907 8257.017280649383
857.4853237444535 7740.12359732951
7882.45041490427 8988.561959071429
6948.313224631331 2200.069493953912
6212.022904279482 2406.9228277843013
5818.135649472176 7001.441949456844
8187.763587758219 2330.5837291875964
9624.743173613768 364.26065585593136
5582.019919673267 4529.66706203953
5529.463437653767 3042.0683252177073
3078.868814080257 7328.133718439625
9932.862666222427 839.2068123400865
6193.123296167765 128.31498130933429
5732.344357561718 486.9843219444081
627.525542942996 4707.941719859343
8274.559521371033 7190.801847733565
4742.019512274248 204.2754282261239
7443.117058307666 2756.018310292736
4357.817299363308 326.91138887761764
9152.166967125151 358.5303584305144
5730.305442987314 530.2688238130005
9408.998149764193 5746.752935398583
8198.667368357263 3628.7411917314025
8063.881380484818 4944.881430223166
2756.419442678172 4651.929744500824
7382.9558321745635 5373.0265295467525
6585.8926381708425 9614.339227524206
2660.044644421068 708.0126798816855
6461.018683801757 8313.36278492985
8225.854865953626 9779.334818144722
5846.603907660333 8271.345616614928
2418.1036832844184 6327.970961401937
1508.6082437973857 5501.958116268408
9343.683226250156 9551.451109964339
5498.768599641368 7908.072459972682
3594.059029898169 5016.787499475791
7488.239390744507 8807.784213893226
6467.674847407409 1743.5729180661986
598.7470909069525 1337.175434701552
8708.213569844276 4042.756011271568
1116.086806984189 9292.868112971579
5285.140813548973 6042.310147631587
8769.614651925716 6354.370979180631
2323.0393512249625 2739.2079282947348
9622.718997518252 3565.6749288427923
4928.819898653729 3887.8262988896226
8043.082665612319 4457.5069490414035
7370.966974391046 6068.098718340297
7707.873187018611 8256.10080053541
3832.5641651083342 3872.446852789051
4147.830596640652 4251.305093270349
8789.916567507278 3308.7147254412184
2945.5467915903687 4586.2906217885
961.1670223281566 9237.043083852603
8377.060518046563 8483.083455176265
3724.3804503811098 3941.8144533184995
7022.2198238592455 8232.594196372775
7922.152360161461 5785.510161729183
9668.090509468144 6154.773098702471
49.86926536198699 5299.519149161097
2691.0205410443345 2173.9715115277627
9967.332531196857 1037.6454762018273
7026.794337927794 3656.541064619474
7478.534434452433 9051.25938617813
8824.64310665131 2722.161287851327
6391.94895381139 7940.745078591177
929.7023198937549 1367.3322434447432
8003.782819257326 6096.097642652162
8449.83575942896 1428.9259581493775
3339.2101881308754 8960.227378062094
4836.577406542038 4667.643932270328
4941.688768814633 1931.7318623024682
7146.266099555814 8065.680602565327
4518.035668804381 8869.597589930621
446.2762500558837 809.8418135372165
2327.0232317301097 7070.499025111617
1692.5816131707127 2370.8272626416237
7841.821660398011 7060.065427240142
2828.7086223313863 5591.33492273331
8921.709960536604 9572.685874092616
1342.4725667546966 4760.097318755504
8496.03918393184 2690.1299052330164
4065.7093397689646 6275.91811953647
3593.519320486349 9267.463815493218
6613.553529832946 8695.2220869826
1442.47802167352 8495.440695248477
6533.631818688415 9708.596276618258
1322.8139775278203 5731.75640451333
2971.875053346714 9906.239460731156
8867.949156415632 1579.2511642717677
9460.480022750386 7069.20309647237
1595.1610754948765 4597.356061503088
9294.876323240089 162.751314276669
585.2559525542056 2003.77469733369
4890.386958346559 9210.12482167567
3437.617801184958 9256.598207200124
3495.594414430919 5789.444187405457
7894.250682026414 2502.7571293055416
1688.2564048355964 9023.444803683866
3856.508896161781 7536.909238456167
190.93999613522539 3621.1840194892707
3910.784839779726 5135.576659771208
8717.37536503481 9782.818226994264
8934.5053236393 5414.537054552159
7796.852207988008 9592.999016821383
5871.367691162126 3203.1856421433113
822.8162325246712 905.3907931092652
9344.815720242394 2337.7816731390967
4933.148145865225 7660.263582204619
7421.34648779471 9246.204205094858
3753.4348945773977 5079.074609940756
4540.306621029428 5230.032336223819
8520.874684960847 9244.393292802466
1394.4185474853255 2445.482109130055
6655.280861540267 3200.4924833858518
2375.3604798689066 742.9276766614535
8454.9797926573 5899.366611958529
6091.288858261956 1245.4358906393159
3269.2306333739375 6068.904080231563
3418.286952014732 7829.952721648538
6235.111580283839 394.38339550126545
565.2863078109838 9520.479558907251
5465.6588295544725 4281.424935601413
1712.096386466505 5210.778798359893
7437.3620227837755 3907.9740155941467
6922.749888719025 7104.856419959319
5248.955238301331 274.85348773513493
6241.451963534825 796.6661531935471
409.7641169256838 9528.870429246854
145.9988003673407 8006.188728094019
3864.705664101249 8959.41599572737
9863.609946738687 2647.2382554932174
6074.356650364747 4758.954132134746
8446.696084243986 2123.0543036082004
9142.344058938063 5889.7431074061915
4961.162025763334 3528.9393270681803
6218.6290029738475 8213.589717139042
9657.42291727236 8786.904060847572
4706.093145646128 4418.390242657356
7574.392274343694 3645.489507303883
159.15829010537897 8214.659946830363
1669.271635299381 2948.6327888396304
7187.00139132639 5777.21518684608
4271.0605391334175 8610.65075980505
2160.2519397556753 3471.6135179997154
7423.271705615512 7330.117501170127
68.89271967894683 8531.923644031926
8511.424708918805 2233.6136835336906
4490.405852624651 8545.837180628629
7463.462308585345 6361.031301517736
5301.03942789433 6355.096964192456
5766.315542882793 6187.318259877964
3499.3953348618666 9293.666146117328
5559.421798453224 221.2501362460917
6310.370599138018 5563.0130176686935
9146.075091668014 1130.0235414916938
8598.805599730362 5983.345117714918
5406.069119012903 9809.162094101386
8546.030276066529 6361.574505553789
9798.172017415021 6350.4356635559825
6528.818655450425 4281.251121255617
8908.545879583851 5956.192377583766
6189.095823764441 4246.65530670895
8831.306709169856 7506.707618680814
5794.067473273968 6802.691437720546
9059.996774686388 8707.857256825218
6160.270226000074 504.17907562223417
23.817935215144637 4529.624869963868
8651.369559185923 422.5908704671022
2920.0559352711475 4991.657969873786
3058.3606058342884 3255.2410643232497
5074.202066073731 4260.286741651529
532.1534309865117 7041.37710379128
2701.8541381802465 5492.128848792291
1162.3557459046785 2991.5868610287475
5651.562644709319 4892.598481483199
9282.389751621788 8001.380099298516
5475.360049631127 4053.3505609656227
2129.913483809328 9046.760136319255
9003.795153691246 1790.8844557045588
9102.83920490599 4849.056000381939
4494.865735534654 5429.242223484096
9525.073514627169 5948.23107786494
6381.327214539439 6752.93625324375
6572.431770229523 1638.3493306152463
7658.43088103712 9701.943503514369
3808.004464342405 1095.820063192463
6034.220037592179 5288.808469716139
8637.586427658096 6470.5055209809925
1107.0975167196916 4188.600835054454
3919.6014367622633 7711.7257928194385
5040.4486008978865 8985.672893013592
4950.288408708387 2465.6440499686505
8471.687235153355 6156.869833559785
4093.7428231897343 9507.475487986263
6723.169580223195 2529.0458728006693
9437.730267490964 861.4107134683469
8774.99455788802 2169.444239040786
7030.022949969609 6013.102724527461
2914.7935401030945 7450.699372156252
8486.336048174233 1434.0131245127209
8497.187766021594 2377.927864961429
7059.768086570748 13.872667780685521
2825.667651310547 7173.569962142381
5622.976537093609 7936.960269472809
5812.230779921909 586.3580208940944
9438.153804933225 1039.860950627769
2775.1887974326396 423.976332044621
5076.188691477863 8752.811934393943
7503.137326741453 3404.6963647195917
4395.23203230713 1353.7039479091961
3543.1534104364914 2581.4599485947365
9100.213715121916 5453.255028281448
1563.8718008616959 4312.596769914711
7078.681392469144 3381.82840293994
4599.160694162305 7036.559511425835
6444.6648613212665 4462.817459899526
995.7060442502075 953.7648971174917
7021.095063502304 34.47659474611009
6967.878779376466 1126.8328694952756
1852.636229647695 9521.529963876364
6805.849804628573 6481.219726064813
3264.6159472290115 1859.8365663722582
8987.988606676889 3721.4386103473994
8970.068479758811 5141.854951834965
716.1604476498628 8273.773599737655
3775.7334529884834 7477.59263430335
1722.6169435286931 4024.5886772714234
1549.1801211178547 3755.1863023375686
589.7515436288037 9844.037535035752
283.05474558672495 6237.206518915071
3279.070425995987 3668.1875789878227
328.78022731054 1743.2390908573925
4083.3071716220793 4258.269171380835
2170.86021525612 4546.242602362977
3795.6853842090586 6663.966790203693
5474.272202410825 2049.6393575474503
8532.918059629059 9888.373613343103
5561.2595212255255 9814.049218446056
5353.601840359926 4285.429237118195
6960.163032472054 3567.025537945363
7581.249905483251 1816.3698448242926
6217.757594208986 8456.110300419077
3571.2799400384065 4449.916415026279
7777.890406310222 9994.97649726135
7553.857538513174 4711.635876618475
7403.0444907223455 6904.376683586121
139.56534305648694 7671.109381317295
7351.778487871295 3364.075930743126
9092.457278199729 5501.244932354874
6323.82243334358 7068.892208213472
8055.121313032556 4152.277735638614
5045.937779087353 9921.427996259097
2052.9698833100265 6653.7032269406445
5295.479086948742 196.02652729753478
3810.03514947033 9090.586712933775
6144.917694845166 8572.935506215532
4176.145330147696 3396.40618736208
6259.424800881903 5568.626262953045
3295.415733028575 5762.777767723989
5190.928704582252 4577.65204317618
6538.585017149278 687.1216583053963
9785.90115345745 2993.3984276139827
676.7916903616123 8462.532849848323
4060.442736639832 3689.5232751077533
1291.970324786732 8259.812844636266
2195.0774111659944 520.8364872138061
1999.125086581538 9859.836185409455
4662.986837242607 4441.828611102339
9698.312755476634 4565.116462239186
6929.24439965069 1343.004398147678
7779.250375239581 9852.645774797098
8644.941536949555 8769.633928645952
969.0361470780351 2925.7857945178102
8808.919642110335 6314.487877596238
1343.5534393717242 5481.1861118560055
8981.156457754112 3665.5709091268927
4915.705216104066 5727.412859458628
2305.677211003795 1041.8292075890656
2168.7024651627553 3975.176347727395
837.1957312650092 9064.25334012406
3920.211892804728 4964.739459064939
7464.511901881192 8986.754161835133
5983.242427035851 3504.305328924905
1585.0261336751491 9650.644356546969
2232.2316925892183 9963.873327720248
9608.554229954434 4528.506089099697
5887.867682436669 8702.26587052879
2354.959837397563 787.6853516966631
3101.7641936484188 5600.720715909958
1458.9439955873684 2430.599094916183
1252.1816984042312 534.661407692989
6006.664461558396 1258.5012008715014
6754.567257542691 6835.944100774109
8802.680483940068 2657.302449686086
3645.760866889174 2581.0973118429592
8902.053587824665 8018.492454081223
4718.300925260758 7886.764630064457
3341.2557783488496 1985.168984519322
1561.33046233616 8301.76874816023
6362.868859134827 652.6272778481168
8507.191445078695 6855.915085252254
8852.888582124238 6354.919677373837
8187.869176950408 6358.858925353482
4195.76734935052 5733.247602454796
3173.0272669054493 9138.060064633557
9301.169126167853 408.9983084339954
8991.451702775426 3563.0581987017886
1167.7264389846264 3773.69919987937
8730.302153309714 5423.994164067441
22.926969154942746 3160.105630571768
8361.643486321927 7515.519591003373
9814.578469413696 3973.099776248471
4963.314485199758 2622.9295662817285
5628.135024398386 1236.0284984521286
7081.259881589839 3515.5591807587507
5465.487783258899 4447.5571137289335
7623.039625984542 8523.190745421545
744.6625887163672 3646.0769038995745
4877.3015175433975 2804.4180398087046
5866.182050814541 8143.150526124693
6521.581814484551 3511.6195766424794
2240.6895898324265 4514.437134024009
4810.879819514772 1715.3943932733716
6283.752501865058 7125.987141559081
8532.025207135477 5172.014592393934
4057.594157077874 2725.7582465538267
8763.943084985893 3800.66231148386
7475.832355066295 444.6451589219791
1001.4897201893114 4082.9056635376846
8286.126104454277 9928.282090531215
5780.618617845877 9505.086277304941
6406.968287749454 3260.3186462000667
3585.2103238805166 1634.9859843020843
8618.679548413107 839.8299689981736
7520.979160905316 457.345032813804
2094.997740096338 7439.9738667012425
9009.446556848912 3188.508078140775
4810.476578857992 2301.9572894153507
7585.050844398389 7948.678146552712
1470.241457620478 6307.831924808863
5771.039944211485 2390.958178409921
9282.474237151197 27.590714052536658
3964.871858829525 7669.567587733494
2630.3286107569324 8750.487642771108
8281.427354173435 4975.321735903128
9498.807986228474 4487.459230598689
6382.414972076252 5274.6648428852795
5373.461287792111 370.97998170171786
2462.9270079952125 2859.252246489683
2251.583554074864 9880.631196538749
2771.187941982358 9846.279214084645
1392.9366685119205 1887.1250358845182
7305.1052527116635 1865.4565234243114
8485.830261159812 2634.469746120599
1659.3223366497723 4826.737759753805
9015.73479238666 7469.422517715429
5389.040587902593 8883.606148882476
9797.426893520284 8379.321519185847
9711.964441134272 8489.92827033507
9867.987322944524 8213.852499321432
7887.295067567651 6794.092476120373
236.8156907818453 8843.247151880088
6190.7803273753525 8522.342519855534
7350.136786774078 8444.870869498589
2047.4057686087522 7973.933352191718
9551.31335013806 2612.11020214985
8588.387499466655 7783.9250017083305
9304.60399848755 5043.917217270541
1666.709799734173 9705.145579859201
6498.8333489794095 6200.3328755360635
6195.52586164955 819.0478914373034
9758.769350289183 2498.748741610214
3566.315765804976 7305.896876568162
3365.8324359998237 4377.635745711923
858.7815387233754 3187.917370345613
7126.0864970443745 8868.910992899684
5572.0300205373 3304.746953277805
5322.2931347804715 1197.069164722725
6686.67294349361 8188.728550942252
8748.136723197056 362.6609083161281
4010.057849644315 3478.2939297091066
746.554588138193 5669.651992753598
2961.9146326082937 8040.880024005656
4160.43961670459 4720.648699887838
1225.2839685237027 3072.5344422060275
1152.8045558137424 8530.929738225284
7017.671549153619 9099.559233308119
1964.8303479944118 6101.679198308841
6129.950464917666 9028.253884286609
1854.045713351078 9044.76349121296
6335.612413330641 3172.0145406575584
7691.216422396881 6665.857348610975
3290.5426056216315 6530.756253667651
6993.346755062884 3289.663007586926
1623.5802985078928 9505.821983550695
2531.528003854647 2550.436896160009
8560.693857640306 704.2483322060078
5076.193758613538 7872.975997422415
5130.687142315068 4519.46340765808
5328.672219671419 4433.679417766274
1767.925385744622 6771.18834309246
3636.7513455392464 5518.2471985948005
957.6501555667727 8845.525690068529
2703.304724536576 5382.039085591893
9462.031004299228 4496.914184270227
4170.848126661072 1471.0575754738586
6620.178145280208 3756.835425833449
4701.232137338169 1175.9868006501972
3232.919194529541 5239.862201977951
968.4981273789429 2168.658937266955
7623.2225108261 1545.838719232787
5844.2558722859 809.7821545394601
1605.7254747780148 2427.688250627933
9978.770819157246 118.71334734931071
9303.905623342554 6927.544103087592
3967.271350385697 7360.509612921364
6021.009789656699 8779.606994808455
6339.822569777151 1432.4531396718376
2700.9373986434193 9036.333086640308
1724.434230374543 1921.6887949966344
3907.846617710263 6095.256207731988
1706.9014681140359 4957.571733148626
3708.3352324424145 6086.9589630309865
8147.206825593314 5796.774571936011
4357.62536922302 5930.404182586472
5011.137218428054 4456.157260318399
7271.256245479488 7270.041133605365
137.09716547014582 8647.853803780938
4406.370487417654 1979.8108109075797
2781.9327537920058 7772.984789117504
881.7575289112845 8952.368502031435
6275.902154458545 2794.858535591478
6433.39338575534 7487.552621319512
7665.762930651044 9439.47550327427
4132.2959452554 4752.326571535247
7836.268702713104 6360.601950815193
9684.09271263655 3505.127324651266
6274.2006049228585 5658.638694668072
3584.7780343496947 1560.7565083203067
4375.38480288763 456.953102858384
1424.7091902535303 6317.6489783397665
9993.975824161906 3116.3075408661657
4712.976273482114 6077.564902300702
3794.612713705052 8107.460969664369
5736.853530550542 4858.446559411969
4891.885679481505 5563.9796783042575
5176.120378507138 8934.389582485843
9247.876597212937 5101.74213864667
459.6168787924737 1432.3780275328413
9347.364500565103 4618.579281270898
6181.479075540451 5973.639398583089
7781.61893104232 5476.943188322419
5287.0750606347565 1568.1734869751563
545.5272435947168 3724.4489004468605
1193.7425946698677 8754.21876508
8089.134987845691 6821.591105418378
6529.00390630482 1320.1178153644976
3463.5003002820376 6722.885610491234
3749.0200486754165 8854.247652309286
7262.101267853724 3097.1431763239134
6542.611637875778 2839.387783665708
8482.849821115407 4974.533520221469
8631.26425787659 3041.0931106704343
8922.108145302067 5172.550809250412
8343.107157864531 1535.3548548280417
6260.920961444249 9479.945928280426
3168.93378825712 8879.021298877531
7615.009559929785 1767.146267279871
8400.912087780105 647.1657798288433
993.902390345115 6943.627613215728
7909.708861804611 2844.784984820199
6850.903069038757 5997.17071746988
3133.3315950583165 1545.9146372245802
5704.425224060012 1226.8725525212387
8431.07008665152 5521.457650575501
672.5524207633948 5221.248776401621
7098.495507793071 587.7167213155321
5686.510649445332 4134.706590990467
2544.55525034452 940.8282015822766
1135.0642504064556 4380.128031843898
3399.381849973968 5838.001575817462
8740.680689134295 1982.250725460777
9651.503943392581 9644.665548870624
6579.63322115867 5525.992669727548
9305.737798413384 9487.329692187886
3332.0398918460946 6885.814153769171
1508.1048838917843 7535.170119096005
8084.166242482493 8736.66618433037
2601.705798230145 4279.054267319596
8304.145305271104 4224.032233457851
6157.557125987506 5084.921039730071
3973.5992679138244 2110.0119283378817
6666.973190834264 4769.133955359381
281.4731855175823 214.3612547651974
9287.158756373321 3976.6334464544752
4772.7190191955515 1033.8486413484138
4799.251675669506 6738.41152635946
7393.298980985343 6050.2407775977645
9768.133293011746 743.0380128710212
3484.302169921282 9426.689787993673
6785.905630210528 577.6721896292281
451.7992681693062 7544.238640768633
8636.009103909704 9477.19379681317
8575.384708132142 8144.622279621349
3232.5355349655515 6965.791055570961
5217.190016589954 1722.4897657267356
3269.363773767422 8183.550005145116
9554.472148399862 8249.631846088952
5656.334112370982 5661.285505523851
1882.7148522426528 4315.740659312815
1024.7424033400764 5840.066206711525
7522.50741065837 9334.69621955095
2852.0237360089473 727.5814218594035
412.2924068506373 4592.313494481486
9085.568400347656 9741.704732679023
5580.402938497756 5600.948255887726
6538.190707377388 8012.310761486064
2863.638731993572 6478.301897042455
9782.854182150446 5195.60769965894
6475.95558781638 4882.231124233946
1791.8266702772146 3200.946072244859
6329.6761750765145 7410.309709657174
3145.526549229457 2138.271575288523
7372.951529097252 8312.350595981268
278.89074838939877 1265.0918940455224
2631.038512229268 8866.046872800744
938.1788435550164 5745.0300080266115
4125.277384524458 830.3418698472053
6788.704836774896 625.7393147771273
3392.49066414092 5018.0948115124165
8944.062192191244 602.1605975558009
9938.848195967028 5219.060509239261
2079.9943662715614 7851.801313162718
1636.069288146662 8456.151816860027
6751.1290678066935 511.9247629251422
5804.166433389251 4872.412171791287
7546.387195038371 1214.2359781558343
3523.7602628917066 4423.073418644931
6798.94049786343 8500.85511822673
2582.320926081343 2986.531079830269
9709.182722703688 3916.076056612281
6382.525840894527 7510.018908825005
6944.249930637407 4101.6031637247015
7127.243577053892 8370.22243319107
5045.20395587371 318.67229136406604
1644.4911523407125 7256.0171495371615
3303.077101499141 7478.656859352626
7327.0308803448825 569.9795327012436
8157.545440021682 984.4656486675818
3835.10648621416 1597.2628997027105
2627.0834919972917 2468.245880386789
3447.1474310304893 9504.888804096683
8797.02881793855 4856.600740030366
9242.092871428535 9611.458507730591
5972.06086252894 3102.7415145081472
5658.32060835675 7306.735055312131
5742.179898341105 9395.691737592386
397.9898427572937 7502.510639679868
7916.348399946907 689.8668393921015
131.94012001048972 2560.617549204093
8045.536536126693 1994.0552487345785
5009.110604545251 4270.896815890679
8086.987502196345 1017.0297279742946
8585.775983789126 9641.395706655343
6654.104709643448 8487.720927549924
463.72414755220245 6015.013139078631
4251.429666825077 3751.0890306193546
8662.824834891631 8341.267646043738
1911.7706808547719 7086.531681146587
7552.270947521922 308.81582623338954
8732.607325023815 8603.868940032395
5026.099550700588 1483.8014916116183
4951.484612110289 8542.650432400318
9532.428746088995 4601.069342926816
2405.182417488493 5333.732856715684
3552.1743909576207 719.729436746882
3485.026282116801 5877.778517097274
5171.839438459345 5081.513826877193
3030.7838203595115 7153.528110025775
3506.295802324726 3199.8162245675144
4998.167604269218 9489.406029845733
6901.308129553107 4959.263332776175
7190.046703896617 9615.217099464462
5081.874587006665 4320.115086558724
2859.04236641759 5956.400612308187
7711.290970981127 3598.747957754064
7569.2663477545275 9541.504199602095
2187.170105967616 4234.924962322847
3347.5357345618186 1364.2513473477736
2924.478891736032 458.51339114677756
9859.477334849624 1074.7722796330816
2861.9788636559406 8332.759731511163
4113.50922946241 2470.276264297303
5477.2936114517415 278.1883402369267
6025.774447478972 8413.642278781435
2207.14075247349 4370.642163410709
7071.667534676961 1529.1113855435544
5843.1083390245785 8458.934195196214
3204.6829839322963 7307.4661867833065
5209.675229397506 1462.0372640629619
1240.8869428300407 3098.786317862192
230.0026164098956 8082.6876084190035
9987.394744752382 9879.067839239862
9346.360330462496 8613.733330544886
3535.812171155218 3647.7076714572545
3185.867361171879 2515.5107240032958
4346.680163599352 9846.042994654503
9348.565826934673 3006.9877019692494
8018.536659251111 7282.854788599944
3243.669493094614 40.35980707476683
9965.290224171062 7710.93138931427
9011.15395042697 718.2475284914369
6618.178370002425 3419.505861070984
2739.6927199727515 9464.585295076567
223.65915967574202 7990.57350342814
7428.26025738593 5074.7569599442195
6826.164492974329 4712.803910190288
5437.561409198235 8147.475287319243
1604.7226938961855 3054.9648091878357
9538.766495576567 340.3653222186509
4375.034165504695 6071.476312795649
8090.865535871751 6393.156910523776
773.6618517661353 645.9186695419528
3364.279160583543 926.8490986228617
1408.5777517031727 8074.019954657412
4577.195049665677 4654.1646709257
2090.3867259691665 4645.8519249477185
8822.424040332895 8826.056547389879
3151.11888885518 607.6659182082433
3736.399490498813 2490.9926893648617
4812.572239137444 1167.0053054666619
5498.27244730937 4458.1920193971555
8583.754488678522 5050.4325823253075
4545.881716790308 732.9379182720174
1747.0569353994058 4531.410246776925
9256.70757382847 8631.55052090249
3135.368514179684 5816.584542816853
4765.742544928565 785.552801598799
3607.420193615023 211.91551406718133
78.54808564858206 5809.013848411962
3896.2236181924172 4585.806007833089
1686.5847911934873 7530.014402096385
5835.547331425735 4304.58588293714
6003.238208846148 1376.6220442342037
361.9536914088628 3036.4025750804835
6112.79135409947 4759.726892367521
7144.9971728938735 1602.7857597289885
560.9159863154345 8109.533809516658
6215.759990375487 2402.843546832235
3214.090373251688 4599.466445753959
1543.9835605154228 6843.2597668973185
3576.6769309370684 9530.685674510383
156.63009346799205 677.959807201145
6378.21770684052 4852.383560838844
8095.783968770616 6194.52190924316
7729.840653957597 357.46423341131094
6281.389582380659 780.1035317089721
2697.4911794769628 720.174016294458
5174.387072525254 8557.868401357764
5751.0349389094 6731.704596285834
7028.39936415075 5505.590341553942
1222.1079600809815 9841.731925232938
8473.191756894968 8751.324058468179
5639.910278537051 1428.3249695860245
4190.709499828942 7586.728757000176
7612.979745043063 2095.5942231452295
4524.5718805769475 7146.8357664083605
3786.297035379482 1737.9128274423672
6006.486105600875 5675.756146680405
1326.9142006444756 8111.495944544567
3988.11533045361 2831.025689622674
8377.615933794044 218.5723617218893
834.518392674709 9574.98744284604
3966.9589045784414 2936.340183475904
1465.3545851991646 9859.816913361647
7975.3579928795525 1012.3484495221602
422.62427438492733 533.495297815334
9930.71884826093 3799.9018694901533
1098.798294269051 8677.243508424612
2643.443043462477 6921.537496641276
8276.761085286595 4930.628175171102
2989.460088988781 3425.575289214967
9713.076247125784 7268.756746033587
7511.271075958202 4940.199129095621
1138.658276068435 2166.6830393020055
4930.811433197724 2831.4768110228893
1756.0125289934447 9119.342207907866
1154.2777229399292 436.17976177777183
4079.7840679827445 81.0451718091243
4897.877857465124 67.21847987566476
2797.4364812794884 7546.758252524981
3674.808644767743 2678.961792808897
2219.454660476041 3718.103061192535
557.5771759809545 3831.661034119116
843.5473805432281 8480.209018015554
1866.1225574885077 6908.6511663115925
4574.904904758443 5761.258270414405
4731.013884649259 3416.962085813179
7224.640740516125 6254.765179392534
1342.33655377204 641.4134013729778
8051.127323362114 9455.334130934008
3618.699380863628 8924.231518144365
1314.0141627099922 9491.843032859151
8017.127553913536 4406.674182685285
2078.2939925842225 7337.704434409844
5253.435990891812 8196.102763453717
5835.859820554381 6636.056987541184
3813.999588859971 9611.394238104725
6904.575543939564 1598.4469392397716
9313.672737314322 9411.539838537108
2019.960981058624 3218.7556648588866
3990.9318698775755 8726.7313948662
1052.167256664105 4389.840702465959
1930.1479687721112 788.1841068852013
6361.001362573335 5418.555419285452
5962.219656498058 5492.404680595287
5944.334187714611 8905.51451290714
1618.6305842643567 1337.5608680373384
3240.3015288971806 6989.1836413757255
2000.3183325065188 5334.068368966022
8211.293134415277 4549.562083283742
4971.572515559782 9118.452798454702
167.79506711144032 9124.94409219013
700.5073954745267 8689.013741872372
2682.7355530868526 2015.935524029282
3241.4841254567405 5933.754905163194
4902.055694650136 5334.1159594452565
4591.18141684 2435.50773456062
1574.8118365124187 6598.429552803965
3448.846899089084 9916.125690669407
6206.189011563714 5890.601492219311
3772.58594463609 7121.0804986434705
7879.384873371408 551.5690799909578
147.37381941427265 9947.741367290464
2497.4020551408125 8934.131296840613
7966.806374446166 185.0776804598653
3463.366065432828 7822.712102650638
6479.430835505315 8359.471768208854
5148.0598279919695 7789.344460467377
1861.8260470535886 7870.786841998085
4885.948207644427 6975.682111835208
5654.433316555864 854.7860599917445
5696.045011497803 6574.049530248901
1132.462119903984 1022.4513631545295
2441.54520315909 626.2402321054383
6483.026653389104 5103.7039981594135
8722.233388486817 8666.9861222796
9020.995694366145 2462.484903330259
436.25249689455245 2209.710776611299
9099.866912036536 1952.1009050481618
4652.892171842838 5105.394007799886
5860.305565473127 6144.198941573811
9205.641254405782 3401.0730442814465
9507.812265799219 5691.685464313568
9244.821138982028 2482.7052040243702
6422.3200644728995 775.355057662065
1881.6972639396834 8007.831626872993
4076.337906607895 2335.9548605349532
9011.044290440097 2416.6694188243087
2474.598819561735 3107.8538027754153
1416.7181099920979 655.9767858278576
7626.987024739729 7347.447326842425
4344.86530149296 7158.228302138924
427.8558503916352 8588.876814048033
5871.980862835482 1089.348433285805
1238.6706322139007 6761.59864068411
4600.100221998524 8411.447884767056
6457.239472509476 9568.788284702403
2478.992863761732 7402.716543799171
8405.628744417943 8152.519426905284
1885.2995757957226 8934.824135873145
3980.1772235695053 3761.113561636008
3481.1376269911366 4028.889072407805
680.8644286883936 386.00211793700436
2829.7716012149776 8994.271690411246
873.6028520988182 8149.90493097709
9263.52940656741 2800.160578148232
6437.864799019576 3605.073461690479
79.22034865812999 2238.111199341708
6313.37380417485 6039.807520599927
6778.887778637509 7904.415534382013
8883.420540129853 3393.402544541846
7778.810749331039 8064.365577361663
9618.695876265476 7444.138434854632
3777.2451168839525 8056.195874232814
1954.3554323560054 5561.8782083468595
7801.471763383678 50.67739727427467
5984.362352003682 5506.289740821926
1847.3001741534945 1703.047721092632
5230.981409412755 503.66709546884715
5979.252329244159 2517.162995630116
6483.625706757699 4149.770880039472
3777.229083427932 3587.4584171086167
1500.0877147616754 8563.067467358138
95.54189295373882 9792.511291934714
2224.509719309211 4652.199858411536
3242.7675127215516 3484.6975330122423
3100.2814022600423 363.467124939888
3895.9659924583148 5253.644152654306
5042.378360867 1338.5582667079143
7330.374616498747 436.87349374289977
5682.485139130649 8539.721842947216
3875.773369529242 9709.247717924156
9611.569673257642 9089.020750962587
4903.293933806603 8303.517640582513
518.4123136379782 9820.264807124937
8101.522178542534 1197.487871407006
4358.911975096122 7856.671973521297
6318.321652198579 949.010568002927
8989.826523098815 8904.260113679544
8824.883925457667 768.2247101298334
1061.9305332721729 1890.4247387865414
2501.09477994088 7887.160693297489
5391.399409642447 8079.1123845226475
3146.370396545051 1320.0339048342569
5514.560622944878 3858.450014729178
3887.71389240858 3703.249375657952
6679.980252342014 9023.645930212562
8486.802433720813 9062.35271339521
4143.176678003272 6567.431853662921
2240.5094933902005 7073.853213320383
303.0897185102344 5742.26424754254
2124.3299138572856 9673.058761360639
3955.7524866100134 7472.961892158605
845.767923806523 7704.758804016649
3739.448575077877 75.40544434869845
6554.8148598878815 3721.7970424868454
5706.962208291666 3676.3811436822825
1101.2268271378077 2007.2797777913377
1884.3554764817216 3731.601323748137
4933.3929270334365 8429.365413990632
2662.0388808261787 7603.387116595307
6001.1542414200585 833.2890777406676
912.7264926255363 3286.458030060245
3355.023329323532 5333.472921805756
9842.196840629866 6059.714641652717
3526.822295679961 5089.281438633871
9752.606991567938 7093.867106208787
9231.840438083127 5931.182497163547
1134.437034574446 7859.204492830353
5450.190549244641 7549.77479214268
2801.9709991922546 5554.759574945544
7525.119576249622 9868.351093186524
4148.543807604799 7719.573028494409
9558.607791127477 1690.3659211683876
21.619172052900204 8688.718077675014
9089.670314696452 2746.3787283090346
5204.085215048082 6621.194031017438
5808.349051559651 860.751997718594
3036.985662775992 7453.757224529322
7888.468080794843 3116.579579719565
9330.232373024774 1324.2048542673856
9414.795376269989 3618.0299740618084
8381.671943248673 7759.58473078127
6335.338204953667 732.4887543071168
2661.208629253621 8239.25260192788
6387.074680204667 3540.587473268787
1515.514214190392 8619.658336122047
523.503587898041 630.4142295218096
7110.179820830123 9347.187603198929
9514.970858760353 4342.895584246859
7750.000603695425 8387.346537037374
9597.810486955686 108.55079538175106
9704.400797113032 363.02177148141215
5315.916865519092 3611.5195170560933
8713.849477205698 5521.51058750022
6028.440996408441 8174.96377640282
1464.4285057230588 3839.4609752396836
4949.88288336628 982.6561080032692
5491.560516649023 2826.817660858968
6043.930221950833 9534.758694131124
3210.215106154751 2405.326249930828
4609.972690276779 9081.512267657316
2067.7535419862725 6614.095699099247
1981.2960537608703 7686.747405769606
8176.893718685678 9834.173650747154
3396.5416563305207 8043.838055147989
5210.104125199433 4726.04766546794
811.0954404056059 4199.9239738521455
3823.069155496792 138.4280966011098
9182.644630365288 6939.922734944392
9423.691193481469 9873.63341695757
5595.221103056921 3740.06341015981
7714.425273112673 7384.34182466306
5478.632740763415 7921.373087410534
8109.5693224444085 7228.432516797037
9135.24953750205 6916.752898048128
4865.463155720628 1423.0904962011325
4803.706996251122 1410.9788275616775
4560.374583113113 7716.301791382377
1569.1517847326918 5521.172436176151
6422.180948913508 7233.319882713569
6572.241378213678 3155.983583754779
8925.781784421715 957.6387911250972
6174.184448613955 7224.933837253884
2068.508584839741 8070.455204527276
2.690239445074516 6465.071431637403
9780.621155416351 4299.565481192431
133.76595941186008 9310.291523026022
1039.3117200783054 5118.085082277576
5056.890391155436 5449.380208025235
1428.468807108273 6885.341011937092
9526.157275314188 3502.0388919859392
9122.771496205418 8836.733440041526
6917.572171614187 7587.858231049293
573.5244571048137 206.32080071727123
292.75596953112995 6471.401242346231
1534.9616714338542 9705.332587138517
2011.8902507812254 6437.271851446864
8493.58591408491 9081.77055138706
9443.81715816344 3082.237313126297
4049.4265295420164 8550.707315597638
6088.786452647389 7807.1808338663
7346.937008996266 9511.849984466446
3259.4135691858296 1949.865268760601
7264.578059735583 9160.38525196228
7358.001384606731 5220.189663611954
1745.9566073957888 2349.077511974251
1743.447239157828 5382.820645233921
1391.7239347917632 8374.045014065003
198.53992851870618 2977.7925972632324
9230.265762339346 4233.589661357729
1088.526106585328 8277.862902711133
1446.5351698799843 1348.913909670263
7444.4099904859995 7652.120031053451
5772.222802910875 9737.505513926653
8409.516870957937 3038.541455429087
5226.771024379326 2194.4288882863784
1755.444108860278 1323.901248727599
4947.579468989176 1163.711675859197
5503.586715833109 87.63312995234362
8959.070103592348 2671.4718124920955
9081.014749333885 2386.9549225608266
1904.110346034016 4944.377674658389
894.5478726954049 6043.7646792751475
7997.622167937547 4151.4941756894605
9724.45996468133 2239.522056727743
5761.029679065353 6084.515585492899
1919.3156123050503 4132.532229365606
2457.531320153672 530.8400229483278
5016.027640305409 8682.750437024326
6572.004913890859 4595.896388004175
1114.293118723536 3902.4304660705934
165.6853016155224 2295.5830214181183
102.15373655307891 9346.645201626749
5484.583503447186 366.6348463568858
3659.4955463639635 9815.903364471518
1811.9404507073712 4432.187256536009
5858.88595270559 963.7995887779072
9228.841358734635 5411.7556366321505
5138.226193713212 785.8302371849679
5683.4387679871825 3379.3077750129664
5437.265615904778 2811.2138450692414
2568.068662646823 4950.054376985619
1370.1171685794623 5227.758233146128
1864.8647784426098 716.039631262958
3448.47825134457 5140.51880890021
4844.304927947904 1252.5642730131503
4575.345615867001 8698.194839851536
8287.460498217102 3781.9298936348077
8296.590777890193 5916.916101590745
9251.53253569379 6707.941661217118
2627.8403414234217 3689.2721911513427
3509.6038864271063 5924.065464931367
666.6806445535301 1687.1443626774628
5969.346819331846 5050.083472696067
655.2899774669696 3650.0959140037958
3611.770952093859 1566.5484168606558
3676.174479458101 896.7890498044284
2789.9106641767958 2193.2889313752703
6743.764915435928 5805.091284857554
3088.687716374604 3797.6711713629898
2697.2081977388107 477.2432280824712
9371.008781770874 620.276050209333
6004.766610459395 9839.658758522308
2121.4879532858013 4670.1040480226175
5357.81727381907 9022.635602729139
3748.0114914711294 3768.3697845285415
9762.515663727485 2023.4518637107724
5112.688497038608 909.4096711762601
4729.776500585203 2377.0359765781313
2237.5639883357535 9359.168308140768
9119.291914431251 6841.588857560199
7866.793643336636 226.19250909613476
1210.8938430814053 9952.252374613534
6365.810557123328 3117.006581040637
4656.639065137492 704.1125489268485
3299.343040459497 5927.2016896443465
1109.5777837510002 2596.5314327279966
2953.9679978433287 6821.523897855156
6530.244911600352 4804.009161220914
8057.213926929862 20.693353119473066
2439.4852255388387 5334.47279108729
5994.059287293697 7139.651084104665
1716.3126066012635 6694.09893094178
4932.990099930799 7511.370314163186
932.0674872354407 798.4749752590936
1447.6227105992923 4182.330809436622
7667.23216617407 2653.1119203843323
8456.211973043992 7080.208646209016
1774.8219789183738 1672.01925865746
8600.204730472224 1231.2779677317997
4134.3672752778075 5411.260772100723
3544.3176487840055 5844.485309556606
5083.065378237912 2965.1086169318132
4104.453541841413 9581.101267338421
7415.767569849436 4305.622169954787
9596.091227144365 8393.316362047752
5613.040440256658 7442.17147160157
7344.622697159456 4942.089628572525
3786.6218248280925 7435.641789091501
4910.425071880928 2794.023524212064
9724.167120689548 22.743980803971997
8255.298397272905 4348.983116129806
1370.2615545308383 7889.072637013606
8813.214863451552 8764.63513608568
5098.2520078990665 9475.244076229103
1227.1633349368772 5021.035058285243
2207.5294863960316 8608.661344570335
1375.1954269362277 5707.8396500999015
1223.469798230139 8224.147055301955
1232.6089722265954 9118.68351590384
8782.324873165902 2969.8931286141938
3103.533109118628 801.7011990160128
1150.9246260576444 3590.8788334119736
804.0089154093599 842.1394236910329
1761.137645832822 640.1097616133866
9489.982916570689 9842.449497344547
7531.610124031616 6288.736143709258
8997.465641058565 4817.207108014531
8204.384490007978 789.3108974467689
7798.428051566289 6034.658905137461
8441.575503352422 4492.148373657582
5974.844056537126 7213.648452533824
2007.3598166124052 7222.954206255999
5974.610281183063 4424.126304888245
1003.113474822982 4300.592337520157
9336.903180056474 3541.404255300746
828.6118038226365 2507.0636990063213
6060.866168715251 2168.762992957498
3309.7791631554287 9917.472960334737
840.3390509094367 9569.982930980277
6263.559982943838 655.9602790203123
6998.680210459766 7342.810012741558
7663.05725088958 9364.28214112951
4631.550974647031 4316.332858569761
6521.162831509135 452.9268068624748
4201.8671502836005 1469.6932485888115
628.4846417555257 4050.349143465373
629.9447353381282 6546.506963643806
3361.450132644447 3974.121790344808
5783.19905988892 3478.8273351522357
7919.045656320228 3018.4927693992904
9193.583613083312 8736.433823846279
7551.732065770431 7386.0500372235265
7817.283273202033 5281.68239150283
4613.6481673375465 5186.891421669147
5700.001062439333 4937.1090275572915
9599.298521082164 3586.907437095095
3522.5127977729253 1662.4267325117937
3718.4973151125732 5407.479745572863
6174.986262454454 1489.5162315791765
5018.417995174927 8762.109625672074
3744.8913428037645 9678.455767030016
8579.176029863525 2661.1868377551127
7602.156915511803 2034.5942554725682
5889.453062029608 7424.317004081154
8626.555406256984 5266.123439122406
7151.245648630839 1210.3273210776067
9046.129835128724 763.5580937646769
2967.90110617386 3008.2711562761133
2841.7977213297154 7246.983814182385
8637.181441652136 8028.459751245639
2222.1031783686017 353.8910032247089
5101.175002552506 3590.750741365518
9283.410108902588 1429.8593897015144
5497.451194852109 2328.0211956752705
2644.661384553829 3536.3171110504745
5210.934888614952 4805.9652567091525
8582.155475173546 4.046936269236356
6343.553376999546 5506.053269837708
4988.618240558282 9738.067901365011
4598.7857876589 4526.69214087982
4342.182456230521 3918.9732017467427
7720.826390941773 2328.333314442638
8794.705632595105 747.7556766517657
9833.149025188457 6381.476580919961
6475.194609441971 8445.61314683512
5288.837912382365 6672.218622622287
3152.9261614929906 1847.1653398704048
8975.126891191718 1678.2019516813195
7516.186982866892 4614.984311580468
7407.173787733633 7648.520902250855
1496.3782989638519 7355.277668387591
6401.164839311422 1804.344365718452
9303.56382520845 1729.0276713561725
6634.431396690402 4422.720298171394
138.36652490799685 2029.8374371215666
7980.331793400845 5674.225892541026
9906.445722658673 8639.189699452107
7148.235982481124 555.8348928660695
6685.613393404187 2271.7769543316736
864.0239700256269 9293.575529853151
3181.985364082185 3988.016069316751
8594.088059192472 1185.252402638708
6960.377846297816 3577.80873998067
4645.910179700488 7011.713901195022
5845.49820922969 8109.071788087814
9370.85808944351 8865.844383688072
1564.3024589816646 3186.500517804196
3149.9284112640667 6531.670986132506
9436.223014598205 1780.498119951538
4860.737808404268 6391.667504472416
5716.792521672156 9363.14185517268
8604.145329187344 2248.552335869325
7061.526463749997 9527.51997337918
8611.462971824483 7418.570932145073
8500.746288014285 1268.7213588271172
2458.294523189174 3986.463750979734
7302.360821736981 7669.216271449227
6978.618021654458 8208.017891234484
148.4450312652219 5858.317725603717
9602.80297928599 704.3086075376182
162.78982901795635 9804.86466962385
235.83826648766683 6312.4363445291
8500.418142070424 754.2264619552674
5247.118556911188 1240.769969008294
2446.39570332319 4935.175151844915
5660.717313692194 4522.410207101847
8270.09242962291 4539.128626122305
6215.15367817829 6668.788764452517
2442.3749397673046 5913.722602719356
604.2375111290521 896.0234357313645
9247.041828794972 8414.615732663873
915.6542141273117 1329.8524800889434
6304.143004728169 8423.893706223102
6051.531954888323 8190.671459392745
2071.6470475620754 5670.384698287375
4745.307805452941 2118.405868281984
1003.2544962056578 3176.656555059808
3681.7920211450437 8517.648344267298
2713.97964367463 7909.413466914458
182.4042533384318 8086.695960332918
1241.4528312076834 6524.470779795195
1935.134417489639 1539.827958740131
9289.721927542529 9474.43111841657
3328.8611003067826 4940.363706705064
203.66311092894662 7186.645613327762
9094.236123899362 7032.745669189952
7345.935019619817 4020.9931734629768
1158.4233859285464 1495.0960956828185
6534.74021261305 9281.462135194744
3888.555316524882 5129.397416429569
2249.4889179459333 9682.478357606467
6228.85554017527 7664.650105519867
2422.7824061021374 4360.369718977319
6628.944781813318 69.0668014207907
9810.965786543811 1772.3138862650235
8115.933281670809 6050.560329419614
171.82723783048303 7639.570468612306
6380.476584694122 5770.492485268089
8776.848904720986 4468.746651311803
3327.050726914702 1703.8451301760383
7146.7387136675125 6124.304870624018
2181.2838277968617 4049.689735864339
1322.8112446887974 5427.470127646504
7952.252589386591 7129.0210031496235
1473.0984255473245 8821.148052240973
8815.238190921487 8802.737010582703
180.91440391228898 9767.420282641147
9810.508239227824 2100.7397808891606
3374.9158372721067 1733.6330761607965
146.2719934565626 1973.8419289286235
3533.5316360885117 2375.0529145365517
9349.035341740837 363.3609657772896
9532.96702166523 2836.5110344570066
5522.157135972564 9628.995810912435
1306.8062287064363 9972.415628176734
1053.4888768269757 7783.7689811331775
346.5769899556359 4723.962211722677
7255.556890748874 8955.535232875905
8996.45949262684 6894.32501151235
9626.826312341409 9027.75261903921
2481.6555761215277 5127.06815445047
9690.158650630647 9507.91538069066
7658.759537129571 1019.9631898358919
7694.662125782561 2330.2552087263693
1587.8019425691848 7995.860630377544
2859.702339375485 4520.014769648876
1199.463531244619 8804.206779871363
4294.925054997957 4429.808536954283
2567.2878933923425 341.25873040519394
6247.719372914417 604.2785696558151
4593.545891413108 853.9987698966489
5909.627919562613 237.46627128373942
7278.734838070507 2532.2033167933423
655.7878594846234 6658.017497341365
9168.525766846888 1995.07642252709
4296.565256157029 4310.544478753848
2058.294070311032 2243.3074463145254
8688.124814017048 5297.170333264022
3584.2048470225286 2274.3701221810607
7878.750919280892 3701.485512402294
9941.145726433968 4748.329960410774
6860.321596277007 2637.846504283846
1641.630129277084 7843.3809739438275
5949.4051536825 4252.155912878873
4966.127056579973 4754.78736926512
4840.037760205462 4745.957757853295
554.0908082963025 3167.8549815768965
7450.308579752216 4903.8922879108195
8446.303510495156 7475.016362731742
9827.466005964197 1575.2551447850637
5812.965192061342 8509.061089848517
8581.330586603235 7093.605891375859
9588.293792713786 9128.998126228782
6583.379473324879 1714.080411751616
1281.229264736251 9121.991142449959
5998.948903535686 8806.258598142858
5343.163059444983 9574.258806194573
6112.5747384574215 3761.145710395575
5647.437213126843 5115.787923086118
4861.570154287355 5354.0259883249655
6871.696082536583 2258.1564836475022
8510.523168368034 2650.6551201482
8872.9890389661 3421.720150568964
3479.4640669477194 1452.4543511464483
2506.8622431423173 9187.869521990826
7981.04272844362 1747.0788368970725
4765.497138278663 5814.012011112694
8827.125241757905 1663.9300787829602
9596.286043110626 1113.3973181549484
532.8017797658102 4029.89240701313
8311.063319295037 9428.8425968862
9675.873883074577 8778.76833488222
107.53432616900871 5618.885417492073
7362.469718366165 8188.596701755561
8898.27970479001 8726.82573974817
6604.508727168061 2204.2395426306703
7379.033673404818 8317.589672300162
9432.324875498682 7948.325423629242
3066.7664059262233 344.2855347146301
645.8230505921437 931.8397575092163
3899.4305807266837 4845.789392734419
1250.1337115373324 5446.358596428065
2913.055762692899 4778.636775485516
4826.799300475789 8153.1225010281405
2498.205871150755 3850.9640954773895
4359.111499057303 1979.8508421955908
8786.641178921267 1353.1844789930226
5360.290623770997 7094.402516426835
5830.356918171397 3669.5444694781477
3545.780241341222 1945.0879049473735
7408.995504089321 5406.655819117639
1746.0068484638425 140.6435837046316
1537.9593565779437 7889.552387649103
1273.5335003284154 8288.584024182503
9048.379448589034 9152.774995750111
7538.612076195811 5818.843611683176
2971.42193148297 7493.439317232184
8349.721719580064 290.3329474764493
9883.245655220919 155.19517890912215
6040.751066773425 711.2287719376043
7853.245342359809 9776.439671356442
1334.0715160744487 6999.524514630504
8187.05511379297 3863.0993206916255
7678.813734681683 5868.571158895658
9767.098807360575 6735.747336911785
9696.249620678715 2143.0395281641045
5467.318023593971 9152.781367062425
8319.25173432962 9793.939729285255
9855.026471311137 8125.830356638952
8230.384717593894 8827.035662189197
6191.66915960149 8320.52361106763
283.25950888156814 2567.197887642553
8605.59730814848 6875.1974394842455
2734.3604703228575 4851.936155877434
2233.79275292097 5472.078068694104
317.63191675728166 8180.562909984832
115.80713942403675 7059.924199067579
9461.691121812793 1961.135608181308
672.0082079149437 9754.069034569844
1279.610736148684 4655.534835413234
3709.551411527404 7129.258084224603
1353.7927328044286 4843.732161328412
6073.330101896861 2372.6249222448346
6793.533875269963 4011.5111353367183
295.47519258567024 3578.6074427798485
6560.462265603476 8211.60210338346
895.8137153427303 8844.555428660213
637.0980240668111 6656.398887901618
3347.0168710244043 2765.2339060290565
7256.377204777513 2771.1271459727436
141.99916596605578 426.38488426010923
5115.047755537704 7269.535626417559
6887.457008634496 1061.9546526747492
9261.429039580833 3409.887799762439
8896.266810219575 1166.5549226275707
5178.105463177498 1747.2326010208706
5362.782944172264 6044.173218152563
5472.700095860829 5418.634668407386
3878.916016993794 9526.107405604747
7544.951342900122 7281.252739953344
2785.1851451911734 3905.5439924820757
8615.90084204456 7068.850413009476
2649.7813926861613 6013.162153389057
6585.068178479677 140.53563408714552
1029.9949355570882 797.5904881899587
1324.0766354184263 9366.216666493876
6594.1955076728 776.5018311757965
1220.2637896512447 8226.481905579576
9668.877286665429 8288.584086061133
4051.396786468633 6300.2938070648515
6324.114215013429 7603.57384797318
9602.681208044893 7972.1099548407
2222.0913545502162 5636.999093434803
3829.8403464192274 1410.7322659919419
627.2156230781434 3268.2252699447454
827.1117497741776 7655.397074168522
6212.629545176908 4074.854622597147
9376.589484078653 8990.321714266345
2596.783970049289 3673.481423468966
5435.421571393322 1697.117251682486
6905.05158990514 796.2578573888524
559.9425474515474 745.1964308492387
9075.193857829669 734.6806884981361
8970.906356503647 3013.489665566743
7111.820166582326 2846.4586940386225
2731.5614760229055 1232.5041656273427
2043.8043796767647 6448.277722028308
5340.383155101558 2993.947733562332
7949.957453980671 3606.730100823433
8932.864094549379 7895.854490117503
3092.077034472297 3091.629474907477
9241.83573658222 1174.3442823416729
7930.82773942822 7070.386939281469
5483.37424063128 4018.8574508084616
4598.730165696458 999.0739321138009
9415.423298055028 9175.902627198717
265.86643592199977 7605.253791782435
8958.842268556864 5417.066357513213
3757.741657347771 7859.615716213671
6975.66672821669 5980.227711077818
771.0604050564374 5397.896400826313
5066.949403233054 4188.634702056269
8082.0138914766 5981.5310918345895
5582.622640967026 4110.689105031432
1252.9980794099627 274.9267433346103
2428.4066240490642 5344.004094407256
3517.5097938468502 6469.203009089808
2709.861092646849 8790.489050554253
5759.298229530727 9096.69895300839
6771.262223039329 4634.930007835522
8800.677772189982 1757.502374574168
3767.0562285075603 4647.726973354853
9576.232069368189 4418.701420151357
3546.229685767678 8403.16303976103
2191.9740010368237 449.0231331300654
3335.0039096466553 7037.773872529824
3356.348513867021 4615.965038747079
9470.848474677221 8769.09523659106
9218.295610760413 899.4892116481245
270.8792168032936 7553.268536242182
7258.919443238448 8165.794345798985
6010.290331903374 9980.684197328967
2557.137779669473 2496.639045456328
5941.544380475221 5792.049211386404
2486.012179922249 7284.137871937678
302.6234577770892 4242.968900087098
7695.288063268346 6077.909091323505
7342.722790466033 1953.3306666851302
97.00640528357063 8610.907056007427
1536.3477035563221 7848.488550679771
494.8670107153086 7432.218247834787
9361.848367725368 7332.442884403086
9484.36428667973 1139.5605641770412
3288.0121660373484 928.9174288529633
5299.531755356299 331.1763007984647
2942.4043869690863 2284.4396064897287
1393.4697753424307 4086.2601625372986
4827.729291159447 6648.2269568208185
4713.653193987959 8035.019879063815
8407.564832738128 3726.8936408884356
2869.3460692279637 9893.917293410144
6900.394862597776 8157.689828310726
4687.278151814772 4718.594791578356
5700.949024621839 6752.187526352753
4013.0663817170175 66.43881401179885
9990.431484230854 4133.03749729292
1039.691394585136 762.6939680111744
5802.303860903178 7419.615045897224
8930.669618019836 4028.4847147014902
5577.86217576266 6214.083107881538
6054.387618272476 8356.063838800506
75.9246398689728 6297.603006787162
5757.3930454302845 3706.0523104282415
3393.531466868329 4167.1213881004805
6278.268352292011 6353.393517852811
6809.627541443958 4826.370639840057
3140.035272918146 9023.197114904215
181.28381289312156 7090.422431878397
5157.873981125103 5834.596420001876
6702.087783129836 9071.332534170097
3060.261104662533 2010.2043695763728
7974.912470642703 1483.125602053953
6645.465000777944 310.6987509609893
1556.352435088708 7937.563577735554
2381.661657521562 9718.523746605
2397.6911159860138 9497.851894365978
8407.763534510354 7021.648599696056
2937.3443670437573 5415.635321593444
8003.3815305585795 8637.777696147923
3992.301714337787 3197.3422618083646
5770.169745802091 8271.353588947568
51.16638634231619 8929.136203250897
3003.1270871723505 5810.159160908628
8088.969808154911 3135.4388237140106
29.26380046344712 4245.2646136254
8604.020922267118 8354.19018791825
3652.3644342018356 4337.529202752947
1219.62035998466 2082.7178745579754
7266.406004200729 1255.8150384146782
4898.5557315511915 2781.283953373338
9686.525554395523 3476.5255704867136
4585.866879820915 7217.089903210623
6295.248673269844 1861.0302766134669
1925.4492665486246 4589.715910643293
2713.0293139707906 6016.999533627408
7588.645559696093 6599.676953241218
6875.97109792991 5801.616003953429
6708.047000580553 2904.981284032634
139.93334296167447 8139.087466408034
6927.308857898436 8256.28097038083
1829.051379847494 3201.8428351506554
657.8633204840767 1009.402593896247
4508.028799992732 9444.234283328817
9275.986753969493 2684.7565224830582
9181.387024704061 3979.537430571334
7198.759312307969 4776.320436238316
609.1887292651454 3355.4793083143163
8045.034214690794 2108.597738295327
2977.5745693843583 9910.490335673067
3417.609038526118 1698.1565102389839
5273.785076130833 582.3169849257304
7235.371825615814 2297.054564012798
3889.166010956967 8292.597598658069
4999.270369659643 2578.661180086612
7209.98439848842 845.4454683776224
7893.535967687898 5272.089897561194
3254.708815051901 8655.045053388743
6203.665890627037 459.65759672320416
6777.737712905892 556.7155813146308
5175.248399226644 3722.4894958309105
6683.386302270972 6457.849854310267
9142.7949366023 3852.595485444763
8080.272650058624 6649.592354533516
6525.319164131811 445.43807745387466
5855.067499915802 227.06956604099605
9115.481459136534 3845.2281895860365
8255.905519055967 9255.441560100342
3981.6957413253363 8635.873739862936
9649.581693047285 1070.9948099856426
5257.675424561684 7153.722425446942
1352.9818277741579 8420.95397958873
6111.468854507608 1343.9326976149391
8238.029965911022 6022.634056998486
8266.118182378996 9690.516499358515
6670.759356995812 2562.0203364296667
7586.65001791697 920.798323362404
6268.942932772245 9153.805003829664
9453.184662773443 7718.237261609498
3949.0467313163126 8849.368666523324
6907.53175870923 1773.264933833052
3782.101643060539 6906.146859328834
7890.713958543808 6159.989983509535
289.40867889098223 8221.276087527867
5281.44238789652 2247.330823742746
5982.831828443377 6584.361049099322
4900.642566199971 6136.3319538506985
6190.751146500693 218.66949769056566
2164.7102092699733 3961.1313625300827
5509.583037804881 9456.998613384774
7650.252214046137 6299.243310491069
582.0994736666041 5337.926494083888
5475.64777164686 9407.52583727438
3327.6081176611083 2410.101881387184
6109.843199240281 5033.408362013688
7235.381525692992 5096.686943292607
6986.368595175074 1146.6504213071948
6881.55301936632 4599.0166851416125
130.64821638655633 3095.1172644001335
7441.026381665614 2507.99282740809
5901.249435727198 8408.747897141095
6639.769186891882 8043.685303849637
5900.79663107552 8759.104362410051
6329.195469173603 8158.062998579675
6129.851784715722 9427.590760056726
4663.164392490933 3612.7333470588264
3537.144702469529 43.63149598397564
2719.454581113946 9583.02024146193
5262.112166588791 324.8055742570988
1331.4001762111204 6341.6635243050905
70.78118680751811 1084.132506854989
4881.700909631732 4139.879288464414
5753.616793983202 3865.4137923198396
8859.251533051149 6530.467348936816
4584.02255932783 2225.7291083316723
7091.1576303745405 8067.1117715324535
1328.7709623578614 3904.9007096523947
2735.93976043824 5565.969437371209
4756.710043198118 5904.930702653427
4360.248607492235 6930.096829871359
4109.676583416092 3848.1266470938626
4720.251204095834 7914.215526007516
6579.621416352287 2890.8331517579854
5230.164932996676 5146.774474929661
478.530697831574 9940.388084560742
3524.255869716659 3228.2159613211516
1492.8085182247953 5956.124988042891
5004.936839488076 4788.8084203970475
6181.3565039411515 2710.949320885372
1818.4349877260186 5016.3594361478745
7706.675140915834 548.2170395362141
4310.822625356724 6353.578086235798
3680.8793703902843 2389.3478378901746
691.0350003233012 4816.807759106564
4963.605556225428 4530.806265738289
363.828205972605 6702.303876798163
7266.3628711672445 6614.793571317486
5194.455046429791 3323.1832264200943
4497.958735619014 1566.1864257884572
828.1678123845304 1859.6264106239812
3928.2123191228293 1258.9708545934952
7111.484445155328 2406.865567064743
8452.237247963862 5208.61838687538
2648.4805686284285 4869.9465586858005
505.16448719619024 7682.554520866796
3574.201649254427 4481.203995537343
5507.2473077091645 3279.0733650971392
738.6142887302572 1405.8409337055045
111.87002486808373 2245.756901421324
2668.345581248962 8152.963503839006
1984.0606719827324 4591.658851951655
3909.788318776747 8323.864828210333
3354.6864394982567 6393.214151166097
9655.974325460918 1606.3144287374964
175.5885262836121 2602.0440204365227
7920.950713947177 2863.056573400037
2343.488969632146 8133.524839505465
9949.221120056824 7664.677645878726
8165.584688260261 3048.1923522820266
8034.137627071661 2681.453006813067
8007.316847404583 8233.757954471594
7467.963590922848 6975.739567710092
7892.886555620113 5153.718056779028
5957.652359277508 9425.930989439026
3721.663096689537 6949.234839266755
9514.21401080381 8264.948328210625
718.7086689685162 8464.176630428687
8559.873364899478 1030.68711895688
755.224693571348 9608.905114823652
1796.0477921237728 7102.803766768751
2254.799774314519 9886.601135986706
8236.504265372912 439.66603489197564
3543.919969187761 1876.6241622693535
9733.879412531805 7131.254456847795
710.2769894427619 8002.600734110965
7314.079411116524 948.2525171094303
5299.992391200212 8008.647972070121
4681.8999268525085 194.51208210002346
5514.949672522475 4225.328799354299
1372.5369285367362 859.5397850936859
6964.007380424271 7927.654498364679
6197.488170211337 4319.599758330641
5476.9438404380635 2870.636483159008
8869.670481480338 2650.482866438287
5007.55884018406 1433.6073997689537
3991.408092380803 991.942145280934
8232.442640938658 4712.724047483889
6950.27533505189 4343.254731907908
6094.494364603571 371.772571758564
5691.6044026233385 5671.31312706811
5245.351863446014 1094.600839831341
5822.797343419389 3277.1135439560308
9108.475877904497 2078.199552115998
9053.409486617604 7993.451363942619
9114.705471077452 8163.6670528692175
6586.300226007243 4976.095661322277
7554.683106301561 9922.98319643773
9748.9739982614 602.6594196947188
2447.6228954380686 3302.732386245935
9890.563404484545 2307.846099354047
7843.4773051172315 9271.61375638051
8368.734162443794 8060.693861644607
55.631065082157875 8326.777377718676
5312.120624047074 2628.900269112593
1463.834356340339 9684.73321633368
2767.726626957695 9777.264347227887
8732.161642599332 6515.779897268031
3829.0552821855285 3111.726236216622
1554.3605614311418 6676.604456574822
4389.564570197712 3407.4506587326227
1369.0388999169256 3053.908175476352
8277.361123816463 6948.844079198339
6879.705087474765 8852.611024089776
9700.889255575841 7661.351006333948
4669.769824361218 945.4027853373182
9171.68489652073 5629.33255690051
8720.17978378233 8746.09594175949
369.1047043295148 5971.274509790226
2217.4461481220396 6977.453195604998
5773.259401248436 4983.035417858537
8682.398613408186 8174.855474449604
8316.213924485482 4961.789763336402
7155.076375668397 4800.384683833126
4787.843457729434 5187.780317910915
7938.752259559926 1437.5975493039007
4281.563697101826 4167.94336271401
1236.1531059171039 4695.467411194767
1576.4774434657747 7434.924690638851
903.5265005851023 2170.6791841556314
1026.3158360109214 5946.959032274801
9503.276927451754 2100.6594984254225
1261.8702549928762 2448.5359489429493
8853.478348889443 2185.4338879565294
4812.451102621801 7028.730113510352
2352.639575890807 9464.598214659682
9613.226126768433 8553.525801281583
1500.6847314523209 3106.4036106549465
1289.1255546498614 5650.420597798767
9242.187557196276 8499.149255859345
6092.330658148688 9488.044049222102
7025.471523312421 4130.785535870672
4419.184690768505 720.4820257970268
801.2736198876158 2400.8302362598965
3943.6994919220947 4655.449489161127
3577.240617415773 1729.4071762107753
9578.653456417143 1957.4056831010255
8599.609903877488 111.41576183001489
4711.610112447082 7011.167680707596
7751.002767693299 9609.54341733531
4462.011123544618 2448.5148068986327
4333.335438806206 7188.042667862631
7066.824602706513 6279.749255777155
8047.433069196166 9759.88517082109
3926.065309726373 7574.11526466235
2686.0104039812595 353.1227151863814
2325.8179423668566 7697.4408405715085
3824.2573336967444 7897.975442600794
7405.238098242161 6742.316497658476
4622.3500463161145 5294.378570401166
1545.3225918811108 8975.580997892606
2746.785405019604 9140.422253508152
31.07293661715027 6879.830685000688
372.5099978224489 9785.313419364706
1575.004466264136 680.1336344943531
2245.4024292251383 2216.2045912354934
1088.7810121602859 9124.068254018479
3864.7353675093586 6696.427878665415
9951.080969073626 7722.672994555221
2987.8298770793454 3043.378520554486
5943.634068369239 2661.838810255426
2864.1878079353146 3967.4974600349487
1013.6917943828394 2158.129182201588
4873.9699416355415 989.5019407862582
70.01975303257302 2159.971813071665
1575.760770598017 1111.2204526395974
8130.840692364692 9984.610643845166
8561.145778913802 3636.086383970466
6315.968771578465 7733.1680818222685
4968.697075902124 4318.552383930353
9411.714659442418 7140.6136708514105
8027.549351858748 8367.389499842127
9035.969712983175 8894.394893963972
6580.819980465485 4736.03491233405
6792.195246853523 2394.9320005410436
2181.709420067279 1603.8613149315295
1224.8832804802112 6433.138814800049
4060.192836079326 6985.437175110544
875.3768677382845 7324.579332756381
6025.794192181704 9000.556645297347
3285.7647163318106 8666.825816466044
9202.014872298527 7496.016923117698
6409.900016571195 6076.036722407486
4380.55708562052 2430.824738551519
4564.412336885585 1010.7243904881535
1738.5728908432175 4719.71790118721
5788.91688874983 105.13848479376087
3679.7416751642477 2075.59038733115
1283.451637730193 311.64158404596634
8640.052902014948 5799.612370474994
452.49709064208446 5590.90730751724
9841.75867091109 4438.5387074631035
7008.7678932839035 7890.725652614577
3184.0315658144623 6761.905753029756
2576.2893632843607 3718.6519822658115
2726.442885986987 9607.515215273324
4281.099467344722 7740.68861187909
551.4560128185086 5801.811028344801
1929.2508098277406 6527.642399090341
184.70772839063955 3582.4542168504213
8545.605578499806 8822.757836742338
9206.924680439522 1733.6087445496328
5283.255750128625 3518.6685854371804
7208.907189014773 3990.1484103142693
8012.219172300937 2908.6754292426676
9821.083327561071 2175.2043718256755
8257.396661156365 6716.803722472283
8191.718911416552 6.17129828881624
5579.599761690841 1913.049809336852
5992.947745585792 8537.494464860152
1979.7902951898116 4384.67710139452
2801.359134942262 9804.265684158918
1455.4962170348851 1161.3789209172364
3529.9650192087615 7388.85507555599
9449.701657992768 6081.573897536381
8480.943022273359 1353.5112649206726
7606.333696690679 7539.055392976829
7543.627462656202 265.06574545691495
8982.796778271862 4263.671822768992
5079.805707853175 4883.580943420612
7668.836711126882 3966.662244949605
9118.449818103758 6494.979017332744
4622.3388132519985 120.7283302599671
9624.59020218659 7838.40297061252
8456.500499866977 4146.879087388686
5812.124065531729 6112.250360005955
5899.138347167084 3844.530145734558
1737.9199471635466 5638.536976005319
1693.7245769144538 4028.3045012832363
2744.663548318481 2423.440010486473
1823.0722039837788 2024.4187247828338
2712.468192369011 4072.5797303321265
7110.41801623197 8931.511194415476
3534.347858103074 6302.7997648505925
6488.980066534035 7365.202292776244
3748.2326743045023 1637.910114224177
529.8929406341213 7782.644758959253
2838.282492898291 6784.0564454484065
6179.756129100614 8422.768886500173
1360.8329093844152 2651.0896584604025
3082.8549661025527 8399.87838189063
4755.386445618607 5019.504703346625
349.4432129861924 9552.71261868776
468.63984923095404 4448.226415942813
180.30594729591786 278.03753616161384
3849.6167451153306 1176.722001178242
1369.1460505695964 3767.2837847654905
8166.550664276729 4495.619201520706
1378.169936931809 3816.7049925506935
8051.246608656318 6343.219403881406
418.5728810133393 3695.9770446526063
3694.2216079485124 5730.990928389355
4766.454799086746 7437.120403658732
5194.007196517966 4009.336775668034
9406.021690596934 8345.070906628018
2606.572696016668 955.6272576223213
2015.7635928409745 6533.18696063227
7445.906572888832 8199.700853581897
1299.6182291834225 5851.428350264245
5654.373055564418 9597.728768022407
2713.9658566341996 701.8951272518348
391.5362362816555 7823.5521882834855
3752.6241474503518 4925.873380063983
5382.724030922736 2667.2936824142425
9125.842835253183 8198.479602751808
6023.68232542596 9314.259347915633
3405.6236529913263 181.4562525252472
5955.2485284960185 4222.839432069348
5008.520132578609 9061.619890538474
1402.0480640419253 2128.328089320691
748.4027830884332 9041.916729346874
4211.802272213974 170.27942483441416
4615.49698913476 853.9963773418535
7236.905519043215 4174.2221788297165
7924.334386127456 425.6617502848048
2467.5173141800524 7714.263224147814
522.087381202937 3463.5159507524595
3155.4843531564825 6741.303343377056
4360.078066578774 7900.567399911577
6060.991013560268 1282.298814195093
1405.0866853963362 1910.520177265651
8908.91423089498 999.2090458175351
7603.413475428082 2504.919699144317
1159.43358499753 3241.9606135342747
3409.4706863012348 8606.284778872494
3277.530570530718 637.9754906938329
9252.013444265025 2929.8037232646057
828.5849709037641 231.50571223784831
1234.9468550640997 9008.128720232051
4932.356501206521 7719.220754535147
8355.972290175821 3258.2575889522836
9875.216597606524 8424.202665434517
7575.164602023669 7116.439334784
2010.5757097214093 1308.6987996960086
7176.902718687923 956.4996944694815
1470.026758045605 3546.690475420178
2042.3998864134508 9758.930684249428
9662.80538534616 960.5400853802048
6686.411362000589 312.5450849646749
1058.745255502187 3971.676640075397
3210.525580099449 1107.4461247328693
7329.984468743142 9623.488119248355
1686.767646348084 9017.521338689829
5569.258062712771 7705.290335136919
9909.081850791514 1372.6153448334544
7.688126980783805 3039.44505555089
7936.576696281652 8084.996791362369
8422.564427100771 6589.400874659161
401.2549069550364 6121.682287902097
255.6815000484225 5204.640526062385
6164.2698521299 7803.635443272774
3355.381274297358 3539.212823347464
578.5827657039644 5164.813851323562
210.52595054184886 1963.7346490906016
352.2258181036986 4918.487119538579
2562.203391876713 1136.4549831506365
4805.194225233479 2455.2022731874267
5359.047956198903 7307.167242167821
174.33311157881937 8736.230580866848
7164.635363064358 2398.4699339287554
5544.397989439761 948.274302976474
4330.487527739892 9442.067983493936
9969.808395644339 6349.676888627227
515.8072341166197 7043.520829043132
400.4329691625963 8865.31909806103
1465.132044861257 6207.037536082116
9136.080843909385 9676.850349068573
7347.6831051015315 9072.626670538582
7708.191715809233 6306.847868121984
1417.2554475753186 1901.1138581358712
1323.558237243353 9509.95456399871
4269.081109784364 3988.236729794613
4303.729576417165 3660.997134785189
7550.169793331593 97.2358742767132
2315.0833768202197 4269.540689242891
9622.211068621664 6470.061075262724
1608.3739846058586 5752.288554084193
8381.203529177079 9510.51537838995
8972.897779740808 3659.187737880487
3205.5467159450345 1828.3637753471105
8659.243421737061 8176.0578395862485
8834.420120407738 2491.632695469096
4135.919975004928 9916.007931756165
8870.842585134664 7055.037004644669
3218.9903882278627 4763.864914234662
5558.88758517245 8215.665259592906
4850.156185671093 1852.2889499218386
5502.109845160643 9792.764633258354
4597.580974074252 7625.198201271484
8070.312203952642 5136.665007944509
3815.0518325628436 9383.589281255296
4384.362140867518 6042.589131557229
4318.922611814473 3710.784362729741
9973.849412070493 9778.29397152411
6428.59844160971 8738.592047906683
3469.9437187233784 9930.19551099789
3265.153569565411 4342.820046643675
7025.904026561787 1430.8323978427927
8314.007891954741 1046.0377536496935
1550.2542431702059 1351.2215885264034
6431.404351751019 6657.430022426262
1292.7316979792336 4824.871393952081
710.7673203179221 9494.042739398934
7840.681169686441 9815.91060485546
8923.84761989403 8404.674598555974
3163.6551540726764 5352.00300948652
3612.8841600557894 2757.1179140116487
4986.552217053376 5313.416750734583
9333.845534491289 51.40958443495825
5476.706753382941 3902.8193755448638
9037.139175260776 4886.20117365204
5997.921561651132 9516.076874793229
9121.007628571057 632.3172947180622
6514.510692178335 892.5340426045714
9304.154211625739 4357.014427051822
8121.001178688736 3143.9592996037168
9137.973701888066 6294.4178929451455
1128.2169043112 1544.538250882299
7715.09081078366 7472.056926311735
9154.049984618601 7810.004882188926
6929.731791616646 2980.3756239684044
1747.2985818132104 7002.203264678284
1506.7922958066838 3811.552749617629
4215.533621250221 3166.070873092666
940.2845909105984 7195.910945640678
3533.0279635100324 8339.24440984379
9468.178694546092 3928.6557163597304
3472.368057354008 2670.189506488041
259.4790650559242 1306.6307995764803
433.43911572436997 3038.953997101769
9100.710461258685 1984.2341258828887
3836.056644520478 3795.357612388731
1042.8064526031756 2309.592129271053
1397.594662028011 6012.6222721327895
705.7319278230689 8516.539866955127
134.53804989660645 1000.163595503083
3236.9910519900436 5524.908873732432
8506.966005675755 9727.452308557693
8281.506347172006 1041.0804893861657
3767.5517968381346 2281.571126533988
3744.1766946744815 7152.712851046028
1281.739605839286 514.2870161535462
9612.756962017202 2676.001094563233
9353.339506651928 2630.165368923769
4657.523717353523 2140.7882222640883
3919.8626510699796 625.4561920911095
435.5243968707656 1488.2941147952145
2374.4884979613266 208.18086332967223
7701.031071235166 6308.183020999585
4726.6424047422415 8113.06007389686
60.15443391067854 5756.144955819512
3330.737103467324 3570.6169673349564
8506.393028177205 4170.117215599463
9492.707126982541 9097.998290503258
8335.228929386105 2842.7280705898015
6406.547839097838 749.7591531173287
6859.705494189418 6409.49593017742
3078.145157515695 9500.058509421931
6335.249833290576 1876.7677716925646
3161.263538486998 3523.415115317775
1550.833252758128 3440.3433425734365
5960.63326768326 5799.379562362134
5654.8915276904345 2935.170676412564
4249.661304956004 2687.1789999425055
958.2500937515215 4008.4652149679578
5005.366172199781 6899.595226196283
3692.6342031514337 7923.0483386260885
4680.711868851061 2651.0369533720236
3002.1668011492197 274.65833193278445
214.6013636398103 1662.9779864491456
4806.587602692177 846.4404633150114
622.3607670318976 6180.625141641659
598.7556025932095 3325.773982082703
1714.6291485646948 9187.89201495047
9725.32105645697 7673.048242677954
8260.142732162458 2603.4550036895143
1248.287767637196 5558.952342499589
3737.983612903949 1398.8668657180326
8096.509509065786 8476.29618175286
7717.440567696663 5300.415175102597
1889.9930321972647 8884.336615726572
4858.704022971198 19.60670864633918
1556.211686351332 7058.02830174277
7545.202950948888 6802.866559690639
2656.4568655286635 191.5823628936575
6238.460825107582 2499.2469775969785
7201.588240795795 5745.157461488123
7788.93251464785 2315.6367816687484
5660.36492778386 8025.4730434407875
2141.3592521054725 3962.169899704613
3849.876245894641 5555.575398910917
2140.756786718402 4986.235636678952
7446.4097659012 6915.953256192011
9475.231197632524 4751.692347116498
5966.430784486485 4428.638582089571
2184.394307265406 8740.593825624092
6241.16991544317 8307.895684135745
5617.228888349565 5637.937552485357
2644.645605433872 8715.54246367882
9240.830067126111 7005.646664049948
7633.7766796510405 9535.910033915141
6281.533473633916 5260.20584306701
1520.5678405249123 5624.89423644446
1822.5092342039418 8139.067509740615
4820.178529817463 4789.50900380806
7686.989752921688 6874.152581981342
5.015850254178611 6818.80078144664
9203.866366688144 886.4705896062708
2043.8165355986227 4513.943818031618
9782.480384098028 3974.090036109912
8716.01541387022 5854.778851903455
4115.99825980837 5686.388788092221
