8615
3449.4023355640147 8128.231253573892
7047.8115127104975 9615.76137852811
9281.963132785198 3916.9670811418323
2474.2204961214907 8571.027182573203
4843.337013751514 4689.089647365734
852.6128252155873 8910.190571987898
6449.407103698343 1762.6001329298424
3203.5420308521525 7504.964118470265
9540.399358276492 2262.6783851850905
7205.347645182417 9597.661999275924
1174.3002280634519 954.483010860172
3481.7133290745473 2019.2740184828206
8069.44764371147 622.9424590036837
9621.168682765483 2035.982149801663
4447.08818354034 9364.101530922611
3488.897828263902 193.56682087509958
4246.961147448702 1990.4746287083065
369.73287588906055 3273.286747453039
423.7329309602855 1903.2523339533225
4272.232065490404 6529.461342979375
9979.371511737401 9247.09445712545
2327.2458204136524 2748.1238228273364
7146.319537867222 938.6348208939465
2630.403723632403 9347.74996697862
8708.58367073943 8247.716863195337
106.46100571377826 3737.2171505282304
4832.63162526795 8010.761852983449
2014.462223370037 1452.7761273184415
5977.246517207421 4268.573054764957
4566.19616299978 1214.972736047214
1461.2586855597897 8146.2569398561545
4796.429923865462 5978.085291236287
8090.33858703697 5130.84718675736
7301.927431841423 9288.79122301223
7878.7995999383 552.5955429826502
3757.2718994991137 1827.414780508747
2349.628414756212 6038.790339588166
4219.02655795239 3874.2482347695295
7155.721207410975 1984.3565037934507
3145.7890028068978 5625.080369190132
4837.574018640559 3671.373300941372
9790.200561094778 8774.205297564165
5417.4385633995125 1570.0447256949944
2159.997321888354 9589.827166111527
4227.222584126242 9566.544290629548
6098.699458691688 5825.9146258838055
3877.176261597197 8388.546127428866
6202.553303506856 7246.203238454126
2594.675325751056 5337.1488648196255
3268.853048628968 2280.1784055745356
4297.175296395636 5584.281137884423
3761.791598959601 1387.5210264744765
6710.6765846392 4757.580598040901
385.497344945197 1076.6274199152847
2604.8065531809107 7310.115142112509
9269.934233386213 1204.4683584566928
5787.891471206358 260.2185126578138
8503.857853872849 2179.1797287653035
7890.153541168258 7287.09103106336
4790.035100855656 7993.430167161547
4160.436549025732 3880.7193326834376
9851.447974249759 5635.741787279758
6511.629404883037 270.0459155808477
5883.223973835725 1358.5862186203856
9872.22094049125 5191.224182400751
9823.545760956105 9526.217557185253
3536.185688056488 208.17261232203177
9507.808441449379 321.84424091024067
2650.665851991508 1260.542069720586
873.8139664127687 8462.882558186515
6240.681089793704 1389.5923579767045
4301.800423813768 6254.6739872755
7242.361463852617 6180.374766632287
9901.623991093045 807.191765257309
6900.96820832296 1358.9961557062325
6100.4276885229965 7045.901546726699
587.2255319790077 196.64266996117675
3237.6441132294553 5267.078373892634
4595.263010410935 6897.421582705434
4040.1932167743303 4419.529809010836
3807.7234660142344 984.9773723759503
5829.2604517772215 38.80883730238316
8248.360013641983 6853.225964579659
5101.043962786028 8816.644322577951
2489.7180307469434 2109.44045235429
3727.386338950376 157.45693457057675
5643.251884675687 8113.317008493747
7438.214014674865 8755.469334851297
1231.5032946834126 6203.532499416273
1476.2278858398515 1220.0577289061932
5626.722624662763 3503.705898604379
5355.302284831179 4083.6361591522796
937.5931331802312 2912.5553851067575
8507.564919202356 145.50395149227734
3235.4698411838954 2908.44416924989
1270.1477263027928 5036.724559768134
9833.821070726874 4136.389337344718
1141.1115711565224 6135.250065901926
9969.322968211556 1396.0061556594217
2525.065854010119 1517.1426522748243
1680.3167778827521 1611.7462639987868
9292.51860560159 7498.882897803305
3938.1191174413198 642.18049832386
3393.0072576238035 9507.404744004409
7158.921148359111 4372.966024207584
9490.579304403462 2508.6229673352354
7108.798132580489 2438.533320354267
5131.201810421425 4031.8732823216164
6911.601471954226 6130.411356357052
8305.20226376213 4946.819655706433
9379.279200492789 5575.505138359979
9433.850527553304 581.0215788840578
7206.432428628411 5105.531215971389
2787.7135943575813 7510.5018847083375
1705.6840925598326 9889.203157596588
3135.428405504891 9412.287575370136
1707.6998745730964 1361.6505421098068
7025.05046007781 8737.046621130761
3009.4654413503995 3760.9533215959477
4516.159227610344 9641.57390323878
5326.695008205646 9169.548531427683
6409.407629362234 1615.0288964270476
8091.00579651049 3858.6741395574795
4061.2263379569936 2539.4618953018567
8629.760580809967 4446.8920066620285
3724.903518818278 4544.313045914756
6276.249962784505 8409.13211685874
5025.281337110784 5946.19845245786
3780.146681470732 9810.582307915334
3652.8216661973756 7809.452210619837
3022.9294350405867 7790.146548911573
1653.8120942991895 4219.520517641313
5490.247223258676 2281.0796857945147
4796.997018114581 1230.4539434051753
9212.947170157504 8731.799703925732
5412.9355312545695 629.3797111209842
2960.7717545883306 1177.7680206215769
830.9039381735039 1154.9776958927428
5357.478753931308 915.721272393355
2079.173219593197 1613.6271853355465
1283.4188798282464 6244.423176220453
4868.012266142744 7456.024635523459
441.35917143463433 7261.505120512976
5040.777556612898 4808.724606161091
3283.614630264419 8543.843565665711
3656.972282653238 3699.183855630469
7633.311760527481 1689.3222334774093
2662.166188855528 5269.541095281668
5279.873948364075 9160.7116764214
703.1903652085214 6143.4959494105715
1588.585502214338 647.7933247680568
63.030138637217846 6792.29928384246
2736.3539163527607 3251.7431205989933
9918.359989773442 9739.998532210138
4570.561921412238 7196.18179363033
8163.67769873516 7754.734409876105
4285.155476441613 9482.18920104785
3899.508746146233 1792.012969376744
1117.8939520285269 8929.970879401713
5348.174707556521 3387.527150990147
5094.939666014498 7387.754550896186
3439.12356268788 6441.238756737987
3483.740498604497 3538.887408500769
9596.847218785924 8891.072709195842
3062.420107000917 7700.9921864714615
7367.919502479457 5643.71503447612
2573.6558446740355 8286.433971091787
1439.7054642035646 311.65078817399495
3803.292929867003 3181.238201770413
4331.810973720126 4799.712626721954
1608.7024829708384 2199.9921467508275
582.3532610252613 2591.056670178102
2919.1686281652783 9987.15015804123
604.6507909422505 3701.6200364443553
2240.3416747559104 2260.5601807697985
1555.9467543454996 6703.756170225283
6517.0678436394 2130.908937956445
538.2964513969757 5963.8840312439825
5343.673517148596 7381.186463825573
6242.761058099323 295.6284745713966
3458.040585935561 4053.14908651455
8751.570776820268 2599.0695162262855
1215.5801551806 6463.161695110183
3628.93248492022 8738.358374522157
5311.4770708986325 8857.679717828896
5659.67397525276 7904.099404068208
6404.3413097530165 9319.033242317457
9635.933214676359 6013.538847838542
2491.6682658944587 2245.056465087697
445.6139005943782 8320.737613831714
6897.2803030700115 1751.5019708789202
2382.3473586609844 7340.550937712197
7553.17844017768 4684.06930955854
8075.2153643632155 7434.377771283706
9893.006996014341 8577.266024419818
727.5032575625828 7962.277336714925
9121.596674937402 6860.209075601206
9457.269540392543 2775.2006677696595
8884.81544650933 884.8735424616028
6448.532087777721 5002.717445261845
2436.224490139498 5940.171094568685
6350.389904870875 2585.7619328134497
9281.802479815078 6315.6469346966
2902.410370906978 1810.564409811658
4981.264680152715 2691.4644124956344
5118.13284673258 3219.0721579268334
4294.26967366927 3656.739878297346
5524.54997899177 6702.804981303614
8182.075146294065 1996.1842248903272
5933.947826181969 331.23398153910745
3309.966679075923 5535.391371219826
2015.498967279531 522.4079889668565
8643.046932322035 1798.01241175642
6537.519612200952 9532.696956920077
7487.746351773689 5503.438678515362
2567.315858499575 9924.161003403045
4903.6721136582455 8021.508699038001
2144.0641240619298 4662.192105303669
9795.18566637929 8301.150896907187
2981.178102733905 5802.719866490844
8189.361267906706 5502.752476736855
5608.141227259832 4347.410924893031
9216.741025592597 4589.44758234965
6027.7887524756015 8776.931928611852
8133.576102945534 7470.401897714724
4443.546530425649 16.489342344122583
1358.9972263711359 3939.561856146101
8902.144833673867 6144.496553159499
6947.836448619594 8616.229616877266
3800.84441604827 1024.36055784481
179.57459764119554 2369.213849953733
7124.225715411313 7221.024697405964
8016.166964791533 9294.197696933137
7004.105916188902 5058.036897857404
8066.254838052048 3214.354724815268
7737.170397936395 6477.561502217643
7390.543591343557 887.1364793487523
7748.412399416164 4484.887383356483
3992.889546799782 2625.5445168425786
7154.499115970153 6390.630942979433
9163.905018381562 4880.087935035402
559.6887546519536 1807.9679238803026
1978.654881753714 3478.0263543721003
1507.9479534927432 4418.870721049274
8197.288829704987 679.3758346976398
8618.42800673167 9892.472707872766
4577.210153929989 3984.5599266881113
9847.475517713407 1020.3130953419615
6177.656778230108 9716.467351198986
548.8711238746602 5127.3642211748975
8622.329380480753 9800.075184511807
3045.0034393894134 8124.380354904311
9482.970411052076 5875.685528147421
275.20089713045314 4186.246962369913
2956.56308370289 907.2108659857536
3753.4580173420827 9972.653090772283
9831.081279315997 4784.839387725069
6546.317600804373 7551.5468316950155
369.4960054734475 7071.798604834292
5272.668590353535 742.4763171876558
1188.996131018485 7007.827461180087
1230.754941399036 5466.059399578824
8472.161526388589 8157.356245853934
9673.690922867732 5867.464357179673
8919.080502346147 2678.286506894114
7983.300353290853 4475.927317884055
6734.1755532867965 8087.652540024666
8033.115881545257 6468.967828955731
9638.764756456889 7613.337399647228
5384.881352427703 5229.112240582729
9410.152974113134 3746.404534716237
8128.925505113491 8812.565510751654
2770.3111424331205 3446.5009245692436
1157.282378795903 4693.42233650738
6581.968922264649 2603.173631076393
7449.458458195168 3203.6421109056655
7257.209425085661 6818.83776907924
6554.251231239459 8458.156514074613
8043.426682775029 5354.517377244259
1867.0506223414618 9236.116732463359
9423.759285808359 5167.379560343541
2530.5616860480804 1283.4312835018636
7253.89679215857 2369.464981132553
2827.908866144876 6808.382090502279
454.40399042417033 9149.913660710072
1790.5916264143618 6561.249513768571
5087.486258545154 5228.375623078588
8409.784120187105 4820.51874994279
4469.378069076939 4245.18074553968
3317.9796233921297 7852.375296209056
5604.304167559812 7144.242560218794
6099.00336331908 1966.8463046790018
673.2303003598972 6567.551228653659
8487.925032403416 8163.076630679934
8570.383420142434 8555.507839833714
7638.42686954578 6537.873903151267
5552.78645836869 435.2424655444465
363.6902990951041 5125.7991776138815
5952.823899185746 6679.445621629243
8797.887118263354 4645.7122647114265
3601.1108051899764 7731.136764598479
278.87046408691106 2747.8334624548097
2116.7146505187284 315.18198093912207
9418.680261975318 8787.011007512661
7544.0329481817635 1595.2654892394446
8306.993105265925 2892.0364661063104
9950.405367002597 3685.408820285375
1583.662903450861 1157.481271606734
1545.8003111552243 9488.020845862811
6720.007374175848 2153.673042626455
7645.680216412346 5605.858196659824
6264.5255979926815 8632.07051271851
3370.418591983232 3163.156989685424
8037.228866929029 2297.4363841672784
3359.405270446485 2771.5971506549477
1297.8002286199364 8824.845799596087
3975.2435104833994 5589.64375701456
1766.3009978462142 4918.713048897842
7483.205928299198 8449.205843034337
6041.164995735696 9142.654651074768
5513.385548548593 7361.4368167285975
6437.735220409551 3493.1527404846706
4747.739706178896 363.9033317019602
561.6106510896257 3246.620118282235
1221.4921039598103 7634.223004619552
6034.592477367302 8478.60708826977
888.1266721661052 4070.680888934045
9707.027619785951 1835.5377325128563
3169.4660031395715 7128.207688127658
2418.8688951280524 3633.497095179362
1097.0992470100925 598.507564361841
4912.7815889551375 7165.232588820411
6348.686954949082 3236.003893693744
7856.149072858354 4215.677451311289
9992.434022786267 9656.668564121304
9094.834599136144 3217.941131119119
75.29466726988842 9774.686244463452
4240.086628660331 225.85223933357935
5325.22813957759 2192.300332094106
2480.9758642264037 5935.7811987544555
185.10028297911262 6421.072793330339
8118.278258969597 359.61209228728586
155.58413870075282 8588.185362347624
9731.729265318592 432.3691633866278
7996.683441448661 5369.297128499663
3121.090899044223 4832.14978861771
722.2630759255167 1289.866530878956
1202.4910899510744 4596.651068909434
4519.242888776187 5249.732569961151
3895.004887923832 7739.721290289038
9732.870334748613 3151.146583473843
3698.469804968485 1003.0077208344557
881.7587624420919 4848.330908558403
8142.037568606944 2121.9098793587855
7301.136977908688 5287.0333873494155
8573.983595187712 1541.6947519046653
8460.031716885496 1665.4401137464215
5866.808066157282 3388.760324361262
4257.856681361065 723.1939756884243
7527.682315165113 1683.6861785350698
4678.160666477975 2853.1613010565247
7432.80536480717 9276.842892544824
5062.043994625307 2630.9801534022426
8945.253833091168 3793.9748007464614
2961.0209596267146 8570.307671726632
4529.42407755323 6998.310935562473
38.87419524173153 8437.087128608393
141.17880640523438 1407.4013129511486
7814.306176096203 294.0293663006621
651.3286137021879 747.0137273057054
9170.96742651182 3596.91009882825
3351.0948367320248 8881.068234971593
8508.696180843974 9127.165082009858
191.70946730975857 5225.728057963776
2169.581037043199 1320.657350664214
5826.335459342818 3337.403601610841
7344.713210849195 1640.3853643152877
7750.992704499438 3358.5697414576243
2052.2700545592675 7041.286664607204
6882.202307039831 8311.936257102734
974.8292987818918 3288.1856657095063
1762.567341179646 8852.648763848036
1953.5827672322193 8913.323658239548
7251.535829160914 1019.846128138896
5759.3871825206115 1937.797285906272
9037.090869582185 6773.029751407952
7395.347098168592 8131.628635966671
8595.147748480422 7655.351694329467
632.8973338140676 6550.073913987282
9326.936507553384 7795.061411452675
8743.117801044134 5359.170802060132
3520.6743037098986 3637.995720114627
3457.2725845423315 8551.419129920007
1512.344887712469 4298.135656042412
1075.34098208099 2052.872754360886
8961.41547203119 8219.894074687076
9338.5643994834 5935.81623680007
5510.842046775001 8964.940434179933
1191.8026236027101 7976.591342488495
8266.723168173352 5368.0077353670285
1883.762944592976 2636.0230245174275
6511.486804684952 9050.267802181657
3987.920073051712 8690.293263051022
9855.498771588545 5335.503322530568
874.2229880465302 8202.994102798508
635.5096173706843 1983.4413323507438
2921.442055117586 9304.488718986495
2784.3624566976987 3836.2614419689935
2332.277410522432 5332.593180806152
3624.905024192908 468.4219309388926
1798.1181825176395 3288.9885935822517
2082.0614577894294 8236.597959262635
9457.602522643627 5278.658601801743
6660.541487533438 7745.659220263509
7602.899872293585 7625.043176390816
9201.671175375313 2678.2594937035196
5409.896891550803 3691.482945429465
5911.35067108702 6179.747779484322
6603.237740985083 8089.928562140891
5442.161396485656 6546.755499635526
1414.4355648445617 1920.770229644494
4916.155856485692 4836.9501089938985
8451.033734759576 963.0410695420721
8690.88190823783 3199.08963835675
6167.064001572744 1322.1339835366407
1399.7084738579447 4216.652392954496
5509.815377539081 9942.563491401921
6338.535828353636 8364.954522086227
5015.190394750761 606.1972643796787
2624.4873050515007 8800.812764267304
7133.690914744033 9561.765236587516
9718.19843373065 135.44798828559857
9891.345239945245 8769.357517628821
5879.829111604583 585.4640486872075
1124.6493829335825 8893.99741853528
7919.9491401917285 4953.380275750073
3475.8634816476165 8645.279960899803
3209.9508341299243 9258.336280304557
7094.768182758535 1835.4488996489804
1332.6735949538004 6519.226013928331
3565.2562293227174 8616.179484925595
1982.4239940635446 7186.659251473544
8959.890173849579 2754.7220366096403
7764.603907469119 7026.792408542494
6122.835346980344 2522.956317146141
5398.668373482504 9879.207334670627
6291.332943562797 8798.292273292162
6494.153011604628 2642.65865255489
7988.148147894265 313.2464095026044
9548.022698217217 5086.652278286444
6752.1930877689565 2640.9150201781626
8102.614090539096 7643.454890814689
2721.790341193923 4466.449188388318
6106.957686329019 6204.281072934026
4344.807187033135 1970.0401671637069
440.2783006287703 4125.037332053075
5562.157516691476 9734.79549097308
2284.993434009477 8141.147496003199
695.9335829698409 4493.298935250148
3577.540757045794 6697.628656123882
5970.696087606174 6239.517357277488
2118.882850187674 6319.714654561419
9106.214775475035 9758.123488522564
9092.55360537556 4080.981427745454
8742.21911844935 8461.184811893969
5716.625123558716 1970.05407959284
3590.4855141957314 1572.5643844330416
1546.9895109605081 2013.6273316471675
7156.84758520299 5163.268100981515
5552.868921662905 9382.663087518447
7635.489161653357 7316.3639741133
2501.476699856535 4390.2774654627465
4150.140036363571 7787.989996890158
1417.2726584901295 3283.9623112045624
9901.561217399683 2931.354928553228
9922.27193792757 2041.4340465822256
9977.973362652492 7363.53282002408
8117.377879454395 6998.537128059297
6594.846976464043 4880.238500596948
8330.728931159987 1069.2760125898892
7352.737122424142 2461.6584573058863
2537.5645158233797 4562.183620825565
2736.6137760925903 2862.813263214944
7547.128459216594 5153.882224261287
7527.403460020709 3244.805803333526
9155.646814162752 2449.8243632921603
7056.2201101725195 9578.708561474768
380.43092906154044 8743.853782171174
3304.0363307034236 9141.730087574264
5618.672657909842 9082.353101909586
7734.30362996394 6325.692748116668
2115.5138608797743 545.3981973100219
7443.30065379908 190.74322377499843
2479.490227537027 2776.4731039915005
8722.75351428198 5722.611855766935
7149.458941930105 9223.937895336407
7451.535778243748 4589.619123392653
3695.644492902006 1301.5924903193886
8868.025129932474 5346.028403166287
628.4460196548847 5732.30631640357
221.9542546915443 7491.227505066505
6992.16323741438 8707.836479953963
8564.363881154151 8569.615168882241
5436.824257620834 9179.591929519082
2506.5294788065553 8583.957236209744
5689.79920543503 7589.239492541859
1163.4974354693306 1395.3726613072824
7389.915217910778 5654.696180090716
5695.134913539263 8495.991919178268
6100.287998031919 7446.182921879795
8867.361362050939 6565.730259312404
3982.1154858376517 1918.6645720304086
5878.495251255939 6562.501067773968
7090.184210689487 2311.135491054489
5330.417742536875 8745.59207825983
4541.858741501134 8379.85384833132
2671.5146822139545 4994.808915988274
914.8416220771361 3301.7650576585443
9698.133206009825 7063.393570714768
2145.0024353666563 8266.001400529858
2773.5438968501603 6990.601895063246
6924.095084596602 4265.478108848345
9308.175426532942 3800.2277558916167
138.19621567234375 2407.2532399509437
6742.146890555968 8824.240769583663
2241.209404273078 1179.4545481454522
780.891182198209 516.1064166222241
8623.803001790702 1544.2192688515731
9956.931806109496 8456.236158997417
6016.658895680142 8470.23632342756
1725.6314960830166 5402.417169538415
8757.926796612548 575.112705901627
1250.0093411299983 5700.952317690603
6358.296566469883 7916.936529435004
7789.480178043448 8149.638990541527
5213.11358722582 1656.0418825763156
5179.63587767337 1491.6006567294005
1539.4786288549967 8302.1265656634
2274.9571736984576 1119.3795599427704
9657.290528321892 5568.511190393404
6423.611343339084 6281.586315773227
9586.705304271043 6474.4689515439
8053.249239737327 8109.796338794932
600.4992522833552 3268.198874028979
7268.989482548 121.26904475385226
2848.3410108624175 2987.153305275815
3999.5385323407386 4503.46302716566
7460.992151170395 2029.069716843598
1674.6618301820515 9449.202076353939
6645.974378479564 7976.202864695696
676.986619736848 5086.74666863414
9202.24993325133 3096.8881531842
1883.3838695871852 8136.910919432018
3609.9858746967907 5442.710174134712
2495.940109840118 8329.754295046589
392.48535048671096 266.1932067549
6059.79937721829 2826.274934863445
7800.878792672424 6603.065962887117
6074.916074546571 8415.913705260093
38.19549743187767 1294.7981817188281
7931.029424270736 5098.573698450178
5217.940117761959 5471.2449801422845
7029.934132185484 8810.251220717953
1043.321990031938 6569.876133295112
1906.386880454668 5514.260490828272
9796.794697803954 2337.208118137336
9918.755232346308 3655.428403882861
645.5868636978856 1939.6962051815315
9652.780282553438 7062.526781671076
6497.411112856498 3305.4867490511774
8566.589906761528 5784.597825656227
4681.5619345159075 5125.070146933411
6602.366944346872 8059.718632506736
5584.125426018792 6558.009724984089
6499.838340144214 2640.1463498151165
1032.0368552753755 7624.57536522797
9369.021778243927 7035.668363907322
4699.2447128885615 8505.235464770798
9714.426887306141 3887.3810287061215
99.24726095208003 6527.613598627308
7550.180140583551 4647.003230932057
7831.790218296357 5489.652929732427
6505.299590659126 7012.226450756637
2667.5251805941525 3149.368366019547
5890.620351384415 156.49467609939018
2782.9462846983597 9205.71353958626
1583.6307400357584 9691.991390757697
7998.936612020097 7901.725717275163
5284.7466591939055 2517.5107233342574
1229.7751243861953 6500.254477857401
4208.3194876237785 228.27129379887734
7515.464636480304 3314.218828594839
3593.93554510227 8602.631580392379
7988.761568238615 6717.4804299003
2558.329803235464 9831.044965350004
1919.3043853017555 9619.059853498751
9755.509042298716 3615.4948130040475
8580.747639656105 2252.5614461593937
9072.435069072737 3043.0313278179865
2102.830843370518 9814.31964643944
7159.894463462453 1224.928891640571
6698.823098060065 477.91106805039396
3982.936634179626 5093.367819823147
6699.800809582715 3619.3224207726703
4772.538310184841 3460.4408035935453
5680.7317260918035 7706.209785166276
6769.910188818971 7469.670710587882
1629.3543949611499 2236.3114132142714
6977.129658896297 2908.1173508339944
587.3568971897824 8354.232820288871
7762.550247540491 5497.54419559431
9484.3753669115 8332.453287069608
5616.702958162487 2246.004559742867
9988.848060325503 4971.545448264982
4614.170102949968 4216.596087212099
9115.77534778621 8156.242934299116
209.1778415034351 8658.027430883109
9059.952796163574 7298.130135140146
877.4215039763756 1342.025997877684
8264.262293817124 5202.367393504061
4813.899259583373 3165.511698190008
8086.114218781172 1015.0068409638002
6406.298200675073 8600.847480310531
4591.158933137206 7339.096578866193
2525.7432100229526 7415.371241360322
2981.8971106137683 9351.907568909339
1811.4814253819889 5231.805030458673
2959.8286832259723 1812.2603566893492
1073.3451846997466 2964.02215026464
6923.3083017093695 3216.0713470001933
1695.5952520530127 9938.052111524954
9319.27688716737 5039.874076641236
5498.021008631239 596.0871596693073
4695.567304883357 8006.217372324155
3894.9304251441617 81.64805002814357
4041.485559606952 6611.476937220798
6389.935476672662 9716.95406079554
3857.8963686406832 7775.763323590944
4454.200353035806 9408.94048379104
64.04747014033596 9406.244920020423
4658.086003432301 358.24607105503947
9326.889312218746 9909.348583571998
560.8922531990723 8095.893671501262
3689.660064699789 243.93991559351736
6310.661684525628 2835.272909390315
480.0204815081077 5976.725130446555
6165.775579485775 1402.4249478943373
8394.0411038632 7982.7586381418905
3222.341184774763 2595.520335041619
2380.858778139806 6928.079937412307
7516.129154118083 5724.813135977671
4493.832106587723 8478.143771397328
8365.091416096564 297.2419052797104
5227.549367095128 3294.8499259511977
8328.252040485691 3335.2408278159473
26.04678442659769 8316.618335208592
6479.030048156818 9657.216595884998
8626.12198015631 3560.093386614426
6825.81861075123 9597.532035616576
690.632268364949 1738.708918957882
3659.913143981567 8106.734028255547
9790.193412443046 6362.478093153353
9370.639789633653 8948.150030362165
9207.701281908552 7665.016908672838
1839.8120811901242 7794.869084279325
7268.621862754556 4697.951886505548
7912.395622236077 8431.5150070835
6941.001795962674 6239.500895266544
6637.541274558271 6978.108919451903
4302.680044409835 2783.155134898787
983.8986885962609 78.70706457223098
3139.1817975943272 6804.0363198115365
9555.398997931004 4335.396316043334
8414.305238846495 8744.638983937097
468.45358733197173 5918.6137660977465
9646.416825802144 1718.3089122635754
7998.784981861686 1247.6496300805995
6326.992846141781 8797.952453716154
8865.87238358846 1910.587992444852
1433.9591729858914 2939.1090971282606
9095.255371363492 9580.82156031584
5820.8930203264845 1080.6598381405297
4283.710722119669 9587.676173400569
5804.172754455354 773.0890633868493
5789.579390702182 5011.563623963477
8623.673143859227 9803.351090961058
2880.2856182974647 6699.480895373178
5618.615897431893 6717.041849064752
6191.359864238082 8434.552830429358
938.7120621253675 2882.707473268682
986.03791424699 643.7192378704871
4401.733891213997 4799.770023717725
9651.778289461774 490.54646923959444
712.1827973576977 8720.68700960823
1629.8025735707954 975.5403149798259
3671.725114582076 8339.60205262053
5546.030411027475 6754.228283420547
3240.591376476714 293.88822765233357
2696.5483862495444 9783.664045128997
5350.142656619641 1531.6205731718223
3238.0109802719026 3620.9054625324943
9220.331546985699 7217.159485313778
6443.149139594843 1222.4027626255286
4601.792490311257 7778.6665532586985
4203.812233412211 7431.122483323303
1840.818619575847 8945.512136719093
2598.7510305916685 3988.631941084413
956.4934678557202 9180.178868228895
9790.600062823074 1872.2499656058856
2022.7651173030592 4778.402382230057
9776.296214837545 3032.7656072713803
8064.259973537407 4092.9336387431013
587.4260815929944 1196.1162849593309
3403.1602033929876 8830.444747801701
2421.7660008172647 9292.80636625639
4935.468554286526 2177.7462189166295
5884.542759509532 9291.73988634007
1168.5165361114248 632.6170469744962
3027.7069374815756 8740.527926084374
4017.5740576370313 8846.196526238444
4197.7809482606535 7152.227432499749
1337.9445110998201 4528.022229480903
1837.6017392466704 4528.853411841182
3959.935479625781 3521.4418692754657
8334.554068275462 3774.899531092275
9597.620296327888 3526.267789327825
8767.64583769134 8529.493988338485
7418.314146615318 8627.1796782837
978.0495415901835 8033.705821605449
1288.206353464364 5780.527018748071
4772.496048922778 1049.9075795227398
6750.608382391553 8718.82064394962
9266.17315877302 1562.9936246912391
6646.788690149482 4351.341067248811
2381.549389173072 18.640639209993594
2955.384527803898 1670.9378731329982
9341.804654613734 5191.690072384952
7904.894230836058 3421.2289978765807
7632.318304079962 3428.119094245182
5704.770475955916 6335.05279035204
4350.93144721027 3966.9640824557505
7344.149495944661 6624.165470479067
8127.461610812582 1323.9441876245073
4823.269280534009 3581.8182529814035
1865.2190386757406 8306.426083721995
7911.141369296551 5653.986911089717
4442.035555850643 6129.76329148725
6064.0605649041845 141.66713399036857
9205.583765499327 1317.9316320564483
493.048519644691 9815.795110441146
4607.528981443543 2596.772237079503
6534.348556163093 7157.9827423723855
7643.327812394751 4826.049580629632
4455.597327226522 9684.412032681852
3899.239776494655 1166.9140906955288
7621.320522965659 7866.856727390084
8955.401358106034 9144.258038389957
544.91289281558 533.9561929124803
4653.561298763097 1038.837851739205
5770.278539134846 1317.4964247224198
310.3528845912518 4131.929897916
7754.82292900337 3702.5969923193693
3341.7379557849667 1725.6771590338783
3966.5060421958833 1547.3448319464123
5961.52901628113 1575.1716881801735
8261.177288078938 6556.554463795218
4626.652000389624 4393.714493179835
9272.432779392728 4125.974351876326
6724.0903597570305 1430.577011818547
7024.748600335571 4217.403573539386
4629.205869113618 6770.988800419345
4271.659833846548 4481.8171186636955
712.4018048187497 6970.956459800899
5164.272381329521 8716.746284696748
8130.862193893636 7914.9156765929865
2771.407205826891 4925.795056837799
1314.3605535369995 6372.11010597315
8701.193646542102 3742.3159674514463
6938.902313568209 1627.975130920748
2614.947355428836 9785.912711707433
879.2274163125646 779.7005255585476
6777.677125371363 5639.5722207338395
9140.968321295972 9810.535844674234
955.5863620629767 566.8729465655053
1095.5195006364204 1395.2907264561954
5949.4493795033695 3832.854638764742
1475.4480588098938 9539.874446246331
9843.754989464409 5548.780556774097
3535.529459043744 620.610972393606
9655.031035176413 6330.152171984896
9544.269956260438 164.45357678404383
2478.7734722959476 738.9951627701919
6343.033966810275 4799.1150869757585
4462.9234855804325 8475.554007890576
3094.6649678986983 9202.522110768265
2976.8504504066173 1591.1959733781266
5540.752498064644 8593.888504053779
7198.312072701108 5613.444358270353
6096.462725869865 8334.098101956506
5006.881580454154 7405.720899056063
1934.1191453709173 3540.9727512750933
9550.848242205731 2828.5014904284244
3841.4802799551817 3275.398340613013
7145.606239295807 2825.242233933485
7087.93145718141 5817.165577500095
9265.073947279012 7425.565996592794
1791.5709180617666 3824.7775511339087
5303.688817431679 3339.842652865751
4352.437175568871 761.3641676620042
9515.04952840727 2313.4393096459285
3401.890168699753 2869.2374652072385
5074.284730538392 4215.552028729149
3415.4221780858406 4188.506855958875
564.7484195249208 956.6757457426334
6645.945213647431 5640.570662260756
9355.65444362769 4760.409486734724
9356.861027700917 3035.1836866808358
315.780727085595 7059.429752505074
1468.9892078863854 3010.200380912804
9099.387349501303 2342.112765606288
9682.694999281666 375.9720531253885
2844.008659942776 4645.4212708306
2896.321445095106 5111.779479545564
7535.798870542456 3071.3147575466915
5314.29742195198 2349.563219049707
6526.616527154544 6698.082006589414
7023.059708660435 4080.6099732334533
728.0635940908719 8564.635182796443
4010.1905352413714 7033.741690059805
5861.19582290571 3024.945594753552
9611.941946699226 7198.946697674989
9806.645202738418 701.4436199242647
7196.57556099915 7808.278843542953
3578.411170399969 510.34139749616793
9525.725026659904 4236.247793959602
2735.5865313328777 8788.482369194313
3683.238773380657 6244.805094223225
2149.8068243515013 1420.4591656335297
1720.7397196530628 5273.432957114469
5962.223715776667 6046.38559366707
6241.395790419162 2062.720737347825
6292.3179393067285 7924.841697245498
7028.164827203376 7800.214153919661
8801.885753751229 4832.163140872831
9520.0385831241 190.21071515957445
571.0472720011162 3498.372946364332
8449.585039495818 4374.559082384395
5909.1393446345755 2511.7075013715507
277.3424337302899 7469.423821192225
8701.872344545596 4367.819684143063
6193.392383070435 4633.351258808814
5687.14740679427 2396.387166137356
3403.7027779626314 4044.878980340779
3655.4433641184846 6666.993643852639
6178.594878463142 7943.309016480874
4986.699276878209 6657.790874051792
9712.957747330596 6974.1627700279705
164.13625540521616 7464.591879590048
9232.595767519719 5481.226184345631
2946.474656291954 634.6823606595931
3978.3632915789944 6099.978361727486
3733.5201328862645 328.7826425756579
709.5041741656249 3032.5959101326803
9326.107430617825 446.2301739768626
4189.880348093803 4722.609079589614
2759.90647494203 8592.594579427781
2755.5403348413934 8297.680321773221
5183.609713530996 8325.575223243504
5509.339820802449 111.86234336533762
2855.538209287983 1984.176779810124
3948.0994661359014 8994.091142376968
6248.716802043938 2587.794889462719
4900.043866791863 1397.5493692649388
4982.983662028815 4785.985913218207
3535.0336060311415 544.9380666417636
1843.7203236744192 1646.333292659359
4907.370221759182 4877.5713878361275
1500.2966345829727 6186.970888026839
0.7164648662916218 4641.615005855053
4703.347058618758 3991.9522978690325
7566.939180105479 9282.667677991954
6718.505847132784 5991.809260907981
6185.45367717275 2470.279444738188
9545.248407845529 8548.270992144597
1916.9052669216492 6036.894313628387
1072.995981427005 1351.264712153979
5684.798498598924 8891.091366508237
742.664174173342 2317.9551436318625
1090.9399977051648 2052.889592514031
510.3428910387664 2677.722422718731
7755.339287884157 6359.274961529458
1950.8195922775951 4733.616700903165
7468.463069191046 5100.994969386097
5192.164839376706 9409.97040191305
453.51784952511684 9877.061752819536
3038.6218823930276 627.4896864780088
6858.689047688024 4291.288878545405
4117.5538981742075 8791.284719153868
4234.042816425645 6765.582749625279
2177.216828278913 6233.942468213609
5195.04861193677 707.5996601813129
4765.64780213258 3324.8836339655386
734.4606499462658 7545.766101664466
3436.9668113363105 5138.888068628785
3716.5488091779653 5732.556987376109
9359.907361018595 5070.811483359278
3972.445530917942 6717.309280858918
2744.4162403680793 3590.1582327910887
1112.6341381619097 7102.747635490747
1855.6584582935266 7448.316948259967
3682.372581681408 4724.782635684474
7550.803797214278 7082.901052185461
3608.1122472351813 5233.034618352435
2252.464557137932 7707.786185577359
3017.735320187639 4899.930588248106
8063.6849790620845 2634.065406502704
6464.703006497996 4849.104713382066
7332.891052629356 5736.294926050268
5345.9691785175855 1669.2314170372324
393.22741240089164 3660.035373527344
2875.779138010355 9467.30585877361
9429.222697071385 7360.839651931708
7362.246978745728 8815.777797632103
4464.742195904293 6871.475559383177
8730.855449407061 8760.837731229942
7319.698342957683 2813.313668277151
8248.805441790762 9084.541503017921
2049.012182587704 3099.452063937992
4226.392694231348 1351.3552737336565
5855.8243050752335 3521.2881073980384
7106.365567439914 8920.084659304976
2761.981576110395 6466.8898101083605
5799.477053154896 8065.053175723124
3422.3297666665544 2888.660625504673
3384.2119961604953 4625.7784998018915
8385.367677064913 8819.428642185992
4360.938502679161 3192.2866793098046
8831.326201707376 9230.235928919969
7535.491136147149 8733.596260081178
8359.757887523925 8829.74242369943
8304.469289003237 3789.7978314941506
1752.2326735976023 1524.2982811849438
1624.290707526781 7873.5363141047965
1801.755268379095 7689.382124322268
2268.307636298278 9564.605163719325
3279.0320370601144 1147.2402029432794
2111.0663731283275 5931.743460647649
3896.7340441084675 5802.205114684901
5126.0442562892595 8378.621224854289
5736.416252760722 5254.309676594176
9542.973264861948 8786.38989901053
7018.767827966322 7393.455905431946
3183.121184226614 4913.061238857721
3326.3880021122004 9970.537310886024
2375.6680006089937 9410.375384104367
9429.2930798191 2448.5554084817118
7055.578943526615 2531.701874290464
7716.877631339608 4055.907342062026
4653.143843544716 4629.912793763083
6906.070942150339 7895.668799707259
3207.617466343732 882.0577927705331
5173.939706543352 6208.833256178059
9772.158563824807 7328.0585238610765
5154.009593929239 2446.106304280591
3624.5347444750355 4273.533845951289
4339.090816540425 1672.0031758026055
5057.8223484235 382.2541676100943
3349.4081071974024 2006.6264623588982
9597.601410796715 8371.61872547165
6253.352234668034 6304.65452912032
4376.902413327865 1124.9361378966648
1669.187149818011 5077.6992510924265
8097.438280370834 5247.17935106927
729.5581077545532 8785.342474096846
8515.411738381883 7616.281551679995
8156.666848689756 51.79482083678133
1712.4569140675371 9319.92202482297
5674.493304982673 4109.263905406398
5547.042676804217 518.1497920263522
2775.455145213017 8825.75902134536
5628.925092940198 9235.079860232769
8462.423010459974 4044.199654134596
5919.006228656558 6858.282776887601
9003.008968967357 3641.337228993773
7629.221960064536 3212.391843551553
961.5769256231166 2709.136931475479
9481.842722175461 4473.825808891495
5815.430145777515 6567.911897642891
9584.84434555013 7906.432216512851
2315.1480046225092 7939.636191057108
4189.763574657436 8423.233450861715
5415.0612718534085 3541.512736489161
1420.7252316392648 3317.357251502301
6078.3728356445445 1604.0015553882513
8698.088461199935 3155.620885724968
4552.438776315552 7374.16531003787
1027.429226362816 8791.127288753416
813.2518776847575 4534.321588763779
3584.3389785982895 6726.624534970839
9794.171458529432 6647.637932123469
6097.786226185502 7648.2707340861925
5742.474654072266 4236.439636627059
8419.553058195417 5849.833362897221
9588.303287182178 9905.650786467497
6364.526124453475 480.2494513910871
5564.111614031653 6042.917011954104
4416.381140478594 3072.8547153128147
8478.72390464769 7058.610349447854
7215.477012675262 9652.489640673737
1028.6338147749918 873.0524954886954
4880.52635356331 9867.075002342417
1320.1897213928914 2414.9293967854924
8162.889209908397 53.14009455449131
4379.826233229498 5264.020312806155
8192.09276309655 1920.1821287445541
7845.518969465434 6252.996191362908
2143.4477908001727 3626.6206574394623
1261.1536992251026 1837.1872983201642
543.4032651672916 5420.50543653301
436.51905496138954 4347.858572804327
4125.536171072255 7731.023152786195
3189.1432475907013 863.6752090063982
8159.849923157829 5622.242671015008
450.2157624951597 7366.677679841086
0.31304846858426494 9858.426932128385
7195.3473199072005 6093.226886300631
1230.3379475947174 1480.630703613085
951.9394478204313 4547.0232100739595
9233.16592850854 3757.192875904696
1738.4467704887275 510.4417074044176
4273.888280601283 2646.126914880185
6206.836057990923 8572.065171673377
7252.101819431264 4495.296584145778
488.0578838226923 182.44133413601426
168.95886642343538 7606.661472847914
781.3625110522826 1056.727996659015
6049.640635353107 2503.764363547124
8081.808840045216 6862.029039891249
7572.048750066844 4267.022120205275
3606.3309218926033 558.8709855021656
3974.7701783905477 9139.27490965023
4457.240820480075 2510.403399334603
3952.146352115916 6754.4371443716
4853.0617277835745 7529.552384524754
8191.528909322803 8804.986639875226
6860.104479729886 1403.4922290884133
8967.586136278467 4739.415387246234
5974.210721780379 3116.4462067389863
5780.775452052297 5168.658419004808
1130.6083919580324 7985.96480732564
5411.8731550813345 4060.909341227713
5760.831910157484 1234.4684270492169
1961.710966931396 1517.118342950433
6369.185802007461 1136.98952713282
7455.041552906007 9944.860113779141
7767.236508182675 5817.679203768484
6409.713263707753 7786.151824173465
9583.338300651643 8011.795682100873
8407.106884318535 6605.190083615139
6955.2137902025825 7666.521110132516
1147.0479695928304 9304.864911190953
9417.122978141237 3123.1039313072138
2730.1760172028066 9516.30419145543
5909.174331859473 7804.4571220372545
5983.017932885925 4793.587454522007
564.842941940431 826.4874949080847
9525.77634129662 9146.16144158947
3473.778603697717 6758.070655362667
9980.112824896964 3654.3800236256607
2970.503953020445 1873.72631782456
7223.967381087365 7438.981655016544
1165.6130186016521 1674.6898344869653
9922.724069408156 5093.205983436557
2414.601760469873 7198.216923293421
1700.7980982886795 836.6474857838135
5210.476764852272 5691.5982108482285
9264.983411633255 4112.828388218395
1589.7989399817036 4596.500864318605
2550.6690340471773 6127.865772711224
4557.8421977967 6470.896422837498
3534.291969548049 1915.5015204975477
3267.057380598586 6469.973079184077
4740.167418977994 7914.1499517593375
7724.048471133426 3314.073216084242
667.0986010914737 754.510697826507
9653.786342863259 9290.833878627736
5369.931495451824 8981.685887595435
3815.79542763816 4770.353817191159
7253.493610547123 5773.628908540872
4545.57126418028 7956.346839412668
7771.111509679936 7368.144712259107
5585.49646175783 1152.8831114037164
4167.17655309873 8873.551871380754
7373.0418189255915 695.4638732037399
7662.98697078111 6413.504656953659
4870.0540211363 8876.80900956821
7557.363937351956 2144.3712139494355
745.445824720432 2691.8830982471477
8598.303983592494 6583.942708149711
3264.6221964464016 6033.327254659808
3679.1964043799717 903.1519097342878
5592.489514062875 9087.596237906731
6422.895307146352 357.8611287653821
3382.9141806331786 1113.7517866357073
8539.211555614153 8875.673147122165
506.00562183286456 530.9957184088365
4976.143443801847 3963.110793196515
8555.62329377387 9297.67079830775
5832.440592527088 561.3985466168602
4383.015395799514 6933.597072262437
7758.853508773148 2254.4722791420013
1318.5154291653623 3219.252377472197
9147.69456790019 8320.734378150186
3971.7423298620315 7599.443764968274
2795.0932793165516 5520.458378631214
3541.755581874324 7625.76307174071
6917.601764384356 4223.6426632697485
422.14409968205024 8391.253404244982
414.56739683536136 9508.500982855365
3552.034436493622 9842.359322502469
1089.9573062802149 9198.6666965079
1442.5231081419709 9097.37162982208
6182.084685787111 2457.5833955065627
8099.054322578954 457.2175631531172
2996.95061806573 4521.4366902787915
8163.777724444516 6663.592568522026
3700.6850411112537 5427.3828918715735
9517.937459771265 1141.0618104333414
2398.829972952535 3181.713003102191
8312.859765188718 2453.910886082471
4514.982389370283 4712.982864750501
939.1212400026949 9015.154916541813
8178.567733342024 1168.0342829720068
9796.996352429833 4204.2664811093055
4841.293975118543 7634.219299941579
4897.29847690266 9481.812981417574
1664.0908163747893 1209.0291032552182
1300.242069587435 5833.344840954889
1351.111509116193 5488.724722158419
3190.9719146559423 1931.507528234656
6054.635590601875 4010.4546231430727
8993.922455935603 774.4965636036161
734.4803320832439 9957.729362231876
8344.177871691363 5240.616208102685
7927.791364442426 4527.027779080207
962.5318548130168 6992.835861609573
269.8490596511394 1753.6839530616
9521.947491889065 2473.8873075685706
9303.795770275494 3308.106355211655
3446.6470288159403 4351.583265801986
9126.949976248066 2798.766810895872
8251.064874527485 6705.6751741285125
1243.642852069351 5456.286258837267
5504.421419757016 7491.714356459957
2629.2759963367707 5723.337746759613
1797.6863088271532 2374.016527211176
2457.567085890253 2237.9767447560407
1193.21856092643 9888.97534382964
4202.712896119127 6973.398558882762
4553.381597945917 9081.603652254227
8900.466599885569 2885.0144755660745
872.9530212112691 7252.331125481462
2236.892857643663 2316.1274938262923
281.1608787188391 7257.720049492492
2830.8262153800647 6626.381663575512
5732.693886836724 927.9044817121818
1585.8292950289876 6032.54571352451
573.0497846425486 7595.20057005022
2309.7057363485897 7489.0874677566535
2142.1014699649563 4472.47226000678
1934.3971420941587 7586.380250214496
7370.774942786973 8676.479897322195
4616.351650212371 6907.278710962462
4929.252175409484 9060.58011549142
7757.21953968444 2058.1872234183775
9901.1212365239 9702.786563358763
9557.000125913768 1678.6393143550727
1186.419457986071 5889.335772433824
7096.524729454445 3133.7936169673885
8877.525432458531 7740.553883325946
1143.4290996876373 7307.142800631986
8705.3710916702 6244.948557704139
8885.535060972581 9936.125786075978
3319.4678269708734 1399.1016449944216
8617.823981722928 9271.219870702751
5643.7447971234515 2395.0713714566173
1043.9512483565593 1489.4826199258925
7841.223903049931 5353.655689497604
300.5203620680808 7256.403840779927
524.0659505317402 4971.013069462537
4072.092814728394 5105.317133925917
761.5378763449621 2627.768086503537
6237.184449177741 9891.514379915167
4166.970090869989 5003.881669185628
7370.258829274135 7478.590899112343
5885.783771901254 4049.1970679195565
8121.994395936961 27.447326833232033
7660.190446763315 1278.7179348744205
8009.871141795462 9783.760388990064
3312.1719616969604 6793.313521093794
7473.385109205551 3097.6246931012806
2964.8759567741213 6170.688321930385
4182.962505904842 559.4615139245218
7113.567624012325 6428.092982115049
5538.919921236146 3599.1774743635997
5260.800525825806 5627.393334053454
8056.570231129466 2670.951646901808
246.48196047427072 9374.757471483506
905.8497073519101 7233.913812057219
8632.025787842846 1461.3578147321848
5258.602001906584 3139.3731010871707
9538.797937941898 5198.129614526701
3293.9227537316406 8748.142966670213
9194.581321067611 6616.764218469138
721.7321940554866 7126.900864772113
6107.794445813911 640.7604831067804
4507.009908495889 8010.412487835485
2267.7230215117274 6574.49158351265
3111.8934640636044 9866.836393471951
9060.030561417723 9814.894718580563
20.103030029667845 9366.224050432871
2690.334698589456 2559.5217730262034
2567.925890579681 2827.7101902582235
2824.6531435089896 7466.335341133899
7178.254767508204 1808.7885457419904
9884.031586734147 4714.777718123325
8978.945239701838 2900.454750570376
971.6896700587607 4724.2699428067
8484.01686799748 4.8840341735501
1764.532103643912 5905.45455914699
525.9937510405676 5897.7139553524285
1866.887677711826 9251.121339882404
949.9433314624595 8714.878713243452
4102.857964567898 9317.905661906614
4714.535835708362 8154.34549687001
4014.666965924397 4206.48579756853
4992.719407850851 5645.98168775352
4437.92652458774 5517.147161966434
6624.360667605676 2518.184283698619
1440.741676333771 2939.22003999696
8845.47851075437 277.7828762793788
2142.0965758926136 7127.043386227425
1603.4539846491336 7520.126016941722
1965.9810180713034 8821.739934953192
6964.870947541782 8699.146703574394
8741.23050342702 1797.2359853326313
2132.404583084564 1012.5956804198854
3723.0650790191057 2140.5948230779827
3409.445124855376 6995.520242437994
5090.836782624541 6620.876965469725
1085.9016375488739 2065.460509418583
7767.501886018568 8457.377028189405
3665.9055018941744 8225.718144977287
4509.853412926709 9667.231805861948
6117.892427842675 7408.454043381009
7134.568487024645 5354.032083090643
899.8090679626291 527.2495716644498
3473.6341101318435 6793.2121799689485
2396.9589147576453 1209.1694115232453
5193.7352891740375 6976.631070156673
5107.261859993277 6389.244615241411
3967.703737231699 4397.902157008734
3418.4753698457716 9475.687935217466
8652.140374568926 8291.665321152977
6144.180053236931 5632.049674705268
4103.841145996264 1284.1397115022112
2120.1124305144003 2872.9027607424428
3058.6720591689264 3468.931357584535
4109.67661928825 7132.546817734336
6100.052854226495 5291.217193934114
7027.247773677473 4241.602339648355
1160.2260440638702 5305.0614731508285
3060.1359239718627 6834.265022166361
3226.0035540450017 2862.7616216563333
654.8457246088379 9609.374289899
6961.697585188471 5101.769404227067
6530.5401649833475 2081.3439228242346
9815.460394139298 2213.858517633228
9892.370241058954 3982.3940825094073
841.2700388624728 4912.868948638968
5839.609500269594 4815.411621307247
947.3177018799129 3261.481422753657
598.2917266357257 5707.159161347755
3572.565946164401 6574.129539727414
4655.31596724673 8674.441133850913
896.7637820937435 9982.289393698986
1130.7517409817701 5691.231525209254
9605.219554830916 4430.0310318129295
5797.3392278220645 7532.646364321152
1958.1499764098376 3361.8557296788963
2040.947625370748 272.05347765026255
2455.4350790447434 1171.4816295504681
8753.02029051048 5520.48031480076
7741.129207893421 5599.388377379109
1655.7977584938167 9022.894432789652
7558.092501529604 8698.558311558008
8883.380574059498 1063.7988795254705
7541.620097066039 8732.008610194114
9776.453707889785 1284.9968353269746
431.96469677448835 8422.335841477856
1795.766263669537 9981.252264075336
889.1657366727657 3342.6447803045244
4219.218427168071 7714.978561443812
509.606264195388 7919.8648344412095
8859.681226404278 5178.965661945202
3872.2452229511173 5515.609453305687
7425.433560728418 5636.557698169472
3483.4779245626037 3356.360874275566
2342.370597546014 2981.5733910683493
1343.1011448039653 2703.917543511035
2866.9007430735073 9485.661463719965
7519.8696252166055 9588.668651198419
1140.718229985076 8638.667153841603
1603.6483556942383 1672.411747980047
3473.3960056107085 137.97987647922284
1192.1830036508863 2364.0634878658384
586.0204909273015 6045.722548720184
2674.0210456818327 4180.755505097515
6808.84240155655 9408.030778008853
3485.137174548647 9528.451466804561
2298.1971393169765 9218.566061552528
1745.327983274677 8570.355826946257
4222.701228438812 8508.793017959299
8721.460054473684 658.0317936949109
2566.005419043734 5560.4427159156485
1918.1698897763276 7919.281074177385
3703.1476293621113 1760.9761199022444
1762.6265815991126 7028.483727120235
229.8150465928117 3460.7507084405465
2828.4903804239634 7929.23252084736
8658.588344828648 9340.984502555824
1335.2088013891205 6335.739995616643
7543.5110477709895 9264.502537836037
4262.314658516581 208.63559748982573
7354.088066832251 5356.641520684428
1834.39746198383 9082.410448249078
9992.084580859228 1151.5772399669534
4360.944938135659 9115.91077747855
229.26566879028277 39.734454882719426
6456.259419650228 6043.9164439371525
3541.4744539933718 9964.823312200875
6518.171475523854 2826.987983292666
4824.222367188954 7344.442957810838
7010.293403775672 8728.400694332282
297.2219328155523 9526.078653012912
1571.062149753747 1791.1272344554175
540.0639080705005 1740.7139487355282
8263.845387028878 7244.4734379985675
6048.502663784725 1479.166131487185
4385.8944646411655 239.10591198467947
7960.581739964207 491.6456874616126
7169.94663170554 2490.858394100267
5674.095701485788 2198.9316342452034
6440.791943959648 8907.83841586451
9961.651168570399 203.94319994467392
9830.139010644778 2082.000192912169
4886.853986866339 1805.3819378410574
8506.626333218965 9645.487919823767
4334.915552618694 8940.506222047436
1543.8449367864637 1923.6966568498938
9293.23917046696 7821.990222729107
27.74854863974996 5061.134435309108
152.3107364135612 7684.215335503594
7795.850299551771 7852.817703842258
4244.481029754768 8517.226055303461
4304.112692313585 8883.060453560334
2598.0009391568383 7441.975599906434
6533.459902785348 4255.173874213682
1455.9262372712324 3468.379069725217
1076.3533174657668 5189.717558111519
3494.2815631589465 778.080896094382
4584.887022413094 9075.596774439431
871.1372502446945 1386.7319094380725
615.378549176574 7177.435500143331
7248.014702104642 9065.96506477919
3570.44112340816 7134.293172342953
8747.306748930814 7743.150393489561
5918.043789332402 8628.939587701563
4444.160932617878 9247.394934656038
3158.077663899089 6163.538091836167
5438.544743546864 7233.150118343027
2110.4661524710255 3746.731697225377
7812.9665392748675 6388.175868695414
2014.8681400540613 2478.76364988296
8853.607576859242 8620.503213466662
4660.542945682008 3515.4063463357534
7797.370426862221 819.4266364895908
9305.95780134805 5698.114422710559
2064.625420749464 1998.4485592040146
501.23724495296227 9256.957061821819
7447.19575598789 1153.4891004529657
2092.56896632942 4424.523476245855
6043.394439079956 1007.5653854162214
8666.192167489153 6543.140383956228
8866.682732732144 6963.532727498727
6480.6174429985895 7304.376942074916
1001.7947600390797 5049.375869080347
9539.236519868104 5128.955795815323
5941.93123923086 7415.920233554969
2871.498866328194 6376.827606896245
2312.896481478989 9034.737170874707
4319.345731236693 3071.3088442294147
574.812492593122 4644.3914668163125
8166.612382531568 2127.8212989467147
9489.317311117356 706.085921232379
8802.617547662732 5696.915517521519
2149.9122350635357 3155.1345938089435
277.1819943818743 2162.8960178300817
9195.393543575921 8072.598352608588
8082.828706528518 2583.5129859915187
2461.069485708649 9051.799980531616
2790.9368132067725 7912.819453872168
5769.725964470132 1997.3270767863937
1272.1318435609076 8218.438868123385
824.0723879623946 5369.526205279539
147.2164178196611 6286.125066950036
5234.665885295722 1475.3782255070191
7843.4571377518805 4498.640030653127
6602.0734696764075 2307.034713000805
6172.059213251098 5682.611104320514
1269.3014837161709 1642.1915178711854
9696.180107432538 5736.176289224752
8870.286967597232 3645.8593440426125
1324.8408091053032 8281.861907831582
4122.506896282084 7050.985408175854
5546.619839237033 9333.277857103529
5446.532097538195 3145.7729840839775
6508.020682934378 3020.8592428031957
5942.617739959311 5258.429058068869
6744.926157492985 7791.022281202875
6014.181420395073 7205.471384130348
3791.5634779028837 6174.740093234642
8500.296180049076 8257.60455328462
6119.924262605806 215.69172455091268
6564.081389022986 2577.5788560583533
6903.5947647573685 8954.768432107614
1781.1458681157067 1797.3222264302924
3953.4727382702863 3986.873130703352
4882.002810513342 427.0390963357862
6838.854711647004 4037.579721122039
4424.639196952962 5126.850643440677
7685.903530582658 9751.364438908753
9308.188383394076 521.9496594231654
436.51195050156247 5439.763935000323
9485.923976232876 6205.124338688549
4454.100767461971 5406.948416957334
5495.554522751322 1845.9078783361126
2278.901009007069 8651.847131295777
1497.064748804955 9913.49033482791
8063.7864999133735 7240.097951071614
8393.116495440978 8420.926232334275
2762.74388325182 445.73505116088154
3304.287862946409 9311.059736106772
4497.570606071123 8881.673540206233
9181.192364754725 1629.9823515127987
7694.421429763095 269.6807836678816
3657.7884262576845 2471.722078465526
2560.330629873977 1244.6776536790683
9384.953798133462 2828.2651600349805
7260.8526933156545 7644.840351666464
9030.66415868463 9941.887756582082
8763.484979292665 9108.126028948742
6892.883484123723 2532.179740078889
4727.548519784612 2477.476538137433
5643.5371760880425 358.0215010920407
8049.71653878278 2511.100493954845
1106.7026673158175 4975.173684835276
7715.400774173402 7700.875183556167
171.42656117349108 4263.0267872212535
4459.716602887932 3621.044061388228
6949.32921801152 9319.44670306571
7407.768223177246 6161.036284881544
109.43565892864382 8660.547202797088
8342.505664125863 2240.36325183669
9957.432800098131 1312.6072121337406
3539.4243512205317 6160.201220957669
7273.81404765457 7346.243241265429
9210.895970193336 5615.396530528282
7185.146734312832 1678.337160477371
5518.926008660134 2572.2802975892746
414.9576011975431 4555.110920208757
5843.66005772054 711.8152302278868
1145.497234415499 30.12874192982906
2535.9692786801934 2944.240670479392
5418.911883380097 1963.9018085794403
7735.9628015360295 9620.51681358474
6516.118330633205 5597.154168351144
8005.292281134235 497.5207019353156
4073.9364042791735 1587.708553463586
4499.625582515472 1258.0730476904566
1835.8089110636122 8551.33179044846
6198.688543145334 8443.529691944392
4878.695798913971 9609.778097292794
2314.780187481067 5025.798383069084
918.4987797902 8224.652638974027
1416.6931134118022 2527.297623915323
1868.6404498803322 8683.614664662411
9034.476797393922 4591.497161051
1211.1824720764873 7005.825088243386
2551.503634418777 1213.3372184478008
9937.136430512395 8746.43508220264
2043.8103083230096 2457.953973176723
8822.387203851566 1205.3064080284037
8392.70100819481 5427.779135630028
7627.910493857996 8883.039628248214
5475.123455474331 8482.23138451789
2447.7352604760426 2677.7792782967636
1527.3276229828768 2270.8452269301783
875.3691644846883 5279.159709154255
5880.853443455469 8009.83435267246
919.1619120884542 7491.136444917106
1185.8905331797198 9613.721198721996
3669.35907401317 2803.3475706608215
7965.581670646269 7787.805628827231
1604.3550464799428 431.0379237948869
7885.849869592958 993.8902357492907
4120.9246916685515 256.4647962995992
4478.849749077969 320.81422935952395
9382.976042175333 6630.101472866624
5224.153837399566 2722.9925973540503
6905.633198449478 1827.839942145818
6870.3059525456365 9834.299699749206
8426.225613976785 4110.78887677239
6670.385421732562 7621.269829046472
5561.022134664887 9797.150644298568
5808.7420906066045 5508.735525871612
1506.316910363008 3531.052414418743
7712.0808916807855 2292.6613589564704
614.7383028397113 6021.098238712599
3166.584568660743 149.07106168125628
4062.418328401487 3921.8001054442375
6203.784701087981 7354.609663053363
2019.9251203612378 2243.931943398325
9571.402835514891 4953.417936060115
2749.6279530376823 5705.247905595798
6271.401249465099 2536.6430352719894
6874.425935291957 1770.8914621769668
4125.996519935701 3545.043213566805
697.5443960986527 4783.2157333945715
3623.4074308497543 1061.7932640190463
5900.360723238021 7543.624389455309
5398.623041982912 931.7280447972387
4204.992589113776 3984.4333374311536
2620.48844558355 224.91300436698003
4660.643604193358 4156.645114538642
5284.931694493071 5556.559520016944
8097.470869911955 659.9172825113919
7955.157897114734 7581.955735344642
7988.999714835635 3853.896149800505
9843.162329721219 5104.2136422117455
9473.880524801176 1715.4817112313458
6292.926809465297 4664.279589859166
8610.04656551412 9044.473440327216
3704.1739759583393 9226.796015629921
2069.0979423079402 9870.44527678972
5726.582512964173 2632.0381701757224
3426.0007270856586 6376.580677175107
7157.864573870084 4853.298538491547
5958.957320310753 7431.59697812217
3395.1404692637057 6780.721052099885
3446.572965182025 9908.772607236551
7517.54559275269 2246.7392174787715
9834.199537691025 6371.483963718023
4119.031696874602 9314.90552616736
5838.615274768074 3417.5515422888193
8863.832641945777 2473.0421260840817
5569.9556538762445 6000.081129477395
5403.086558556536 2303.283843607731
9072.080324870754 4380.378475832153
6769.615018034061 9445.726040040578
7317.325192252903 2018.9095257769652
6658.881967642177 5229.0265468114985
4638.857287879039 4673.16174369242
7107.667761769308 2210.458995428711
9843.609549691195 3246.6615364572294
2998.007931754433 4049.545332503197
1321.0462769283993 5521.2854565585885
542.4664086297026 5633.54529102681
3347.7673191757194 4805.39887632403
6447.822204628195 1179.7172939485679
485.2335031246835 6743.242354063924
6807.770465639585 158.40344709850186
4477.650899208697 9056.382785487483
9941.251125164776 8312.635853043728
3379.3298976617048 2825.9283166921377
5371.533190663487 3794.1023127366016
5775.5875261954725 8074.602690648523
1932.2014656225838 6491.945236725304
3908.5367261977112 870.6672829367412
1589.7052714193815 2000.0136104391997
8278.868350309735 3951.060699999437
1988.1453168799612 349.82686328752123
2866.996991737292 7949.025670639958
9950.49184307021 3630.6460983807265
4501.706828403061 5711.88021350534
211.43977793568024 5924.697100748426
2101.70203934261 7907.47782287629
8510.625896784422 3604.7217997221005
1525.2292348924045 4143.297132820097
5840.944744181708 3972.6790259041722
9585.207018019877 159.98835733542217
1125.2205728626818 5462.559106893719
6422.059979800378 8311.596513679766
2885.501381177642 3186.910402928366
8873.725581680439 5507.570927912796
6572.764359396889 9475.823433712818
8742.063566306519 67.06007406702908
3140.8322687813893 238.75341588183608
8927.162327399768 6523.887116794185
6176.8181882858435 4473.708658647013
7285.80863369922 5320.982409100727
9441.42960216164 6054.964127158888
2767.645082729312 2545.9492125735096
4025.982249369787 4049.6114476958946
892.3104791626168 3384.823784635501
4498.987144634455 244.88652568314671
5953.121873277953 1808.9851537664215
6393.688012735261 312.3620727314913
5467.621602107505 8160.556540961838
3178.9462676572557 8091.735171849331
8342.583266707708 5764.534534159489
9459.384993586056 846.0722491475525
1980.827335032812 7471.272606062473
8566.713337544445 7022.025268053792
5129.473657761792 3120.8319377007474
6932.680953481362 7042.663981187519
2654.0130498886283 9321.110416414134
4675.111855197991 1967.215726432071
5619.853755091524 3644.5435936450367
1681.997398238867 4471.14269551592
5072.761568549286 6373.567329180312
1144.6330904223546 1531.6266703495241
731.8746307505653 4262.920399688199
7969.305399297413 8447.674404572148
6443.746744826827 2437.256494336253
7788.047797553179 9380.693290478772
2693.1304360003905 2505.425480693968
3392.502779273112 470.53234093970775
2725.984007301715 7248.173898042835
9330.939401207881 7763.619801690011
2912.4476856038395 4823.905663741107
2136.995229811928 3683.9728787757085
9862.300477639887 8337.536408455693
3199.7233995559313 2584.494005977639
6502.676947651965 9830.361833344972
3638.044265117756 8035.10625803951
6837.586869283292 1274.2536295598038
5708.714342492453 1935.9283683175865
4431.045958688122 8991.387175052037
3255.443461671941 8287.821555036227
2790.3946007468885 2071.0952137797644
4497.8031204561385 2509.28654605689
6773.641267773202 9818.330729953153
4062.088048191639 557.830446438553
2904.4409989615037 8043.618003577911
7572.307485897048 795.5586710267015
3050.5763116688913 9092.25295863408
1347.9966886397265 5532.8921160290565
306.58207808779815 5910.914429273078
1796.5575745598294 8490.950806985364
8118.411460160889 6162.731705684553
3941.350596839501 9042.28049856509
3697.8192710136327 8427.244074600558
6192.778678035665 4021.2468896937703
4596.387435471888 8859.58578482507
8948.112923326187 3139.55688056076
2943.9008655587704 3333.611401867985
7896.836536521327 4599.008199700606
5303.03399400175 7056.573607197168
9011.786921971772 3362.7125541609857
7352.079381698617 918.3532618612355
1122.4018153032566 5727.672325924154
1679.7183290826933 1426.1332533125114
3694.8817229738306 335.73925398983073
3860.5901866850745 8975.797019686705
1985.1047708520787 7566.613615370261
6677.693965399883 7424.225360014295
9083.64161204169 6375.695872944261
4867.411019754294 6452.052549175021
4538.232225191281 71.22952576471219
3085.211847050385 7044.33903896437
2217.6062267602724 269.32851626328414
7924.867499782 9567.000044619626
5871.53986608229 1322.1110766435095
771.2599778263351 3379.7285310031034
9445.562263830703 5883.309782140369
2026.6446601051791 6701.537722039183
624.7350464276668 5957.366062510263
8822.488770841115 5532.937013099288
309.4486692442389 2772.158128005231
7713.769509365011 839.1502411501284
7767.193638197299 3122.1512119474037
1049.8894346598786 3911.673846626793
1057.7776187221311 9447.901050074523
726.123694014349 850.8600575931824
4995.4782587257205 5849.480838703348
5841.784713721571 8450.108016678781
4390.137358297265 2475.543605849724
1426.0540180594749 5412.627081454303
8600.213899599006 6286.371372391984
3839.696404487367 4794.637569151045
4534.33392245801 7058.404889574728
4720.637436987799 5844.254753804563
9153.887158392274 3679.385515030499
9413.650529724597 5993.199657950474
9257.737725224317 7277.385703964938
7709.166716829325 6658.869034886538
5871.131436469783 4533.6387638131855
4413.483772797204 9727.183467751778
2914.3976295119055 6648.228473598422
4782.418963239019 5112.031321398108
4993.059907266072 6859.328991609211
5172.714066028589 3625.0075699204253
7129.483498265622 2160.8345059261337
2400.267772624014 3539.5459005425846
47.20750067306212 2919.855029331624
6241.5357312582055 3696.4252436236457
8222.619162165527 7464.696739565288
8274.20351988283 773.0283972199081
4334.6479547824965 7395.582780997239
6825.504823372594 3426.6193942532555
2971.672544333868 3364.516289582545
2181.3224602747096 1422.2936613594607
8495.844572905433 377.32414507239633
8406.473957345132 3569.151271734391
6818.5583948413705 6290.060109867255
8136.349830538477 4313.6290302285815
8506.7985764498 7103.590774697115
4522.341450001308 5176.822162152336
1118.6241752371106 7904.32413349368
148.2545720410411 3873.012232281212
1957.059428524769 8855.682958493664
6182.176217712186 909.5142669282764
8535.174024359763 1514.0662892240152
6288.024809882603 743.3397928749418
2961.1570700452603 1924.6806464410392
8893.281100564489 2158.071060563261
8180.699483009325 3446.7684651389163
8294.160891174852 424.72483589184765
8555.01917660663 4064.3934007485127
9776.757618831889 2023.2801374315402
4606.374814463559 58.09248809958589
6442.450273541821 1226.9311101668945
1928.9361346176547 344.3374137968125
5748.132373604333 6689.021297334162
7241.383437749882 3533.892393777799
1906.589486215765 5323.000570137348
348.6385585954277 2816.7976396788185
6239.61323830063 228.64206073014205
9383.633385162731 2150.8424680224703
1336.210823760986 9193.142010169218
8116.043715116759 912.0399776586619
6440.5290709159735 383.62254379219917
8343.429716547456 3159.7490712461986
878.8802613966695 2247.9393485729092
7421.241561288365 1975.7359499236793
9532.524893525739 5353.594938942432
841.6618763466043 8955.603416920407
9372.62671064329 4919.945049107298
2437.2754966317543 3862.6602670939315
8896.067535495957 4136.7754331956085
264.0693810754224 9698.440857170923
2935.5672416184466 12.718989617985788
4509.2842894141295 4000.7272256366223
3764.8291420676037 5459.874778540893
4873.1514973205085 8049.06794438194
5679.187720154466 3596.375955928954
8789.568546465687 1839.4244680049942
4304.507493572851 2836.550487590325
8579.279157027815 4183.7208101434335
3771.844454639114 4238.705572406228
5170.140066381807 4096.710720201262
4592.648525293635 5793.458151545565
8372.57365258683 1751.7163539674175
2579.04861043172 1860.9241965283052
8864.319903842057 4718.436559123818
4476.0324519123005 9802.970739669881
5017.115350366149 7940.158665521004
9107.093249809006 7.125196585168192
8488.947880787113 3964.352365706687
3782.1846397337354 9961.624941938831
6109.043314422768 3309.763737423581
4476.58989619353 7816.4864692883675
1998.7637842500394 3534.765719961087
4861.576132401625 5953.355441935376
3100.1084084880704 9565.866158954768
3652.473065008742 487.29945574562674
3324.5236571352875 7151.911425351628
1937.0746007592177 8336.584898842173
6388.2453128069865 5928.66689891276
2157.038095291609 9521.883057436631
5066.415072526367 8510.094555971848
8237.208759932084 8694.226576789057
5076.720286986236 7266.788475672932
1992.5736301332463 6541.442165789267
5094.332190112303 1008.6715765967424
4389.809035940013 8685.665090728495
503.4239152242537 9658.196399168866
1500.1505783056612 6959.93666568458
7406.57321871518 6181.930450617672
4052.5865563400644 5539.778093055687
5141.864845514829 1542.5541514211939
6381.131661859825 2306.0199559374773
98.5241382468971 239.93262526889714
5257.213172702099 4028.05982529192
975.4329396332007 1129.068429668002
1607.9618174312727 2482.1130705988526
5792.889144409065 634.3796717962857
8443.464663924617 7456.908539483992
3946.489559130172 3223.8915461931906
6450.8064617648915 1749.6738166551684
2383.0329360628743 7063.566501401967
4659.990647756111 2718.1445995969957
3581.8504984165543 1141.141955737478
7346.5925992828525 4729.72500031444
4440.994340007412 3830.484009121273
9908.271486884572 6936.814338513311
9396.221897866717 1861.6049617110164
5837.022836945399 1207.7046592275299
8141.736318587399 2968.134482076076
4106.328771698447 5755.351025769256
8175.154573517733 5103.176583749114
1302.1212330361664 1031.6984240259742
5055.193270479186 46.11971853440422
5648.7458662855515 5793.146755043555
8739.07523364778 9467.114202451932
715.8720299192223 2893.120279286522
2657.67895644243 7072.567801923673
5039.567558464838 6320.604892895526
3289.9620304670043 1324.1531640535563
150.51802050913275 3278.9004316932915
1914.2172269849589 9405.458401721593
3574.6365670162404 7686.731144598106
6942.220607524553 4604.556611645786
5256.077437832852 4384.24528890904
4783.358362187666 6087.409639645675
5549.930806002857 6539.326992604917
9539.330251733356 2156.1567571265937
441.6421686170535 2275.0313116644647
6996.042083049794 5517.990937919548
4972.465194321003 376.8491514319538
6357.817279191808 1834.452401806985
8985.02310931963 9088.893942780953
3960.0729503279085 877.6209392292789
250.31885563433053 6470.995441731836
6800.120420826591 2988.8236765610122
8797.300026615161 5564.077324443417
141.76660252572358 2217.115287676986
2838.350528252078 2699.0821429515013
2677.9095838666935 1508.930076051408
1068.843603398214 2685.1038467702324
4776.332772525472 4626.947607175825
8316.165190776024 325.27181174097916
187.4235747367392 4095.3483620730326
1523.3674048433131 3734.3275253634024
9258.555099139923 4400.283325693043
874.8949465936129 1269.7186371608805
2178.3836145255286 4918.517975168498
6506.576775033192 538.4346467285161
4065.3325554886433 7603.851395418738
4689.354416327017 4904.688755234323
9818.050542297879 330.0547763891348
8635.97292023479 198.95187945150994
5561.64154190214 7970.714078807637
8152.135543960751 1916.7231154315557
5251.986486213388 9790.49487239699
9238.379114828827 1095.8270036553363
5541.486967030343 3529.001266181845
9446.203481367904 5273.900843173662
9363.081521645418 3677.530314356475
7301.745572338854 9453.142531129368
8855.396521981698 3880.666291092243
4432.555551231199 837.2683812636006
1230.4104921064707 1138.8046077932756
7167.803568350123 256.02565502109485
6976.0296749189565 2544.3303796787086
329.50562363117444 2655.4967501735327
8389.481480748736 3653.320659654995
9692.12275006096 8807.817558197763
7853.456559513442 1276.2759039765215
1160.1588120241267 481.82855931219734
9495.437308449878 2465.534091640139
4098.140356611838 1716.563656522372
4911.673441806478 5783.652073636235
3444.6350240860347 9552.375991614186
3490.7754950605363 556.1880478028081
251.72261792833496 8599.886986587791
537.9162718732466 4743.9543535914645
3113.607539743781 5164.83698151033
1879.1450050856051 2313.9523672158857
3582.819382125162 8297.309666914714
1916.3331188791344 6544.841167636069
7119.716567480202 7096.685816732058
3206.787226032505 6571.933307983899
7380.777827142893 5879.081140384309
9557.581987812788 658.349995009051
5723.421939577538 1401.905309503132
1353.1785321230072 1173.1118505109594
9689.87489105428 9240.578648451923
1375.9113147130786 3063.5758984079944
3929.8563129961194 9625.32220649544
1732.4412110496169 9728.777436867194
4531.63211604339 6571.341848662365
7665.2900112032385 7631.8727278842225
3053.2420679773863 7973.604861969421
2007.0827141762604 3734.0143545952387
9680.474850174445 8487.803226217027
4826.146962852549 7888.643540813387
5885.434537666761 1481.9923685621761
6415.626357079795 5704.30918642211
5719.299725471031 1118.7768816656062
8194.284691510487 6065.779066784339
1445.1527491887407 715.8105193593989
5315.696485570121 1497.3370557586518
3601.510195754152 8932.769357129446
6823.525968546638 8858.808000885185
7784.462321126474 1045.841486034147
4044.1210105680125 2483.991736690653
446.08636243981925 8596.174710600257
5573.660994867665 1802.8227971067568
3829.0708782743086 7036.608621658872
7695.610825205567 732.7220522095679
5792.247605145917 7651.413402901877
2355.253264092436 6681.240349499854
3728.99966004013 6986.639175154449
921.5835523825289 2871.2346374979393
3040.2738727800247 4304.083837875581
882.8688190301548 8881.464883590985
9696.19473810399 5159.765357407084
4350.688826463425 789.6294408251958
3305.0454185566323 7108.181575522424
1788.2902215922302 4111.510136012964
1805.6369748557033 1746.5306438362127
1732.6023338313578 9849.02662325859
1408.8663130747836 5838.454388110878
7445.279573753733 6391.648070349292
5736.517043944339 3094.7584006829898
4406.6478276401285 7759.750559192693
6240.130997363951 7338.953021860643
8357.45109013128 1735.1424737473953
1930.0372521654817 7248.349943319878
2196.810243661218 9793.131312535768
204.3995825581979 2636.8408423218816
1460.8161441829147 4432.133862735752
2140.3988099211833 2333.371870565787
2334.704571491142 8490.98593779516
4994.4415306354695 4110.524237717522
3192.5649393812773 5350.734564340655
1855.5436655532808 7830.495238453103
512.0601062428276 8536.845717847056
3405.81260331819 4001.1683739781934
2677.644225592776 4169.400028408593
9564.206794070169 1272.8520053664804
664.2834683878096 9952.984609581254
9424.526129182339 8056.656673964558
2884.697819717269 9954.635609759021
6345.846788968994 5408.366618133983
2586.664412715458 5287.321193188118
1313.3814644144059 597.0616693446451
102.92719015257524 6998.103162440001
1760.0131063649737 3365.6279474730377
8984.785355384449 8954.246043517123
4923.512112873723 9790.685970149989
4591.43938567898 5327.190186484318
4511.7160964962595 1862.366073388494
6060.696181341062 9393.446297733539
6957.716306393758 4429.736306612394
7752.64247405447 7803.102516677301
8869.358097310243 4995.591454827248
4236.42070000339 7210.784329591618
412.13213845084584 5994.695423275407
3681.250182980439 8220.543815274628
311.7934388332577 3652.4622507854288
8116.352511689914 4965.293289348356
6922.8196796049115 2296.4515762326755
5440.461198640812 7323.045763907725
6381.074068407661 8080.94306411967
7290.1050880696 6766.356328908343
3243.8141794974017 1485.2497429350142
8916.87250479433 6148.009012865408
1217.448570992432 3659.31424424172
2077.3807581519577 8345.125640207081
1583.2091330265275 7715.527201144787
9605.690503989426 8615.51870848358
4753.173157256426 2403.597776662738
816.4155799845585 764.2502870916368
6023.836072199823 2255.693488660099
177.80369972398847 7774.997264534822
41.69859386430996 5251.959864142018
7797.56844036095 3429.969182223418
9755.100531836382 6331.921945241571
9180.277179346529 2623.756335704557
4698.796789584932 2665.1543647613275
3443.6118842471287 4570.637816732941
342.5385919271817 4495.009644614546
3721.832303992069 4911.5105845398075
4932.187211826064 3582.067266185409
838.2926437004523 9845.74546668037
2761.654562412961 9799.374184578177
1494.8751981104979 7844.916466555928
3136.2278158007184 5269.427479016931
5204.71795237885 2249.4893233833513
2422.6048837402946 4583.243323530397
9985.634688165896 1106.1970602654203
2528.2302883999596 9104.745842139962
5435.135540908414 8972.967561578143
2912.2869463101797 3139.106452980874
3223.974549663303 9099.916688354844
4802.965555576132 9831.541737001586
9273.667497026541 3389.0504164007516
5680.40021185979 5063.48545898284
8924.437806354954 1841.9682194190768
9281.919876852036 8325.924344626344
6253.559850798445 2823.9980631824455
1396.038116374264 575.0906092946595
1370.0933797063408 404.83314569445207
4533.862781894217 413.58801681894096
4990.511719608676 5279.881167296684
5201.374933819545 1590.4211798704016
7890.740075759265 1333.179933903239
5943.293952794234 6776.286336658285
3933.6469908125905 771.8707373834699
589.0094330543938 4845.876979030898
9287.033364594874 6943.861564214845
5203.325315107079 1486.843669186042
7175.688725964885 5444.458737123597
9129.529730730026 5855.438918292641
7052.098954736357 924.3745506865608
209.56700591254207 9211.772279165682
9423.900084074006 9130.67243810432
5775.8581177974465 4992.985309746651
2742.194221851747 1143.8420718227703
6331.574450524148 3620.55284823969
6733.356343642132 9518.342106303771
1970.9431681573396 9488.303156551756
7347.977843312015 4090.5858142954075
2538.423055443121 2040.6422215300079
2104.105934980828 8587.49029464786
1285.3567894855432 7625.858508731169
1017.9553289816157 7850.344762622059
8354.971250954857 3897.272399991242
7543.787223230466 9482.898385359278
4811.362705205069 3935.388950632975
5985.657298023826 3039.2072514780134
125.37250500670005 2977.100957777229
6697.262008311552 4485.919027081376
6040.015890282841 6663.378641458874
8052.117223522516 3605.3183132347576
7560.404268827676 6054.777422471155
4644.826596277378 7249.59256918812
7447.857140142158 1314.4800928088696
4475.208251417536 1913.4217083612903
4045.1696330515983 2921.486169968813
3970.5658041386905 4961.13233846679
3519.7662441767475 6551.945414326295
8617.404846979905 5026.303067123274
6683.739282275165 5354.530744394241
8702.411423182062 8595.840213345919
7434.531908187135 1246.1278586295366
4203.527012678781 1597.1943497802731
4557.29436968985 5067.018888238635
225.46521294041 1926.5160742564015
1139.707187137421 3960.1178122251836
4540.035438369642 1287.2029989780842
6172.33126870248 3176.714906735293
1770.1538367960313 2452.421467711209
1042.3068589196605 8661.574287106392
4547.434210068586 1121.827854181493
9575.494858153575 6233.116938027977
576.7726076249569 9911.86352138322
4041.914382936844 2949.816730283433
5957.348320655042 5700.624084257429
1111.5985413335304 6341.8262746860655
9337.98567798039 542.4577341330605
1132.756736836811 7587.236343305059
8525.834918447814 674.0801766293148
1301.394749679289 5425.269213850308
1020.841256857572 7753.13470969102
8301.31231651651 8624.092250558313
2614.495015456115 1401.7709527461043
8815.661060391527 6158.831801534258
3669.8662837881902 2371.9522146597137
6946.013843513448 5905.7538690737865
990.9419835472933 1205.8442093629906
6022.159941907945 4621.475175428329
4292.803687160846 8133.776064919648
8545.60766510759 4251.451614874284
200.19587001287366 6133.910394301087
2082.039268129455 2199.8882209470685
3430.5521126615045 571.8911465985788
802.7337009305679 6093.599310250663
4358.561574408193 5645.39090452634
2072.2313918174295 6785.24442530274
4512.873707422071 9977.604958099697
4989.286750853238 6866.750203485397
6721.555224281455 1135.3940426859187
3110.417247506555 5801.62359315352
4601.429622253576 1591.908779145642
6720.122747396113 6935.249443866993
6877.441336521633 6710.174443459758
959.1166271127216 6105.159869685555
5621.709190081149 8693.254159467617
4881.673424148583 6348.64544505644
3917.941749179814 9128.245527406145
3085.4659576798826 8292.981875577812
7685.410282288914 6745.5137819042975
5942.028438587305 1213.9215640384948
8437.681369184977 6321.2001231067925
6653.247481160127 5461.003195959295
8604.83925978354 9270.181337801805
3369.0519225524963 2973.613136422234
8713.930156186876 6408.3087407844605
2423.7319852347814 8949.62969835983
6200.887945978798 8606.88028904325
4383.092126243526 4378.869283666874
8918.207058499307 1618.9532459017676
8041.897420448843 6116.443039351074
2506.1526857486074 7226.238911313966
8770.849713382215 8446.52520354956
9711.305097858985 4036.959827978842
6684.586372230432 7674.925270257013
1464.7586544979451 7759.197693134839
6986.964789015543 9189.243688898876
4073.304287548758 2580.894005027433
9547.163009434029 4638.285168229332
4230.448893463672 2406.808049891772
7269.885609902983 5407.791958439787
3720.1289728972465 3134.3807392752497
3145.236575798518 7407.450234491428
8664.503545074644 4894.587756841434
3998.5841998607575 1334.5147054421745
3958.218588383574 6240.5106909446495
4908.007054069782 2042.2856565986947
2135.051670209569 635.4942209896908
2016.6769771308502 417.06490316447133
7328.870133992812 9274.395909276833
3039.8023788588825 1255.104102013055
9219.33434115367 3265.5792821893683
4150.516137687719 1031.4569235690674
8893.814883045698 2507.9381482340423
9126.36483964232 165.52682027552112
8410.486831016417 8216.3852477434
1647.8131053001875 5413.502986760368
8513.595894292717 980.8709454025644
4462.451803144455 9355.7608896502
4430.399263963653 6488.149054609666
9763.35643950021 5597.696231023446
7970.301464421316 6592.138278999983
3577.312345316317 265.35405409902626
5250.218555137388 4287.872549860068
3218.387672944344 2652.601644431599
3286.226383678528 7325.674294270769
934.6015693896114 464.4880376529115
5420.054655401072 6696.324069856579
8760.19635173253 8001.819712522682
5090.014566135911 3024.6422203078605
9283.297254958201 8844.877071950827
9809.453110219747 6028.034151674197
4548.496930606179 8119.583054437047
2381.851713549381 9628.200768380448
636.1789009323094 3267.328724216412
4360.1970223187 8048.3451183097495
8595.151255281742 6390.048741348586
7549.2674702995155 6284.8551642301145
3352.4328387422797 5705.033537926161
2953.000650947446 1711.580574956084
983.7974211965906 8419.350816412643
2985.110885487535 2256.458795735573
1300.9465333751568 2421.6454163162402
1989.657215852002 584.3941853515832
7095.949560487295 9589.472804335868
2159.2609493525215 3026.9253851229773
3580.8532899293377 9223.213077000028
6792.202766253267 6618.362945920683
1570.128377901624 6143.0051023208125
495.63445546314864 7529.718039651063
5775.889961729921 4323.027562581501
6420.659502498324 9435.884401221123
5220.587359993385 3587.8475620309614
3906.055563552685 908.1727802681249
6219.13237946287 3858.446508065616
6010.920932223134 6793.444136000707
9642.195595888525 8710.921930811599
5332.547600817039 9722.722380629442
3244.666701528076 7598.759777421722
8234.340386048261 4386.3118697922
6728.041761442563 3989.954685329625
2149.6090178529716 9019.082660826307
1902.764459807481 4883.155605479274
7980.5872863029035 5658.731967808515
2826.317746386211 5692.394106303841
9778.038730922039 3171.4626723727424
1115.1189795076955 3327.8541671918483
6865.331278188518 4783.669748804854
9763.049978052102 9450.523841122358
9361.872245176757 4914.86099330685
4746.708339570078 5341.466443850036
6664.319138417958 8476.175007827398
7457.235803692408 9601.83449333868
9859.987904575868 9480.513220737364
2570.8479912315343 9987.644637726959
3275.404198212418 4804.426444195205
5354.950079253831 1083.7176465114674
7403.951741176768 3248.5507190240082
9603.992315270329 234.0846124401863
5310.094611302372 9662.520573303269
2408.9846165319764 5171.542743792462
7273.658406886822 8831.931762114473
4786.851588281456 8126.943406764153
3916.1784901812866 4069.063671692813
7830.581985787097 2849.1798151172434
6342.332115507484 1005.7133983710997
2488.383564010037 2929.733714787165
2932.992017740883 7955.63562388897
7339.826698272243 2101.0331672690863
6342.452007192878 395.71943946304253
2809.2239794189077 9765.760242792236
980.8911652399177 8609.179824609375
2141.255042238394 7914.643440735161
804.1611692909889 4340.671784069863
9161.11839526856 8803.15529090168
9586.490516032058 4432.390612547041
351.2492045708071 6282.926501386571
1017.7251412994392 6841.846214919415
4098.917073182364 7521.584057800166
3945.229751499031 7186.153506918135
3103.773896883144 5995.105304302809
8871.59891438658 2014.3139939473142
6881.695969527473 1099.672173698757
5422.834055329412 8378.104731089003
61.02253383388212 4505.403421289517
6917.668625738898 7953.835535001434
8739.56621863663 8462.227822499772
7397.226682909262 7961.371478454975
1555.530213916103 6668.558679090129
8515.227628737717 433.46203995490384
4322.734664160611 4026.31356602824
8542.458387343073 6007.554412996306
7090.322264118745 7631.22001190484
3405.250084488166 8343.915177447148
309.3772895358926 7685.234345331097
156.21708977180737 518.0175104682561
2423.654779146487 3668.2923082109733
6566.5255554994865 5291.801360668707
4648.889819990802 8069.503253914996
6632.478238675563 7037.543826924246
9964.913457904784 7253.287512620796
705.2169274757824 4269.727052624873
2417.0756334412126 6623.846417023294
680.8591713218715 8234.424610209066
9708.232904884297 5151.749817508939
5229.40208527825 4812.374412008705
6759.835178193249 2539.31073249145
7394.240380738719 4111.038776499166
430.39651516929564 826.8122365699381
7060.164723756018 4552.602441519763
5901.918748437568 1079.537669926548
3766.2163308210593 6008.990242032793
3379.5827614888053 4945.951426462617
1130.7956880821457 9591.634963415878
9697.305995888837 340.26308395406437
2759.9362642583123 72.86199475216581
3181.5170334596087 278.00006035857973
925.6656794377138 597.3975293962508
1697.7715698633876 3981.1076538879274
3529.9017437109524 8336.65193730885
3189.5947729340246 9769.48011777863
1910.3354145463336 4045.0663032367584
5216.205405049253 9968.720960305021
1898.2783161856232 8096.951248799666
5005.536471211918 9089.321833458263
3204.461169175604 513.8922898744191
4361.242504407415 7870.33807393311
7687.287221473021 2736.9284340391555
4397.1358761873125 7431.027422795069
5349.06320971813 4454.361043635493
3519.772450092019 9736.816808233974
8009.23937747538 9665.181223346255
8339.667563124494 2861.343060020506
4519.715117474442 2339.752644914491
1263.8841603806106 2114.212201410736
8115.771975352334 3533.5206092382787
407.5130564656182 1004.5047086540083
6037.219796116897 8616.16394064368
7158.813815822187 9222.955112622443
3907.8532700732803 5397.74553222537
4242.5694956963125 8351.113904307094
2527.332178613664 1365.0540380642929
2448.45512337861 9843.69619200071
2708.1155267759827 985.4764509062463
7326.002640374525 3980.7142302960306
4581.093455516389 2092.377654842211
8094.99619098266 2948.875329223104
1397.0792498279184 3735.1035518435715
9779.907834820066 5987.122872497216
4267.33646836163 6558.36753855677
6149.244192945061 9619.084024219972
3514.832752809479 769.9183559604261
5425.440057017836 1395.585386200603
4348.929250757996 6062.029142995122
2928.202471162782 1283.2775810197816
9429.72743960068 2471.4875316742446
4823.97615069155 860.813798342388
8554.31330617107 1094.408997798222
4976.458793869343 6821.90419578058
6175.65188621499 8816.331934562644
2527.872376757717 1934.971185983303
755.9039775070742 1774.7007784547718
1287.9514285361847 3572.0105967275117
6059.448297311661 8139.974824678116
3267.379265529589 7194.663972000803
3406.913595326665 1983.250587694958
7764.673315287774 9773.388103294325
5640.033458454626 6492.419226567961
4300.27459620085 6016.007686564715
8088.159916912444 6605.52329461194
2388.876750608552 8494.821518903627
9180.783809241633 8249.120096749983
3650.7811788445542 1286.824678649805
3516.4215115970533 3801.094795324237
2085.3423694772687 5579.502564015455
3176.7535384000857 1141.5116362293343
6464.32646566095 4845.038110544529
8865.904765243811 6711.729880838556
4750.272377015249 6648.670338384705
1058.2804830958103 1371.1517620225732
4204.712529354875 7932.32615853325
2754.382892688034 1522.6103524088007
2423.3750215337413 702.5437229066878
9672.54910608026 6971.548620128445
3920.2532118589215 5452.095611810574
745.5708114671811 1290.7747836843598
4079.697056317274 357.6041121719709
1644.6671955675463 81.72973830114839
7305.443926545031 5320.841847543147
6719.2976812582365 7454.831962240175
9017.772150603641 1259.2943566852878
219.824741902932 1295.6162423740313
1784.7282932154906 6701.9522134691715
5961.0392487169365 3440.0130605662084
4320.643412707735 5709.195360607723
5688.091859431594 1751.2666832971568
8344.918520848309 3411.0192744103574
322.3742608288882 7272.620918324298
2366.3259740931207 8045.741967145979
4993.422941030573 1124.0496948870382
3342.8390073001856 1281.7271380684658
8303.925074810386 2617.94334859518
6864.268765914026 1817.5424831744092
8628.42488228823 2187.811147039076
4014.7492513781513 781.3690463366762
5412.34620612833 155.68952047591344
8394.382107383886 1288.3619105916555
1416.4570843347346 5108.0973240809935
9914.113981861197 8665.061310143103
2642.9248914848113 3707.0132760124484
2925.188821882825 2312.8334595150345
6282.621146813737 7131.493609035878
5004.27816350489 4957.7192991430875
3439.3516713886697 8027.187127693348
9287.665127631186 121.96027345963367
2615.205650318745 5835.148175594387
7632.6138160348 4052.8503569821914
1982.2290179672996 7677.986547658453
4081.333116660786 4057.469780936882
3319.1472925456246 6600.534282606053
8112.697572760452 1217.2330042309766
8157.875640112025 8893.84956144722
4989.164735917536 1794.0817840557188
7163.0705737351245 7475.521492453097
6141.083605135649 8290.54244061412
7058.993225011577 8855.873716132111
5977.864076116094 8088.756200333979
5521.470201383222 7088.813952970872
2775.2340436465083 4868.984183548587
3368.7537697076377 9287.710443772756
360.0858705234122 5595.97836455348
5113.59654714808 3780.8186882035334
4199.168466615042 3761.998760339781
3479.8747832676545 3787.4244779717237
195.15738182089848 7788.149967534795
840.6082514255997 6615.008072629339
7003.395853898319 2011.1010046839672
700.2396936450006 809.3745446715261
3004.8613557046265 6520.141079973595
5322.553873144271 1433.8375714990625
7205.691098611658 1259.9150121807356
1396.6311123507114 6710.1832084910875
9280.846548821053 9277.074094929369
4236.745115629391 7623.281506311572
7739.280442431404 3764.4683800096022
2428.134514524314 5772.854852456141
6760.225968389285 3644.3942175445445
9059.083898616384 3750.049939726818
1634.9929357167048 2832.807008991929
2720.7794659873107 6623.106170648904
9945.926872415766 9039.29368480033
1309.9061797923107 2735.5477253067806
623.9478759413075 8982.994614732908
4334.977817512005 6951.971206369524
5848.35363642787 8242.552166996908
4905.905317485964 9730.640828041342
1387.335400180595 5608.55755551254
877.3211550118265 958.7424096082365
9424.925971010372 3769.8525616430625
5719.696611286907 8355.289098404512
4179.8538521513565 440.43964516098157
3608.3034078909727 6428.312056100694
4694.057693890628 6621.638878273853
9948.58573770807 3467.1106804037686
1053.367283531439 1594.52659001173
8097.5263594053595 856.9754272595964
0.13354896738149158 7450.574754329109
5394.103835259355 1122.939844071139
3407.346039504493 9493.80628278993
6777.955227871391 8540.757634563519
8406.052628790354 2685.6689280823452
2253.872924622301 8897.439474051085
1092.6508825305448 8454.22332593058
5250.7827331268045 3040.328840457296
6689.895222333246 652.1270283167646
2527.3604694855967 2222.832761448639
7795.224125828235 4223.294091689733
2692.467103446561 1936.5671516416571
8922.279185875717 5225.992802988257
9637.090712539179 4913.814809052197
9926.252775423627 6260.5413620957015
9215.505492056078 3290.834756370378
3100.968246772442 7062.644479565582
2366.870474599613 4541.707132472492
8745.360670246313 6048.814781597575
5534.504607660285 5724.027699219674
1819.2912598731969 4938.202599259308
9718.595635754195 5821.92001414312
7943.397375842539 5225.5556439174225
2789.1114437411125 6528.463002302982
444.9404143075752 2242.9186686141743
5789.198296176445 7678.7792107189825
1411.3849190053772 9823.071873434435
2875.369114791553 4726.664942006179
8785.705398741487 6165.601492217093
6269.298078785615 2151.787409741883
8422.181401712418 9406.882989206099
2137.0542022337836 8491.113519664104
4718.710405231971 9608.147922292268
665.1206261409204 5807.375669510943
5951.430404780605 2401.200688437244
3768.5656100784813 8839.017456794101
759.7134384790471 8369.236304545928
6845.243848016701 6820.212332300606
364.35231390225084 1390.6038689265542
6780.92155659026 4016.17318868549
7049.032053886355 8636.250473619268
7013.738324810473 3388.1296367529303
3194.943572745439 4686.973056749156
1882.4309022202247 1483.9740496058673
6730.657300909267 2324.490565855323
6711.259219480422 1644.730378686331
8244.14766988085 2950.7471565241917
7125.597600738976 6923.631644963778
2201.119473561566 302.73962032546063
945.6555816236612 3733.7389439667622
9723.554849015716 2155.5623496253706
8671.826187464581 2171.670846973811
3204.6657309258785 6044.242161315409
4053.659537292429 9209.156753003548
3671.19949019753 6685.338367363416
4525.484632827241 6500.762420820455
251.31579724212762 4742.162466617803
2395.215809235692 5425.286664033264
7366.013120043703 8852.872933073846
1588.8918046129274 8159.954494349338
9334.354090785675 5428.581918580825
1482.0174139246067 5080.688088387408
3967.498198863693 3629.0084825519375
8889.789666923842 5588.365760695087
6423.824416603601 6136.099342463825
1641.8049253112588 1580.1247572040634
2107.182803398162 9871.431137204458
2332.863212366978 216.40453260088012
2712.5869879311235 4641.095740706253
8819.99731234752 5378.568010366363
2658.421278535895 1842.167007935448
8826.871757281575 5268.573036066036
4091.502197723048 9827.727551178186
9620.213751870182 6971.319409773131
7411.101796296894 7302.837964804052
138.95109474383992 7481.9215836173635
830.3026187557927 1211.7088694433376
2185.2489849553735 4694.31279100969
6877.823287739152 976.7366605594541
9327.653338909351 1154.2150695786524
5940.71564207812 6662.946837608628
7020.065418144555 7998.659779041598
6958.104250699497 4666.786891898608
5106.282688832901 6435.874266965651
3198.400094911281 866.0922044131158
4358.365357208918 9363.501936737362
6687.188357717554 7818.450204138926
1988.092976750625 6279.752356724175
8300.258726236036 9558.066949450396
7174.303371104845 511.22887797715566
1796.004077141009 4816.640874343895
6564.907091609377 8962.812521699932
9133.688932591798 7081.632242775957
1440.9032913743758 1089.1297609844619
1308.8465845225194 7805.711594204109
2770.721535124976 5593.767110563535
3634.3345809008442 7294.058558287807
7736.742750369727 481.53622703900555
6905.3410399515615 6321.574446403258
1481.860746008432 4520.740106259934
6208.901673371855 369.96188268412
802.465218701649 5916.520698435027
7273.250665554191 7525.016888068368
2305.2393087412006 7053.018843129604
6199.59884865059 537.3658267294256
6148.68475497069 2531.214284825115
2178.691157495615 3325.2769625048227
7906.29839617207 1410.9520134049435
4366.768071975164 2286.055592289873
5316.844545768204 3559.8045610291983
3480.3167293636784 3182.9397624954104
3728.1776170548055 4318.062216909168
5866.264943881806 5087.282633293623
3894.5919903145864 1308.276645885027
2814.0367135649726 3881.2183977884574
8453.683923933366 2149.432404341173
698.1530116430934 9163.885740559463
8887.233121355126 2079.958515772001
8174.827496071014 54.67932938594933
3061.621509208635 6050.42738992208
5103.273673652914 7349.889400306465
4546.827850082222 715.9380802040172
4122.201765884259 1764.4789740411527
8829.044866334136 7939.817308873333
9884.255390387882 578.6415055032934
8260.491136384371 2914.4070671644895
2835.8970978465645 7909.169131896676
7130.995889236617 6811.361438787238
4127.523121607228 7038.554473619643
599.4577723945704 5992.999618108278
5748.3477128050245 6760.138960236355
6389.290092635409 7247.9169506798435
5302.87088385702 7535.511179386147
6130.480127469447 1258.187569343625
7980.499124077808 7410.7502267180025
4021.912751850647 4562.134957594746
9217.16244576004 2100.997297433642
4091.1130407989117 3645.792049574361
307.53271798456996 8428.233490554641
3744.5878841058734 3477.804179716798
5798.716722163683 5385.026157283925
530.4570724227875 6796.677170111593
5881.057220669253 2497.4051487608995
1076.0825835486487 9765.909287730077
9188.94832355107 872.9130116970873
6016.91601248775 4231.686108087387
1434.333875462428 8345.267706019948
2398.808961442459 6749.461188641034
3117.818257165753 6464.967577562389
5514.5330794926795 9789.882453453232
5197.096827865157 3735.5567070605643
5426.287172328988 1091.166241295396
5039.662926575247 6458.161079785517
9529.470722558286 2994.162111984796
6246.529805454477 5822.296019547451
1429.030511015361 4777.992932408413
5005.959480861848 7468.835837795309
8128.19257251044 7508.291557024176
2520.9623034260007 7651.42617297306
2070.415837668015 2716.701584726744
7751.594542578826 8335.515487767949
1928.9129783537207 3349.444055174683
7222.848970776956 2099.5631947231464
6204.102923571003 7854.399278926042
8971.194440166282 6540.881868534938
6667.875579651022 6020.287945045827
5837.592949153588 7038.957044646845
4484.562473057506 8238.179525892254
9262.081962308008 6191.9780798831825
442.0237436825369 8224.694943479024
8494.777529918443 8017.707312820898
2142.279021875567 2927.91296881003
1710.4226028010116 5097.702176591565
5229.623796359326 2331.128295298779
4898.365018816361 7244.299246868564
2775.1872008981295 6176.250365339785
1597.1195764719814 982.6537636271448
6790.4067814912 4247.774941223745
1552.4315696372182 165.5263416905084
8507.90704389775 1789.897945324923
9200.02556660137 9376.394454072512
9546.787516715773 1873.482041523068
3508.9929274465494 3426.8563739863157
4370.339137976041 2086.231684222988
9169.02653558165 8217.188255003504
5547.726308159365 3788.562998627876
5364.490662345942 504.30733794133874
7247.183432723069 8359.309917149983
2450.5674219155494 6709.278149023083
9116.794997863064 6349.532943754305
8731.49569697948 3796.8956033813683
2249.941836144533 2269.3492691097194
9238.176917926014 8472.769183501452
1286.0086082252908 9851.839054265349
5912.195057963658 4468.7164197763195
1862.9707231118987 69.72220871033996
3925.5561593946486 1525.174558745691
616.9865671741337 6924.643953194363
2000.22424239246 3829.720950040577
5715.141621728177 4085.544255677902
5538.793811412648 133.68899217869767
9511.005746896328 8821.73046338396
137.40464758993932 2544.2533102724606
1328.676873916791 8357.909969033075
9624.269028899702 6077.252778790614
7609.507884225797 7772.584105017962
7151.9524040696815 6456.406807491451
8696.718610132006 7867.839413247278
68.80544662709598 9357.469409332287
6386.62190188509 6057.720342401476
9304.719475483804 321.2663532885274
4041.1970149345143 3254.0008602610815
1828.639092810872 897.4356216597301
1535.2685415600486 4972.31810966734
370.0286716551138 3231.0957239075988
602.5591290570686 5438.2695620360455
8043.762561547342 2267.5511425417026
2248.402389077163 9342.218351119549
6777.665897166671 2025.5329938889
6812.918129733487 7073.1855948079665
7514.20573045364 9977.36841094968
8996.962204436872 5756.358419117665
7042.59269721268 1474.8589977742288
4704.191561979097 225.37485654369306
1014.8204996862308 4372.542909125614
3906.0844134548224 5179.693838149633
5208.940858563022 2525.3986452320164
3902.784811811437 2208.9924189733324
7425.126187915533 5675.951321486689
331.1482150727507 3110.6801406421637
534.8519038279776 2396.118230468559
9062.385388372875 3983.255221426475
3150.782539888959 2212.0349439128504
735.2109608871149 2947.3712750450863
8144.722864346382 2815.4820630562895
1086.430489925837 8028.122339268765
813.2506319450162 8353.433998854349
4469.397716102955 726.1973824666734
7875.42303252891 5187.630443458344
4991.810216932654 5112.188547568744
5684.205128337883 2228.9748236592554
9557.80760726886 1897.4892457381654
1043.0422594158972 3976.940745758344
9765.367789603632 1866.850083343552
841.259143310601 5732.071340727278
5088.500046436626 3301.803490005223
7356.734231682673 2100.035493519824
8064.760399724059 3580.81048768178
4521.566726398194 1868.6047885465384
3312.12053137505 6011.120979625152
6706.216262427291 4614.298967766804
6115.243618765673 9128.983270423705
5649.861618195668 6983.343196725492
3049.7333583124087 7198.972266950189
3049.4904455839423 9491.965711469276
6653.93978834365 7449.85741605202
6017.49900770574 7903.963019454721
8511.418339133837 1703.5578439099286
127.34480257051928 6768.840606879991
273.15607173945546 7485.387912397154
89.05975806510646 6541.736422167519
127.19774192106902 6447.923682989921
1231.201431681974 9856.718583972048
3014.3107299054705 5997.471583863222
5913.080329991214 6987.9456672585375
6491.85524062654 3381.254528607286
7750.870065320529 5308.560432574045
564.0338222123886 175.07435958642458
3113.4721165792967 2645.0881681352203
9025.208696926746 9105.349523299683
3728.7721829292286 9825.491509853591
1904.002907012029 4446.068842621601
6438.190960100044 3431.933284932259
3449.3984855410777 1850.338233885973
6147.197735504387 5794.682572460736
7766.07718556176 3407.8462989120308
5841.720936956682 5601.494207646384
4684.756389810652 8963.704418729707
3175.1553827224798 9147.179152453125
1744.2893977844965 5290.767967108441
6577.932659911201 9210.978160690085
4265.815512224675 576.678357978585
5101.381651318296 5824.737439715693
4415.263905299409 2868.5118358710824
5279.882046383663 782.776411976438
1879.0240660204993 7612.056966778194
5180.067308046707 5644.733015490927
3318.619003598663 1229.3849306214634
503.1083863239927 1195.5554578884996
5123.726547282907 4797.5209324892385
115.86955961450762 4852.203305458938
4148.915267788576 4322.657777918209
8708.997136919561 1344.5154120995594
4097.972098930788 1848.503998087242
2414.7650201534234 1148.0846580595316
1010.7172869962278 4693.986842592731
9164.767097201833 609.8749579409935
9910.717663836058 8484.683558268105
9327.312878184603 7482.710355419353
6088.325450959358 3323.986001661707
3736.648209379221 5672.645390511135
8721.981938666862 1444.1488080256258
5610.886854430187 3403.6290469659857
1581.7453674179505 8984.00994442563
52.80852237237732 9716.758249122473
5412.5175021825 4159.314492637266
9837.438304370711 5246.806411319207
9260.453436470516 9023.21227640395
9012.594999757108 4556.60884276321
3484.5633135540356 2258.639553562283
6473.355687920644 8960.273634360587
5486.523850833477 6000.939800905783
118.65184849174315 729.0753262931138
295.2356412122603 558.2129822414972
8457.98089747569 1849.2854345658427
2058.6777088350473 7078.52761853184
608.4748666522921 3089.078535776083
9224.125950790469 9707.271764238238
7507.344015919652 2032.0472746934358
5728.818093471694 5584.55435773816
6861.968094255394 1947.7457424422762
2876.6640361811615 3151.712108122645
1869.6819877334958 6895.078886756327
1742.6127729340458 6667.622698297986
9061.564320130434 2292.237051677103
3924.8103774199603 7579.653551626658
3759.3013591840927 4337.272333760103
9255.686960320027 1450.7280025652126
2581.471035055085 6126.301406326013
2686.6407032816164 2513.12540961632
1195.3476650088357 3091.7094254544118
8976.989203552397 6601.273585359024
2082.60435269112 5470.62159126466
3046.3838365749652 7209.93090957781
1472.0455663813393 914.3005113769887
5890.892619701055 8730.800876296995
6789.775245249538 6062.012292796911
816.476470573978 5539.755275414139
5986.970156906053 1928.3065627107976
2409.5944702214756 5538.491291762716
7927.687858707069 4290.531727417404
1143.1973701820718 1998.5794382424583
8653.914360990837 6913.809173936786
9807.374428664503 8112.507548794594
1792.31403098568 2413.5739482391436
4057.442783621658 4525.462431239261
2626.9120217814766 2831.186148971824
8288.278039141735 1303.2325046805893
4434.20802474806 9585.99735173385
9772.206079786756 2285.7545197524278
2561.9819755362328 367.66199664010514
8538.784003468181 1582.4707958539198
6430.319563250442 8745.358653753912
7828.323918591295 9084.801218000996
2143.153231165011 795.990031592112
117.01874052841399 4302.67426560096
8720.872533667012 1891.3106141984981
6690.051745933496 5576.206874598316
9099.336030270637 5934.33086066524
4530.083784827824 4770.255783624087
2987.867818856288 8798.227638392049
2892.0303990683237 5928.713135342084
2438.59927894583 7496.391177863383
3351.053134781683 47.04998827911089
2551.776355385009 6700.121036310585
1339.2075825838756 7115.759698908236
9126.41830709951 4620.881165944437
4227.207533313967 893.9887582797135
2262.982592413464 986.9073971718257
861.2751812098473 1491.7873677579364
9934.453819095053 869.3589726472073
131.06733617279764 5771.0483800665725
8364.540351438472 9451.091338983868
1623.1857971248864 5819.347606145014
6686.427556096045 4481.518547889903
9705.783723471266 1307.5362921394328
1802.8061043753285 5123.926761120715
3493.312085694197 2411.079874131771
5627.652330152528 8176.988192384602
9056.453262621762 6156.775043102059
962.5101053530071 5240.117039955509
6970.807881461658 550.6190868553696
4144.784707138055 7292.699307749558
7838.9201230267745 7649.248737015084
2302.828233035552 6370.118370125584
773.7380410890804 8856.497671702376
562.3579240648003 7544.889643825672
4997.622978572983 3158.275637777006
9871.018331605224 8259.108256082105
2689.536665619119 1753.101219872396
9242.660561172179 6204.802395924132
2004.0538040181011 592.2649790651702
7170.181001493905 1411.6808978068207
2789.3563819235223 5712.744216645163
5715.521907077492 2977.144479136097
3947.3899971598157 4927.6242592601675
7357.710192620242 5961.333636017071
607.8721455093561 3432.9258154074505
9064.566929680885 9370.364959902381
1328.859954824706 196.37991076290052
250.99407275969264 1863.8047851312413
390.10217003905166 6612.828041934889
1296.5042498046753 7847.819430665611
7911.409867560017 8842.56994902973
7116.9295121481555 2953.327689868093
1006.8074340801769 493.12034279273996
5920.008018602615 4548.878402076385
2476.226273130703 2861.475141519435
6721.813115637999 9900.86051418827
9640.032593958193 5823.132640833294
460.75776627138464 1869.0461691281569
4837.68593350074 3635.749462545783
8618.169386792304 9613.359057143021
840.3508708151652 6419.4586509856
139.19719760568384 9688.149641302687
8968.287947930137 9882.511531352045
2145.081413927751 1113.1486025655456
5057.377007346428 2980.051395797736
2437.575480388592 6535.66217749048
8585.135122012487 5625.46145018576
2118.5836939164947 436.4633637687199
3245.10706252204 6317.8764737234615
4782.834013815307 4482.222735331897
3049.525689266374 2606.0839201261997
4688.682260240022 9590.212733934257
6643.651449445014 5678.181666852179
71.8988701806722 4046.4142581562833
3931.2174132164955 4048.0016789138194
9339.562103634376 7106.036868386768
3338.9219963099413 303.44806854501917
7265.944653743431 7905.863620821575
5088.927178234577 9188.539318970288
5509.54623225589 230.71565231518764
5701.834592736594 4910.084223402411
6780.189597468573 4701.724747951715
1618.628618616541 491.5632434918871
4807.367477293869 1291.9929095827576
5308.591554203378 2240.9260013343537
2895.785182869116 6725.608194449824
5521.209627567355 7955.656999241055
2301.318061511645 3278.8765534267627
4443.606235430727 8357.603772664555
7920.363903444816 7778.020068383184
8441.05371118032 7431.697222378183
2857.835428939239 2175.481675589848
5786.630225643189 8836.84236275448
5323.806147259128 9987.371276437967
4327.105166437053 2363.890851568773
1006.0895767164391 6087.472431806691
4385.649009321562 6534.751851305586
1575.7892976112987 878.6218346849184
7367.984208983318 868.3368330512975
5305.1358262334015 3700.1718808562523
8517.10486075191 4083.1747693315933
8911.681144931985 4480.619958255236
3052.709869038589 2563.1748345460205
690.1908984927741 7107.399285887876
8535.01233444218 6782.15304887131
3753.34257150443 2761.200896185276
2708.598047793197 2064.3836711494823
4774.598987555268 6550.0948710173025
5310.5283234629105 4052.5724553242094
8011.396610250612 6179.107236686083
4367.8933722147885 8561.290842507808
6584.048304695893 7103.80011006857
2363.537800951768 113.05344541473805
2995.5329370036875 4641.79244534669
5314.700228961221 3385.857300023871
8699.601732394747 9854.051081766282
8287.818632448789 7045.1455101152915
8159.404972011991 2658.170479114339
4163.772881920307 9989.79832185081
6286.101837272124 2598.7508075858177
8571.348883981997 5910.89089079581
9406.685148323 4975.3755482404895
2822.7286384632143 3243.6054339908105
8982.517233853132 7616.580118222737
8413.31755487869 4086.818080691179
4184.839769623486 1488.5910692396887
1189.247917739662 7471.5273495252195
4130.786152429039 6540.5118473018665
639.401787693028 9478.428690274402
3093.186109457826 2713.014190730174
9934.819747177871 5136.579111125835
2319.7274066501504 4875.491251048595
5316.873644893605 4779.241441388027
231.7938449529333 9607.01605279033
9226.599595255473 589.6339071005518
8720.574092576828 1199.340821526117
171.0989831609977 7438.451429797912
7017.794296535677 4035.560361903795
3738.938737256562 5796.668459756763
6190.697905143492 8585.958874166276
3404.9880131660602 3501.2726678527974
6695.6590452305745 8662.943943900216
6806.15034844758 7458.217126887945
8622.08320355825 8289.867767517782
3022.9658126260606 5986.0227174659985
9268.011026494614 7563.920590365737
9068.071297869805 7435.101964382318
5511.11476278535 8231.178379224602
9261.020219841022 962.0128802485217
9073.529895694424 1342.2713393895835
9459.987295872696 894.4996277060835
1226.2430364988363 1320.0331781634466
9224.389936583548 6992.307150852483
9738.514987700022 3045.88421975437
8898.477760882695 9090.407368371141
4950.084684672715 1159.5863956202645
5334.459729781842 6105.410196604456
3728.668038229429 3667.4035446984353
9514.748431060745 6192.570716773297
9772.527481108256 5166.589372381775
1686.420568980207 6959.951965330214
6227.657871831286 8519.514988107503
4787.01009799989 2077.936374109578
1911.3963854882231 7648.640851220625
4919.258087243854 3366.423447503392
5569.03063975005 8273.926007723323
8423.469625471085 5498.690893103924
3537.2469895322533 7877.1623195289385
8699.634578567086 3830.034547380826
4948.024906834494 953.1046444769343
2347.4914068511375 4540.949936848548
5178.846325592831 695.1667397465877
3421.223374597544 278.74985585580436
2639.8604606463105 3663.84006233031
6636.496541828 3788.15921703087
6185.905384620913 9698.877568589252
5221.061186264595 6640.569479895857
451.0551500405302 5361.687932239838
6766.157811511556 103.26869710370002
4225.625194485817 5532.262900949722
914.4783707116244 434.11422306922185
2630.3391479152137 4435.359628782836
6011.456912981234 1443.7451104762588
7289.618048863606 4333.548270494267
7950.171591533267 3036.579962346626
9965.72593729112 7400.122887914717
3356.1628519624487 5623.483112685
4187.76804735855 3872.7695900662284
986.9803973392211 6793.121633269589
6294.302039344009 7489.271627799317
9762.2965390529 8435.679000034776
2005.5923135544951 7419.426113134176
9193.929876965709 9631.731147131279
7151.300072462526 4432.730867546455
8151.143840952021 3050.7281332331336
1501.6660830852502 7879.3019774483655
875.1033750478454 347.6707698481829
2785.01604336722 9211.857798560492
4947.377587260393 5103.208880921219
3921.672357868551 7239.513008393158
4520.906308686846 221.52516858156446
264.1340437533335 79.50054749143453
3537.8524979359936 382.01876647823707
5205.641926295914 8860.843841426276
7887.283653315065 9134.93268721147
1904.0202220684055 8634.380230346496
2496.6382258398667 4537.717660881685
6064.943327935891 2656.4382250744457
9204.454597184369 6848.060919367414
9738.550023451167 7238.853738934324
3927.8457622787632 6721.150336017074
8905.586252863002 5695.903764080194
7116.726858075034 2602.8882577055847
8264.028555786028 1569.1275530656135
9777.817689889589 1567.4026996786806
5074.401157919544 3273.8952307680556
8454.950510866189 8716.352837352233
181.76993754478676 4586.974431746845
6468.2401384764 6439.15888575446
8404.657621447068 7982.235543556576
5443.178513430746 6327.432116824998
2365.8949638292047 722.0264805405108
701.7398500932237 3343.51955580693
3537.6831012076327 6824.642340480495
6441.0919168507135 3962.216227985338
1782.9121267222204 1553.699354055027
1791.5294988956664 7436.345083770256
9997.045287583882 8913.117980050756
6823.7556808171375 2081.036326677117
3589.6419969136937 6781.812820593235
8366.662809409438 6528.185991632166
5491.860983376751 8785.066501474214
9100.264346809237 9271.711746156725
6136.050226225886 6774.971910160022
9804.46358731423 8505.861551106056
4425.79298865632 2880.20170955416
3872.8431173879717 8252.977408487222
99.54984855680694 5485.76679480641
5241.688641769161 6083.751228841895
88.29769846717906 9216.307606613575
5737.965754866985 2352.1541784147903
1477.3349351169707 5021.8585282370805
5515.990427011744 798.8605607335919
1504.686754489023 2802.913623128692
731.0498558071365 5621.126073591559
663.310230285441 5662.010358280612
5889.237668623067 663.7241212146272
8421.564638889917 1831.9469870018424
4416.296055498215 2254.6835138902475
2336.1775573619657 7606.127194295216
9904.260919778242 8391.206651558981
404.2042848742744 2184.4271418527974
2223.2292601824142 3475.299280389492
3385.241608884342 3248.367338951814
7226.582430461863 9605.267769793994
8522.424156784926 292.25881731049117
6131.50838667737 2548.396888315918
8600.49792244458 1262.3877998685507
822.6945182527612 2951.7496126086508
601.5279056858192 6894.194249619821
4305.562781659158 1092.1746917605947
6353.566476236842 6287.785427893403
1326.4473882796835 6523.253055381323
3514.8716179066787 6725.021081039555
2780.6227688385075 2346.0469890778445
8996.031693614013 506.79676213094103
8945.110218423151 7512.161339169844
8494.617899830988 1677.0392092829045
801.7030178312923 9561.767756464025
5201.752067368405 5900.320840166646
5756.668469021927 4505.8775703518095
7937.2420399260645 7472.892875737369
3917.102085137211 181.2971610371572
3979.7030987399094 8472.322712684221
3749.9175823748087 4338.334847252152
4680.350906906896 6388.815228745094
1427.9827069863904 8965.47163803766
2583.9134091058636 8231.686763806698
6458.917297894904 7911.845106916891
7227.3785584338 1067.3518741978128
7295.591351590457 5737.544761522595
3047.059134966206 1220.5752666768087
4543.370846026423 1903.3455208758764
6896.719442753006 6958.624151500467
6107.684367272598 5905.658128551794
4564.278028800125 2378.3616481364165
8166.486019717978 5769.108607559254
5371.86339119762 3429.194400326635
8205.718414449308 4428.303451267958
1453.7653216697654 530.1953076307997
1521.8867824049576 5961.974964716267
3629.0933584639083 6077.59760700437
574.3725924441623 6386.843496025172
8920.71433476908 9289.262919343457
7361.135168009801 1775.1750130185485
5719.310630120972 5295.598939240745
2594.9588315192073 9829.148668125421
1351.1653114037215 161.80999172713317
1873.4234147334462 9726.797685621035
3380.545548542323 8614.242079564347
8264.289376714609 9048.415316695571
362.32180581558083 6643.981429454855
2769.0052523608865 5898.973423438132
9957.723170583226 6873.751069943693
8980.56024356216 8961.226805095353
2335.902198157176 599.5479266947324
5917.921739999978 8145.829634425684
4606.23855543103 6756.34484101372
3497.8115001420574 3748.9211117088626
7661.083511361128 4707.578054319403
8395.58945638932 2584.284859039293
255.91087243494349 4721.031832234118
4150.533015809083 5426.325186946203
6413.603534588022 7269.118176088073
8286.810686525288 1281.7403217001722
1311.8743801037404 9879.443205859414
949.9701980641406 501.9210979065025
7697.582228793962 8161.9447502778385
4099.769159913135 554.7353339564986
9568.970921223696 5851.768559271662
7653.700518565638 5393.505453127665
2376.6261094211627 7232.450779273205
9141.573889918627 1792.6258997237167
9316.206530139401 4141.857332421458
6410.034679204408 3763.4030410546925
1420.7769542819037 8913.726567747919
8706.912508856787 9220.350529600133
5107.83225229558 4070.5473562365123
78.8131447308571 1437.3005704945529
4595.866818005642 9358.90124581383
431.3785109393575 1514.345967402555
8177.615273855447 6806.283068191265
3830.1555436425274 7070.758689974581
6721.844947950568 4878.805441288287
661.0338722233422 6685.6737811802495
9972.860386987933 3532.0880446464166
122.72479762985289 9227.470781975588
1226.633591060392 2973.0161185309867
2189.7679579093933 2144.4226825203436
3784.74438686642 287.94953327447746
3663.073837595322 3033.323505207037
3222.0828314218106 9743.349257913977
1216.0188799981443 4359.446557827488
7951.527076755807 4527.683583987937
5447.631029596766 2070.327357378019
6828.578691288606 9978.861467881527
3870.4159059732924 5027.50225582701
6611.2008066783055 929.3380891571002
7488.890604108058 3674.478713636513
3974.873368729159 8701.420764739763
5165.908410967264 3165.850318724057
6480.1405084012495 6498.1995748194
2327.3708429646945 8301.613044962987
4399.696538529073 5460.9143921611285
5721.942730793094 5042.378305425404
634.3171208127685 7501.464257416863
3930.8989413127147 6125.315912591423
9081.712342674764 5169.149817724184
4114.247714432586 6357.312203936382
2769.6386781086267 3273.637345118414
9082.790439829078 6530.9500271335055
1824.3821146367989 1761.5165549564415
5201.7957722881965 3590.5781890428543
7917.976515932239 4431.721619804316
860.4795368287299 8669.864446938445
6222.299177412378 3475.468598985245
7282.496568004239 3928.873144339099
8095.4458597801395 5539.259502286862
8306.169293113559 3737.846812067347
7735.5527048077 1034.8899833637226
3429.19067170548 5686.513431774707
3859.498623343963 4758.288966292365
8891.05796467269 2141.8802925720624
3098.6900406576447 2529.408685100717
4857.502632138715 3634.1171240317103
5251.391050084489 5528.278174330799
2874.709060478973 1219.269798241932
1790.8320067719153 1277.7162445610834
6677.116240711238 6149.189108399236
8100.591252771975 7811.09912647234
1161.1244152291977 1673.1983089444734
6793.512605961848 5463.961382003305
8878.036883835606 3602.6643519626978
4167.688017689629 8941.104971639761
753.0845215115878 3388.776457113136
4362.796682361532 836.2768400659659
7903.4001057901405 9895.479109303877
6102.361085357069 6619.371048918483
4406.317124881648 3793.6473390952365
5042.244784729096 256.5000598720246
6660.391949056818 1559.2266291275769
692.9798624060546 9091.164830033882
3585.0581028125316 4427.210804500302
643.2849789236916 6390.157127357834
3320.8401198401803 1334.9625961570366
6384.389062831811 45.70415994542443
6320.566450564828 3882.5265925587314
4419.553777192453 6325.763966479128
1763.0428123276188 5644.224240788627
3540.4448804909616 8277.27038231752
4074.155383285195 7784.962129252913
4161.7695812474685 9412.513098313826
9006.394164888854 7866.321721831226
8427.867120109333 4646.734182194744
4206.302792989045 8971.64532280619
439.7002852264009 2105.407020765454
7490.369978025326 1835.9674284543526
4397.963959630706 1382.560807147133
7153.403889300584 3535.785414577005
4717.790000138713 6106.89900280061
2549.4364670633972 2475.3044143736893
6242.7981239310475 1260.3537658119012
9913.726654902195 899.9252776816469
4571.002597083413 8594.106743766837
7935.444859838227 2974.397449729662
6202.35255833959 6700.002249486963
9944.135105234833 8582.185314666489
5727.450681624788 5820.658872160477
4739.07289872869 434.2475311587013
2599.2589430674852 1319.4927913129306
6069.141057907242 4819.564954256367
3164.3656849552517 3882.2372756992518
1561.877621912122 4386.393559030276
4577.654066025336 8984.44988715833
5503.847538710499 4712.360780912906
5983.979099842116 2934.880079946538
6290.521004739886 5103.163586971215
8922.723297310997 7892.464081087942
8592.346541352475 8053.7663286539455
3295.8700254467567 3655.1035734763113
2324.729185318072 1112.6386820982016
7437.495214273497 9731.274996243817
5363.13315022161 9508.71428650139
832.3476334026569 7230.909610459267
4610.552294118162 7832.389491399928
5853.450569242177 6449.868782594384
503.09881780039365 4306.02517843323
523.4258799092017 2672.738800315837
3330.4825569639106 1736.0516074278698
7751.505103972718 9681.551725434105
5851.666327578623 5107.922743666343
7757.957809628983 7733.432364532138
5601.9962756089635 6966.79856213846
9469.934692811394 358.0661171058397
2016.6285635345394 8220.982389825822
3557.487744720974 2226.2651309529338
8036.080111966298 3811.778020504952
4475.7961346473285 8553.807528125186
3213.2547346210217 9812.570039101063
1389.3868421521738 5030.112769165062
5507.306907674973 951.5729084682356
8176.416769519863 6099.205929394423
1928.2241636681774 5296.839006542976
845.8327713116964 8570.815066733152
3987.0203474781683 5898.746862862952
6647.506612479834 7002.337177760154
2509.9535988194866 7554.343199178078
2915.1966853899135 7067.797977372083
7791.19287853415 539.5420708817089
5254.459698566767 3217.821579655196
5286.87659229093 2149.332859483538
4072.400250203361 7335.016911370206
4094.519546895413 1192.7870240685822
5643.407793738134 5802.077460689123
5315.241575122485 208.79106739306928
8914.804935352578 3425.283924842034
62.308661504753005 5100.079944724715
2078.5851934914335 3993.987424503518
2357.9870982056405 2127.278788999695
3570.1952138064953 8907.041501641817
451.7342566234861 7761.3083154436445
602.5720108462007 7260.044856227266
1196.2600486924325 7761.64482348016
4603.420333492094 3062.6441689063554
6034.0096984186675 8029.567661955955
6995.97370685121 7843.037981318938
3875.137025703196 1279.6697030056691
648.2538482914147 9797.21280072692
5689.047779153559 379.54367078536944
2013.1032967085205 3853.337172486464
7985.113417839828 1326.7007167276001
6491.038030716203 547.1212862966368
7524.168507353323 6263.416694076561
4870.226145347966 5441.849297476225
7580.920589939183 9674.342270725518
1832.670342005498 4977.180044504209
6868.417180675381 8968.35458574196
8462.931177840568 9093.695636207663
5839.2341569514665 4015.266578115734
9455.49945444552 5755.579414081596
1494.0549184319086 8889.654932944552
2289.189536071556 7581.6840890854855
1056.8391913020703 3068.2028562374453
21.688523197763708 6195.652111364299
6916.784911046137 8633.598529244664
1554.6662206949813 5618.630640343615
90.80781653534319 4657.170248632153
3229.6135749637156 2053.521733579584
7126.276935918971 9864.077165084489
3436.8432910990377 3747.5975945033356
5842.2598764761005 9929.017789633974
7554.853593184985 1270.6956801574288
8598.551087307613 6307.0594445834495
3984.519342840218 5509.109137735224
7885.262654248018 9373.329998269812
3302.3408376595407 7950.668203380834
7941.785877395902 9826.954798591763
1629.2492741992303 5424.406899329914
7842.435338495719 8808.76536809476
6196.228201790262 9358.594270550253
6027.110091536149 8988.940222539186
5785.28168524202 7833.806586607948
3608.820693154803 5999.887308237127
1234.0402827013197 7233.097192263968
3955.9434803363424 2021.3108776017186
1514.5641050207382 9129.223211351129
9025.585083262482 1068.5501084127036
9031.6695122928 7199.271667564642
8715.447981252511 8591.917817124604
3733.3689944554103 8419.918754022468
8105.111175798215 6363.904028036849
9385.77813851038 2571.9481062803084
8873.65075256404 7312.755690457912
6937.113924280843 4170.545520804191
5409.042456390229 3955.0800705372026
9280.170757661765 1338.2754834674915
3165.803618118087 8386.761227451445
8919.927161965958 6850.537177075735
6680.847531661829 1410.61936255952
5062.699453655361 7608.6889588137155
7323.53983319193 3310.8866223639657
9465.531247426228 133.91780663481012
6334.460303315342 9028.706283559088
1019.2627432200562 1325.325252854167
6998.3910562258425 6049.51093011347
7486.000038267381 5688.587611300133
900.5649523030546 4182.2713830573075
9071.462394638327 2516.943891726958
7131.228342501731 2592.2488997577298
2584.9548753410213 9094.14822412415
32.08219171204507 943.0244976546487
6824.479840592158 8889.422602233913
619.1863937356801 8310.222816823403
9521.761980367124 6927.330646696908
9170.423566043874 5648.480454294996
3691.734539020496 8040.884596402333
1631.6373383511961 5024.85938707618
6553.292489573114 7554.089901356468
474.0743533353642 1576.0406775990798
7322.8878652328585 8090.523121588247
1426.7746920116442 2203.272241461235
1129.8098428076353 667.4242678864196
1111.0696871330995 8388.193907325878
5061.752579497829 3010.1840700545945
7020.369079312876 9194.293957451624
8921.544367456858 3109.986995311982
516.9214000297661 4512.896587064819
7660.674210065878 1447.7709064778055
5558.261209091917 7919.221827318377
4652.519553103991 1020.5493269507326
719.5646016175572 3123.1962047235106
4977.94298023494 331.5326328104029
9744.150331491483 7931.335382601238
5718.191569893368 843.3793765681985
6332.882461142246 4880.160902628651
5884.800905784642 7044.297037296321
2174.244935834845 8258.252512997049
2063.464812906265 4239.598003474305
3320.371576696396 3103.1778182409575
7108.606640195329 6456.71613104848
8930.335631084392 2941.1849456595296
8297.64539803882 4439.573765719343
8130.512734228831 9531.680269552118
8238.719490228126 1608.5783448872714
5282.853168142288 9685.15522926166
6522.897105322771 4075.4235381492776
1305.4078735869102 1342.3700459607292
2621.6657008228262 9327.258189645625
8855.474898527837 3534.2374044247535
852.7590874761726 7032.674243462321
2164.245308153907 2585.9939501197127
6372.149400465307 4572.3601133076645
8102.840915056419 9985.88641059186
7097.290361165436 9360.154443694992
3663.1584111405855 5707.7397339651125
226.471678510336 9795.622415309248
6452.943094548814 4458.415803246358
3591.403155480678 6777.176381180155
9033.03601529718 1315.3112449710059
1464.917875931433 8105.141304128665
4965.75044886415 7525.686074838563
1642.9460372863991 8817.068499225992
4296.852048784844 6858.748447381071
5629.678274617205 1522.979691897065
8859.63109855883 7833.071274454085
6577.102389722371 2146.125066528695
3268.0713873740797 7386.050867862847
264.8630862497048 8125.2214827091875
5757.135095028575 7108.757502407432
2853.6621087786716 8097.031817980695
4131.699967249858 4038.672440015213
5405.174765215835 4353.535724846514
6001.700566104307 4184.444923602311
9233.735297969442 1955.8328202769549
9209.538001236077 8450.942795402252
8039.799366151219 1287.3108620527728
7896.844505232552 7439.50978156858
2472.463516349298 4041.4990396030425
2011.1981587371886 3717.486477316878
278.08213123594163 6165.423081544898
3219.401647786577 7582.690978965726
514.296838356334 5117.161957162344
8172.455971365717 5092.693262302274
3443.545079033854 2946.7023466606524
858.3734251912211 5185.3635924214705
8667.395782498535 1172.075764564222
9382.48918365286 6086.309799035802
2822.813493628387 8198.154374878926
8930.950812936615 9880.46291891993
4733.722418559813 5113.368579104012
1901.573236305124 8119.211188527271
296.0122895962236 1100.0072900145542
8227.271349530243 641.1185158814981
1571.38157298764 5406.645391392806
3770.790569979653 4403.413849045324
4575.194010671172 8856.638452608842
2335.474216968364 9053.06384380561
8065.776367632672 4204.509369349816
7315.323097709552 1210.3980499843824
1277.3611512731131 1302.451612927953
2298.6167145142344 9994.883134286958
1986.138489961722 2.0556628475709715
6042.882032179014 2191.7934859647003
7558.64657041113 991.7589220148659
6155.011471510045 6640.156547422154
703.9994415712137 2358.410815027865
7538.844788508572 3916.500373197298
8536.213569548601 7561.736976631577
6213.551530806089 9195.567998132201
8250.159810361207 8723.369912921957
6459.65739558122 3288.3002589701628
5224.437243271007 7657.515233333377
9415.581679958588 9289.037683993265
9686.72378177262 5908.201528654878
4226.065356541373 8.023885386890806
6211.9318780938775 4208.461720680912
8634.880554076513 4421.940341339871
6270.758840174155 1239.6796619189276
4517.738171525783 9744.337674288965
7805.984890664512 1344.726545500249
5267.3149422068445 9399.474465982612
7386.145268098363 936.4053589214105
6170.845173346132 6177.209990510924
9870.959622003369 3743.1073026327867
5961.731193667654 4153.242407717424
7720.174127814626 5746.480571252983
7580.150198862393 2578.1206130447677
7087.232321916087 1691.2977036490906
8843.642101480404 9870.104116276972
661.4618347113866 6385.598792526792
9207.184907435105 6091.076433908018
7857.222883507224 5659.584055509139
7083.276767014051 7841.370631883026
1395.7379953186655 3814.610491380618
3296.0620852136913 378.4949516466318
5585.081309165431 6669.047700893413
159.55040738203752 7946.393914068489
5676.0735018560645 1895.630784418645
2398.4959737121926 4796.018504761352
9556.597142049148 1245.342298018236
5671.52242926864 6184.619921491863
2744.1081638405262 2465.748932306977
809.5864165753696 760.3214825409809
5145.887958483857 2247.1011459333777
7048.899954243141 3170.1663792901704
3378.8436020403556 5367.402855768606
5515.933490457499 8473.973980131783
5575.434378817405 9358.044103667584
5013.152958569956 8002.9870057925
6549.5601637691125 8474.481160418365
5757.643809759393 9671.421825646525
9956.022236998608 5531.841320876793
3140.8029064389443 4430.68490173891
649.4241063465389 5253.215196631318
2805.7900302453463 4550.150096926839
4833.153629478582 8178.798485483339
380.444110584065 8715.039332518461
7786.34418024915 9896.923717890952
4056.888690093249 3551.086404977951
8966.490240414812 6383.426691919535
5875.066330231364 1117.3036146820868
2107.642890202177 2573.672142269944
8045.954411626694 7152.313073346205
3568.8932714806433 7941.9582827027
3941.234636594787 5416.344670237613
5635.1031303574255 9825.911141158263
9479.698806031993 9340.145011999042
2731.617487301533 2508.8700533214924
9556.694981354989 3373.677564140055
7586.953162128728 7661.152015037222
5891.430688698568 2921.6401052979368
1262.2273556052078 9641.480314061178
7207.962615926726 3559.4643218858077
5663.353238532799 7372.747827245153
19.22557495666055 7342.600924280668
9661.7952517987 3031.677994998094
8449.460083316493 6453.5372716638385
271.945427996827 6629.838128062387
4508.921585391433 2175.1340613027883
8467.942778019426 4713.848127122523
6025.763942032701 235.50763980477063
5170.0285258703025 875.5205031141178
8043.508910943532 1938.825971760486
6690.2909033203605 5538.056579686042
4908.526869344298 4178.025678951278
499.9229593637144 2572.3140054820246
4500.472723690039 419.6005033576267
1564.8794534958076 697.556077052568
3099.6321426817362 9057.250300975858
6694.085860518037 8333.97360770392
9238.652734708137 5150.319158307507
9354.118155434957 1599.675704596889
7552.1481150516565 6494.5959096797005
226.5387542360653 6482.719913488401
9116.180998548976 5217.186959252151
9418.833564305825 7869.157193528638
3060.6421419508156 1643.8138837580807
4687.173474903345 70.947363143119
5341.063475404013 8056.027422981263
6288.971917788391 5772.99892758678
4472.417328819654 6137.474095386042
3155.4942137756116 2906.471074724317
755.9637467417047 3402.485712937582
6959.5229162117985 1855.8728241277122
5071.235356317178 706.9090558103575
350.3624282475559 8620.378162609455
5658.752830874873 5060.228764502953
3138.224696331826 3075.173914964976
6485.086144754295 9389.681677459008
5532.3033347436885 5316.540918785745
8760.391466357853 3651.1973562325384
671.6143270512675 7224.76561881529
7969.56858354278 9738.640510552885
9634.940045793894 841.8619453873677
2381.6996454596306 6011.978399490858
875.985212406496 9936.486118644365
5418.443757549288 5946.623667248343
2602.115488644733 6216.3043769432525
3490.583416396552 9400.358305615724
999.8143145125482 7048.473098820142
2952.9239276360618 4300.874918766295
9407.265111231067 7261.779143513323
4681.277089332114 1176.1168368728947
3544.2211033306526 3629.375161093337
2441.2589207952005 2881.2354882164627
5731.603418585465 6968.944275820262
1697.164531833858 7120.130570471912
6668.022114525992 3447.5066527723243
8800.182665617498 9916.170628729915
6777.686823969348 3640.983062654085
6598.741935625865 4055.840539028611
403.941606669338 5174.013555559955
1429.7839871942997 7710.696670276887
5194.913697134947 2353.42179860361
8178.285516809433 4937.153698285401
5912.5440616954775 4109.109776122567
4633.360150362458 1560.2703814978236
6593.526403682026 9769.05043061926
3722.78496676851 7066.8355421895985
7500.445518099197 720.4470910162208
2373.821661233374 5564.7026791401695
3623.6771864939064 4847.007661025146
8726.706041426667 6609.459269309999
9629.372833543013 9782.681737824927
5218.2042082130065 9756.157413841735
2096.1190324322633 485.0940390022762
3656.145117728932 5062.972918511284
3642.628834932885 6407.299042490748
9821.855134866755 5455.302852788604
5121.085535943609 3634.375268713089
9365.938285451422 5852.9475681864715
1435.526864700668 7751.76138437049
3803.8559137715265 8269.671745111064
3741.921424297561 3925.1379994904723
5271.285493532088 1713.5676444379776
5796.35782225013 1697.0366421679805
1365.239743564427 648.2984101093525
5040.027234569176 3343.259655709205
6875.455969810017 6019.427848117798
9644.45298578789 6282.575924049495
7501.572965393602 8406.6910438527
1187.6791365331896 1996.0568814429591
1755.1325276401697 3732.198267658021
8891.901913699996 6187.798544655196
1161.4565152542034 8136.204629505406
5425.287913123102 7506.674381042224
5604.963585974209 126.21972891061817
6155.492659503217 5049.148954494835
202.51439478145784 4911.873913522151
3439.658018117111 8076.07493094019
2442.877312624633 7957.091917503144
5045.430991828534 4901.786937201832
3496.429921838018 2212.7738447230363
1119.8118402909486 1751.6953985599891
5577.729325006082 6237.318336586094
7257.408759192375 6534.974364523671
8034.590410474039 8468.963734640874
2166.937635008027 6941.829916159369
8440.838581588458 6283.068325798564
7194.574291216961 7050.22094210984
1385.9076726138965 7149.082908680284
1535.0278171088494 1714.8033318526557
6882.979545594445 3196.120576856962
1345.9769877120432 3411.2505223416824
2358.3710422402637 9802.657459242368
3178.767193657207 1921.9977992796155
7038.389799030236 3445.049340168932
2148.041296959431 3274.852130898943
5215.901133993345 3971.18147451196
3085.235073690292 683.7919773765866
5357.357090762736 1709.7157462204448
8555.637689758385 6891.677208801582
5302.060515415351 382.03525978768636
1065.9837392566628 4277.4814386665375
9908.947753446859 2653.129384945957
8049.307544206825 6366.04431089517
6422.191069379894 6339.303403511155
7286.05416015117 1966.2361067389577
4555.440100487159 5784.736829882523
7305.212006468045 1063.8167113261975
2835.532810326118 4725.553342230374
2006.4937463107601 9808.161160667827
100.02332222709742 4079.208285288034
1254.3591347946426 457.41348642333037
1208.8940053430442 528.640629415006
9516.937839844106 984.5241560785489
9009.326163102449 9514.77494520517
2757.6788705187314 8197.015278700008
383.4293753806739 9307.598954655317
9734.8157918513 7686.207126514087
2812.3362714811738 1195.1878701221751
7623.5031980181975 3697.031794399548
9306.09183179082 4511.680596621806
3447.7469767910375 2097.4518537349895
3777.275770524963 4219.356707159127
2194.0164925138783 26.887842455582955
5977.320111409628 3066.608411055414
9675.687217022476 6515.954909935205
4967.990440021887 9962.730193239884
3227.239005642892 9395.194445748364
2766.5232205306056 1142.1034725433587
6129.387617517974 5148.379542921276
5281.420814240193 934.4842922647956
2301.1037937972233 16.366079360706777
5946.926360660105 4514.747012658935
6241.732020320908 2620.344210986448
8567.712958281729 5874.577149029541
9466.192199841149 648.74691592959
9801.338575851818 440.2448710396145
8748.509788832569 6739.951187742819
8434.534322258549 3254.736040352897
3373.6872246211424 1593.3076543378522
8150.40672000643 449.1516863714784
8295.192143159116 5553.918247392702
2837.155490509282 3847.4352826414283
7605.111165480544 3441.9769294290813
8654.916654485247 5980.119840104689
8046.270619247693 1235.3752860804134
5055.862554626539 5526.9325860338595
5430.406932698439 7364.668953495944
7743.705007825229 1264.7362658266736
7773.721179176957 5842.387772218562
162.25846882033545 5966.42095170797
7720.9263663269885 3224.068481498609
6518.743823514565 378.00789028680117
3401.1585803013754 6486.270893086812
8576.021171126871 1395.36308095214
1243.888764142741 4307.239742652527
488.9607570639787 7868.559340539866
6480.23938971394 9948.756067079785
813.6764564585919 2081.068447322432
7064.8716765875015 9963.116779557726
8484.356477780626 4882.60375770795
4575.88085942987 9287.072422303372
30.951224336527304 7698.57485958672
1284.8960618271788 9934.941017945006
8601.983054066874 5195.753853600889
6036.853229192067 7466.006624529639
1460.2675459923953 8252.900701747032
2838.6686763680323 6676.707755042148
1535.344903145025 8066.727568689775
5128.313044829962 5556.000600471587
344.94056597828114 8717.72528199908
5580.545060957488 4442.683887862622
4138.785264466399 7327.020459562701
6002.835580613106 5536.354339184018
2471.6443337558735 8054.563849449163
4384.773091482473 6439.058792937352
8578.420150234855 8620.598950839812
6486.511494839585 242.5926469995343
3902.7053766534004 5776.497020127377
7486.583211307264 3826.7926904487713
4921.183700878676 9207.6824818575
5156.66960689672 5497.05819592855
9009.78833317966 1720.5207985883485
9790.683899153511 2864.722690654173
7513.544142186051 7246.674122022643
7687.787572272829 1961.797564041915
8410.535767763293 7192.57417992356
4373.729010505048 8981.99033401697
8001.458220745799 9968.303438315814
942.1546534375302 6752.796423783202
909.7250702963588 8149.311934086779
1907.3150250995086 9068.853281624462
343.1205576937535 2656.043796547547
5781.845606354532 7354.632737397582
6046.503145940066 3580.682314071543
228.07521101841476 5774.943700712019
5666.075573889037 2846.8669112711164
2078.574425398538 2874.6047859766054
6349.263810228473 4757.3737880692815
8781.429110466759 104.03428823873573
7320.250140154168 6666.395559357198
1897.9818255396253 175.402518776806
899.7298615266891 3507.1909096760633
5165.55383621312 1094.3761909680095
8978.474382185821 6712.520177860329
9334.928110293145 4925.377484689478
4307.7990089323785 184.42409682882578
3502.134764217459 3873.670733573574
1136.047080136654 3401.537504467699
7976.346868920422 105.48124812988834
7698.722407705407 4496.27663728871
6860.4642720860165 9877.737946625746
3860.913912038868 4190.87854578211
9468.224371349976 7011.929264856819
814.1726706344521 4850.406613300802
8461.444693270152 5521.942092344869
6146.018035807975 7592.483957223849
9163.270311599941 6293.655724148105
6828.766158617703 4387.6520551369
8888.063466096255 8114.441575819263
4715.384627980702 1390.8931512278011
7325.836200003738 9063.621175720495
3983.6021558135394 4363.999027807367
9028.898212165552 300.31874570889295
7635.505206919012 6980.1055900496185
6870.648917664806 623.0337539537168
638.3821680163893 8045.853882597128
981.2187546354168 6825.659281812068
583.5810489541959 4233.28154843273
1111.920427308234 1837.5494685915405
2843.668447840749 782.6854126821526
1640.2446304848706 9910.639728254386
6124.189662557847 3819.3399828861197
7499.394820961601 5704.5120019507185
6034.848785164708 4421.095834801488
6201.123244630778 2020.6837054631355
8845.937577821407 6380.519973260834
5817.8976474405645 9150.294725095771
4949.36703894496 6724.387304816677
1300.1901257238112 7324.755566981792
1709.6588714769268 484.9658320667216
1826.9483275424748 2596.8084277485273
8368.782500046946 8961.68221858136
22.07367477588207 5629.848383503288
1459.7267825600468 3768.398696432865
9816.99694913909 2336.2359097684725
7787.221957044662 7330.661994296137
3499.206984035207 5080.730177299351
3450.0353802562613 4178.939243007395
58.85303009998344 3253.056407432188
1607.7839038492637 6377.9863875676
6330.310532871021 2414.014155615485
8736.219458595333 739.1396468343459
9622.86091022099 1932.4248021439982
8968.462262893905 5081.4581098523995
5544.404836311215 2055.6082980411716
8785.669545029097 5739.292926276146
7544.392563838958 2693.961655766195
9799.145411949452 8757.989213569834
5336.921099825864 7850.616081395201
5656.908930958846 2776.0765284206814
7812.214058929065 1590.0253531944463
211.2604960016895 2461.4390064528116
2304.4653052154185 3714.7424305369805
7999.893411043625 7550.597626489282
6156.290717418897 5907.520682733211
4821.620078863387 4034.381076007746
8404.804898783612 1996.2731768708397
5728.795498455018 839.8979522600624
9111.594429578752 9212.312825216806
112.03448493511958 7477.864045752662
1368.637306449987 837.6863597851514
8718.83760270587 5555.985560517108
6334.47303632174 4475.30369013413
5426.255453955862 9803.22744390015
4789.701325849221 4325.961045090036
7378.7348196314015 2306.451572057422
9648.146647883443 319.23785606917556
705.8097652915096 7030.035741532514
2619.7979961469287 1720.6459445032374
5450.3111495979665 370.7372806093323
4793.891930301819 7925.297661418529
2566.287933061676 7494.194548638994
5295.279685939175 4548.746432196323
7886.849570000432 3506.1128739439073
4364.47781255679 8638.551051913502
2815.6478952516495 3130.3074802081987
7221.572733366663 2855.4981284094947
9161.742683849892 2497.4305468299176
2896.4138693076156 4811.314189599691
6016.10036273176 1892.3404374604902
7842.29290035144 4400.084826583291
9859.001017751438 8864.714820735784
7597.575949674584 8923.49161023774
5191.133441651063 6976.653828070206
1019.5202416858396 3085.367071370312
1897.1854675562427 6642.651730341973
686.7690404044114 8518.957498400026
7279.242375563729 1011.4653726431044
9951.791831317601 5410.6799835391275
5238.325807865109 1646.0408093543654
1821.791561336864 6997.037812489023
2435.925969562758 5876.805287897661
7356.37842502024 6236.766713639285
1433.3843875929153 135.26982204852266
1592.5635402035932 2798.157797527495
3785.5118919949173 1319.0279094259029
3142.403874321669 7651.906641980243
1855.8337077994825 1295.8789297502005
9555.880256973467 2022.7191628004725
6724.373980653438 8023.942364046244
4301.373743409159 7228.303887229264
974.9043962930559 446.2722270252672
2788.354177304447 2022.2639371127636
9377.101886377233 3312.621213723439
4241.672614435875 4457.795613710124
7520.068624427453 2387.641325127624
3434.109074996257 6001.993227549641
8307.190725807339 123.95526900355614
1293.593329197451 6655.944880143819
8888.323303708696 6810.164803436949
6223.785512219404 1173.700651219307
6083.806084340318 2448.012227340357
8611.46160141153 8123.580276627931
6645.830731557389 169.54261849940423
9441.42463215286 5498.182332871249
9806.193456639661 2874.2638324881354
199.41798097005136 8854.843143788125
3475.4857177084255 947.9321971295951
5315.7893583001405 556.1882297580955
2187.2902224597524 418.7445002496149
287.4187417520457 1580.807377613267
4421.96365684463 7713.3440365881825
8312.685410261913 586.9749630015631
9298.104551277629 9294.201561899792
5784.019537011876 8437.73134730892
7785.820441591092 1891.5628677411967
2304.8478612516456 233.52424627781753
1574.4238783412968 1787.302380254312
4032.5045115177827 1049.008643314253
3518.2008421351375 9664.657047092853
95.95289041756993 6033.488506693178
7187.414737926613 906.9603523484104
596.9200205898784 309.87442610229346
9467.719466570368 9910.134261476656
1275.3171024962019 9194.926820090015
9379.676074870837 967.8384226782844
4304.582276229193 4663.936253576941
8331.077857269682 7594.812544290128
6879.849506784553 9695.893873240826
1868.310129854872 6773.099795068928
9271.612482551465 8160.585934169251
658.9796767172884 4537.462973424386
1839.8153242065996 4246.942616478783
8916.572050926812 4560.461859417098
6138.071388420496 2082.360016847694
1768.904632378262 1954.2904420707064
8684.976639955348 3155.6054798910905
9175.660762116882 375.61802948444245
7239.2461489424795 6431.306731743615
2916.3076388897634 1701.3149075255797
8487.67152917765 3631.9153381640836
4898.214253293173 4037.0919271455296
2939.661796245202 63.42676908917988
9575.801259449265 5627.712133101615
7519.394512514745 9574.029383572872
625.0717476024004 9356.583766388423
8856.371626813798 760.2454866515961
2183.886658085243 4954.180426085119
597.4388513785677 373.017613745118
7946.864048000007 3778.8719568622278
6198.092919848297 9026.583560831898
7194.795798551416 4090.395292574115
4598.167190561339 3775.8781251162554
5441.996679882171 3105.3337290769646
9946.75130911718 1903.5835971062477
8801.005278652618 5805.610241993219
8113.468301343621 345.8450165250604
5392.586460771781 9465.146087416675
2107.992995708984 5586.061726634814
4169.985802342081 7166.472889182277
5726.967401273808 9559.045356919856
1379.9146984606514 3198.229775484013
9757.230433836176 8133.239544047817
7548.750435113052 8156.113916302927
7886.546835208833 76.57377833905188
3360.959213181943 1813.9991245591336
107.78239072685936 6061.924593669915
1087.7609511587093 7388.572305512949
9849.745562364471 9231.043606827896
9327.568906755725 1689.9802461737568
7327.671107032103 1111.1988570118713
2735.7604097123444 1832.6219297389657
5678.595947598575 9266.678249577775
5149.8412116364625 674.3590239728792
8331.638874394772 5967.678009866823
4057.088065292093 9959.058069619952
5760.4607137401945 372.0054017344199
6705.267558415725 2256.5230794985446
7274.94861925281 240.40514867104457
3323.0434826634823 225.50946549277805
8831.435184204625 3044.2147364233065
895.2057790985435 4469.659986632018
975.525817633831 474.4412329258718
1728.8606551098562 9312.837378218666
1978.8737238996357 4824.245888269539
4650.247341421543 9189.47181150946
9991.011023879752 492.2128886026533
3087.855495051066 7027.182722867624
4599.605880191928 8941.664041199265
3526.035276793259 9993.071605408684
2577.2811576222052 851.6828740654181
9854.308166152749 7281.727442925518
4790.402994584262 4908.388962224412
3991.101069653761 9242.12349204405
1255.0008598262186 8710.40392793895
826.6431044259203 7072.227687267941
9147.2586262039 3600.3390388287316
6008.279276560447 7554.286686854833
4210.772269518299 1884.5183947305145
8382.470060104377 7860.385926141069
9450.043930281838 1866.0535539537404
5011.26479003585 1327.029783589908
6259.438646057757 3391.76680632453
5597.047443177695 6279.121878073588
2209.103195368627 4201.353787627075
4877.873527141082 6477.873932140543
6594.109816038379 5267.5689327455175
6096.731080849889 3573.8039450360793
9550.348819821118 1529.1064027492484
6001.570191212077 9065.130423360273
3050.469265521826 2943.2365315009056
1998.9712344234845 5693.507956811908
2415.4207077884926 9623.154844981947
5062.824110239641 5953.192720433988
5111.925864800864 3975.384810671904
7790.419419257105 8446.360377041816
9553.470929853847 2215.4734970745617
5601.8580669292 1186.4485270409675
382.17220706219246 7415.599525384031
494.70839683698256 4633.030909261129
8281.137808995847 6325.616352542359
994.3506023805982 6235.8699202172775
1751.7144107921167 2609.4296285519667
8981.46740415113 2572.4396275130125
5487.2702025208655 9851.51547057366
3931.654100720636 4782.349298830613
4984.932163545167 8713.75889375739
7768.135467865945 7933.735597735452
9858.96472501986 3960.695985190398
9007.094575552534 5200.839101067199
8954.234676482789 8721.62814478805
3166.1347939881944 3288.613232092479
8805.481376866157 5320.967028358759
7509.908685526656 6409.360732163838
3247.873338958961 4283.562925307051
2122.966558971465 2298.0293774176007
6056.594437349715 5709.654818533657
6028.389785855379 5246.943263487953
377.97517793794145 114.47548646571715
6611.793849664898 7947.380599911614
8411.946247632424 9040.435858723413
2963.796978454485 6044.556524634835
2315.356346899071 9275.197192527785
8920.069831232322 6744.205678919517
2617.9646914277278 8346.838060180306
9556.594571691428 5553.0989261275
3577.682803751887 3117.7104458356853
5688.778498142817 3292.475230620304
5848.905367572379 7761.466618216316
4526.583437509261 8892.503069766482
5597.536433840988 2183.137050750509
1053.8470559363188 2157.530270704707
5768.583211201365 7030.021040639368
3928.48623798271 4686.023433022668
9596.952212941984 6841.54936118163
1741.2939361039969 6435.732605450116
8649.35507923442 8599.165594233249
324.5480835810266 43.76583175920601
7694.986379961505 8962.664186075603
9467.674993559922 4942.8902758780905
6524.914853135509 9817.31368381786
7875.7189910366305 8559.523916251113
4474.879947643916 8406.484083846764
8497.390026398594 2435.519528793364
6853.4657784033925 5287.3896959116355
2452.9748602167856 6984.982181271175
3737.379532654449 622.9457966017704
8708.411198839382 9779.00571982589
667.8309232023549 6910.631727259252
8370.344604496042 8745.350521693324
7666.777821684649 4149.641870750786
7017.997816732406 3476.727229978037
7689.063122829958 1660.496271554861
5841.2032087647085 4960.49286912019
8136.236474513729 9296.674693316909
2519.9592600443652 6474.203087164952
9380.121625424428 9625.72761407169
5759.3938047169495 6135.609651073724
2378.952663084606 1807.7072769030378
3185.0265728910986 4652.327107651495
3416.1709196498423 7361.655913254714
906.7418903150115 185.53951398206482
7751.734804243056 7786.273375389015
4475.899060389542 5923.752452623407
5548.070822406868 4088.7844093072313
5188.5223243816 4956.741914146676
2817.545779472337 8676.407761545379
2728.5246792623775 1346.4872541277784
7335.616958091727 777.7287702525804
4998.444681908492 5911.02177109199
4473.580018835559 7586.66066424685
8651.178708822828 168.76572716107097
727.0934803879759 4659.573113321149
9314.717079492773 2135.0611402428667
3351.4352011497504 746.5596551635279
8792.90314005742 3219.2538575178773
2961.7027560491847 4200.701763336206
7628.750405704291 6339.818130756593
2215.939806703312 384.57918281678104
5332.868810742578 1556.6580309863675
7771.434234186151 2081.1719565009644
7308.068206696324 7013.8569078676865
4589.2021174181755 7816.6803733255465
7042.2213087025275 9792.792489753945
1358.932973685798 6215.689307975211
4494.982746252741 3394.670123159277
3326.4407831812628 8034.487628723565
6769.9787061146835 6003.17241698716
4127.931467885711 1356.2476008594283
5142.599584857219 6422.058580694835
1370.1587494504774 9582.158160168132
3304.534472871975 2639.1945704196696
1642.8096349739963 6315.496428608285
5289.714549739072 1337.6271727440237
9409.22729587655 6011.013296600859
7962.33728269277 5355.965634895545
793.8404292565237 4349.899515090122
2176.164769928989 94.46301062353113
7669.437138168562 7700.9886747565215
8755.304412749136 9169.844312521072
9644.68810242963 6741.744189576249
300.19489156442705 4241.055454938924
1562.0832684386921 5337.96939436567
7488.533521464124 3859.7569478433234
1938.7206678196467 2119.06744857991
9019.404543320505 1443.5233001961124
3417.1438390152666 8836.071789301226
7639.873752079766 3026.3495029589394
9740.695624606109 6552.557666218404
796.8364535725991 1310.208147516223
5027.616412198376 7993.932757614151
3372.9216171987296 3723.0400758140026
190.3868279835075 1968.499396674993
1693.7671913471752 8682.701232079231
8231.574041615533 3674.0716539696605
2535.0000041980993 6073.0332119765
4844.711487772638 2916.8165306379656
8210.767904788272 5057.359684292096
3258.503986110991 794.3850168768207
8991.687470351768 4786.356850380975
2584.919742512577 4233.284453043152
7078.59010015624 1301.3822480215765
7066.489957204244 6920.838612682364
2149.455198984442 6990.98978434361
9565.41137947977 4634.96758158435
7100.4470388357995 7327.500509393277
6396.803010731349 2750.416547180925
4017.9787109879308 3292.1338473306073
2180.7411790898113 3787.9466003244443
4647.245571852594 6891.351859701001
2772.461015129107 3273.3945345157167
6663.684906772362 1473.7023555626029
1527.3733563090452 2886.400634062597
6907.337424753384 8175.595833863403
9167.320987411851 903.9926783793251
5406.095796035976 4756.080581559901
336.7520164554261 1282.101301715498
9492.34810511033 3324.835205094623
572.266389969277 4368.4799960892415
5608.533290222203 9024.223159694533
5856.245490312543 4203.386949106087
7500.647155592292 2595.406531963954
3185.050624497011 9639.781942728474
3414.746936588332 5940.15187195195
4654.530795383988 9102.675117004846
1640.0241088454648 1284.0996758660694
9450.360976856738 1707.6639854897412
3283.0269570977457 1353.9152131954745
7827.977652833932 671.5787881022317
3511.129471283744 99.87254969878623
8676.665366764642 8473.546881256128
7669.364545565769 927.0713214911475
7584.596593307506 7062.686927448963
6653.245315548563 2142.61920015957
5456.402654332138 559.0172453193576
6711.224095951152 7382.759025547397
8682.114082949756 2357.072699374342
2453.947565453406 2153.058453033254
616.0802729679216 3317.098973540733
8263.485515427115 6296.417924274894
696.7336148813364 2816.5924831225484
2524.222839539201 6197.800851353135
1922.8428463917935 9835.345008036613
1138.1250949200528 9841.219344794585
9599.150689338667 6960.035866467423
1640.600223422265 2453.661190313714
4274.071610461539 6219.813146048292
6899.19197316277 402.27438381150506
9614.378467068382 2002.191751202428
7855.864785868718 6255.274751346308
1596.579415150402 2948.9869467000717
8064.645612212291 8473.675290746896
8841.951944677992 1694.892612411474
8879.910303050614 5070.082378567395
5181.962393975168 8586.707446962195
3066.616461379712 1752.4396012959087
4613.069150166084 3109.096904516674
6332.297186353822 1564.7465978302466
5684.671809613659 4643.174729865625
821.651725749274 4843.413503320815
7061.233109514704 2397.075902839655
1968.077027000642 5427.060121793645
8509.368131587162 2873.083938698269
262.5086397515575 1489.2015340670316
1882.9586705026613 2073.7648991666856
2478.4455060262367 7107.411101906563
4814.119141113028 8799.956344851566
2683.0585775782433 3739.18259238477
5765.103240756625 4856.340495200083
1967.788584644744 9143.865353135543
2856.006279671367 7755.7317766805445
7247.864177385967 4971.674671077813
455.3881339019805 1601.0912884609518
3708.6802217712766 3234.9302848626817
6905.700216827184 2224.6792172501996
2517.991097443165 6183.3119438467575
3952.670400394166 3376.6373615322063
5276.399141438879 3724.060540263515
3457.5678421951316 1780.694038999645
9344.617996777728 7459.697431512064
9793.525801922167 212.5675828404727
3664.5235674289033 659.9719402379045
6961.876350954005 9407.03905572593
2982.0070290316494 9041.390635153328
7911.711672155832 1562.5527375690285
9483.167499046154 8096.82008341868
9805.651337885922 487.59614628544057
4771.396877458531 8899.295670530084
3047.064734793186 6020.999846115871
1841.4210961417643 5798.312657022757
3768.7574750737454 3258.6886851527997
6247.3818863688575 6233.511154065721
9180.40269618526 332.3079983690869
8015.558225774503 5009.8132256798135
2681.759358783963 2010.5368403694436
1018.3379013485671 2809.704767056609
970.9866951513691 231.7906886845511
4504.572472014771 1462.5014551838833
8512.12879098857 6827.410816899155
2272.4585970732537 6547.074120917031
5673.111862640387 8157.323266204611
8574.605182822648 1273.6508910642374
5605.357645675114 6155.541647231129
6260.966406816427 4271.95707363946
1508.385681554214 5370.7833911292155
1893.8276750680927 7907.0875352873845
307.54191484617996 987.8533406491663
4610.056542561919 3051.1552809491227
970.2562584883445 8528.341844979432
359.3387129330594 857.8926506665197
5695.99675490975 1954.5793457688321
813.1396354291942 2019.0301835247026
37.35593465279186 3238.669126773216
6717.643776606208 9225.409534517386
3644.4673087978354 3108.8254241276327
8754.94573215256 9112.437225420867
6772.219442001859 9648.119578995957
5080.273287702235 5838.619106747214
8949.496242101884 8696.140324808128
3619.049589387638 9627.559069686384
5281.94136128374 7591.955420547572
8936.105935787475 97.94740667691815
2744.51030987082 1697.1586675590245
8030.382162254428 6012.700849598729
3517.3336526603784 1350.6739951706304
6761.959264332809 197.56365980137082
4928.190841167867 5432.377796923176
8784.290389558695 811.1096371192317
5887.147643079542 6550.498451872901
1833.008519574909 7892.23714968853
7833.687403294021 2018.1293640530596
2013.7059252701117 7167.88094347224
4163.921762590157 4247.0980715752285
5334.596889182338 1472.8092465422371
5865.239905303348 3962.8116455536
7145.988122448497 3815.0148059814182
2658.0171041029075 9731.596891876228
4377.001188945568 5114.348157077231
8328.768626235333 7692.4419404225855
2501.001695679179 3948.6834565027516
6136.404557478725 6097.9358755891935
9014.712175579736 5261.046398015679
5182.999141323071 294.59378782983435
7881.992356552088 9912.77424317448
1462.7655179413623 5110.649286599492
4871.796151562402 7211.922522883489
7937.678874887676 3269.778421311197
2010.8224128674979 8102.7668950970965
6435.46820606315 412.1198481455868
474.89592250803736 7571.393735432414
425.4541158228109 9579.33780982173
5159.130296655288 1004.0148366339363
1799.9825678956083 608.3725275080931
895.4381455305361 728.7768215469337
6673.963851850737 2778.9065405557667
9826.974000033899 5778.483307951953
4912.296165023025 2272.4718947390234
1802.6050545896676 30.782319328337415
5604.717544820236 9526.509223425961
4820.524097629361 1314.0155631151429
6029.893501570054 5404.584017002738
528.6369307205374 6811.0667352898
4785.317450058715 9254.353130800635
580.3647699586622 8150.184596216012
706.8617194820725 6387.76627153883
3248.0259108451414 2940.89975423366
7961.587461148269 7293.37969765346
6111.970369142994 8194.793545724673
4269.683842510651 5978.546262335854
9872.162362164496 5065.014752517526
3596.1727339224904 239.6382465092839
369.91482376803054 3645.089752627366
6850.284362868031 2371.3546391364725
761.0007488239312 1186.700232832718
4140.170059397034 4851.542656613717
3447.381200739359 7027.752269772745
9952.886786361023 1875.8721842990456
1853.301822007476 2766.1989255797303
8264.354357017826 4267.073820169625
5422.52983853734 6771.715488317728
8031.248302497276 2246.3545505259253
7317.017389601668 7996.473739586124
776.5622265154004 7829.992255852668
3213.2899110278813 5227.8942666266685
1052.8327599962295 6201.99657960542
1321.380084520164 4420.4051465832
7451.79398094153 3314.12141276902
8292.136785041137 8549.86838463833
6526.483463413219 5177.399957706695
3032.258650882431 1553.480895820376
4501.59949501919 2834.764321433877
612.4166781133533 349.5941677459524
1970.1618141864396 5842.205615833954
1432.3424337365775 6676.041972681371
4909.307875771712 6236.316732637103
6597.781650156106 3542.2002836410447
1295.3089159726671 4428.953662403681
9067.71805021123 9459.147411314649
6357.664575928633 8245.140071326876
1546.2984471049335 7293.935183637182
1084.398179238234 6408.232778091938
6322.399320083279 3588.1176283113027
7975.4378197192245 8176.753397569957
9300.790728538725 8487.325650616014
5238.237907616277 1550.1834245374057
322.3747002451183 6047.823134273755
5629.558632103482 3486.4120975620126
4536.981401071499 9617.608933222788
8969.587356142594 6911.414487367196
5070.733226552377 7233.7788118491
7989.353435325133 952.130038054998
5520.993024886058 7534.502622319335
5619.648298619213 2786.3994187646445
1915.4325369835467 7553.103390007297
8089.435962528008 1779.21298168085
7687.773983786581 9943.375121850886
2273.996413781807 9162.410084435822
1951.2700540982707 8679.413914386992
7617.817526826165 9415.361114125588
892.0063744828955 9079.874835164366
2654.511770805289 2717.055348769423
4457.622018312813 125.71044764664308
3655.8000858891305 1365.4069160111303
5683.065168128668 4472.087251928038
8263.875182515316 6897.482975575808
7973.510481403997 4299.316999847594
96.21434418228603 8794.748391107327
6455.58527037846 9204.276790091466
1259.187844194848 120.31061160118428
3111.563175277516 5702.941149869996
8466.563384116054 210.54217009794706
1827.2031272594902 6596.278331204687
5031.2819949290115 9631.34539877813
8712.425545848104 2445.914409080463
5383.639209144531 8009.716278005707
5095.032110826248 6712.601636529106
966.2802428948091 1064.1567158097841
5441.1921767473805 729.6745216536738
6366.1679962014305 9182.868500110437
122.43721430670873 4615.309335428057
2365.970024940228 6236.564500775329
3427.4141359920827 5471.555105528087
8232.052558101093 3963.1093149015396
507.6694082953859 4774.731598963722
9003.554343632171 4224.1041535811955
3050.250289892369 2730.9421147644175
4806.770271984011 8708.915105381458
2385.9224309871543 8552.081244926405
8291.338174066188 3249.532481602397
470.3223210825269 2101.862154758053
3169.4932608010818 1810.0512878135721
3716.3763128147807 4168.029928531266
1536.9195067270769 3427.4345697513254
2009.8350129486776 9736.062503603036
163.48751929412097 3905.6312927486124
5405.786757699632 1071.308941491076
6264.441661978485 2902.9977519519357
3982.527274282869 5160.647945564635
1397.3590380655633 6203.368727743079
2120.186245900396 3121.396987333643
8077.471446628048 2424.0115966812104
7075.013901816217 7554.335834580057
7463.706522921282 3189.091264306928
3136.2590354073295 7499.357338085394
8040.067760267442 5885.158965968712
6881.081095768892 9646.390395924958
4601.744218225318 8515.574547069496
6083.9481037572705 8760.887112718763
4052.5987398287266 6883.658178103208
4690.500121912152 9902.302675854347
9530.455847060763 5359.759377788719
8931.863285268468 9945.64056094426
7198.873316655104 3825.3221530010596
5133.9184844957545 6160.273049536191
678.8447415574894 5037.416507162873
8067.048273041439 5156.889465273876
6541.150415428064 8620.093601909854
9785.392780018501 6382.5648577546835
539.8394625474612 164.3187852970407
2820.6705998243156 525.5830664773564
8339.583697127793 6506.120128745238
8324.127290061038 4685.786753253763
6374.42169554184 1152.986121370595
9291.197258977867 2972.869954805741
8172.668726153311 7041.434041681472
1356.9767462116022 3314.1688254249357
8992.533263499028 7334.062779840501
8816.617918970298 8685.143959574665
6935.25471061018 8802.293664242112
1503.2805290534989 3719.8946290641634
1837.3307570113961 6491.391942186089
8947.278020107979 5715.677299045698
4190.680319817428 2827.2559364003123
1843.5866597391948 2414.5509821522237
5099.344845897273 9099.84847714039
7270.88631463541 7626.903246715609
4853.598782779573 2346.0361263597065
3333.8314305094727 9755.759073993602
2087.1112082039867 6054.993581815022
941.2557861493298 7587.4101603415675
7680.054230367033 8832.221388787313
5286.534150269673 2333.0468860231836
7580.833493369824 1183.6127582043189
7262.343478035707 4837.710694434043
6541.370834166246 6918.899876128063
5520.571883005935 2117.030713446738
395.63951860365654 2324.199818900252
3179.1513706242226 7938.847222981561
7958.418865411223 3216.265954790547
9281.095666810266 8035.960947147084
4880.996405142279 7266.450547172183
4027.0478017986766 1717.8969206100915
872.8181093707443 6570.266287571586
8531.15093062896 8143.701468643845
8582.844437833934 3338.827587655899
4391.077307704984 7324.439987632751
7131.643727178361 9801.348898731156
5716.563820020607 3043.2005742535084
5795.013641074501 1933.2571380679785
6426.815323557175 7312.048581233977
3662.193286845946 5462.376332300809
8605.658011683372 3729.5182363835343
9226.485015213237 1756.0253511833769
3494.3358447004402 158.86820838831306
9813.38266315113 654.7668826822251
5305.361567369413 9516.471417903329
4511.058116774519 7093.930323626541
9456.849307495533 1141.3432567992654
5840.328112529019 8441.925827682924
1055.2686304635495 4210.960235869073
4785.990279373753 9884.757357196542
6495.5790137009935 8975.157599894523
1008.6800619902225 5899.028929412252
901.2181235472094 1199.0363180161835
5066.166252947511 6881.1371690725855
6792.431793295547 137.44903021456588
2295.2712081077784 1338.221697806562
4849.9507484519345 607.7784579763878
8640.36333465857 5696.850638801103
5932.032496015869 5284.359442028439
7161.639026171143 5748.294670549965
4606.408160757005 4207.035198999647
216.17337679918802 6024.6426741372225
8374.678528092707 4677.98599951882
6376.987744241484 5987.900960874388
3495.235545729635 6215.098334550828
3040.1451804313238 4814.60602692696
7851.781267745724 2036.7934977366265
5367.151893863163 9771.37431534855
3668.0521382145594 672.3694142529502
9719.708734592963 6702.200993864228
8035.355269785853 8723.55054496409
5066.121500276671 4986.213262587351
7198.049497861164 8547.083020029484
8973.443692222165 3474.969523629026
1333.1169519848618 2684.8535734826382
5746.694674672374 8381.29250071769
163.48170966594355 237.14674024917005
3036.2560013195784 8867.008994688622
6160.757324345469 9056.300636832271
9806.81938496388 1164.8643478174058
1321.6099289216343 1632.1619792548447
2946.0235178791318 7470.267389017773
5542.94903832138 1847.3750517510257
1988.182940557217 1551.4129677853184
9474.664322963738 4399.6897769107
1438.274146578592 9051.721773258532
2394.6517955799072 8620.106132793479
8003.6190887274715 6796.423227283496
6129.382178021283 3659.819293544334
5675.458900381665 2065.503675220802
9334.278256001751 2575.564619125266
5049.888650375861 9758.127268738828
2551.6924506256987 8712.107381748963
4537.381562398133 2649.032298668739
3380.2820258189536 8962.259072917075
182.39874990151117 7525.29117658568
2818.099347902797 4978.946229869897
7699.3489057756515 7892.220132869641
8382.731728230787 5220.493307526723
5028.423645012486 2150.1045982192113
6965.335886753952 7829.426977100008
6224.602484417465 4668.811527321372
541.4332589392235 6776.748219166304
7815.388709437454 6025.233834196082
839.845306163698 1447.755912479266
6897.5955777706 7818.917968571118
4862.161323217299 2902.1515820159307
6190.780797879945 6944.1049099365555
1748.654055576696 8410.291381240479
5024.67682401945 3971.8124921866615
2902.564219597189 9549.095380684927
6810.246322659174 383.4746847731385
1513.1995234934602 8135.260171464704
2928.7441994351284 9798.044061066534
4659.304382401605 8580.067294720056
170.44153797810768 9047.355094989478
1027.673323501397 4869.2165125994525
3864.4306546980733 5979.936950853442
9947.99678556019 5302.754195428104
1663.1940515827116 2211.3528335255683
2923.444717500857 8374.308791796655
3580.385736496532 689.5364951779969
7127.506602347436 8725.485238287856
2327.5434125143825 9906.4859122085
1441.1250678485387 2980.41182971131
4255.211450480376 8863.06272972422
9520.171874268282 1447.0715916549582
5276.217634051096 9481.541271829969
1111.8364825676597 3166.192280409369
8033.622430819928 6060.936044558688
2379.508187885372 8595.110608552095
6273.111786905734 4583.033470319453
8349.247557003971 6333.164773508339
9889.383531548627 8202.436160197403
5756.965359645058 7726.812152800224
9438.3299176197 9091.82943389813
2553.9364703506117 5936.806139681775
2041.5960225263298 964.0577172883435
1119.2911158393936 4106.413470673012
1557.3524784125448 1055.501015096012
5831.64888527504 638.7855611685544
4650.887963893656 5130.624614947662
2068.068713023149 8273.243523079836
970.8937271753815 4155.466840744437
2927.0066622400914 7644.377466877432
22.07718513934087 6688.225270040414
2012.9908620978465 5314.49713448925
9522.008080119149 6747.986162401937
5474.234762246605 889.115535268441
39.86400727295614 2948.0330931121403
4150.429525307111 7756.786355603349
8537.01129137582 1018.069843110072
7166.467341478659 7238.754848119058
9064.119526521734 8490.070106431222
1598.8684942094744 6490.5272353266055
2316.7767086623226 7285.3670951179165
8945.195270678256 6366.598844723139
7011.332633014148 7215.983140749002
8042.756604239383 6641.225450231886
5114.971808752984 1001.0916868615005
5811.417200317577 2472.260727333765
9848.773908770969 9299.889120627238
1736.3475253470829 7801.725618083911
79.79265416710346 2475.053907934901
9360.05796901756 8505.914700799307
7227.944123320606 4326.353734039257
8219.086741042947 539.483347780374
1135.7651256019353 1871.8531441483588
2639.215507705486 6062.105430605135
9483.866290823327 4404.56841525049
9594.110537749828 3592.9250757883556
1282.1697519537934 4515.301896264287
6435.800111466094 6607.173709973505
8726.785952283122 3547.784199737679
721.4142640277432 8670.957200127874
3284.6559377195726 4040.1373611052736
8589.127157073106 2204.3644105540548
1252.8393172840501 2107.0679016930603
5177.261014567966 2269.686656253759
1236.6075505219587 3430.086416735896
434.0263185918447 6400.676271979359
1000.2556424633846 7548.44148255282
6331.382857620225 6420.417202602509
3966.8208256732582 6481.346314394392
6975.030668719777 8439.518189207683
6277.65340665257 5362.468496474217
1393.5465803139623 2782.9803564056797
3770.0596052591673 4730.541181928916
9893.206408575701 6463.2329685376835
4490.993605160284 6395.348108671594
8781.03957231022 6998.468600297721
6437.048049093532 7386.220590222156
4987.18758217989 7869.553285723
2095.753373913097 9390.581988146014
1658.6434264025418 2715.4273416282026
1060.4647174383354 4302.958573725493
8149.9767418533165 7486.048209368286
9500.880658224809 30.273304120056466
3002.6524411254295 7203.574809628292
593.5000254851175 4537.12032516196
6483.07539923762 6726.628226784272
3151.095446589961 265.12335122989225
40.50572157577869 2969.1055527775525
6637.540149928196 5523.353092874045
3649.504855634945 9394.166017896332
9514.096570639042 4222.186597408117
8417.58909493037 2285.645305910592
4435.5379720155715 410.8702145091081
1067.2825129679886 2293.2994987738143
8199.23877208703 9479.446028724977
8942.775313347463 4054.91713624061
6547.637341157553 3598.5859331055626
9044.914333565182 1317.477882147502
3934.241943539243 4996.2741299756
2264.259431287755 4911.182391008396
6185.60863577577 7008.165682441654
4460.465495333329 6174.311837558624
9626.496275410607 9488.838767577708
9327.25581828605 8983.518516602211
3682.661085908758 2134.053883552525
4085.774604388389 9413.294086442223
5235.522161084329 6539.51774894545
7965.119133132706 3229.9949621771298
2075.194379110925 5409.542374655485
5157.369562898994 7919.949503131575
9683.152243350563 5229.385720746392
8475.447450351736 7757.813335438605
273.049873260478 6927.93965374402
7295.65216784695 7540.47725729029
5527.9939327103675 7582.834423492515
3532.7373900210555 3043.470415915606
4794.825651446678 5057.907855886567
2373.9106560463906 4000.951444833659
8630.738364975297 6613.388847285137
289.1456420256522 8467.007883708104
3544.8190953132407 1992.024589752539
1438.723918364563 5785.137005898775
7536.874501276911 1259.7820197981514
5014.926065236886 9074.412509934913
7608.155326069599 7767.63603386099
283.32024927041675 7134.988196488852
9803.375008468809 7001.35253594143
3130.1011485512563 9982.227761140164
9540.668393296493 2799.063706986635
7775.453237066868 1837.8894670893476
4995.912995564518 3441.823909504288
9978.931128323215 338.4394462973705
9130.095721425978 1460.2236391205681
3541.3544571832613 964.7016190387259
6583.174083525436 2650.5314208427853
198.74379595623327 1253.6989663725794
105.148298179768 1756.7249022746034
4107.330118738084 222.67733878243544
7454.825044710565 4550.157999602359
6034.68747062289 4616.945677498437
3769.01882847954 8626.508984241384
9100.561401254232 5087.306075066483
6289.70356380803 8140.0398246505565
7451.968308233022 2209.4905121103793
8033.892349769868 908.0885454430731
1610.6704908362824 4377.15347678628
4500.788642926567 9844.10802308876
9397.135986242612 7031.625423834822
2833.018179506164 4515.455014102084
9313.616150511407 5435.754387971674
5983.51627717281 2772.52424479123
4059.9812451024754 1255.8189378354
5386.91014943988 6858.7106541401645
5459.481206572403 6584.626778292183
4394.003574177017 3186.0771648926225
8487.60269492266 7720.560211738765
1300.233624924305 49.492698394172365
1325.714370014166 5011.463891929841
5183.739908922821 2952.39821221294
402.21285015675346 4378.917029746585
9965.943954193259 2930.2483853045214
4237.3866142337 757.570428581743
2117.313279232621 9283.063799558491
7574.239981318139 3615.8663352591825
5253.2387946436975 4466.427225065908
7756.0302650320655 9968.605627375113
499.72918666549293 5540.640044207844
8602.28986057374 848.4629481348504
4955.885757324907 3540.6482158092367
3138.616181210957 3072.6922874286856
1839.8883455341065 9404.740458270988
5451.532558394949 9322.906934555427
4977.489828322035 2687.9087083333543
3668.2369582849005 6049.957948604462
7176.782258431053 7186.151628655219
602.071141048136 522.5735619886563
6730.259698556663 5810.89599271681
5958.056525490759 5457.568681793958
8794.973631523326 5578.094758622767
4158.862716016638 2101.066530735307
8723.839323337332 2414.462419369563
4830.08818265687 374.31940260301167
2555.9180603021414 4633.682337504595
8774.745471386963 7754.359383127066
5820.764513734952 3398.3302687554583
870.3649488863763 6928.840338215414
5571.696864773299 8258.633563724468
2738.1411877156547 5946.086005380602
2135.109018470868 5947.084276618978
2262.06389708805 3575.4869140606816
6447.716238176543 1008.3123325518817
4076.9924563449676 6900.0422174473715
6050.880270921557 7556.518103452894
4998.146036629188 7781.970082363042
7820.940874585583 2478.1477629534443
1030.4976006787115 9773.962867637454
8336.729185421915 1735.396156813187
8075.077664974803 7292.794731725986
3420.220741250146 3076.5011494671344
6740.205887147662 4428.635458781497
6833.536189127845 421.6920633288901
2769.190056721945 1632.5640193932845
4375.276851351715 7469.042517218658
8512.036096881706 4706.412413029091
3691.436010975001 652.3670616583421
7597.2466146429915 2013.2167438002325
2000.904628528506 4483.696866208222
4500.779480196205 2633.1869508553573
3632.8421473956596 5525.751922919509
3062.7738296061325 309.2549285037338
6782.961538405224 4765.226933771473
3168.651431508428 5457.8911896011905
4218.035686998964 1995.5929131310413
2789.723907388183 265.0305977501477
5792.6981000237965 9968.508761546784
3369.4538753670276 9943.583448775711
1589.8811275100534 535.8265217788083
145.02607980017567 6598.147648170804
3255.99634470739 9779.569056521004
5409.908752402699 824.1832929405357
7674.227981214635 4215.14220444587
1951.5943836351046 163.04593421896274
1504.0786350500423 5553.44189908459
5939.728991725529 2840.9191387360897
7312.5666881632005 7220.40002428901
3393.351681573056 9838.82786768068
2032.2483038609817 1857.9105839185595
2021.9854959320382 8272.550160619192
6303.494280620159 5367.961769747532
713.8310775363743 4305.392190181755
8893.22420619212 9712.194754347373
2235.3360037067914 4373.425459226992
3829.5601806572554 3641.9996765526384
809.9217276932957 9371.932611320008
9151.6345930855 7809.64675333506
5159.675473768642 7633.441407372642
5246.046605801054 8298.846621335282
9322.315803760133 9021.871857303742
7626.228451361449 513.5192144038691
8096.772886571029 4273.963341337425
3708.25254902355 3576.4461779537814
1324.2245783759065 838.2838308366424
5646.369792590062 3914.8665490539893
1377.4558211399324 8893.768861680226
1613.8399058050113 5547.971395728083
1209.9216557982395 8973.875246693806
6049.377878444136 3741.642428469474
6106.903903662785 5679.07958178134
5336.806765750407 8158.667039917452
884.679157026016 329.58369056014016
9145.273128629096 1408.0567356527972
5699.617179077726 9091.742537149197
9229.647261052387 8984.985122203994
7857.657788324046 2105.8565365358218
6875.493412221618 6993.2522231279745
4055.6186396313556 3449.622803794791
7370.264851927298 4755.071367245159
7339.312057401101 1390.6732588155312
4892.142182245988 438.3675561043676
5729.454502962776 3313.270401347537
4030.196727683706 9169.667004133848
4944.877303163599 9948.373710301006
4784.3321857444325 4751.0437724914445
5943.555720513014 9092.925338897321
6340.715980032452 8062.488371706649
9105.49525844215 9873.353339031672
1178.1852405950178 7506.44210625531
797.5218501260017 4789.919632405547
5133.370940931259 9439.146267847205
4788.546972281605 8272.690820919366
937.0532269436094 9433.830578036306
524.8893580299263 7286.544696524078
2431.526925962627 8433.668053265912
2628.748693604732 1641.7675150499722
4188.519219881592 1377.8069269894822
1148.9494328728233 9098.439735915252
6569.469701032193 9721.68436539711
71.58006438082288 3096.9429534392643
9404.7456248694 3423.2156602962414
2389.1755143560667 9003.569464406039
8415.636136903737 2429.3438254240286
3630.602384777698 8129.3485282206175
7262.72772099688 2472.8253786986697
2169.8230114364446 7461.849831807586
4676.533977061203 5077.0181156132785
3860.231008516206 7043.862172541576
511.01820698184144 7066.8269112196695
582.2649144133318 6239.48658496031
6757.909850420416 596.8580532543189
7145.524324771462 4747.325527594651
9569.483166654607 733.2144686126741
8652.625552354251 4152.087354492563
6159.734234409224 3963.26698719342
910.5528632992676 1050.0676586580826
6088.653186184742 7658.114595535031
9766.274337530163 3340.611572312403
9881.559594212265 7475.349684565955
1346.9082224171525 7144.795843996429
9195.230859361629 6965.122672297212
4100.741971831211 2994.2191348378756
1814.818839077219 1230.4026611875108
5263.917964221681 6426.918170048969
1650.3202758302548 4392.711224641298
8918.622968491018 9934.081148409885
8598.62412127482 8827.50583684117
162.12520809598007 320.3580842267917
5646.935332751298 2658.7719530692866
72.02525045672093 7972.215832561441
915.6276796856355 840.2805003460123
9131.599588429779 2272.9258622639236
473.3558175481478 4301.353579506276
2570.1307532386486 459.4091177912307
3704.5121296807424 1097.8735401499573
9676.637488042057 5585.3073649608195
6768.889368808668 3284.660030522303
561.4274210477943 2936.2880054043217
1265.6655682757212 3313.233148849436
8068.4176916879505 3237.733774666857
4598.602675068864 4159.367702136592
9582.178684723376 5301.602873306679
5736.609268754161 8097.735882873207
3327.1743199477 378.39439997369385
5073.586202528179 66.32818807317142
6422.689245636687 5411.785528717574
9913.739815745254 2901.2287211108624
7435.446109827769 2637.655270390664
7743.312607673906 3372.716483090309
4462.931987474847 8525.844332587218
7896.945184807137 9916.549952531073
883.9712784466802 5932.145683979859
8486.652902347047 5229.688584561098
4829.09670273581 9509.658055783048
9533.660715319953 9487.588587762404
5151.782491281522 5922.775951262715
5128.112091849004 2840.609323491553
6222.625828367238 7213.732250523627
7138.925598327335 9059.94739128043
6222.071543876746 7790.747231777076
505.8470870227494 5728.915912775449
8773.296610781928 2938.479871629379
5468.002773392249 213.2698997262461
5735.381035205971 9495.618569241671
5218.029877506556 4794.674542099381
9767.913777095311 7401.088068423959
8418.12516578592 8814.29674651755
8881.6892888272 4179.490308073448
4774.116457413949 448.9004991862811
1606.1762306370097 3118.0360856051593
8435.9297424654 5829.709646620571
632.947513655675 9881.369667766965
8377.58769438763 8614.694452925103
4835.277749762662 1617.3228411578689
7107.143584757275 8837.830075277612
4417.635535000571 7225.779073491592
9066.719876566172 5884.265899615541
1614.8058785702724 7394.471280296359
7905.082338615913 6778.231367087492
9838.896056265265 8249.669666654449
7439.952693033231 7620.90199581095
7463.501596250471 3026.3675519677736
4574.52471883315 2978.3298536233183
8537.808790068357 2031.7027544532018
3692.4117117357537 5294.9449558786955
1639.4419420182005 2357.001138328636
1127.5267808290878 3996.0144365371752
9803.370752178693 5287.963782835036
5190.153035935144 1842.841378661717
9005.207064768118 1169.1658463713616
1927.7358366047636 4317.379990818708
30.743386469299637 8598.167196043352
9308.688320764984 6338.323775634117
8729.59558803477 7256.186227490694
2839.768250027037 9448.625559779117
2629.326630301624 1426.4183317904578
3762.355372267633 1764.7904216493505
7677.451175010138 4307.729706696091
6920.213148694806 2441.179085643055
7482.226474503617 1600.5925778829112
9151.096757314257 2177.943130121597
8839.160235391906 6523.768912754128
626.8250209582204 1389.113586127667
1558.6754568008132 7414.396076692674
951.2059098335668 8047.74497591955
7651.387160587915 3370.7565026237608
9022.466415776114 7937.914956269327
4780.9712272536535 3016.1696189110353
676.6074085847407 1068.7652419112237
1560.6051664049992 6394.071830567864
950.3654276168804 9343.665635325051
7747.492699065972 248.49680922879313
8437.232029486897 2227.966534387452
680.9884591954595 2500.8089823670775
7657.247768477676 9121.704094491744
413.3582527656721 2602.68239221061
1621.0472127703247 9419.003503971031
9898.228349443478 626.9590430142713
840.9078857097929 3823.8266949502386
3330.288561860546 9452.159213303814
6926.309135897274 3392.091917035318
5270.832844782855 1203.0587260188474
8598.782280486326 5983.090456366949
5547.2353042206005 1228.8902247902122
5470.59621295365 3328.5116282805307
80.47480511999217 332.36054237919643
254.08345062969184 5765.28127370337
5773.339295865327 8706.824831185037
3203.1870077097533 5828.80585027608
8382.951544614732 3095.5910494170535
3536.062753535761 6366.109773250711
5904.780876029196 2056.474121246454
1347.346776893976 3603.7388550068563
6411.314928222724 2896.358541513999
90.95979334827086 693.197483094754
8517.083025445801 7834.666292756525
4099.081384046634 2657.0759188421102
4682.739690429304 6261.272178089661
7800.203722393857 9371.914689364374
2424.4319093690237 4573.545252615095
3308.92585523591 9249.24533628487
6160.687012221788 5008.836220541847
882.4283078623151 2614.1342180907
2907.57704090523 132.87556105267774
2373.3259444740474 430.94921964696664
8323.929817331491 201.18010688948473
1255.8617578998665 988.9621415013727
5711.871509343932 6479.714690847052
4062.1779684590088 4435.780898350858
9494.001219634887 4792.689153425671
7137.655467780039 2634.509425059418
6417.017672810523 59.5165899134642
9509.087886182955 9720.913623346532
2272.626696786595 4389.5966866275085
7356.714989999915 6949.764843518958
9280.079579492465 8422.728039693835
8090.912424341149 3944.92591543113
9440.706413862552 8034.599637915225
2356.5928441121855 7305.633554836314
2153.3229719083224 6270.94053111616
423.1458317858594 6671.818651710555
170.405813394513 3430.5630983730307
5365.00743871626 7814.203373842244
6578.448385301958 6586.660715171409
9197.712456255664 2090.2954129726204
6901.92052304519 3517.372364251303
9706.552713307849 1695.3014208803463
4658.777822102294 5010.761330315242
5089.730291246634 537.3611117052113
5736.474963903842 3815.997895856781
735.1548002890362 1279.4023677534872
6810.957458792871 8131.675589236079
7459.806207796457 115.30528262837625
5697.120934169103 2453.834179341937
3362.846051785343 2185.951626735566
6997.7409649509555 8850.396703679395
2078.426156402833 2191.132282537016
4708.895327681391 7285.376200366675
8661.412359042733 6716.168057751728
4543.412687050766 4485.345157340735
599.0018734110536 7067.499491410866
2649.9002073336665 7022.294891672549
5513.480905301402 3999.3835045140427
4133.415947342821 5781.168758278624
9006.138345667581 8614.227624233572
4324.869384711881 5786.973698920728
5789.607036634182 6931.988726604777
8099.7478710723635 7485.533237982462
4765.682897222292 9149.443425913712
7712.782118290673 3003.571575641627
4027.9258270244145 8448.040132567856
7593.682639587576 3657.9701421801
4903.119332312329 8359.420125348246
5340.087709006611 3040.670602839701
5092.929480862722 2160.598147599302
1747.3877863502196 3374.842388223427
9736.86851995086 2546.175697503833
9131.101531028744 1519.574810700024
5789.9332434111575 4912.852291449549
6425.992825696184 4994.490136317312
9493.059673917573 2991.893340981041
1587.139480298445 7702.3195155272415
8911.79133494313 1278.1008944019557
6671.675501910844 9646.620702191512
3528.333936991609 4729.224741477495
8645.945939734405 4873.4572278228925
694.4280377991996 2547.644773771356
9441.327556169927 7110.003742870573
4387.241170462497 9506.540305097591
2072.9867885289823 3129.6768369284478
5157.742993375577 5245.659595037342
5739.360307021756 9742.533878519393
1420.7956555791202 9237.188049511917
1736.160393763384 1491.3260769478031
1308.4563598260013 6710.106463573503
3747.2172318738494 2627.7251857691754
1192.7512354432456 8721.823027234015
615.4989313317316 8749.893457835935
1681.454303104195 7778.747035709254
7051.149598328749 601.6977138446333
4400.157357176721 8932.87232177888
7899.413495942142 4965.516015582936
3196.197864424352 5119.3215774983955
4569.824195477221 5324.721129449445
1534.761832781072 4650.194287221201
8019.051845411978 8028.571971106596
3804.7585824932607 8242.957079494894
1283.321523673724 8061.3743751321235
2011.8190218037912 2736.998040493208
5972.327826960897 2199.425769369839
908.0410078651257 8739.863483380994
1365.0876069435535 6333.388309734447
3992.8688817010425 9845.083143538812
1789.1873819110592 8040.382427667784
16.75854251071307 1776.3820740101055
7818.402778435615 5109.229992127199
4629.048345725859 838.4645160884485
9489.671145073666 5653.91769602528
4633.719836225436 2392.451915819228
5218.930677576008 5694.493118143754
2951.4960783890265 1724.442143642272
8386.338013690527 5641.244460422572
833.9943336364153 1638.5499680172477
4664.906264482212 7987.156624677542
135.41571910621997 3381.1799508738604
7082.611117820123 4695.27853902865
2519.5136818924702 91.17306718385399
2536.5313802052915 4261.773512162319
4364.359036607617 4870.856906814959
3018.6104925310797 5242.067803932847
5824.675134105461 8785.924042702185
7166.133156587024 5146.6540600696635
21.289857892612396 7627.450783225691
2916.0318721357517 1044.743382711677
3649.5093955740253 107.25935031803857
20.654623863241017 958.1033259742355
3432.9941431135635 4308.2187500978835
1973.6362793558649 3184.0596290362923
3796.971969806553 3673.96771631195
498.03542750347594 4055.7773263386543
9894.39699566541 8597.936645306227
2164.9136294489967 3329.5824362214275
6690.926039309887 4759.435463943448
5939.047159540841 383.220099248498
9199.348477092197 4754.959537732983
2489.480328322112 3715.590422252827
1151.373628480604 5285.768089159584
956.1439725970478 857.643588557696
9404.44296489506 8188.16609143325
6529.77505323637 5735.749826792731
9203.502114989898 9930.823831732858
2680.8949935132287 5773.013518250306
1052.4325072424078 853.8491266490445
5164.615302832639 1570.6257860552664
3397.1058917369646 2387.225754082579
1031.5554049954067 7880.5032709847155
6581.797050021686 7761.61495974503
4791.176595401979 5762.094774859038
2612.9458499193347 9312.414704961535
5602.343978783948 2310.378418085658
2149.0354920063546 3378.354737438022
3906.956529601454 6148.717379975874
4832.611775207311 2008.8036452917124
3275.9850463429275 3999.374287479095
1590.2381338974847 9219.347888701497
3403.288045231152 6076.135970565612
7848.446080739999 8373.097724987703
3161.0817220033036 5787.629291341157
4748.503806461326 6415.564113466886
8421.960894523132 2296.5594845539285
1390.0952355287754 153.84125860379626
7955.879184119646 2849.2364744620113
4893.764702213872 9546.221721822909
2126.518120249753 5471.397587063096
6644.248280561197 3056.2559141375878
3339.982817517587 1620.4762286132534
2461.5806312518407 525.669562398584
4239.786625607904 2691.1063452468943
1644.127226569233 9733.429549192564
9495.59263049494 3889.79092028617
4837.465353152071 3833.651173195031
9699.206024483412 3926.3083461917804
3505.291035434824 8202.92231851247
1359.816737996893 9213.565941711386
4413.30856818389 6878.015934860134
5281.51731574372 6824.25126488071
984.3140303889475 727.8486675260754
6709.6267398385335 1321.7796461607745
9642.45376106488 1778.9384673743502
4548.375495657298 6764.663264027555
3336.9057268893766 701.4998242583592
3681.0169660312454 6677.58272863444
6319.996300068432 7363.710230577895
3964.4466835124326 1589.0716914700963
3952.02808645598 7574.569204042865
1823.9306416036616 5854.870928543959
8814.864741428362 2661.163749943711
5539.552756946742 2917.646958702431
9738.579346017077 2364.042284653163
3294.5144214330558 897.9137761630562
3480.2448989715795 5684.793949567092
3846.427573832951 8467.631733241233
9741.201840656018 8782.814632886897
3286.265465064964 4327.102439893051
8968.913279708573 3793.6384293866954
7765.644871505846 2287.4203831448035
8961.778725480592 7529.099267691327
1301.6321295078737 7954.875745329746
680.0390727836925 4419.977964858152
9809.281994681736 2320.3511160592902
5863.182900463069 3774.6868173464154
7365.630587335637 2175.8918190216405
9064.017194695618 7452.9222698446465
8374.88200154695 7212.270163175578
4531.837456038037 391.1219654743525
9783.042545903752 8895.504204388746
4011.899401299683 3066.9402892889366
781.2744995705933 6776.935740383463
4975.653849032302 1952.8546515025657
3540.751979169651 3760.606251907368
55.97933848567327 1284.4011800182764
7437.821858337409 3033.3189763382316
7533.906605173338 7056.433767180071
956.7880595798595 5856.906281814637
9608.09846753695 2061.185022729276
9998.647798194706 1228.869316208837
9875.611577314427 8994.803081372891
8677.633319101284 5536.696054839452
3962.2355170929022 7184.42830591708
8853.416715642737 2762.8009202705416
7562.965736059117 7325.76080174489
7625.36251322596 3541.174676684581
4287.937978564492 7771.4653854642775
7806.220818768297 4423.4697267796
1656.4124671851011 5373.647944473603
4996.170844497447 7081.3905462724015
7341.16358683708 3659.028352950723
6294.142465075442 853.8965807057431
9337.898175659757 1203.3265480783596
9911.85798796373 1041.8648890893223
3119.0891855232508 3471.7686770680166
1997.0497435885793 9659.505278196195
6028.876496549428 2105.5099967838632
6825.828288738315 4970.956579914951
4185.454248047571 6659.162827682457
9190.190979948286 1072.1326419805011
9979.628520317934 5132.508799176504
3285.170370324747 9022.034851009086
8892.996230308554 1289.8633842850281
691.1500061712251 6584.376422851869
2806.457493484714 8723.453715047528
1150.3768964152528 4509.518323443898
3229.54599477526 3892.55955200579
3752.7237759751797 3468.3432833348993
1953.3221553071833 2958.0587566165004
2874.270630545157 7243.846585125352
8514.340705281216 132.40895946025287
2753.2840928347537 4592.85707073996
3554.4724613699254 8477.987372639473
6941.695375645442 4309.442231650576
4671.121016762783 7612.102798959955
4036.1898745461754 5453.193882545053
6674.646862856288 6614.88277697337
9071.536820287973 7449.731754213641
1304.570331733672 4586.628344023227
749.8071766125769 2827.400927555721
2403.396457006951 5764.1262516416655
8282.634928403804 8723.281477072875
1306.6643633530439 880.7879989918688
8039.704217792036 1973.2678464522457
3780.0980832674413 1543.3862486180005
9425.149695519469 6595.117301321225
4219.488404349893 9798.54271548589
1444.5795986952526 1780.008016715333
5026.217433798246 775.0181715650906
6278.94451599483 3127.2846809902253
9081.086443841798 2313.236620822031
3847.490286222888 9788.715003766636
1061.3862645062466 1831.3810145068544
1820.548909801616 5432.716172618741
8980.907205408746 7327.76927751787
8833.939119351353 1495.6556321230319
779.8554458233831 6382.13081317691
4760.260606495277 7056.466784113166
2051.4055115130845 4293.775920780168
808.3843112377542 852.4632737790927
63.886374769353 82.55403128334282
3950.9547698895562 7448.378876094792
6122.363526085639 6978.880230454082
4720.736887134683 1377.2912629947343
3010.6434560997095 2242.003594147672
4770.157306348383 191.24213147327484
6764.495570281286 9671.079313779632
754.4020510804272 9790.992940428894
2349.150099570385 7011.49957437088
4076.9492206406067 3148.5077387386573
948.8959223234161 9609.326125984326
1827.4352637326886 6592.386671174334
2523.8704195793493 1129.559104629555
2845.261122940551 6195.620889100603
1048.8948610624716 1929.3702716570315
4258.367906724286 486.6722651285882
1421.479903780285 5765.313275424059
8075.122094205089 4699.034681775005
6410.885120882847 5913.920104251987
4448.269367101213 6081.056920738739
9217.387311434819 2497.9798397127374
8083.426707376001 9406.966333796961
2220.677833601433 3836.1883332667667
6930.607495273119 6761.65749308407
5318.568013360124 5971.748364666984
7775.777929633187 5915.960204270602
7891.9570540320265 6185.885323041806
1640.4688311127059 7165.7392189910515
6879.276324150663 8265.145087859246
3000.9755891061673 9377.316964812819
9703.388443086043 9566.718194905927
754.7015202096175 2163.3530062789187
4866.193834781249 2513.935682740701
5589.705821589459 2607.455586769788
4910.948746392129 6054.465057516123
7954.544475583683 1762.4364117192904
6149.580625717906 5826.632520168471
3178.998125931234 8266.267998503945
7062.037975298612 5304.680018424436
5462.3029501482615 3851.4364660004007
2596.9879332656465 4031.6651523797077
424.0125216923851 8267.527793418085
4737.935042282753 3199.0952469821277
6703.636086885312 9193.52222699419
646.0990747738671 3295.2802336434006
698.7162106822409 6085.419175007778
8451.162557426813 3319.783117688788
4947.016239493915 5586.444549064572
7333.256236852964 6149.229976516281
9887.01692983384 121.2456569635978
2924.3193773165112 40.13822209144813
771.9236188171119 602.1087890467625
1254.2409007983536 1967.3130482536726
6365.910385368227 8794.381649876315
4476.946389504515 4521.743395928429
3717.339261558402 4819.921736432087
9433.866477951007 4429.832892260343
3782.208285158446 521.530401374286
5746.987029620931 7406.181859303003
5962.098908017358 9967.976029696552
3580.945639278429 1015.0298540458014
5724.408159038773 4248.349409589389
2473.4046615121874 4490.859989110592
8388.6677306176 8886.132526743735
1705.1990330380463 2056.556790434868
3891.265598011222 8697.507149309818
9566.519882112203 4177.897978627225
1881.9028957991525 6725.065903057038
3572.6625848947256 9406.054317980552
3858.6355410186848 997.2323052218579
6192.630402967856 7985.157746360345
9214.362038403295 5295.33431806089
976.158658744064 7239.894559766196
5046.140185498682 7854.419426104764
2099.474856489143 7908.464976540662
5369.723066499969 4980.536113605958
6297.394903629896 49.14798192198533
3985.2305229161443 4936.35211987507
9909.10414742149 6924.090555536834
6655.876728547173 1128.6150556302011
5337.248986956105 5351.844935757621
2490.200789122724 2625.1067347689573
604.7232622325449 1420.5535764838528
1459.2541570826977 4335.378796544379
2890.8060941192216 1166.585677272377
4833.719925014613 8808.700552285472
1938.0644001960868 6848.807376610872
7991.952534471191 6534.290653783518
2043.7098534535048 786.5684682875728
528.4417960279796 1873.04333935985
1983.8548604060325 379.8729402276679
6883.221169412729 7306.59975460198
666.3876806562907 9893.093330758807
1816.2572973685199 9558.760085185872
2567.9428581831476 6858.9803122916355
8966.87016116039 7325.868077931732
1082.717236555617 3547.6068116820315
7466.751509124541 1846.941013441692
9795.642246415855 6845.281386939049
1116.165206751696 8350.962200096246
1389.6905965453432 3101.3489809352914
6986.425079352377 8537.887812925126
1406.860283873229 8026.196727559204
5477.768269509835 1681.5676046474093
9404.645135229754 5561.664964732186
1840.246948091231 4686.913145928337
3184.5690535025174 3795.4585161965047
9956.29161292726 9490.291053437866
2716.6183951551316 454.0449937436897
2787.097813913697 9561.260365701142
9143.185641324784 5283.912214353307
301.0215654262749 5945.410890852941
818.3909512812781 1718.9541509772998
4930.667060126512 7282.202066954805
2723.420263330685 5632.140001554035
6646.380339673105 7538.3411508435975
7795.78310823816 4682.514233848215
4587.368130163195 9816.382836133598
8720.158270553846 7793.9668601098665
9857.683538538735 4529.86851912071
6550.7614698994175 640.1007781766688
4572.830822452213 5480.468178167293
8169.935145218029 9659.914980147709
5533.759659726263 7929.2272005882405
8034.924273055958 4091.917733051942
7008.536462877813 8623.159547508012
924.5710886878378 2789.6640005814743
6017.991093803206 8920.072308997513
1469.9236853897391 169.6132068261713
5250.157479855196 8648.642601065196
3137.5224514739753 3542.586112850684
3269.341363036582 147.41615834795053
4031.3894146768225 2292.99542041725
9039.161901213318 9045.526887208609
9389.517872621516 7895.411084412768
7944.930405449172 779.5885945570857
972.9163742739399 2595.9156409451766
9479.248842761197 9585.341629761548
1680.0379433541445 3736.0913464012024
2545.718851698694 9759.283437245222
9666.677697079607 160.37834946825757
2939.1751352019555 7354.649769961852
11.202015471850624 6922.9231710113445
8976.867346029248 4157.755522918841
3537.2254704950324 4597.940721977732
5483.534763427916 4784.842913656141
1790.6253652176108 9897.989836195135
3374.328208112243 2046.2290037878183
4365.04517844159 5017.465179190097
1933.0562567500087 5343.679123187488
9779.808172442166 4143.989434243264
3549.238690775833 1798.580722948273
3936.420337001455 6918.287158801536
6155.979331565754 52.626424759314446
814.6190042417855 273.508229947006
6901.670820760103 2239.359096648713
8516.174874360104 2047.8600030985572
1692.072125222993 494.0737472183443
24.436125543270126 2039.8020014008555
9155.307002991198 551.2041870164442
2119.854286471403 8762.939339106655
4310.8526322635935 6472.474919754214
7776.508655258833 3058.1509630039636
6764.59913222648 7355.728129363199
7061.90619008409 2933.3718989091685
605.5782895075301 8993.482452569553
9072.098431793514 7526.846009855756
8345.977188814246 881.9207778830962
2756.4262964393192 1927.5475065336566
9224.562478284173 1725.140080779426
7620.968108300667 8736.872702667551
2984.6655839607174 4636.143384646377
6247.028713644567 6718.579253543739
3841.383454893107 6605.191019111366
9320.777310043608 1659.3542341584655
5768.675838951057 5487.768097650455
442.40593048131325 9650.273793483415
9465.54857542065 1758.5685979848952
2367.9451471958178 8399.813612075543
3401.5318520603687 1584.534064952966
8534.138656250481 7901.954318620195
6195.173738058926 2389.1292832798003
3726.5485895358174 7808.322781811491
5245.293729898214 2011.6739818406547
5573.320645895648 5191.197776605039
7013.241877629172 7809.691844645657
4181.813878781972 3034.5954219870773
7645.443067939322 2608.880303436841
682.5572693976878 6753.551200175387
8729.003788217384 274.4431962024751
6704.764599064705 3317.0900183845088
1889.189473002173 4859.168908509018
5879.905115349245 5138.285950804511
7666.08294795558 3777.777729223034
5354.591106367782 8795.182855325247
8648.763224084847 7263.70608411807
9991.310866162028 6859.256910091805
4198.846355258142 3483.627009862272
4445.300839616792 9633.477157349575
4261.256472023049 1116.6593735854724
8628.113978100546 2439.9240041869284
2738.6052112148604 8949.34643800687
203.2133946826442 3247.304965553316
6696.573329525534 5094.134953670312
3706.1756504261666 4891.604063617931
6271.206637886252 6808.219987141369
9641.864726855594 5918.491781235114
1565.053263708609 5571.264989158915
8483.196009141951 4164.010329310426
7047.580043685389 1074.6455234845987
3880.877732040874 7590.440039669059
1016.3313464345903 2081.506811195064
6590.782660174397 7607.146489580889
7528.799102074393 1736.063686937922
5635.3682660972145 1131.5955606973694
880.994186640437 9832.21639897811
6037.831717918615 8983.613527466596
8187.224221358517 4795.691267477142
3102.4442250983843 9856.36339526496
3906.5969626065967 3690.558830720809
1661.7864756399347 1070.3966357043282
1265.2852052072672 9430.123922174733
4971.361456026792 9592.530136539039
9439.604327159996 553.8179599768167
2004.3328120016313 9389.190553226153
2093.4695032261475 425.86939000165194
3783.9011987308545 4084.2575501136334
2404.8153138490015 9518.168057735433
9088.09657471758 7104.327376734753
2069.075527691043 6558.873441892182
7371.528283800996 5019.71092493569
6933.8365817061895 1759.9701979341698
2070.904494291157 3627.369746080772
9897.295914228194 8081.100989819781
595.8938186205221 472.3833486681639
2494.1664363167392 4543.655903269369
8254.170218054678 1967.4329354640363
196.19281025497258 8978.237498093795
2119.2465781352353 8045.178638574502
2870.4509100702603 6270.257923228949
7421.969923197142 2366.2939063036924
1067.1258221334979 2162.5679797244193
3431.3133308251286 1506.3156962618273
849.4754569009377 1980.6565471862082
7987.368577453905 2257.3564417345783
4732.198951683213 8265.102371850257
9859.210006742072 2206.116793849843
3960.4555560505783 1227.5973756710523
5922.558549431263 5087.5279598833
7840.282906173536 1191.0039025235774
5786.950867136758 9063.741442315644
9122.18583135172 2730.5470900124064
9949.375735058866 3041.0770513754883
543.1833592736546 6102.386784156072
8811.111100533724 3412.930063215034
6548.612992222158 2727.449178438477
8966.75393356748 1204.5278597683728
5943.509982458629 7992.545284844009
59.21216544606756 7495.817847931789
5764.394661559625 6437.439974846725
191.67898870054324 3211.6599778311006
4015.8142166456855 1515.6741798820906
397.38791229189553 7893.884441265797
9082.005298908678 4548.591215161154
8990.207377364715 907.6715429888804
6602.554105332731 5236.14688151586
4753.895812815124 7685.096182727049
391.9516566175485 9144.73760484362
3875.1118790149676 3071.570256045657
2586.452594391062 5961.409237585186
9285.03453332232 3616.311981270194
9617.663969245992 5985.45552797097
2646.7123769626955 735.8548493787642
4840.809184406206 1322.5576067886757
8610.03299960207 7080.005906052176
5686.618980948416 2553.251614962141
8153.461651965579 9142.548077935808
3059.328136969218 1266.6558484602574
2841.470476205039 184.37660037219138
3369.2628737384457 3782.0273738728083
4648.841462572827 8874.64666495363
9067.025430492362 1624.8612501981052
6637.791243329249 705.9020403003025
1837.2944481901632 9880.881061033326
8221.136462904564 1202.0462209915618
3713.7783375037457 5420.417682021646
5004.476895761656 2213.402667102381
5292.870733523499 3167.306513942436
7272.645946204788 5181.008877878822
6952.077956349697 80.57817728718386
3070.4387295334677 8152.675661798665
8520.297837320612 3323.856753209218
1524.8965690040661 6546.231134627605
5200.549388823302 1216.5223070894483
9566.191527106694 1180.7652536087576
2711.7695843497645 2992.330660845417
526.4186519346348 934.5783903130289
2594.8004181885544 6135.329281780911
6230.372771371349 1538.9256466384404
9418.717872330633 8119.545847834884
5139.648243458592 6479.545821639852
5227.160771415308 2748.0665584007247
7871.168673776589 753.3457033920677
2980.333643333035 9968.762649298978
7983.518064092477 3315.5103665635866
9976.87885506478 2038.0634558128108
309.21007829971313 9452.693534087874
4280.8245593114125 8210.818709400162
1308.2991448599034 30.834887296252724
2032.3303745427845 4753.424117421112
5928.500595151807 591.5455855057472
1186.9708881702668 7009.038721773631
3279.2559050265104 9608.886517349556
7706.810420026183 5487.847907651238
9061.9395043833 1868.7612840712732
3517.540547962249 8511.980352251127
6145.67700438954 9896.033320683782
1649.4639503204367 9813.817468025176
5938.001559770804 3629.8667093184913
2896.128019363777 668.0805371377375
2271.8461307866232 6135.682236190693
52.92275618081543 2632.218570210584
6415.137052712382 1042.5106621151604
338.9779995240638 8776.262811276805
6506.511109288348 5607.416400608397
3959.206591069985 8402.450725272645
7230.454192006782 1834.0520589388186
6929.356942810514 2686.5690395998954
5867.418697488869 6910.300560043557
9265.456178355502 6417.096188282861
8989.244551540598 3380.346412429963
5430.035969249581 4064.8794101465824
17.474719957835116 8929.412588693118
2531.0555594025095 6785.205199925686
1621.9189316711147 5434.788764888739
3185.444635401541 635.7799644316985
8509.092063390486 7024.665131075106
4187.709628920041 5288.262645565801
5534.909096416559 7286.680015377581
9165.061954194704 6817.643534801539
3273.2914754314324 6480.97948418004
3254.037823789061 7772.8979222246035
8182.1053399447455 637.974826660056
499.6040839517468 2663.984035208944
7330.112696819972 5758.876555416361
156.24750205069927 7244.4002882023115
8283.386313047293 1987.477829120945
6361.57365752333 5525.148559438432
3196.904669628552 4584.541722849185
6756.447903776995 9325.102305358127
2416.806667247867 811.5472764733
9541.729948244287 1344.4079037635458
6971.052723771266 4418.433127471592
5190.1696461129195 4241.6946173603
1211.005578248353 2330.3707097291126
8573.046259237874 5002.510042573416
6563.706939699837 1341.4905965367595
9614.649377613287 6005.532215226982
4864.395522379505 6148.873944907712
5753.7144033355835 1624.7573974680952
5061.073687283289 3898.0110769056596
7469.444171634284 1949.9984882077315
217.69786953286797 4561.326376336632
8920.759307376793 3264.671161760985
2689.8341662597345 934.2488950257366
9350.93863666453 8288.98609373947
4106.383846676662 6808.706369710623
7325.8271099285885 7878.305085509825
3363.2502346229544 6971.809777233321
9102.302692338639 9860.55908188162
219.58646685692918 8077.884744874566
4464.707923544905 3.270716415871844
4284.5220208844385 5154.894339291984
8220.471110151031 4719.8573196209545
9192.043989443391 4531.696157466258
3212.157003134357 5056.538364357875
9583.958277125808 310.4579672028185
1181.6971796775665 6745.307873968352
4155.638941899418 8158.953920693205
1113.5755660616842 1665.073028185664
1466.5235962532963 7160.34883316916
787.2507797588457 1922.2032816508506
6477.09304531812 7733.473978560084
6185.116272150926 8943.371415185116
4846.323673886575 1224.4834436653107
5130.820144492702 6467.711736850237
8908.383340602666 4671.171692953852
6073.77080941911 8131.960111403151
3944.590875648493 2454.1285415433467
289.1799293917441 7461.3794973206295
5876.439335992193 5074.2902268632115
5929.008244493064 510.91857455295764
1827.7350900841104 4134.344065261805
5337.687922291499 9145.188975714322
3138.68550423595 1751.8272408774549
2837.5232971717037 6002.488125275176
6362.017881144634 2094.657104757418
8792.174568986928 557.2355731631761
1530.99125979701 2505.218610735581
7172.655672999976 9376.8314280391
8561.41842223755 1767.022823642388
8078.784901468071 2663.0850083113187
2034.5896896501536 3468.345361530082
3710.0468403799823 3475.003562953828
1805.2470651101626 3130.1408716380574
6133.339199400969 5648.872932247698
1888.5294777352524 8790.922451830484
7861.093225417118 1363.1971681166544
2902.0743550155858 6079.1839274797285
1731.7708551374733 9540.21223331876
3974.221073113313 454.3347837671485
4875.760795416419 1832.3246164137975
8476.536635340626 1260.0068216976713
2653.2068043246904 3810.966022473714
4198.640573311057 4508.983170159796
2366.321568848868 5157.000227941375
2655.577783000144 3906.8926559916604
3277.251749112451 4145.95311873292
4102.751702348944 2522.1981096448067
9003.576501162248 8527.983321293363
4530.693507689547 722.9035490402225
717.0393753611648 7021.6457390654405
8421.713005722979 9525.79162597218
4737.1249117272155 3072.146371483152
6372.739767956758 2341.8962252580254
6089.6118653543 5268.923306539846
9823.42728907397 2252.302861757862
391.24557184547217 6874.030493355745
6075.864808145374 6411.263743349083
25.192174016508417 281.94453972590463
5551.998113134589 3949.001945915207
6987.949693616502 913.0488674727222
9807.132702163854 8834.46916910467
4016.908954531353 9037.199278519662
3202.658492820729 4558.717734323535
7648.769822002647 7330.403978111498
3338.395151417637 3212.429881590407
1712.5394209234978 6586.805264107577
5354.729385994359 7556.5465668827155
7426.846583522561 1939.7777157390906
3036.9778582370964 1022.8189877236405
6749.831002074808 7190.108273504169
5289.173641305005 7231.509205133687
8920.874984232794 5395.858499968375
9991.743810073684 7576.342310868194
6236.963572966352 9747.652241989183
8517.307982526045 2702.2158503086666
4022.475116154013 9934.770063292497
3251.0937608268855 1289.0563108605147
1479.7175134582862 5701.579487512235
7347.233408880742 7455.602010148385
4648.546208086736 1100.4583775073918
649.4673621614234 6309.789200890374
56.906772696401205 66.5238705948501
8214.548898454166 5697.799212169457
7810.170593606699 6371.106355007102
8198.909627019906 1041.7256267611785
5845.641369893463 8755.059611501067
4003.9094647382044 9306.201022039213
2869.626159655649 5099.632881367642
1522.2616333361661 7597.220377702692
6097.983352451516 7861.768970735554
6087.990547679365 1671.7879922120949
1337.0733269770362 6682.3437997473175
5304.540075648677 9724.900674697348
7170.553564121695 3069.9893539720415
3310.4240361075167 7220.775501257805
2058.4757963647016 6369.792968141204
9239.068223403825 9248.12228197556
3008.657938033498 9845.304761104517
7639.264848177229 7904.642521099863
7146.320590433336 633.9181042912545
1444.9210310032379 3553.840105228289
2986.4911888307233 7579.84236404146
8717.553441205651 447.6084763444288
6504.697295431097 6505.513488097427
2832.243456612067 9170.956063500653
8204.982818949895 3351.437717325224
2037.5335500676372 640.6194366677054
1300.300915216057 1796.1028207210372
8392.01106777596 8977.207506018089
7848.847113074498 3461.728864656175
7965.092835212029 3470.90432443664
9230.91965752718 5618.273341650211
3886.7881910674996 3073.657843321742
9704.39972612087 3417.246794211458
1340.9828337333795 376.16453919962044
6942.970947084414 1118.5344284128385
8919.052609304015 5865.85258945878
1439.7030603296757 9517.558706041873
3885.384925987555 7412.462226076061
7449.64735817763 4836.76289779403
9853.642734109852 4390.702261086896
1748.6038563827387 7714.530277838018
4132.38340505125 624.8645547112785
2901.2353887499667 9606.29845676085
8570.897076928819 5428.15614980257
2960.223927520399 7906.769278307875
2120.9085617177757 7409.911396493922
5559.170482268825 408.7502553526312
5527.04127570767 1436.727743000088
9215.46932422433 4333.311871579593
8568.71169189303 5158.964884289461
2325.3884626752874 5097.578213257117
8098.391531780873 7851.935884076705
6812.115803702983 5230.614334400689
755.9339705084767 971.5075718347343
678.5380553038922 4404.511636952593
7685.931576822621 6786.723564878031
5820.03879747096 7416.91354120417
9844.834451576384 8727.44685748319
6368.617415778332 8142.866489456287
1556.8292676815954 4672.915982507432
4568.145676753725 3968.0172251792487
6862.23608376605 2307.493358021314
5721.593602827999 7021.824649123105
7899.454920853367 3882.7819140619013
1104.5747092128356 5648.588040969446
7071.254628597261 6250.670077681997
7905.571567815395 1985.7389782265277
5068.461151412474 869.7593708659434
8231.724094658543 9262.983852746027
4958.8730214142 7638.02057961599
5010.073459564498 5492.522992911596
8496.490724001604 5867.40995829494
1217.6721204836892 8589.714473483478
4565.921070347035 5491.574718580722
289.98967637948624 1645.191711966637
1249.0710631128231 1685.6614871492416
9785.550557887034 6063.581227992699
2386.0268332205437 6477.635150218649
7425.767008698078 4590.61404062556
6699.261557729283 1643.405274327211
8482.436139416066 5869.557404870217
2560.0994931111554 8203.448912631453
6151.392845577288 7099.539020016458
4298.612531079705 9176.506710182983
2029.320227240633 1612.476193436536
6592.905825680863 3896.324240884207
2101.7405649384445 3741.9593532063786
1921.0017870567142 4160.294412730085
4753.719948065559 4226.5863314902945
2318.3070080293132 4754.256537616829
1230.8384335305377 5571.875209010243
755.9085726267767 3485.588557733421
5706.494405866453 8289.037366085564
9339.71033710615 8757.126119088505
1652.6222936613399 5735.517467682868
1227.6887071144215 5927.332587263706
3564.4261936188072 7401.360192082812
672.3087914067927 7227.528754105977
8255.737715416662 7917.098848585875
917.4139214381971 3844.890003343926
7920.1330818033175 1803.0006728615144
2813.6599492556893 2930.303179783318
7943.950773830085 2036.1484331639467
7963.8359544313535 6753.067394523856
6060.870924421393 3880.9731255320403
8969.176824871207 5999.817133124709
5853.734247310608 4110.498544862888
5920.040162958246 4302.929201808338
6837.7903506237835 9739.694678784463
2659.0844451961602 6484.075560837223
5400.585640075749 9698.9816599923
8542.349565488488 8711.46410517663
5727.210145331445 7495.061697776438
1433.41167395011 4794.710534708347
7505.646432600751 2837.9026603808366
5488.042511217927 9179.165631392116
7685.470855527067 5456.832338935896
2921.5759056835477 3851.9197387049144
6854.1800804184995 4885.347007553283
2398.4461609971586 3334.5928993099506
6898.927725800247 5863.376950621277
7943.126336493973 9213.412682599148
5537.471981298916 187.38992576001644
1343.9690466624609 3244.968515446478
5030.6505976440985 2332.860606032514
7906.205296829137 5976.427857493998
6929.717350298527 7980.266205012599
107.6337774427849 6031.880951628353
2065.3872683830464 1694.9167276006772
6220.293278531658 3741.88438389602
5151.4541877386655 2442.564295845765
1283.6741286131603 1631.1502801302956
6354.359359839912 3366.877355848125
5949.798557160587 3429.729803086048
7971.108695213324 5311.508702802087
4667.756463481051 2735.923778555588
2961.4462240465623 1938.622225696811
8435.053092936425 2234.5464448488374
3496.2121873302744 7977.390250540263
8915.392033556009 4462.05916228113
1912.3258616004402 1130.1067642927144
107.27896410642313 5510.478990887385
3505.853799548416 2470.209198138802
945.0985433672465 3774.8617332037384
448.1311366860497 9785.635867189805
7224.086345524425 6874.546039512157
8775.931690599473 3252.592638141161
4062.8747680646384 1216.2367043824263
5885.184974451478 3068.9396181538364
752.0676587711094 317.39836543670964
4248.763687095725 4233.048101176102
8284.553986342575 9971.31755038947
8182.37736961324 4523.121907248673
6123.047043963739 610.5849666364238
4398.620739364143 7913.617708425749
8832.59159766611 9813.636932877236
3817.7473704388285 7159.535057727409
5090.551344203209 799.3914547469694
1644.7470418350606 6085.993526176392
1283.8576782277955 5967.897251377473
5075.829812242248 4239.65074583875
9413.06078423201 8070.311359418583
3163.4257911831855 3990.1571981258367
4344.990813190158 5429.408337415534
1347.333168291568 2913.9851669482573
8590.607992942509 1782.2143815621405
3950.6579373219665 2349.6071173855503
3731.8783717067518 5779.252247682643
1542.7071746766585 6382.143144149536
6381.28153965239 9950.272836455344
6487.011037803987 4197.234500217857
3129.8251502121766 4034.237533448064
9221.16592648393 2738.042187502966
3324.1992810254005 2971.7103961508374
9856.206241280624 5905.911548940641
710.9742838753031 5570.7061457039545
4536.727411506196 1164.3800824899863
4995.515213640644 5882.432807532618
3669.000585079473 4337.853885603667
2185.538998944837 5661.2561727886205
9602.83093200354 8640.408133407633
8224.021031269227 2933.6074521774012
4643.931514965683 4526.8203693631685
3863.412756665937 8663.441409312582
6377.097478562652 2827.0726717158245
9992.902878111858 777.2491146872961
6196.482823802465 4807.21165959496
1702.7171810608943 2399.5110276389696
8667.79413404148 9293.586582533115
6254.220830049715 9049.878453121442
3888.237501566587 8804.131159213357
4821.850180351978 7766.251170306533
2363.5639208621537 3749.4953219385184
382.6673483312226 9643.314636012292
2087.5772149747886 6198.4703707883955
4451.598199173619 6113.993895315143
487.9859694351507 2446.297166618383
3495.174249403827 8451.66305165872
9693.491897520156 6681.0807353067585
1803.8752348694354 9433.850598796313
2180.5266014137915 6412.682243021727
1362.9225726682703 5883.562012873267
5274.063713028535 4010.095252767545
833.6483081903667 892.2378056802028
7205.445385998149 7687.452983289427
5142.326156463132 4928.752566625331
4471.185073737949 9585.462028964139
4370.616119508728 5751.754166515158
90.21594342362161 8214.185563231695
5651.544570655857 8068.028700740909
5023.07490150528 7454.75237709104
4597.199165254114 5217.4727512551735
495.0281615564633 4561.69981249661
3419.0928633867647 6815.637794047742
7256.155122823159 5164.305245997879
1349.407971180213 8247.712023025471
8914.930184121164 4134.395289558992
9231.106378045473 183.18599442325723
397.85002162940566 7369.771423293359
4217.147344639393 8868.344739804206
9316.176016918158 1036.5185529807918
2403.8278745087982 854.1184456399875
7561.871856202281 1620.1199556735924
6920.523824014754 9029.711817814981
2808.3379301206137 2254.424015438049
6507.8740931324855 357.83001604131505
4757.552011362608 8229.168223020828
4938.715941120083 9545.198392911414
8953.749875537764 7320.889463157898
4770.849517066482 7032.475481366746
1774.7860841650443 8648.700269315366
9867.968886781928 4150.540976393612
3815.841171439397 7125.551234963859
9884.86588699641 3065.535634323443
5296.14703339894 9257.232517226728
6485.280571489019 4222.920482846165
6347.924662172184 35.51872796259015
5445.531871119668 9401.20670860129
7087.739633958448 9978.493183060393
994.3356794342761 4198.9118890826885
7224.001957923705 5990.232851541314
8748.974499196902 9803.67234664303
2620.346119571387 9643.675636513231
1430.25537838686 230.34627036198964
6713.146758115228 1734.6295123193966
7173.4562419465965 7865.322891163534
7972.4388626497275 2511.527775083048
3699.7223384575695 7117.150981071908
699.0310244474773 2854.6714851246024
2872.1492701177285 3248.982794351708
5366.60990024541 2860.342649474352
9233.043581294409 1056.2302080510021
6446.15403850493 779.3122113290896
3003.6278687818262 5953.20891309229
190.9902491479176 7065.908759061257
2724.714910590976 8245.447863948026
2214.3390354371063 5412.949887726674
5226.645235045115 9889.723836902314
4857.214705065972 5079.486222325115
939.0490729154699 1881.7760173648755
7323.058268186257 6562.440379175429
685.7533250421354 9562.044856251172
7346.498139889855 5719.870445077464
6057.429090062945 2592.669709595825
1767.150225204407 9822.726051588439
9214.330711812801 6134.370855313833
4795.383238807648 2693.6030093807517
9543.751221618646 9839.732472295842
6985.490526681453 5085.146748816808
3981.580323673938 1679.7921326687392
4972.726063800896 757.396248854798
5004.617434313097 4333.735258535943
1884.1792536517555 8332.492915734147
5310.058820937627 2896.8828262867396
999.4757345085392 3936.832201856958
1020.8426564206363 4000.048854747451
715.8082466577121 9884.864185340219
5890.301343232526 8083.7399777470755
7162.819008827154 215.39726732332286
7426.8373643343575 8533.554497669846
1916.3689676693841 4760.397679023936
2119.102416705021 3658.5316687416125
6176.2437445563355 9607.917650601474
1014.4281718658988 82.0947754608714
9501.365430514099 3314.9256870188337
8788.018317978316 9015.615657100128
737.0901618121572 5032.455508451815
9137.681663268853 97.52707839196906
1122.6927190093495 2824.6263076390187
6848.649970512767 1006.2931060662083
4733.1485813832915 7894.731104065419
2195.2876585291006 4893.441901805113
9387.845523547072 3175.7309591596318
6481.270999693309 1833.2568223998303
1949.8681629101754 2799.129614676703
8467.073037879507 4948.607745213507
5543.017438840042 2325.348543133707
193.36456714146078 6647.800310669685
2629.738968846296 8300.359318229195
7281.200153413932 5495.208262983444
7121.655528084304 9697.472035654651
3174.6269795610106 9638.846090735853
735.4079292742821 3109.821217283012
8988.61909211283 8430.92961068372
3660.0300766844693 8178.226465792322
635.006535492264 9902.859958314948
7268.094386297126 9670.752132756526
2721.331468939875 8093.964462103748
7081.384562336465 7874.423834194542
4352.334487696876 883.7089650760355
7492.86422845529 9516.206317579867
5411.031363537418 5939.993248729981
5850.226584178435 7299.485346692312
3156.1159139958695 9671.530915746556
2422.3286664190814 7323.934717126279
8044.683686883396 1660.203955781182
4498.3233621940535 150.7952493018805
4574.037746811908 4949.67308417077
7410.326734912834 3082.227597051236
7633.605516931708 779.4172105740249
2623.963071119588 8342.546862979352
7367.7607856629575 4878.765487108339
3207.1569015680225 4280.781081015661
5872.6077838722495 1273.3736014770436
9966.046588614468 4458.144731991935
7184.5551035267645 8706.99081355809
7327.91843228379 2540.649817150266
7965.765898770647 4244.250782788254
6654.569357324758 9286.225048883478
51.34470274779757 8395.612548598525
6085.525435100403 1597.3505625682938
7595.377674799376 6193.46871940478
239.05831312831748 2604.3565562648087
937.7189687609578 9048.824507117182
139.9565418441173 6051.176595103698
6510.670950838408 2930.8492110095253
3596.525292824604 7874.484460935603
7114.4795340185065 9436.984284995871
8915.302777019915 2798.7866239949476
9712.82768581314 7659.189316241874
320.4991168430571 4014.1805291437518
8534.278833795808 6402.293172571674
1736.1753066119122 9560.131461452775
9712.881196600682 8273.312357885903
6692.700069913011 9907.760780901843
9960.918742744956 9435.984367388452
6035.035392750478 7414.778625059156
5839.052935343264 1412.6597803275843
1838.916814600714 9821.33447370742
2073.866691458911 4216.082999634241
5482.011450655512 6761.700591627446
7070.090917923627 3306.484783599598
170.6526644060502 385.8448250111102
1274.5547461888373 6394.799285738627
3388.7627771001116 8616.58545686065
9371.170164470892 9950.710632736249
2714.0978985632614 2312.1679204941224
421.02434088947314 9424.619143089352
9237.953133170528 5660.737286059666
1008.9212124595093 1655.5182175415816
6427.996162825369 2502.3272027611733
5217.477003834593 2712.151718697103
8689.898742455649 9955.622153503678
1822.1440085317197 9502.721812685471
3111.9633520101365 4720.890360039348
3485.2948855645127 8888.800772470917
9917.949789622586 6737.1300614809425
4924.776145332552 3751.9982837830325
2006.8241128608176 9490.607872134124
7042.094485145727 1487.3172072648078
1624.1716941451223 6203.608215051529
1817.6726749819939 6735.030999052116
2688.526076633089 6376.359362680794
8415.374028743356 6813.2991648174
586.8853186474055 7711.733235817039
4385.761324572759 5276.631382524266
7357.198524583321 4321.466046367064
7117.319164085213 6300.701524599329
9091.630225961308 3294.2805474936777
9757.138913485964 181.90123104901423
4122.910901903828 8200.434153566328
2707.3267542658887 8140.415934777982
5097.114093167507 9913.858591069526
6500.664527768661 2828.4958253404957
5389.7022791227855 2252.1936560277
4368.813148103218 9470.983733854966
487.7091929690647 2366.6651337668877
3138.621435347465 1403.0538630326805
7939.436505962213 3557.8890549294583
9226.864400815553 2920.507139016828
5264.059274184992 1250.3314669454346
2450.999348514482 1820.8543184979842
3817.051697980115 1227.2915468309563
4133.296982900537 3788.8178560047745
8023.359912380943 2909.915705974727
7547.969986035259 867.7624575994992
3618.7614086933727 9457.890595428396
8145.685035373541 6658.967219945168
5580.872905709686 776.107932473773
8187.110745064629 1603.530104020564
6284.773966839123 5130.727593632747
5426.922038694173 2727.100225696236
7084.240841716574 9.710999649444885
8311.942804203427 3565.509032580668
1998.0908332440872 3107.0377650080836
791.8766043235192 1639.7761415424716
472.1593554445969 9866.455643312072
8288.344502852253 2811.844150803331
7290.945167047373 4889.757252141558
2627.7043702818614 4127.797543251477
1628.973726134858 696.217370084512
7815.405051596524 9343.203928534624
3960.446596646803 8813.963403628419
414.3820426430345 4225.610238807348
9086.760685618383 4990.69488297012
7987.276960087423 1942.1163014999331
5894.991373457564 2430.3069208768557
6572.0208704693905 2365.3382305153136
9626.458434910568 4393.611927860475
3482.592907705242 2968.967136068562
413.000849115156 245.49918255027393
4861.527309757074 3134.5137261001387
2629.6055185867417 7087.506120944371
8358.009392277418 8153.72791649187
3215.5531911585 2483.919889856917
65.16883444782296 3986.5661219756
3532.2541611534243 2471.1689502789322
1422.436996179105 8922.47264761098
8554.468819133612 3034.4023155341615
6173.611234466693 3693.133472080395
9232.618640487888 2541.795668606962
9668.523702907914 7297.747728573316
8717.411570427234 7246.2649505218715
2805.987221487066 1827.2559696152657
804.0203537528978 1895.909792222037
737.9498368619486 5911.855610117843
9431.568983497285 2738.6454155618576
2089.5591806094617 3066.517264756675
1364.6949937366571 763.1265109008945
7897.100537872128 8172.118896694743
287.47631551273577 8887.20640029327
725.5408805445052 2605.193220187617
9456.021330356434 7986.812943676279
3499.675460805035 6117.1808631020085
1784.5410510529991 3152.26823048229
4467.637478713701 1464.4728099338267
780.7351526307482 3365.711855149799
9412.80064321178 6003.411058561404
3099.837957803333 4912.438049473375
4739.867516271273 2989.81352006076
3652.692857747599 1270.5890767979188
5383.202156833311 4160.475022654364
7181.729583251165 9967.792226157153
9620.231678384542 4324.490517795812
6009.742803609784 9949.96864026745
8820.008050559602 8155.1317941512725
2269.8811307327437 1376.6787717925931
3916.7859798058466 9148.407833589792
4341.27226424604 3439.0165376659143
1970.7366360312228 802.3208448578889
1443.2282596195312 4790.198240623682
5562.687205811495 471.2280659673018
7381.986539847153 5485.636594302487
4967.036654905246 7062.602939076236
4297.461011046674 8948.430716192112
8056.768343046569 4768.888034116182
9923.489774449292 7407.841231530064
5716.741327781676 6365.013943100509
7353.5881409200365 4502.465048606204
1176.211308810442 1252.5583036759758
4595.222170378555 4296.457997440941
118.79757698146976 5394.398544036917
2299.141857854463 6826.299956324354
4687.874042769552 2559.1148302394517
1966.323226984813 6477.237101758245
8577.634285817454 8882.281486757693
3663.587173273959 982.6723381493541
2284.8396421613315 5652.178336347138
1819.9783004820324 5646.419864100125
7293.531259078238 8440.344703888519
29.49846902966291 9506.88069535832
5474.746318109388 4222.790039017948
951.8143126270606 7593.831151290482
5305.551331756106 1975.5648929015356
5381.063093923737 6172.664448588456
9646.462799375771 6378.782547345499
5343.90481078049 5927.559959724175
763.5997494306224 8726.083416986077
9691.479884407294 1404.199822340162
7041.67101590847 3911.90970432582
7065.948940482873 3714.288610757278
2406.1706596356826 7456.863009263481
350.80802499791287 7498.278073606734
3857.917633771939 1931.7975452073256
8755.184011549278 2449.33389556645
4720.344167069492 7854.1978671059105
8535.835857318412 4320.725917928322
1209.6988815220056 155.7796249881027
1026.5983794838307 270.46264910477123
7760.599826945541 7658.139737258372
7123.526170889525 8641.131619699356
2174.139271037464 9643.678365810738
665.0026095836736 3829.5451641039067
5103.001610187913 571.8999475071352
9249.605125886525 2769.939803776811
9647.82857836392 1266.5947083042672
9950.524229923694 736.1060190235024
5911.326100727701 2487.2925932969647
9113.85394869569 661.9768905965761
2241.3773150531615 4698.769878291849
9969.088138410778 1986.8387856357429
9591.687244970348 6065.280846697101
9133.667644754205 2150.4684982117537
7938.254683024569 9221.580137303421
3259.444468326055 6295.143966628543
4012.2281470919543 6210.685412136548
47.44247721257477 8475.61421523306
7744.472894216361 128.72840281775154
3648.306946119371 734.7552133049995
764.4368810188629 1480.1246213949537
3069.356828432219 4771.77982148641
4055.6756640712733 7021.694277225399
3625.1639184034902 4611.512056175472
3442.651075801533 8962.241392473585
5697.102648003149 7677.369305629857
968.1994539902472 2784.506147919572
2108.3250074064454 5977.348594362483
7418.313833172434 2669.283341083003
5274.137394206579 8731.441897445573
6260.66549531616 4526.895630907706
7953.765348312122 2700.5534708883692
2085.543126295769 7979.100135562849
6908.012256997123 6721.132515241275
7272.665582045691 284.8995849726654
7058.330591264932 2506.367674039445
9054.57671695812 7166.614772721386
4846.343216668108 4643.942857733618
5407.108083987462 7767.970639328656
3408.8640999279905 8901.982122893332
2269.6558577949113 3563.8377082875872
8911.986314210126 9448.961019307282
6482.780238524587 3941.6585560743033
6928.82019992293 2399.9968833374473
8527.910338342432 4387.482978155029
98.97884464898033 5221.07514438871
6663.694439298444 6734.925531056373
3473.9249835465635 8954.404941240786
9375.806129853547 4773.247719023944
1930.809861029873 2972.2435446824447
6191.780018895678 2661.158872033672
4828.446959470589 23.162900647614173
7859.719752288746 8055.821898718746
6682.583115944337 2703.880760038694
5649.480420745596 6641.939612900437
9053.641959546012 1171.4099690333103
6107.200841938123 9833.685417956414
8068.632624517084 5904.427425623932
1978.8209080944596 2822.6368358522636
4039.931089645581 8629.401546298666
2215.485925498797 5857.7600643953065
4497.155987406042 9146.159626367049
3983.5093129670463 7668.880970341657
9614.379340415551 5719.213787653881
7423.824804557584 6282.974598326901
9493.426328285004 1945.3079110328365
9540.629832081384 9132.987554339796
6055.032378271402 3564.2883627950173
7046.183971913759 1321.808886218071
8393.146121717005 4549.540678319869
9248.495427365058 8179.386142361894
9363.676971840443 2995.8738560299457
1140.8886872090907 5838.877224111578
2907.505181498179 3816.8806917242327
3737.219955626089 1458.123685104402
6148.587119040064 7070.431316122994
3393.7644825155453 2925.6137123543244
7661.503924711826 7850.114129431939
4368.57118918424 6415.499821866222
3468.8167851404583 6112.062263160494
9191.343227120698 8994.124517526838
5307.108279391773 2550.75548705765
9551.66980082345 2630.898567724811
1491.6049677850228 9694.025543619367
6360.696384806392 5429.265636212569
9312.793402227047 5756.62930411447
1401.0952513538543 5668.879722598026
9314.451838648889 2473.4018624815503
4552.452918762681 4338.011667032741
6031.044138828859 7127.134490724031
9963.962088522136 2235.590386343227
6803.430858144965 3292.9712659893185
1743.5736416467273 8435.177558346622
145.36991453257153 4440.250660829695
4742.525732913552 7928.561918681283
7799.298816607559 9464.365160599164
8836.433281946796 7604.554442200362
98.3993805524308 9465.350385776965
5738.887443566258 1368.9507164402125
2542.966686706216 646.5543419331443
5830.783330759715 7174.523086546232
2602.617942385574 9075.880127285176
8748.352398040648 1005.2901585628848
9671.89212293274 9233.736779953735
5545.150441914817 5447.208236983747
7835.307311301202 9765.969814866863
2128.009760100497 3377.8129109373735
638.9585045708335 6666.688049771442
3364.2366695244086 520.2352193761661
9419.253260549465 6235.039563665927
4767.094406695662 4132.406247628586
1905.400836450618 7581.6356956195805
3988.8836919685623 8940.150360960297
5790.781397678201 7204.457164777478
7485.693450456079 5573.265168505262
2759.343180380108 6210.719597841623
8665.162463516872 1226.5708481340355
2056.68571898179 4130.317302712088
2588.3593900551805 7043.303660160932
9111.507857050081 1948.1031321984121
8869.150517100807 1806.123268859605
3941.6099809876437 976.4009749447266
8799.19399322795 6921.386123408117
6119.660420752133 3495.7959247419203
4923.9627552818365 3395.2354892914227
7927.44643148719 5711.376009927285
1304.9642232610847 7525.444753168221
4993.352211328327 3503.250532871275
525.5926630167329 8370.842528176874
4186.313648650433 6694.305428649434
9132.81140801409 6710.54094522866
1830.5245601980057 8114.796016486087
6654.131939933616 2168.0716001795886
1408.6758700625212 9612.523130516422
4589.1201031893315 2450.937633276763
8837.53340014215 8338.971847439898
846.926752318825 6243.965278039935
5128.16578373889 3135.9402958672613
1986.1044961486318 9195.241599257482
784.1614104288752 2653.82206647075
310.2370379062802 646.3089132978117
3644.6754726373456 3951.844891628368
5382.678429465428 7283.679158691567
2045.1777135591587 2762.216190549718
9845.956691140373 8726.621936044721
8147.274578997219 4344.257001873834
7566.169647224842 9216.569702925055
2080.0060712345116 6911.2549171792725
8069.9618815679105 9036.377310785021
6138.52164662272 7981.901848246764
5001.4403944530195 9063.056998173879
9702.068524865626 7689.825861983606
7898.647195675331 1945.5106315185378
9761.728079969582 2078.8646376231654
5973.98026260028 3799.1611587125108
8989.362671508881 3718.372219000183
9780.212309972509 1022.2824625721305
3132.7410506811802 6591.987090316059
1653.5279725356088 7864.216334971033
2187.837359881383 7144.9339920792045
8647.262387412273 1713.5542907053348
5277.802182730032 3619.0703077419453
2304.7907446918516 4724.752936070252
7459.128648125921 1361.5281885731001
8067.284830441155 2364.5440046976582
7779.050656490798 2661.9467385737294
3371.8186183713974 1734.8890550302242
1824.2189453313429 5854.926655147297
7567.564465183392 5117.119256285872
8729.229425545887 9918.480761401626
8662.600507206567 7082.293864989489
2154.580358915874 7605.896531284056
1611.0983744433781 6725.6957362459925
7097.158045649151 2267.564144699015
360.44106641802466 108.78370586268727
9562.36777758211 950.9660981299173
1200.076551847933 1829.7977509127861
4105.5338643868 9111.16672167865
8088.682998197041 8794.616088465473
5041.220104247977 320.77541032315526
1583.4863910639285 3722.348803483776
722.6258905249339 7737.504741040097
1755.3357335001097 695.5400258543654
6709.237031307531 2769.0784372594635
2045.407107906807 152.75068298765683
2869.423166088586 369.3905839550371
5404.175191087529 6121.670824636918
1505.6882080040002 9706.455281868406
6250.553971920722 4203.816604595717
8443.79756431914 3561.8250416926358
1798.8747325305733 4847.244989285032
6693.021819739899 9752.800979841459
4123.63702963549 2781.616531627159
2763.248424490473 3112.895620714207
9966.730896431807 140.32493682869517
9015.734719018801 7122.648925843504
8739.095462679794 7757.303724699797
1527.7864880390546 152.04288920319885
428.5469363095817 6401.510441561682
1867.6622616527427 2457.3950571196015
4197.7698042642405 7299.9786367202505
2904.523131378082 6569.757512295903
5341.235584722885 9200.721515247506
3319.2566189465633 5518.484044778552
2967.0762119517503 7439.656144427071
2835.52660668181 452.7709585543693
3279.704589628244 9001.115677427439
356.41075091765174 1655.6190783108848
3661.2433065953255 6399.398270151219
170.5058470862897 4688.800364278569
884.5853279577642 2359.2012665808347
7182.394650594056 6464.0589523144145
2738.1754028316827 6735.673541629914
725.8873473888217 4404.912996890873
6102.3713951712425 6890.209821245391
7934.461864013282 5545.065158572073
6089.504503655927 2826.0077512415096
1871.8451551516746 1403.5716235537566
244.52531510309683 8787.78866030693
6666.694460586674 8783.55963771712
9000.392127750909 3742.9853998522535
1748.8488127401204 6260.421383376423
8592.11602202611 4187.078852234721
9950.643340864588 1057.0582033104215
5455.646843869364 4053.6680022528913
9715.287720578412 1247.8838652137858
1772.5544234668344 8160.238137850001
9945.330044710518 3789.940218059098
268.7143341115106 7583.489060916643
7127.741008984706 9748.618318861265
2634.9835117127795 7633.473623874659
8288.171342761932 4267.117523344464
10.110107227154774 1683.6880852603674
55.44758907244596 322.9150310965856
5850.889811005605 7014.644631411627
3658.3889743898535 2121.1656604801587
1211.8490760817547 2041.3497961339833
8030.545395573387 6094.079378761709
9966.494789028779 7820.500889132996
8364.466932622056 4906.979714316152
6824.442045909711 571.1057518193419
5435.63858988913 2615.8741980392965
4133.494584305861 6092.615784775097
1807.2205218870529 7178.0167000224
4403.016233220752 1427.564460757802
4630.257638407007 9886.07860958781
4244.703176345019 3891.0780020714396
1170.035491224415 9978.186898173688
1999.1241250356195 2677.5322091767175
2417.770810869765 6670.228032963221
5701.168318721365 3655.0065466349956
2187.8463116959833 163.4580706261446
234.80472735689318 3671.0859749682977
3954.3153665961663 7799.597627810754
2537.3175226011313 6718.947198008452
5346.408696893871 1467.2336957083098
1535.4571167085874 650.5596874155906
701.3061537780741 7607.490542493357
5130.700207149614 9774.216956015875
5363.434466704317 1723.567888618517
9998.090418156187 5636.512133158995
1523.08564282022 5167.895517320337
1222.886061041686 5564.255934244718
4303.148845112316 3162.280157208214
7871.512582332329 6129.729497853576
8531.279451941713 9500.574701502184
7478.083868871718 6603.051853181303
1175.8333003170562 5190.031094421112
7125.018285083712 5668.335984811226
1777.4168411513235 5406.643325268607
1306.0422622919766 3205.6969583577243
3373.915582565037 1571.4244672477141
7082.143612176658 7779.0643824908475
9395.381350402713 3098.7076742112463
5175.7955320892615 9620.142888562345
7796.171036546377 6424.194046750316
1596.043903869181 8361.758457508662
2295.252324640311 7289.618760457136
8146.815141464996 4549.212499907989
2011.595875185681 5942.540862535472
1743.0608571650819 4046.162397793098
5010.101980001394 3903.907765205378
1844.1338765246219 4851.934245315755
8314.516119143977 5262.682578990248
2511.0414445398023 6560.064488690609
6797.306742228289 5075.965043075625
603.9994744454214 3713.259977853758
6022.495049531449 2384.67687686315
4458.968562971663 5647.854344466155
9595.939970247882 5599.0233238770015
8016.623845764733 7071.228871762258
9868.59997242105 3564.581804104809
3824.470367910795 5578.559909429259
1941.8048704781188 6489.011298088646
4592.590617216384 4590.640788296078
4839.592260249801 7091.015948124721
7055.764853258083 2782.421986507445
441.6716600806592 3827.3354649456314
3779.4807785637786 3972.2993215242195
311.6028843081764 4860.179381722376
8244.607898585155 4655.073029038582
2908.2823295735493 3546.656801950506
6055.281469537437 9886.89135299038
8834.855987794092 3663.400842552328
436.8039523709466 2068.380710318798
9757.683412238539 5323.722295372604
3325.1394039590064 1322.5595505782428
7419.002192091215 601.2699377131181
4296.841686527189 627.0175677536205
2770.4503342543685 1243.3154318637185
8348.020763409839 3635.2368011536028
1670.6248563003933 9538.420354860253
103.22057101671444 8209.823122107708
2818.3671057518986 7397.386063281361
6419.843006333881 4090.7999809026396
5634.482696317447 8013.023690997035
1551.02556293628 8835.016862974366
658.1209779146935 9083.425011446889
9039.635284032385 2188.1075080842893
2690.048928748091 6515.058017698295
2338.3175725013825 5388.326489303483
7393.577688966078 2766.1428563542313
1785.297305282717 8551.984862144333
5354.910718482239 4547.41518976335
9012.898464926666 6253.093744916772
3708.1968496604954 466.5179020274979
1125.5129685097254 8685.216478938873
4346.593342049415 383.90378899007203
6056.0152059013435 3381.420822238638
9469.15286760273 4742.274179153477
7394.384952457498 368.61185679935346
9754.36800270014 3938.2177450367094
1679.5652624145418 1845.419301642558
7804.721482553496 4923.85365912347
3655.350831120877 5998.201973506725
9672.606889771117 4657.927301545868
5313.3640668338285 3407.6222899612753
256.49589643462866 7769.942272011752
2680.944296181351 3648.6352645172915
4147.251347319092 8857.55722859671
259.0403067763669 9149.627313496154
2107.9939858026896 8206.615765770262
6774.963170293802 3151.8300820717136
4786.9498155412175 3404.8151336416922
7487.118582077253 8698.02593520822
9491.22035698682 8314.166116753908
7663.608465020965 5979.949830791589
2890.432974588735 5174.030525162929
9053.853030726079 6086.688470990108
2372.7445081422215 5225.6695369670615
6182.153261035659 221.7609031448098
1441.686405076298 8180.869492861288
2114.3752648724158 4794.4625314162495
20.85788983961723 1101.3620780578958
3983.709315172119 4441.438343785394
8824.483053993135 2812.3851370726316
7008.717015021576 6997.349219016352
8055.373289110463 842.8823128291763
1996.647862266524 6708.877950538663
4607.839471102878 4066.469132764994
5397.2722391316765 4574.219209242414
8681.627912957936 5711.445082635412
2857.2424418622268 7590.582348740692
253.95624189307964 8214.762549154315
6922.260063308842 1905.132023633651
8210.252478666383 3514.008101114979
7044.092974434616 8390.17833109258
100.20725271353336 9803.09406700735
5371.750852119962 3001.3197547741133
8464.270741657307 8521.49413602839
4940.894670380176 8427.633074244279
466.7388847166587 3403.502597082301
7822.818488853383 8005.898179018352
1175.0891605213365 6783.131975261655
9554.113753139478 7646.226896797554
7241.242207617117 7031.9111751770515
2740.3812382527635 6604.369273294707
6968.94194953818 5000.9780792020365
7112.134399262545 3336.3481582860454
4792.460387471049 6645.5115959271925
5508.293005455757 8383.973676119058
3045.3517398545914 3628.679517841945
5272.4358220482945 2265.1722106529714
1563.9937089398259 3633.924053120482
2369.2487792730753 2680.961057936285
6149.170131056897 7358.546129788542
1163.3653171767867 2001.2867980347503
199.96599086062994 9718.193111315084
6250.066297057013 2954.8364193816833
9937.759322883607 8660.986913599363
3987.069102692431 7723.325145818858
2554.1121878855433 6171.683605975977
448.9043665337078 3228.6463337718387
8344.877246169463 2540.380004231838
9410.140736786596 3301.6714444641625
2433.852670645014 6776.938765492348
8660.985022748851 6634.367995294572
9042.831927620668 3171.4341507534573
5468.554533673216 7942.29989454626
1430.9153928076823 6432.562289645229
2319.3763047166003 8602.464418655267
3604.460578472647 5580.107397315961
2213.441451325866 2181.809261801219
5690.067041649872 9824.186156347534
8727.403053438855 9734.665298887869
3466.5051766003808 8033.1415540925545
9824.273455759569 9522.71775941477
3967.5187763493127 7073.590734103148
5959.244825564616 5899.038739733025
3295.938020475936 3300.2800228266938
2416.0170393754634 2498.0775986271233
9830.565936982823 5780.033831106608
3005.2866107230493 5586.416712052953
5860.806416839961 9453.227340173991
7266.818843313585 4454.473652371413
3350.026657890297 1367.8563760171337
6138.780180201293 7067.232670657133
5007.155717428884 3365.413458631662
1692.7872650815023 842.4701178701432
137.04003498341 154.42322397368423
4980.384213692203 387.8400769670909
5843.593235607828 2576.6288023350426
2296.4294996311896 6303.563587937329
8075.787514062691 2052.4650692512505
4237.141106288894 1745.3685422608378
3735.0578461864216 3686.587827603398
3815.3090127390033 6342.708577579086
4603.699267308463 2320.880479665727
9592.45584573645 280.18343319879403
6207.35459551789 7941.486007927458
7297.486247622359 4875.476821366784
9890.709299515105 4278.064704679812
8723.63761883247 9825.01034823754
4364.019348675992 7177.613412204713
9830.302720770625 1438.913184425894
3769.1202316702756 7391.822260660514
923.5681213765456 649.7874009067906
2917.074961478574 5786.086294142072
549.0722764993028 4355.148980973965
6765.640385861453 7659.932254920708
1303.0565600080258 8741.306942073352
433.2408004026611 6862.757700963491
152.24345600108768 8636.838896012148
8087.157918907559 9695.422930454675
8050.448822105076 2656.7107747545406
3897.1603019094937 3207.373958266041
3649.5929506068205 9923.47865331921
5911.8108289018755 2430.622083320082
3725.047002288324 489.8992270061453
4193.2060845444485 6336.034388377539
8570.013573489241 8237.672084044036
7836.918550639542 2854.0445284421103
4060.906538184599 1989.9189560112495
1607.4273798360782 9171.020448506917
3355.4611153651226 7850.405111574638
1835.3365718190362 4694.177528845133
257.5715398366585 3370.389774389196
2951.2022010856144 572.0555948482175
3167.6180795048735 2044.3907621254343
571.7952411367378 1464.2302069650405
3234.310871548639 4849.0341052523245
4408.154322205402 2373.0576630867963
2833.8433554709395 4064.5503908188884
4430.787105890452 5781.905096332784
824.4178802330904 3456.3734548490766
6705.901732528563 2088.4470831254075
9158.962623144453 8044.686962558798
1107.5650677980632 9378.258969869326
1386.135956520299 6152.648431269538
1714.1946280915777 6953.073836065852
7329.469217013698 6199.42205947642
2113.813235955573 709.7105815419535
9806.773195224803 792.0331800571379
2071.0084877249956 7459.824161583838
8636.693148010309 1070.4507406132125
9049.551648053655 9587.263277185964
4376.566776807872 4973.199051569019
7938.153647215248 1058.971488354683
9245.502275919654 4116.180635709133
4992.841283631111 736.998248596552
5508.862050064395 5315.295167179153
7487.964163157933 9183.332074126889
2235.099513633271 4433.819010009263
8858.846889699857 705.9089943981378
9783.167161190358 2198.406436113801
222.6273052597516 3263.2891575489307
7638.475064380771 3902.966507859673
3079.825458130183 5027.131793220448
5287.64589977938 7507.549760973377
4727.718778389445 7895.747970991431
7707.080627947136 7539.783919708505
7457.597055567 5058.639250915735
6737.611320538028 5419.275167712258
4961.502852466544 1831.083553824966
7127.284651518649 350.79179787027795
4540.0660687832615 6409.458954409612
1346.5846739135145 8769.931182520295
1681.563470063756 9942.144981994321
415.1720593904551 4475.36635994297
4373.350832839984 3367.477811914782
8926.47691451129 6044.6563485001225
8110.323945189864 1839.3763887275416
1216.2525290680414 2905.994708985534
8981.087842313875 6242.897166838178
2193.4623123851215 6526.163580658875
1441.024973913484 5296.119807830912
736.6366501762811 8575.350350653785
9422.46992857232 1041.3982965353064
5756.100616513318 3642.3736641729142
4285.715068521638 5148.161630018501
5032.245747341872 99.25449509394002
780.5828897232248 3381.083457748125
4762.273644759184 9051.966755112573
2666.8233593909363 831.5821157919978
3382.6165661079567 7964.580473007256
2932.602563922632 1067.2532074673447
6681.4975925067665 2506.9103492538957
9653.871781991747 8222.977131394227
2475.8614621461606 7451.1704044695025
7453.414373976019 2239.0846395148233
2199.1740285435358 5031.025947147631
6246.892346372204 3946.1064104514753
3631.3502847138134 7076.82122640135
3504.2188985381686 8502.267912825697
3699.3416899449185 5453.661002205319
3608.111200408213 2809.037731345435
2786.6730299996843 3854.4037783495264
8057.683635202302 4961.672342742629
2312.4916720033307 2837.523090060499
3243.461235358586 1535.8464538305072
5475.4486357421165 9150.180471630929
8311.208459591122 1568.0945884244425
7005.008795508843 9839.743854540375
4235.486360621784 4456.931236769587
1522.5393652919229 1432.3796535640909
6639.859655828237 2693.159090094428
1686.8019709415528 4545.231382139478
9129.200313820478 9322.013054602072
6683.236077998143 4699.093011404032
940.5424811941798 4346.430069258924
8813.683585168004 811.3762506506949
2572.4618665117196 3899.8758757256446
952.9759947573568 3874.554947268796
5718.97049310679 948.79682646542
461.06542406747053 9663.171915501944
9312.428770108269 6528.912767644286
5774.153412727306 962.8694491098089
1770.995268236647 6076.196939642949
345.5273568843364 6777.812667797134
649.6532708843739 6282.541827034352
4866.589969934501 8248.24584770597
4809.85869070506 4087.7387250650386
2770.8266682614626 3597.8325843244984
951.3834012966827 913.5504096689496
5908.222902119788 7330.804737902664
5890.931066646248 2052.285254297993
6974.908659593287 2111.845350769643
8325.627884604583 3241.434815067282
2792.5761789180638 5287.019104860118
8985.497167575419 3887.5633008315026
7854.4775394626295 5841.950837088042
6057.552808828368 9146.793528280143
689.5764634889334 1743.8508159451615
3555.15159719924 1125.858392167307
6543.697687037356 2076.8674867104287
3909.768428570175 2836.8409501608126
8636.27602597972 3155.645954408929
2478.3686388484525 7220.360160626757
6823.580210371486 2889.8566220532307
888.0708979748142 7546.099346003541
6884.045672524709 3072.8519121993713
8180.806413547183 4806.219541182017
5838.621679737278 4980.497951524928
3574.199901058641 2336.336018404637
8728.799447632971 9691.618153429168
2320.90849424195 7830.379699891791
97.25629092638965 879.3802198321043
6627.175716084906 8159.804551815455
9050.814693209333 4473.342299249249
6882.367202047482 2964.243805868234
232.68334675760948 6554.770086572176
4554.777946812412 8849.855570020372
4290.708700520165 8123.2263513749
7025.008377271067 7213.24398904751
500.6349625137829 2960.3204182017353
6356.728637732079 5202.977120607752
1088.1356128543896 2716.9041834740606
8545.662372613187 1137.3691577668444
1490.6420837493195 1562.881897931382
7141.140292484675 2816.3285630450487
3309.765038708766 1264.201317868665
5300.583072962924 9596.720861297918
7027.366329894103 6389.4775740140385
3315.796653474945 6844.830682129277
9693.106405776904 8499.092661612796
4440.975591366566 4436.152412647837
8738.557018693893 7632.508646820173
455.8202798702693 9341.872997697557
6832.738354902691 9184.917952799819
9813.19988451173 6023.060382271744
4266.195744012448 4352.246421301158
5449.298581795203 7347.702258967658
4735.51085506207 2723.9187285170774
6375.206243439665 3052.386583734716
7597.393449970875 6315.67939578644
7022.423167473875 2389.5543609919523
4671.277326877093 5360.1603650964835
980.7711694267207 2532.8940740315666
2491.6003622926964 7510.773915488627
1245.7112554051587 4557.591063891507
1545.7219970345925 3764.897712167308
7383.092496474131 4368.781473584122
2480.6909631153185 6375.213710877674
1122.8652749213397 6820.70621104531
5521.845210037231 6293.4518199672275
5809.308023516114 7450.695626851682
3418.4898090602155 278.6778668853762
1863.8402267789945 7746.260964256208
116.66707678187338 702.6579950515044
9957.498082407375 6670.205939998749
7056.29479088707 4297.7229156303565
5943.674852627043 3287.813720644045
6499.715390142726 9617.945009758298
6767.737720410336 2771.8051104215438
6620.967881355132 6822.328971153807
4548.6526832278105 804.9048998397956
6219.855430339336 7539.114417749317
6818.758401702525 9456.493549607087
7872.148554006722 7033.173289176182
4511.355794304368 978.9596585280302
7087.030495993337 5673.875554152847
5701.782447932869 4651.0160139224645
1615.1573117929152 1788.69482114959
2336.17115590813 5789.37222268434
9435.46847397406 3388.2031609716123
9223.093177085346 5356.809458441619
6146.150692238248 1961.0105379128718
9416.814564848335 3213.8322868518653
2494.924401523979 7562.5788042179565
7786.9019490219835 7992.723550355687
606.0873649548515 759.7468687066977
5047.432567618022 1816.957841355814
3096.5136632118406 3643.178329573018
7810.077833678507 8645.581127218697
2720.0731702079693 9082.84874448922
6328.847884898792 891.2958453755782
1439.7061487335127 4677.067938642698
520.2971614768736 142.63564073211944
6898.642851698112 5433.429367792164
6571.507031445402 4314.753989186265
1147.0380257651302 7120.472101182587
989.1806835847627 5359.991306698129
1177.54223444248 441.7210373895641
6296.695418915095 8788.524739971814
3333.1063129879635 4709.17491678915
2751.9777622546617 8681.047993734068
3972.576573042158 8531.191863652524
3437.581243145893 9619.566032108614
6914.407899378614 4180.117470877104
5865.360475995193 19.032622570284154
4126.081445142903 1767.8911615538218
1841.6518788268443 9711.698976757938
9886.586332238781 9133.254810097027
8754.891157626666 8317.679779076061
221.58452307924125 3432.082173213865
9676.102965477372 9929.387920241552
8795.647796540816 822.732921344781
6703.726175467688 3944.1251754809723
7643.2178022593735 1351.2303458756103
1837.7448762541692 1498.261959440147
6129.709831580692 7166.451351173533
2334.114781839065 1888.072651279611
4356.442435298676 3533.4044015896693
2968.9886161479594 3606.4431691831555
7857.844133008831 3763.069540079974
5933.261576078847 181.29782674638938
8886.65089135994 1140.1552207475518
181.4724883272878 1870.7422144914754
5842.577358759436 3205.525414201976
5975.109841632843 451.55230429802515
6472.205982004888 6337.937002807442
7088.893437836809 5831.78593208945
2352.610318373275 1480.1211051495777
2689.610355606765 24.92907193878402
1868.4830376370987 5067.127307194384
3250.6050819595043 6142.135989425706
6402.32162490297 2740.2466501865842
31.038965314570397 7490.752333473873
9779.472764184055 7267.715578619899
5627.54432479351 4611.465664310752
4144.6141772389465 6243.79646897883
3896.923581401467 6143.053984347963
6393.513075755214 9600.716834308694
1152.0493849168788 2772.853033847129
8043.668540388355 1743.3468614231795
6949.144850651631 2212.700330323272
7999.706762371631 8204.376764616227
2013.1338904057704 7134.255008056772
2054.168669596674 2118.154314662344
2888.771232564897 7304.230448290308
5161.592170916844 1524.2282772860726
7758.773984120706 1779.2253397587522
2533.556818781142 4537.036083771209
5536.192817318287 6951.467774768957
3424.6259190729957 5756.064321220503
816.7788304734624 1480.937991364063
7113.885090822476 3941.2003593061727
568.1149817256592 9705.970568223955
4034.042510711888 7940.887392542285
4535.798709874407 993.5778725534706
6259.823375910454 5136.081004198087
262.97495421263693 3672.3802230492065
639.6518841617227 4250.899143210804
5348.039974485775 8685.163533254794
4739.387335693733 2281.247823964754
4106.343950042044 9904.732410792758
464.1381971972691 3505.593102673693
3155.2454473232197 5175.8616652172395
2733.949234167513 7067.446533159735
607.8768302199034 4577.792187145226
911.4219977613258 8457.011176102267
6539.503950395707 145.85881616302254
8814.09132424169 9369.839009504389
8181.372466857859 4347.475879595154
5091.648413712971 9883.229686406792
1900.4522377918554 2976.849499261659
9507.869135777302 6666.498967195368
5439.506991939509 1814.4229059308402
2239.3640321510766 1029.13286686503
8120.429517629916 5391.206772459402
2688.043256446787 1011.2310331312835
3754.801547644594 504.77951892824
1501.4438350099113 2433.5417322284634
859.1498504362461 6752.894395903396
4504.842555363341 4849.772455370092
7438.389173870098 1282.2562117941839
71.33346917850392 9681.756011622258
3079.4537254565644 5194.185971440791
2090.82422086321 9468.44207479966
9388.141184503515 4605.521897291593
9146.16471606771 9122.573718342059
905.6998556339101 232.25054496139984
6764.388272473984 2364.2975029665813
2557.716103465438 5545.0002459004345
3683.312940649536 9088.851925822384
6416.36273958852 5039.671938209288
4958.51482417918 2325.8625293424993
98.09590791924228 973.123025796635
4432.952075212681 6660.668780025517
1472.3959137464637 9032.956745977737
6601.2807904366755 3513.4915869316765
9523.166912717965 842.1132060774817
3223.1750982949816 2510.1517331359814
9182.924282283882 3943.102363132277
3174.7231944742184 2328.426370459126
8750.914141305499 7963.35050534735
4974.240704937337 8867.03255035017
2109.8282047484827 9032.281094963326
178.60897406920319 3359.613894734622
4371.786293624787 3202.3890923542617
2418.5066036333824 8143.992212001022
8812.782207484488 3620.704339238349
1225.6747935514788 3197.3457812976926
4995.7976975585 5503.686602796216
2002.6160220781796 2260.858870510565
2836.3092850891803 7587.731163599521
3494.8984708698817 3402.780237829277
5029.926515123293 8659.106206866563
1948.49584543342 5206.7210158347
740.4149246259062 3011.2826589736164
6769.366050001918 6422.410318231263
6737.3752174141055 9234.25841674376
5949.731851625321 3879.0174442711523
8276.362936408805 2609.623039878819
785.2953079834391 736.5425355628008
930.2516309440634 2566.7390786825686
8479.882075095917 4738.667301882052
6309.154467369279 3149.5729701145224
8118.779205297062 4030.844721868808
9147.237835975211 6250.331505510728
189.29130483233746 6320.303958070424
588.275186545919 4485.215414166562
2336.812080552947 5680.029367757969
2667.804399921744 3019.232248926198
4366.968418647017 136.6718827427349
1968.2692619930708 7391.156438075877
3639.1600865439477 2332.732155329481
6214.53744993837 7446.363624521639
7944.090379097302 5016.253486346424
6180.708173387802 5854.40565594563
6717.638147068074 2886.649905649097
6695.135993269694 3369.836437738912
3015.6954125812686 2413.1832335694403
4759.109775880822 1988.936138131545
8059.358731396402 1642.9992189956588
9835.647212990652 1461.6235649886978
7357.124652144037 2728.516511531325
1218.3770750813826 4236.98780673827
2420.510180925203 929.359805561234
56.497520242925205 8852.508359678646
4911.779906432023 5181.912872932857
9090.315034448184 2021.1765931580828
697.2318965471914 6979.963114273796
1442.8850789405933 5227.370400030297
9726.756164777154 6272.795845081583
916.7880949479556 2511.4725637109104
3920.1461329374265 5362.490182919764
161.0946387880241 2304.870536771425
9312.912850064 4370.054960230538
9802.083508282085 7671.106680418764
599.1090144229738 4740.441179880496
1172.2983809264642 6115.597087031822
5905.9457821231035 469.3478023049036
7626.039661770062 2245.4724577115935
7144.743424358318 260.13810196843457
4595.403984581378 3992.7371441858927
6605.02319275122 7657.068694029396
6519.504868719176 5858.083150673159
3593.3189903788334 351.4242162641146
9570.513395509588 689.3349244758962
5865.546339491445 4320.044725257596
2703.6867709446956 4877.645892746519
9361.535931495617 3231.1210398874523
5974.553877147277 536.1991085024664
6322.601263023564 8640.021499685017
4294.955964624797 2220.3181123735294
6257.7814911768955 1898.309798365808
6840.645197786933 5054.521768968469
6421.658137478301 4412.001163392311
7176.666901880949 5751.206081865995
8476.416839966396 8910.492270573579
6832.764162155298 7937.273301454452
5833.087068205795 725.4965080107235
5539.557369587992 8449.169214349364
1801.6593719877549 4729.70146267867
4627.270266214557 1813.4317027807822
2127.047605875806 547.7611042529462
6192.28922527561 5998.992420768185
6747.622525716348 5927.619626773832
9552.852714983368 3709.1141155076257
4685.318819783267 5748.0614192699195
8243.694001305435 9974.990068288424
2861.074104559862 2038.7672865998618
5340.463699787076 8619.66786554076
4326.628465835346 8602.049159943135
2258.284939598343 7280.10243647552
3913.47872940187 2350.8269700205387
6334.800484413653 3106.7876447956755
9622.04652747172 2315.3006151368827
5486.597354462697 9004.547094996225
6208.883386993006 6421.162404929884
4018.895906672534 3334.7179285331385
3377.0050177555268 5605.082803641924
2271.9217915245017 4368.089302972745
4734.210439745256 4608.597250780636
4203.3824525360615 4459.607204812803
5256.5056701021385 8879.409103015683
1234.9906137115229 7909.994077254631
4378.521605668147 7409.514345931917
7731.993458168448 786.0715410561536
9030.07837445876 2052.4484128814192
3338.1807686588127 590.7185908131307
5947.812580136581 4887.3394684992345
54.85877391232186 8605.033692636374
5413.054445093568 6535.3491122811
7430.796423225725 7969.4135834937115
9201.902925816172 9984.470218375724
7521.163288415172 6126.900270375343
3980.7143730577363 6441.539405952897
2376.9933999280024 1121.289987639882
7639.984404208707 2005.7160297645328
742.7285526921956 7424.13579579062
131.87422398487024 6545.569714970556
7367.906493271813 8458.918184225296
2261.386489184951 9062.306420118408
7880.077185128525 9797.300705826785
5578.474581122137 7034.555949900716
4519.54450651975 9121.520189826646
4028.1264827983123 765.5351984598813
3202.548120327017 6478.613849547485
3337.731053357018 7591.288502351612
358.01401236985276 1096.3155590575336
7255.8036442988705 4959.1006447045775
8774.020222136178 9087.099609482657
703.4109186861881 5848.068698795632
5293.63511345576 9735.988976893888
8659.399164705848 4779.203795025587
9615.809418037968 6749.387566182031
6172.800361814325 7750.33524285919
2685.509684608398 4836.334737575659
9280.549071955993 4831.468048631073
5198.301718107491 1300.2213368965188
8805.919798277755 9869.143805572703
1598.1088745601978 6938.1473511140375
9022.84496994605 7773.743646603369
2612.8824328468436 476.7436873747144
993.5547985187953 6201.559831082529
9851.437741329028 6017.416081792172
6021.7336452944855 5093.857034422102
9275.728199936162 3520.617751445775
8110.661817939247 4498.031368102153
6466.34148928287 8227.88826384605
5575.571413716098 8371.370074429888
5515.0192284776585 6102.047657579822
1031.7131916208311 9655.800131959317
5106.51721709269 8860.063445544483
5864.398949922495 9812.41008843861
9893.13889231631 3979.7614518351365
9984.542611397796 4217.415744871257
2618.7906526855377 2180.680301128409
182.9988059355714 3346.633387054867
2615.4206887162522 7311.018200773013
719.2538303359586 8513.414563054374
9273.22364705048 1316.7588833690902
7914.796071814691 75.38572461417093
4877.004404064271 25.70134418565018
6468.755823960155 5488.227814783082
9804.611232457144 3848.2626148970444
8973.168779527326 4360.121665750243
4499.366643780086 1178.5629379327922
1677.4872277901763 7748.376360184868
6856.934836503341 1273.43894027677
8936.725151202578 9340.143992808999
708.0863015061022 7693.678845075717
5974.889480731058 6872.02178877526
932.3305320573494 3010.9046016010298
4605.1158571192 3168.7281948716186
3403.4070700182806 415.1778019707486
9370.195591697126 7518.929749909456
3446.137647912637 8102.535279143638
2201.938757196651 9756.692646055642
4775.161368726913 7878.309260388295
2145.094033521475 1379.9124754394843
1989.5875887960701 281.2251873154625
2951.3019816607834 312.47824725979757
3613.6168216334763 4714.908387465406
5420.830881734194 8504.809742514899
9401.698264053197 4567.575696910345
3254.606773460381 4467.7982135273
5167.806903897517 4107.324540168169
876.3138000803084 6048.075161310101
751.9343461806816 6059.577456298572
9194.112148310109 2277.92230273397
1902.912180791988 6204.873756740327
593.7780846343388 6971.0236828550005
4835.195405768204 4079.349180373899
7589.8445085695785 885.6575833862235
3008.2486163003473 6916.877483995084
508.5802310276133 3739.8101174785525
9280.698924048269 7340.993184069235
8336.414490351512 2138.0878765669154
3007.430939755791 3996.352478769054
3439.6790131277876 4558.19537860574
876.3138966226913 8303.63298991536
5246.303360504882 9945.133448273444
2322.2710495488054 9828.410302599199
177.36767504157424 2174.166591633059
5209.912998139712 7373.692415905504
5126.181466383388 8668.996588958964
5141.973556344726 2837.43291256365
9604.820130506558 7799.471880442389
2229.303566344668 120.48244171566691
7312.822619667069 6333.551005736649
2449.191946610385 1927.084331969181
1330.0121638399098 5181.1317244473785
6822.299638331096 3169.1535459099673
8395.173713397804 8942.742526702985
554.5078414205495 867.2228921694481
6804.582240143386 2363.992690621218
6018.49850116487 6935.081972849255
9349.145912188043 4697.058521299388
7990.896011779385 2041.7730606213236
7406.1922483802 1183.380739534159
6914.324213225662 5863.746504345189
4811.687087292573 9397.133461662344
6119.736060805706 1471.6248482362848
460.9522634824903 7026.922070518026
1922.8996957931754 9340.161140039998
6720.698632753024 6823.549146468421
1299.935147650786 9526.61705441938
6682.471811773347 3904.589822573171
450.3100747398492 8931.92868071016
7047.361177182264 381.8945535327867
8971.723930096205 4240.671821312083
5004.098373100877 2366.0419884319017
8599.820585491047 129.97041117882912
6847.428080567487 4802.146003335947
2506.6871949740544 6644.141151474128
3280.907466613375 304.31161510865223
1005.6122426550451 9251.003657063584
1358.0516031881473 9181.433419301175
2175.5929179789114 27.42637851550045
5838.006916218265 9184.910550531617
1397.5938936180687 8665.821145445605
3366.7057769281782 5159.2495672012765
2085.580402450048 7549.935938779445
1341.7158428577814 739.4135465331486
998.8582533492352 6017.441335983684
9578.76349000384 6514.170667220372
5438.273995408088 5108.44206105866
6970.182544265928 1662.5797309627344
6357.341508286137 5593.187899390068
7210.294870124672 8971.147421717687
960.37848557042 8878.89926375393
7360.0045660545675 6352.078035682393
713.2484986104826 2514.762219879355
532.6481278934325 1508.4294132952048
5858.3255873560265 9445.787586137341
9305.409834880926 229.87769102767453
5503.808058673517 2910.3728354544833
9595.375102585047 2953.1869081051855
3148.5287331911027 6933.04202751904
5686.566404375286 8684.365530616693
1106.919854328382 5732.9817438333175
5854.062597604686 154.8896662381294
3714.8119273416514 4050.6325365899643
4603.578417982499 9172.253526770355
8425.254838237552 4388.732605466977
1929.6356965727146 6525.509401830397
5944.572938322468 6470.855056164062
2192.734721808959 6519.3397160365685
5412.372524557658 8839.619951889516
5225.690645563721 2235.6037810985217
8295.245465521599 2448.3971460285425
101.56974328545121 3959.1831783667076
5142.417874622073 1344.4677836113938
7630.426100150601 9855.348377422017
2642.620333572296 6098.240700782423
1099.3019511504176 4948.756303942978
4524.958685343602 1502.2716739073505
6029.727119031239 1729.5760363036338
8762.591169675388 1245.4635717384244
8799.207947942137 3300.138811001053
5266.5278365795675 8761.975519425916
857.9728635571394 7875.888802730181
2797.883499817021 5261.004025378729
9969.500863265626 1667.3123528040458
1180.4330028151644 3062.7396616743854
2413.1243965983085 5694.902981349937
5061.333538648552 4797.44887886423
409.2699814356604 927.1212946993102
8446.39259747195 6768.76384620852
7162.657207070232 5281.690023298168
5027.275981502564 7838.90887255874
7866.047515046919 5493.46051107088
7921.567335225661 3562.7307587832624
8766.901931608823 6627.477162848076
3862.605657701489 8979.042790620018
7971.562661822295 2103.7536224506625
1104.5420828209096 2461.9280173583093
1046.3540999230636 7500.66923111996
7349.073620231503 7341.295156217818
1672.2478877148983 2116.783491176689
3853.826862226305 7621.114284709038
2619.5168968518747 3296.253409357556
4548.381711374319 9055.405808681146
5131.058244167057 9860.937874320885
4462.436072460097 7086.191031321086
5437.8367990794595 2642.6511057191506
61.63699893338537 8704.259243872966
5577.1657567754 2071.932424803693
5190.1084609364025 6162.742260557853
1944.2994322969043 5055.0777495169705
234.73034616456889 6655.130907507472
9080.094387131103 5959.074609970262
8854.733690690427 3563.505141389507
8082.2415579565895 9424.475506416307
6161.197753332985 1689.3967580862256
8724.853656276679 5939.127981830733
4584.542148374095 998.8334881437344
1880.9482490407147 4631.077547859473
8834.132682813766 844.7672379759863
4164.63710210063 1576.8444660586456
9332.626894118517 9374.216809049429
9844.59436774015 6071.6710388944675
4298.706143013313 884.1072754387835
6027.646713849397 1771.222092293223
4255.354770683772 7258.918725678675
5871.090538274031 4389.616360086338
9156.861178406849 8304.906808898311
1154.6051202353701 2726.5529271131672
7556.234157382107 9789.793238227288
9927.403084053292 5196.689802196922
9275.742042741744 7303.462338666094
7143.518834988767 9747.324220163131
7896.796609712416 8674.348822721176
6207.902534483151 1075.8089629444844
7051.421498952757 7607.833475870879
7178.2563479889095 5396.035364132143
4976.0593486515245 6457.112353083653
3002.3092020322474 9653.704284732843
5079.488087460565 6593.635962390173
8617.499969980148 9052.98973025743
6380.129640336179 713.366484935467
8999.794532682761 4032.60050751566
6584.0568809055785 2596.7341629519137
1320.6384227576161 5417.128822930309
2303.511101041362 6334.3143567078205
3255.803377627976 4369.967675889388
5456.765045447738 8836.896067827105
4187.158263264212 1986.9690816762852
2243.6794501939326 6567.73891194663
8548.15715593028 1895.4076352489092
1257.3153541552606 9866.472242659473
886.1009099665629 8060.7016960344645
270.48469158915344 5978.217031381825
349.00313051190454 9153.736028628402
7027.130388223371 4958.161391323966
8252.143285445562 294.5222436135431
7971.948065113002 990.9533199483344
6139.1699907088 2763.3222272885882
267.67870890080593 5345.925532982084
3324.8696631331 2358.248952227544
6678.0085884694245 6183.292321722238
2291.493697161238 7478.752943619947
9935.03819455674 4733.117533731621
7507.791763555115 8727.29349066214
3063.7913310115528 6987.975870603876
8249.674154800581 2846.877116545672
4802.254771027885 4981.883174454986
8823.684017460315 5150.048229875343
4733.950525542498 1972.205616310113
229.22987345547097 6245.297892499757
1041.0634433119137 1397.8987816301458
5742.79543703724 829.7491853176253
4889.656903469921 356.572292606937
9167.10559390141 8592.374582076212
9374.53142136893 4524.509359423143
8560.496891466208 9859.880146797166
7679.788245138668 2937.9182493496824
146.50294460342826 1517.7942314429026
4652.186597312625 7860.329069390138
6800.9333491416055 1952.1787711972304
8337.885899708934 7080.190717442756
3023.491565667431 7282.778147307599
3199.193923467636 3414.3648982885657
3623.2365300498536 4996.308579849445
4706.442003351309 8937.352104768735
6481.966518418933 5238.983536070389
5791.142129010931 9512.728266051814
706.8644759004294 4490.2574123525455
9250.076350330064 8572.40814495997
243.51038570028183 1115.1656704558454
6606.003548191115 7770.995339921201
9592.631304604898 7380.526353146184
3159.1693593795644 6136.616397266474
2658.728489008293 7920.6594776603615
1004.8291253144658 8646.279689202558
7955.983747429181 351.17154527451675
6645.509568404525 9772.938378084806
3406.6125728253305 9754.745738790687
7492.740996962576 7483.079015216683
1789.0970486397084 5100.760895992384
2031.5226214496452 8407.797151849501
3528.502946887695 2310.9647424367654
1711.7852381710175 5466.959814428402
6968.340641986838 5646.307269084957
8734.639212393862 5095.202842287887
7523.204958284991 6365.435951138152
2817.2088866674817 2400.1393996434817
6183.687152421622 5193.243819338152
1748.3694708553753 9077.309456361729
4729.826282361461 3038.2521115226014
5088.720330125913 713.0317449613776
9706.619831255102 2610.499860281019
7721.6422233382 7225.464066286282
9724.897088294838 2117.004355219323
128.29977823828554 2625.817398936907
973.1041500465909 1049.7431441548233
5237.974603449611 8025.81211447919
3960.3339803882777 7231.505901761619
7496.117190927029 4874.099535796279
458.185292446841 3747.8482118287516
8396.032455875998 3773.521153428511
3368.811037549607 4168.7729222381895
4136.125651098436 7912.709741921853
3818.7745125677443 4551.656617111132
5293.145592336199 9139.684326640723
9163.101906731503 1117.3272691813595
5442.889564916822 9011.726427014903
2781.1854285521986 3204.0886086702903
5513.3381206824 6774.968361349598
1555.952174987505 2129.8834312476324
3321.2093450062753 1158.7665514243429
9749.985678607405 7930.669466310743
3221.4397680128104 3114.0659635364477
8627.04858362068 7593.481065417558
9090.107696506808 2181.614825649386
9614.722251460385 365.5341726381711
4964.838195448806 45.01626835556438
5063.643638527622 7996.126582857393
1582.7387888627243 1005.2527871376327
4731.086887074476 355.9724992717728
3784.4344256446307 607.4580793927676
8001.400913615839 9779.006258756659
3293.782229520363 457.34900466011806
1553.081871242351 684.5748358761849
3736.366223559727 9383.873812903772
9692.022656135325 4563.332926673727
9925.884836046576 8536.273485937083
9892.749863179493 4248.04493899089
1426.0598379282762 747.889849035801
9224.221638041057 5540.888206162923
1186.7133894437766 2555.700295510811
8284.028452262715 8731.739705411894
3656.1727832876213 633.695453010098
8024.600277837535 7317.325974999759
3188.179502527788 3079.8584038012423
1427.2944986479463 6318.99819829586
2789.993210900775 9990.643062542313
6364.9999455976 7997.293297830735
5299.400754719812 7063.494699834921
8191.159326440937 8474.323979549203
3931.8519174179555 587.0890497403791
602.8819109846972 4800.439067418472
6804.958705578072 2110.6120943094097
1148.0760243589739 8339.48230612009
526.1172334781216 6327.543490703919
3381.303964557931 6997.366197779582
1220.017416879856 6266.043292722448
1120.3243183998113 5781.575126168745
7476.329362636098 5747.185890396422
1515.0524585555304 2454.5936765783526
8613.866001305903 253.92502787315863
2712.9337499152807 2632.155507239813
3386.039718950495 3847.812341276188
8789.496405139284 6577.5902020322865
8793.444878730175 1577.134300040034
9310.106376774835 8156.444953952834
6022.9154844024815 3939.275310088203
3398.722111696856 4940.940421780372
698.4203757540141 2391.7477633585436
8511.704722905497 7291.71591788682
7607.675903056109 2650.480562727494
2249.5123834813426 3394.709000742998
5859.371000272256 5570.589308475941
1486.3646292715327 6693.901839587904
9029.417180368984 3773.9995158496777
6857.735553213315 1936.0625668489106
6270.6445877864535 5869.92675648871
2217.797464981627 6131.496205812204
4588.893622151065 9108.366219005016
8063.70009778026 1135.2124519781414
9529.451811921112 5613.379808513818
5120.841277081067 5265.8063146940995
1371.3149363184164 6962.1124130943335
9293.044795524407 2404.742672838861
6592.75771454976 6807.103816683649
2003.8292865244455 8356.619432156
9850.221147957829 1483.613966742412
589.7223449222732 5901.382567354204
3.5332462138160103 4100.308317166195
1853.8292739160765 1932.349043906545
4824.001979889066 8480.799826707249
8147.640810211434 2349.2903939221587
2937.929738839811 5505.177498703554
9421.32621132138 2963.7188118375057
8286.617008340054 5894.796858426588
6567.52327345945 7573.904850432993
1924.938077920497 290.25013165998257
1080.9029503351207 7580.051417625702
8334.08515955529 9591.563575465274
3565.5522192988474 1035.4344711917784
8590.09735881054 5961.326503601619
8944.485287739453 2867.2196788327674
708.301719597959 7635.581887133881
9360.355828073414 2151.039697962126
8274.812484622367 8743.959513870077
6703.7127009428195 6786.328386907793
2079.748219416374 8709.666643070515
5464.903821206794 694.7761676683806
5882.844819820587 4481.596951631382
3177.9987648526353 3752.1831347985844
6670.654485022289 2844.95532402792
109.87159916058475 64.3576637568677
1805.5385607502428 9363.436356693379
2044.8402326928172 5910.613913024312
320.1791834272294 5125.141457453855
25.037410066466315 4703.804219015413
3277.3449255405108 2396.05106841705
8728.941996168784 2653.713094676561
8593.168973748205 5529.013585566249
805.2740461144036 5471.036126531702
9013.206303078498 4032.8571321592885
7926.71668397353 3412.049851254494
8034.058198286422 575.3616508775783
587.6970490666267 9239.475248770377
7479.363581081832 7875.477507904214
7742.722761276148 1262.9259097133595
2167.4743638909868 4934.315085561534
4266.5342747406885 1522.7204164197094
1649.149016482111 4861.067662585129
8914.604136017346 7393.734320103033
6347.109038731186 3669.173948075811
7972.274998035214 3411.3537621336022
5595.3264525375935 1849.66711188705
103.09312299655926 8959.481450310042
8054.417850167456 8272.794338696049
6041.66750616096 6610.945302360389
770.5423634742725 9025.6370442242
2723.6389520113457 5373.537528064265
1748.7131576523307 2162.594876298546
5205.120157901158 2870.3156671222264
2327.4493075563473 3027.2477731185145
1296.2249376323753 570.6776603572761
9870.209286555353 3798.239731099775
3218.074931069528 6589.119746082389
8330.064598832909 5218.476821225825
7789.937465450164 1281.474552614207
4097.585610476806 8086.068944498
1662.9113417164142 1893.8152485835913
7207.928386165111 7017.084287962188
938.8465596155982 3857.107018434479
3461.6284855313274 9234.331903254053
5147.945957455308 7971.07529521015
1304.6195539380901 6693.020716041586
4005.7648372948984 4683.6454277374505
8416.513971404991 723.2892602327734
1630.0896352911343 8947.712838353222
6872.196389776697 4551.2393987896785
6970.44245419269 1724.8766195064302
2470.296142463021 554.2471410633432
1087.7230124567993 7106.174017675153
3363.122296314486 5912.96662991131
1618.765517316093 7232.733971821243
5476.159868973694 2441.581254842066
2270.355882412276 724.6666833302772
7371.238351434389 3809.4980377803345
509.5157926508986 4164.388822379315
5186.005330417176 6111.821081229308
9751.630015937233 330.98335350654764
9073.347687896307 5802.582478050712
3295.2574702892166 1345.0722849567064
6167.921874346151 2373.8476542447984
6012.229941884369 9659.085807720818
1522.9711870900587 1845.4532075013508
6373.912763487389 4915.685964689072
7689.117365179903 1124.2757856652963
5779.262812146432 97.50871978703502
5647.840277392789 2598.573698872336
4347.5872613161555 6104.265178700124
4665.863095090302 2952.0774520784607
2348.671492875024 9918.64707319853
6302.685959340241 114.1553609134105
4265.210164143117 7860.357431788517
8282.018985751041 7506.510259456984
8117.241335951916 2077.9919899068586
7228.888581492289 5303.513703838485
6125.549204022429 5391.378487102039
5377.698929591168 4292.416426486101
4050.7648472567935 6872.372786198437
5272.551736033087 9101.32341815671
5617.164708679496 8140.008259969372
8209.641818888102 4056.95076158473
5314.925525296024 8246.272047319782
6712.5595080740095 6740.835852335828
7571.865367880416 3241.689396358974
8684.848334858616 1431.8012122081914
2795.4648632189273 5035.272801151303
1050.1830554029368 7054.119580785758
1108.2256160198012 3001.291285675953
3669.0461393565433 1994.9669433778827
2734.1929682223 935.7049551094865
111.79701924674657 1211.3895592749036
9941.730691489582 1428.0000596865204
471.54823520145214 9416.153575218132
9207.406865875473 9489.54702183939
2816.2689860757896 7813.484590691653
3838.1092121566217 7367.501127076998
4108.064530043843 849.8482267656337
6673.279104035009 2873.651266452748
8458.583469592657 3751.557033641626
9686.417017831782 4270.512187733765
443.02965615757086 1240.1397327787556
2314.7773711200725 5782.352398692924
3861.2650485443246 2748.0373825195848
3168.4354718195086 9136.731860640768
1813.0104338263432 9701.342881015986
404.6803511207908 8192.52190781176
2245.1611609245215 5992.934298785291
4500.943129553207 5673.265818288752
4232.755658185922 3638.4915151702003
3419.2488164770784 3300.1313672891943
4171.147625583481 1789.5362238551004
4227.429256317691 9206.594294894096
7785.447797392798 8771.76166060799
7127.1188948337885 9417.388073779392
3404.319552480285 3623.5729926702065
7535.804898314325 3387.139359548524
4298.723826835152 5728.888847548478
9379.975542234208 7119.502696629789
3052.2306380891573 8569.903056812693
8078.6806596223905 1225.499770405344
8908.02337164651 6369.640267290209
4831.571594135806 5430.154612036765
9828.742389607838 450.78644986382034
4772.768453934224 5499.412322564056
4608.829221569574 5506.405712603147
311.65377957153237 3334.7152687365924
6795.045603927128 4659.809029369936
7553.97139172867 6070.503109916481
1399.3618922035 6184.968161411777
8081.359058183817 5410.293545661868
7429.418997770994 4065.5167125000803
564.7267458583905 4149.891711435568
4115.290837990508 9189.51877445019
6696.642292925537 2861.6642680259074
6377.283068135417 7908.82471822006
3750.160717291743 6051.710008536484
5558.024065480901 9935.976793486147
1706.299139695735 3752.14272467823
4733.117134173403 8108.264928909621
6339.618677386082 1473.599165531787
4018.140465865917 8417.677844196265
911.1465823146858 8718.46955694329
205.7966710788306 9887.13049828879
8190.135941426695 3843.245660246435
6795.525795753636 367.4928439229164
1410.9222373912544 958.7646149546148
5018.918216564344 6136.58417134131
7468.407757919215 2770.021610447959
3817.7741664857435 300.4396027846012
8165.466124085858 1782.6170574229516
6897.670674119499 7428.790709699945
5647.824089910387 1140.787526442726
7958.420962859391 9600.851628050405
6296.748780036788 5512.369322275106
993.8167918714591 2094.1345982693283
3297.128245354034 1898.9250451736118
1156.5652517558567 5318.162867489047
1858.3032344713213 24.66216959626344
3100.348931146697 3276.590206579495
2637.2672424771104 2045.6582977106607
7939.447079999591 7835.375211283085
8298.630158693193 1721.2992438763474
7007.379103759893 2381.300588756775
5342.989465389792 3902.728559743601
449.541521745449 8074.267264701388
8345.13363046207 6218.496196324829
1350.8271686110606 828.4333622038642
6565.759060516413 6175.483593682622
1577.7318199796675 7401.410987602991
3535.151244521153 8543.576316027424
3805.4685822274114 4527.371562509321
8654.544491736364 9855.443724273082
5304.123556938195 5899.053893401636
6120.642338782018 9128.174357947819
2973.9067114180707 7985.305604998293
551.0451168762997 6501.410452173084
5848.0636136382245 7164.934521151145
573.095460719678 4387.0120811698
823.0293890446228 7464.284771985378
1335.9211755640122 8938.174208475779
9728.925778820747 305.0887988751472
4415.218619969506 3171.3075579119363
1019.5125604072308 5100.796665821402
8902.584420068595 6911.889811340125
7339.224308808378 2283.713745202619
605.9730791499862 2885.879904065064
1015.9359911615196 8401.929545022143
7235.116492770784 2741.1789844268174
3131.620651337551 6294.148437112711
6205.515942536474 1559.015291580811
8239.07112755116 2032.1876972043174
8266.87474057969 4503.020675193458
6021.383517282217 4315.035934135526
4546.611028011231 4654.150305525962
3231.903472168125 1305.0157346923363
6796.350707294674 6792.497994983053
4105.864905624953 4515.728247480692
639.0732074091133 7912.442752961858
5100.953812856498 9293.099954864385
9436.83957861827 1595.455887943179
302.5568104467824 6674.997224876513
2033.806371236424 15.287104050709655
7120.459848407947 1971.50421572326
1076.4878324756467 4313.140213355051
8007.2878625303365 1277.1133650857525
9872.999234306832 1355.8384885661135
2844.9800899731235 8307.706606115382
4825.277890887163 2477.872720938866
8374.12545391154 449.3552093634123
7353.041149928619 7708.608910214789
5581.983295470672 4712.598458902705
3925.514716369539 7198.833423278508
3318.543417538272 1405.0119943747984
5326.718945437551 86.19610017393198
6575.985539435499 5766.505802529101
6602.375756815389 9877.00372734491
845.4190967377095 5555.942437356678
7271.2602994708295 4572.21023687313
9755.798399105419 5634.300387221349
7331.085978076981 9228.338625511515
1803.422782377203 8958.75107144111
8348.782364096473 8419.457388803321
3396.4495396239513 7083.6576245514925
497.2825919536483 6154.230770278454
9667.360446693938 2258.644778407315
5785.712120769089 1202.446770026865
1547.3385086061387 7520.528204071683
4927.129356163533 6498.323631733835
7450.032379149258 795.0345875656973
297.7366516856828 2313.2789515376994
578.1896934974229 3955.883184439841
263.746320597813 4228.742745950628
8345.172900113797 8032.939949115523
786.8507840879912 8589.98308672111
8694.367859675629 1317.796268009246
8666.513629839394 84.802774888173
9203.03040497804 7984.264499488074
7037.059916555937 8366.360517579515
8773.113826883578 1022.9258130151642
7809.81488371517 3227.25454311946
8440.151051849321 4783.000005476179
7635.3025791122545 732.4018513983
7372.267564587506 9221.45783364006
3657.7808265322233 5931.136253958268
2484.930188307255 78.42444992385511
2844.157614234467 1294.3359921052167
5263.0381264939515 6629.574851770477
3991.5973021451223 3860.287611383502
7360.492371687021 1410.3557886543726
4652.89240946141 8223.376800387052
7338.383905024214 4363.510137093594
6165.938618033749 6962.593509026418
4506.462960775395 7230.523988649208
8733.422060579456 4882.227431438996
2248.5662767635126 2689.252422863957
5071.088988940082 8525.015938112263
2441.1931019644394 6734.123696720041
5527.7350765118135 7818.407055834975
4615.438257038801 2101.9623476219363
9777.316705016265 2427.4793600116964
8366.003695450954 5165.609180110821
193.35379126248276 1413.4605339349794
5177.031011124971 8649.162208421529
9838.05870314338 1134.6715480547998
6313.0050236259685 7762.796197952008
3633.3877017414575 2977.114929753798
6714.00110683207 7911.765267738046
4728.485029250645 9464.820748420498
938.061129015283 8003.331327416934
9337.745587142796 4575.444254271083
6109.499493328142 4557.000760689493
2395.9978155564186 1674.5140704806038
8560.456145455972 8317.592583938549
3262.0654482659684 382.1058025664747
5394.0275496419 6877.304495526645
5399.235080124576 1898.6178819055267
9550.82801908535 3932.0816358190405
6470.928793004401 841.7105923468182
7126.839176043082 8229.231417543051
5612.133898151851 484.3628092308749
8668.932261751177 3007.374358317043
2771.9185299090277 7434.389852638893
1965.4549422969692 9786.455633517437
969.6234758971334 1258.6574719532307
2452.795138449301 8734.686227748834
6067.083494277868 4330.619548674036
8774.84748950829 1520.9208978564636
231.5037942553788 7267.690794139542
5260.823178228442 1555.1220574030344
4648.374009580099 5725.3676484529105
127.8636780103981 826.2013206032237
4241.077000125866 5027.8878411822625
8068.427739616108 2165.6653092065017
2163.6086029391554 140.62395634840576
8548.443646590407 697.1382042058949
4655.0916084200235 9827.281186353046
6620.7293593369295 8475.975216342265
7479.536650012395 5485.377144729146
1349.2008598958416 1879.8122476712986
3621.5621480043824 7116.3573158633035
8042.90411715029 2180.0523896810055
8168.556695462828 1162.0993305022132
4414.92383085415 5905.916056422276
382.0287102664233 7527.446708101156
7509.7324987476195 3106.833171105674
4845.656043924277 6008.803647121433
7783.565308584157 8425.588804186853
3274.815531826004 5561.713593980223
9075.917087355549 2013.7792925494634
6082.131144138098 3365.7341903843453
8376.27686191601 4752.774483465231
8115.855379760132 4482.811873401383
7268.727554328512 4987.521390193155
6122.653839622163 7055.752372953915
7728.05606460898 2037.1674535477136
6433.6374552534235 2456.268484675179
8544.537714755093 5115.621517031751
132.2441261373275 4567.483610782249
5070.564733924312 4976.807840216711
9534.84580755946 7473.656604086697
4210.817812227474 9593.51685404093
4199.7133717249735 6230.2827884369235
8618.683118962537 4485.38773939109
6877.247687818916 1100.6216860840989
8915.141210862821 2930.7056653338714
9824.139012109928 1670.086077291707
412.3631842881836 1228.3332375376199
9726.39503482354 3587.8229447900676
1302.7727565453106 9420.238815126086
5110.933559655217 7335.206585006772
2565.339999292636 8441.722232532315
3572.7039611957366 5383.850381590923
5944.396271844083 535.5810956484852
7404.073334505514 1381.1411867427937
5272.26788059096 948.1020992209277
5285.46924809092 2589.184802380032
8135.548223058412 5418.900393914061
4581.043274100648 4703.446836097872
9425.840223397634 9783.269642053
3480.383559769744 6390.258172495474
5669.316141432469 5124.852895286145
4737.067327515322 9407.751545543313
9195.45944565961 4348.07447331228
3077.1171195487336 9012.6795922602
4183.868166438718 3783.922575271046
6485.180418277411 8505.961091062016
2419.014565281291 6499.310121963108
7523.525695831241 1232.6890840420224
5186.372069654888 2349.3781855940056
4598.711109591942 3127.725662190045
9159.334100818578 3493.7545331761476
4663.045247430449 8985.901568015275
8354.870201639389 3091.9124679864262
8222.730732105698 6036.225947543191
1276.8723375172096 9199.42225189635
4721.83846918317 9112.402696000805
2219.6696889055756 5506.023597993632
1381.0369905524879 2737.34473967424
8370.195084450617 5488.090770080416
1392.2549398273998 6777.260038153243
9825.813056801026 6792.201878597571
8005.231609210108 3971.2839218718223
7935.824678266067 8223.164001518824
9489.166611369523 9605.512409459297
8478.188530886446 2578.98637982952
6212.4538485271405 5875.69076007814
99.00760257946395 4756.936034422018
5155.742204559248 6070.697627066364
5170.846757242287 6048.949552278198
9058.337275960253 6609.354480123571
9766.969172393407 2351.314921936124
7095.2227712388285 8175.985434212906
1802.0822257221946 6132.6781614528145
1491.7436512588945 725.5381710425269
1556.2142567362803 9436.072715505838
9805.259976527894 966.972230995421
6776.844869982692 7934.806261226502
5737.846748161896 5084.005430046613
5345.439308460859 4118.681426744062
2291.380926232354 3915.206210388592
2098.042885023036 1056.1702669531846
9836.119600213842 2590.8067154137048
2805.616388033736 6859.798515022715
8236.1422100258 1711.5009553637274
7548.299479349818 3976.1410269194653
6559.79374583477 2554.887430572174
7758.814077725024 6728.464641182339
6100.532440937704 4508.101848691181
6063.727061191854 5159.201984149119
2443.3489522400673 8950.578160784706
5717.314557419345 3151.075272918158
134.19184765550597 148.7675981027903
6901.279117188333 4049.8312329481846
9144.599683664159 375.03288550706725
454.59196197494055 7568.190148838936
5771.004400378777 3425.829812789696
5701.244996609313 7619.75186834249
1867.9364209557937 7989.674917273997
7959.71360103193 1913.2407711459487
5386.630356180329 9903.291369289662
3046.4480830489406 631.6144677658608
2075.2892155856184 234.71437853082367
626.7258084352778 3327.201200527136
2894.5401435362483 4345.028812419255
5619.711151040177 283.170515215434
4211.371212604849 5605.800469035861
7030.589056911532 7023.282397719551
8157.10964887013 6287.158560729507
6561.149911072051 8396.003363947118
8669.768109985374 7281.867790398024
5141.22149746168 1715.7136717016385
4688.343859743766 7793.631342576571
4126.8587639756315 6812.876367491488
5726.4350886762295 5893.243929182433
9327.217123731149 4526.673639636814
6624.787064894401 934.1167929543582
250.55133278167662 4167.762018348368
7667.162784964207 9219.076745584574
4000.7982423598764 4785.433289954425
3441.185448163737 5023.239731454223
3109.715695196811 4692.614331843551
8835.57540409549 103.14566337936593
9255.56628890516 8633.773181160526
3387.462139163948 6160.232510190314
297.8508336089081 2224.946451860801
5828.224260379589 6377.120102011459
6348.612234962114 8851.736995235504
9123.569142115568 4108.063834468533
1704.3432571930616 5080.276684508042
2563.338129098943 9080.325695748641
3378.5512966266783 6817.78608591421
1528.777174277971 4051.1088175667555
3703.547854337219 9953.505606983133
7449.792875881606 7765.082260328543
4011.0416253041335 6017.413887944378
161.96537671575695 3270.4208959217053
8754.63707085946 5513.2857440646085
2382.864505575174 4176.6751205959645
4603.351020455753 9014.287584333772
1349.4781128036182 5275.668652456555
7013.775841219291 8853.446981033421
5793.326084622651 8097.0244301133025
7579.534847059468 2297.9723959089824
7377.102845091763 6432.800186001432
9060.19180711874 465.54032303813943
4476.451412379672 1641.1101474336876
1407.7867386855658 5922.310137027276
2762.740850788662 2626.498149046702
1337.6966860737282 5896.562648169026
1427.4890991234633 795.2209508037689
31.522363236855533 7348.505986154047
6086.325884070263 5996.486676170898
8413.226461706343 4755.923648643109
9410.170447733582 5486.086618630924
7105.764761294303 1406.991613374462
8353.557553583434 4286.753250877358
8653.959164064901 235.71961902243422
2484.807569731651 1969.95567547673
2890.387585309824 792.1246485220812
1370.011154369537 7846.749787919483
2424.5741119263507 4808.374466303778
222.5544458858675 3830.6811836727084
4151.780949791142 4003.787342080838
2102.1857306868596 1823.6300928900084
4406.217718381405 265.7116322264841
1832.3828172133371 375.8816212208138
9924.504490864872 149.94745728121538
1502.0509913707458 3584.5943091477093
4138.73220657053 2763.5196123167248
9927.343008882814 3720.2299658140983
8484.486906438899 2524.2435749947344
8771.661783250107 7908.39520417696
1387.7164346905336 6035.673048381291
6156.669395960511 8344.944258633503
3385.3354577631035 5372.657179295349
4544.394560277214 4985.072956645814
5437.976741761795 8441.871110393746
3430.291449287434 9422.533289296893
8909.319844510133 763.3340778208764
8959.374926418557 8762.980821344465
9914.932766444927 2013.0576031776482
1962.3164034244078 8695.865683727248
7784.590432402406 4973.6181953553305
3105.6550858061582 5682.161702253019
7235.538758100149 4158.583396242569
8860.04262230811 9200.62192227481
6520.194425943137 6308.359177178196
4812.704690261712 6333.141065658462
9290.285704907164 5199.175537671822
3485.069183013627 2620.1924289595067
6210.452274957592 8763.557213130514
2263.778015512267 5080.197639180088
3457.842637570466 7389.774022946658
3313.0611257958653 5562.085356987747
9160.2572369501 8449.407040484497
1408.7201366459246 5188.172038711036
5553.9054881658885 3596.2981209142376
7518.73551827634 3544.9046037067246
4182.860458488828 2186.804611072327
5652.7722774115 9491.880506082265
3815.808062857258 6290.408070661523
8012.629495581188 3984.9627977374025
5921.703529048384 191.37726317375535
8797.942803706681 9147.192185823076
524.4667117885826 26.320251706316576
156.21281659369936 1971.58926990868
6047.860796016412 7259.101405158841
4713.50276925995 5502.834218098086
365.2128823516143 3063.7427588546484
7881.907811760784 5120.197676228106
6684.656300020738 9367.56847687959
9712.170621205645 2631.987621048908
7129.08268044265 6300.988813583495
444.57889008764016 6292.17440209872
8911.01456454513 5106.965207463629
6108.547581260655 562.7338437779139
2856.120382623184 182.3365079199868
531.054853289038 5470.651894476766
1695.1092794263766 3854.8257317539938
7936.3660005221045 1746.4186139868089
6022.263310164776 2743.6914931121705
5954.244620109578 4581.226784581133
9109.873061008506 5108.621956577228
2301.1154073442076 5802.991843920302
7871.366870537881 4460.619246417367
9658.412067472947 1546.6870223550955
6181.9298698551875 5890.253091845116
2344.6047465175457 82.38850499409422
8493.93471863341 8062.808669203811
5262.169175862203 2364.8115360756883
6225.512300220706 5636.497086887734
298.0273918540677 6081.010501356128
6754.114109875476 3979.026422628398
7865.751173934348 2498.302838515175
5012.927184825695 489.48674966836194
1600.0885479881922 4252.375719359046
666.5223660895448 4576.629342021702
2349.1380106718407 1365.9149754628818
9633.13135660897 1401.2718736675467
3556.7597608521282 2250.9931656057192
7324.462663639347 2859.6938147024453
3887.581603243364 6223.842527924061
2389.980787484238 2966.5321617436657
4519.22007813002 4148.528358889011
3981.095586237372 3789.8262586029164
7911.103263382311 4226.428965984722
2591.713530162729 2397.5007071353616
2056.5502927825464 661.3213904605319
4385.127557668723 8893.716492153952
9234.52350717011 3955.258799060414
1583.232886820154 555.1624483841222
1099.739289405941 2928.3201043160066
6972.57566779325 7321.496866212284
2584.586341352886 205.69830252299857
8872.748771977456 9450.790860115316
5533.56676584871 4878.491035449431
4016.1779791869335 9019.969470019501
9250.741050642438 8319.941442313775
9704.343022821511 3131.880367415958
9212.924106564806 1726.7698872113956
3334.005027991338 8184.764654504475
7086.143355612599 6855.630769426001
6928.019679073259 1366.5455688571571
4880.137456609134 4637.6147072643635
6658.838253570864 7655.4910242500955
3585.4391891593973 9879.109384324525
2518.803973972692 8040.4412541266465
1959.8521650509538 4095.224064810958
1269.8800857491176 7417.943792220678
4265.893184653484 2672.36994338948
6596.449791889485 8680.269905476787
6708.045403425832 7019.483165070618
3988.3513659403125 2877.4285938328558
1078.4234101197299 7142.763736491671
4297.322239855079 4017.940578225644
691.7254574494891 5166.699682140018
9138.54686591734 1067.26713292564
8075.107347298869 5724.529325781553
3350.0136729147403 9009.436834313992
6075.883231015498 4854.191873683598
4575.905102073038 5456.546748101494
4059.719681350619 5061.204743374854
7706.259150043136 9222.46216901004
8694.257366426586 547.7921741999181
2383.6577699924533 2521.1742370238144
4447.8633982802885 3257.9893690334807
5078.71062909742 9006.918742119551
2380.4732299692855 7351.328308769523
3339.6213301861676 5742.298336822638
7063.260194772119 6993.109427240976
8737.135952057166 8362.289716438321
536.1233507635832 9937.144155454564
6754.691971983117 5196.163805897184
9096.759536843005 7277.2588127066065
6414.600364403252 7915.979599194365
3412.3465072592753 7956.7230688081245
9784.607156985247 3399.4575564593356
4954.629317261814 5150.172685470211
1675.199972646274 3926.6813245948506
2081.471633700337 470.47701025057063
2816.5375767856517 574.2098576124777
7222.693185094969 1103.3959333929365
5594.900637025645 7726.83006116058
2575.28724270193 4435.761888090898
32.06862853318504 4996.3160501987895
5472.872505434546 4518.312213350464
9107.054609116416 6518.205105888273
6166.499332511679 4792.185209665214
6748.137254701971 6591.7363542855755
138.7007793843864 1908.4932102222162
8864.14818784754 4934.745138835661
4269.939592686923 6183.2624995626165
7637.48630538685 4444.4406261340455
1186.368109831384 5255.4330054293305
1967.3506920118712 9286.637976652242
8940.088739404759 8853.493578299596
2430.195191431601 1380.1581042127264
3807.8612333975248 4226.725927516156
7415.421971579297 8899.745106761697
2441.4743354449242 3759.911504628741
8197.85531970451 1289.994903279591
5862.761248953982 8565.756874347393
4624.541975865009 1464.428473712328
1868.5075535333751 4437.175648371891
9821.947365194566 7357.9830958911825
4295.260167250277 9441.960169735648
1870.6286160667917 1807.8368936750933
7291.320994801385 5655.264900713193
2747.985816504813 1856.6218306828407
252.96072171980933 1050.713634391568
5.700213160162448 6003.7190470649375
4404.170456426085 1408.8363048602969
4626.993735374829 674.4758914002324
5134.019149404457 6251.9275847957515
9299.850780322015 5233.820648782438
5152.961195585402 7277.312043049094
4945.866833815326 8239.890134369536
2289.197840751136 2536.394024274349
9760.396293516733 6314.933565615307
2318.464787542903 4694.755368934473
4248.194056317807 1004.8860279503368
1605.3848105082013 7108.957602522696
7779.757591712249 8305.655597883871
6531.784666303959 7168.599836952803
7047.09265313517 153.30178639664015
6697.148006061676 2377.566827830495
4463.640966086402 7106.925491120416
6698.636967199344 986.2942803437802
5031.624559567161 6697.2362866997655
6932.88207599143 5637.276719501915
3491.0781308833725 2470.3927144303607
7309.006622482848 5448.922301481866
9668.351843729168 4625.863550750762
9022.114795623447 9238.256094811877
8857.889988041848 4328.689924086456
8608.742274560986 170.86580425656695
5799.598410267272 270.6755227045066
5390.530250817644 26.868070288696977
5355.135952760457 7861.66489228912
8109.650777505211 9484.568873460148
339.97758514319077 8551.220147400529
9069.276945342872 9348.883751692678
7134.110495407311 9212.637509964117
4414.657608179569 6489.466091998214
2672.7480750862787 9265.393299286625
7325.119497700479 7403.892849603447
2209.4494865031 6268.743933442949
6834.590604872918 1784.1398710262179
5847.562620701969 9088.350003078349
8757.996951847446 8239.972163561124
3251.9109059109674 1419.430131135867
6773.155217413811 4420.767382054421
181.17012320029602 7444.096103303658
1092.5519556159513 4177.67619321472
7522.389895259403 5707.157123560292
9356.656973023613 5120.919803479253
3362.634893181644 6913.823216262593
9390.19226665842 952.4108939286901
1298.7321931907802 6284.380843386831
6285.0412045310995 4291.776482240331
3664.633726937523 1345.048345068701
6908.245039918806 7364.2540157371695
6646.906752025599 1590.8680893017868
3380.8056706983325 9881.817095590126
5362.396321348687 7325.6230029588305
3332.7707953830477 5724.284756730333
888.1029910453897 1165.4141080515556
8812.353805601026 2615.0531470768356
7961.849062286148 7186.672405974128
7611.595657464236 1886.4831150243933
1613.3117713507972 9506.019031636897
468.34832463256595 8642.863297337748
3338.5243448361134 4198.528164588581
5114.126008060638 6154.26517217253
2596.955622003623 5892.591311725647
3459.6270381162176 2152.4917031353184
7388.801197201477 3123.715407916948
1344.5083914730703 8850.713127546356
8461.128121973194 4586.236048804138
1225.2469330881665 2971.276621948028
5295.035268781549 1791.059781735187
6934.696652551375 6841.56430488846
8442.00655198551 2319.195389560401
6219.21427641664 6705.665847845043
2006.144773846531 1854.9742853697403
1143.9869855881202 9800.022048384932
2110.0003284987934 2489.4971763858866
8654.468215430028 7454.0876515670925
2035.2111218606694 9403.988929997198
3591.58846326473 7502.450121755215
2395.1970242238517 7974.38133216876
4280.67570372508 5632.7346101064
5175.661049388017 8582.58668518357
6448.785327325617 1944.0130061675763
3769.668263895497 6976.561728887443
4672.4035146945635 5953.326689028129
7237.58786704764 3890.4075786176086
1817.2580887448696 563.3258711458666
5938.1990133469635 8817.38683919554
6004.228523206708 3091.9128254713214
7405.778412934783 9322.882702233866
1520.1238168804043 9365.174602619123
5889.002029052905 9090.963848546797
4789.3489632377905 5087.775363415035
6321.006678736104 5017.362001336696
9032.259312618866 7230.3709288784
3655.980315640691 6093.305876266741
1558.2588104656625 7011.501134001815
1486.154813996813 4568.798568496364
5776.46761951199 5201.80265606332
9644.100178099428 2940.567057625423
5954.048966201044 9941.277795557135
9098.728360726507 8679.04862496268
6512.052983518024 7035.743979436957
3869.4357045296647 2290.4259548818227
9220.895976054093 2786.481684788561
3911.322773017029 3303.8552012795617
1042.3656839243945 9807.485658554098
9965.450767936089 3080.6822728717198
2562.30248125368 6997.61795447165
1221.6088934230174 2961.5722411543575
1967.8775992342855 5860.350246098936
9307.077520261042 1199.1265275457308
2345.650359534334 6701.674704252142
7593.396452435246 2367.6964697130397
711.3546244590918 9887.152233003031
3104.154561434711 8498.747866546762
5629.6312750489105 9301.95672274886
9410.33856893162 2059.266506909951
6541.684344907802 7433.168672148622
2815.790536668151 7072.340658809021
1991.1129865187283 4081.4567477908026
863.8423529062255 6173.192171380676
5822.9242633514195 3609.6799197507335
1737.2098627599153 8200.572593576248
128.01067793341892 8848.832172652774
5476.743298449086 3042.577851349221
1215.1329344611995 3307.144194077961
3110.6490933572472 7887.578705617428
214.71741418127243 7166.043540501151
7764.31162301504 1775.1014722678105
3053.5444605214034 6697.068943366699
2611.8615925180775 3398.1401182299196
5486.663954497813 1196.7234254663829
4134.148166448613 477.51092614370714
7632.651011995346 6311.640710931912
5563.796269799987 7710.514677523086
9030.564782828198 7714.333458164103
4626.535100076855 4290.301354876502
9621.755391567372 4490.1762658117805
1729.0111009604004 1298.9774500084761
4256.916788195081 7309.175039343449
9596.803753202785 3896.636866193823
8338.555399513083 2481.4575065132185
3032.3853248490295 3160.1362453329198
31.310359893950146 9333.314703234095
7941.280262457265 7669.57523163153
107.32209352625644 4991.012980701378
2065.6902210129715 5497.084681034722
3941.1170209276215 7622.486321509346
5968.374704103207 3121.6639880237294
1428.2372026276923 6462.407559824664
1725.585115310293 8975.454002351607
9674.114482088968 4534.034462198046
8516.372105069935 5820.964927326747
184.44798848829436 7881.6045271286885
8836.596357384142 7965.427589570921
6985.614804725483 3339.960274898783
6419.491812375511 6437.571894469504
4613.406825448374 5393.459457382332
7110.646140810616 7683.777801328795
5230.65349985675 1514.1305658446947
6923.775330348338 9084.685658082799
2269.0534200364887 4519.412754472525
7294.690325382776 7649.993035156527
3937.806667288688 9952.717618154187
6154.365007486542 6618.305781910926
3701.404631589793 6265.439256615429
4858.03012068724 8370.5513009196
6401.195268994363 5666.925875961749
5235.7388232670755 1059.6031872523204
8080.115700737887 3909.3206577535966
8070.857908022847 665.4069218488756
4767.241032702043 7987.072526223531
4166.459558923679 9804.036388970728
488.57136534702914 1756.299080380933
1825.6021343236484 9550.751948721632
7592.73613469831 817.0844298853508
50.00427305792532 781.2729347551916
3115.0726823434647 9652.180305079864
5052.632076676323 7092.113760991362
3350.7870599675816 5978.469570016924
8783.235271828908 2229.9794026994023
5067.6822818436485 9542.943278379022
2081.8848033911054 1141.852154057541
5861.200227599689 5182.831652581845
1804.075141824515 5251.542157430949
8039.287240993416 2869.922094535845
801.9790790240078 9375.119398131032
121.86493670949594 671.9850588716481
1999.9480039353623 9806.780059192643
7549.4452096703 89.62131968335063
2968.3753355597796 538.342917101845
9517.702487398888 7064.735730535437
5378.550077874934 7319.714678867718
1989.5755831542494 6107.227799207442
4512.146978694034 7324.296978591384
7883.739937731543 9449.389284052739
7602.512386219267 5552.457499717562
4198.0574051132435 7912.880487346247
6200.924461103957 7787.82088292747
2398.872806396668 5261.050817993969
6989.516824964597 3915.277796178609
2791.797211619357 3209.764196592668
7503.575230977672 4716.25339498558
5786.878385781766 9982.773314073624
8079.429249040141 9875.914321271543
2980.8288720708156 1323.0824728981604
9010.179274058115 4868.636510792045
8801.243304578347 9209.625577345705
2370.011023291879 9632.192034277865
9092.508116194944 178.9819762640077
1258.8686473837397 2497.7607615242036
6470.365738041965 2114.7353499477963
5322.773357926733 8712.007074742762
3531.8653676294807 5642.481412049752
321.08647615096686 4069.10611537877
4079.6979166872493 3856.371465691696
1240.5350593691655 664.7426300696502
9404.676220495876 2003.474635870227
2996.8332903400196 3590.7479232285823
1367.3879159289904 6965.1319302837765
118.24600386283079 4508.178679247895
6529.816085188496 4899.865671276622
6971.460270348441 468.2851722886305
5909.985408874491 4250.293822351719
3068.641658635062 4094.9549072178547
3067.458563310771 466.9010162620946
3785.573627489407 4298.856693915448
9174.77416457433 8264.391825554954
5424.287456183961 5062.655360350162
7489.6814702789825 7001.760628571843
4969.61095519784 3518.305644498799
1215.2926211754723 4865.087470937399
9117.577973976844 7531.570635770494
8120.04237520473 7932.470209143334
4194.654000318858 7315.5582780987725
2486.6041986968157 913.389864829518
8440.253524915908 5214.204759396497
9968.685713931613 7380.196248162417
791.0375727344798 2728.274126037564
3756.8830767136396 8647.29229113828
5783.993820947644 4100.587686318663
1089.5469956216598 2103.989060764212
2486.3212033714767 1333.835017709377
7591.874941002658 1769.8861338842942
6463.655114967978 6383.456033537682
3186.210570831611 6117.033563230974
7714.181555212764 2449.7334105789782
7388.795965742575 791.0136030982761
4224.711004940303 7787.3630531958925
3692.9905792938875 6763.471750117126
345.7910797681518 2257.4215776736673
2436.233186106329 7661.52570182511
1536.4587605242164 8965.783809076589
9057.791768859786 3544.8581877755682
2195.2444253997005 763.6865163817719
9976.608559264423 2239.2025215051126
1272.5564970327375 4130.275297910141
1453.316600070087 3485.312559221283
1150.59533324268 1013.611009275306
7747.768155002017 5625.402526998183
8880.450598324222 2575.753827476166
3643.178382548624 9324.431693393428
5282.066048658041 7469.18354010155
2980.260636614336 7911.501420293336
6641.257297836437 1265.9540869064845
9229.484846027286 9327.020270874536
5778.992803521264 2967.6221895269605
6326.8669948236675 374.18389140801423
4121.662364223192 9143.131103591038
8008.454052866343 9998.708972121532
4067.067981673146 6173.46992386595
1700.9421936096692 4658.649963106774
1419.397361877116 6326.067957469552
8660.624298163742 5496.5159075059255
957.4434914129026 3938.5299031508134
5500.134639503957 3988.799163437938
4303.860381606727 3860.4509686517495
3502.2214689392295 23.417338503045613
8179.256627911394 5483.6977002347085
1192.0427176303672 3943.454903270066
2853.438445152677 2185.676942782476
2524.2476691552674 1995.9919484837708
5147.142129860972 7816.7576416736565
7738.3734864780245 2837.689983146845
7691.097765177766 8982.152029426148
6445.848845113566 1274.1959552693172
6315.290893675897 4300.200683620095
2834.163743264071 4248.320747542855
419.8024171768888 9563.147299427506
1008.530507901445 3242.335931605741
6969.61882604242 783.13274710752
4438.627583297717 6722.62328575243
7359.325891307972 5475.272310156659
7237.7786168745415 6030.300872549663
7809.610842986625 6211.329361336778
6574.1929748824405 8209.34538147595
8186.015559049415 9471.628560845722
4898.650772042403 9664.11434095159
1171.3976103004497 7129.5039747216615
7870.288120406736 5251.0667907719135
3577.073256086398 7521.707310674697
8871.899622220866 8434.870986743153
4243.6308530578635 7989.850625181737
3828.442285828637 9476.976111515309
8460.917306243797 1022.0925442268069
677.1913271377416 275.11968682496837
7127.720416997069 1680.9221454581557
6285.262241733395 6435.126584291209
9975.182705862926 4872.031247290952
9869.980756838331 9431.755440593044
6093.992576507173 7190.9094378177915
6049.846986512801 4303.228731557053
1733.929040270833 9577.936024462431
2538.606341083084 1224.4814483365897
4885.33344254748 3819.382025345943
7192.203757490711 2517.0486570077032
8505.612330198679 8050.879464804779
6628.167518682609 178.90656228319423
9419.88240416167 3851.552210443322
3959.227777025788 2855.469390436073
7903.387474071524 261.1450635064605
6317.747773968172 5323.3376748790715
3744.333570956332 8109.127890604928
3794.8070257825216 8021.2808962737445
8189.301134810528 1413.8952233823331
177.5419635119546 8938.332159574551
7589.411416804851 1291.813307358497
2440.6160548234648 5256.759185842452
3793.9395764015303 1810.0218147058888
332.4569552654755 7548.07000320829
8379.080752814467 6523.521958876263
9594.161842347252 5033.098884902118
2653.0933105277663 9056.237209518984
2358.742420585308 6442.611862847502
3045.056410253639 1017.3641558873647
6100.640714836386 7352.760367078587
1962.9995567477997 5788.474472654714
8140.216703495173 1520.1012705673645
7498.1703027859385 7273.472780852394
6155.173585270264 703.7940911231999
1455.7281763125507 8572.651421870483
6410.649897565746 4737.9763994629975
4108.164899492107 6723.724887150015
491.9778576151768 1205.206009302181
5796.269624410885 6146.869250983696
8208.866894092915 1962.254755277827
43.46861735812113 5237.429627277134
9037.0422816713 1982.4242261763713
202.89095346668563 7669.10244006388
6973.132755473217 4503.948085808883
1822.521643170254 2402.0373900976997
4000.8633310058062 5311.9315946331635
5892.321318003298 4134.444611603386
5501.382059870098 8131.677205466298
3928.2107482330307 8992.93713436873
6887.808121453411 2574.1258440414795
4451.326829716378 8625.972048609456
4503.856880749746 5849.543952641804
1836.9779550665633 9546.402982560588
5398.666987767676 9553.469021665192
2736.2422482413085 3563.288862987564
9974.71229066529 3229.3234952583507
2314.162737086264 9449.752517345873
8702.955147968902 7124.9905989206945
2402.017046576248 5612.8148596065985
9109.156809582924 7586.043068346555
6327.144473066569 8462.78000544237
2057.5300747448277 9866.203862945598
662.3420700482574 1423.8789668286422
6992.685122506874 4786.004026026609
2427.84312375812 5084.526022608936
4248.081842781607 7633.502552767515
1382.4173825216212 9854.680694504257
8788.96981614446 9976.314856363255
956.144330919414 8679.446480962326
3830.065083038013 7642.0941567902255
8105.923569928089 8852.183160768313
4652.971769048167 1024.9943511524727
1915.808768777507 8777.044246047406
2645.6301853694085 7088.539140566161
3117.7602985678145 7649.997689945627
7095.83289023798 5960.7090773345835
1874.430681580086 3459.023439102303
7593.117984671835 8854.952149043509
9144.114323754913 7448.32553455824
3028.114491525322 8201.20739683047
7739.004319666395 1248.0338587818928
4125.681010876636 5333.933483681352
2791.4176915183652 6240.017394295833
5207.941486769001 5859.510977745964
7758.66626245738 3412.061072926984
7455.592632239517 7913.288761266335
1325.7621287282807 5946.812634156635
320.6171188948315 3916.929098479125
2606.17077617063 6098.53117926457
9940.808140829926 2159.601106016522
6894.327905666691 2529.82386650932
3416.2708666009135 551.9563151464657
1889.6647790501331 4212.188393329679
5630.338141089198 1239.720263811075
4790.393240918652 2238.323807394231
932.0978985867234 1414.1152920899447
3946.3209775267605 1450.8105136864779
5444.998215857524 2619.226657137915
4863.484097224762 9660.904020622163
7025.76055033765 8131.810506781382
9269.395969616915 3412.82362648885
8970.09843448786 5576.937526312795
7676.230512676686 5743.061789436786
446.504454356047 9843.251127113264
420.27284755072003 3190.8778957084082
1336.6310895113809 9574.514740183897
9509.485516100693 6435.28107851443
1670.5610654691484 9039.509591956465
3777.0515941643257 1365.4491538314494
6167.5249203383755 6020.237771090861
2817.2777628997915 5135.66896696795
2527.391968819739 5508.774267479607
971.2497107741214 4812.526127696058
8065.523092872077 8466.003577960772
1233.1517795310788 4591.210609401951
3043.3426143505917 4670.863678686114
364.17599853841295 1239.4477907534251
619.250734827762 8776.618307920278
729.4643451857153 6421.7037331570455
2729.2636221033904 9091.059124041762
1414.5394094837072 8862.952539069756
8404.033393453932 9310.439505568353
1031.1981259112933 8930.438187482045
6038.666929614121 4462.323694189348
7288.856708765033 3143.5010746496373
3954.028117628546 3650.434410841139
3885.852074541497 6365.679243091749
4222.973212092107 3844.9648751524114
3566.218405645837 4989.938195170066
3182.2321818116616 924.7157913281578
7290.975448619877 5297.020530378303
8310.420901402716 6452.808831530366
3388.9797495049347 7348.551126875133
5224.928099089384 1255.61738819849
7280.9053322116815 6270.6667303440445
435.19032881449647 9774.944220639236
1910.9363228618581 9590.592207423744
5187.131803435619 2376.3725822645742
1374.270415971217 1407.7095968438546
3243.3139880829954 6322.099386269474
5394.546333862302 1612.324524015827
765.6025739207506 9954.456943731897
283.82427411997145 1109.4595848733425
9601.928455488807 8786.716966996848
2808.7653241969115 2061.655407863021
6225.980165383398 6660.659985795772
6990.170073139088 5533.896588984996
7338.436355698887 9905.78790507282
279.0521911454491 7605.418849020857
9710.609431927935 7522.945221011554
4780.939429290792 9007.299756888702
6236.135474690583 5815.504196964592
1241.1105260860577 2651.3692739568482
2353.6166411652025 1604.164064116912
8356.987871313 8035.121893975522
7012.88139695069 4186.798257529879
7649.929309062253 1438.9514006559777
179.799032157818 2542.6836488079753
4607.169103861066 6076.168498326898
4509.34561106635 930.8259292166709
95.682118869993 6912.905111865133
2263.890250365573 2994.993878630543
2153.251794639607 744.1453773262951
9813.428978914992 1763.4616788252345
7178.050313867751 3293.7707318302255
1126.7647771742518 519.3520658546736
1266.5395161764147 1600.6374931386324
8547.396312366222 7417.860703542656
6990.531950675167 1759.356850877205
3845.141826634998 4939.532788173799
8257.75689462917 9203.579337390027
5044.292623255135 3794.1592455020113
6066.296159016135 1151.2304952552388
4851.354732723981 9727.740646544431
941.7671414311168 8575.283729144148
4640.204182836744 835.367762070629
3637.15166891186 8120.296927493908
3899.74548018564 2445.751393339235
4278.677985196121 2754.084791653535
8808.9278622074 6418.52534539312
1557.1842165907335 3625.5264160010756
5176.246602473121 1783.3436589837058
7792.90423442733 4593.6662488131105
365.6073450487829 4050.1730931316793
2742.6329409308883 5199.8936945313535
6027.715985807908 1233.0823504066711
8871.746000106617 7474.129083160721
8465.90512310415 5655.213557330624
3479.561316366134 6897.593634233726
6287.584344180616 1940.5170670619277
8545.045965831629 8088.866790625495
5627.266407050812 3248.215090934786
7450.890871425997 1336.5907277753952
1674.3775515537086 9768.85891753124
8847.48778931567 6971.307861804294
1498.8421495449934 5776.22531316226
1834.3571876482756 750.570304092979
7239.679333035154 4117.196772786025
3365.1001405043457 4925.590223194175
606.6306658643439 9922.155866022405
8322.949797018095 6464.35078690163
9342.093446545738 8531.315519554062
5067.52585242096 6025.227193655326
3800.4019941861743 6157.800820534477
4419.402252700243 8706.820072635857
7123.770484220046 5646.181000653072
8027.620466477197 343.8303600846504
5628.966492583459 3835.5523205480545
2856.2907874690723 1175.460034818373
6966.059989685694 1499.1504059413808
2129.9434481571766 2081.9498961499407
2370.35144224765 1607.873215017469
9493.306568004095 7266.518728757853
5900.8510088041285 6752.9748124042835
2369.701362922416 1254.0963124545112
7943.446632479717 1963.592576311367
2543.2628651819523 7384.896166217113
2454.163334639472 4867.651519439232
6843.7100880418875 9600.003938464784
7427.682324429399 1170.0840789270383
8478.40132896904 9247.803308458391
5898.553830837412 9760.195336550052
34.934530630836846 3884.202136227497
417.3031768273017 8410.39172058032
2468.556378365472 5596.258731696893
7390.896592407777 7991.383712798509
492.17046891097624 2247.9528325754595
8936.796538800856 404.36263652329774
3702.744353696278 6228.48387996801
8972.10289271468 3018.543300601475
4506.430339736948 1777.6196992962955
7144.043833919327 302.8529046709283
8445.737410275984 3769.261284933595
8905.341985347892 1553.4402192968432
9885.596173791395 7953.529579619848
2547.7515779137993 2144.066166894598
6181.185596992798 5089.316593126847
4329.324462848354 4564.332744875506
6428.899936871599 9143.391565004475
965.7288915721351 4661.088952407008
6692.8477693908535 2788.7870665276714
4703.213189769236 7961.254726272826
2202.798427477706 1804.3317128747383
9950.570360934822 729.6843912415063
8435.49783553472 3658.840749729352
2019.7215003886747 503.586293948558
7219.7993383410685 4557.610075889395
7909.311329809162 1245.4075331980564
1047.0640785082285 3535.5062128735535
6262.962411956882 8968.978149491883
8621.805706608486 1800.0803430721724
8643.612167047686 4719.104779822787
7353.567681302809 459.7775851551633
7087.611896555067 3122.6917389275663
3969.5384150589152 16.455112599748077
3537.0406052650173 6379.858633136558
2718.4214016970086 558.0565017074956
5195.947950792063 5526.414967443189
1739.6012123536432 2456.4401513174817
6116.007724863637 3074.441982313055
2087.6505740746775 3556.9918788732834
9389.327537840638 3725.6208991140406
630.7496283300018 340.79715900440567
6210.927350594953 2752.343951585666
7582.599397440282 7346.785175642269
7770.665450719365 4854.5251505379365
1780.9253466132047 1260.4032353354332
3444.154658043592 9825.428326834039
1991.6866982355687 3507.0154252440566
4074.4765007697893 5197.712178671376
496.6215083756964 7932.361724684898
2271.2712985697212 191.28963886758777
6012.769731373484 8209.055196449966
2601.0418764850906 9747.485948261847
6596.138199838618 2977.235095410964
3302.277086928239 2209.367548327836
9597.681921727122 5409.133631217653
7731.267707656713 9296.01346553419
4968.293075804146 7881.45594437537
8129.25146228032 2418.8815554888088
250.50690928569708 1746.1121302968152
6498.790496013289 5101.318228147747
448.14734038876145 6808.9823874954545
7387.047523530973 7287.651224731525
3631.1484672218353 5058.034868400035
5195.898713916994 3666.190662471882
3611.3116647172096 8426.258769960337
4273.579689039738 4780.861637291833
4315.7620088434105 931.5147186680462
3489.8297771458574 6669.074609853368
6588.394572427167 1404.5441571120941
8256.270240329754 2038.8371013892481
7065.609264330993 4198.021163876082
2026.004913298799 3585.9953683013136
501.1527318437614 1763.6724453502384
6191.214533243643 7952.888421271492
1455.8974473916164 4791.127272337656
1994.7652296712538 7042.589021815343
8621.909485470092 2721.304691415184
581.6284225378954 1928.290421288883
5216.166206363423 9878.782837493101
7638.171576643967 3435.297148172435
1857.8024712631925 211.73742490319557
7202.140887113853 2623.4594223758336
4133.785542547058 6684.6747079469515
5173.430839880546 3860.7899901593746
5661.421823464183 9738.329554025298
6815.493390220232 2954.386994524569
8872.12746875775 2912.7346269131026
4109.50909670802 2892.6780832468826
9969.403011201735 2723.609468794229
8208.209036331073 153.3957338206171
1554.9695989849156 4188.861046755718
9433.49732471398 5244.57728733757
6270.537516271127 3021.124579122897
2271.7950706908164 2171.279869630275
7468.701265262887 433.9142690093256
5643.289576393964 2858.5890782288893
8404.959671360932 6753.098542802943
9356.037834422694 4211.889670481297
9733.88595679702 5582.048618851215
6103.138488318762 7458.258140696814
6195.978597076713 1137.9549190739435
4620.957520988228 1688.2278931508288
