5651
7357.656909724577 6875.937605394516
8890.557894418122 8045.630177711586
3096.2668715986065 7936.562967830273
9387.831497037983 5077.863802238429
3354.087631271786 3093.2840021251864
9716.966784513326 3156.4045600119925
4655.998470941086 4707.80710240517
8454.036609623836 1922.984964469483
1056.6163595316048 9687.360949924241
6253.3758139839365 7069.275735546652
5145.01141398426 1422.6974126263758
9995.821099958499 9769.341666017943
4913.877852114972 506.8874491607278
7753.342544980573 1799.1709919745103
6682.678907374258 9290.14679772982
6776.18526089343 5641.682474810505
4313.105302092589 5452.883510158625
5038.711611834852 8533.809446845988
4066.5198903858245 1468.609076645233
9272.71961902026 5632.972481982358
2626.8848251679233 80.3097917895812
8872.083983402967 263.4490459850658
3048.998019917134 728.3276871149646
5570.152647940498 8548.850915791125
9690.697102525904 8244.752885560249
3371.3995783927653 1645.1322079471342
8549.008382711985 3068.784748572795
1861.42265527529 1259.2404854008178
3844.0567195054023 1739.4666596137488
8724.447731943323 3171.739197180793
5180.872030327002 7486.662262933241
4065.0791215907843 9077.423814278216
2168.0624597054652 3368.081306410555
9961.116323688648 9216.163859204384
4983.646846708723 4589.629052834049
3566.8329627706353 6986.898038860156
52.17229842300553 2398.2960964437707
1041.1930969989924 2020.9250472564377
9733.568063869889 9251.265285988171
2593.060770493726 36.319579472885444
3723.0137473287095 3841.863532946376
6015.529756113997 6203.523828876625
7722.432374453603 5002.436620565985
7224.084812028664 3722.8520218071594
1868.0426237266556 5506.182474567341
1518.3849785643733 847.8609194634789
7384.735007867005 354.431533897609
8555.030193218632 7684.232021656603
4986.863802030801 9262.808144491604
7348.755961020843 8752.026144899035
2656.375879441477 9749.174390956694
5012.082381478452 8519.860434275994
3603.024711123837 5478.1944323124235
4398.510389136127 4902.772815664716
7447.744998864888 4331.825058200731
1331.949994450341 61.236039758595375
8969.095656772244 2051.980206927232
1685.1338884425115 8746.987547939905
9114.000043593256 241.0791838511961
2212.3494201234616 1912.0431636084868
2397.8484033152868 2008.1325880738887
6746.905219399841 7330.4719158804355
3305.3490402021357 4612.4819618453075
1141.3207189179286 9578.202889809038
1852.3459762146754 6084.257181144915
6158.307791651328 8874.345203969713
5080.15023982126 1990.0657007466239
7413.191895079023 2008.2049025105264
6927.755939246518 9264.392320715951
5423.496391598759 8859.38054582038
3663.643099188216 6341.625877491416
6838.997784132591 4864.029132097385
5857.700182428099 2700.595911815693
5.625388674515008 3188.5906473592017
735.118951691801 6372.947412868342
4159.1728044157735 342.9701439387767
677.9528039088311 4968.6382635890795
1749.8547067187753 5498.370239872461
4626.34922874855 4336.293985963212
7666.324042951467 6870.67873549519
9180.300090493422 9103.114794293177
7457.8463078444265 8188.513323489697
5314.080337423736 1028.471155890892
9045.900868942583 4485.730923369937
4789.37276441627 4357.290288644012
8871.559801100044 9241.412868123713
7589.4070196700495 2173.778715749357
3942.5731330899985 4236.037370367937
7995.265320599 4132.985978750613
5824.165213225692 9400.758424741474
2286.840228135195 3887.16252557729
1260.129154121241 2407.407382958372
5474.753739597249 4025.8238863692764
6815.879522155151 6780.04370982639
7955.878289173588 7412.878939570235
1702.706221286041 2904.5776234771856
5533.924835846686 6431.140517278243
3772.5455120999372 8471.195667098873
7857.896270426286 5833.984831051555
8565.16846499032 3605.0200399950195
1005.0277068504964 655.8809927445042
244.75962537455652 1223.638186942747
9671.164931307556 7947.965063854483
6280.440279470565 5005.83938170398
3230.3634486447772 9981.787273504831
4805.366252211272 5764.102360133457
7786.812162105459 7003.810339105708
4731.612459360135 1984.0754733011056
3266.021740538895 9625.19461597083
3903.1277414269885 1827.4987559956135
578.5386625638389 4495.857191560988
9836.629904601725 1990.7202436928762
8938.279197868549 2038.7432850633636
930.382581301602 3469.157715627157
7528.902628298308 1709.703884047088
3413.3752988426922 5498.763862934757
8885.472342589585 8500.325996379643
762.5084096051548 6728.757546160231
3594.9825882103714 4215.514048666353
7832.9609685287505 7025.580653282409
7218.154204491548 8434.576100441584
1526.9961181512626 4216.249065387653
696.2330867464727 7004.019364626608
3469.041167164363 7549.969351785958
4930.352394748084 412.21392699068105
7859.95238136643 3690.088410603818
8707.346600997067 460.536474113955
9450.957066461135 1644.1589118445754
6694.736546996078 1272.560548908932
2407.840972072016 198.09334101727472
838.930053488971 9872.30786144926
728.5276674180385 5141.0924094960355
4174.51006193416 2314.535564167206
4832.276096149168 3851.2332339502755
788.8144515667273 3664.4813754052343
6956.298242502486 1657.3016574687972
9484.837105370587 4001.4458457005876
75.67967390538111 7800.667035607057
1546.804747617525 8060.039386523616
1205.0601925283522 8791.685912335151
4936.620168240098 3124.882379152758
145.615725307221 3488.3401861900265
8235.68435321608 8358.990247652582
9008.45266280128 7320.504819101363
7695.436530816565 8873.036385219864
6175.6132653572195 2741.45291750044
9871.289224553651 9532.136104281968
752.4603236679839 9208.902033311422
488.44961019330447 6748.745662554036
20.29243140137971 8781.115040622104
7424.459470222471 1324.727711239635
2915.6196716966288 2759.2672063087166
1992.1058429378302 1782.5852536834807
7142.6030879769805 715.4956730169581
8067.684814330081 5565.3190357278645
6167.744903863805 5716.752997249668
3033.4316663826166 4986.315977612456
5050.991152527709 8587.784140218148
7989.254324706464 5875.135358001201
834.9871365854211 9652.257256205237
7237.739387813504 9491.999343622645
4044.3046443106455 8549.27206607139
8657.723535428771 2473.266085042648
2739.039437577351 1443.1835401714554
7255.557920627621 5322.096189735359
9522.250602002825 227.87042801863498
3919.5116831065534 7272.995616010622
4918.299579738054 172.29256501649192
201.6000824488806 4235.857336838607
7619.216138930562 862.3733050083638
7812.441068565195 6964.583847342631
3238.803059544776 264.95663759832365
8438.577740407181 8597.323676444326
8419.266942097678 3272.781721997492
5478.0316358994805 4279.81017782869
6402.740002789095 4185.130639656
4338.677914179645 710.2407793301346
3510.13581338352 7236.999095111803
2055.363004052435 133.59118593012087
3362.3658924402043 510.3504901214606
155.5137297032494 1565.2092428269848
7134.009865221169 6344.211606924091
6939.315031234568 1837.9888943948342
3647.123094222968 5706.073477018777
6639.359683372704 444.37638554775447
2692.935898166675 4895.265388445938
3286.0032451580214 5083.915249590542
8611.779463914674 419.669820975862
6528.487419312888 9328.985217405914
8866.649666943262 1920.3530177284579
5148.217164662712 9885.852934356655
4113.402427557794 3614.3833632883816
1549.4118520687573 8555.092626712796
2100.645805656547 1884.32307431309
7123.675834052171 3184.899706418265
7624.978469377185 363.56753681125343
4058.8597394826843 2662.7678693252656
4722.299110653704 4149.923694805818
3898.9156737677754 3305.450048169438
5293.488893512646 1625.5132460187892
6960.276722084048 7884.086803405139
442.8497048916802 5769.291857159168
9571.61744363265 3960.827354839497
6950.257531302315 6819.180402444282
8027.681133964933 5215.230645082211
1503.0661350486496 4674.0050758824045
9134.190477031987 8003.180372343735
9581.381483745245 2521.1459420440087
7269.6797819028925 5518.0058061693135
4220.395870505791 2834.002690910121
7001.4235899642745 3612.952119943228
2266.056920094132 3104.077612004864
8466.457052442658 5596.092918668991
2195.419714125155 1455.6930598206075
9965.015533417942 8123.238659799663
8090.612288805273 1637.0510474063415
8512.550085006173 6691.340638644779
8935.418327352012 2789.5565928490087
4457.798043792424 7174.3464700905315
1046.0638675231237 1868.0194997619014
698.223382399612 9345.4170280624
4152.8679011080785 5617.560716869262
510.46398728911925 9393.864517171862
8417.00191050721 4608.7487459614495
562.2532871067265 1072.128966273298
496.6720574169492 3990.693504040146
7283.612535404132 9297.559261913217
1669.6246298587757 4342.5313825173325
5448.936961335916 5785.72201721676
9973.948726861634 1286.935255039081
7557.925134047007 3606.409366244403
1346.7286414839252 4374.990574944003
1402.1371187742438 6430.476344913673
1820.1788632981275 4159.974549061628
1065.2817447257412 8675.088111521152
3977.4700574125955 1348.2884357492119
3529.1758794170514 4756.907154520449
6075.533282233339 3448.985591818704
9043.634622095129 9227.212008382807
1509.7096982875291 2439.0499204307603
8467.389069932238 4689.885027998749
9625.188135075747 1619.776726470724
4898.447988721696 1092.661449040875
6272.752658834839 1060.3139131837936
86.15486246847715 8233.98813344241
3961.4419529058664 8807.623585969444
8353.516624531281 3142.290168037941
6978.295774636161 9387.826936566824
2057.2074038141873 5361.396983251429
6425.447826712977 2032.1001045079634
2973.980299960236 6115.335695409331
3767.3970228100807 8530.988698139865
3426.050892438467 1827.6476690021614
9186.371646088362 4654.217215765175
9444.338502108623 8534.841831339927
2811.276158091893 9668.764237770616
5817.283190698859 1360.5507464306443
2715.789441780915 5646.186851487668
9484.28603370084 2406.4046556963026
3473.7621815413113 1970.8744963253012
3406.6433121600994 1167.5960942207942
3015.137361808573 744.1166722528369
7785.1777339482 3895.5604776013606
3543.198358977482 5624.576418655582
9292.596416162853 2207.14771626475
4354.024718828194 53.95485758972307
1849.93358789311 6679.118968287157
541.6170336096682 787.3486584291034
4400.264763627924 8168.746948441908
1777.2252030792968 9180.992547969707
2119.2023826015984 8165.762788119563
9618.999345805514 5785.791091988667
7550.523258123957 9607.834223565858
138.15558101717417 3453.240509128784
7266.58884379031 1281.2208998381348
1040.4278576342963 381.0527931772645
7827.065418480891 2180.20256563353
8916.65794252627 7308.986940681278
2045.7633798302045 7013.328906783627
2773.9493557954474 2421.1030093074723
2874.257289390103 421.49408461285344
4578.895040346758 3418.85694829441
7572.26331552079 5412.290835219683
6186.957842226552 8700.152414137667
9258.589979150895 1017.0539095019293
4737.173219983293 8612.676503564302
6422.798558595241 5241.453389841152
5358.90865300755 3345.54163672513
3526.5418489991216 2007.4533524366689
867.5031542811118 6181.4634225195605
7434.875573239218 4973.9047918955985
3018.1807929069273 9552.409184895921
5091.66663111309 6874.992792772186
8842.714445560392 6624.848559422049
7589.5505919269835 330.2118367136375
8610.895222436999 2986.4480881035593
4583.715594006063 4956.500171734215
9038.932893883722 1414.2475861226355
860.1249712821613 6052.607056557277
6509.504918165333 7675.067327224086
3792.6090638250453 2127.7352140368166
273.2344826908406 6842.089459367946
6409.596230969924 2110.937911948323
4868.967199864241 7707.268344635073
5840.069965119351 8204.71340441749
4330.289872264486 7527.419636635936
1019.6767127525086 7035.692356077656
8138.311686553798 562.5505414577469
6711.729846721208 7.259462956942242
335.80980147703275 1648.1855585066085
3134.1897479303193 3573.4118758935642
8735.416535688708 389.15672586203874
1782.5208758658007 1530.1072528610282
734.604666741121 2470.520297477332
8399.661901317264 4359.803597755105
5892.805060945737 2051.9727918427766
3468.167916977497 5166.854150938619
3131.0708392822917 3245.336287071632
9085.916337095197 7805.865615986744
2182.2751593446333 9270.392219837808
8635.589931418686 432.0856968657916
4749.916766139459 5042.539592227076
2269.4868432716066 6892.338845853773
726.1744627231303 2666.460349148502
6905.026975296383 9126.980861150094
8774.940745458964 9593.180136584006
4162.659869765357 6067.794865428971
8603.133569793126 6043.607746934722
3476.7012120591544 8393.711438205297
4323.672005877716 1709.8490182129844
470.9583798976125 3945.6744634803445
4456.069752258013 1716.287996273762
2614.828142473692 5603.9480651187405
4315.689886287615 8355.63348652534
5161.882991445602 1995.5891145652083
810.2729696775967 8210.831388723704
421.7881823471559 1526.7854039462425
7992.431628189645 3931.947044898164
2527.71817206602 1924.197192734024
4109.388598217344 6157.825746061343
8035.272778927833 721.3981685527859
7346.301416261518 3855.540855915598
9925.219337774808 6940.969007674413
7977.107888404522 696.3404014893304
8881.215121844438 599.7412043862049
9216.894681120059 995.0151803564811
1074.9924190861948 4604.150761065195
7712.377353278334 1210.3001691401162
6115.320608092061 3104.607015835631
7312.1488842919525 2037.1382934288706
2303.378092713225 1442.241432465108
6525.943839003665 1717.3282378977672
8886.00883055866 5448.35000075422
912.2323406824473 3353.2884056318712
6609.652913984952 2046.2953002092222
6526.04267953941 7730.36593595234
8551.577704745909 8857.594735605606
9513.98729044459 8436.329831541381
2941.3611125044213 7828.362393004193
9961.04546391363 7912.383012195665
8484.405153962794 6769.237496307807
5173.734528707705 1478.236773231818
560.5892116968137 3141.3778640618452
8726.877276388072 1344.4924158434947
3594.99874412838 6423.051727217326
6806.256624631512 4158.77573811302
883.9934349757772 8955.815489188612
2647.0180754191465 3727.7791225735477
8208.706527793716 296.216552599311
3197.769794959441 5215.56077745824
1679.3969020547129 6788.415759129728
9532.897550157291 8339.16019231406
3427.9013511645053 6325.073604102728
3990.6972167065956 4865.792788919848
1001.76471548588 8078.301457905715
2532.501175129811 61.58150915305028
7612.45180922867 8359.428948906421
398.05719691717866 8649.996845791262
751.3737174366709 6705.793805143223
2774.9930020530423 3308.872188298999
6111.291730241401 794.7118740601078
9905.277866539756 7768.067976747832
2236.984644256901 4849.2409365507165
7819.175070087331 7165.561579022528
8877.899810049936 3827.3012767159107
1717.2508477796932 5477.939284319397
8626.8327882942 4875.172173070099
8913.589495021273 3561.9760487136696
7102.505077306712 8278.335215570594
2208.4371265990567 1627.1849864956234
1670.2494393655109 2457.0891823024886
2576.080063960664 6804.926660966187
2493.8249671757785 1431.3129576037863
2133.8366111478467 9887.87025806007
2572.7243293831316 8618.20800427989
4500.624089874424 5284.299493899733
5343.156527458504 7828.803808833621
9858.635576372331 4764.961424629568
9407.223066176817 893.4634177100098
6299.246956730338 8675.861723288037
3.6244800053997217 1473.5764590176937
7364.3420599740175 7948.606076314907
5944.57298376005 6306.088650190482
8086.832717276128 6460.597675395541
8917.405692764638 8379.456647015597
8289.222888424418 6080.600900810294
9285.727744297505 1354.082877095223
2416.641758588376 6080.883131213245
8823.738926234679 917.2314215950961
9760.857390098123 4505.353152043128
6178.725534632109 6701.878544053708
7574.3504620667045 1553.8143966761909
5280.532778654874 7900.909369020184
2278.614545189388 4075.655267825107
403.1505220765064 6772.521479266529
738.4217123274161 5862.004220349469
4132.38568559044 6859.64889822112
4403.871684212804 583.5781801071282
6104.912784856321 6935.676948165124
4014.623491353948 2942.1536970903294
1057.8282905424708 7440.668201715648
1515.783943444834 8886.801564680349
4464.158691590035 3486.7726050022598
8852.50374180609 7591.7166350159005
2828.6037558729295 7388.450398691854
390.4180442526428 6300.6900756987125
3579.121953303861 4112.590674317304
6851.635383084064 4113.966045824682
6413.794468030116 5045.552933567652
3861.064298532766 2326.42956503439
3948.7312711741574 9038.626053809936
7465.446146054541 7021.778863272319
4561.612121974882 4820.33808919861
2317.53437223576 4285.534939544648
4436.783685908668 5553.515742526353
5610.442863203722 9620.44549511178
8991.659415275675 4566.933762554972
1302.265489227733 931.0431347209258
6100.500073499776 1105.8588935948555
4688.64286846783 8789.822771990019
4830.479666220407 6322.737860266663
6961.034509645564 8605.702783292862
3766.270030615896 2668.7352050948375
3031.027880453192 6786.1399533492995
2423.203704000345 4348.7807517693545
3606.101745432838 7017.473535717398
7735.405202067427 2567.2372975115754
4269.829223500128 3383.768977750489
5154.108631680467 6918.254592596246
149.59293910231764 4202.647281677947
502.70613294499447 3464.327101040834
4647.459089750616 4177.274801648378
4408.899970679846 798.5259672053623
4664.932637395239 2746.904900076006
5870.662219407056 7700.331379655037
2769.900496470017 3364.0557474376155
5311.529775819782 9871.941185427699
8834.142377772256 1834.6180299253879
342.092597429412 8681.386042665985
9812.366841986735 1827.886948084535
9368.363645273503 1840.73792521117
6538.8155037960005 2196.713140415956
9174.041657535037 4512.143700143617
685.0445340639877 3843.6804599479215
2652.5097360158334 9461.377845657915
3352.582101845897 3527.405231888636
1975.742761763829 6568.0564226057995
9166.73175473588 8223.772821424023
661.118611287328 5253.607381024826
6192.872969498769 6440.117030378292
5233.461541220685 8202.547043751518
2514.184376730417 2226.0542995711053
3478.472767618294 1129.566033550603
4889.800950893245 3532.8961483668463
1645.0307858396184 1284.3789549957285
3554.983511121944 9044.250080808224
7377.672060224031 6888.2478111572655
9929.968325894108 6633.640337456187
8646.891955486779 760.5395932233716
771.734881771744 2200.66831839574
1493.7321606831467 4020.6338612907566
3133.0113613114077 9795.445615283204
1016.4521202904452 9939.949135142722
9385.41443169354 2661.72775148387
700.9051714367132 3770.8061937794932
518.6994281697521 112.3891060200466
4932.572625919577 1693.307438987245
8945.671921524518 6996.572581373635
8327.036923316931 898.3542109819808
9122.396142498159 926.0578750090631
3376.998068181538 3264.389033312547
5435.904466547021 7399.094099804798
4837.77358241593 7087.388929991358
2016.699561106815 4493.139396671624
5259.542394201246 4888.1035894801735
8400.9136350867 6893.666829420986
1123.42844171888 447.47490153446034
8297.06851729209 3684.381285455789
3149.8409380697713 4910.629814929691
6104.958129238051 5544.912487244703
7521.322790410757 51.7961259435551
7289.254288604544 4785.238238641998
6998.4821534866005 6606.937447115958
4228.013808098004 5991.805864305915
2206.4122578215674 6957.862022030646
8736.34341502258 5968.514789347246
3730.332992184191 4391.009234020779
6108.05538413846 9126.43272850726
5083.013493494852 5656.073400026985
3223.2294440561527 8509.316975669517
5092.868337897759 9614.076910563566
5037.169094206832 3237.715259479894
5810.4399726410775 2391.45576101639
9596.322475861209 312.62815532966613
8642.317625105085 8646.179555047327
1619.3135815119608 2440.413557891079
7095.362160989741 9303.872795973426
8636.311528174503 3823.8170798635374
9250.441660002452 8436.363624876825
1697.5367254624996 2709.7203025794624
6883.704777109553 5832.037763142095
4741.790456794578 2892.3945753085945
1014.7522514009166 7246.828808854292
2858.463495046771 6341.757470508186
5584.8912453098665 1326.626303640356
9881.561482843066 5659.32895509459
1954.985955375408 756.3404108998739
21.866958463752084 8160.28824410404
6961.249790826281 5317.812471845412
6573.426093956648 3038.2342024026066
6378.645360914782 6228.214563170519
3123.135513037426 9289.959055943118
3815.3941761300302 4382.533701113497
9147.280127358646 4860.742165289046
2298.4209340388807 9938.191544500685
2396.4464564674017 6816.3807975318105
2108.3883891634346 7056.800148395563
5050.321684373478 8256.37183326344
3784.3040909158176 5557.510282166924
9266.461273128001 153.36481269588975
9641.511933125561 738.3615143774147
452.1860766297425 5337.209099285045
633.2063800907728 3686.4944700223
3356.3540230674485 7437.622478809099
7934.436295209049 7025.041641805061
6907.819955288078 9757.706723105788
238.89551886528636 5233.964051554981
8619.984705646462 7771.246157042339
8432.622463883905 4434.054957199315
8335.9072589176 4219.921103674221
9045.060556235125 3837.7852576317773
4106.0308481130305 7632.278154196539
6676.7584912853 9947.617219288804
70.6596528976955 3494.4944589409456
3464.320856233437 5021.869296696464
7361.889116546879 2273.684806748012
567.0416803889556 3330.162031662176
4244.783276405176 27.696860111783295
2645.9887153956697 2284.935643898486
985.1607210110458 5431.045533419062
1355.12566012984 662.4768495673806
8261.43528942735 1704.8412635433385
7975.400382698773 2816.348760323186
5330.532337838262 3159.2701671065383
8496.538045734866 6038.070310887865
5612.981514320434 3840.382485554331
6687.625817231785 8034.343667258505
2879.8640112095654 118.65836128879148
1996.3857436756393 2867.083205613219
804.3693349060976 9965.012294771868
9478.372771514229 6641.950920302836
2283.2989607025324 9130.609836889606
8381.159037435804 8733.056627467648
2638.9258810268534 8480.065814116993
4494.892331969727 395.93529066190183
2579.204447286525 7323.303511550477
8929.445776551958 247.86746134545567
2624.396630128588 4749.549395391892
2589.7059003138156 5284.058325910283
600.7615301688007 4687.652116621431
1294.3704559071634 6850.148401001395
7757.036167424438 700.1021038350664
1219.9596297762994 3305.9800661409668
7077.008024091488 3363.849673269511
8150.56839014899 4992.497360732834
9441.56124431936 6499.205371449416
6875.220711981658 2553.109119203054
9436.156736314211 8478.82148775319
8998.508503612358 6662.798467390627
2804.78271952696 1381.9518388824126
8416.531288668437 5782.717786561321
1818.9933673881796 3854.8893433960275
3758.978740415246 8684.95733578723
3160.725702994046 3196.6865290530445
6209.5264119498925 181.63017687905182
5310.171908125584 8409.966392185212
9290.542921241748 1744.3715472402687
8885.05143232647 8739.83234088015
4434.434882034879 3514.7993283055935
3895.2166107358767 1569.591964836755
2462.7856591837703 583.4420890581338
2456.593703604574 9450.211888719748
6455.769758640251 4354.0841822965
4151.046056852813 8511.11968466587
5918.154384673262 9312.443619967778
3923.8219706714817 9533.18073060404
5634.526406438318 6582.538779163195
9177.827878883187 8560.371264772628
5155.213974289157 8281.061926994505
3554.0438602767886 6084.880807139995
6465.695690334489 869.5274239064677
9779.981967081107 2561.070342456966
8066.123704023207 1455.9138310906683
2923.158844629813 3286.9298047124994
3423.9084672850795 8311.977372966869
8404.138856133608 7537.3640365073525
561.1507551901773 5749.360663737944
6203.7769363320795 5241.856531448641
7400.021449142055 3937.081225824389
3841.8711981672514 9469.750232061626
4413.032750281388 6244.928560163337
5909.5140727373855 4519.596603977813
2111.459018612718 261.7625837372528
7205.00568651377 7504.720737375976
5954.001833313541 3764.6470639225627
9853.275447005912 5985.360247077754
5369.121594361785 3604.216339988342
2181.3323685689047 5418.430792114137
6758.280015257015 3723.618915961965
8577.34329577812 7979.183449503139
2583.6743077799883 8342.837238434875
5078.521468797342 8654.71125547468
9942.863887030988 7717.136024685525
5013.075557857489 5417.478226894577
2394.0277050337168 6817.847990224086
2664.0602643753364 7757.733730251043
8219.40581294638 1785.6490512142175
628.0342235078551 1886.8906273614227
6800.823417356001 5070.941554045972
8309.023487285182 1519.6401082647926
2330.0065033342967 7802.906723951411
4818.351353376305 300.78170909559
687.738226826865 7118.245517024589
9443.489124800879 5663.453275271906
999.7319651996838 6932.578500623448
6804.147041793232 4188.643031336231
8113.415968830481 2951.9287695544363
1831.411974592082 5381.575468893529
6038.666525888162 6598.668272753028
1785.8119973262776 4188.7586842928185
5256.84345515197 7965.753270282766
8672.767794961108 2550.192145258107
8726.31381101868 4915.036828553848
5618.967152694616 6814.428007049665
2398.981125499986 3999.8926591663085
5040.780927980774 939.8910516560077
6111.158638268686 9019.341886791224
4765.911263286786 5064.05885839109
9823.460066563755 4700.323867564511
662.0466714259288 5242.8090709813
8358.204017944416 6256.709915824283
781.3719611265446 2945.4467071573386
5019.160353221666 388.106852281036
6547.3625438650815 2236.6207820927307
777.2927201501045 9658.452946216948
1090.3696589080437 8484.550375645918
1067.480339353305 133.86478649753064
3481.078750229588 4905.678843177015
6665.029015099042 1661.1395992443745
316.0083553344761 2289.0769459536764
8597.112374412665 1232.7773758198057
2876.7834078370893 2839.623345996085
9593.109375828068 2511.3374884897266
8915.007728270497 1237.1898665239255
6189.133902662209 8775.397471712073
3007.131275564695 4729.764958189212
6275.87901645706 2301.335099270877
8378.783637902628 9361.64971405588
6615.230240789333 509.60819539352275
6115.632663735764 1283.5632483426095
3649.923427784072 8081.15933451646
4757.8952262140165 499.70425574392794
8791.85955542686 4689.027540723267
4418.211192909926 9377.50538352641
6298.508728619656 9992.197800406298
4767.668640694227 9779.03659645177
7833.1710463868985 1103.1780416769166
5502.344918471817 768.7016021226777
2853.683049389025 2867.741498855031
1232.8086395504756 3510.0857461089317
8085.492892099955 7984.729292504722
131.60328900432395 1185.5097296958784
2508.8517978301315 2245.757819717814
7128.813545264793 9555.051893707581
6526.1982063538135 9989.130533645512
7963.392145661767 8117.4994037824235
5274.639395845367 6239.208531221435
9978.00353716486 2743.8985625187797
6409.7641472137875 4941.941613026954
9187.719156023044 8125.070137995864
2110.8478786433316 7209.223332051977
857.9761852310542 2407.66490148157
3543.8363760265424 9549.177226146463
2594.791666122761 6989.035008911431
3567.3299371173894 9686.442695026899
4780.3001843829425 1599.3988717737318
78.10946253494544 6765.976693370936
3079.2610777738596 8520.483127551026
8066.581206662015 3485.8424284277958
1697.262756089678 73.02629715112863
3188.838786767406 18.910974100011522
4088.924319269499 351.23245541494043
3460.8737792162015 3460.3515242533645
9894.479068844304 5590.46661157029
8541.793863176908 1977.2407408529457
3025.696144048664 7525.186201387204
7996.732836008497 9838.577284090743
6027.180559956795 627.3069199198889
916.4667750480548 8068.435201267047
106.66543311644516 7210.903986931827
9319.57964439163 5591.9487703241075
8557.991180758032 4047.350495287968
6874.348103338905 7433.268843829041
3693.044392926088 355.70392163326693
2651.3442318516236 9776.591455791608
3854.004945896681 9816.347528794488
6854.082473354036 6515.803038612456
7594.829263437604 8601.602529667418
1773.8661377019805 8295.247174347574
6700.979694779874 7325.224776956685
6576.3166249562055 2983.5700413714694
8358.978522333591 7283.409786843578
8950.89408063419 6024.548594656596
9492.455602962214 393.1231892154974
141.05280026532995 173.2687909558761
3048.925486473527 7829.289412553351
2421.4949705139634 6752.964331333121
6851.61446912115 4520.559192015108
9700.318789930232 4757.286248601513
523.2365864793986 5384.097578447554
2597.688094483407 9874.724586305487
4943.689283998681 4463.018935581239
9088.968102474098 2826.3552336827447
1721.2270746333224 9975.812934891974
599.1154272991972 5285.040677803185
7236.739585406817 6695.30095627285
1296.4227153862262 2083.6642181148713
6963.347602648419 2045.3682112965932
5257.559500124418 421.931702607512
968.6018821593411 3836.917678239972
2162.1703078390497 345.72861838275014
774.1529079528997 5660.1999421535875
7224.123577500207 5899.969677307709
1077.8317686143457 608.8690465939306
5177.830296348172 3045.337929796401
7235.6682057170465 5231.825308280056
1311.8843101162058 8681.25573365043
856.4444049869479 3392.1016215491495
4778.5967734583155 4931.889955583427
1378.9607254669322 4057.7597393743335
706.831836623345 4228.941470439499
1082.2728908430356 7957.962327923442
8006.877066615442 3664.4259538783763
4621.7338521596885 5508.087918166343
9179.90742760217 1588.6049823357262
1888.7508344044356 2440.9651813449873
6930.933644778933 5492.677433678241
4759.753620244179 177.0008636953524
9932.952378331529 7842.7978286821435
4129.935143303487 5124.177726861305
6701.342501998642 5721.439540411304
3519.9203267160983 4819.611212454963
2211.3817452437324 884.0720901753829
9498.580033283162 9107.542009525541
6628.084164666775 9153.580793613046
7182.799109510684 1394.3594494444967
9316.392087856797 1951.8011688053339
1155.076417835601 8429.443741695339
4161.073671641072 8207.003744827307
8282.419500527229 7031.322984349189
4149.519865807972 1878.1084707728469
9125.067153734532 2711.8411338583146
4156.948281652446 8900.868776918003
8891.160258320215 8246.741495440603
922.3601743197796 7488.213828011464
7223.5514858905835 9899.264147993035
8314.920821815493 7406.391664101872
8497.527180071223 5224.07080894872
4164.2588169382825 7100.511425493957
763.2913271533548 9162.000334145225
2164.5142279053684 2357.5301686256066
1984.640272382271 4481.876426817109
8660.790155589626 6571.692144687673
6805.332641983418 8533.775848559764
9487.986903852961 616.8703679036403
5717.241929312462 748.8824723655363
6455.835599439714 9832.222674729159
1209.452259938143 4354.247888554028
6560.264674639309 6692.024784290305
2245.03735629796 1366.4839630217607
9550.07062774893 357.49184299047056
9242.34495251645 2086.6175150021127
1089.1879914656843 8497.858599238056
6630.179707941053 9039.039148222317
9428.677666898304 2519.940763438586
9001.36191887024 580.6790231097225
3238.892175037077 4659.849392998752
9906.715127116027 1252.2524293472936
7051.09264227329 4267.4855408267795
9411.613055236008 4351.612969704111
8619.12645010905 1053.9000443809775
7679.796800616366 7179.959607899873
9435.603195733782 5073.545776358102
7054.247208332448 944.8440096078514
5623.330823734394 6777.914180528089
4372.482697250321 5399.630672661424
1471.6058678158738 5603.993945853353
8583.720328885945 2957.2647633621473
1998.2779759699122 2250.445094050677
6127.928562300999 8236.899115318101
4092.336882632748 8046.334798244349
7991.866247070393 6785.149476571673
8028.097203822938 4631.734148494862
7874.789418647694 1059.4330597955359
2440.8903166253226 8546.428727837776
476.5814016335812 2669.0615988630952
6215.489151819882 8262.448173869803
2563.6400308774796 7340.459057442734
162.33448933391404 5698.072664012998
7172.936083828196 3106.071815666073
9842.94606029643 315.4304576055278
3082.230935445114 2812.2534607727234
8454.738643708011 1530.7480359565518
7504.525986611266 9199.598483918531
5296.789021506477 4355.77580123992
9857.387289460594 4529.909620197871
1011.9242558983277 3940.8530068811833
8412.873714503674 7017.182311039209
5536.836453108809 7004.545067769856
9651.367960726247 3165.697083066098
8490.751924461088 2011.724586524455
2222.6963542535705 8526.508196844761
4594.512671425389 5401.427976331811
3560.4932291898526 9354.325286266872
8635.757061331682 8167.772510240551
7400.848985212688 4179.986301271864
5482.213083710262 5661.669792664281
4723.857404848517 7409.420247615173
693.9468991195241 3608.0262466493505
8966.75687680816 6718.2060771454
6396.736595456448 5022.572385650944
8749.935104798877 2231.5327822525965
5252.570919494177 5964.4182887551315
7812.150796872994 8262.573617219703
2599.59720712569 2874.8841808097845
2368.896972927708 7727.984737617051
3132.6771427087883 630.1087412834405
687.9152724913451 5267.447321332622
3857.028451066484 8374.389555532909
8318.444702525561 7564.870804644709
9471.267798641169 9703.166834062093
5115.864897674049 8402.082158393547
9822.492419487802 4829.010046273924
6970.9803257537005 1571.524559424048
1624.8655527999233 4990.922197304488
5983.258306003093 6932.6964114581015
8244.506661724936 3556.732457341736
7709.920449810776 3617.7632382276124
2027.3029881120265 4020.2957916740957
3077.8649770663046 9674.973639302232
3382.6007761706855 2409.674080829314
5562.967647014712 9284.224444995485
9634.549868700573 499.42787384251955
1321.39710252416 7087.310091963903
4514.215006532803 6659.597360621416
1100.1533294307453 4146.104302307079
6089.386490626542 3175.908345565801
7959.115645659681 1575.1226233451089
6915.354083401262 2440.187711782713
4104.4646877900905 5990.612405583656
5238.74055152969 9536.929921729392
3463.428110165583 5576.529946045636
197.8083972688449 5441.407349810965
4022.8638413482963 6788.455848272974
7136.496365683114 3296.6701359387685
5409.28752454863 9499.715789516149
1385.7550734363522 51.23519027217305
2705.5190054909585 2739.662536857849
164.59095067013152 7116.217925240285
7079.2047189815585 4082.2917985910467
2614.551109451733 6640.108728040419
7441.052321962938 3214.0586711432675
7405.207525831559 4501.358039612451
5055.687498801842 4242.967466889951
5834.532263101525 7183.377137095443
4795.624382046195 1906.7120242741375
5896.8811722094615 7323.522237783881
2558.920952156015 3995.8442715960286
9402.6281379704 1917.0799354787505
8263.661354161093 6028.653737269947
9907.32846073416 7909.223271732906
7787.4967590418055 4497.643464768385
3944.6079741510175 2222.3645541806236
5238.041244443369 1853.1903370341963
1855.8119985844457 7143.282484070269
9020.009241019636 9798.180887900606
7370.768708707113 7433.852162669834
1307.5512367419517 7438.118916142336
7017.854606194246 2531.164263945054
735.3260933515681 7364.401021597532
1427.877354780408 5767.267548530016
2389.42660561951 5844.160238104092
645.1141493414814 2665.7279621578577
7509.3499742173435 2948.284605657803
4670.18172263586 2061.6435215016095
7704.787097608633 4669.916075387169
8633.231876147198 7043.713863882637
4946.080606399081 1868.9388376846061
9232.300711971999 7531.413627736544
9104.778964625557 223.6723239266003
5370.467891123958 2677.270615931557
9400.792597508855 1279.1857521108707
1286.8057400992384 9223.704911163295
4755.2395133697955 7152.35114666864
4899.933263340278 1445.8397383888143
753.1384106332839 486.9606934877602
7569.309080167103 9376.141900066268
7687.693919233535 6847.931529205121
4028.2359026129766 4633.710652518043
4987.991318940308 8901.830748975668
2853.868066340032 7370.478994700965
2224.496921718182 451.6470879826262
8513.347838149082 3598.554478694481
5841.840830860346 3676.950939845225
5761.520418562051 9477.366697101865
3785.9338437477386 4776.275373241763
5964.509617938855 8016.254730132285
7272.550874532837 1616.7643861430204
2784.760016339036 4087.5713175960127
87.0904971383224 1966.8293698160567
1586.9832631176528 5647.341293513011
1010.296133856804 2420.763871800552
2910.7702368239798 2624.955461824462
4232.307981235424 6219.966406521219
5404.4659938253535 70.34619481470328
5947.4867503306195 2833.625122160397
7726.222025965614 8836.53394089552
2715.0315644492284 3382.4234636307747
2091.978768484234 5327.389702115954
8625.495069386085 3772.0237822742984
4386.453743500012 1654.9184434422348
3830.8679420660087 1748.795504779127
7052.0387982859875 8927.309079692495
6575.996806070372 4998.451250824559
1331.8421112138767 9328.461365377143
4511.662816780765 4878.964854212541
4866.9328355236175 7151.646219278703
8774.73889317064 4412.338154273754
9134.179740637222 5014.412210622517
6088.412424776879 9755.498469246559
8759.900621076278 9108.802215980628
9965.546014105812 1528.8014356580427
1355.8676010186778 6530.3998643355635
1990.819389175984 6101.322395449042
2198.041787909947 8481.6747421839
8112.380244348742 7215.324364169731
2804.739468363047 5459.552736296493
2891.307194236115 5177.986305599617
6269.759107674853 4414.088298599898
6737.2634940232365 4256.685961484986
5067.327833971435 3304.5682133337805
7301.305226743259 8884.83329590338
8969.551302756765 5481.331780183194
6401.877100933362 5818.447437348839
1703.3849605023145 4886.04483406482
8127.615921259535 2479.384189725189
5022.96480909017 3190.114255627553
2090.651470419179 1379.3123538907948
7984.471022685438 1680.3910835179247
8196.679606457616 6739.250404735269
7384.521511886549 3953.253025644461
5753.156758535049 2202.6710169095954
2559.422350154712 292.62027210614104
254.5440443504787 7885.887837482119
4041.4308710103073 984.4044862024115
5763.607718462069 917.6414177579328
929.5122310725901 3759.346365094298
9450.358208453792 6090.503511603497
6255.90219155686 58.152532483214394
7555.295569295933 2279.921023861743
3116.1158784017716 5877.291940663316
8811.195579056493 5882.4290083133465
6878.866573952538 5580.765700285776
2187.7597836043715 4682.758090720388
403.6941781651449 1252.6223231493195
716.0253840497799 4280.271009765165
9867.92347956692 5916.934874907203
2104.509598157399 4488.361040253301
8540.9056608814 6266.417144067385
9876.641012297781 4966.154240528361
4642.322712755973 9417.806116992952
5839.112242043874 7750.052119647808
7282.661837057874 8651.590471771038
5833.358887099531 9323.36557315618
1407.7963827975893 5095.618870763909
5927.456568990499 6395.481426882093
8655.93749859643 5876.576201281172
5473.29963442869 7657.716892761737
6084.049485969498 4390.264774664445
6784.005884347085 8441.21399908315
8832.147476209444 5031.087386443882
8579.06744120388 6422.9325808542935
5967.727322015665 2973.075328182515
1799.853049396819 4308.999716900174
988.9046584513706 9409.26210813159
1915.6332542941734 9770.381225009085
9763.666373594375 4033.155795554224
1420.3897908101571 3814.041477768062
9043.969197841008 9485.512383756572
9863.241962343522 6243.458979244744
8117.2450003089625 6991.575015714277
6460.402031302392 895.5734028982354
4644.203188139308 8478.382825852568
2104.151520798674 3936.9384447345988
3280.64586582664 8088.723060280865
3414.4059260283643 5660.059240959217
2292.342749914622 5197.736076534252
1371.0167861495736 9941.597275754217
9045.839520646381 1790.1518478602563
1020.0336640594998 5807.327129126755
9994.399200757 9370.57627044441
6764.732054737055 2394.4358356372854
4577.108137072911 4456.208793814488
9832.285731133452 2009.950948971706
5310.504152999873 7140.820623958633
649.5451466426539 5954.79982127579
8275.913529045536 4220.776592120673
9066.458320492473 4316.19034004616
9192.00820365399 6938.337332297329
9633.251293068273 4026.7181495120117
310.9295709659576 3524.433604307866
7467.560278320801 9146.804302501778
2487.646792813215 8412.554284379425
2640.2871928069394 3547.767926138995
4946.046947969873 3247.3435562574537
7464.032517428163 8956.047992909243
2501.5875891028372 9625.959086747534
1585.528355311765 664.7823787924667
6299.163124723367 9887.190582474928
4363.581379963202 9127.167570106987
9486.168731599078 202.79706706734956
2656.6100214585576 8116.710519712781
3664.573437310128 9727.470032252566
4848.93761620526 9172.703961846773
5452.1419142613995 628.2836507116929
8712.580814479466 7644.943302072821
5031.770607355028 6441.449363697316
1531.356707049263 7809.919440488875
179.23448518368247 393.64009061197527
5806.699949925742 3251.4179415768294
9933.4695515256 1077.108273444719
2819.6692915056833 3981.6578040085546
1809.839256793674 182.26842234685404
9341.194682223437 3624.812857346136
5255.668287329807 5868.375442771227
9862.69660726649 8392.951976060818
1908.6485089867422 5792.376040261153
7861.787401069763 4555.1466174302805
142.5563694278298 5817.96948330379
4822.842313362244 2633.6918330219173
7371.041849898819 3991.3627118468007
4999.804957414625 4657.0917783375835
8629.08560618396 4497.160345452002
7238.673591304508 5457.663464051333
4063.041361566534 2997.2833319052593
2569.68536922213 222.31752546429618
1134.013820124088 3007.7610824416765
7734.304756383873 8288.272895610164
9575.647792998723 2782.697967124519
329.6897928907749 7521.173270415081
8446.234688391318 3551.664370429962
833.3939658377753 4521.2672001131605
4976.367577122857 2896.2219710494887
413.6384123000114 3374.025398460432
4337.2070345684315 1553.23554022604
1135.5675221571137 9694.765349598103
7940.746147764086 7997.090029758827
6941.476417728365 7312.559992676021
5432.293702233276 2779.8728703130114
9613.082879786496 2096.9104674910423
2146.7175566378637 3798.0429694193463
3816.4867149540282 1151.3629084457323
9473.825840307412 4406.052484630472
9285.54403392324 5881.457105949812
314.58430189194144 8611.854538792286
6216.9605286721035 4290.092483564952
5608.701911000225 1466.163612924375
2030.4809212105956 1261.6061704398085
775.4402739051059 8196.807966438075
3790.139187778162 5566.554245969126
2833.3361328217356 2641.4531217456083
787.6043503619678 8852.398064286392
9950.847377117192 4096.434066770051
6056.2372880768135 4980.991339702216
5228.767979146335 1826.3873835838729
3914.553382423814 7731.978686514688
5626.580149208068 8168.825239557901
3030.3631276681485 1111.9044269926226
5118.744241050964 4419.746592422173
951.9401967088603 9292.05071836627
8403.250650033635 8500.837807583554
6570.145492983668 2543.7108382435135
7783.589819764182 9785.761753866904
1555.5130128918327 1447.8199889261277
1206.6248868985274 4402.493684289034
456.8829142419839 4126.5584414386185
3862.6737655606157 3830.6098306678505
1853.243520909642 277.7537510919459
9240.444613195454 676.894486671239
9718.023648732036 1388.6048223343184
8078.288591082389 8139.576005184389
4985.153950234395 8663.459391720398
5264.566735566345 3860.962587036044
2198.793032234744 8921.074490224288
5413.753920776187 4620.19891214125
5083.696712166271 3999.9980975025096
7581.232154958521 5632.317077966078
7890.778468647612 1056.4070103274637
8378.553042190204 7096.709069828816
6452.498095930168 9546.945949210485
612.2765002484176 1077.6029439106806
4025.283557222583 5659.809150114657
1493.3221379989193 3801.073755388108
2201.2769405663744 6490.514656188091
450.09778355574406 2017.5801471536913
6439.2673644287315 4354.521630944599
1627.497560750284 7205.96101102704
9094.755947381082 6287.043286139886
265.1887420548871 8084.290549038537
221.67698708881355 5001.115285958241
5322.438023476869 144.93490922100395
7873.370817999928 5358.176107817828
2953.0509070631415 745.6100447585268
5147.9908294115685 4751.127439119561
6732.832954124179 9665.194987261773
803.5976395052036 6708.0363370386285
903.3009219274124 7972.502715004734
3910.7790269352804 4495.3520397529755
2319.2093420835504 2558.172053713599
715.7031801592894 5532.709637031679
5273.7799655070885 9744.287278505812
3654.1000046264026 8027.094739994623
924.3492933583065 9013.293500657901
8286.73754861944 8392.350516312184
9652.483880826298 7087.2270608166655
3819.540719735822 1740.7075670947313
366.43233628412264 3340.2275675706237
6826.577083896177 8016.222420341276
5490.119575781014 9841.760841441892
5811.715031802449 3185.7137074360808
4181.711490582628 3204.9260237071476
6324.831490036558 8310.98518170841
9186.106264049693 853.6813988083646
2491.033785376957 9296.834893537389
4649.5418355349575 1324.7688288801462
1016.428223685194 6642.541593673287
3210.8307638774236 6784.576954504517
8001.556204977973 7620.236306749174
732.5663432233542 6068.130314011123
7223.685987835904 2961.7572933432025
6146.969834946811 8236.849414352231
941.7380504987183 6356.298730196144
2064.877340098494 9903.676327299654
732.6896693746365 7844.3634096431415
9032.69316684812 4388.61797671218
6385.887995221516 1539.230554993627
2620.963950756097 7144.7046603279
5461.780138348463 4015.3581740112677
7889.557987705157 9833.825358349806
4764.142235734342 2173.836154320468
198.2580012218016 4933.842744798589
7679.970426997416 8428.217172494498
4817.909428010046 3822.8548357337277
8108.7757249468095 6649.746299335956
346.09030024981723 3913.4136676253297
2533.1007379084936 4469.224637380761
2542.5970866827342 4598.973340437019
6674.655492645575 6253.43003724961
5873.8723836375275 7526.78442056763
2135.5462580201956 6357.241492012898
9791.823051995474 4025.9124572976366
1441.653923245907 4098.2951211417385
5571.312436311887 1396.0067615772564
6985.2882161801635 309.21934317112766
7391.930259756198 201.89876421233043
506.8325960800624 293.19305908229734
8273.480551695633 6721.066019658601
4960.162533513311 9541.77278190779
7460.947857001351 8255.447373877081
9874.207777850823 6669.640267988535
903.5364389516632 4146.047996892285
4653.097025843664 2679.126563296078
583.702528097868 2018.2310849238827
1649.9127174450045 6888.0662588683335
1625.927808573665 7037.537287767903
2304.1506878634154 7637.745034087446
8351.310290836542 1770.3365440753005
5150.567162183074 243.4030956045541
1742.878134856799 5620.559926189948
4087.167135879538 5557.959410163966
1147.8601781080245 5753.220944353725
8932.668277124176 9990.329065584054
2466.9712061526484 5917.382264692518
8008.855366302394 1852.9046686228555
3567.104089226304 5645.681182507393
4250.813162985286 9508.477153542186
5202.646169553235 9934.47877270943
2178.108789119605 3945.078452629769
2341.9617677993033 8698.148628161056
2952.568271880903 2127.9223745135646
6469.418751052794 6042.981030964366
8703.376215060285 7760.834871465198
4169.6580959378725 1720.6210553243518
5317.796288971012 2935.2589297888953
1099.6361738501826 997.9220244379683
4975.898810430919 7553.124774336707
3315.300842138964 4619.544963271565
5850.253022508911 3380.582955402228
9843.58182836967 7541.584509203682
6596.620663357708 6122.795752910345
1376.7150840587683 3678.9612530361237
7529.268223137911 2005.6883252755342
14.74042041264334 4036.2701632924213
8704.59137125923 5008.764270697859
4093.342965052259 7281.224878830327
7529.321608329782 7113.792396132049
308.03808639601084 5071.800159523023
4964.669112848099 6717.373248758853
2582.0252292123337 9262.613601302037
9915.325852145595 9701.102807089794
3423.866637467973 4493.058431534731
5972.338367654521 3561.244898151291
8882.473566314024 7599.134748305274
3321.4323610660135 7470.536186076411
2630.709029160099 4792.8926668012355
1333.4540991317067 177.9444382694806
8195.249838867945 8617.847717799637
4121.1673492407 3247.904420830916
899.1724616515872 9315.683478298624
2176.725297737334 9298.765758101643
2695.0595090549123 9429.009265910387
8096.71544951424 3620.8774839883263
3740.2491130310755 6216.895223984849
3356.750519614892 2837.951604808164
4302.179286553607 3774.3571540957178
6115.160832269849 6121.038544518592
9380.609346009935 5623.9209374198535
7105.417497705228 2872.6600272048786
6294.822366225519 8986.84448836526
1819.4977785360045 5769.341472602875
2407.7467199201983 3943.5334230736175
2389.4789393714923 9583.99211724407
6145.26269227934 4257.135779642206
1842.2261183211453 4305.285054608284
9517.781511096166 1761.2556502035236
6732.119344082615 5729.389573327897
4462.523778547425 2902.179814927911
1549.340574895126 7920.113950738312
8498.739316758041 4277.962424342514
9756.321304454024 9716.718544157244
7424.449721700387 3831.168207692978
1822.5286064186996 1814.3625746652347
4082.1159903507973 5729.025501703956
207.84724177782766 1850.3508846539041
2581.9655016543643 9904.195685729166
4887.389436424234 2400.0508101346054
6795.53929947474 1731.3164352246547
715.6486901256598 819.5523536191407
418.34621765378665 3378.9324004964583
9695.485213764408 467.84543416814483
3449.3453343892897 6003.376560837136
7047.513045186133 9999.49611172971
6546.299448557748 1140.6214104731582
9868.037515072747 1139.5013027557854
389.8735762213512 404.0702753377634
1118.7633936929797 5635.209037877652
1925.6807583418567 4910.714230246595
9709.083185090825 8925.89177282056
3152.3034957371774 9735.03093993603
9511.821861146444 1478.7648266123522
984.6506331629656 4129.456182241994
6295.8995241562725 8710.943235911018
8645.835027187155 5252.213549194806
1764.4503800505086 6950.037717684693
27.084898877441923 1707.7351133792984
8154.512296665806 5981.785696096438
8504.033478402449 3331.8675972662136
5184.480582967193 8391.327765713779
809.0547284700078 5343.503946956859
3528.1005186151738 2125.430616734999
4733.146511565162 8236.238246162658
5448.8447109537465 5486.170830423766
6667.1850845341305 9598.09219667368
3746.1075492224395 3112.291023328275
1291.2075718490269 424.31556096114707
4744.720955317518 7412.645313058395
1081.7055455926427 6427.717732652978
9701.874903428146 2386.8538205334776
7730.738092218085 4352.936861942398
1710.607730957534 5801.48874491493
1057.0075023001723 4365.510275594276
1946.6064476336387 1285.8181929597256
3537.8606909120003 2213.559499871306
9935.133370187614 4069.3361790993167
202.5163824038434 9049.360367608402
7407.48006602331 2804.0123574997565
4300.635913422843 2550.015288402112
4271.420429175813 5197.394161996518
8896.695945241872 290.9070094961119
8237.717067535274 7028.402164294341
3339.435555055913 5202.557566821362
6724.813703598264 2525.859776866206
1416.993379162328 3380.9740622402296
806.4208328907763 9060.500610331137
4932.163700269074 6523.516224931337
6171.784216602213 634.4017398074819
2418.5406780197372 4826.770465117196
5336.0001126474845 2747.4957115829757
7767.140377528346 1309.871439769601
8667.823118553737 5879.011177857606
7644.421849695701 5216.164889738523
9194.986911065002 6042.404829111828
9756.456805205853 398.05706012481124
7602.137836170746 8655.538696939397
6250.321507306989 4404.348913852595
9354.062355091004 6313.571628444752
7842.619287926222 5366.310721537947
5456.960610720623 1960.2276791022866
4626.36461956469 6718.199110699886
2013.1035379944017 6423.813991165488
8931.289174265645 4289.878274987824
1429.2857116908554 3317.557511045216
4098.962002372433 6373.653553362353
9907.06302332037 4899.540175615076
582.936158727081 4994.387600293285
1672.8458381410217 9645.708546011543
7395.472892749151 5801.41141626652
298.49392418785925 6010.141918174214
2596.212860436469 4752.705124378011
1418.1382571974343 7129.962575549941
1254.4970264960475 2076.27258889135
9164.53276514504 8077.978270247835
3115.8684830240722 7870.584825518101
728.3178229155285 674.3480055282391
5064.610317408069 9145.4259093346
9586.154010178816 839.2635562904038
5398.00866857195 5106.423416247417
8148.765115291318 1.8480577483737104
7914.3529086650215 6051.000027062331
4847.505111332564 5176.170342265971
3865.5168914000883 1370.4366269414247
9008.143638897347 1973.4784348345513
8936.28838806843 3842.1906433958607
9253.140357370778 1040.4616194453743
586.4509865773026 648.5645458074862
7628.760653917971 1196.5495659931591
8327.938839939952 6372.274339264754
2170.959620229984 1888.9625713939517
5808.2239749475475 9596.42175686621
5204.040140135563 3492.4284394841966
8932.415642934531 2675.8231113091592
3308.6703532003858 6451.1875446624845
8680.384642202887 3748.6053725523916
7600.923286206319 9294.106571235081
761.5524002176255 1121.4316885052122
9731.579311106645 1149.4298343199173
6798.808598415717 2788.669028422176
9845.008953585018 6543.892766221099
3344.357899602948 8035.269291705254
7629.5342090774075 8991.633704636677
5704.113561927907 3825.0810774955635
6546.244813571598 5161.5386376536535
3283.5964586755495 5990.770515969774
4340.818735433934 3257.3537973655375
1967.1105625849727 4118.475275238306
22.983320472451663 7653.1130819090085
6903.312434909545 9459.774539391228
8640.82135880486 6797.119783306912
5994.102945567786 7205.508094893
382.2143369364039 2930.934046767685
370.10901252018334 8020.429200931794
9803.285442816772 265.5155074248816
3184.848372582797 8864.635807040808
4313.787158847944 2914.874163426248
2170.9940972518107 9817.167735364903
8441.95611657864 5108.288620555671
4575.992497913639 1869.1213652842787
1856.4339793551067 3985.350293485187
5330.606187556267 468.07597444130766
4640.434022012981 9623.798383352949
602.7900376357264 972.5877337055788
2893.407911943594 7858.310059601738
9250.632978857457 5114.956982805671
1378.0498216298665 8919.118604087154
4111.924219176702 2072.4243452293554
7635.547090593898 8952.52801871455
3554.2354948508214 3811.410863278607
3759.572344511507 2081.105556611599
1258.2363807166098 1996.365785236115
7849.57982957816 7819.524024988429
8818.28670273735 2944.2384136637133
7056.561646400272 2382.7446363628815
1418.180954441628 7857.549613072771
8089.478859160649 2706.416217868608
1576.2446334040446 7883.481824840366
9068.180234186922 8845.087910388364
9752.81514445361 7423.369361068199
8688.682227461812 3822.0206608521758
3474.4627794685844 4556.41758430692
4809.274997290638 9975.094605634682
8553.138160820245 4443.434019542996
4770.989555302012 7376.5110349415645
6964.760399903276 140.81037909254078
4033.541382594048 2999.687064019101
6000.590438155166 5381.944608497453
8037.947732512035 8964.95003985868
2416.0554296502833 5572.743087696513
4599.58451609324 4416.336518197665
3475.5277747186697 6499.805179437231
590.5398834271125 8365.006428525281
4027.8813563444937 5064.333666629995
7187.686796269187 180.4877147790407
5046.4814909805655 2731.775793282688
2542.9855060696227 319.16612413845803
4428.593519270824 326.65290363199426
9375.09658783476 6350.1388995664165
5273.015892851352 2303.981614071684
7686.470306602991 8371.757678340375
341.08239287623854 9693.154960721615
9577.650595601817 3507.8853720124857
3954.997789307758 3537.0924444301922
3960.6143041142195 1331.0949318756716
4198.80236470133 4838.932369478349
3865.5410453496575 780.7436450104955
8961.090169182671 2780.482893712787
7990.490692337287 4427.0575087647
9094.932154441402 291.10971139248767
1161.0401769335133 7778.064640723814
769.2817321074618 4922.686238188651
5447.0108134031825 9734.41744430984
6947.476352577386 3425.686528090297
4825.997125322082 5267.8510959318755
4852.263558812864 423.455516936454
1488.4837814210762 2932.2241588069933
2263.122660664643 5146.143172735412
1146.9160440183168 7911.790960356184
540.4691606305922 5312.7423151205
8041.168122633202 5969.563900389136
6382.665876341842 3939.122606102684
7725.430919081453 4879.318310659771
7495.586734710232 3101.908789968301
7176.621362244718 7708.001920066292
9590.811938549314 8502.499240922727
7281.987194803226 6661.015128205704
3427.3578531368476 52.48182650002264
2343.6682774323626 7111.021788755284
973.1750876758305 6641.147465464372
4880.54543573884 8901.667921959643
9186.475510283162 7747.764803824149
1712.7918839880786 6050.7752602642395
8403.278550396757 625.7240046913215
9082.11632658175 6573.288297791087
9866.39165876243 9412.617721694985
390.76646049106546 1302.4537372639268
3542.373517556061 1709.7748873150454
34.9426071118808 4308.412871168632
3046.8503620655074 8926.719603524392
763.341371330224 7796.594222670271
9234.888538488683 9000.479910481527
9.138659316629827 1213.993338137437
7811.95512962632 3976.623254991146
2723.7883614537304 7699.631782045592
9182.319406269982 378.34797811712065
4383.599544118199 986.1903879406453
675.5869349282606 7291.918157085439
8045.127119137968 2393.0129640648456
2278.3760531312714 5661.174044002723
3592.9944516375235 646.383687783294
7046.981705913134 2410.8114982261186
5653.839022937749 6921.180043986032
6488.195412941109 4707.572302200249
9042.65494681803 3718.709611443698
9369.281627636818 2920.440665596611
7062.882900534569 8978.740611676856
9654.434907346202 5655.3968774412315
8499.171707740798 6169.4396127830905
5563.874187333856 6617.229510017057
3721.8251743364285 7007.1333377123065
7113.05752412833 990.3620503983624
8964.510361971787 5928.51277850366
3913.3272668648688 8532.601928016065
541.8968059356544 4471.104513601006
8501.623516900207 1640.1760271645871
7541.462725975886 9313.533449548986
3015.737714481891 9269.36336178608
2353.7896377956504 9885.305827125987
8642.896490946994 1789.4988722502503
3298.241445235238 176.54707296801186
7943.302520449378 7594.063686179913
2556.0032776743315 4661.326553247442
9886.582704132517 9611.039881021643
5640.033371531159 93.90852639781232
6237.925185578599 8730.65588322859
5711.55847691645 3345.473527279524
5792.0103791014235 1608.1029992346384
7195.324070869612 419.55063806245363
9876.673485264739 2300.7580873793822
8350.885093384486 3317.610516166831
8534.564800958247 763.8966831739069
1724.8041046437968 9521.971540285756
1839.8948850909092 6355.837946788311
4738.700515654533 3521.3692369855307
4918.690839532075 1192.917180580395
60.671936205419776 1025.2493989791355
8414.808120268368 6446.625319244096
6862.689544973274 4296.044607070276
8380.27591369289 4489.7224454414145
9584.144030932386 1374.3963770739808
867.3806967500531 1175.0714284939568
401.7985568644422 2880.4889335834473
6861.222727148336 5470.402463076415
5248.985884377391 7545.368346480974
2615.3028541654653 8174.162362193395
931.9566525143863 1659.3132310853186
8939.031424203726 7502.065210249503
2658.8765582419237 8220.039300819404
534.8758695468725 6960.903919663276
7127.035057203215 8721.712237566831
3094.193863897261 115.64678345662549
6206.417105998887 4246.4536307375765
1534.6214421987593 7607.785169135693
212.86008361435793 2803.2236271835577
7498.222715731374 4097.359034159797
7781.599416716046 6704.669907933177
8028.4280270237305 6678.03794618934
1432.0880115625735 7180.733892333222
205.11904398761604 1754.087341935625
4057.5425061422743 3398.5080730959717
8441.046742615483 4370.002558782341
1777.7595116532252 9591.044299041776
2129.09713503827 2548.05149178148
2861.3150932887634 7093.511513213344
1378.7465374501207 9315.910895612942
753.3409958373893 7743.308419724935
7691.375971589224 6796.042212040761
1637.6512680497624 1321.4386801758503
4597.945040282569 9980.40338719792
3417.068212695623 2495.6554668540275
518.8502223085534 2628.54402951061
3513.3751823685857 2071.5947675478265
2404.6235114806523 4104.087961661105
7468.405207362018 3266.3080258666246
4077.453950571481 3904.058860838685
8970.346115347596 6189.31697985316
7617.342544920999 137.45617802309096
4634.428823020761 2749.512955704989
9623.030134293596 9273.943604475551
3634.7361940234446 9801.925475863149
6726.666713661913 7110.468180757501
3113.9532794971183 506.5912986079735
6352.515102763629 5093.071160400292
5190.454727909442 2592.452551661102
9383.814883523213 1883.119646748066
337.20597445058064 7502.423955882643
1138.2559743367015 7371.629110461401
4924.528980334783 6241.462666511249
5851.344909328801 5222.302144894467
7798.867478070131 6157.685453286381
7728.267444184521 463.37077646273593
1912.2564522695673 7857.276547858863
8548.688022331626 650.2689619141344
2222.288580412911 2987.135027659342
7795.246378492455 2685.62670485475
349.9397682640415 1714.9099668323843
6325.344976338122 2510.022806476937
9812.69758580368 3394.2816052689664
8717.15093682899 1566.3919657130155
3043.017973592315 5124.041240138363
2594.553673116302 2192.9309632148406
2857.206317593781 692.7330210934823
5472.162306548485 3913.80185971839
6557.404065630257 6746.320210388327
960.2441344006929 3973.888108539575
429.43436069052376 3924.5415046519815
6530.836441504984 8403.306577943507
6041.844878237827 8182.329258975535
4470.094042851189 4399.333626409081
7456.55680140602 1545.8592833808393
6128.262175304443 877.8603138863406
229.11291865812532 2148.511562232336
7127.491108030044 1673.4374519938888
8906.593129391262 550.2169997163376
7799.036603146025 5056.433211887138
9623.8438170118 3064.376474433811
8795.223153852065 3987.768955482229
8353.747106058629 3099.734695063948
6557.868961579213 3846.163663026275
3384.8320426371747 8370.2967268378
7123.702109066437 8239.758647144043
2679.610719404427 5234.582154633422
9608.629041127993 8953.458364063823
2909.597131744398 1396.2076988559945
2636.5372092898197 3085.2663963288783
7168.046425477263 4730.9976957679255
7964.648902417279 8989.3568309545
2629.0328571165555 9101.524270110098
5606.269031072937 2770.5692982790843
7751.555804514777 7678.178691973478
3863.0928131657206 8764.470241190442
1019.9513608086608 506.58394484577985
5853.078548933229 689.079677683615
9666.952929813904 5844.356864084634
1356.2060393252273 4968.808092755758
7343.336394210951 4135.932726033915
9099.279781097768 4108.109268580329
4278.149757793353 9402.371556266882
9962.25688619071 5931.804863625314
2116.116419828752 5293.762803160871
6012.413418638623 4010.9865577591854
8323.870421703099 2085.051867623312
3758.9844854055145 5657.860532120755
1824.2700055117778 6491.816966415387
2569.7506742971423 6499.846833047102
2348.1019609570285 8340.720335565382
802.3609867389891 4832.7043853413525
885.0785123160665 6850.07112095382
2877.0202008252 4704.400359004979
7571.09993316546 4559.131947441788
253.48757960163115 3995.8985836859197
6366.33545199338 8790.507504271305
8074.172307028846 2641.9965077840766
2958.75606831465 8938.160058998157
7096.429054366517 6574.789344061457
3470.326099680965 2844.290948936067
7460.991160674028 4974.294110549675
6748.143208420324 7061.54187857449
6829.806850003111 1975.2240724399162
2290.3912826406413 3892.661762289933
475.3679398411548 9105.849524225683
9187.050280037833 2757.9960641885273
5014.955819632808 1424.3408927484181
8847.886024893704 4661.856000750352
657.0474845332985 8569.937819868715
5745.3178490901655 6312.024868894595
9063.464287983255 1760.7468910975665
5917.345702001909 4792.367827904047
5229.662527711886 9146.91672478019
2555.7887190299666 4596.712263978978
2146.9043459843697 4867.3978553267125
1647.6740366254849 6302.8633184172995
6433.864555791816 1660.4474580662577
8342.685537407104 198.83412616586105
1611.567709652143 2942.4877077379274
6487.163279428507 8769.061663551705
3244.3672404149925 7896.884550445683
9595.22607206182 9106.58856563365
6781.018484345694 2303.665998933008
1420.158596282546 37.89455592069668
4603.712311098079 8593.147074381974
8244.292964892431 9030.260618370545
3529.276894944976 920.8915861194699
3023.184084390519 797.2556114563489
7805.573289032812 4938.383002810868
3599.964675609846 2926.135563651072
5507.4448014939535 7373.2375110385765
3348.334615172027 3821.653064913376
8160.406132070825 7534.7424753007035
2807.7253920033872 4793.97009827345
4406.5850491998835 1424.9572125381128
5141.754875339809 1214.0796085365635
8576.261391607459 9262.566101981347
6581.163822879816 7318.337043949817
4139.670166199307 8916.126567402325
5405.011070607318 5464.409555480533
187.57132723904334 995.3086289333957
9468.972019183315 3424.1539370762653
6325.40940324332 6163.17509821139
2807.17241662609 2644.636080020973
7664.7209919727 1609.5046169139305
6414.061664544765 6316.708420559918
6956.768958160516 1564.614210826083
6955.411979412256 8561.26400605847
5337.219788601177 6235.08937905899
9862.60398887903 5076.493543644784
6636.996986953323 4607.281537217098
31.94093512280616 1185.1657550534512
2763.283478597258 9191.392334757695
4180.8102247379375 5379.165516884612
9265.965189648123 4968.407830624362
3805.088270132568 5179.217638526903
878.6393443441432 554.1079042053154
6637.264944019637 7410.93516555934
6559.641627492919 6908.822732050963
7522.33961874348 6844.026564957007
2357.368285852445 7798.56370853343
6708.621669655533 5549.707491328489
8285.504995000989 6652.611443012505
4693.143608692607 302.0586092592714
2317.5949881582924 6464.592466623187
7966.475707578715 6882.279318819405
596.7137368356146 2948.5321415413814
9269.30514873756 8240.48584767379
8004.839717035742 6288.324447773364
9303.227840426063 8127.910852554023
7347.843436783953 3508.5105722093126
4230.770973747725 3033.058957439531
8585.843251747034 1746.211863218239
4754.747942319213 3038.580301348176
1775.00281407714 2518.520678592204
8084.624869923177 6561.323548701195
8685.677990923245 8456.594828603793
3677.653124752083 4846.236725034863
8423.143169914962 6917.1673364115995
7285.103483505162 9555.486014395005
1800.9587519556335 9384.126464399164
5539.013868772683 827.3612292210053
7703.371842969613 1637.2795342361524
5082.443504583271 3775.2493242505425
2221.962500194156 7292.3649037067025
6076.297761597902 8555.150992376823
7963.08444222109 6505.8302834948445
9808.376717298635 2850.924027114412
6596.473881094657 2389.848209825637
4085.3663045057665 5909.638262624138
2451.725000288406 9997.494063376915
8106.081249356699 105.13153497152095
8768.165866117073 6614.962431724292
594.3355277309558 9416.055455761458
1064.9899331962731 7537.15398455094
1112.4042455501549 4175.410242781988
4022.3294797897047 8504.916043061045
4681.112526446792 7981.7603545372995
9250.286961398197 4546.672383004451
4100.166607885608 5758.037906725025
1371.763781387021 5094.134196658625
2692.422900390431 1602.033360273476
8956.25988610663 6931.234867268149
2588.364654485538 1293.3821015664305
5015.639994130293 9787.382687310672
122.13875252287454 7105.059083216262
9009.19536764013 4200.584585064154
428.07852029521644 1913.0909131424012
8604.15311602685 7652.938258574813
7906.7211116934495 5506.405787339098
4799.120588181401 2920.4550190088153
7871.901928248773 8469.43799635626
8441.769764356648 2081.1134327976265
7395.589787461635 8043.312815306355
9658.40608301104 689.5154697063055
134.70382447630547 5967.133037093717
4261.8877485903595 9253.450488369019
754.2308712613876 459.10181900182477
2815.6864224069222 3337.142676764128
9453.537623793301 3217.909885808097
8705.721413659847 9367.898202375181
6057.858691856958 7608.021995837256
1307.909973536059 537.3293833055149
6154.505951351085 6038.206455919237
9138.22057426722 6065.281288781924
8833.438788490856 2950.841058425271
5733.332287173979 7534.042921980803
6734.397297241803 4810.24768620198
7933.839242821769 8002.376224823299
4307.8907213297125 11.498172802265616
2228.262773956525 3173.3478318024
9464.905971709522 9726.844244697648
9864.964579394105 9016.907195523469
7120.2776551377265 5365.1267929895375
5550.380183574652 6937.6011879629195
527.2461898255276 9540.218794865075
7725.821446712973 5829.772198242224
7755.798928080241 5227.7638505956365
651.4269241460835 177.0390498036256
6184.976218133557 2135.1746621729717
9824.660986937313 4729.813707724332
7459.397235452913 218.0546428585206
2622.097213633816 9234.059207319862
9002.840655408232 7746.9165611818025
5477.048379711618 1186.445955199933
5886.791648350015 5361.267270127291
7391.927833946607 655.5206430274185
8619.447599596286 8143.837401753081
7133.063190126133 8835.45076332451
8250.750108724093 4905.931107082697
8067.00789520175 1188.3643680358336
81.59048671738334 7595.5838891723415
271.22068606162287 6783.254661057954
1220.4141854724571 4023.406974714306
4288.3189884884805 7753.87508057711
5248.027703009676 3946.712627143668
4691.93222740605 6675.00093390476
9331.487423322737 1960.7069991263882
4493.515950630441 5095.890317492607
5270.533704904533 616.2489169014241
3343.3115420009185 3471.7264278884454
6165.101484763274 3716.8711536381725
3464.9640151280737 1298.2758763743518
4660.03184238922 2843.4627181118744
7312.144320252411 6381.959370385451
7053.169703157083 9813.220034872445
46.8420512387302 3866.9714221486797
9945.6243339755 4000.171804141963
8112.830103933422 8893.047206627718
2568.0441099302707 6227.787665548494
2414.126994823144 1571.9287065829524
8434.32802421095 289.8859068157067
907.1112934084214 9347.528107296037
4554.286820572361 9064.254396213992
776.2705885263232 9744.24743209037
5079.33293657296 4654.1052359967125
4787.3992173827355 6009.860733948762
8960.366254403963 1025.688094474404
9898.378990067382 9223.823514215585
7964.592327187974 3206.083071297955
8756.513505018453 3068.8206277958043
2228.094809796293 9263.40825503067
6322.712401176634 1652.824087401894
5413.558495501115 12.36797192571637
4536.643586931504 6520.879820219236
497.61675616444955 6671.283528763701
7673.313264297701 6310.299016533718
229.877751204568 8542.43671756911
9840.3461062205 1379.8798931955625
3385.7611017737963 1195.777080659063
3926.5769758433275 6183.243035337714
9077.853801660816 606.7292795111634
8236.39205793088 4158.310841190087
6595.571700454246 232.05228646713482
3030.5774629187345 3469.4207328278417
7510.496162878791 6103.402075773499
4243.274979413341 7065.509762474478
114.82496041922752 9676.448335014706
5755.960007679268 7207.266050186131
3652.9629327848356 9394.106711651246
4783.191551288541 2868.0904648393125
1261.3512180802677 9705.642194871047
7161.2141877768645 8228.170520921216
6049.21192214331 629.1115770373245
629.3095822615192 1857.9171940888195
4332.968873455227 1852.8074808598838
4555.13968959108 9126.47079910932
3679.6719405603717 2842.076407619164
3979.1339179339348 4872.9348368882775
1119.8463814856664 4451.082283277748
4339.31600005405 9442.449336030704
8657.748009408304 8134.791444399924
786.7839802589139 8816.168135799078
9037.10290949493 6014.659103013348
2613.390000363858 8753.660016604963
4612.970734482024 8772.19673755114
8986.994446362056 3618.2018955428484
6135.461041468867 8627.809774992313
6925.993435971144 2869.8917963743543
6268.605025835464 1507.9903233224125
6243.652847879189 2088.455835916738
4747.762860931413 5912.15770357807
9054.103019534721 827.0822249442988
8221.528323103614 5961.141937602155
3355.6843329357444 6600.565101825805
8029.16465574213 2642.5082806964538
1193.6543216671746 2875.493971136066
3432.192396170866 363.62062232599413
1953.0996815983203 9057.180756406835
6148.818521849863 5581.55316307608
444.2249628810346 2157.466012243389
4432.480742136594 499.6514727165069
7616.014656254908 3079.500597157292
1390.8578229631396 7603.758161784973
8970.595802864891 5270.053273200226
2759.2727427121545 156.81338332379724
2049.4571502834137 9866.844546537915
3922.495602735372 9678.74781275231
9724.005565994245 9407.86555848759
4621.530700819582 3909.289241054471
446.77267515652596 1671.5865215846059
2487.050447733844 7784.500926309901
105.90975987483043 6281.4205311621345
3308.717418753304 5553.583626908174
2674.4398064651887 9334.754873329719
6779.7112074705565 4320.665937611327
8457.058059224508 5506.3198682008415
1348.3606601925312 8017.01656888282
9411.11097188609 2827.6145671671215
763.8530581071623 6092.313708724654
754.6994472695345 2658.5653582013215
7920.575809210162 3059.31041942443
6873.688785965143 6244.543716501795
8685.719668873304 3434.435337657914
7400.732937745787 9691.323698102993
9537.357629642025 1587.5777293304739
6263.250110992714 1192.5150331150703
8045.279561968044 7547.499272352013
2483.6098169195166 7908.453849242245
4494.456833804835 7905.027564011636
6563.631699627026 5022.4980103359985
6281.073436640474 5614.382809986661
396.80530322397266 6190.111297342283
4103.650799304774 3713.6974634686603
1825.4910141518476 2848.091880909275
426.8630069107815 5768.985350594034
7196.669512734209 9665.737488815317
6213.222876326357 191.52811936018145
6568.650639101058 4796.702557947
1497.8934297620726 6486.840944017345
6582.471083222269 6529.752438762305
9024.461784811892 8964.091025256203
5435.5433839090465 2438.5747184418074
7864.583673060353 7468.0390638309655
2881.4453566717657 3195.2564733678846
5711.995022380525 5291.280883540938
5728.567162871818 838.9955904898904
4371.4544413413605 1582.7677944980267
5921.660100465088 481.06141175573214
2855.766664810101 9289.287718925438
3964.163992362949 5178.978101928596
6459.110020378405 9949.79231418982
5175.510741628021 6027.354691310363
8192.473554436645 3508.1589174118044
76.4359923853286 3389.7374928454983
1047.0822430596195 4718.178761723625
3056.6586158856444 635.3181571409239
5694.272120939833 7685.265172093924
5403.108336560328 8746.277319808109
8435.352266936483 6622.580169839385
9753.223684373685 8726.00628629171
8482.56796722411 3994.9815232119913
3086.6546453385104 8865.390386103434
1982.362165768169 6882.39164754542
4480.045294264974 5613.801618567223
2584.7020294857516 8614.897697363218
2023.3951390625593 53.39462365585024
4817.3270335345605 5515.09231331746
532.8211695564822 6789.756709430673
7041.341942402651 7928.868113722075
7993.381928079455 8448.911323557697
5344.662359957284 634.0833225495779
4026.9406669681916 6910.136428036033
8372.39800647256 187.21643272474276
8103.882278073213 1905.999109864297
5798.337003472617 5801.335691245183
8703.821961658627 8685.474162683477
9909.268439628871 5944.404940565331
7179.272663193291 9062.958727685806
603.966893224619 5005.159867049858
1687.567037039931 4365.451211904146
9001.232192572568 3094.482378359803
7230.157201864804 4542.117644385095
3806.460009539772 7333.410675108427
7574.745409996024 5014.915680178904
7603.7992998616355 4824.623266040016
3634.521872245321 1725.909460408227
7321.024123666986 5912.438174237695
740.1223284318547 5276.350231002839
4256.831756284377 1307.0703181770339
4163.7372826505425 7054.559885271545
4265.353881214529 8182.099168484339
8241.139913765703 3814.103600689819
7960.246902214665 8449.792033220656
9486.22310754717 2290.690326424246
4130.8049102716495 7077.14072912326
8203.966761775133 2135.6961942043904
6955.117276051039 9526.168766987857
6281.584803766851 3696.1549443297736
9050.371166117417 5185.266672369786
1073.9266350769062 6985.515336967558
7917.97735281577 8004.0209365089995
6598.038772277617 9566.41991180491
2921.27520516129 6452.203339750015
3613.120643064377 4006.207449185658
3576.152095591286 2394.288418233568
9585.933525428609 67.80050744248256
7639.987376500553 2504.073763757544
8028.0531700536485 2863.086963479862
9251.916919306195 6439.677543419132
4240.183546545164 5822.865451708845
3207.4808670242805 3157.3938090260567
1110.075723944599 6526.866346639054
1343.3051111354023 463.5855742691375
4284.427052574553 4189.324786094272
962.5422392334715 3187.003320453733
771.4612758280336 9910.027269791037
3249.371487462689 2199.6158598935554
8829.718907735598 4677.7100333551725
1700.9434291315572 9922.24460191025
9859.918867002514 5552.139746506424
6747.726767048325 7921.997355454129
4940.572208552465 7453.161225592759
2938.2925336748967 8741.69894728234
9634.366343744368 6549.445334322429
9332.156879273918 7197.2183508069675
741.1616508709728 1366.6333380031492
2074.371217782651 6036.797496296421
7784.7674945215285 9424.014124927387
518.1349070787234 7077.189656626141
194.50093263905345 460.8342563519408
4716.7777840291765 1714.6148271942452
8378.850630430836 2127.790798929309
2624.0435342441147 4054.2489569661775
3187.404248311638 396.20540039794093
9921.679935222206 5810.160590124628
3618.5189813688066 4876.840141001569
4035.9163671927 4598.316882381356
7054.048822527369 8742.260037045517
6609.49843365835 6278.480052018792
9788.766595954216 4011.1057267071214
5463.512946220727 7596.52090840223
8170.947421330356 5579.59077797927
7913.327400892741 7536.877739225303
2281.9107882647395 1574.9925493233586
2195.539169091527 4515.5953238073025
4756.143541753401 3357.8567507063462
2717.9073209136895 1827.5742291082531
7079.955191935063 5814.089905672208
7861.82563222868 5607.374640088981
4505.445743122346 7455.0676747071375
6146.961780471441 7971.11124546016
8577.894837207707 283.3410624466648
7710.277028046933 2977.687717976262
3198.5065938347548 1383.47048874231
3256.711848783531 4580.815630473883
6130.775746862059 1761.978629741545
1906.403390026049 3838.9700569190686
2907.566049733875 3087.358666743333
2693.3790558599903 7308.635783503077
4207.322776292862 9670.533578889974
1863.2480376991189 9766.901895925737
941.6668984994692 1278.1106878983105
9572.490201118666 2192.662405954213
3532.947225088133 2185.232137447629
5109.52264063151 281.3900931992108
3159.1567962642075 3251.7731044945385
9337.796516155833 9676.646173964185
3104.9453376745996 6745.093043280405
6703.7635830097415 1572.200017353107
7781.288479684967 8134.500112053385
6857.61944476689 6371.825742828482
5462.7042122695975 5147.037825975603
7702.320569457064 3689.556982275174
8339.732009125435 2001.1626066273525
7516.436532657771 4131.37654416555
95.7227339346478 5924.325777968418
3688.9917282008623 2020.0220428089588
6890.809359580702 3812.436771149753
9559.516784215451 8507.795493415862
2372.263529429006 9203.626358109696
8874.115183633183 1367.9622048618644
1129.2660345640693 3615.689720561024
9448.423821655571 1163.532292178766
7871.448104512571 1736.0425527118196
3770.932322964984 3462.92083568589
1534.3921802551497 6954.968000771186
4485.191957084597 3305.179686270773
4501.604381368125 2297.397117234843
6957.034740672156 1213.2070613405187
7181.301840159214 1935.408333827593
9462.994928404874 9711.536120723182
7287.684235716073 153.09261594655953
3928.704348486861 5526.009862578262
1350.1896076051723 7887.377372922982
6601.1133781754625 5425.853674143373
3210.5597297510712 1782.860535479851
8555.963626521245 3014.3570717726266
566.3708576405746 7075.656506851689
522.019559758391 9682.582702000878
5981.011542654353 3560.709868080384
5146.1454287712495 5411.223417507085
3203.9208668432907 3398.9837674612677
2528.386169427129 4138.925102687085
3131.222690653692 585.3887268344527
1623.7967108843843 4011.10819197385
6285.726527694657 4525.262397702246
937.8362241449478 4981.510839659357
306.58917573967767 4356.6711023035805
6834.725965968206 4959.388997481023
1612.7599310634744 6407.753572747115
6733.243491393178 978.5086649429153
140.66192160892555 4492.781056256968
7482.010151933679 3709.7667082930684
4855.3895351024 1627.5614161709618
6286.398379100316 2047.4838146561613
5596.0287302164925 2184.267579515501
2701.7724607721007 9470.113692038653
3739.5384176235234 5507.724748926777
5412.849164580964 5409.315186454683
153.95337422290933 5579.64173904614
6786.5414233475185 2957.0393093236835
3960.50555377212 6444.2281089504295
1515.7338430646228 8898.484993077018
9735.580335200695 9798.088819779776
3064.0066489110704 3279.480637964276
3957.258796501468 9399.24387142512
3076.4129962639463 3500.0521352887804
3737.5208872754615 6764.569395971345
4438.983257541073 2271.638177424554
2180.0157251851683 4001.9183800693313
8249.717098917325 9683.624151053311
5064.63060068839 2562.6186848140273
8606.39456776824 7095.560233043037
2983.9215614104864 1202.014888053563
6821.620228377363 4604.637121580338
1542.79210231003 2500.1599797714803
8443.090536513706 4433.697449266093
9781.639646736894 4921.724952311174
2287.1538186974794 9743.258465586623
3594.5145832025314 6583.64352799666
586.3095019424392 2091.7321600476603
6587.664203003979 7650.96175040088
3306.371306701166 1051.2240140768047
5560.164858835733 595.821210377393
7706.599012726218 6332.001268918919
1587.1707954670999 1431.4465911571772
6296.177684015126 6176.92273235652
547.638417316163 472.4741255242682
2483.007094114852 5757.820977671595
8862.213101757861 8174.902460815294
3415.835473103085 5839.0404070802115
1193.2878689375991 173.40038150299054
3788.3560835253115 5069.026935257961
6908.083865639361 5760.666695410789
2703.959725671203 8919.075441528263
1216.916263836757 5742.979377062901
8092.412844739055 4509.044011809901
5072.647073931405 8858.035056518482
9624.816020173452 3343.0399395610243
5153.6524675453375 755.6241229947225
1590.7657797836928 3323.7969597001147
1551.456627872395 5918.648332555363
1781.7305550150197 7322.656017694729
6145.517774855543 841.431999410599
1067.2228201182788 8052.771770705266
9071.475029298206 6284.237989543092
1055.4293689201554 8026.364474554564
4175.497450017411 7487.350789491681
3997.543572913218 8972.546963315404
6896.201168922894 3855.03864079347
9925.114667475413 7250.453000435083
9626.930024469555 3809.167181746682
902.3149611666836 513.0997663720705
285.02394085117123 6264.182145778967
1230.0950637972974 6160.620534682569
9551.026326488154 7489.635549902138
5456.786588186557 3967.2045704342586
1039.6101000552515 1003.3869936103556
3129.7776378294716 3674.2875613327687
6525.330701426716 8578.054574996817
365.475537708847 3313.234797036555
5270.141671335702 2445.253534552576
3519.8392927707623 5553.967386096662
2485.9373655069594 2346.6081031907047
9509.354381489979 7471.68026732639
7014.214679260143 6207.476554332543
662.3850896217265 3782.0078125986533
2416.2741283159116 9898.781007610663
9373.435607416804 4815.692337831819
8841.210409780131 9804.291789640276
9287.910516810369 8287.018335465678
5275.2656074056895 1725.1619028890275
5262.562589187233 8255.971641561582
3074.954474792936 1030.465420885468
3926.8754503905666 5592.295173898022
2047.689734773014 1901.9471315017367
313.22202423884835 1720.306604369557
9767.473176715 8023.138893779958
3728.707730349279 1456.5536753849062
3299.537815969752 3127.4570509983832
7809.189674611976 1348.0803315001288
56.661326746737515 7446.844289790093
5526.0434379638455 7077.285107061416
1121.1933572318667 5291.976582539197
9808.81994158201 7220.0535127059875
6040.673770610221 9747.000734384292
4402.021129193202 927.0466938175659
2841.239697860628 2776.2351476506587
7591.795653601612 3943.7402703026182
801.8536578523828 2917.2035613469484
3518.437928608159 792.9988659180365
6393.710545656405 8173.835941958012
1933.1468847540577 914.685716138065
4713.007845850114 8725.621564961344
7462.5854093968555 3090.002375039488
9721.595613307241 2632.9472141147758
3712.3534696248294 5573.959981173882
6658.84538033628 7845.812940745628
5870.57115229376 9017.587527850425
9099.412696817732 5512.569745518437
7865.342043449468 5482.180985428715
1305.3872829147317 2837.2711487252013
6584.945622601851 9631.107674499912
3757.6607035603715 8548.692379468603
6187.192496962191 7530.376167126284
6050.165002993584 421.0167388494135
104.44033266219344 4397.389871692333
6691.96504554071 2225.64599556065
6993.364153262687 5108.001324757858
3786.0161371338995 6995.543764832689
9583.63506629536 305.19523024354453
4039.7267017088225 4547.971875790499
2147.2552895268504 6548.420308895893
111.29052641212334 3838.4373475686175
3140.3627402721336 1100.8016432781997
7907.089270634866 4908.114783657748
4461.906832419541 672.1672192417893
6119.281518775251 938.9698968100757
7728.666475588288 8719.019840341638
29.037329037998603 8245.253051958278
983.6664577383203 7748.297153424438
399.69275027231464 906.9942658974195
6335.1217004318205 1479.9579222777625
6145.434829550952 7190.579651338083
165.6210174198125 6694.141277073839
6384.95336949598 6903.440826687174
2756.334355844551 6121.845098628849
3475.8202059708574 2394.3464607936226
3438.6135989434797 1833.777104563825
3674.194368797834 1037.735174841352
715.4275044258173 3240.2274727287163
6175.76714289599 3729.9817633827247
4187.654406863128 5035.5273012566195
4467.699468151811 2177.4456132981923
6575.331808922745 8203.846819762655
6157.627454481618 7570.597137139062
9641.541547983526 1548.7996102767631
8744.640309502885 4615.477198590249
7406.6880832354755 2117.5198968312857
9158.46420965077 7833.194733029706
3683.5008354066476 360.57979903683645
4316.912313201923 1540.1197841970927
8668.178053234098 9902.323791367928
8437.99117596409 985.8858200365528
1090.6589793313904 2391.890303048334
391.88013479994675 9753.26498295341
8257.094137618878 5063.405666510516
989.329178176147 7713.435090974018
6210.162781604153 2354.5272818039475
5776.847956215629 4582.1076038325955
6187.959692354744 3215.7256135272783
3645.3911968514617 6436.44421682699
1579.7560942009115 2588.389136793684
5358.06422010151 6429.636575854452
1657.015818823847 8938.047766147587
8963.712689026292 6379.482214181486
4500.626488085938 9699.706747749451
987.0776060446817 2909.236502372523
1750.3828264659005 3025.489951519118
3272.5336663771877 383.4824465255171
2070.337043412275 7320.492127965036
5407.25095170101 3008.7049329954784
8553.712375544297 9710.946511102058
1760.9501304694775 157.71211035906174
7683.650364631738 809.5122530132414
353.2519291553926 2229.003441660057
3921.140402464475 5925.694044680885
7995.944604296331 9166.62978005971
4509.063882264045 2215.106179317392
2456.32725411292 143.05109988283604
3661.354543602545 7169.496573449596
7749.109261862246 846.9445365409034
3948.863470387034 6320.154367567378
3088.177524579927 4319.874931935464
5398.589065797078 7060.517714682547
9515.87370470158 2350.1857716442078
9590.511833894374 1089.5142296181027
776.2419253313691 7059.429293731902
6866.357815712419 135.35703449901737
6610.050961591784 6506.100397052189
9657.180110193025 8340.23357057531
7323.2066910738695 3883.397495573605
3891.740207883184 9969.519437832361
8216.512195730038 7202.185730099496
3465.2395119158964 2954.855572177678
1263.5508114318138 5227.285747896026
9828.030540130876 7188.632899466747
9284.80421717358 5874.673965704822
9896.522870932262 1458.1257225813915
4789.938325811671 5279.124165772705
693.5640915403685 4440.72466185099
1646.5224454808047 9306.27851845811
8393.16866340045 3277.416648336093
2782.27419304479 4410.0881150699815
2774.5330484020183 7899.870085965442
1239.2505146269916 1426.0161324289465
5482.861771987927 507.1787949668538
5072.23226429999 4142.349048073125
1949.6041486851911 7371.52644161979
8819.880431730438 4306.416160317569
2342.2799142187623 4497.7346255845405
5576.068544370105 6099.469825110486
6494.149674838694 9569.862619708076
4050.1236620989957 6053.430536985399
1406.5639418813557 88.7239114102556
4428.536092933407 8884.657767815772
7621.906144175484 1637.3993624787697
5337.02995785921 5784.356221515575
2532.6175876951283 807.5154739561907
1750.7078218541094 9332.184554596382
4521.872699166152 4477.271813910083
311.3197578239058 8389.082664264914
1724.055683732908 852.8979446375951
4184.524806721599 7077.2895567091955
3148.258853032804 7968.425186452253
4326.3504776332975 4269.977190644846
7925.60888648933 2184.3609527504937
7826.880019477077 3889.875203971056
521.3000749729413 2634.05914602307
6860.521698261597 1755.720336552148
5894.798345156529 7537.278935060786
3696.0511515195417 1717.3107549879808
8796.746921597261 4833.630891954535
8205.937262244217 2384.404846750846
5658.695575060616 2684.311585642615
4363.294296784942 5881.653433459351
5861.844932312267 5048.7302240969175
1326.1342776065376 1751.2080614461422
1563.5755338963897 3763.3330647058015
2882.4111956149536 2376.602187853993
1715.6167321786463 1333.139777527772
6265.692195971957 1115.9538610433551
6425.278386231187 7992.20018525414
7650.102479461481 709.494004589939
2391.2566309364115 2497.391854427017
6994.533529452106 7465.8730747688205
8788.09294580432 8590.676092156908
9329.920138783948 6233.658255532141
5678.454451639927 8098.135257083071
3069.730192360819 2228.8785976515846
3799.9715441459603 7229.818236865053
8472.630536598406 8416.439084445758
5403.4559718674045 4802.6227320272765
997.6272558721599 1332.6637490137928
711.8916247218842 9829.145299709286
4965.801711576178 3988.1988545277145
3524.67738150026 1198.6357820228632
2679.095791984113 1804.939446416346
2509.1737366221355 4021.8949177495656
2945.425473587173 6417.616908485042
1801.6822576239722 5620.153954132818
820.7290535998268 2610.1211868993337
5682.572195575517 9108.684709444846
7302.389749219153 5658.593757556303
7295.33659790072 4059.0845410290444
3694.79269851255 9917.779099783833
646.9474157556898 1819.888826641599
416.6116056622604 4614.073088299453
8456.95212659895 7733.365093679392
4130.743676635169 9498.162286391987
5815.333721469205 3707.0434937254436
251.6427597056059 1262.0989306056151
1064.2325950662967 2381.749094639503
121.12662561534759 1440.1128716203416
836.2148459409025 8483.592199812505
3442.56269410101 7889.412105617668
5761.832620278763 3855.590244824091
6924.665895950059 4886.676884904014
7001.822043874097 135.28556844672136
9509.969921441969 1377.9067987859862
1464.3443047931949 7077.935191443969
3049.3594430372873 2983.7316423376137
5335.262480146814 5120.546496173938
4832.883612086534 989.2536864202373
1379.523938450814 7940.238585361507
4998.391887714832 736.9354808917983
5364.294385943409 4481.112678732575
7513.370373103109 2593.0068101850734
909.568586234989 207.01305226565214
8161.676931531717 972.3163127417123
89.56104052542213 4183.272257132305
6765.706085087848 783.5014474624813
9188.25821539227 1998.726103274071
3735.8421814711905 6095.811034628097
5155.09284287779 4509.999561459927
2962.88587019915 2830.861289615736
8511.774432818589 8923.255451776411
4055.46873103918 5847.065480238975
2728.896013439387 1824.3101864567523
6973.297090146918 911.4225486067318
8421.008133058365 3426.219455992059
1218.3981799081723 3742.812538468142
3101.432645299873 8524.141557142826
9920.36345559308 1562.8908453100487
3693.168543528741 2430.488119086093
6387.9198115594145 7405.134921788717
9509.812507716959 9509.075610829068
6997.978349450697 3809.54110767874
8000.508276996658 7835.194570066456
9654.650089572757 469.93102716184956
4195.502438923147 5979.215192716531
1474.5332848697856 9902.774320448432
7493.9729291133135 6944.553872916373
2840.91622343155 6270.890597236242
6203.370825349643 9886.524607441943
7518.360270949427 5122.343515203102
1069.5912466439827 2396.8051383773113
130.45872120675318 5994.29840074118
3929.8762079861426 4858.950766646095
2977.39676367911 5583.560532809111
6575.416713877751 3663.5880326674687
3906.2617742612247 6499.973161369371
7928.215054312586 1917.6329162327065
5745.886387213459 5495.79736265123
4716.833230093888 4690.06555973173
5679.3285520067275 5503.658687453585
1978.2390031203024 807.5174579000799
9850.929094872254 7817.592771113323
4918.038035249357 4746.107415057749
4491.208091186234 4316.17599635529
2928.955652083147 261.6874132351088
9891.692092324754 4753.680631440623
9897.513588188736 2058.8446700670193
7673.093614428915 834.6516722357877
2321.424611006371 3019.721182306843
4964.09347871673 7039.24552652571
8215.301182012023 2296.909861598153
1344.2966528703803 7981.13430586607
5299.861922038347 3920.39081560138
5703.774175030114 3456.726134574405
6549.888075407395 6476.673319997038
532.9167330797535 5283.909114245258
4818.764793290304 1889.0151217875684
580.1665936608058 4530.473235792406
5962.523234264355 5360.789288790461
1301.5139088126205 3796.8281766193413
1653.8692256085674 9139.77730861463
74.47494795230547 6844.576368043771
8906.771301706021 9919.364383091413
9760.59965100043 7051.96318092039
3224.7531494967043 3413.322106902188
9874.379306455174 6929.172898662009
6241.116687106285 9924.060524102322
5352.757921349596 3240.8974466657114
6736.897577426244 1569.9421494295818
6718.276278993265 6160.551230684922
6002.435662375068 5245.444375323801
8290.207100083495 6319.967918133237
4651.018910074052 5358.669672272056
3021.8671727080005 620.3584089210557
8198.140980002638 6923.897727515166
3528.619138054735 6234.7690509752065
2987.4828900682414 2682.582639838468
8919.908516818405 2359.229432054363
2374.819508849375 7584.398250311062
6160.003101988032 959.2329368709396
5473.615651460684 180.63890246646562
2855.9351237159212 1010.1462265149607
7221.168817782309 3265.4860261159556
5607.471941772677 5544.596620805292
9041.720942897718 5446.352777742053
4352.770510625907 7196.840980619347
3963.0495523603036 1232.7264017679186
8504.698679989446 5873.569837986476
8685.62038831739 9703.6232685569
5096.634327914202 1682.5563395621523
7808.464526558212 846.9836050179703
2642.879585992207 7315.0140504840465
2183.5235534648646 4260.029128634197
6967.66228882292 6704.473359966679
4200.275935808035 7057.8145437293315
6868.013589467166 974.449959408451
7695.046842722719 6557.902149204801
8149.650109358989 8439.12277931433
9134.475264131908 8592.298799464776
4311.3115469822515 2735.698784777504
9740.187920041943 4143.4903757915545
951.8312161725528 2044.0884873034481
5301.817664174001 5409.615499965116
8835.549459326994 2788.976649559539
1568.0710276858479 7374.525981544817
7475.505766119036 3221.318530940236
8310.632775202888 2491.6783883212747
7080.173516208324 5840.750414776652
4423.27712363592 4186.508239488407
1758.3290217084325 2747.354254045796
9748.623981408942 9540.144467208716
987.9760579916541 4700.668565210742
6717.567282331855 2738.014457473804
9529.074614478886 2915.7920834181327
6341.470832283131 8650.10701444605
8196.14906445396 2440.880633496346
8614.814993228318 255.3522239282624
9205.68275215487 7337.287593757655
6966.044615744974 4530.785144496955
174.53016241890774 823.0557074049672
36.959452625197066 8896.865455665662
269.4080820631473 8042.4173321704975
1776.052029323465 4343.522723833968
493.85513831551765 5188.415072726785
2598.7913854345625 1957.205137154141
7647.877639195894 6332.709300956908
197.91582247166593 6727.410379405219
8106.825763548525 8506.088269955755
8479.383864870091 6231.879403177717
3239.8738149115534 6325.154375749364
7054.709515987113 2082.8409494310617
3024.808781367104 9775.108585759484
1737.9821254138062 8862.393332745285
8214.652253122158 2635.512761457315
8575.955593159373 8683.313531381998
4272.977768846485 4475.357778980496
82.16342143557043 9482.293329701632
2218.6084923706253 6145.724857356788
2551.099574751161 1685.7944647080735
2506.707687698898 7262.773007412256
7596.079511209848 984.4269794344973
8122.106613407997 4300.744135554627
9384.474811358159 4609.953755932424
2172.0391274406015 9604.130597973952
1436.5957244316362 4729.729457336207
3439.28065593612 4880.09820041595
3309.567797550731 5356.582973999159
593.0210860559138 7546.716124754502
8005.136436261236 8517.854754488695
2053.6225856663536 4689.496005713632
5520.398468813672 1335.5123039243865
3868.7475780514815 7318.1947669975625
6603.05291765653 8139.9549731208335
2382.1685439352846 7117.79074984965
3477.827148332325 773.3368844599154
1962.896393501098 8951.995062282473
1078.322714470208 5833.930502161038
611.0966394874073 5004.612030064554
3148.600145949589 9771.263188778472
7868.588501723904 633.5177172929318
2471.395109460255 1462.454548951484
135.54853620636464 7763.978340606842
3434.94828404539 7183.393546011195
8231.374709562784 8962.481026806443
8167.99442739437 4734.091633697249
836.4857867247543 4209.20580545845
4552.54849001796 1885.7544217456568
5313.166950318699 2826.718512103994
5566.69402376311 9287.816577454754
4327.3971145017895 5024.420132768842
4614.663400670777 9506.385884762902
2679.9220799064515 1082.7366786485359
769.0739838810923 1961.2511315412507
3803.664688572386 1327.9910343551715
1180.2680005974087 8186.8030190223735
9495.89488573539 6738.350515888522
5300.272169141427 3062.9293240238344
9627.405072016343 8273.195128845502
7023.981592629362 5445.142014307448
807.2703455489105 2832.705309587269
6367.745586010414 5968.901295094995
4280.596390124053 5131.424560165826
1885.6098756082818 711.30221608106
3697.988488964996 7708.99858973832
8666.05134199864 6863.993029986684
2819.3037485229033 5803.2518948020115
4457.117439204337 604.3996246789973
1700.5734635735769 9875.21488228693
8235.460364399412 7948.030345619547
7461.815713839548 6202.6626435787575
1364.8367176408226 6522.840963721961
2344.7806798735983 5148.186864200373
1382.2167968151766 9927.341633912934
7443.504706726041 7459.770814264069
2404.730955332046 6617.332094240414
5226.873562399769 1276.2917903111415
4168.255727722172 2111.851368736799
7771.223896307591 6387.327872165848
3788.519684986068 6717.135631340409
482.34311076961745 7736.100591271829
478.19119751852156 938.0776128323731
3010.051285211589 7156.337311279481
3658.4821105110186 7279.88580295732
44.88127646020579 898.2881385167085
9171.386765776997 238.34396706084894
4735.197225020129 626.090056030384
6628.748310886887 5935.275929066335
6574.423370701864 7258.119467865628
3326.9227458159767 9076.52106095209
3781.882549532801 273.9293943974919
6610.894774928564 7692.931850808868
7437.068199618328 9925.822767345193
7089.26978060668 5470.608101418377
926.0064714084137 6170.0605879558925
9681.651277375624 7384.780503921821
3619.6928556341845 6072.1639953686745
8122.4850277985415 6822.468461018163
2128.410013962122 942.7170633742077
1250.5365748100883 1412.2292756088507
5962.070786773178 5524.532668250921
6180.739063258892 375.0303441754654
6975.551366971768 4178.996021224954
4285.232241517668 8368.467499908964
3589.3080612115446 3208.8540557287115
802.989994426222 9517.266587245678
1449.4064633563407 4206.673653009948
7852.508771032422 606.2010368357995
1927.408907401511 632.6385900615583
3639.6149045299608 4257.263811269555
8659.403938517175 8702.317347113147
7732.516169206794 1321.1362822319106
184.78432954204703 4104.4805236337415
3418.8123622612275 6683.697143974549
3669.2088867918715 8071.0006787404445
3364.249960797291 4221.521647885012
682.5148042061857 9885.321781533168
4060.5864904765076 4736.018569196864
1051.1686746309113 8042.940427203948
7880.00878421548 5354.062188298214
4916.181230431042 8966.788201150477
8946.128191163878 103.6748967659662
6301.231127127603 432.3638743018865
486.65114367331677 9156.519064445713
3732.075362597271 6671.914775826223
6850.403945747899 8574.66616773979
4747.15080620293 3503.9189961348984
2951.46861095955 3307.3043800053492
1500.6018867473047 4773.57238450179
7545.764286189956 3653.7574332942913
4082.7912383843454 5891.943327196278
4450.48446168654 9442.387625253676
6669.687169465239 6325.9034601877265
7584.386006744621 6770.656286777515
9161.340822136846 517.8997132343966
1536.991685482968 9309.823593562687
3581.003189183224 5904.0876473728495
9267.36028633465 9898.4684166796
180.2506452144015 7451.295104253859
2488.1436018027057 8432.21375885288
2931.8238397055698 447.741548426539
8308.238034690357 8902.745273662398
7890.709185275237 7159.391274705895
7787.407966087288 1847.4164178656981
765.3204021819093 8403.269362286608
8198.845451779845 8441.43276663889
1964.4656260019422 8091.025037844874
1000.6977234464498 8997.814679883555
8372.115535989002 7360.47857376901
1785.1840194022673 1736.0381357840893
1150.8140052550818 5039.843935574969
6803.991604274142 7338.458427324342
7985.901914200249 2878.7666934498934
3061.224561709328 1034.3238429618195
6356.551790146415 7232.276237362599
5420.256005330973 6734.388957309611
1655.9416503528746 3698.2001354961926
4688.410115067857 7084.842274687817
281.72233884559586 7585.54324119541
5223.481872251105 9217.462204115936
3179.258826173712 1030.789072726923
9248.679106673782 8443.624493956057
9743.959984907067 7081.028314320876
7767.647058429115 1172.9802211840713
5475.335232003278 2127.279281775566
4738.820825615546 3933.3337813107196
9324.242063030406 698.3152115994784
1998.4189938318818 7526.4463010548025
8286.125280363567 814.7648921414863
7313.978783616596 4075.1993621590955
7466.8668355582495 3855.208246560332
6905.408660231699 0.7528903654763219
3584.2001299034487 200.44238144853898
6788.108212207947 9814.037260911702
8666.46782260696 799.0446923258964
4372.78943980697 4014.1179017934846
8571.83288234776 5236.812785436858
2899.2079874262276 9356.680011938437
7874.8749269664795 8894.616085312957
6486.091759100833 1289.0802937142632
8653.841222677485 5343.646579047283
2847.1328562591602 6444.116281968384
5760.639040646401 5254.00605216167
4052.987318801551 7742.867166698792
5266.995416359397 9782.025275176016
3111.802456137788 5877.663251509149
5954.027916501519 4653.660960270865
5595.8755449685195 8729.446004332987
5948.806618242257 975.7687585351072
1059.6181425980221 4619.477950813999
7910.310066319706 184.0052592223007
8574.084487545791 6203.574232978156
6528.508547838543 3475.564859887965
4345.899571556658 9287.7210847469
1524.1364804620994 576.9105864089108
7093.496492107022 4877.156971240086
7823.042344708178 8761.109219520022
8621.15600013213 3366.689302334308
2127.83327965398 656.3369861548596
2861.416309597532 6938.229092573684
1720.8604153780782 8576.572913789201
6549.000750682283 9952.22311236034
7006.4182977659875 3857.4528569508216
8644.488021209698 7402.869566064251
4036.359309031399 1994.705521087331
3643.526558704272 8352.706773323169
7062.15403563178 8259.551305540084
5987.478070628347 4670.3639752949275
4017.754974708696 3904.8905795164515
8933.947492554013 5365.972052975058
9761.449016166323 78.07049105434393
1450.734729590032 3351.9274271723443
2891.2136410045364 5120.461038105412
964.3286674031925 4552.416597828442
1996.9196083018749 1061.03511639414
8124.134955999425 8943.29741762646
6324.048616263739 6800.5929204693775
2136.207429734521 9324.65171357688
3997.4268086974516 8735.22776763993
1675.3370916795152 6411.513410910833
8189.798857963986 4382.083983173755
6901.924478078365 8173.990073295904
7918.898186093701 947.4050980203364
2690.1431319356593 7266.191581832199
5517.99774664384 8716.334321106511
1816.4758233546586 2854.087185797075
7248.748955728311 8645.869866903577
9562.790876655357 2185.611552141401
7011.45007373126 4606.839799939675
7955.695486355554 2842.049003645434
5656.713208247754 3347.7125637398885
8693.984836024385 8767.922005792629
13.82113377751959 9442.50833894405
8708.587211807462 1897.3171935336875
6424.900676140808 8237.034148961611
1254.4771853786474 6477.784174971382
3310.361965421875 7122.117151301133
8451.610849717037 5038.645417098769
6089.8876034380655 4339.462524181661
8272.01531637039 3358.759709069087
5644.572023888698 4965.217612414965
112.74116189909589 6759.479858507673
8429.657325220267 5718.275530295738
8299.46526731138 1581.7596088248054
2333.6189334998603 3804.8044477576127
2133.10969628003 3802.0531000672477
7428.202177417731 137.44360736965388
4421.922587982684 1399.8654316777138
4865.325171171761 3957.0586674658302
7834.039812776697 8310.510021108694
350.59824562440167 4136.9024562255245
9860.628936976187 5579.833415580535
859.535592432753 2263.479970647102
2697.2940715120208 9683.370872593729
4561.36658506552 3965.371294299813
3931.498590782695 8880.597719206598
4276.675278401291 7900.717376060402
7566.337436150563 5945.649830164126
4218.933389017922 6316.026226123099
2616.0747273136485 9649.081414143928
8256.313775928964 7153.414174658854
8276.43647169077 7960.9393189822285
5479.001173200078 5310.343501430695
502.7240589139048 3103.6313525032465
5468.547071993872 9845.377525281578
4721.402981386162 2303.771484044165
1339.642782878566 4675.423447852679
3355.882599501011 8375.385918062337
3361.0082336478863 2624.3852872090324
4864.79697221994 1112.5708991094718
9760.933046922964 6560.108733605399
3071.1661327774154 3877.890666786522
4184.32066230648 6795.943316595563
1703.396723053031 9743.511899585636
1191.9275758758529 935.2094607665251
9274.158389668495 8075.273770574163
2178.8072033646467 901.3058949992547
3690.756134782265 5545.589789633849
4137.803900798923 2023.1465838873519
4320.686702136708 5219.29291730568
2805.2655581547083 735.0712504241275
1628.6552739835413 3577.22176752609
9899.97497150256 702.3263780418421
956.4007492279758 8125.567294678505
1402.624356816623 1997.6635724960602
7534.2584034180445 7584.687192048861
121.99043443727464 4331.560505804144
4393.465131076078 2559.306385412281
1155.2907116256306 3278.0175800067977
3490.7941280556256 7062.724002559182
3274.0342932440835 7939.840905481219
3062.178630006339 300.84823273126005
2753.003832865254 9561.772795616504
989.5677031624828 3717.5871156920325
8708.836830933766 3226.7841245981
4795.33260809793 461.320021295295
626.0047072266306 8960.296491675637
3771.118866508577 3152.888219028087
9421.806490965682 4319.057375700453
7703.121921886712 1118.7329619341024
3138.3370913744534 7855.840301288243
9673.337550921864 98.52524341251834
7148.201309829646 1728.098330768789
7496.419089934398 5844.82469788525
6622.089448131456 2158.15132122258
9494.350615727379 8003.0147502518075
5930.145821918892 8454.441303837983
5516.225317463379 2192.960699349895
5635.393301439149 4867.8421792505615
3377.991282746019 6309.54125242642
2786.3122097338187 4683.962657680338
4227.112317532663 1717.4083856073596
4326.986966994477 2641.838582841897
7729.663744838773 1236.0332033733812
6617.073035814858 21.356817547175666
9432.463243042017 3594.295366996779
6290.1612523072035 6556.213813683454
8170.416495316406 8379.582131668223
8977.940380636388 4706.158037507111
969.3307668591211 6414.563832373355
2788.8963065951043 4761.723842072329
6537.03557960167 7965.512345980341
2854.1041617839337 3756.615800603156
6140.718910723275 5219.237615248071
1739.0040535934058 7227.353196205383
2435.971242958199 6061.418954329947
8068.880807862049 486.742202116478
2643.107181761104 3347.3071841900714
2327.086654294256 5267.190103291141
2358.9096972138345 7576.482740107731
4458.8870741118835 8341.838824629895
247.02413880845043 1166.5524434617946
2650.1266992913465 1045.9347045132906
1867.8031077634982 9366.375838989317
6448.748161529091 2497.817952406066
2988.486041647461 6257.6107501344695
258.5189071932503 4758.359978358781
8857.170492354835 4264.0720491178745
5158.15544800169 5169.630923685686
6129.113144276906 2121.605637811502
7985.355974042524 9678.036401402907
8401.48002523854 9356.871471855977
6674.085302938546 1074.1139235664787
4642.733101342821 4981.647154980237
9944.78304406992 7770.628432664504
2195.4302810639724 4329.953688009152
7620.991388181652 1992.5672198179534
2486.2884446900844 748.516253381577
5082.231733087225 1067.0818227448276
8094.934877131696 8196.772817606698
1661.783034259935 1878.3771757172285
4412.856779598135 6720.847189155993
8159.345865168094 6492.009163311008
7766.631103121578 5236.605166369286
3062.4026163184535 6454.993540488033
4584.5986460047 5090.118807533492
556.4132066816452 4342.590070434471
2953.720945715822 3459.5622854083385
5952.813550205205 3749.578876514573
8743.443407914254 7820.768748331858
5775.1130486482 3113.2939388858063
3365.9556349981967 1419.382904001494
417.21205656682247 4507.636290918857
9197.328935858966 4975.740325443659
7024.3951880806635 5861.742629471995
1701.5814332745892 1694.315891436894
9046.2754310225 3933.9328522138494
4379.803433952096 1057.779321325998
6772.300978844769 5811.022591139381
3809.05265229552 1856.4059941370847
84.25855265707716 8705.028659417103
7240.8052509073605 6436.78754394706
646.5382029055767 1383.7593840857521
4496.330588101243 6249.49547263072
5803.751592420065 5698.725442564383
9226.431634267494 3433.550312697613
566.6246793244079 3363.26805441264
1995.575179033916 4396.254651181577
7240.911771258622 1385.746524653091
9105.509212477456 9130.148371506033
4490.410797251665 9377.090016881197
6591.047554596842 4354.552343974705
8923.980266926104 3328.959565263382
8400.778579655824 9477.364913659885
2657.794921704244 3398.2316099363206
1418.0303552110595 1843.4807352911187
9727.898683916157 7735.457864694518
7682.506438252066 1769.4055926474027
2714.4438700297624 459.4146070333427
5940.583021973802 8459.34411294895
8487.836707004575 9506.808594126296
482.33536476326447 5056.2367645980885
8598.330098166301 9275.6519857868
5115.941544172331 4801.929236192126
5504.442596134101 3732.784252183733
4085.1874104128115 563.8618482925184
571.8992102102227 7970.460654585941
9753.377255954429 6831.36308651999
3573.630005769525 73.88623495550806
8957.030335365916 6692.842314919284
6282.679504906548 601.0263008415806
6075.324393426501 6275.875410109906
4673.7147981150265 3977.976298303677
1066.3211237625458 5665.37909572983
5235.147545103496 4677.628856759379
4988.592270179254 8410.778133319756
942.7103414321314 1176.3263641370968
3856.938781892292 1391.2662096813367
1556.6591541056885 2372.644119333124
4073.4731981222194 3028.9707897779385
1078.599209681128 4404.399394748029
9130.419502169852 623.0285994223017
2440.262283659207 614.4336712375853
7798.5556786335865 6923.288883425142
5795.388955160489 3792.675288657248
8595.304928636917 1970.5575423329026
2147.200486950753 7761.43334940236
3969.062261051075 8701.004251509694
8467.76800772198 4872.832808433569
341.41742621303206 9845.554805410924
3951.9232178366938 7051.756058730696
6916.516154586468 9250.792042220794
9597.17183092758 644.5991842531496
6996.876144159242 2906.099730279188
4912.411466166815 9523.618656204106
437.55725728824245 3682.4752336065635
6232.072333987895 6648.582948518644
4825.661890018445 9071.650789634332
848.634875912756 1601.907734261284
5989.713103745239 3059.860488897359
9975.30461865585 490.4000806816311
5523.550043420093 1678.7931937096223
1411.9502715762744 5046.193507151487
4151.941893382916 6746.977690491594
9711.241899247003 9761.406111861963
4970.2160242402615 3848.0472918213227
7628.25542990731 9455.509236854095
9857.75824194574 8688.034340021324
7685.630961326747 4801.347919191959
5695.334258138289 632.0488260306855
6797.710779121837 25.203241596158943
4408.75382612827 3441.3990293999495
70.90145592727359 5248.246294857152
2316.4747814319785 1015.4128762646175
2133.8395098882 5751.179954984153
9776.32795979104 287.9253937867654
5649.762363410111 1820.8230942673242
1706.6180558035105 4336.5962047116
7024.821536986725 5776.8411766010795
3199.4357268696094 6233.929782795178
8749.895422064197 7278.783973823749
2149.0929543619463 8202.067976190756
6299.792317451972 4078.0395862425944
2586.171764150953 1229.1338373619299
5062.561463258509 3006.2716403034206
8237.756775920929 7463.103040770017
9382.956972213407 5181.357674300042
5726.997691554595 1419.8866242144825
1477.9283306521318 163.79846165786694
780.2256017787169 6325.510065011252
2718.3377950954177 6111.024085958286
8827.429122424266 8757.97669578998
3569.937293856249 6853.974180811171
3461.969157993401 8162.60653744994
1347.96045529185 2259.7810532568587
2367.992114112646 7785.347460944298
6863.516112510317 5246.341084027661
529.0821482249131 101.75286018146323
2026.2979457514673 7379.012752013932
4799.262681684988 2915.029438054232
516.9536495101312 5106.625734417197
2247.546294642505 1954.7589677718756
2753.7803403043335 383.451312399693
7079.802140750615 2028.59912506682
4552.249628273875 2675.7240179910336
7396.7915501964035 1562.4762069059084
6112.185016122956 4165.768159490237
3564.800337626165 4710.480516790483
4266.248546825204 6343.729134376846
4555.374221525208 1123.8844162171647
6284.719204144299 4116.366742036328
7253.240054380217 5939.398035406496
7955.3730572129925 3064.3172679491413
6436.580093268722 1579.9904414861332
2143.606618320084 6543.688423597457
9901.392933329626 8557.297277024465
6586.768281738373 1954.8003479662145
4031.767834366158 4622.847951145202
1287.993677105972 9690.342006340077
10.462071182362198 336.0422657545814
6548.670660875182 4027.162198091797
9819.262937777808 4400.011732538232
2414.9825232028597 2540.3726104582256
4196.182446961045 3962.204947568004
9112.811537755726 9495.386962351917
1796.6179957507577 3484.7387925654625
5906.60940969897 9112.97970896308
9948.191428175523 760.2573290517323
2741.6704897183 6604.395288341257
2594.047252386713 182.25041173681177
5015.575137085289 8437.997880131334
286.98312708191895 1474.478938591265
6873.388984317397 8425.89827231662
426.8517571732222 6742.364122503062
2532.5458857756335 2908.4537281434464
3326.257286874544 9929.893963895087
8317.157656659523 6566.484423474362
1144.6468610324278 548.8120705679622
317.8309050864847 205.50933045192954
2248.476395142316 7892.547837667907
3891.8915852616256 3233.2488324855367
3135.2029396247817 2855.55614566108
1580.2556268252665 6491.106034939818
3701.4441631276663 1949.4379978756615
5441.000977336406 5602.279429056597
9340.712352060602 2140.4111995738094
8286.03599388998 1063.6223181707371
5123.715864369916 5728.410308042784
5856.07558950925 8935.313313385479
3144.297617576206 1646.2924748854225
8580.474881708846 5171.85468491331
4006.65493786982 3278.333256321525
7242.292157516143 7389.872458345491
7384.5697205081615 3180.3962525015872
1605.2831991731898 182.63822596776726
4600.94731793272 1929.8643245002656
4858.356678882247 3968.1952690396915
8256.051004581775 1741.6275317522668
9594.34766447935 2797.415590960085
75.38588417025593 5457.117441940951
2963.7974531472155 3550.2733710639923
8353.275068620227 8046.588743060409
9630.751344305707 7513.070769614082
635.7392505328885 860.5485233157783
1206.4179669220698 5456.307655430088
5616.376262045317 8524.43756998128
9947.861426654175 9022.33576761456
611.5137850803154 4591.3683776623375
2682.7226226173275 4483.896155236079
7435.97992567753 4850.933617570931
8157.297989880341 9749.086943100943
18.426730146510195 6537.796038819571
7304.130731120702 1865.2653233443107
1675.207689839937 7591.9776080410775
1286.5950344918742 213.83976045676656
8604.396706903271 2593.4660515947317
6601.787818456316 89.85825472977105
8866.609198791046 1026.963511211131
9.36478352459802 2424.7583549054107
2886.868803426743 9128.301199101761
8602.787655047032 8037.591199241147
2341.833753927247 8722.251090510796
1950.7810629300093 8989.488292048425
9189.285969194647 5182.164131115452
3910.6186024659696 5368.092429978517
5551.852425216127 1925.0735350968905
1451.1928422894282 3143.127649258153
8184.51609200904 701.598559317994
6622.647164758198 7611.233993465935
8335.545240888345 5348.192054680348
5670.67845737637 7387.649198903498
8953.051919196201 1639.9754909389653
6217.446751283218 5904.270928363512
6394.466016506144 7415.610244981928
9417.355245666784 938.0842754664332
3063.7925285261804 5241.354049078326
9044.792212257207 7820.898851426266
731.5939945123495 4539.659876895174
3582.25832006841 8670.782075103558
1685.2210520120193 1328.3704885683235
551.1242051379838 8237.542634809237
6311.890294301732 1499.772332885443
4563.596878975422 6769.056236308977
1234.7896677111926 7914.469500518001
1873.3008982935773 1682.1904261873499
1702.465438192189 2493.246077104856
4563.203640564728 2761.532822761872
5574.326190160206 1960.7865715188566
6933.449936288269 111.08208500509531
3950.1766238898695 9928.324457257804
5137.990642317473 148.51058843955212
5259.272455001065 8597.998694405
8667.728412966424 2558.568446992833
5454.462275424385 529.8945972258829
8889.219170572536 311.644293318073
6849.569051947956 4633.451227970857
5521.809364603439 5605.451309828656
2093.2288923637398 828.1222000275201
6672.4039901354745 6902.269772850846
7789.99801726317 4663.876786929488
1845.9029018331241 6111.116305251732
4359.602423150919 6600.332796603776
210.6555409304034 403.6754945770427
4867.795432187403 614.0173122758031
8322.126096778306 154.7742874530522
5767.356276645312 3336.4515032907507
2494.2796011660007 3062.6387835095957
6755.347699161834 8021.461403541652
1057.0339909249226 4631.1201992998795
5282.827825181892 7298.317262393886
849.4448640314733 6885.536739566775
3645.7830697580753 4888.010819821912
472.1253186257357 445.7237796211444
3041.138716980977 9243.178934858879
58.72682602859114 9894.344738784957
9489.270631531499 1417.8869644598124
3625.132406047511 8755.463829824863
1104.5267534021818 5381.690486053141
5416.349386309078 8337.835447303009
4837.841233440442 1463.0913347764517
6094.911299139388 4199.320328569025
3520.606213497298 2640.714943332516
8100.926371141606 5053.289973257147
806.539502308743 8996.231124261763
2062.7428470349773 1564.833058019033
2438.3677341169696 7801.250119576295
7748.523414302171 6674.034458105781
7158.723292619298 5431.124033117709
3722.856100600156 4835.544383174325
9539.728444044036 2581.7900281961124
9608.8484424824 4878.115595168334
23.31979662185013 6111.493400065119
3654.9898934396942 64.73402823346186
4544.447260204487 9237.431780052155
6167.3854595625135 9373.423832043361
7251.852496374366 6788.06599767145
6291.801208359849 6020.760734765477
5046.218056085678 3745.0433033925647
5616.282039511837 2814.580948439641
1923.0515374624567 3404.386956872143
7113.935824071067 9049.324084580574
4437.749128407619 6144.802943848171
2056.8052962694237 346.90367181199446
7002.859098312992 1011.6628963441354
705.5721548078919 1097.955039074512
7182.64755813568 108.4230818487697
4816.176814873472 8972.752199225864
6667.642856387023 132.94332656167086
1303.2510209353875 2348.0542148867735
3191.9156252817893 6304.370985161464
6761.601535709512 4435.581620835925
2298.4300937436174 1396.9599723606418
1970.804572899174 2399.7830948856313
5562.876010937341 6630.399853481154
3994.298915477692 5817.004591862115
3653.975617765546 1761.927452824883
1033.1962870245382 6455.125778709867
8438.33316950232 8883.70170815176
1806.3539644523364 542.1800446987069
8230.47283578875 8149.625036826455
6902.083839911357 5444.432655862155
4243.790659291872 3938.993370314727
4283.197154186344 4988.838299696557
4315.7257042807205 6810.067606899105
4925.91908961032 1541.7571235787598
2060.5284617235698 4.852470475609216
7434.526101367852 8395.258483841259
5745.588879652922 9237.082346027295
2397.3961507633144 3014.2984461040846
1392.3601517724326 1028.60974089632
8236.483609917166 262.5054121176562
8870.492971788552 7955.097268373218
351.06097232957325 4851.265081344387
8083.877898704639 8820.116247437338
4467.901177235265 3946.2463856376453
4739.862897923024 7997.462206343528
3283.893628597897 4117.467920744692
1647.9997208531527 964.69322786779
2723.4251543951336 1633.4500694326837
2012.2461634526346 2396.6078534775615
431.67829672845824 1476.9579918806476
5760.630475219106 9095.579095448384
4486.3316114491245 8399.290213667933
8598.961526000427 2506.359824774265
4733.970119867741 2832.021124347399
6180.250037086667 4596.188501868258
2643.8491093004113 5539.560031963962
2549.07853632118 6476.716835712516
8120.47474864399 7522.840924687563
2850.240820987485 1302.4893011614536
3327.7986330613808 5873.91143241522
5183.546533507411 1701.408545971731
4251.6504306389725 2033.1427844577997
5441.76712962697 7275.818045631132
463.3602770980405 6215.233185135706
1986.2769570615778 9558.54462779902
2346.347025033123 647.1336199373301
4095.017960567868 216.43992991302596
2908.7870380484005 4700.477975090065
9260.000459022782 3264.66516610597
8229.29278059535 7003.046118770186
9616.627023882065 3588.1695673753356
6568.8698670900485 3178.2533926160404
7054.703647288668 2162.5089421303255
1231.242881685527 2988.601968527115
9891.083016176419 3024.363357863923
6364.9711339952355 7348.487629960381
1376.4632925363273 8262.80799411208
8074.601867039674 3923.7094734956613
1763.939657372594 5085.596776251989
5444.4389243931555 9849.481881496064
1184.488715841533 3360.42582638313
7377.331020279411 1475.7001254121606
154.64203741959227 2939.338309378553
1512.2123937377708 3987.664909808726
8184.182962336979 7545.145797674872
907.9561896769351 8252.4264634841
8656.778406789925 6031.933296329121
2667.4326110576185 8305.358422558907
9924.03861890945 2427.4281776299435
224.48452841393518 518.5260129340342
8383.571201223278 3323.2096231602713
7627.871127642752 4681.869094836993
9204.178061712711 4899.442625839943
9830.047326499207 7980.167453431579
4316.420383376354 2154.0181544925154
7724.987350983937 5163.2169995045815
5304.352873908984 9751.694060854676
478.0761589846705 2083.5905866730377
914.3116252440353 7317.020374613819
552.4298648457049 5215.815609686893
5039.212591944793 1965.5509831647412
8759.8309372549 6772.753199737139
1241.8996572957365 7401.034704907803
7650.791062154869 3599.4130614041496
4148.657148245056 2001.9883336443368
1607.0858214311334 8151.396766005452
6374.081617872052 7979.256279929024
1111.4298590570404 1554.6099150123405
2031.0841372066668 9906.861327530889
6842.791655170708 1994.8426646656592
4334.872889453969 3711.660233329006
6482.174911560817 6500.263624981947
5327.345495892831 6553.016459469732
3412.521849478334 556.8337663126832
328.3961575304084 3931.9030524380382
1857.7188562912338 7936.093541074732
8363.223012675915 2839.5606645545645
7429.51925922308 2616.7316500555416
2519.7977432982934 8789.031233142527
5537.518604475352 5745.799109138755
958.2382238055243 168.59103109584163
2666.1528416226565 3212.38243699975
123.9030635079974 5514.315891682232
7134.012285187408 3596.0026358901387
6608.606185655359 8019.70716763491
6624.597989604321 2003.9650072860627
3059.4237040664375 6883.517573118225
9513.967047412492 2626.3295094191385
6552.14965120108 6942.611078627635
5819.554023169819 1714.1325738985913
4926.529227309384 6444.90177574099
1455.767646403946 3125.939400457446
7722.980977814325 7788.113596577282
6405.808335831109 589.7605608592182
3565.5947839449254 7583.3115918379
3405.4612904921755 4391.820069545549
5103.769859547047 497.853193615887
8783.464479040393 5330.614217712963
5954.939810248028 5990.613886270186
1214.369344372268 5464.155591503563
1483.403838462296 8273.046294819682
7313.641073977991 3430.246459229607
6705.365826770103 7612.829213074699
5241.078906336553 1934.083081035939
127.85871961011108 5442.575735821671
8777.458312080942 6374.440926848153
1909.311226846725 6644.259134825781
4700.627612194306 6519.148911309595
8372.089494989166 9850.734773373382
5711.123627541657 7642.509941225587
2602.4304006151256 638.9231566292997
9643.691181571856 3601.7788818649256
2640.7522700760865 3084.9353030756733
3249.9266721427366 1956.7640560500322
4595.414412272413 2309.6173748622473
5448.590263084943 426.0716140656828
7905.574280268205 4363.695085227382
613.9598695231052 4725.459529718487
3933.8618428848026 84.90817011703622
7208.927807710135 148.2317911155584
7087.180479164908 6405.215985772975
868.3735616544596 3124.542883730861
9744.013216682704 1994.3731189696923
3899.6654057142932 4435.9515522719785
8409.19088030692 4096.864680536733
5090.98105604769 2763.4993859411306
8722.165595273204 9952.400442374348
4704.458980683032 5812.056732790765
1212.400487059928 9285.870288416201
9580.02400207862 6380.623062895395
8025.572040525487 4010.8616239948024
2387.0577311530037 2437.726035714737
3236.8559177561083 7511.549711170194
7234.911095272717 3513.015451926689
5822.6461813452315 8650.967845723293
1089.5861918482997 530.599901545723
4879.638698134795 4999.373580852184
6742.7440397109995 2586.63077174214
1260.2794908199344 5684.624352156643
8440.5169558103 2113.0881304885306
8436.169998748097 6737.186200227531
5703.44160672843 9371.675839759422
8106.085175957721 835.5936147973086
4355.148043462584 8286.190862637972
2832.8480559714376 8953.890514580246
6326.274006433472 8248.678764143599
8823.38202344864 3570.7799921391847
1411.399239928598 724.1447275123159
6858.830893616403 1820.9123198116506
4830.622508039437 5230.541667841233
8336.730390037457 2251.95145027149
4183.7363947546655 6585.2072036823365
6404.776999396241 696.7542236959167
8183.773619809865 4185.883202418458
9245.830775210534 9178.205303213503
7418.039868001193 4533.889137254176
3716.3575418168302 6734.9537887123215
4308.562988125969 208.99184594688646
2745.6011135934987 2589.495400258637
5430.22678740692 2069.9527067861436
9170.350025028649 175.75704387142954
4393.679891100345 6581.6949231802
2010.2418091519992 5201.530923290271
7611.440692885859 6859.482771740898
8581.128680846128 2141.82097439117
8439.445772611403 4272.460095434389
7299.103232981925 1342.3593784704524
7422.6211387881895 7263.346433361535
1545.362315033746 3258.255804111012
7671.877915700153 5418.04237954729
4542.167314484592 7260.947596048364
4761.266904690564 9758.352842892362
8832.732448373687 9917.320754005988
9957.853712860579 4732.9839810930725
1662.9563830913673 1678.0711620212996
4083.202032385844 3446.425925364516
9330.485524352427 1508.0868484036025
6854.183428415553 5292.287377302075
9396.68036879257 6149.82646792409
3162.1600534712234 4347.100936280097
9549.629118254677 4431.376950492486
3423.4093692011434 7632.566476170069
5861.436338198992 7314.077665124845
9869.99942500089 4668.661617234317
1200.5873351123353 1220.296375208426
4449.138390175755 3616.9932324693223
6640.271995931534 5590.150549234597
6860.359353620275 4753.223577897116
4846.126001849129 5586.667911871129
3183.7258746944176 9009.350731127386
4631.926904549862 7402.084692433244
6538.571782362872 7891.08447018983
139.36187249314779 6713.681251896049
1261.1186376052808 1202.5046797621785
6428.060892147211 495.76009615028283
1200.6398381137517 699.6462095493483
5654.665483222438 8615.072665611426
907.6721341937955 1046.60663051929
4474.786306548693 4420.206180129886
5724.097396333661 4262.226307342468
3819.2741857958636 2881.1430608597257
3083.7545640322874 222.34169256388992
6776.314106780837 743.4091568013845
2693.5595395072255 3722.069455281547
8953.424474593763 5631.931683023903
7688.94826087137 8104.530553600331
8398.525309849165 72.92851271112455
2343.779236461353 6526.871434015151
8926.81678305933 1997.8544087215766
4463.663863357355 4561.4041597072655
1530.283669450142 5451.635293175518
2203.0208385812443 2019.1280513667475
3439.227452700695 3948.120093011428
5719.976242101782 7634.856177995586
3360.2979009046794 4198.886115660903
3819.562814343681 7567.622150970606
4433.077548671762 9787.23861622067
4534.4976033814355 7546.991367859587
3527.351191584699 2767.442255288742
6454.144416014316 8935.361173260535
6645.771660469858 6139.932078581161
4536.099799733 978.2801262292762
5401.704299463116 1686.4503356750304
121.16519815575711 5079.275999880632
8809.621800692063 5744.760777126242
9921.29657385494 2062.631148612348
7955.489606529779 160.79359597337418
2861.4543914731526 76.9970652465768
8507.164399487676 6876.779063820348
6830.100224772383 9044.697314211113
7479.90712356947 2397.1291497435186
9629.417785045376 7376.016007635012
6189.686625235803 2719.531303763177
9715.163497183374 8044.72368216485
907.0333310393908 226.9207280554675
2677.3783009046415 4060.548918035374
6366.7733818467395 1506.7004247372583
8837.022002506132 7876.252185662278
4994.058993442842 9096.782098933514
5819.920968750708 5331.412513879762
6474.686072315556 753.723672783243
7518.244768796061 2361.996753851948
8127.763777198491 6996.442220172269
7461.056324094113 1894.223558938135
6431.388576745887 1399.6853083569483
289.3121768598317 9093.19830739465
4007.044181930963 8394.644709925793
9767.011671015895 5451.2387424531025
4386.030416885222 179.80182632794885
5559.026421043689 6077.774028137932
8961.305669920177 7753.295597828363
3867.466542518249 9992.142284063555
6670.699053616845 1048.8086148098919
8942.272634436236 222.5742975644851
7162.530809769405 9690.168141251852
3468.042470205802 9079.097956050768
2462.258069478044 8975.56326355329
5877.941106875044 4095.055818535853
488.8372247559114 5360.482618265987
1756.85974548749 1821.3750991361721
6162.078488783957 1929.1782366870636
4669.822998550304 9909.689902918675
2297.337385441549 7127.668615307771
8987.97463679995 2734.863311707734
3001.4788698396164 9376.991936557723
3583.2906481470973 2184.4115338884553
6864.1117273271975 6093.625858481144
624.5084784437538 3181.786804314378
5880.68641370853 8114.695716329818
8130.578827127253 3012.4261738413193
8749.110336878077 9558.792522103531
8424.282319050782 4585.930789625434
3949.1301791661926 8748.92504853269
7177.476027435577 6394.68566365585
8843.791929988996 7982.338628042259
9350.76802373344 6118.6948485023
5934.880808975275 8652.629203467508
9004.239377516595 578.3457883928389
6359.315440722384 3512.7908617542557
9692.170188486263 2051.2830346760293
3731.0468885353707 9713.53233852538
953.5453286646856 9846.516184622853
8513.096744184255 4659.406940112703
4271.449984408015 6468.342454928411
4246.943012596312 1695.9977446273344
8798.290079122726 9704.618666242304
2171.5403924471243 4174.608166614001
3130.103278658104 5538.368208403112
31.84109669825186 4536.607182261468
4462.050164318603 1908.6638244040544
4206.761793111475 9717.784360241025
568.5080985231017 36.179939939300354
1679.1153151617566 5393.769959054494
3225.0166591140814 8280.758327638778
9825.110827001849 9370.783593372114
3925.649091641421 3312.7888596298217
7518.597492203308 8771.671073649779
4048.2166242050375 4757.157024624006
625.3101739208189 6575.39891335504
1981.037252511605 2407.9627931763193
8604.951018319489 538.874195416188
9148.831442751434 9614.171158090046
6644.018821416271 1563.1641106063455
5361.632195803248 2500.8050605053213
9509.87870290494 9161.8896243237
1459.4281380676478 2317.2456747325677
9146.637527258099 8847.77271951204
3836.583830985676 7393.658994048658
7925.9767330666755 9974.020690830119
1103.9126478992644 1938.5182062197382
3421.163208806911 2850.430303333359
7882.601985392141 1224.6487532515705
8590.04471067603 799.8016458412793
4523.020922599558 6588.170694507001
3332.909253488242 6228.454283899278
4402.769861659135 9104.171450461565
9533.668333463356 9755.337445851032
2382.1563011911085 7804.889738320201
1897.902523350964 7977.434273015998
8981.611739303758 6870.651617290408
1168.8838726328966 8544.86094201499
4894.391491317355 6350.743579282113
4632.769205046024 877.2630685557403
9559.228645710371 2660.87056791068
1216.7379580648962 7073.817654746919
5691.44025430831 8355.791879048928
4938.921842826115 352.3520917189094
8907.312182772033 5490.184743117384
986.5568154713711 7698.790438842102
7875.417940929075 3257.7395586929547
3278.862462617239 9316.346271309394
5789.853587219242 8537.941642808264
1013.7340707300646 9934.579957663587
8384.200225866312 7481.946008820763
4402.409877931806 6071.645222477069
7191.354709108585 7333.411528532674
6563.853128408153 8938.748130495067
9303.19195945816 307.10399640104356
9380.669140412292 4834.049227540188
6495.358806067679 5537.541939140736
6010.954059264076 3593.9417381950043
7256.320327600115 861.9003963552562
1705.549810164807 952.8378349171662
4996.109849425791 3515.851785572294
7597.759439117165 2508.3062569821645
4509.064461849799 7697.969423100904
9212.651828235397 5396.596976077261
6626.153694972338 7397.773483427752
2585.6695954140487 8754.303305691064
7916.333231971516 4884.454438908172
6085.32365473173 5575.104428196412
8282.696296477763 8817.760112877671
5302.341629375721 6666.243191937838
4348.004033495801 1069.4867045797973
1697.714807704247 2067.588851875468
635.5271738184032 8033.465841035831
3094.663936652976 6516.846613087248
3724.935718145166 453.89632975105786
5554.626199690701 3327.6711140200155
6799.323835380478 5616.315329753924
1694.938433705666 5393.1467739439595
3298.2667660676802 7122.467737127443
85.97645823047118 2935.305434918981
8753.14797428801 409.77267364256664
4008.082883385787 5092.045157494916
9304.81385938641 6678.050800137574
5553.694854315752 6466.02825005737
3889.9475735078827 3950.6228345619775
2827.6672405733793 355.8318380968928
4631.379050279869 1623.8415329408683
3828.8531391273295 7547.829419973901
6578.874919813016 4048.579917183105
488.59529375813173 3267.9866281741656
3620.783290804733 9439.142970726867
296.84937171363003 5175.957925529807
2123.2356302322974 2719.529961950342
964.2436607705563 2129.5682970358143
7652.433698112114 4793.921981890865
5648.456261478195 6855.97586233571
2996.880255590183 6167.727740947222
2415.870979177539 5636.5085254066635
7630.24090665832 9847.470638366005
1814.5455435123336 4645.370263999648
9741.848870898864 7012.252923316229
702.1122552725545 5678.122379135545
2010.6972338226615 9076.488109213902
8802.302326248395 3664.0384305882835
1410.086252176157 1453.0436801238245
6856.366071274753 4577.145185646527
1503.9280617255379 7577.892523317825
1690.740556941429 5143.956217458571
2932.032908551413 6571.817193141151
4039.89117928913 5091.612141450961
4080.530514420605 4291.677648693379
9543.33391698366 8588.345631404194
9294.912921993895 5463.18940048444
1978.4239814380867 3998.8892676873024
6417.008480492999 4089.126441963966
495.57172793765034 110.64932662886551
8913.522894950402 391.3094785558757
9390.127687769525 2582.172414535582
412.62141299870603 5171.6925157198675
9775.255446891271 6523.630359147575
1076.3403505234137 6667.318189479293
7412.688153124697 9839.762856967654
5910.45573325959 725.8628439068726
9913.34659861904 7248.902929482738
4849.761175388742 2442.943432803082
9537.367408088327 6737.4344690466
3255.5309805369934 6279.316403747834
4903.178668414929 8617.213142808567
9323.280501276247 2115.5475695884984
6057.827128489429 2324.2042229860403
1822.757059184803 6703.687082454077
2565.8465597959967 7629.777677079007
7578.42698774164 3539.936206871298
3541.535666278567 5031.817796433095
3147.550478473936 9309.246217782282
1879.5838312619862 4750.99529047323
9264.265125570342 1742.2421910509865
2331.571258778957 4978.264790900553
9791.925564160152 1976.8174965363028
4530.9428809321425 7802.842560466885
9162.278280256252 4331.198745026563
7586.631388352714 5595.633333155225
3578.871889748385 7772.234290157358
2445.589708854727 1531.2669232179687
1623.4425500422167 6302.1103567324435
1867.064262240895 5402.6195310635585
9327.828467601663 9988.65446118201
5556.52402996792 9914.888778104563
3260.3070636914877 4428.8385576430865
9774.733055170891 3242.000885149171
2724.07153578328 4062.0442843333003
6567.5398692804665 786.3263966555189
8776.890270936336 3939.112018463875
7654.524786670489 2803.3899469272983
3454.8246181351137 5305.142269193535
1969.7371887333504 4836.455028182314
7319.206733186001 2668.474300780678
3865.3184244898853 4751.57725076499
7244.904638742725 3905.2193711014384
1068.8984107121357 3571.912674754489
9229.236873166581 388.1811505772381
7628.221925402592 7280.778990768173
2924.717760179131 1130.9430244609487
7281.541207235137 3296.1660884952325
5585.151136336996 3502.362833061183
6959.894369408434 8415.09839493863
3163.4140328120975 3193.6627517030356
8457.460302199963 4684.449091310492
5410.599905166554 7809.758551830422
8698.762079045731 5875.518726793589
0.01951645586806272 1708.4242605471866
5486.572114405195 22.883864301771474
7935.8873991465725 4525.340612489086
6131.942868179084 2833.7330668948935
8805.349671739923 2200.0306023678086
947.8725300381441 2682.1017028185247
9793.832780488749 7257.138130459616
2230.6906647311384 373.1312631720085
6807.526631283428 4599.457378817998
2058.321855862868 5895.670680650644
9533.14094521369 133.57414330403716
9002.174875242159 9977.249426003289
4813.902434414404 2175.9376637894966
4679.469253456159 413.6479859156761
4332.086741122885 9776.626001806826
5965.40263790646 1866.0006433062072
3262.2101649700408 7850.029513819942
7639.628545057295 3101.5648936818952
6295.332037619533 6316.126401905295
3259.1012376959607 7499.994303257723
6233.74872670169 9332.97555004434
9129.418510943147 1055.159530178642
8216.68393372567 1140.5112809354277
7389.369500772159 7073.259198122636
9561.416862827413 7037.669347447053
9428.479792411847 8301.169342442803
1190.6067492326445 1579.3335049009781
124.91343014003897 5314.683831781352
1665.408934283995 1206.5426593653294
6721.181296769183 4654.495969561223
8955.303759430397 5212.849687820876
3547.675868320669 1418.4835164994902
8249.38351836713 7201.681581983981
5259.128590929987 8802.05301374761
6350.177369544902 9003.995419078272
6766.676268559893 1424.0086501062256
4489.918012863947 402.48814546384625
7628.284721337025 183.61305819824315
1770.481379649238 948.0604866571773
2302.8692427627684 3865.2069628734366
852.063213092995 4656.198044146802
5378.521236721943 6739.963014354683
6001.9791770782285 4435.3775095449055
2652.8362540376047 2010.0498784316424
1163.8075451829889 726.5670436722793
4773.405157544972 8098.681835837855
2318.41860138571 8022.334300587557
39.12366689345248 8510.240322868935
4082.2654445460917 3686.0387891048154
6918.038849074067 6267.85199136168
5224.636648322125 5806.026129791576
4855.038468236822 781.5077305063511
1584.4020215685973 696.7078185062736
4022.765321968569 8408.020000489294
7728.107365574675 6097.854856597356
811.7142016592404 7934.808847094604
615.1064918180615 3125.3865572445593
6060.54913729966 8752.71496584848
9521.743350032939 8591.395347948865
7295.259545748517 2578.743282675242
6525.426289272308 9438.0941952918
4575.845365366964 9247.838394012548
960.7660619673275 2719.8323508891585
1941.804239583691 3313.498466043472
9433.774861409996 7819.273764112199
2902.773406260234 980.2413167148972
216.45439730779924 2398.288012988329
8938.250539315604 6236.633176573116
7142.926033243682 9961.056581991257
4550.40253359007 965.7959696331786
3489.5875529740783 4846.349403315662
1056.546622626594 6281.017062055757
745.6068215479283 9967.88090594719
4012.9645537262813 1367.2779659054922
666.3911049041693 3686.1072120600293
5929.293179709309 1705.2344987506974
1551.5009158111836 4821.77956323371
6762.807221996169 712.3710644919479
1299.8012161452966 9011.021016480561
9574.494913692355 7556.766998548097
468.47627178587925 5353.649882580096
7683.897326176251 9182.10518063177
8298.858502357289 9620.921620739384
2677.269604763093 6428.26572319159
3470.8494066945027 9165.8179414629
9703.68968643289 2540.042793247339
9209.04505648222 5118.463994653312
7636.329366641731 7327.2298750846885
9287.496638216464 9451.207245805575
6881.171801609217 1772.5243220395337
7466.374893331622 8062.342734526591
6883.042800849308 5979.396936691791
7942.627762039901 6154.428850289375
8708.898975403505 8010.28561746902
8508.053029478626 8872.582155491276
5480.894540068873 2386.165221923894
1282.033676701978 8420.101024015008
4886.829130795739 4801.759700989751
8122.513980746974 8683.215099185703
3513.1511095598576 3956.3540409675825
9117.619054659266 9773.714203099738
2325.775201005591 2308.3767182932193
2921.652732015895 7837.661448610566
6266.549076384321 5032.619781279014
7123.033877991726 9980.350750559737
8638.280058507586 492.1716352265004
5318.060079219889 222.1187203594921
2718.814042876031 6132.835515881452
5113.216949338657 26.576084626180887
8874.734478089875 866.0157998109929
7890.076813872705 6132.279078824927
5337.828018732976 8726.751026077756
6840.662290743709 9170.808535176584
4762.544660104373 8876.781974530719
4517.475446244893 8868.683279931061
6700.251567495904 3868.241371257035
4941.221615513106 5507.485308993727
8206.165116028853 1491.7568016487182
8170.586694239081 2756.0250694307274
937.4190813573636 5503.4617124707165
7162.2550523628925 3990.3337861787813
3305.8070932732408 7058.612913423584
7735.679210574891 2781.7172138702804
516.3151446857428 1775.2146598121044
2505.9457656509476 8360.061728634904
3652.6375217868836 7009.2526383279355
8759.407912682515 8549.035147950972
1363.4484775636458 143.84822280370747
8420.583274894781 5921.779869778861
4158.279478962871 1477.837526797634
5495.140952538804 7740.1457656063385
1839.4316432425262 4644.99488065734
2672.6373013527627 6617.466964624052
9176.42610065813 3403.312741887092
4133.979573257769 6784.337711053151
3572.082787295485 6104.460836408773
6032.428807514938 338.79337709569637
1174.382138575053 8186.74359309754
9603.284093419037 8926.764347919934
4655.859753038536 8630.585583040882
4406.211042078564 8925.610825029995
6712.344123247885 8473.77199215489
815.5145289990872 2393.011664891275
8225.440233299038 8204.375853708098
1547.4753773873583 1795.4262223631313
8988.23251331577 6132.508842405373
1750.204383801013 3844.8038605938495
1911.2591226654474 1687.7328175773864
5980.293634322531 6649.168356549036
8705.889398028885 5997.173195343609
8251.873510544476 4822.158940668203
6184.816804802918 7070.081436275951
8267.50817985169 9198.559901787958
7524.449545734136 8447.790237133593
2926.6989460405835 1367.307442281238
2101.570805567594 8273.716148595126
7256.583056845615 8360.411031191137
846.7052943267695 396.2619933753031
3020.7507402004553 9525.686395506025
1449.2226838589595 338.17485317867767
6435.9294430257605 5863.1418385514235
9204.269127606667 6749.123336518027
8662.609074599019 1919.320668248413
4809.2123674256945 3303.9536432114523
4034.517134030564 1710.8500563625416
9997.352421868933 6917.293533388644
1353.1730431040435 3087.9037296412494
5539.233817221161 5615.873890307566
2997.5842298763077 9450.23508055296
3846.9715827423147 3443.137928892734
5085.474633577157 3792.893778381803
184.5829609252403 366.41733536372567
9471.258284422556 7685.690988780953
2317.3917864606074 2315.1523130366922
4977.31014580198 6979.9312359628875
8326.152747804155 199.3377288388165
928.9005755772683 6787.880382320678
6266.623643399911 7040.581512590706
799.5011690358267 594.8973510694088
7372.88350881017 9193.863411626673
7571.987426403856 2241.103004984565
6582.783519607534 1046.2843820117519
5282.598471927189 4948.921032677927
306.4857837727597 2549.803923837318
3138.339713324665 8574.77014954797
1564.1308224986549 5478.159342649652
9584.840406654801 4827.648815253531
6886.246556298006 7393.872275938761
3750.512777949574 324.298432592367
7700.595147114904 1969.441676279885
804.1780624434381 9040.090661517117
1321.728682152984 527.535150010775
5937.161529508727 8966.734916808486
3114.6035343829294 2448.1848593410336
8917.181825050271 2602.3527063812157
1921.1812317802612 1436.7040811730658
7460.190048691629 7276.426193100226
5419.0240905283845 554.2394536005646
3027.639416708551 9251.57031807975
723.4677760044483 1383.579961445065
7080.500852400666 5046.043476036547
8250.034952484692 1736.042361167448
9307.658210477313 4485.353697676936
3621.3296650236516 1900.9638415939266
1895.1549928664158 2618.2775915908305
3232.732389760434 1597.526010767598
5514.085991303208 1822.059765509738
3983.7925963465004 8509.345255640894
3378.756138976058 1173.5143460930565
6637.291870482115 4565.464232008371
9463.061393121197 7477.2005440923585
5285.534341331446 7977.081714134865
5761.869440733232 1218.8043788516622
2483.4923803032325 7447.564161030674
1345.5067686899258 1151.3015625197042
751.019914332226 9943.981708450412
2879.2916774618916 3223.439701003956
6351.418194425482 4951.61787953687
2266.374646982703 3124.5241426828584
521.2216815772052 6228.6033075971445
2120.978945818358 6846.448564360395
6656.148167905589 6736.026632365925
3890.4631425331127 353.36248463024634
9350.733301489663 3639.5813603499514
6618.451740985391 7701.322725446717
2644.2500972548346 8062.008121854333
6577.611993096818 6764.7273997307875
343.0938759896496 8611.294713634741
9299.482867548613 3103.286736852494
869.8859716738949 8617.802778892275
5890.086915930577 5442.731855803662
2732.131129978691 4484.188024601129
4943.88676683039 744.4266838513447
4408.34529440097 6585.188838361339
9854.975060415112 2903.4878731909807
4217.1370928215165 4750.058310718022
8873.217559826677 6741.98449662851
1564.8187745209518 7518.61846807873
1864.3912752016245 8153.229116374139
859.6906869615594 8082.619995759658
3407.1929769115936 2005.136671691351
3336.2221936388623 107.29036686976445
6596.319830253739 1725.0720728714098
49.93808978116188 3473.6617997677145
5719.652293019126 8365.56509742036
1383.8847594220117 3390.4677281323015
8838.894813737546 2389.7250231169355
4550.1422191052125 6295.1051330377095
3226.864172868005 8417.134570505354
774.9146561405651 2496.357059020705
7600.936319045136 1735.4632809941306
8123.317498371377 8607.28024794176
5140.9957486888125 5509.989988136626
4250.054539589067 2474.85801821171
391.55644524613507 9312.675512881096
5754.757601081138 9533.728989072039
1321.5550352232774 2844.384449934474
7275.836780792129 2294.4986447926763
5051.640677852754 3538.3017755494393
3974.2731501186845 4022.8497249647367
2057.618227972208 3109.5514780042968
5638.855154684595 3573.8668117868765
9020.025751244379 6055.468304291502
9286.949083208618 816.6947174992046
4913.658683327815 2612.9334086645326
9839.961511570657 1117.8527983969166
8417.180081177881 9743.637083914204
5220.235605361485 2947.2336495869245
7271.783240608198 6345.079089728853
3046.2031589767635 4829.011653812591
1829.2025788174592 3074.5803748750986
995.1835571651812 6580.395876924954
5703.195739367788 2925.5227133724316
1858.3109073131232 5064.3622583210245
6174.95033055272 6009.492341240178
7329.638343288656 6528.20236771369
5801.693466507327 874.9568439579125
1651.5522403599225 6007.931829071189
4539.110731521415 5132.551007477086
7381.205708747559 9249.302056781971
8612.015119958489 159.01169436832507
747.7603835569346 4129.361956666804
8354.025353355872 8216.242914280669
3337.798068374432 6658.223652525161
2285.848184135063 5448.953933739983
176.35276253717302 1298.8836533410097
8813.084635842408 913.7636259387339
1663.5777317811262 6563.655909465685
98.30961006007333 44.615515520662896
8282.152977644515 4628.980553624839
4898.4994164140935 773.8050438246247
2508.108634982461 8056.068075393946
8457.71432637745 1904.868416449348
1937.8233048708325 7613.046630675817
7906.2674185906435 6273.043051053526
1286.527482045008 2664.9841964513234
1041.4412273266914 5730.953912737669
8618.728777992535 9631.354067405826
4851.142426919352 1061.6390505922946
2938.5482176099777 4606.223957688651
7690.709599267235 7547.982060531893
6098.035615511087 3394.644127579668
5634.422108862497 6117.064227993961
1874.1122982760073 5939.419942665808
9197.08107075477 729.9126146388157
9019.865270694843 2395.6510780880326
1357.3660109811892 5001.564496889268
3113.4969700573156 4956.127789421879
1613.49624796014 4913.328805763484
4108.310966146092 2938.874764281124
3663.05484698375 9918.572946749604
2629.6936473739797 8618.838157806073
6222.660747904027 1745.3188610265659
8270.130466104241 7818.9115170376135
7489.505063680172 8763.386931489846
7400.8697183768845 2371.204973842086
3795.5912069083565 3910.7754214105985
6348.930218053493 1217.6575778448596
2116.8513670326483 5863.41937514029
8180.725052500246 3139.802814923809
4273.136796301527 6384.427070350711
7788.6487308873 6890.697477279895
7891.408586640556 1603.338229406519
494.55824867779216 3847.723803695742
5503.284811121611 1352.913691740929
3964.155736808219 4213.18849842906
8509.425486344055 8630.405223968328
1868.8517394471182 260.3285880495465
7167.066832430085 752.218455961381
436.77850598836443 9155.556268339013
1243.3449540227282 4835.328812912008
5802.18952277962 3483.4625946539823
8525.874401509338 2865.7674816452472
892.5653791639687 9759.310597380212
9993.379676500543 5803.941191548442
5485.323118865628 3934.4517609206
1122.9994399577458 1928.5131755404195
2021.1039221594863 8183.2972801678625
8547.219297255493 1935.013169424188
2778.192445640566 5106.187517212151
72.20991857750825 2182.3095414699123
1092.6999677187066 3890.6960955085256
3930.678982409084 7919.519530492842
451.7189239153285 7944.616639806388
66.17489148196265 327.89464118210265
491.73740732986414 5047.079005383826
2232.1033810372014 4776.666505585503
8202.181007669556 9159.945373893179
4737.5509629394755 2818.7925959141867
5964.02283775385 7699.84050407301
1783.3371718762926 7141.995999804343
5445.985501563281 9291.87337261182
505.54065259614146 6942.445766605765
7835.935744506391 4809.311062687718
1080.0773000534668 1002.8749962284988
6402.647021894019 8849.167074923867
8540.738526390498 7133.892109289141
6963.190785694885 9701.870314086533
1324.415190187983 9576.68768428269
5473.786951398004 3343.8873977761396
981.0760803431228 467.2985671106733
9667.027866571761 1015.366825623335
5972.385306091481 7527.038510640364
3425.9670008374596 540.5835260175795
31.67655066854791 7770.662738794936
8415.640218989542 8707.162520307302
2169.3315471640462 6213.281242320207
7385.166865127459 5740.763130670445
1081.433990153623 9308.996590732479
7508.655952602074 3195.10971141572
1455.9019657548001 5168.685443597437
150.72071441524227 3422.9559399201535
3469.128454802023 6481.304825031947
5522.482621444829 2201.7766504690494
9627.486797357002 7502.553295720359
6836.524019522305 6058.678534732636
5031.889927055488 3476.6681689444977
8774.328708116835 2372.231416254552
8129.912448574705 9421.599427652309
9347.322993470512 3424.6163248880525
9068.823639155356 5334.7468057044525
2562.7149219583935 5235.699225244088
1874.1995056910177 6565.905122207546
1697.8998621361052 8231.333185042951
4852.608156356284 1356.0142866999447
9442.28660574394 9581.402767574935
853.2047848497859 2354.7606833882805
1682.9669163051099 6388.821800883257
5321.880150154411 5307.036623476883
6290.740817836476 4818.901170479902
5442.953475023993 6037.708297866903
6905.57860936629 2729.208259718232
8087.217742782504 6366.106675972521
4425.680501909962 2393.237267841398
7771.475359812425 646.0971647638326
5671.880389862219 5506.920880839766
8383.535086535621 7254.548162952959
9529.206405459743 4825.207511157006
4037.96078048684 3540.463599194069
5759.999435315281 5496.639576711937
5101.7007297321325 8499.000826661179
638.0623629570159 4447.066659282844
5165.044738395762 4749.049895389648
6570.895604020139 8009.333132611998
3532.191613309725 269.99951302801196
9957.145275419614 6403.979123550653
5667.033830571651 792.7720471678467
2668.981869038839 8646.7028564561
953.5956223902554 5742.159966051321
7754.1887712385 2991.5297761771462
3116.8883654553006 4191.951080127858
9220.329198328776 6114.339762913507
3698.7762504466627 2421.2829801087387
9093.439703141772 8899.60736516027
3094.7717448809685 1350.1189129096035
2336.264176664241 7913.91128485099
6831.509990725777 383.69127343114593
1666.1350505252904 9432.972673028644
7000.979086707114 4010.21298035678
9830.17753703143 7234.688326995671
66.40978904283168 8873.10826781065
6475.592049038249 6278.82225295886
2616.0591858929793 1978.4694183307327
395.3516736402063 1864.7258981431592
6064.947929316342 5200.395596461831
5634.726194704317 7891.663083376561
9790.941117853616 7311.330756650766
1711.6218024596308 8442.009105374751
9740.389525290773 2391.458301592606
4033.8088268796337 4065.809943131442
6149.877272213656 2660.6776963900793
488.6813001121215 7865.878268151182
9704.449170251793 4528.630147760927
4136.275286543758 6765.815260426664
189.0180696001065 8972.698012276502
9953.847451655218 189.04381815956995
5488.484823908007 1230.8567297529505
5660.398259951293 1785.1474844237591
1653.426945844827 235.70804238587706
2792.095232359353 9810.505711356569
6672.040221645187 5217.98082893768
4404.637378646107 8303.428850290606
1575.3521228356649 5472.233472883794
46.17542851642287 4289.6873475320845
2551.54608553086 9404.449410467221
6974.479164325219 5912.545084840673
6856.565016985617 670.6686797995842
8984.628820206886 2602.0990963656086
3481.9989473616743 2467.750962108629
668.576079874279 1181.939786176247
6777.577110693203 5851.821112070867
5445.506249055062 1156.8417978285672
7524.4230202539275 4336.896979141014
282.0036179391139 8333.405204920004
1316.55281186145 4965.657668162616
8663.61143480097 8396.26332424796
8531.93161938981 5546.259648865152
6084.440686582383 1095.6835760579343
3660.722601762255 8813.562605237032
9089.075842177746 1298.082669704015
4307.199901413192 6900.079762676706
9731.091254814324 5309.190356448948
1793.117647098028 3691.4216234982146
2205.078364103632 9600.289662188146
5964.161176256539 8392.95400352386
7364.157062400824 4351.171207344196
6537.431294134475 948.8426332634248
3852.5248596246497 6069.138414978444
2126.739231445127 8831.617350334001
1662.67540793005 1951.6069826978678
5943.824969971913 5159.8274748558715
5069.495916774409 3630.5413460602376
4097.429444200698 103.33265295668693
7098.531447011867 9470.177445025403
8398.488751706385 1100.2059184346847
6953.279890443898 2685.18136050836
628.5407488617278 2536.19738226049
5156.463559445433 7204.598491131519
9339.76660346155 2227.145245281551
8552.799361910304 4427.6508873038065
3428.911309448287 296.68370675027035
8775.865927316965 1800.6418958304582
8963.666004279992 5856.046961177061
3299.2472505538462 8489.932161751723
7038.911082475688 8269.720335720544
7772.209192543073 4334.153771591183
801.556676942663 2730.1446139385266
1982.7424380452173 5729.531095757941
9206.541214118528 4366.6333978985795
9495.88594352486 6135.382167840215
3552.8746389322696 1178.1131481652085
2782.8192728874333 9482.576221404539
397.44695860216893 3706.25367800583
1486.2958644578605 1925.925910035521
1055.6450027885855 8555.00429080336
1360.5610391121259 1102.1969127268317
3571.652199278119 3614.507852720333
5378.982288852088 2338.619647098323
7777.6329670431605 5161.819220140901
6520.193321636027 8102.491998603201
7859.83099266167 887.8009739628845
3823.634320254959 390.66445060139785
9710.939032684635 8339.031894257027
9447.946979548602 5728.401407038253
2271.9278676727295 5265.507915495445
4670.763356004925 8980.318561771714
3052.846917766624 6929.374664065602
7036.003158063732 5271.793965407486
8070.938947596933 5556.881701306805
9184.871976804732 8977.46053543242
5555.740726650042 8805.19902543699
2299.336234388298 4954.083326391699
944.6664465718668 7367.69516517531
3541.921281227266 9978.336024180746
7928.901411113762 6655.724253124286
7393.262434374761 1695.6852186751291
6608.260321748993 3871.9248284591035
5368.915298495201 8294.803208641659
5174.994683982912 9729.486398449559
7239.509791693212 4592.627023560054
5970.357323256139 3573.7920298934023
9583.410123269296 9248.385956425465
244.0658614325375 1727.2994249005624
4268.621433220913 3420.6244411938046
8495.631893663389 1505.4739942413653
290.7635000601505 3339.4499391466047
4887.849547785015 7541.04297525033
7286.5045096235135 7986.935427997034
4896.570425675949 2805.793391572942
7996.9360027711455 8361.814440916352
5097.211501604075 4033.584595542382
9972.935935262127 6650.305498436943
2787.281914146509 125.20570503499862
3894.6560352144675 2033.1084566499026
1005.5311184444604 2555.157093535846
7019.840013115249 4829.315839333006
1432.1573306945234 8802.39020217229
5480.7618097647455 2211.1889545011863
3640.840304438162 3391.4931200061515
8417.148289285866 6819.4478082982605
4222.18919240304 6257.760474901292
262.5321574631534 4266.930273294927
3409.5284426749618 4839.040258198832
4894.054850137553 6739.17608406757
11.766409595276306 4549.207272236441
6810.820742346798 7683.6981334267275
7694.428257982731 2102.5586353262847
23.481057414410643 6925.401432612701
6948.753276458407 7535.384747993395
4917.80247857824 6453.819988815503
7450.0928036058785 3710.4233728295144
6997.557793488054 4598.537219440801
4930.668658092215 6591.8524750398055
9117.147095678967 342.366166954563
5178.079343962857 5642.936347986357
581.9440549638632 117.56279264446334
5319.776100395223 1325.3875520679437
2324.4336423306777 6588.552854093368
9165.048345324354 5868.965038734013
7256.78929623746 2645.3539182922545
9049.89696755824 4231.777589837664
8855.614541054692 4115.078317858233
1366.493721122143 4486.218512222824
9052.1530713214 1544.604361303391
6757.759494246316 742.4076362653908
8581.345591936552 4815.708267221409
8818.91559846822 7160.47303905693
9085.697496665898 4324.651103075395
7071.698017907432 8604.953838964377
6474.991059246762 8991.41898541195
963.2466116936156 2059.0620876045086
9310.460346346516 4459.515426363285
1690.51147849276 3043.495041966746
4312.120462642163 4505.413763148825
7762.34753434067 2973.9384864674366
3480.525419929712 4897.471390103645
8385.296568613965 6643.357871947397
3779.3037481072956 1727.3226833999388
5995.380945738167 3829.628203358869
842.3995590111177 5582.456681396958
5557.067229125578 5406.003157919028
2750.024813081493 8836.901806588203
3611.878520075705 2271.380771763757
8559.91109009228 5807.63505766156
4482.971626326941 4919.271549398331
8985.517602239483 4557.538305675424
4528.31249675185 2528.8348450553176
3380.441230459126 4721.426483759671
7883.9219565563 3088.295208437132
8018.344524853819 7889.880803794812
8749.984908255672 250.50770923857547
5550.300329001423 5806.313208533414
5946.446202714731 8372.39366403595
4476.525508026236 6915.903177496402
5201.046390954939 4504.422093093378
487.06234128168325 3650.7397481964053
3431.5765179402515 4973.261374886011
8606.03110372276 1243.7153413291435
7145.458229556354 4640.18529086992
6216.671273437912 3834.4127113388504
4003.5880548355863 8919.763822358498
2249.4526577654283 5163.433523654901
2581.7077469775686 2207.8284973853233
7083.127406293171 9247.319699590418
411.39509236028493 1494.6503502392782
1038.6616921167547 1084.422729854223
4494.092404029932 628.7229352962187
6738.572771203487 8662.77418727433
1655.4250588190278 8948.500051587305
2059.2709870691583 5324.22382831335
8343.383242192296 7813.882537041065
5921.581975383477 5884.802112324024
772.7752914000363 9946.21137790651
8744.710185227741 819.4783278813289
6679.6811712297285 9424.968494628423
3031.4741974567496 290.18207368486816
9373.471119038684 4691.347375166809
7257.727882357983 3829.1609725067224
3260.276660431637 2973.304024154618
8006.459230998804 2085.450769652919
7560.631971705359 2173.650872648576
1117.1329524809437 4200.436574504053
1555.3293899611954 5452.217116918584
2513.4275108608094 8099.187435018353
367.36507146815865 4485.0402625474635
3327.5875938281906 1267.449647537553
5024.175068329307 9698.018804453479
1957.1991607103523 6429.887793878527
4343.191545784307 9649.399674773298
7770.264917544812 9953.362441208476
9045.076941060475 7174.93284669773
7317.043114164628 769.7431486333661
422.8234007838094 6911.476196536705
4112.183342235366 4145.951204932245
6881.230016127703 7379.287574374711
7318.279485307024 7724.634004441003
1710.100739853373 930.1941413610626
2992.029349642381 6917.076059474299
4565.834264625039 6558.282442042468
3946.777060526424 2950.652136012808
7309.903120429949 3821.703263944395
740.2837702787157 9656.333931301857
2089.0481750162116 938.6439716904182
6814.159459999223 4427.463997798627
5840.846594980328 6497.468764840426
5391.459801542124 4689.210151637882
769.6316923647739 2160.480588606385
4381.5313192127205 3688.8267767381444
4761.579360500615 3242.719012807932
8246.270832859745 8450.037653833839
9194.09774399381 5111.649166745732
2549.5369212628116 8330.571553251099
4143.489425157206 5980.561734524028
7741.534268734129 4780.079594464936
2606.1792223122716 857.9494163427192
3622.5659830859113 1616.3625599623388
6022.634161665039 7167.082140818959
4885.630392813978 421.04738650247776
3129.4250383205444 9864.454535153263
1154.915971619973 7501.549611537597
2963.70821076277 2762.7339626454304
2017.3226873786455 7274.363189938694
705.7409827232286 3203.2901582499176
8686.724982502292 1895.4226206201874
1968.8583377819657 9225.33768550391
9145.756490691187 8496.484436154122
7132.683420226252 1943.180533076876
2877.489102153119 3482.181175425183
2364.1590979667417 969.9982221356452
4629.446206405112 8000.598760850625
8082.32133042894 7416.065237506538
4044.9731449521655 9920.935470056054
8796.564991592508 7241.252363397125
9452.065190764826 5435.004910183397
484.4774776029348 7556.106634204139
9617.331294060225 7745.0435909790995
2974.1446943957903 9842.763090005094
6852.8487553023 1208.489708548558
5157.162956169899 7006.3959238961115
8506.246612098807 6781.106144586415
282.41729119473536 5669.8656461420105
1569.424783299005 8633.014939026145
7067.0159686757115 1188.6729989597457
6908.905428699356 2407.924644893057
9909.59766283417 490.2883435697647
5450.882472221474 2754.025640545428
8102.55796548599 7031.370567632964
8546.615347617555 1475.7381642940093
9613.5665584923 2918.349942503465
8698.894966998185 7938.695088382679
9743.08001465742 5551.296334651488
4847.882358883625 206.05219151303976
8763.376452290626 27.95337414346455
8494.703490619726 8792.413566215742
5505.971711645847 3984.2655712573783
3083.7582573757095 4892.368909756801
5788.1049164480255 8549.68577225029
9269.781046609924 1473.8396981184364
5555.3031876256355 7659.996295764267
2963.27094756085 8722.134999874654
8665.872048844483 8097.336755551027
1377.9826292976184 4978.822268283002
8354.478263028304 4316.579323117492
4696.750549424163 540.2172991246623
9585.828099299899 5369.148579146285
7426.9991968729255 4463.507199034286
6745.762823069832 6049.836373209895
4034.8629167552463 3874.217577468825
7415.92969507864 769.11046923536
8026.925844930537 1176.9408186735398
8339.509665624291 6592.878123862488
2291.164153364672 7041.944287084424
4109.313566640105 1393.6081516255094
1213.7548044671653 6073.484015209717
2595.885462835129 4121.175621748169
1855.9885579634815 7661.34591599781
3682.081331268521 6828.744539127399
2305.610184040813 6675.347140917447
9481.916690979207 2278.4553725457445
209.48037952886912 7383.226111207487
4895.308780456471 6703.639682576265
3449.533217413824 9255.560189273756
7086.664267794246 4618.73428031728
7941.586060719894 5167.046915836355
1274.090471960514 1445.0258760750335
4616.630540544829 911.6901208694817
8077.341889139628 159.80244771604092
8786.814594451625 9920.13782698839
4596.433295920811 178.44877791372448
303.4028274192491 8600.617252144248
7379.188176730248 243.47067757031994
2181.5825966857196 5820.6190305063665
484.8109335502326 2221.38812808142
8697.058038438992 4704.684595197689
5961.906362214658 9397.89195404907
1351.9540302258326 6144.353166544627
7233.19250525581 1113.6084022845062
2562.630857691951 1199.5303488922705
8115.484823086843 5397.271434274693
2439.588127837824 3916.2382289844677
1502.356656145758 2630.0554420790277
3609.7129453509824 6993.918547087486
2098.207948871952 6214.275197164389
2673.708057186361 206.15349391452818
7016.3045993023625 721.6075383857334
4596.611930738449 5511.879777854293
6539.674899906248 4060.453546964067
8096.902013262729 3389.8720487792334
4892.584780384246 7828.997380524676
5929.749062218262 2087.472434655421
7481.632384390331 9209.988745727236
3852.5705473941607 5195.250699830598
6739.339778211901 8515.213720566979
6016.108298550879 3242.4791700552446
3439.4398355997737 8802.080066476441
2541.8314459804624 1854.0107549806285
4151.891308649644 7861.6976005187125
7126.550408657684 2417.3513226248187
8366.976318681882 8317.278499991236
8657.695297495986 1179.42291838122
741.6716367578935 8573.646238965415
1027.8030017850615 9225.71174077483
4907.801364940805 5923.086614663489
9604.323433431771 8890.20718612559
5330.318531127645 3239.7336877451644
1140.9408745784622 1802.7300407807857
2815.3842039403366 2384.1306124517814
6309.182946337814 0.9617989620147593
7441.741543830378 691.5644100167517
484.1663304580546 4317.682585378314
9925.213218797608 1732.2220920324528
8935.907862937094 3599.4320669080757
8724.976079343038 7908.1709019476575
7157.706316497873 4221.0093575477695
5561.596295200882 391.6193188938788
5705.681995035166 1830.9331961620235
6440.635196549683 1410.866368487753
1628.633425496836 6296.181133453101
8761.967242285948 4954.8008196057635
5334.954408842117 6410.239199798148
7643.773148487856 4593.767524261129
2573.4287260306455 3086.6868194741814
6201.509477444949 1304.065197829345
6097.300427727462 8481.24941493955
5195.972019551572 9935.299647629094
536.0945857600208 3768.4577100588413
7200.909396487333 274.2672325854878
7017.2408226583275 144.74597449391945
9239.46449624352 7535.992923986429
1159.6329920926828 6038.037264735088
5700.051738813841 7552.0061680033305
9203.831583800877 8474.555022744416
266.1061428451128 3927.887794279429
2248.6996961429295 8086.811447376229
1580.4703375986974 8006.573945386446
7831.83566093658 5342.423607270918
2414.0077594053955 7600.857823267141
1421.247821441044 231.6096416696889
6219.3667881583415 7147.9815964992085
7778.291822888136 8871.924067918293
8124.6415659464865 191.16504679950296
3606.973274993152 8271.991707422872
9658.007369763825 4907.370878358039
8422.290309973101 4841.701506071427
7793.234397989741 4777.557877255764
150.37522961474315 3144.5315641859115
9267.314106836482 9435.128101831524
5615.769610116181 8858.370865041436
545.2581555274671 5230.227047957485
3776.2421524933234 3944.41055714464
2293.459336208481 1112.008500932813
1333.146044294966 2619.3841967118447
4771.832404177895 3057.928856135659
6175.377617478874 3884.631662315908
7166.2788468240715 9468.588318625669
4007.5889273281764 86.17233556908688
9556.85078625855 698.591706806887
7468.377493644693 1263.1697976553446
953.3137781269485 8208.352136463727
5061.753809245061 1887.879841632648
628.6417446731873 2698.7148446091137
9305.272673111487 8.369222603834547
2842.295970980511 6029.73225135531
9640.784998623061 8776.003021344635
6968.980954294482 8726.874456387999
5858.846620997295 6872.8984498054815
6034.886882860674 3442.409787441717
2055.403821940128 7450.242064824431
6712.262014929928 4866.648788299255
9469.444071154474 4846.580282540029
2934.485729743458 8273.191291643314
8942.88972250947 4575.884037588229
3467.641831977665 2134.2742564683494
199.0799270389565 4858.403750818008
1010.9156998283164 5056.772214494846
5653.770876560524 7313.023816331351
6696.973273829952 3666.345908606461
1052.66312675103 338.03474011775637
9224.80323096718 6006.703036481077
3872.034484772001 1177.9417185299058
2281.33385803301 4522.873545071835
3124.14803336575 1707.1351404505708
7394.4626987130505 3761.8645986168044
976.670511094333 8556.943648861015
1908.9686431964026 551.008421397331
7425.423117703268 370.8050000531848
3388.0981540968646 8603.771750243595
4152.360740800911 3692.981692634284
2417.4540670038878 5254.749233070115
2655.7535924764443 4279.459225027385
5524.133787494196 5340.012394327954
4757.126706088076 2465.36507705305
8722.899789731857 6115.944316241054
669.5864983673982 9631.44950942981
62.48915353306628 7549.1384355300415
954.7458924715779 7782.873246516234
6468.998338365313 4311.897945585893
3900.5336343716235 5786.748923090455
6169.607182619965 9382.318319030883
9119.75431915368 3910.5876037960343
3028.7352148749655 4274.897737501568
1499.343887699366 2962.005892855174
3240.0498964482217 7617.065057683968
7022.841106812515 5550.747926355215
7991.574851680832 2038.9723064584587
3443.6758107187493 4777.284184966889
7957.475888036146 9158.352341205607
4304.453051482041 9997.951872284413
6768.929787953703 3819.192531907428
4377.486694096106 224.79942407685917
977.8069585726689 1682.4303152899633
8244.420405909666 3189.0084280005735
3450.7310574830863 8768.830575451451
1437.8463759147853 2129.965254827829
5617.403112518487 7618.654145903785
5335.413020868994 2967.7548459960444
1545.9084283616487 2359.6863548961933
2826.9913653756594 1675.0615441456152
3429.0517386185547 4164.638372257045
1668.0446788314573 5385.153214691651
3739.5934933258145 9330.897626546102
6387.43072461025 1055.837804686699
4048.5892096984344 4530.048152047761
7635.43395291045 2354.978965398111
4299.861478065697 7651.5406256455435
9937.915785436793 8841.36267295649
9194.963187591935 8104.340625994627
4965.035772697236 1485.4100823643291
266.81813532728694 7442.340620081215
7628.087007235351 5107.43314408646
3206.5509603461273 9743.770559993769
6585.556574756382 1406.8346108291273
56.8518389510253 1301.7995507627788
9069.609680243246 5913.856855476408
4996.544407731153 872.9687980474865
2336.764462685207 8416.185005537556
614.8553830245252 4982.054972897333
501.6118549527049 9195.917321493962
8810.21461252093 7596.410142992863
6030.006881975929 2758.1135618770704
6747.236631718109 9859.783953579781
9748.23627641783 6640.338317163991
3666.8705133682633 3515.081060823305
1867.2502893230835 5363.321718925651
8768.526622800237 1147.463234188303
9226.118735577298 8616.055450394906
3869.320220897933 7443.6595787998995
726.4515649000491 8364.35471985233
7094.399129500876 8290.297003326976
3759.606330033427 1730.111791226765
5463.650957463171 8723.521125906953
9321.074678671777 5209.174791491245
4913.913338457965 6494.128133658934
2461.527226830156 1078.9871622700798
6032.138998903937 5326.881419249899
7741.567202144968 8692.82470105869
2573.7941699556277 829.6417696805125
6437.32504714155 1765.674308035774
7702.101331921467 2447.3896234092695
3386.605184733763 7727.495224363344
9807.558843451252 6858.1758531810465
6570.368794861133 6752.81519810964
5753.503162122293 1772.484898005704
1791.922401752536 6171.30786193849
4442.306971314938 4224.451720269746
8146.253013625552 622.2094152730829
7708.131123701108 4132.8269527864795
7364.534057835759 9536.127157010245
8715.982262237761 2161.533619767222
1573.9002118499834 1311.0063189015598
283.1483374723942 724.1158861568897
9530.170282244282 7894.711642050678
6837.922297668486 8353.334533674046
961.2761424894823 4394.895244422471
4091.8407956911806 596.610361845058
2301.727786224463 5807.519481463351
9925.505133287448 5099.977969077775
4803.532882830082 6988.604609600071
8474.3681656348 4607.659921164137
7776.556285478182 2589.481040899803
6949.708369313369 9231.327067240554
5541.391120587711 834.0233688652776
1341.3336312866086 8532.562050182398
6570.389473520497 8737.047223691341
2822.391006273739 4713.997777280271
7247.573685892334 6646.257251079876
1412.9814692510156 529.0564465039205
695.7354353494427 6835.830498760459
7258.111867389395 9397.163491379677
3199.1031510456623 4287.9312102962285
2736.8392879207395 650.7704577316331
6892.5348715944065 7769.148131048467
543.296766849064 9842.467963442261
7593.277400275013 5842.053132605196
3866.612508438567 2604.926422681878
918.9052263172337 5547.7826761785145
4845.565895444527 683.355919786024
8165.133681691668 1153.7467268605205
6585.1492830732395 449.6243658816179
5809.778716103484 6581.2691758848005
2196.0365085685985 7459.135874113991
8964.213330042772 7911.173187226519
1554.2826099878437 5426.012639062608
9611.24840481027 1711.0243394445456
2777.410227378204 4369.087163055787
5048.443707435407 835.9453085063884
774.3662753984504 620.6586935849411
598.4357605319212 1825.627818195793
9650.659218560899 891.9219147230251
3352.9429196051587 7053.355057808316
9236.31562893229 3653.431757940425
484.6898903422092 378.5713799182433
8553.1245123148 3715.9171703224847
6491.567952727127 7212.7199971402115
648.964533270987 86.2128080178648
8629.933006961448 8628.784078503439
3900.8366261609685 2925.0295849033723
8749.010819766228 4428.167101798663
4624.554485777148 2747.7395064613743
2755.965079622037 1924.249449208909
4627.873318820136 3886.3005512078453
6021.261796742819 5610.162274869363
5205.163602405339 4669.903063425712
4176.535443252424 7849.026028672257
5995.56575935989 8783.871399764263
3962.247392648509 2258.098663780773
3112.8919831363755 5830.807749797818
8050.001843339426 9553.984026230142
6004.364732094571 4244.916295674942
1094.4601217314741 284.25856123340367
6606.614203974008 6399.90487428793
1662.3817848625044 91.56817911943338
7541.182707298155 4002.8051091630923
6141.386008252564 939.459090720014
8328.111952970059 1680.5150101975053
6248.613756933459 6074.905057029329
9895.019747427868 8042.812746521599
1339.550543216016 7410.6956393952805
8020.397480811268 6445.050059749894
359.83729935446075 1481.560303727547
5773.689600459466 2175.6825246625644
5987.989097681891 4161.0931640044155
3501.044683230018 8858.248420250371
5284.507322059563 4922.26341067713
2454.456110700305 4484.361193497368
6992.956924228577 8582.481642309256
4773.335133010935 6683.734914467272
5531.154102344156 6194.911247314031
8201.393541966281 7589.211922747459
5665.690935154382 7030.905125169073
8658.034612256828 969.2188240066124
9880.59967698175 444.160119792405
7582.283104157177 8177.02531610722
2531.0365263414037 9815.377159941734
3828.6131996329973 4905.6416135661875
1015.4471950331723 746.9242138844834
1817.8581605293798 7739.132608690753
4404.749474702334 2210.197926321139
8632.71872630637 8055.588206382142
4234.650446674665 2444.087139103924
2796.2100341714845 963.9411851897528
497.2895308946612 1061.1404163527116
6582.718368931981 8646.272132155285
8260.982145506743 5038.7442062221035
1885.1680085688472 729.2005234819843
6801.912978508072 9055.824203492557
6898.12020506004 9122.409674368886
3649.2063170251377 9981.282378763644
7175.465813291613 1139.3105799847347
524.881600973428 1228.5840579462326
9982.686742601281 2654.2940088374567
6802.775233360852 5161.617989342258
5287.50513495425 2552.9888426255766
8815.59719004424 770.1494944611532
219.0529192760837 796.3802135673014
106.85617246483869 9428.89536162708
6374.532691312053 5046.605758044819
8554.476876430637 3712.4454155350218
963.6636384231134 4991.699070808328
1185.5056851294864 2958.9675463876674
3455.038353904614 9258.499618001413
6456.37744786131 4558.827924557524
9124.838047180745 7117.404655419206
6790.800447818569 1789.9662612155753
9707.191229640717 6059.588881741095
1247.3866918682031 7430.067632516073
9206.778678155051 6766.775195047293
9331.740373041053 7346.274866295843
9858.124390484361 8995.587431363136
2172.7904501101025 9796.390732986727
9202.334523232783 5462.9743569138045
6550.732831723002 4271.218096843087
4300.878530619609 5946.141556508319
594.027982606059 8365.895011918457
3217.331019752513 499.8893919675762
7355.473137772349 2388.7797768723008
7071.822765340351 8946.196624096103
3932.450959711513 9199.647416147387
8209.281009581353 3605.3560479127423
9314.033502052023 1114.6603722739012
1321.3583061885615 3614.9082806259157
3717.6951784351895 6623.7805706666095
4723.287639653665 2122.083925158842
5820.9724022065675 7136.990003705696
8410.722407023246 2137.4103896014362
1998.479948400592 8008.898221349481
4007.9511038508076 2901.5949439135056
3442.276054017057 8687.005126486793
9267.703605455872 6244.7516458663895
2873.645659660482 3987.1040874255327
6394.095037655725 1606.4859887630134
2446.946240409482 2220.004721523572
9134.079917387435 9137.312994904914
8401.244850197212 6176.961790726942
8319.120069618855 2616.329814571204
6033.0459602739675 9826.896663144316
9337.593020739723 7797.020704621449
643.495422672119 6986.706082951768
7879.802352725948 7232.527142687176
6256.015588598052 8196.648543250692
2221.272395795897 9633.664013903559
4105.412892878812 8566.011026305097
1296.344952233266 377.41963544968837
7167.071978646898 2449.9526490872427
7862.918211412014 9910.632130976817
5324.929648911284 476.6311019334035
5170.497603380812 8482.979136670318
8169.502825164635 664.4203426124906
3717.5605752991128 8895.384497744171
8872.317432949414 8152.226489448699
1920.5565153451444 3764.38443070521
3100.669836916754 7411.617848452856
815.7032670852327 179.9620150673642
1516.7240794108716 6717.685735242945
8276.055935046303 2573.798300094253
3047.5314729258753 7126.253110487536
2650.166219595704 4116.857093990522
8817.635580471351 7238.257872453199
9214.964860803973 8029.657102952991
3403.4993122614333 627.8314609925606
5384.339560926876 2815.5520905086505
899.079504591157 4968.807135772121
2226.201140998032 9616.785277567105
8174.439333276227 615.0867076541888
514.6611730716188 5645.037953910862
6664.378529370064 1673.5012163772622
9280.27552816474 4952.648559996658
7041.632097644604 4453.505456885624
3620.1299091195174 6687.628383248132
8209.269145793036 6586.247019737607
6390.878147201163 1415.0557144367658
3189.5025935545495 5076.25314140238
5331.6684364468665 8089.379906345098
9691.196157833843 3082.18628718109
3150.220171626473 7826.625020833464
2405.9338079142876 3318.816366740619
3154.1464323090563 5752.430568202487
7412.597810961733 630.5639263945084
7120.94100590435 8891.324052902728
6462.974558408232 7507.673993481505
5273.877428698203 6314.570548936123
375.99120494277383 4099.278357001474
467.3987596641582 7578.398469510788
6285.757517908036 8623.308962162677
9984.401895523773 6861.355982488776
3068.673644044827 4981.432155313665
8709.149319936083 3149.000066197237
2917.4350563471617 1857.8715640063658
6863.369337438417 1316.080562859524
4734.848611462324 1614.1904417558894
3979.4336698830634 5020.82854320035
6787.950248175027 7887.812795461986
8333.331173802873 9952.914644464947
1892.9932876685018 7960.261048229267
7671.4801757550385 5166.097013248708
8294.452980179116 9681.790825594697
2739.256953594772 978.5266468942389
3356.2756289590125 3022.310390918155
9855.437988775438 4238.137419112093
5201.172025786037 3164.172120044213
2575.5879844351625 5627.4977372712865
9513.837851388767 5460.626180078713
5348.752232493153 9121.953276472514
4866.561737809159 2554.434497416296
3995.637127741479 716.8445259799628
130.7553049413801 484.33858263473127
8822.794514606734 2104.0380727767315
1805.5267006674414 3702.7858387215674
6236.152340953688 5104.958141262491
7424.483932348621 8586.515215949545
3828.5607003927134 4356.765918067249
3594.5464958159646 1242.3116116827682
2089.85294235972 9000.277175161951
3675.611928415938 8193.438831884876
3124.248369157754 8932.673001970572
627.5059330695265 7877.962918868329
3058.750889554701 7565.002940824569
5130.72365337086 6798.384336114095
187.5265613987387 963.936527345498
7730.045376473425 6632.697709932737
5321.072231042005 2759.172521976135
6455.190000480032 7650.202139155598
4295.311504689218 5262.367812125116
8140.246128651735 9371.08813352026
5144.589457388703 9870.39947019848
2493.700498514869 1567.0278368550871
4053.857722226678 4015.230327674566
2863.459914351788 7420.706296583498
4879.17611164732 7674.596662244857
6596.343824225174 5945.422013032744
6761.9806707506405 9772.195267378935
909.0964585396588 2611.6008851326787
3161.399377345493 3672.993333688601
7268.055805196807 5535.260832576385
3490.2217273763704 1418.7474254401056
8417.182297584703 9554.175796580052
5463.960290121894 8350.757895417411
7399.2415137469625 2050.683229353334
2258.766531153571 3331.35345805627
7182.501168103459 2475.7874845262763
3622.7946836067927 4902.539517843117
2835.388520576364 2187.413196553708
4196.932490783888 409.70612652681535
5584.131719704172 2436.3665782176813
5474.649358503027 3370.2425480309184
9543.48081455837 6116.762909332079
67.03579375430535 4181.3551788459545
7428.191927626764 3243.3845753406376
8237.94248764642 638.3438388914731
1133.0269556114215 1026.6370500053345
7035.449034454489 7674.039586914923
6711.60483393242 6886.470648841275
1769.7241616117353 232.06564002953067
989.5166609005979 6779.843246109828
8073.666725575139 9251.030827360624
8814.69596181311 1811.9960136754987
331.546460172214 8363.720164362776
5778.11320733283 3260.026532884075
8872.185712536042 8104.803636724078
1130.438447285501 9857.935588043343
3997.059624731065 5172.531998099449
9575.402183585025 1475.5377423690618
9650.016190618982 6604.342662407863
8638.153774148013 169.32134027455527
3334.14170537618 2603.2578209496746
387.0000258219364 2991.549483861481
1742.6362305128916 7191.399577500752
2429.484528994478 914.5984715297584
3494.3781831706356 2868.910423722946
3308.842497814025 4760.729990441004
1351.1988809296072 4021.0133276996817
1694.4502659128125 2123.197707897
6342.7030391495955 3942.902094344133
7089.960647431452 8922.792296103002
5335.809596875062 2041.605768767255
2175.3977567615825 5464.634926553852
1760.0121827007088 1025.9208414455834
3354.5595573470723 9643.224175340443
6435.680603542666 8709.964543181053
6596.65992040249 9289.453699254836
1751.5646596063427 5432.847597527721
241.21077468582942 1561.5174272934473
7798.9792738614315 6036.425826942004
5077.735526345543 9752.31847604147
3493.9814348376694 4845.033756804394
4716.971129750222 6919.207524245707
9205.181674519778 3155.5705088316113
6037.801656504957 1337.576153103084
9953.6544136641 1373.2435389408993
324.2424793437204 938.0322973140343
9862.74277056212 2117.7456135214024
599.3710950283415 2607.593673179879
9209.38227619644 6376.581651387972
9618.180837990889 7518.528353208267
5164.896008001108 2096.72251916768
5998.908790565617 5494.188582872544
6112.038114829247 3482.711859106815
3052.4717422560475 9829.37218127426
7286.396521257436 9708.806090574897
6012.217996318254 8953.46116382535
2414.089547520104 3754.6835816271728
8571.281727069552 2857.7824840288135
2004.0191202481383 5638.706353066529
8902.409412671448 304.3433485135072
4001.777413958346 9449.677565157326
8665.197916386158 7491.293894148924
6623.621653150856 267.48541253649785
5898.267439522697 71.17564530492837
6362.76962974165 5314.981714717767
4148.971791066417 8201.214960339728
6396.591381670071 3497.892066383836
5710.821275173913 8650.625122858799
1922.1007014555792 8866.512380848364
6418.875187497863 8898.08391780478
9308.481612071502 6472.396289263033
3095.9398117779833 5623.256051060115
5379.208932920321 3595.1912172852853
2447.4831742366255 4029.433412109493
1622.6531640726748 5379.236857916616
1970.7573936546053 5030.067664162935
5678.886370353866 1546.490296454296
9273.69744812168 4490.177468643977
9061.734551872543 41.79407550497061
6091.745737681829 2434.3083336614914
5748.951207035894 4218.461187112136
7245.821097346254 415.93329208642115
1009.7109145540284 2486.5997421128973
2802.244670013617 2088.882479207066
3637.457024669363 3223.5546460123
3775.495765235403 5429.590517520995
7617.455942671378 3185.2980454814083
7857.2618374291915 5029.660175642042
1182.2500076343622 4659.549831676622
1860.318544219396 9411.43803891979
2194.5181048549166 5165.868848092035
1833.35635724449 1415.0013886264655
8845.688283813834 3634.8999156663563
132.94643000224983 9363.16528347378
3769.974750692844 8688.4253310186
1131.4184267366556 2931.810235852379
7847.333410598601 7893.810987777427
3694.5017166073526 436.04723791838774
7205.166660321323 1680.901419481443
9080.155162146088 3588.429045652869
3227.429426350058 1986.3638872683464
7490.094283432362 1693.6259975193623
741.1223701516134 3629.937001711353
5148.099233061155 9714.686194390804
3973.9795604337046 5928.992950819046
6484.2676729902005 3679.202241683852
3363.4920722286533 3122.277036610409
2771.9491466397785 2489.4101021374017
8846.235202538057 4800.633917032335
9394.186475090255 7358.449630379785
6867.793487609877 1731.996361613134
8809.054692734951 8815.719717241076
9027.406851863092 8219.851476403326
5238.375268897869 6507.461427509169
7.791373903850429 9448.861155334534
121.86154527900173 8864.408712174154
1239.412317444969 1148.264145492408
4458.820305632735 8116.547486318967
4609.818655292927 9343.140729053555
5302.125774278843 1105.7302194849983
7452.4744979044435 9965.572409372928
8874.249324244885 7880.087997268766
6035.851670965402 1662.1835073449943
2042.7114442131776 8149.899106725675
9822.377082845733 261.507289548516
7222.400906346313 342.7604198053602
2878.152522170345 54.06528397293941
3164.7831707709597 9216.622717002101
1988.1977312564193 5290.0101242886185
5549.094813929169 5772.451437387281
3268.2930254773532 5113.628009201317
6808.207780297566 7553.970741023256
363.32490846682 6530.956322734599
4201.915684724105 8330.164918285565
7683.369750681548 2946.2178651868844
8792.97612432413 3626.899692150559
1552.5741372232583 304.7357423701291
5686.3259245722165 2607.240627230253
632.2236823605454 8944.434850639962
7659.456138808423 7395.743320876268
4528.214985334289 6885.001184609557
142.01622285644254 8100.193701853387
6104.478379366294 9473.209411446585
5395.295427525937 5504.981236482328
8697.722533787586 1054.8995207430767
7697.30722068591 3693.4901605386717
4165.206669485631 6658.515730734159
9356.776934153137 1702.5971468143464
1496.0639772442419 5552.095974416936
9459.417388895794 6720.567636064699
8578.041467185987 3975.0346073710907
3392.449037219576 1310.3424856949907
1635.3347713604637 1347.9049553004186
1398.4056536671928 3673.4178682505935
7839.53963409299 2828.0806772830915
8676.836836220516 3065.213933185058
6644.554904337621 1205.8404288094182
7882.605391451512 2131.039777461953
4507.614395610601 2825.1042988734143
7262.049034026784 4152.460523710708
5832.440079679636 5464.896161800314
4123.3576604515965 5977.076895471119
206.84754301052766 932.0793551568463
3855.09321885378 6750.430858921866
2305.957269971596 1492.8720328536172
9286.860811884737 8476.953414453503
6193.493283617033 7210.093924911438
3828.7116412464006 6907.574257655145
177.4814403153413 755.0556294739907
4530.945763890149 284.8179367481829
1862.9875761171065 7327.451722696535
7973.549767801132 9071.907328441754
5593.359995509471 9943.5724150997
2724.5917716260046 1950.6108997980887
6082.774888127931 4542.600291465604
6999.470377634348 2093.2583813234564
2716.7048043475584 5112.717935079038
9107.99145487801 2997.565578461836
8733.265393487727 6353.194667186298
1293.8258558470939 5018.603921131849
8297.216790500104 265.584375931297
4650.982524427829 2140.456478444118
2339.7319386987115 3506.6137657949434
3944.5009284547305 3500.807031290801
960.8613787320929 4337.292786381436
6367.65593707877 5714.907034693537
6177.966128981753 1567.2378393688668
7535.537822479491 141.07330590766853
3852.204181764225 3020.1440940499224
1344.9515875935847 3888.070055985715
7736.497424447637 7735.80164414053
7723.1584053543 4585.432723602801
1762.2206716755306 4376.002535966872
3743.057898458518 6720.992307999927
8918.195863443212 8116.135019998176
9099.992232597855 1695.5652815113087
6374.391679847035 9681.222178100334
6525.424404071657 4652.975409508416
6864.064315234089 3124.6045555214673
1355.3278146241532 8614.276473226646
5761.897947803543 3449.4308126201413
2176.2007845433263 478.24808477109906
1782.0370792860774 1237.566026540039
6239.193274931638 4045.942291765123
6768.725200424168 9077.4812375349
9162.917182653631 2385.258743005184
6663.596172230854 3772.1446350247556
8338.086616261575 5572.229915826694
1407.493187396115 9059.88532501063
3402.213522207812 128.90365153981898
6271.015488761308 5895.651022666024
5170.16079839536 3323.4095136002097
906.821579992635 1217.0421496073213
6486.4351200261435 8906.001536170446
5278.050361523977 1558.947627257371
4607.680193395887 825.5709964864932
3541.042667276785 4882.571037887789
4928.9041724541685 8004.328608724276
7946.879353492734 2549.078944174078
134.5614450722765 6344.054823993915
4875.0773895964185 3495.0658025240486
7185.680310810656 3795.5247808457448
4224.114988327265 4356.475567199311
6946.808220421555 543.4121077901433
1557.2832378617018 2539.577967617561
7711.624798548125 9142.184840495967
9638.693157926951 4052.046837586234
4403.653699390437 8784.204680786666
2293.089140860284 4284.146067922471
9808.574933526546 3789.446616773735
8884.456348061769 7869.473689242089
2837.2258786462467 8876.959410664289
2132.2287748278545 3256.6797972636095
1523.4507532614793 2811.388940976601
5470.240793819823 8688.01286813823
5228.542904683413 7613.588690314917
8702.38570389566 8907.514524216502
1354.0953166350344 2682.551205992182
2320.280843108 6111.128509674646
6757.656417680984 1896.5866907420136
1522.0599229875709 4402.946067928219
3020.670883448339 7044.88815150208
707.7441417182595 4336.260240446211
7735.751090013096 2786.320088923427
8025.474054665687 2995.059687524395
1060.418002250958 6740.471453571151
7404.208161481171 5511.040137354698
7927.015733124626 3286.7193544060847
2432.324822689297 5913.166530742524
1503.5905146001937 1180.2500324709642
2427.8922065599086 8771.275533623404
2768.097658446833 3189.6868484446195
6095.197532245586 8222.156652359454
4388.381309295341 619.1835630366315
2273.4569840282124 7656.004267711391
4492.950525164623 6798.533407388936
457.45402249430356 1593.0874359886582
7372.647885932117 1408.0608778884218
6006.183415093937 1094.9385451203163
3670.893246468899 1850.755268290172
6254.405786414442 5431.310792868129
2200.2551690255414 8792.313799009627
4103.344337733621 5663.609895049512
9165.687281379207 460.4648710752302
5090.586821414526 307.4616219989723
8279.841428296835 4328.141887808198
2425.5805535822774 9301.524611863962
7023.447127055321 5400.786724707107
2025.9373841539064 136.61261888907927
133.82690704099477 7486.258723659418
6201.095540396106 9188.647304231445
1297.1966285951896 7546.5328402566365
303.71060533342484 2050.910243163947
7975.471237687984 3513.572891377167
1405.477973252316 8975.519334190281
2315.8842076043575 2797.467055657736
1852.9160436293034 5411.0065435479955
3171.7978308639604 2123.116448279385
3419.968834495376 3062.3293964749087
405.6667208078579 9302.474766728545
9698.112209034427 3901.5960625429925
2850.192136629289 4082.532039638557
5350.981585041641 8122.245926087189
5571.278253739339 8304.947314724735
909.3584839963587 7156.371252708237
406.492187717179 5271.43240175829
893.690761441317 4564.325082667764
6145.292294179709 4429.69434125771
1225.14257043562 857.7113638161849
1172.3786959787597 277.94573114678366
9122.500675059406 3131.3060113121182
1913.094409943944 3731.6985017446004
4981.093518504523 6756.412644852711
4999.880355143588 104.75551812767824
1091.204883908804 4327.606308821837
9721.373354147712 327.021452380214
6477.292665373962 6556.776980804056
20.805271885891983 1054.9528682132136
625.6531053861958 872.8309596576078
2077.9463069421045 4926.177513454618
1416.9967867394585 6112.368968868026
4338.91216664879 4368.00819594667
4191.732738671037 5876.1056589277
1750.7290825745924 1090.2847435703645
9549.583628665416 8877.754009177359
4912.634128861949 8676.179942009985
7221.482633613735 1926.54786118429
7873.664403061296 7530.306623833376
2150.5349420227835 61.53032039922124
5386.164321173958 9851.668464902217
6780.147541472049 8795.188335006509
1567.4216750318603 7269.697737356026
471.26711263330566 5425.967976839397
7126.720962189065 5314.830150281547
2956.9884256301993 9943.65559356709
1582.6777202475705 6990.76448247802
3791.623987834841 1178.5672068629128
225.7998647424475 2373.7642851190253
3862.6598243745248 534.9354596208689
2973.7952491152387 2385.055471642329
8207.841322028744 3900.846143533171
3722.229549523698 2665.5834929258504
1615.9674322034323 2141.516868513316
4310.707708133644 7828.090642675037
9788.799751603747 1959.6752591703869
6804.840265820728 7269.681692812661
9202.816719216453 1846.2405634898694
1436.8251299266888 1198.7460440863074
8233.375349268304 2346.4663650513994
5252.5600765486115 9563.311198206498
590.1691078213834 5931.158285131418
8280.773863630986 7163.601905531032
9661.700570366518 9389.530502225196
9869.749413841408 5389.782992489766
8977.812279473424 849.7181406211918
7729.780269437868 4746.571923621857
9673.150229145045 4284.918937659764
6174.589572051442 2609.6003817764768
570.7629933304293 6677.587107429683
8072.513713749151 7504.120554669273
303.8627098429125 6891.056301782363
7098.331701556706 4604.83998758435
3755.1110011949286 737.4243454661067
3019.1990232524313 7126.386021024023
7016.610081996138 3732.481199215925
2953.226166063411 4807.093185344452
6060.118342807722 1592.9175388817096
5806.8132128346115 3784.5170891952607
4355.828889451032 8658.005191418832
5426.939646368216 1819.2780026992473
3789.3847665320823 6107.39199276573
397.1762731104167 9044.539910809379
1400.6256550070916 5098.604216432069
4861.273520273663 7201.6374892571785
1703.895869173342 4762.3113369360435
5275.751056001984 9668.063953158398
648.5673055614516 1370.3516308074627
2572.9976816496837 492.23345416754216
2639.7601551187354 2930.9750172111458
7858.96360876825 3120.143086885453
6463.071528251267 2967.7117817984076
2474.610124585036 8532.25061460833
9443.453620199047 8302.730308778386
17.855344135708773 8104.600783050432
1717.2062938905165 8292.497259916487
8752.836083092534 8666.423106288812
4107.380221125285 7153.008725910917
7725.882196725349 5947.1358596523605
3766.715271831155 6763.81283775472
8862.679212980287 7888.894301240227
1488.5633341290938 4654.500613840542
338.671333863515 1146.515569183195
3385.0782980392723 754.2891706750665
3594.836892719271 2504.8261308272913
7493.278128281994 6924.779808695675
7513.547516233439 1914.1756710392688
2793.41922467366 5297.925465464772
8474.292353436864 5378.06416538811
4110.440627674447 5005.690884712909
4276.643625262894 4022.53390783605
1418.078285078661 2014.8502275294911
3247.8953423376565 335.17919328936887
6176.562717377607 3469.810949137205
7245.406782152475 3782.333325702778
508.65407541553554 6198.313257757501
8718.74544529147 5796.189837170858
7255.087451758384 8849.301409745647
7514.310477620634 8469.324763329076
249.3347455358208 8509.222554477075
2685.1896983840793 2202.283597404928
4512.916974808764 5582.45653450913
8211.589874217016 5020.604577311077
5496.326108024107 5223.535789868485
9242.246155478993 310.8483856313504
4976.945846438086 9673.267581088221
7234.808539611863 320.91595999368616
8774.191713159571 3477.8229219790924
8203.267500277369 9928.124264295135
8053.4100727324385 2759.311029311109
8173.071165009837 8899.231630990042
1663.9161004965385 458.30909016238763
3899.6556993721874 1149.791105832304
1692.8672418331082 1783.274106394398
4923.693730845652 6355.923799883212
8215.504561179903 7978.711002328178
5116.4415612663115 2679.802408971802
2083.6193300369255 1963.430980932066
8011.145003357634 9340.83985184346
6517.930994224707 6392.180953713736
421.5410174144385 4297.780166234668
9256.389779974348 3258.382442884337
3116.0707496907958 5402.593751485401
7059.24771241632 4282.669226871552
5646.499680578597 3045.2799025115805
3483.0676820668227 3021.368347772416
4822.212990503617 8529.384240623616
9009.668110508303 2881.0174479615757
2776.540849318442 5201.241300340511
9852.332672776027 39.47108123470766
1089.038136421704 8701.655562198126
8060.435678845347 6651.096703781611
2007.726502249253 8616.936437492066
904.9713691897787 7653.016267412407
6457.884315655758 6276.910221406324
1951.2921377335301 3991.301877036678
1229.0448862669668 2480.7262096068525
9711.699773021062 6150.487859732988
4499.444048807035 4526.988696748941
2319.355269958837 4496.714290647477
9687.238340192458 4082.939720207237
8276.301345977896 7134.268233402051
2510.3886293699893 6148.126431590482
4002.2230265723038 1727.2470243251737
5092.182797366042 4651.1883284149735
8646.897350248828 5052.514979248196
3966.95520883266 2064.1021993778486
5428.11098156984 2927.082833544281
5920.630000941221 8826.42652899384
6618.156697370232 3592.489265062332
6743.300188169704 3342.789886751144
6225.839636079295 9640.719555681522
3176.128718285991 4850.071876589368
407.2636128536955 7130.646048465791
7602.4384990183025 9546.425776033582
687.4834905602045 5670.933604004665
8362.93382757239 5032.49814044163
9186.450434345466 9934.799591838317
5967.576623162781 9335.903892875158
8216.492350658493 1323.976359773411
6931.716657236176 8573.212038797972
8854.9113920047 8313.676574997075
2481.6545377756283 1649.4133631821474
4394.09983995963 5387.311902468009
8954.892082404027 1303.0275157842364
4932.908637680158 3409.1704796751656
362.9082348368484 8275.727737403884
8796.830106823134 8785.21424116887
1289.368680918591 9418.549176560111
4960.882571775981 4826.606188729532
64.26420238324182 1142.4607478495163
8197.915835896798 6357.531518527408
7984.5416998897235 6779.278321976451
5286.380938135884 7798.333167992495
244.3807197591863 139.60031975135956
6285.439818092215 5706.931699566926
8193.33535891966 7837.65342207766
9621.615532086715 9075.95311895878
558.146981991503 9798.63358811399
3530.0122210445006 4559.943698758837
3344.1104411343413 772.3372030682807
9254.464046708765 9246.500395716468
4274.450956652251 5647.574666559887
3334.797676482957 587.1030186892145
7831.249137092495 7895.064347755213
7295.72448686347 1667.8827879472492
1229.0331723139325 3562.2091868095054
3100.702314878786 127.51786541775778
9982.227504769235 2901.359227369943
1845.438409447191 718.899547794124
4120.233542164845 7933.866088407837
1339.5341932443728 4763.165484396387
2558.991012458648 7035.441166555056
5461.092878093309 4559.146423090285
3655.4473043019866 6974.030900852794
4467.9517913043865 7188.233713474077
4551.444049332802 8739.623902704581
810.5161241926018 94.11943384671883
556.1014291001776 5976.112264336159
9415.009030024228 318.8180183958089
8520.866560821634 3858.5265179250496
4892.276727948366 340.8342325438296
4928.964073401917 1854.6740686072937
676.1129033263968 6088.28788973514
251.06906608018508 5968.405559544839
6706.401981888471 6889.26794224724
6011.598804455693 4782.44592474583
2946.2026985209322 2873.633984255356
9965.09928921347 8901.9218276426
5758.223089882466 2654.940387598861
7799.777737969173 5245.425168917371
2964.968460902433 2998.11100722582
6865.315163298288 6038.654898283597
1278.1672599284555 2617.9445184298334
8564.66538771079 7336.3805051952795
6706.915517371433 4255.484514938807
1254.6318509368625 3431.6761042199128
4540.299351868872 2743.7403333432276
4767.583720241674 1607.073839283788
549.0908518875037 1901.199092645024
996.7592540151171 6340.494159330499
9162.435895014693 9781.023220600178
2380.1749060772336 3299.5075044990986
7549.2840335705005 55.776161658952496
1573.2424992778604 1240.6864582369549
6770.635403435909 7131.980502116701
1117.7712922848216 4276.515741523705
2467.512157263859 3965.756412160567
1495.113602249276 7880.52435141234
7910.882812008822 4490.248364503592
9593.784840985873 9472.006664715105
1663.6060422304922 7067.4992132639245
7326.973576139268 8454.911760212475
590.7784429830565 1441.8809512998644
1902.9312957160128 1181.1706707577218
6503.7061802197095 9299.150346094684
5081.310431549272 3466.9435695018083
1334.0446322931398 7724.644619896004
8641.098712408311 7010.969047525584
1408.481282733194 5606.090783976064
7240.871812077447 6347.3987664608
6130.660797906522 5340.950552907822
7869.6740523312355 9811.21002176531
175.88529480321523 6085.180473168534
7166.899425270375 1402.4812452520098
1165.4437302173903 219.73671584040622
4032.141124530998 406.5318894256009
6711.261329268577 1713.107826605954
5151.041853352813 2160.1198933705555
5707.879192912397 3622.6137664132616
5330.760967406633 6449.599051632473
8797.607420285998 2104.158809567671
2868.7562559438993 9685.140953861961
2046.0240730092294 5989.584193752632
2571.1468393804003 3215.827396386787
6038.815455788853 4242.715510165434
5492.01160038367 2933.6245027504547
9847.286733116069 8419.651453490433
4982.549006111183 4659.950883953583
5608.69677202066 3635.8021714039332
3219.1057945233692 5716.758408389783
4828.899663712267 9481.62711037711
1021.6585884870577 5554.741380177232
1938.605844361061 1830.98447987451
6479.410773213774 7344.501984608619
4120.898421491777 7550.452530930424
4667.745584338877 8032.19307415126
8976.476228123916 6744.938970253769
1570.8553056418195 6519.370841717495
3204.4159596806885 1364.3445533377774
216.94114767491834 8347.487175261353
6150.078171888499 4748.004524648515
5987.961437394841 550.657903964139
1808.1083480271466 3998.0793674541437
1083.4790148610296 2186.046065362037
1667.3139196885834 5950.026343953636
5198.242620769223 4459.399489800953
8645.522702008544 7947.726490804754
615.7063850637235 9333.990738460381
9286.361689242309 6632.807723025614
5124.781309847922 7044.402541138609
7376.218923111736 1522.1452107894884
5434.678920863257 1032.315099509755
7188.479797693464 5274.480826402166
7092.794297381038 3479.6436115829965
8673.460465573684 9236.556645596824
4303.150101848315 5835.087601925756
86.2849767851226 1111.1065064584568
4497.9997701978255 6513.351303987004
5781.28357076993 1403.5035705068633
8032.770118640009 2291.9944659795656
8200.317019488515 6680.821885816806
2954.599054050102 839.0879082149427
3443.759365074428 616.5097464809788
8437.302975534847 9275.534883175045
9236.70134131648 8295.84120104615
8180.68531098187 7709.138129654984
2589.261317116207 5321.75186629308
6839.679298894404 7273.183715363543
1998.7239080243646 887.6272138578745
8378.891042538053 9360.52237301099
5652.549544529914 3173.0589098380856
5140.692401884244 6464.831721173688
2765.128697317399 6170.5433807000645
370.0870344361895 5323.942099380046
9917.484540631542 9365.545094832649
4957.153836091111 9905.816359818533
8067.951028680337 5569.3005851838825
1237.9473527287932 5185.974348618065
8763.185014866074 7643.19769654884
2837.318439312566 2635.856408607006
2.700877756076636 1855.5094438080212
9742.187886179612 4874.824658633306
3196.4381706273502 4175.723613115835
2061.39294937969 34.20202861170285
2703.7067526742676 5938.652808978771
4258.297589735672 6039.952567883731
8553.179722000146 6999.973938373581
4034.9403539754026 1241.313142290933
1117.4322370998402 7756.787915169745
6501.56925326607 595.8815404212625
3751.852196542167 6221.253771574738
4782.991587617438 5967.379769173848
5706.579726210162 2712.2945058523483
2793.245597688142 5000.505339090505
2981.4562179527347 2669.8349612969273
4552.67801236722 5507.993085587218
9217.793385864998 7597.977865500359
7126.590875413247 1338.2055919514014
2207.106370483939 5207.979385390659
1032.1968149743022 1287.2851013636155
4145.770869288923 2458.841678689427
2790.703553715347 4778.089373783731
5375.905668388737 9382.787856621728
9193.922831523458 6748.845794015401
2026.6015584774655 7334.841801263216
1809.879885425616 9477.66281434166
7705.947922581824 2620.1876947572587
3269.4766226140646 914.7292603207479
8193.138703978244 5329.934300965064
3956.340294771772 7502.251566872963
5941.263443418061 3655.368913853666
8864.564768830487 4432.866293973783
8125.221516624826 5952.729523059159
9594.135460816915 7830.4804977866515
7955.520724525542 6394.985418256898
5721.401687992449 1433.1898083444817
4027.55749060103 5174.065910869129
3112.0391834391794 5016.125144617193
6587.293213604586 906.4283993584111
4136.528273391855 3012.7910345410346
2768.079595803056 1146.814517194158
6203.243945731514 9576.648867790938
5089.7080619606795 6729.490189262463
541.8382191269754 670.4149254770731
8809.58779931332 7033.227414989904
2749.6709516286724 4678.735337616532
4077.286033188462 6205.726582971962
256.6235319443355 510.6093433752035
8267.490969563696 4885.143849000781
9568.706454821393 6191.133187731355
2352.786855071555 8020.832383475614
7918.45523659986 1537.8405592285915
2726.4588465194374 7022.36279187667
9780.178020410005 5675.119570699339
6496.871802818559 3655.342130151319
8600.708017434772 3860.885841855911
3948.798268816346 3854.499993291597
8051.380970735511 8382.9007135909
6603.395935054858 1938.9690512350178
5124.5433875675035 5127.818719809449
3107.3649058043875 9591.636471963906
9477.971562566829 834.25911496676
8043.142739266025 9403.893530217694
9573.162885111904 6011.895533103328
675.8237168548332 9789.07467645029
6358.534390367398 5041.758999091313
1638.814576687967 6632.313754390678
9516.145664305623 8068.659379562252
5609.071844575746 7171.514107490623
9620.640786337266 8954.824958709483
7134.08877761315 3293.5730391516504
1951.679373255738 9784.571488368078
4946.632619438692 4681.956443794046
4156.208468668685 5193.0059237534
7339.555682834488 7066.17373957665
474.50159191191443 9137.484113947832
7471.838629292467 7200.656508897415
9823.974961880393 2638.733650365791
2838.3470665859145 4139.992168364669
3677.359455375475 3489.2655043211275
7559.610817633168 5879.428748457542
2376.8983934298626 7959.893902576665
9634.270417137359 1494.0046551775865
5293.803916590821 130.892899695767
7845.650446519306 1536.623543951563
1072.2978179396769 6632.517211340227
4625.261608222488 3644.841029127144
9090.128583207548 3300.3207626681765
1849.8533466929068 6058.083404675919
2222.5436184992677 5533.905669635061
6284.965253475001 9061.473945798189
4014.266974956486 5993.443250555539
186.7624712314031 3249.394034570495
444.1148302439468 1676.5058520841658
435.2587788247653 3941.359222972811
7609.460147984789 7388.456715605953
6495.866163634512 3084.743072473265
1862.83058291122 4152.842306141118
3492.531814709541 3543.338959205843
8200.507861941021 9203.941169107658
1724.5595722812423 5797.6951693384635
6033.072582082067 8861.821926816385
8070.531355118125 3772.6195446783195
8860.413969656696 6810.9671656959235
7896.57997492245 4759.2001498313475
5828.808433510451 8086.724183530682
8322.589128198086 8213.137307054854
8665.241216871942 3419.5457772799386
4998.72621808093 9588.145380524165
7064.230271557104 9495.187287551988
4906.038570705828 8302.624423312138
9244.985610311138 8159.7304225682865
7118.678175925093 3439.763802194179
2101.8181236018154 1631.5047470624754
1951.6389686192892 6845.68821279358
7138.284721992321 1377.6853158889035
6466.728445144932 917.2109091167247
4205.644781130301 5471.543366887437
920.8160188361414 7560.213983765693
4958.769566535546 2967.0320579969266
6414.23435728674 5551.62384648769
1897.7315348640257 4110.596022345384
8733.532127446846 5852.408199515713
6880.877623103682 2055.7866738747334
7181.610348184888 8295.973301165206
5075.267446809736 5154.481977884932
49.59979732477859 8515.788187458367
6452.9335840027725 8869.200333851122
308.66496615103546 978.0235175332718
7146.506508486107 2884.206813368949
6086.24896183118 2549.4386590641407
7245.313836953517 2088.816137549734
540.1018880068165 1157.7096980668266
9943.153495559087 9764.492269979977
4854.76273496423 5790.83969945505
9341.50744704289 7528.053632371741
6258.993173428094 7334.247598860324
667.051303521412 9366.494262589316
198.9916151861204 4558.585376893164
7179.883759408793 6444.6342655867775
2101.03913479783 5948.2865913561
2628.98377839754 5275.014974721208
9518.562326891 6000.300387722707
6753.981698346747 4310.160857347427
9882.425809750475 4124.420329982332
4037.4033253366115 3050.526463390657
2559.588580032811 5341.07098126457
2679.1314054321456 3357.161685998066
6474.096276250085 4599.364732314941
1594.89991677787 4816.314595672754
6155.702092544268 727.7000389156318
8133.221280690316 4723.913986626886
9755.241954507681 1781.1186780719545
8160.219814475676 8541.05917966011
2302.211677606669 864.1002422717503
3179.4236771111364 8517.358422807398
6278.832743283247 384.4178041069324
6233.650552562756 6587.159931230148
9446.205387640484 3133.137663218425
9478.690449895294 2614.414489600827
6781.994891592737 587.7953860996454
1523.580719456239 595.1230216917447
9375.407018849315 2400.2371031047655
1899.8315362231199 3522.015485817277
8174.049865430016 6157.562248732554
3352.051011279286 2274.3189653200848
4588.600701588453 3194.0645686828275
34.989778589864514 5116.168915787771
3135.0269103202 4484.016640313215
1157.105020097089 2170.425474262111
3530.435699954523 459.59500817828734
5128.3230068299545 3580.3586489650143
957.4617497504934 9975.200856508569
8849.75585711102 979.8668593853077
3573.421197059692 6578.881812761612
425.70696440314083 9363.601030598531
5764.294641835596 4753.511004297052
1283.3784897199807 481.5639770812441
4129.929671392055 4854.8389635005005
5453.27091362895 9478.465236831724
735.678073595405 3100.4785534496536
9593.342476982467 3656.305033997873
4777.01454290638 2153.3473371737746
7232.579132913295 5959.373718250999
9477.509475870485 8595.031482256167
4664.694758870946 6064.051473229476
5776.858831601627 5899.000595881649
3940.270215159476 8801.492652705489
8164.499312758817 5390.550014023248
485.7084504507858 3049.4923086762706
875.6672872578087 3119.798523048063
9019.967603924862 4200.524749654602
4590.5882149657455 7576.02929591473
1645.1078179159517 9846.154947120665
4763.810760967344 1736.1059874648288
6254.27096683548 1413.7203618322546
2759.525075572605 3066.6599188414534
1730.7814388060194 4149.3913036560525
80.04086506892327 6789.184876432637
8804.646238662326 4062.4138075611695
4148.418362005604 969.1412376742625
1887.79886423732 3228.546281439599
1342.5827235435718 6804.615018980305
7727.02058081044 4196.403616220883
9277.074425355582 3867.0371238887437
1293.5403267811519 148.62451567852818
5689.920059684808 7985.914941990175
7970.900909188337 9940.483376685475
5715.933645219927 8971.489184421163
3807.7536942348256 6171.765954594218
2814.0869051077143 6433.674382391743
2369.8217156682367 43.44003858948731
1165.4182657230904 4582.599090500929
7555.350373586811 8908.844165616845
8969.273843915313 1085.5142411287854
6630.942399726615 1149.830891092205
2739.503580450805 806.7911014313212
6699.753545857901 8291.498610107174
2438.5671739063687 2572.1816552311416
831.599611958066 6114.8491399588365
6086.3253533789975 5975.470524903146
7164.6097655674175 4934.914253317542
341.62837710240535 5685.097289306744
5430.631622302393 4182.594895564188
478.6356550731574 2710.285995063405
561.6784230934535 7961.661019487376
9166.129673774829 5650.663938395334
2302.2846105204244 6348.062163189629
8506.919926733302 80.31376861522888
3082.7095821355265 1856.905192186583
3905.7549148950743 906.6509357962693
3800.516327136566 1723.1521662138416
1507.9885689474327 796.4706535724608
8613.123274938347 4425.304152215042
3187.5838968686976 7575.966661561526
5361.505308750046 3227.028585457129
4361.85251496732 4888.472504346434
7825.305014315997 419.9009490141059
271.66585170341875 3333.1304415166164
9652.182660554801 3421.127503971375
5789.699736154033 3809.648697584459
7509.325017199777 7913.325255020955
2305.599078884952 858.7569520644123
2772.5955585454076 3809.1304134722727
2785.7819158896345 1414.9258716530378
6898.900294591586 6981.618912555252
2716.9279110344755 3577.3679224074785
5519.916578522612 3422.2177655716623
316.02399277146145 757.2926107840439
250.40464395447492 2770.994485314061
4126.169732790616 8873.838065461987
5221.912251206775 5009.912392582089
9916.171695344154 8148.058133259461
7432.746369474496 7517.841969326477
1663.2842135653025 6483.794424941399
6147.679362637342 9656.826034220476
3322.2853733432835 8426.21793125162
6785.919734800976 8592.293491054212
9070.396952075722 2253.2764424119846
9003.467689078896 3145.6229888488087
9766.397259362466 7882.2380060842215
7006.048707100636 2135.662563099906
2473.591257923611 9962.972579037132
