3333
1816.623337148685 7867.869584920955
5721.195520970806 1140.1312651377527
7466.6955068588795 516.353826674677
9159.695301823745 8209.341988339256
8477.734606460072 5907.387307448024
8417.802986999264 1567.9617457437678
6924.202668753948 3198.2463775149104
2369.589992263409 4797.440410651234
1116.0258095485099 3957.730820160066
1346.4619009799783 3615.229799972558
7494.153834920381 5712.605421403538
5277.155419388766 841.3284683794764
3342.7070127591883 1689.4239701598424
2523.622497480175 5902.643876506794
2793.595017478717 5001.552560248207
5174.822948882855 4668.940372482485
6499.89331005424 72.22707441956966
8367.094560394076 111.39672458550187
3567.148969299403 1437.9888964074194
8318.902572876159 6784.5671657998555
2857.1776358066504 242.8675088358112
6199.414319225314 2454.8082201342504
9616.805171195907 1712.1850160048014
2694.487205016397 8332.991631159173
2534.4011271890245 2685.8809478614567
1190.2965800407794 5316.595943182149
5789.93453864672 6894.764662414995
5863.970632772616 7406.033343095065
439.6809360210263 7079.126027708692
4652.238966565795 5032.331706765716
9564.595546564817 7277.6407937222075
6063.249671854403 418.060368373373
2011.7594505056813 5655.5337532537
3103.335647400184 4290.6512154693455
271.1946335841431 8094.468566658241
7209.668438892931 8277.035035614072
9055.738924537667 5432.65524120086
11.3663072380632 130.77602237793417
2489.5578241211592 2722.178634686836
985.7673151434121 9577.65452603683
9461.260185101584 7161.569194142981
4633.223176994761 1012.9129509346069
8660.48350773254 2465.150161840539
1662.901744418822 5543.147223617712
7092.191427100064 1346.7130706043984
4863.735994765006 8938.088883880419
8450.832792486426 4523.589249656893
1828.7900852532334 3942.2901215350994
636.8873307516643 4188.19867515118
3507.9589791145117 5093.990481611521
4911.224168118675 2247.6740414653327
9683.05588402203 1708.2082976990953
2708.084287380963 8798.176357172704
9890.983337413563 3.364571462284305
9965.392099441175 4279.027656517418
1064.8250556160276 8485.517956446443
2981.488764991157 9542.809361982734
1219.3349948722098 1651.5452684770016
4270.273380047211 1681.0843160311028
1876.4414757516556 5832.378892072582
1662.1264620867316 9861.420511187467
608.0239727120907 7569.670051183781
8985.883176460953 4659.908100008138
9067.363483170942 9304.014518521573
2067.5118888396937 6414.375214660288
1187.3032384893356 9350.146308079075
9494.045263328308 2977.0296223895066
842.302933168344 3144.2647993649407
3616.703118340535 4911.2611284255645
8203.20382953262 570.9313979003327
3605.0347290116733 6655.861180995084
9257.67056729686 9811.734618232658
9014.30037845191 5470.92972738991
3525.9062331791692 1605.1888569823125
9291.20055791235 6083.253211120804
870.3892661846446 9067.09882600802
1918.455983721028 7864.958542601323
9480.010428930264 7292.8835732571115
9486.626592400486 3107.7550579311396
3603.1375347042595 3848.1267284670616
3881.9540543513376 9496.101641654608
1410.7694190863963 5950.876250513479
3991.8964180311955 7236.143269049203
490.08739412899183 2658.9895603542045
1855.4240199165995 1463.2846432319113
900.3460452804457 698.083335236731
1023.021792513834 3529.7769207093943
3467.1958267687255 700.4112508832494
41.751495718552746 564.7134090186922
4048.1567998819346 6572.261463046129
3443.6000876072203 1302.3469786709995
2871.1174494926463 4467.228783370178
2390.746878686779 7590.652629478125
1729.3651864055248 9414.982373533632
7219.260438913634 5220.578089670591
810.7946559048629 7039.919846283686
4523.135176216153 4757.441584079162
1245.5875183329913 5001.355338864109
2133.4634021921106 2909.447196908417
9075.792382039586 3796.664301937337
6372.930916613379 7634.307837315379
1281.8725928947129 9391.066705725434
7303.715822820613 5663.481920200788
4745.439621300586 772.4993307776195
9337.258152775099 9414.539818116324
4584.017756690901 3977.2929254362753
6537.261768219901 1365.7003375788445
9162.837020401974 392.13306385825985
4222.678588205236 7882.583737854282
5270.285705425024 1210.0540640968027
1065.3151786763958 1215.7538423669935
8437.79633281952 1802.9764869492749
8777.094169987548 7928.624974984311
191.58177791485653 9470.566179246893
9694.893968789755 4368.83851231751
6142.772775143069 5534.958652388533
6096.278609653356 4962.2175188753035
6254.1572042406715 8073.158288318341
8917.319968383754 7086.93346108495
1365.8534551360724 4713.686099711399
7694.110360542349 7076.524506596359
8118.89784467859 5871.316115141766
8012.445701704928 5503.932726203926
7784.862693375385 7553.509360497848
7525.559947974484 6314.730092454962
3191.2630597147727 9444.412304824444
6687.671127148816 3606.229983417791
1926.6503130037627 8357.06065222229
5751.501722139289 1890.1881427428557
3315.936110433565 9341.689689102304
5290.814391076325 530.3197357953327
1275.6202176953434 6747.820793668091
3534.4077728979773 711.8677719686673
5090.249910011456 5360.056174895226
135.89502409432131 3778.9794083836305
5395.566896988464 7362.284140557842
2653.9886374808398 3066.65994643448
3210.4481099996474 4332.257614651455
8980.897880193834 7457.590110875526
5728.879339754461 4728.278903409065
6231.842638094665 3810.1065870457396
3764.8476518070406 6401.9867096696435
4196.573490405202 7132.164745870781
2237.175152079449 556.006952400634
9354.176915800717 1917.1149816013467
6887.96030837488 8262.495571583046
3665.344397962259 5410.63995861068
7547.428607158633 3168.3675493112205
881.6611781141559 3744.2197580172156
689.6425502045133 4335.2696206652945
1949.374264221947 4848.998892131601
1767.6538588582337 1297.1235233795253
235.47953636542275 7854.956346317224
873.3282059914383 9365.328136462354
6766.86581055859 7283.784596478614
3636.206674015564 6971.477087862469
5448.639289606089 1759.9060201764705
2957.4142206025867 8409.713982287465
8315.646993182423 1192.568597232996
6168.765989638126 4725.612845565619
1271.6022546171246 3422.97696739139
6513.855247248737 2695.733572252683
1483.112891711924 1183.9346955121555
7467.060214694191 6851.775552651036
8621.299212435617 2885.4828956719834
3338.034470862542 2325.5099749029196
3481.5789086534364 6218.543175248119
9853.397421987387 6925.441157572322
9162.590612266284 1859.5822075203816
3963.971689446295 9303.413425875706
1948.1140272163366 5662.83526638563
2995.065169371578 6329.14413958787
1311.2371579318783 1642.639772131631
9438.928525313539 6862.928194844877
1047.9136734249394 4776.943561346685
9182.660213385678 1001.5274868117385
6447.4397669443315 2204.0748496215933
7771.478424005346 3569.5228358862387
5620.274298938674 3738.3668177922145
1426.410650815032 8138.172005259624
6629.015135053926 7796.255481884284
6967.098854113785 3176.081797947895
5906.2342224307295 6802.975813603232
7534.556041171207 5070.7716713784
7593.266768887389 6941.00461901708
9065.351503148266 3707.464604999483
7896.940089221862 704.9092086527975
5837.842904696233 5051.216413382479
3336.6145157825376 7143.277923087114
2092.711831484982 1750.751849141664
6841.806094722784 3896.925110715624
724.2036075747227 7167.1440419964365
1061.0459552032537 7183.577847625009
9345.10997973903 427.74398273269344
3955.5233197250727 732.7675236041121
8647.675656430887 115.52428054910746
7776.451414243699 2340.66505220636
7914.246850291046 2026.2731213889251
8862.984907483695 7193.1137474066645
7775.628594230006 2060.8387756869606
2347.905599076535 396.13078193166285
871.7463897324351 8766.888852027048
2821.189869554912 7256.661536388033
6938.359170445868 1304.4159408326238
9276.95633825536 8772.3904516012
25.207371420414848 7681.485633879708
257.1849173391827 1517.9215628869035
2045.1153465970062 4991.488909498919
3005.9881235918915 5655.665268145268
8660.218163598538 8080.428986856217
8661.110459054076 2153.2764514620826
630.6150999254545 5582.531948811412
4034.714760536209 455.50922537979767
6182.394727535854 2584.745447476783
9373.410978650665 836.8678338031532
7696.120958849897 7315.444727936917
637.872613576701 1452.4473360722989
9073.504958611362 5199.9402667803015
4305.273030672023 8707.876786476285
8509.131241077945 7385.141952439326
2473.1701741983557 985.2878743120052
5075.7452027323725 2408.000305347765
6131.353377247232 9990.75634530626
6525.75347286354 9067.11351242928
4868.559550957327 1029.667117094344
18.224684938616953 5754.151091730305
1993.8587875860137 3369.982427040874
7099.82028974201 6511.516306313535
5077.891793192346 4519.395840118761
9199.728227434889 6904.925871952948
3257.0430809054396 7720.882969685858
142.81054051391573 3434.3622174582756
4294.018146158033 262.162405925499
7741.813664456334 8654.110177459303
6351.179431380929 1298.108269395205
7398.640141641182 432.36064885743053
1708.4010117457904 1801.1608798065192
6826.308743273689 7853.1263701849475
2245.0732925355965 5983.3064231243925
2497.3816040305364 8147.983743904728
9406.295594990286 3074.204301528374
5231.270549759349 8742.41744529382
4586.178504514304 693.5645452513983
4451.97819497806 6011.311580773435
9386.564743928482 6221.884768273871
8079.469789129954 7660.396114887296
9047.378439883618 552.1795928671702
7762.012774836979 8785.223754869012
6495.191017747262 9396.345150706136
7213.4602035715425 2606.5180806912304
8919.493633816912 923.3205855275651
4788.59585557215 5640.496648515377
3561.547373199537 4922.222830963199
111.29985320553648 3635.0446994667905
4488.580660032271 7912.145234604551
8564.433293292457 8987.371833764511
7526.488641579722 661.3293159112188
6756.981934398383 2556.057599934818
6237.082729766952 9431.931948464791
6703.137789395483 2790.1552800191675
7851.327644930063 9932.626636005143
6379.641787367312 2920.2842709776933
4407.895508557342 3439.793283351481
9571.845879014414 2591.4133338990373
996.7561121119428 7839.066245730053
8475.5997787418 3764.301575750968
9970.4112358114 2442.5284534362877
8391.202718756374 1972.323280394974
7260.776851116863 4352.848132222319
5027.304252341595 3092.678074113887
4527.601587204481 5874.181342446262
1426.7782150673047 2675.746017363576
8764.704283513183 7010.666816619322
3333.235202406395 9573.615476994348
9203.203482472574 4446.865430128705
8935.975985648722 8118.579173947367
9876.300616967163 8570.505754532947
1362.8347251831374 3424.6546599515636
5048.071333371954 3076.416488023418
34.49757767435169 2519.956491339319
3859.108710542133 7481.540040167277
50.521699356378406 9965.008273185547
4.754793478639607 1484.4381085897762
7146.425893923625 371.8532120872997
2037.0419796743665 1518.7146574227484
9442.85757079158 1811.0806813908675
9969.367069218571 4078.3006986406645
6201.9879408999905 3478.661582723621
4263.296344337198 7433.554978757523
8112.923299779963 8191.739282360571
3989.8071006328773 3210.657138485562
3247.062116649766 5292.299121641727
1982.6473240067855 1972.7783197703009
7755.971142505108 2359.899204336451
6139.395828391712 2420.0381964264075
628.4897798204481 4769.41070226715
7676.190949947534 2116.263473792708
7380.413783611576 576.9850584824765
9104.988141927526 8754.087994282092
8419.256094156768 4477.22851905506
6977.595398226735 4885.943383671003
4008.21098982282 8646.82913877439
7028.629591392162 5777.005817334888
9247.60145459536 174.651358890614
2249.923727609907 9577.18525110005
9298.720548319608 4475.572353385487
7641.810145082865 1362.7519566714318
7194.124689360217 1595.1067238837456
8912.088739787765 7764.215566591256
4010.0720952043125 7634.127503378996
6231.387278791282 6875.58514391027
3920.9443361087883 6657.757004617196
8304.006232044983 8931.157266163858
4712.1285861055185 9399.769628165155
6476.234031481815 6839.489489806035
7696.975833769647 3833.612579287196
3379.5060951997025 2080.239552579325
9665.096621951529 9253.413704085655
5693.67812977146 698.0576671583483
3483.3902575693232 9893.116688580049
6016.064472185955 6168.743191365691
3277.8489663568666 6309.14434107775
4534.794297622682 766.3877279749187
4743.316685720141 2761.7593737886205
7230.420080892436 4726.241744945765
1060.0220322723253 6652.557540263252
3667.6093717162885 2976.562157962047
139.84972744737644 1710.2891278080644
4089.136501019456 2503.706994039906
9481.94876861621 64.48057302506416
2487.2874798164726 9518.26707983267
786.4248223681791 9606.079621020592
9603.174199119792 4506.033123698602
7656.493077298584 2106.6280327597033
7392.354232042764 4976.1152166161555
6213.625001568956 4452.217245982206
4395.5325269633295 259.5490407226464
256.8437326645845 45.7606414090761
9666.022637506849 65.2353693373442
9716.480751818199 9940.870940740513
1431.0258399202269 8666.077199622267
3584.335200367308 3592.906426581918
5501.685135152875 9566.69298882456
6246.324661604669 7247.5059368772145
7597.256727217358 1295.103311983966
9200.353402202141 3934.208243664936
3211.633482683698 3564.29930610184
8511.265098141143 2792.505648819209
8425.847446024685 4465.619116192571
2036.3913652214417 7029.960164460498
5158.066943603976 3584.3769538863858
9449.340370506212 9196.762828971274
4742.992774743729 2969.1990806043523
2396.3185386085097 9658.39424805932
4445.455061116749 7740.041257280008
1738.4156164075891 9157.802193557482
2538.395451960633 785.8771659264163
3764.9208935201127 9180.780886037232
8913.313894282446 1481.5607303330346
7506.88602840776 4473.000337590105
9841.650471174005 6644.382657253107
836.7820713816299 504.405355271581
7468.460887589914 3054.358862295875
3909.2479865432083 4936.4592578944985
6895.136194010374 4778.298434799779
4679.560535175717 6219.983397937325
6295.809111993529 5266.220804742513
2730.6005955909527 4336.102506358357
8412.476689392302 3729.704940615629
4445.731126563393 8390.075556251906
4986.764036909222 7665.265627770832
4684.140460512321 3277.552154978991
9211.639296342293 8551.873582844972
7546.849038116518 2965.0680734180037
5124.286029915111 5730.24857602787
1565.7124218451156 1061.3510500228595
7011.726527975282 4262.567842929657
2704.4022938205326 303.2782256880839
6363.679582981144 6174.754365293968
1929.4782650102493 1340.0920386438863
8682.529220089289 899.5185840368136
2791.3129077948397 7771.746458076009
7548.172685490917 9966.845428833269
8448.765901786566 8782.01708065285
8735.898775308346 3029.6356259007493
6878.149461628449 2904.2833959350546
2898.350099594853 7165.724738634201
7626.162453530239 6467.6477052669825
1348.0036925536942 9063.515006311614
3398.115666120751 8093.326430829555
5814.4988172573085 176.98046350867247
5016.9114247125 6246.012631258497
9701.53337369802 8226.808390282184
8844.873997040604 292.17566655309724
5330.934446425816 4527.970077516868
1629.680451090112 6777.029316465383
8936.909852324536 5540.0147176776745
8917.269790257456 1704.1644452611072
2761.3647940282103 8764.910063099263
9668.757203379133 6486.6075647631915
1501.5708089747127 7658.257048567017
1525.0170465260326 9935.335208146218
8574.35738156915 7573.230834039528
8281.740154263822 1161.035011199193
6186.387125509678 4922.607453795348
3569.409319621585 8587.17553809526
2037.9727489671961 4722.761309006377
2476.7840992911883 8407.20628039412
4638.275437242642 7474.521941460676
5913.115522496899 1765.9813389601263
8672.622906329156 4939.306262570929
873.4645317798518 3705.2604817902666
1638.0705000893192 5784.949235369924
3453.127675942551 8485.409374956167
3051.2223772383372 6304.175892558654
451.32232691563746 5280.188166298884
7932.718948980777 8449.67323548896
9710.918720788077 5438.778450722355
6985.689628631479 7283.232742289185
8960.1509725174 7518.969800222478
6910.8559120244 2602.4551371301973
7853.875704492 9117.687192503907
5638.86595831196 4987.01847130116
8156.091154406804 5159.810531789406
8910.828813372244 4797.534070316875
2562.069368884832 753.5042092187505
6600.908815610198 3763.5209192495745
3527.5914320926427 2980.0302514383316
9450.229456753439 2713.0529066198596
9654.423438256203 58.30075453688855
9469.22878690723 5725.146117241182
8675.301228313767 8209.17468976544
165.99775405441997 526.9666792957784
2888.3456031257383 6241.780551146947
5971.025209875594 7311.457404928981
5009.95613474988 5393.908267905482
3754.15871244429 3317.0007855629615
9846.883722406254 7280.775929763495
3167.4903187057726 8489.241464753912
9932.318702706234 5941.252134579588
6698.256416958135 8336.219471582033
1327.4672276420995 917.8679987874716
4778.739193852316 3691.469168601862
9159.238669889208 7066.728775133148
6075.54580247174 3515.7658830189775
1146.2994126996284 3365.696346388798
8168.528936562759 6096.707248468037
1359.8922903059308 7373.976701302528
9230.007367590797 6046.33887562329
5772.46185919131 4193.519939731233
7027.833058902764 9350.549058925779
5766.265686980365 8792.396979562938
7601.2436127313285 6389.967049135163
5705.79139109824 8372.590476277624
2296.327878523878 3330.62349772995
5921.943310129373 7099.395777348476
8498.323770524736 5573.641995204679
3012.596247796394 8956.902608610415
6360.858920544082 3056.745062439752
5233.265898950531 5753.782375316679
1107.6350892835162 6116.378002665284
1933.2703043294719 6375.882223199766
8069.945382386229 2347.7686542452516
2486.917018008419 266.88734648924407
5523.808057224972 9441.251940700065
1975.8689733956148 2815.5756299322097
8603.388801299405 6326.710989295397
7998.004727039581 2837.9644482605936
6092.773157636654 5123.995704143714
5409.710907803072 2664.9027054773665
736.0453960186242 9375.70081310147
3552.697976703465 9480.435936216925
2856.014978058976 9829.69620805739
3573.0648910311747 2503.5352826837143
6534.827551735618 7642.320895900873
1809.4801912802538 4365.54387718195
7385.085361488055 6289.168833814276
8908.987748285203 6607.9644996331635
1027.9931002722865 7698.90407906098
3323.0862618596148 8609.974397495165
1795.4364307851977 5166.5674349658475
2143.3730382105555 6452.319965167393
1885.78928023988 5456.345381832473
1855.1798230858085 3234.0114089685335
2228.639570138685 5169.790025098341
6519.274644021263 5180.499760649912
7651.510401604505 1933.9947482119035
1135.8378565670935 8516.78637599842
592.0482890377854 9255.246757722312
3501.567184876626 526.1798717238386
9562.033938773646 4987.189537496433
8739.9028467761 4475.184168051537
844.9721701917879 7278.54969293379
6866.00609966232 2157.259015091345
4496.896088281061 8593.992306865994
5242.265881764632 9692.97089044948
8620.42079542943 7942.688651209942
4586.748504445876 1921.3070815457322
9094.96920550478 3802.6948522209623
9316.142936176328 8226.700980955797
5471.48060418059 5395.2539156764515
436.40073050095094 7968.5741288575255
7577.806850361294 7941.6514479073885
1938.4058662354887 6814.971327735299
1531.3908056387882 8326.270157715353
9712.650142397364 6229.128965309455
8318.712523417189 1193.0030711217232
5366.033706956789 7117.581856857979
2876.375115224472 1918.2028687911234
6005.5482606384485 5220.682394836558
6696.602069192261 2131.857265260628
5047.742001458047 211.16520401657456
2380.296703046344 5499.700406765101
8419.505247034289 2663.664537095283
4273.716498647586 6332.482224258178
5134.8577642775435 3067.849612495953
5350.196030707118 1254.6334611166842
1164.0583814498084 4880.113901121043
6836.2503647552185 4643.082657902429
755.4978830838899 9243.516554476273
3731.775462378093 1837.9948218239417
9927.477791865962 2452.9429320323425
6336.957882066831 230.71520060983565
2716.1172940811994 8502.214162970009
5173.8923381457025 7250.222969955622
1947.2716938639624 8122.142105283449
4278.7988694399 5997.908762981101
2794.4871941891793 2603.292218305794
5741.122979944099 3821.509916035615
9191.653879930156 5394.484233185714
6578.687377391026 6472.5513884130405
288.16657056286 6977.818360848809
7563.4620747917525 657.6568787376469
6566.034299081147 8843.29411293754
2450.4048557175697 772.6068534216846
2982.52917317671 520.8389641907052
5212.215807826812 1399.0417317441472
9558.598223921636 9574.842424168279
2345.7419894558852 5747.220562294432
8202.408838508833 8226.04784227168
7091.1566916320635 1644.25756449612
8239.033430024221 1837.927738637395
2492.9299412302585 895.7834136503207
2111.4252155441827 3889.4240639992872
631.9968997223324 4889.987104231835
7024.470810237859 9253.212032099227
6071.422520357608 9166.50834664883
7923.0537707079875 2608.4022723440535
2583.2472311212873 2338.6759958256607
2126.6971782619626 1638.8667809463918
3562.0969458020104 236.08861695531112
6187.498919198644 5303.137899063555
8181.522015673364 4425.565439993909
1094.7079937727956 5909.096747275702
7311.928837385455 5371.996160987972
2818.438853197044 9986.429405436329
5494.352095128788 4416.647111873209
1366.6555596895391 7022.101738739259
7852.209176854683 5478.985149746777
3023.6975616603577 7008.860014663074
3723.569989443506 6929.105554404057
7245.26407465113 7454.039498016923
2009.3628220182202 6431.361251417556
1803.9125376713982 8005.721885880392
6758.328712779739 6725.805827624463
7210.764334576447 6175.551721906319
5347.432217734154 8292.581033499453
4183.257020812861 772.2858659967591
5766.815740945799 5635.393619963067
5985.418199780257 607.4167373956263
3981.2896867588543 7523.7416511199635
836.2801296369826 4793.976118511513
7115.72754356854 7949.566720223772
8263.691656487745 7531.889419105025
3299.637846417862 3782.525475803107
7274.928574577266 4658.017757415521
4406.564022068763 7149.083342717707
3522.139809191722 1436.2937381071395
3636.8642908239713 5414.161375976912
7259.811294716065 1073.1138796078876
5917.807298157455 9310.066129728764
3823.066730514686 1265.4275579369146
5432.810904167581 235.96484479416867
3599.768846109539 1723.7182612822367
1242.0472486611934 1042.169335425297
9026.020897316555 9059.343652190948
8919.519399950197 717.0199531513289
2003.81208883341 6685.466444710396
3407.1142825869338 2310.1661527590613
6321.191598401893 6453.069614264747
5874.018890609985 5154.5645039156225
6149.491329898795 5628.3242538138875
5270.285556030572 6990.523165923347
3498.7668190500467 7514.828323947956
3476.2149217418746 8948.64337690206
4631.757563475099 6534.021009805168
1474.622960171148 6514.5216466262
7868.3147839723 8899.32156692021
2810.9433166695417 2576.5897269768266
2956.3812124001843 8154.325367701973
9756.509152460885 4449.490367070714
5242.253165692382 792.6410795708849
7053.25221437946 5368.898056253289
6241.9874047116045 936.7300764212061
7893.440338781963 2369.710020427297
5897.467618413796 4625.366262424104
6875.973783929209 6688.051728483524
794.7726676384636 3644.1049988660457
5081.142896244066 9868.552953114438
6929.142228759978 6030.413952179392
3118.6487748228274 8611.866785943228
5219.964978514131 5394.883279102417
9029.071277794932 4063.42239749219
2910.8637669681693 4022.2010602712467
9256.865311959566 6722.914711418742
4234.088106241646 5350.342004695224
2563.353915788901 6445.050364430721
9275.06389454495 9873.684499382529
8711.076659270764 8105.58756021593
842.0970256494364 4775.540090632151
6026.247024377267 7422.718905898841
5327.860094377216 1667.8376411930428
4533.957199982853 8152.366093142939
5043.440048456965 8700.47644653895
4261.161006208714 1416.9669617728398
6312.358212707858 3000.128695373661
1515.362624219877 280.85530396201983
9731.117954960808 6908.028545910822
9472.317649670058 7851.344893307365
6434.480284696336 6808.56360586865
3243.954391447408 5163.14894083792
6947.796142689795 6475.2381098482865
3748.1078140445966 5894.779140986103
7265.379564397952 7807.852521483039
9164.551552744848 8569.08525460967
163.0356802971833 594.5021613770174
7537.203989022193 3306.1103757926626
8434.502482074296 9504.26772672991
9170.27275712277 9424.957138035172
735.7057649436072 901.2354922877742
2866.4969043977285 2232.3664640323636
27.36608068538149 4267.749482251233
5768.531452366503 2189.238963341259
9225.638628561372 3034.5631711049314
2589.9145251997948 7312.332646169843
8602.106854679858 7437.827437249735
6359.944794942634 146.89246266473165
4718.590061806115 7657.609953683622
9457.187765208848 3936.984049609278
1238.8684253467197 8939.917416006667
669.2217381412191 8723.813735199627
7828.568165708309 1663.945597573
1291.6244578563728 7018.339136086031
4536.087775641016 8388.557143103631
867.0895463916905 422.9849922349427
5541.593425324828 6796.750184930842
1065.956140981672 3118.299129090741
7967.743231916017 2154.141528987228
4422.323981407811 5483.893198403885
8564.950703746297 5407.262403934689
3165.3159906882033 1289.0361198139599
3515.627715270455 3369.7226451165684
2222.943823709986 4866.776165590791
4345.998411428806 5579.070497632212
9626.416558595389 476.48930909691245
5990.707991251726 8354.435829896312
7005.633857593208 4663.262057612892
1424.594480630239 344.81397107660626
2641.9822949665386 3838.536926753896
957.6335151294279 5430.113403850762
9632.456610559893 3534.962191570881
3283.2031333211066 8221.850922812302
2119.507374653997 2829.401721129945
9676.458358194981 4607.650191956501
3253.917943861385 7281.580784305383
2358.7466172042805 4793.460805190367
9583.393882847933 6401.854356509628
2975.6351184359096 9119.681661036864
7897.446412638322 7140.103243486869
7380.259863243242 7562.139938270432
2209.538120855061 3178.7779011528282
8470.349143917927 2276.138795629904
520.3509707630305 916.6262792470981
9696.415294071287 8801.556229027294
3281.4262728756216 6945.654837846947
8040.24772539247 5619.241041773791
8066.319099542526 8552.392702478288
6756.977748338068 3633.7203461131994
7856.798923860454 8315.538662164277
4980.636237247285 6854.490771569065
3564.5165826239613 6225.591578004925
3412.252354523353 3057.943601690075
4933.952449444797 7918.075151098485
2741.1946167190636 8534.229629386178
7810.3516768134 5590.4895044808245
4194.587479942751 4158.136288809822
9906.733713302649 8964.132014507697
9666.282509701186 970.3234163274299
1666.9695950155472 7255.450634478329
2245.9986432133473 2215.016055304674
3597.295869400875 9537.602384567133
6650.894296175226 5352.5334151201205
6526.534165046582 101.41351630222229
3055.967990817584 1949.7844585083335
6655.673865165274 7465.944059408448
7126.324798512862 5549.138949404873
2970.3629530568032 542.3836375939417
3673.493049142951 7625.836885927281
615.2457294042679 3121.0154112945597
1289.609940414902 9566.374816543013
166.97830325068884 8329.503419265195
557.4359998745582 4235.066295862984
9393.137123415318 8001.772483210351
8990.80427732115 4143.242501948295
1047.1343986591241 8000.266958982597
1729.2436883452833 4495.3243984824685
7524.637399788109 9450.389003781856
8192.159144517165 8458.261868804897
794.885700377903 7574.43568480701
1392.0980318766262 8885.603339041201
3920.6857649167127 4353.361683735976
8413.259692987192 5424.722752717605
8693.757242556243 8598.223335796294
7680.559512628565 8445.498150994457
2437.4916919154134 7179.162002272672
1076.1898491514853 1551.0002494297082
5867.079979881052 4138.307994797039
6704.765433648317 2565.515499392721
3047.3504896304103 204.00094438101647
1164.7813078689594 8842.495881869321
3951.553825509082 3827.236535496007
8553.247932316272 6494.788311745065
9899.719590052406 6277.264693721414
7112.0149242911475 4721.767764107396
2243.100905640425 7561.783902822575
3418.431269210619 5792.761146193769
5061.614299153879 6978.18573044856
8329.630241419341 8443.411426947521
3354.070700110027 1955.8270008374745
8508.872418013494 7451.407011771233
9226.38805191547 1515.3127775213404
2294.0127855496094 4980.252858108833
9920.861159812594 6149.3001520532935
8912.308870322684 9914.539671018572
3179.9600143845396 4220.33979804327
5602.416878114338 9857.420562622738
7401.0166507737085 6074.790486711715
8073.572689102713 6720.782512265992
6313.548889548482 987.8599458712689
5913.5877101462975 910.8526084693469
498.86554908380896 8783.33746924815
6051.4358422264895 996.757202290438
971.9807617548548 7512.601617298353
4186.845270751287 5446.807176707845
3258.762583338818 931.000061369317
6218.449053590914 527.0556653422409
3926.6290168969817 4675.716156832495
9133.693652297934 3778.9357848763416
5364.992862845384 8027.752078189967
3567.836446542878 5627.554650448534
8762.051416382348 8931.672353220503
8296.016312053938 2619.481667945156
9687.405891984166 3550.2693113601104
291.5076955583817 4548.639487723185
5465.385118817219 8047.326608186909
2664.9214835295998 4301.167775511323
8611.839414715601 9520.171434320519
6793.250631463435 3634.8969661432984
6007.564205884166 5044.726372728292
4254.297944728869 306.3357519311427
9194.394907616423 2649.2792088798346
8801.168772854335 1967.8401337259154
7205.419239747231 5699.213274741468
8543.147646248772 79.89745235216117
9678.627620169416 2653.4515728729702
3743.422035140179 2718.227411256562
4653.725420118181 7444.384501401419
6200.753096747451 8602.66282003299
2414.7164824676006 1836.5652887625229
2051.337697568416 5934.540981171652
4016.257303696662 35.47923259643149
1008.7450401461862 8701.606646487828
719.6725322243481 7546.196741053872
1553.9506992201646 9994.181850857392
8464.916281588648 822.7493593885782
3394.1328669398176 6573.63662423378
9717.648424535802 1602.571468112115
5628.038034656125 1443.9499047284644
3555.9906400611762 9986.376887964454
1487.3577060454768 1499.4230530094733
3699.4159464316012 3302.3428788966735
8267.70773581012 5456.366865889772
3332.613878697105 3584.504192084248
4119.433247267259 3223.8567070623826
5040.06955480607 5098.761642382384
1737.6075833401117 1628.407576018096
3942.479248662731 4765.935118651535
2672.2366994983513 2979.694106786267
2214.0195070046543 2559.801148990627
4973.8123204002 2349.200270981776
3559.87760076234 5999.072885894423
1196.0103898840603 6630.9534985565
6946.338339604787 2705.7967320031985
3396.4566727118463 3463.2595472017047
9901.117921602812 7668.653449332694
6708.139016770486 912.6250328756191
3039.52180597437 7328.166954008927
3298.170936241014 9455.813813858858
9122.395039839159 891.8430317364323
4087.2625401216346 6243.256582031722
1914.7282516645114 390.7738267918459
6472.388448016275 7886.790106387778
2389.1651474228292 4905.254692454633
2476.789647723913 2086.977718806563
2406.557016679006 1115.4891521238653
3245.579689737811 300.0184288902541
8906.092798259768 1874.4525578134896
2611.8721533898247 3341.5259051391968
4850.429769171435 6853.526459573942
4577.483010264575 9334.218873437672
6696.633679984574 4477.503132817027
6983.904743939167 8728.833761497519
2001.6373712691181 2344.102525047037
6393.388728286347 4262.332268285928
4921.308998148124 4114.1367279143205
7256.611101721812 4664.74526565965
1825.1132758483668 4461.989659798415
1812.5426524602085 9685.759763639777
4023.7446347158934 92.08266789692443
5847.778807803601 584.4181870356002
9694.997470570583 4055.5232751771864
9436.729431102669 4610.070691380196
2493.52682235502 2642.1391560223506
1090.708001387154 4199.9785935743985
43.05353262555877 8976.625093280802
8363.10020409504 1628.742989804529
1534.9439946344912 5113.540044816925
7889.432698816237 7666.987792125152
9995.000053776737 4904.406285256986
3085.3041495294274 8441.499329589116
1430.6736316680212 3201.184974589316
8281.779226194869 8136.287613803046
33.819073660579235 3063.9108329289943
3946.989962374866 6433.798985193213
5889.479961527927 1556.2882020680925
8824.325511847168 8667.780158397807
9229.10628270765 6441.564960102622
1311.7373792315957 3544.050003524234
3166.9796233260186 632.0168270255477
4213.320700760147 7982.713199287844
5071.521534818286 8598.891364608913
4113.4809866569285 1145.1043217863298
5248.54510109753 9115.673664795351
9055.62920976446 31.025351240845378
451.40674084042763 1686.0538739235942
5951.491419019663 7166.597033571064
8883.400426680917 9798.992715831439
2203.7633794611124 6850.319296837625
2820.6293104534175 2756.792820039091
4393.972979616868 184.69208258315328
4758.979631281747 9238.105981988578
569.063551736908 693.0220167773526
3076.716350860239 9986.314446750166
1654.3428655158032 1705.7992338445604
3604.602369407779 4054.7463769223714
1827.0909954753213 3898.298010121003
4208.342483757766 2893.697848778719
7304.253935581202 6370.821994066674
513.5375673924325 9230.248982062001
7929.296160090092 7485.273481155668
2241.2306030288 3170.380595230384
6187.422253343 2306.501554551277
1272.5094456879383 6243.910999710948
3835.020899459871 1944.138894546884
4523.531638375153 5216.285568233
7198.322312740189 6350.415757757799
6987.715500546707 1407.2761565018532
8377.903776907959 6201.688098979037
2889.744509980682 7985.1514358482855
1089.8157232500482 1376.2009176123756
5796.413401975381 7245.904132278168
6680.7449331370635 3237.859409294231
1742.2376455577637 2240.6318978100217
7973.768886363663 5445.552886992989
2953.143189830468 2280.187116844282
6032.8961259902835 3329.840498114195
3589.4355545461076 9824.721578325885
7678.7304318059505 5013.57438290235
3079.645524736113 7056.776826371589
9644.236819790753 8400.298240124634
7079.734736543817 4040.0743750484903
8628.723423920475 6914.02995465181
867.5378308387527 6782.186242570557
5189.801709613748 3446.2976696866267
5070.206681792541 2747.776832318598
3407.2209459489122 6351.06867652798
9022.812737863698 3410.123371445973
7559.117950540517 3525.4717164950976
2769.1563386159532 8282.137057873762
1670.3625313170212 623.9821342472729
4741.219839924531 2534.125978611208
7724.317849776602 7276.004911373475
8491.593433104386 784.0524216776723
3573.4786340466794 811.5538378623177
8503.593613928419 2937.0546724844794
2141.0887934568445 446.992205383957
2066.6827062648395 4054.5203558595654
9374.98083092326 6142.567704931243
1480.190973719837 9149.010088593299
9596.52132314244 5415.736466871493
8436.23335965566 5529.851843634445
3381.684425997252 8279.037334549263
333.0989931258399 9865.23445203652
4917.920784616712 5168.548407324119
6483.291614056708 4480.151990699308
2899.623906764258 5238.714253816192
705.7769445975825 7575.561110661789
1456.642197386293 2721.6073597671643
5629.897640769811 5032.630172702559
5354.422930713217 7183.443935390883
3188.794453209963 7256.976264815539
6761.012500895662 9458.45001333521
5243.0712916409475 3121.3009485321218
9245.284432487633 8799.927395177185
8050.829093150231 4480.849855206598
8352.401390483667 8360.647539396088
4388.085577718965 8964.639201594935
7096.659326600011 5499.453816031147
7523.984406893528 5786.405571687617
9018.505867665444 608.2323269121182
1968.0956754035772 9172.753157524938
1071.6603645197265 3163.163273132783
6932.4920467252805 6671.986571966345
3537.9078551232224 6526.440201336748
9789.180696363872 5085.634195638045
4411.279397557137 3659.406869557248
8453.860285407083 5055.681881161959
1249.9678403210523 4355.325991970476
3589.863243365278 6444.050902367352
4363.475274916392 859.7616440552137
3801.5314780588983 556.875947177159
1384.1212742017372 2818.8204827426043
9574.170470291328 1994.6445703635086
4766.190702845587 4380.2671870482745
4618.110200513608 2450.28416213286
562.6322697249286 5969.786685848546
6487.296080562726 1130.7938150109264
8948.362686553488 774.4431894943016
1868.2256147921705 1644.0343661445866
4390.875722547217 1287.6389283550204
5772.928397850371 3170.806033585406
6112.988680617566 4404.651954902156
8020.090606519322 4533.360198425448
7549.2047082831705 4505.089769254457
4851.304464825465 3375.0025592399834
6866.310908884231 2718.3684519119465
8304.81863722485 9081.467876616729
9300.4663065269 7140.584437284827
1057.0570174769346 7303.256054608437
6057.181948161451 3155.9202240867057
9842.562420972294 5979.1360853490805
3827.2311252291956 5212.985348304638
6275.910788966384 7614.54543259134
3590.6715780130494 1416.25921279102
9924.53693288206 234.61614287078604
7312.796918894992 115.07272553279657
4819.296257149507 9910.090499898582
6379.982684820674 3307.3275862850746
7239.987208206275 1045.390115089333
6180.027476376846 5122.417250426354
9575.93900336774 6721.626768035877
7100.731081522076 4907.582536636094
2337.1673883300946 303.3547164150163
3402.093355711122 3514.1957593948614
3979.4912320171293 1246.38493698913
7911.659191860089 8265.239529872404
6107.387970583938 2584.9878471889333
2299.1722890112833 6782.5037534559315
9831.263842015635 4930.33825300904
9805.842558370286 2361.7977043834203
7581.19928286324 1978.063744438957
9735.17605838239 3906.7341714088475
3517.124929123574 5501.276210779513
756.4498097159388 1566.411000810104
4825.770598631819 3596.480226762777
3128.562038400263 5169.581036508189
5657.62482387197 4553.272793261237
8321.12316773109 6307.665216656303
5232.527176358407 134.75603796034298
8191.2967276600075 6491.231541255626
1730.4119794315875 6284.1073469650155
4869.03931021655 3189.3258354642394
3984.1096308514047 6313.7652719876905
6810.028794385158 2758.309278111234
3704.001080776126 1487.2014430687752
6094.711485867703 4276.6177923600335
1989.7169519659508 6569.269491557708
6983.537841015011 1124.131510190155
5221.955826827185 3399.63600611476
5982.599775430478 7779.599716132519
7077.894970445157 3834.8098290940193
9230.520361569128 7756.841029077634
5376.549917602853 4507.810347067297
3886.5882347960355 4860.1952252615765
4735.8349391308675 9770.52184303193
6381.77335975954 4011.977952519844
8610.967282447245 5912.303731683141
1888.392312357633 9789.445382681179
7184.242017649029 9289.436237736478
6170.842838596652 506.05193461771614
789.1061989498871 3353.5043247244434
3098.960566252437 3181.5407888739855
2076.8389993572846 4732.826953432835
8537.193382628486 67.6772355547539
3972.0467740103813 6499.56830163472
4066.930870062083 531.2009198556423
4613.564249096016 7546.16995793651
2055.966416088264 3042.8349232821474
4940.246958197879 598.2686782956648
6958.206399193475 780.9597111862065
9356.53150021043 7807.274470096025
6408.389244048633 930.8223445122132
5000.528576517552 2094.2997052231904
9670.71002189168 2144.919853666245
537.8074246468656 4458.150170252936
306.8921035505334 6827.455255030524
1116.9156410071712 2313.5970473728207
4548.383951728332 4915.541432871808
2148.076040201238 1592.1716060912129
6789.004347007512 3652.0808840326226
904.3873968514426 5816.236839198002
8858.49425409291 3480.0235783896514
1595.2474333447142 8648.103274675072
294.08273802253973 3634.9694831640654
6524.610230082373 2519.4782319739793
2696.3023696644896 2272.8436373198724
3222.0762109200496 4862.547706634327
2436.94365247041 5041.643454533548
5022.70768480365 5192.507531141846
2481.169729396463 2891.0172317730844
471.85051189494567 832.3784686744661
5892.4546236743545 4610.706318465621
5144.13458065247 6424.4502543189055
708.1538241957508 2098.6385740286873
7991.216023890379 2538.7212299343587
8305.14964845516 6681.737544302733
3170.7151489890275 1667.2116664215876
5119.159643160581 2947.2676028310275
7459.1945690715675 5684.045478921056
637.9340491884756 2489.8103641224743
2814.910060940045 7454.710855948344
2957.711027540294 3738.722494926113
3431.4635667646676 693.928471922689
6873.936528620229 5603.201200382967
6711.371446222662 6400.065705119098
8471.400564369003 2056.842848717003
7988.954968811386 1235.0555642508198
4485.574138070041 1980.847305821648
9544.852489508605 3072.296723645116
4326.084280570105 3594.7861919598536
5479.838410402682 1601.0167915797301
7584.891148533828 5626.120129033289
5353.530628749174 7354.110004552311
95.88192215186697 8004.415883315551
1143.951717257914 817.4649703210856
7169.234937612267 3313.4733137324965
4046.808930564172 4382.320342791895
3493.043193332381 6494.350435753734
9908.738520001589 3818.197195958243
5376.332638491149 4364.528598295573
4676.658168888218 2672.4794689271394
2501.7487123353753 8403.229276886057
4145.7590223305115 2543.719718366376
3162.826672011283 3950.165154603742
5501.559190088552 4529.2718542405055
9079.899427678432 6474.7623665222945
1676.8322582131846 2313.8629159201028
3320.3381979661804 895.1695978123175
3382.1132316484104 5344.23625952155
7592.965561375084 3061.1236784151774
7818.877449336164 1326.0047827928645
3243.114445996861 3462.014217724584
7547.377616961683 882.3830089662632
3643.9518776103864 1981.2533587842972
7756.511680452153 3630.468086627798
4361.327993646483 9090.321780982058
5270.992481676173 4159.263149791491
1463.54386130633 3260.627600009509
8031.4699392225975 8434.653410780475
7654.085814589312 6568.58259210475
9496.15960491567 6010.053742048036
524.496746037284 479.06215967129407
8437.909134052123 1087.469140493903
7156.214599974804 1614.6847702963096
948.5369891614004 5952.2232623457185
4544.331305159581 2953.110127950388
8112.657889676638 3595.621873804875
5872.881442500003 9341.820524321223
9776.10944255919 2443.339354317234
8540.396631981916 7479.617712895783
2109.4752986243716 5023.330030175599
1016.1148215291327 9586.330499956064
4255.1012661244895 4135.57851369152
2101.3641953696883 6866.997230963115
7246.3813968871345 4627.023616109051
7977.287586576762 3574.0489078161386
6600.9901820245495 6228.5038896112055
9539.214663208659 4980.786511256344
8515.120828287554 3076.588971934262
4949.623226688952 2901.7138157395075
8423.685848695024 8521.672652709996
85.78110956878326 530.0483129393174
9841.822242362134 9614.728388059943
2614.7912208580706 4310.001215710419
865.9373888825439 4268.63292760267
3797.910023487836 4321.18157195333
5487.9191370768485 5505.9876779355955
5807.648510174774 6224.748814126051
6964.029923609261 1433.8768812041515
1335.3015745472574 7205.697852989835
880.387911166769 6627.022713605614
6573.197282695368 5542.930614080179
6269.83416562188 454.3091449664749
8275.09629010692 8448.53385427897
4160.3735312821955 549.6627049612767
529.8124609435484 5639.944736694811
4273.2698848850505 5106.795597828181
7127.263862424199 6743.456544892689
2239.259249285076 5968.33266040847
952.8097535770274 9074.77756183015
1664.2488643035203 5583.3523585172015
2714.862805145961 8602.126045176092
7651.24533595433 4823.40078217727
7492.411460934113 969.6062626749035
973.156891634287 5375.5390454263115
9083.228540043989 1343.3785669528552
4991.500493507029 9972.009732218354
8940.174115962403 1540.4015479486
628.9369040002191 6069.620101509911
8602.156770837313 409.29012827574553
8228.944878223794 3757.955659267204
1957.9408871917558 8755.095591944353
8973.840058029575 6654.05325053222
6425.141289593939 3234.5877552106863
2682.7314503233856 5332.179063921687
183.3814096433528 4595.873911405714
3273.9018501438964 6440.871340807241
5969.730315840539 4395.965085629285
7951.485103915486 7075.426549436616
626.1802567034836 902.1572870531014
1264.209836501292 3202.516717266385
3583.062227506185 9267.86916200406
584.3627924038042 2974.649695749204
6768.937538417748 3270.8342023870287
5268.022535809168 625.6932604070298
3056.647540543532 5911.319724023857
7782.9981999877755 4304.700924002907
286.843509786554 3990.3057997642786
1428.8047979147234 1683.7970956030347
3154.4533024876955 7422.321455030143
5923.392461001493 466.8887892874696
5800.19194111629 7484.908371228378
9094.239891939544 7029.489397696965
3818.356980313685 9466.436081027174
186.8133601510491 5335.958454821317
5573.790036187741 4246.273521445416
7891.281287186589 8.97207083762619
9215.03159578809 226.07172152864229
4088.7663780340367 1967.0556874748067
3577.3319599761267 1728.189604616226
2531.308180382049 2399.5314421161984
8288.323004693968 2487.056167476367
195.09874840373365 1014.2387122501484
820.7977104920017 3181.5256903030577
7884.444836753905 7471.910674458755
5981.18353181623 91.05394418528535
5814.300711125567 712.1012575055097
6378.93642435619 7905.7826286172485
9362.10787301548 9479.072684567202
791.2230815838972 3480.3909288238265
9955.064754759338 8772.068669847531
1018.9009915786173 8893.832842235051
6146.844306470652 1172.9192632554275
6823.942010762342 1561.8491370987542
338.166362162563 9044.928120799765
2845.0940377296497 6346.408870833947
7308.520698512892 3450.524235164942
1007.7054674815356 9615.992542927152
1751.7298097632429 8301.15724286288
6875.28805115451 8032.908628410136
3345.92912246125 3731.4485158752254
8634.525643661831 5478.588408409763
9538.936945961945 980.6137816960492
2962.0833642038633 9975.07449334307
8192.868421360283 2167.6942328407745
2890.709782478135 8720.686850533513
4507.249428351482 2263.1472492741045
8973.763711393083 3430.1103918716326
9227.767901297364 7287.864203548144
6541.441058476239 53.91768299359945
8048.197502336677 2311.6962823369768
8648.615979189743 6649.80256301553
5325.912149381807 5177.088482179161
6433.350991546062 687.5718044171252
8756.807067441197 7039.43380857307
6036.772305719911 2392.200491508447
5493.330769177951 8794.278531226499
3979.147755650716 3864.0260968728744
4339.718635424618 3252.522607266016
943.6409215753727 4662.425857444945
3121.416565614045 6528.274827167179
7288.364333428403 3299.075902199534
5101.0682128630915 8520.043292340653
2288.984858587838 659.1705340617892
3401.3329174210126 1594.446444983394
3108.284544572526 5753.73634971695
7795.189300252314 8622.65857113636
8795.71320411872 6403.442914188011
3937.274390663601 6373.309101188452
9239.114698903137 7464.078763521099
1135.1958329907063 7931.574838268141
8922.447380491816 7026.130227801126
1097.6421509818435 8292.721615757593
587.45957258735 6655.657089933852
6746.515761620114 569.3632442700181
4453.9230292981465 5190.9357586947735
7143.195620402142 6355.223770848582
4522.166658625758 6869.096608278491
1854.429359734946 2704.205396200475
4663.292736915095 3629.255418945544
5671.247375259731 9912.078283426628
3696.60193491662 8323.398449941753
2494.6811373731516 8829.123371212934
460.3892123936337 263.5526636900765
5414.956398098307 3785.57979517275
7001.417599241977 7043.528538108864
8536.225334258632 7377.756592567758
440.0142285615982 6895.801196789181
4936.79062889633 6341.1921811798375
1811.8765791094281 3978.8502100793853
4305.1669416685345 3528.251880105503
3244.313757060635 4937.5496070126765
3255.2134069451254 9611.079241483858
3193.7941912878678 8838.964738707811
1098.9621761027456 9546.823338699274
3153.3025965080387 4158.176714769472
3943.6619920134517 3070.586575161621
8232.161535453528 5873.5214735682985
379.93923594193404 5522.549067258123
8317.600638134643 2927.897356951981
2740.8783440591446 5169.243202815404
6146.510475243974 1322.5592106842987
8937.204977905 5844.96634368835
3547.444291607389 932.0816529723919
1211.6547621870443 9217.839321565552
7357.086653781558 4763.944013195326
9805.994842719403 9276.025190333112
2072.0343958238864 7833.449938251452
1497.0568717937792 2733.1488328771648
7165.888087283982 9084.46308014487
5233.534870564893 2967.966669162928
3183.2831688120855 3858.7066317546905
9693.18648609284 1841.8529528361428
2216.636603387331 6301.137874104957
480.47157108215833 3278.685885743313
5178.0239802140095 786.1748513077471
7897.548097559194 4845.23212959045
397.7404873631285 8959.321245721932
9746.939606094025 8736.142251456045
5512.744339818259 4310.994968779899
7462.079215806909 1546.1871224259805
7352.314932302493 9334.138115114518
8012.321187185604 3003.3810808195917
2584.9074502421786 1264.4476522687542
8491.90853095643 7440.150581234232
5259.318283919906 1161.832436551935
5077.768263878043 8195.727210740073
6054.921003594866 7663.967642113262
3128.9045776965986 4371.454078660514
2049.871197590356 1127.586190325045
600.5432671874744 1401.7150910673038
5122.8201348438215 6070.4066471996175
2659.076718429667 1756.710220056328
1722.8173688245863 9836.368881407352
1409.2458335193292 9759.31446866538
6673.722839187405 3229.110490800131
982.8903011405499 4976.775454076933
8923.590347093006 4493.382320243358
4888.983434357943 1939.0196161452245
7706.12394659202 1471.37224517091
9487.561610174658 38.85358157674212
3450.449639057176 8020.662369010769
4725.55281516102 6385.358917788571
8957.087525418128 9852.823578421985
860.389622688148 6110.302828928749
2852.1451721955705 1836.4011620953158
7797.692478598846 9168.390305119212
9138.400902567584 3505.3274684960543
1882.193541716265 25.711624321234083
3781.0772736902563 2023.5499195027905
3506.4666335426987 6796.745538632875
1697.754716930525 2178.9339862288093
7739.912746094505 9368.800355222527
5266.010565008935 1114.2687676734952
9330.849413110049 1843.7836872409464
8519.007946733413 1450.4619297980125
2897.4362655331674 3230.7174493167067
9568.407362427059 216.78212180175626
8898.563897212296 1738.4180685381157
7475.6031471302995 2575.2700241910475
6063.7210287832495 2246.2887707345426
8786.44039953478 8711.204330492179
1361.2458604997569 3572.1785660710702
3251.1944894234057 9458.777413260053
9297.262938456155 2009.7826389123197
7870.750387467654 1240.8967445585117
3362.9880477483407 274.07127703832913
3341.5482503196536 3724.298722616296
3785.983820231318 6471.754751815037
7216.007558353575 4225.921581349027
7391.33363098391 6004.79912023191
3651.7825894401567 1353.7557306128833
7341.594351206488 418.53509733920436
492.34203716262857 6625.150691666264
2799.776662045537 1121.9049851218488
603.004400844196 6877.82533773202
1147.4981757931403 2635.9186759401587
5880.70554021361 2173.5952712172825
8290.834673110792 9567.400083318813
9162.410151290445 3592.091012526506
5799.298729522072 3858.6217457700654
1376.2252967161692 2821.517529388704
7148.753995599066 4029.441094972588
8710.90916154927 775.7556907981756
9176.969881342335 6107.069213167643
7323.613511166202 5601.887749579499
9010.912875470249 6729.615865615238
1162.3355729365946 1389.4821885758536
1187.7555655630356 2513.0715270245096
1848.6966157347051 7652.747083333513
4466.982731817389 6187.403406675092
8248.308572970227 6228.920819209081
2918.8579493992484 9235.957072398212
7350.1227875903405 6621.041077126639
1274.909731044206 2813.369519792288
7382.80525967403 3010.4893065647098
238.98027584704718 3570.721029600065
8715.314737010749 6174.485838672555
3482.7818664034426 8682.658955284645
8020.507134041119 1365.9644611251897
4387.781916192112 4849.752745320101
6424.726762763494 8848.028041805801
7245.641107483748 9340.348181609397
2922.9845256756516 7222.451828562753
4592.313038475665 7239.7048916972935
208.4707709316691 951.4620924164697
9626.304691833997 7990.222283872777
1246.7791215605694 2544.2918090128264
249.48962997181079 6035.067130449594
1419.372563345085 6764.76856022169
9169.257582004293 4918.536268436889
2867.449871546287 8913.46942519637
2713.6687549136464 1550.0055463151407
4786.521825193327 1747.7320579475631
9536.679340628743 7504.323323100377
5853.642067978678 5925.083331888013
9228.390820492506 7210.032876599235
2713.376447429353 6990.407217560915
9995.666180230517 8667.815599814534
1505.2439044859034 7874.445938745499
4041.3495519315547 945.0678953519654
7784.487072231537 9630.988635444528
9045.71315400782 4108.535673568817
3869.692770033968 4712.367780305686
4241.649818641375 1485.4509906278356
1644.8998894295953 6467.653510661014
9975.515977682619 1184.6249149596965
3150.4929755674016 5745.195248447791
358.4212393219488 3662.474963904557
916.305285795852 490.93336973964455
9638.15826823457 4784.969090745127
4922.007690885556 7056.16070708783
4259.843461187729 9314.996525490413
3313.9895555434173 2563.184570706789
4233.744509165891 8045.683630102485
9564.588353692849 6124.609261527509
9391.65141370921 2903.687291479943
9628.65660338048 2971.7110740678077
8388.541026346735 8262.52341574645
8834.103061874755 9619.663064866694
894.1793377741736 3434.4904266396147
9737.179307153858 82.11148314107075
6319.689083882902 850.7766318982024
8979.927583466886 2844.8889985246497
5637.008388889098 6792.843899451608
3306.3448637278616 5818.405257062249
6374.551862514824 6704.206410675348
2325.4595267934965 1810.5250213436875
4710.278030934239 5090.230905761904
8353.654902718634 196.50555400538062
2733.757269321261 804.6036086900322
1725.2204228298497 1409.8384003952513
3411.725795575449 2124.6255053124073
3329.24431920102 9637.597854769812
567.0000548702047 2433.5119967330834
4812.607826886689 5676.1682122356215
6268.517486491384 6556.388290656212
882.9808766068692 6287.989514599517
3430.663770980109 9837.688672790973
7452.356752747424 8597.220335842252
7132.927858665019 6901.181995380896
3980.807221251764 8071.990808994209
4196.328950960358 4699.862992930214
8311.778730338183 6463.175745134045
6890.9394398335435 4941.463723784099
7534.389967412342 1704.3907587336182
3299.2257358141333 4266.354371604385
8964.835639392935 5225.174585359467
3822.816022572706 6658.120356165004
1208.1351847112144 3389.090311531092
595.6956146390291 1483.1151516448283
6443.113555455834 8840.739597970645
4154.718717627078 2283.8077606836982
1567.635766295483 4430.455643997242
9618.724451516315 5991.756436798625
7647.759050595171 7082.699068587402
2840.421767514559 9579.55597010947
4233.611723199432 1483.9528947311164
5520.610796571926 1337.1239066387463
7536.438938340167 3788.17427827961
7112.195489475961 6936.204009148065
9205.406275674168 3672.628209806702
491.8269596343061 6237.982475285462
5499.387022802085 9024.192899370586
7839.916750547649 5402.226456163171
5018.099159403805 1295.994784001261
2945.1431771657053 272.3742060607126
6838.602045240532 1146.4907082866825
6237.468308857791 1239.5137113485887
9897.30202904777 3357.889661446205
9254.07019022365 6829.212441333854
8764.254502077783 7228.063280173179
5955.49107470868 3108.6684276953947
575.6956633952437 3639.8633946573586
9334.685870263464 8677.672014826274
2822.370923464531 2834.0336885861793
3099.55219016761 485.38283352540515
1935.3746741351797 7546.6625689104685
9859.909480682967 4005.9421564178433
8167.852317824411 4619.393181114802
9212.789478955909 2409.4556031390944
3140.0574108712053 4450.371792691681
1395.2839210080404 3280.8992000078542
2596.8948499400967 1726.181971830476
4762.0968789921035 8168.013376878343
8421.22981912284 2759.774341625013
8245.328126009868 9780.268163164981
752.8696815256997 4456.672113306609
3166.912228942731 4014.4999829947023
3182.2802733900835 7441.494852856861
2299.5261506344077 9148.82948955509
1419.7289242611798 1199.1102758797279
7909.669413433536 2524.993917769399
8584.691087284813 2219.4869080840617
4667.009227076284 5830.236968143362
8316.998732052856 7082.59051802819
7766.978696966162 3693.4166147351143
280.34722457886073 1179.4283806649075
1388.9990385111473 6726.008857106634
1310.4200004905854 337.6131619060074
7700.597325698915 9367.19660429993
9454.027391631607 7004.5855223545
2018.0711035219144 4933.254277644692
7452.303288201136 4838.895015030539
5447.251917456676 5124.949039885433
6840.135874378584 5569.7106767605965
2353.3021198903925 8912.697129143831
3765.6559693767513 9806.993534166675
6346.3762837505 6197.733829234215
2877.7424610122816 9119.532583404549
5120.364259609024 4938.559963410475
6186.1481576726155 145.3068196450258
1444.8271727474516 6535.457583945827
9667.988739030861 2758.4067671867297
4885.627060034586 3181.871932073298
1575.9769753741282 3389.0116636276766
6417.639267291212 2619.977484995808
2897.926692175653 1477.6828164726662
5993.331914695365 278.76168024971946
2223.69250427806 1742.503105180987
1343.8828954894943 6126.472351802659
4394.847960438931 7447.355374047009
4814.898691086534 3735.296394848775
4744.049388031044 181.89734313994177
3876.6876506139747 2034.6431104166961
8475.171998342852 9798.560338017334
99.43134161040201 6020.434213599763
7791.944218619815 4099.160193024825
846.4923230906862 1291.305042669233
7751.949483014281 1623.4767639214153
7714.478682235005 8698.647403382549
5504.5026022508455 2464.424801639896
5836.585905948539 9625.933490315392
6565.048685715739 1419.2002119508984
8566.11981273092 9453.780608222482
6085.378197982174 4983.059539016111
2770.000151009728 6620.726662607681
2698.0828719907445 8702.146018888236
987.4311726236107 7355.708653577411
7445.326953792798 4224.050004845015
8046.818511695458 1636.7469978162142
546.1450284734603 6019.550399338195
1384.4010559367248 4221.353811437173
4313.116374760852 6196.256143571633
6270.960385108862 5697.705248673372
1398.410589224145 2084.625397159234
9428.352229648135 2421.624703183046
3730.836400797208 5349.109820903806
7105.508544006578 932.9471776368481
8999.669318739689 3261.937156297936
6583.935871230906 1985.8435247559225
8347.6703129954 2474.310056109691
3295.636063617624 1681.2080005243479
1054.8526124361867 3129.5624143447153
9261.76007790425 2355.2174380871515
9426.191724503864 6485.085062656979
2398.200261392044 3856.6954329893656
9840.61461503801 2344.5935075778925
384.7138532866057 6636.923719067254
3975.2464475104243 3549.5785150829815
7257.063158387606 1679.0644667345555
7588.031853048411 3538.5476103781652
5657.049451546903 8710.36562359355
2923.4867078553593 9554.924649794955
2763.2027766273573 3368.8462945540364
4800.485071648327 8469.24848612384
3325.2883805887022 6037.164017117734
9747.613891159728 4378.573715509131
8938.675749711816 9909.893244502446
2170.7819372281533 7155.73744102433
8720.007462358146 3526.447317169882
1469.3982605607914 8943.43260454529
2883.4968276172813 3480.404302950466
9261.586605579127 1222.781534484846
7367.574647652957 6307.0015905302735
6435.5341396211925 8533.379572982092
4624.493592295701 4654.09018109819
5613.218318721971 6181.537302081732
2960.8916540756845 1757.843578042939
5794.396094777288 8345.718253419029
4405.20397666431 9973.044516362823
2442.878250371107 9872.93573506138
8978.20872866588 3648.778116213266
8083.754387375895 9757.133668146354
1455.8734879901701 3993.8802377178863
5599.372052924293 6800.348337064096
5239.072105627275 3742.505634310026
8843.517986379638 8279.708666440487
6782.619206717203 2408.6952277088303
2937.3865064121505 578.0979903291006
3186.4698332136854 8709.837098294814
9667.562145191489 6683.570422826194
5014.821112525318 5342.43100408799
1775.3849655825948 9222.377208796845
6184.234379521328 2709.584538990866
3608.706225975461 9262.72221627341
2849.8034128266836 2428.1825188235084
4601.183209304297 511.1369888241901
3618.7665736641993 8484.684908343284
6350.903468789823 5720.627221443553
4133.867394064214 3762.0286833838413
3689.26822779584 7139.506674260269
94.14562507369273 2326.1229424910166
5062.705334171756 5652.106759016374
4118.741674766991 3338.937769244742
7793.923861544643 3897.3084191275852
3509.6824013243313 756.213532217459
9346.062489018841 7098.112807172259
7932.506686861905 4071.317665049374
6582.222921695906 1595.2304644522774
8308.98361295321 9282.808608947775
1194.5248408888997 5149.939530940981
804.0623189342766 5991.768194106491
970.9512703975876 4966.218416645582
2689.5866933782377 6075.986886191408
3374.9045532087075 9079.437431287954
80.19621848901149 1741.6010778147938
31.523863410664042 4268.64956354425
1062.2275834589445 5918.793178231445
8146.462434856342 8971.788388643841
1574.3178871089315 5946.688399482872
7626.958605999737 2817.852023215172
5548.806647728773 2283.5880946508823
731.6815621018857 5337.408108475011
5285.920014369558 7582.204185557385
4444.964969675197 5172.530855905539
2808.111728092961 7885.56954258524
4452.690538028018 7679.5372983387615
8029.829725715391 6927.816754979223
3591.217169609693 3202.6639028192762
4978.36274245707 6565.030784099285
6947.398682793264 494.08279410853015
3014.3136488485566 1214.9018926041388
406.86728567823735 9765.429556606865
6025.641378934445 1849.9152139786136
9379.405336342033 7678.2733175743315
8907.095376015544 5567.331740692767
9674.3661152879 2215.730642859619
7287.265301208632 50.232232804823255
3055.7460884648613 8824.689816504919
3428.353324562218 8337.406856703325
5875.650791730915 477.8728176994307
8499.172129332599 8235.895647203724
366.5381923187827 3377.235888940753
9009.756604567374 2438.492515373796
4666.763901489145 6904.966354620798
3096.374623197544 9949.548301583058
9460.589838956406 1125.6083173101317
558.6050332798509 6775.9205193449925
6232.966188961713 7652.6063729149155
9075.549874261533 4005.9322125808217
4571.0298120265525 14.83015939946819
7866.132171768173 4377.721396107416
3688.40363323608 7793.4006043500485
9208.823858264945 4229.372604406429
6405.028682200157 4746.41215871716
7699.038492083231 6326.746978924595
2184.3926990079044 4898.903252210834
6897.815719144893 480.93086946484175
9511.665601792682 2147.700227416257
3113.311538686194 3095.7486220448636
6890.388942112485 8315.518451435306
6457.002913358201 3826.7962680562805
6042.010443526445 1785.9757328908354
29.402204098933904 7386.969781255543
511.6945016287011 3860.9362797948297
9115.470914272812 1199.4738502331736
7815.476461491201 2803.867756821622
3607.811970872379 5077.820221748267
3507.97494893045 6167.663413245421
8526.10719022692 7403.331931601873
1106.5132927521627 452.64234415221097
9464.16165544041 3374.1899137971454
2676.6422922452048 3400.2111518782376
2071.3063596653637 4816.074727283652
1065.6980853670284 8299.930369463036
7262.797325518585 7772.9678665617585
6265.169317182473 1572.5026860802748
6754.245566400306 3637.69818591026
5189.287642221259 4588.455238428331
6727.999679784318 1935.3277603127683
6276.396755657537 8192.063446920169
964.7930295980211 8038.495000397611
7751.296593506318 3722.324957549655
8611.859788561047 7072.3415295728155
1130.8970480629687 7457.55529278304
5909.114399474264 6057.668998041226
9612.161432512079 6357.450609415122
5657.87966113335 9944.486259243382
4350.45432846814 1736.2183017634482
2992.0362225155604 3604.1233220551026
318.05416095945895 4072.6516688585425
1099.364934258078 1076.6038325767224
7426.7276014488625 6547.782188439138
5941.231966772745 5410.9835756731
1904.9079862476315 7098.014295086956
4731.670308166888 7289.8778734997095
7539.1551757054785 8781.410742005599
8962.291177642795 8295.417882242908
6321.217997278025 6077.0614705288635
9097.35764855042 5152.388837758987
3286.164715368314 372.23914372572
4713.735203028521 4575.319875309101
883.6768025378972 1339.3001528961124
823.3344588710578 4449.812763969766
4093.7537541771508 2164.0706154126433
8391.0417719257 5994.410388133417
8679.712005913372 5659.706024845329
4649.031225884241 3277.820888253159
1465.4978063704727 5184.791735359447
6708.740300705298 1007.3295935958492
3330.984386327658 8981.710337179564
184.67990379141375 8857.749880375328
2738.0533781627214 9061.069371660853
3069.6419247738813 776.2726072098636
31.91030391305194 6080.249206458639
3938.7601610374036 677.0974463817547
506.2171114646441 9798.894008264479
2710.264863281189 1730.737696492095
7277.271743666633 641.4393414182329
1653.670812297976 5056.411938052803
3381.600689626968 1656.5284648890565
4111.518891040528 5041.946889448228
6192.9743155485685 1735.4424217113085
8488.692836152906 2744.134811993221
6248.990261948874 336.42790373425436
5463.71213303418 5863.501494398641
6884.019974734225 1159.0797936919694
7089.30445572836 3640.9601828391924
684.444577807678 7222.691092695027
7474.9395598269375 7689.836719748082
3713.7509811828872 2624.7614203888716
6081.909988938176 5255.2742622033165
8699.202300784718 6890.606657336694
6311.919752021201 9684.03485118493
3928.4323837749357 6272.290675882471
4033.0489805780812 3991.234233975336
5473.456493439973 2614.8567500353283
2962.339088559368 7326.562292501376
6541.234391057665 4480.106760564858
6412.142629036698 871.0537534415397
9244.057727907883 7102.9398568828665
7807.768362385004 9236.492982258129
889.675431846455 7452.528935199669
5596.844243394774 5793.052907207145
9010.214318285525 8180.37718241828
1696.211797832392 5516.77686146825
6780.590173447963 9559.564871801484
6460.054245449366 6927.038852809086
3221.2443499573105 1654.2615760694202
7303.354292819814 5475.121492459184
636.6848653739144 9905.842476374777
2577.663546707987 4348.577433695118
5110.448225344731 6081.715899058441
7071.564848559414 5072.045578593367
4558.741221574136 3105.2335165021605
596.0852933488059 9513.718784707013
2839.1610950911086 6669.8200191728565
6515.724468550578 6947.6667480594415
7717.533220714211 8737.725801118731
2798.6406718370627 4675.739384412123
5115.048306234452 8033.569830382265
4184.934626924536 8378.78868440796
1989.517217962461 465.1093397358541
409.8591407227925 8845.463792938506
5448.707334197678 8038.431582522073
2069.1742153780924 5017.848402421679
6250.360120340718 8282.039114409874
2676.7566206416914 9396.727563082406
712.6359773880453 7454.053055379165
2739.9650175719057 765.2848031866189
6240.365795586168 9879.036240934563
9266.152529584815 918.5447868607189
2166.6345280659702 2645.6947878950164
2014.1066911912776 6626.895639947481
9415.864541084504 9593.988885954126
6017.091058104121 5415.5404986785215
9613.69715342096 1029.9432693502054
8429.54868261964 3907.738440678168
6700.626155350732 5928.718814294884
6587.426006897616 458.21579312683934
1850.4619141483392 1521.2690797284522
3322.455062533721 9594.145275665807
5551.360172019158 1107.171729462798
5033.634506935303 4384.599843610457
9076.27770920252 4695.991662606682
7794.530973969286 4275.408778684185
1251.3661084988792 8651.796909075936
6862.919317098721 154.85988357062053
5424.951986085113 9900.214686344732
5359.66779875349 5456.702828049847
5846.393638471808 7454.679439079655
8596.66464696626 1960.4263912404397
2283.2420501977504 9028.293453403787
1558.9749142889098 1614.802374188381
6636.780383266966 3319.98242738073
8384.30691335055 1189.195822518574
5560.151204914684 9198.396003887166
4333.2553701026945 4848.1639573589455
8639.923729515167 1454.2686847301322
2706.683217551773 848.3789362408734
2571.0941205270265 9051.722874905443
1441.991493500737 2472.9268573104123
7937.152952507531 5881.258731950017
6707.91872841574 46.54819024462742
6700.991695138168 5901.94574624918
3717.901404524839 416.4023044758858
5319.064534667058 4257.590821538532
8194.917918828967 2636.4560523012146
510.3601781912637 3461.42896539582
5446.129543826292 3759.6083847989235
2143.3798805051474 9066.143930567327
7843.5204682106005 6620.180013991789
448.4556392722217 2370.794554863018
5657.133311240968 2280.4163541647436
2819.3909251754844 8663.486507178965
650.3840219185353 3418.1595205850613
8837.535498131023 8258.395663510428
6622.32944021998 1348.8703903722521
833.056041746848 4158.014535302293
6169.658568937347 8603.688130078212
1292.302594407363 4556.259586342903
8341.559151162939 1026.2403146383049
7726.805858348595 595.3402842826716
7573.510977980867 8204.420377512948
238.59120332344386 9799.062259679045
311.439955638847 8719.37579257515
6948.125041094853 3427.4934453999986
2075.5669120686325 7172.460010488982
7695.358911208001 1632.6984109761256
4363.662782012589 3241.917448813126
6980.9704735050445 3742.5002688023133
7756.329034238044 9124.587805388275
2984.046513829213 2259.008003576606
4862.296557515002 633.9321386108854
674.089131611969 8230.899199078305
4329.635967736673 8954.194512645214
3529.3696278831467 2543.2238262195306
5049.165548291262 4591.535037688368
180.2969050389147 2365.758548490694
7889.222040943621 2416.4804933373252
9415.60157091219 4510.699302960112
826.3613689480886 6858.057076445517
9420.78397291702 7772.75790984345
2174.444590044361 9288.48394464724
4862.413658691712 4459.482490927835
5764.947885082968 5428.324030586451
8488.503887105026 7266.8944521622825
1394.2372850860506 9205.50069208078
2284.332549865221 1415.297353223206
3628.928892437159 917.6087000385047
6904.71517533229 3532.3787068878
2148.353793746125 1775.4590106138312
7097.879669279161 8155.4938785408885
7203.534039440807 3946.817794320089
5142.73343629109 9922.28091325495
4484.9638992256805 5072.80969593806
3940.4513712221346 4528.530891534173
4716.890418100376 8895.477116915159
6332.957002351992 4354.490667913003
4633.664672966897 9113.496561611642
7465.007034688083 5295.554243095648
7644.139536827658 1874.076592302417
2563.2318160263635 9780.553108128062
4452.9691911350565 3412.5676577909057
3374.6247204436763 7220.630275761257
6183.06344937605 3267.3391007260866
2688.613454949178 7203.942361965606
5131.336066116645 225.99007766905598
7860.986888153672 2636.201798266787
1190.28161612854 7699.973099734453
1064.5921750235943 9724.33825150984
5180.7995252592855 7578.233490175254
6110.859156105756 9210.323260714347
3867.0824954205073 6776.47486021815
9117.842706296591 8584.463778767744
5262.267554935922 8677.180720206085
3044.6266134454004 8142.243779988157
6983.9506215778765 2446.5397744337556
4168.559679318121 4696.050795924902
4881.543744339677 6817.930440436862
1950.9456755732435 5512.89478138301
3932.852794824746 1347.6471481343588
2418.443471291112 1621.4920601532012
8495.142954795021 7377.054244792524
9181.578004272285 4016.8482983815657
4396.345704362936 2976.380094961032
5518.398318340266 8487.746851120144
1064.957417567134 998.8707089339644
5570.468134001893 4802.308284479236
7922.5665981208085 7040.043529606559
2630.0036834108632 3809.0573828243437
5600.837798019656 4575.296994206035
7741.125439967263 1645.6953910574002
9195.171630153802 7840.1419524111625
2394.8227377822964 3695.0434114243526
7730.152460119456 9120.844698222376
4966.374846116119 2187.38972587206
1287.2814875372628 6039.280841465441
1725.6117024223627 420.7338353073453
4833.387457481845 6144.316857748817
9744.538920328074 3455.1933127574043
5688.499151251451 663.0526743280074
833.4895113244822 9835.099336303534
9784.84683417034 6618.773328601157
2756.111210094274 1402.074308419785
394.0614045560298 6688.471469938846
6405.131468548058 8584.650595239882
1837.5203062986134 9151.324949991935
5364.988010806907 6684.7565595667
9845.186633673973 6070.517543388133
7344.0526940976715 4628.6586056526
9691.177088084869 6454.319918245916
5328.31536521816 1409.7155876708434
3009.6809068111984 2558.3537564183343
9990.03720725168 7022.567653822281
4282.750474714626 1719.481659731784
3879.0194547636647 4073.1455531892725
8391.865844907352 3152.779948208314
2230.7817952372 3446.1560733408223
1338.074404353803 8996.5679609233
4845.0771068042295 2421.45716895067
7260.890493661466 1556.4827314979434
8419.81342158847 6453.012287635984
6224.035643092606 4178.1035673858305
8969.595994091216 6458.870294966886
8886.488549559544 1468.645922991637
9514.742095022368 1917.8862405516916
6140.202740656271 5691.759511374411
9095.758344782897 6328.665878247516
4071.2456081393966 75.48527510442548
5349.916074300977 5658.479034544175
7188.996071215443 6501.933093472758
4380.699303939103 2294.6544878685636
5768.436520621064 4588.26763708836
8457.536487037567 6708.234229353331
6363.45898954515 1522.0963390355635
4202.375925489863 6549.429610646858
8074.4977506555915 7180.377095015793
1351.2969713171542 8216.691758064235
991.695832475461 7039.471995764124
4923.493688774401 9075.964671304782
7385.194593803049 6174.993359557935
1686.6113040467178 9453.968881993655
677.0358273073185 1253.6031795440706
5176.548679314575 2289.1163545415307
2004.5483750100057 3834.941300250727
2211.4888879591745 4895.928768787513
9272.987817572759 7530.375213334627
7834.0537435294145 1683.5996749006165
8995.584306261195 3606.2772677154708
4922.1238179009715 8866.599699553784
6932.047475516231 4473.055095685889
9328.004298363283 2214.994168100135
9561.964002088502 2167.171624066904
1337.2561317287457 6714.4094382244975
4767.419751007832 9411.909602365176
9482.653521144595 2640.3440420123247
6749.562515548134 4133.652899458722
3305.372531066806 5998.793671152049
7166.717853736171 4413.965595023792
7524.651334048926 2544.9170998827653
1757.0562020291159 9773.77515566763
1258.8046557102427 3663.744167720512
9296.70397708326 6414.473316867799
2434.6187711286148 9281.682666272543
7644.580155916847 8581.768684753699
9328.789887245466 7674.857432622367
9838.130750849143 5571.6376648744945
8304.211769753645 4550.071018633735
1729.521601980677 4063.740764598687
9235.557012503883 4096.446892878087
1489.748854746118 8446.177845989154
7862.741876606566 2840.5792488673155
458.5058258409003 7586.485481773077
7367.497326577965 3085.2806568477085
4280.54253654505 5107.27824617533
9837.416627255572 6471.782406989361
3044.6458682614552 1640.967331876675
1963.487603834786 9777.509154910542
9229.253325893027 1766.494272514585
8311.257925234353 4446.316266864953
2659.109065850892 5372.038874402234
9812.422461918188 8545.341644324091
2390.258530562257 3041.1739855721376
4742.765426483733 4852.390640641456
6466.0702473075635 7725.956928749542
4384.022919703695 1600.0381976183353
1824.8632415275179 448.9595057417595
5811.38481970572 3037.398315241897
8290.109212645772 6067.260196142639
9804.980536842519 5417.775933518998
2537.07012395208 6234.929979361868
2752.8455497933237 280.18144327652595
205.11939881238672 616.5676531769948
7594.502073213568 964.9555882153493
6912.890563356807 4132.9473316013
348.42601224160165 188.5166619371914
1833.7846885784281 7560.863805498966
5573.315471530177 6199.507111460336
702.2560051284999 1162.771136760923
6232.2165026504235 2548.383677959055
8646.693128760262 6187.831562954677
860.2006858101063 1824.7601618011754
7082.596260391866 7064.500182205052
3680.4337023934054 6851.577474627167
3050.145036195541 7895.794726891308
1370.1066804961893 3772.440495108197
3843.144286953427 471.9066840398034
3546.855568953207 228.22880440663386
4551.720010697634 7430.8340546976115
2727.9183464536172 8391.352979799442
1229.032355696591 3426.2246795600613
3508.4367449911847 7010.7927506448705
7792.666070360693 9202.638817760817
11.93562720667618 8818.318863945557
484.2387386071778 8331.954903797707
5285.165829565145 9656.071586546595
9736.17252271268 4030.6552102235382
6241.126142949352 3507.923631809914
5632.451095407329 3956.2486437682633
2998.2300644870465 3251.831491352627
9800.587477408537 4172.096579455895
2020.2160643842126 397.6413613749863
3534.9065145409486 9573.433101266017
8330.546916589255 8334.575403115448
9226.647052884637 6983.374823969696
3256.6789593020662 2684.900041542738
9764.272373831851 8856.241577368637
653.7268422924825 9245.037155938026
8467.772488800934 66.51874925376333
6363.687438462586 4692.644000299478
333.62864711000475 7615.308848832993
2785.528875912394 7747.957467435319
3892.504377360313 3252.138652751444
2863.0890373219586 8799.962149363884
1819.616343667716 1988.4972102115328
5541.872508534149 4142.703869546927
7588.130001814146 5270.503599011622
7802.469148510988 6914.3428904744405
4918.812781346917 6181.613030330312
6747.467126362841 591.2989482564079
6554.572622714531 5462.288346554327
8900.362963150328 2462.1147775859777
8976.397262532326 1362.078030359335
2869.1224008732574 3890.4175697353926
77.59966879768099 3380.5586971622047
5833.679161400504 1373.6410071947703
7526.169269461964 9807.116547726579
3935.801719230847 7413.916340880968
6570.415171286087 1635.5530487028213
1581.399471001752 3039.8254154515935
7380.980736473025 908.0230676122014
4909.4812277434075 4452.458440456022
3672.6992844525607 9833.82378129247
238.61348144004535 4716.495893613747
6312.648315390693 8132.069274617529
9170.877247367638 7676.7949081326615
7896.156729460917 9963.303782992834
8214.952608976968 5353.224763140662
6860.402497812115 8543.618110094982
2284.104559524297 1951.2664962238769
2605.634694646425 6075.855560869294
8231.488635150055 7323.1515004434395
6306.941373138302 8986.001032995482
6704.32690563575 224.08620282807433
5624.876872128168 3618.870553282194
8030.153635929692 7030.367725121953
5361.149983925463 5525.727981376291
592.4642102964483 4720.96904986327
255.97185423643754 6267.477057815373
8209.747990737907 7871.430214228902
586.5438931944223 5260.585561873523
6401.017647972674 8168.666318989101
6001.562048106699 608.9217830100368
6102.5988764505855 1527.5590996796295
8114.5070894837645 2093.1918466952316
7395.074753462133 2274.9716284573497
7778.8723004987 1530.6872381043834
5105.92826149045 6064.090215096755
8681.37978954731 571.5663601773413
2772.5588997593795 3191.758224557477
4914.62282657033 3663.9057221161274
1381.9980950445122 1813.739568772279
6528.461123580951 4398.279983673825
4547.783033877647 6187.610772878556
3709.8895834725686 6733.635032194759
2341.090290903075 8520.243321100785
7203.99098005874 8709.745968526631
1862.3729628485908 4256.615120873422
9863.971392582835 5167.555534993604
3821.3862952275335 9718.937129125063
1806.170854162673 7727.214923241582
887.6204529795073 7889.8680503477035
9546.330005981168 4814.654391540771
5379.811213818838 2830.836075879377
7706.287008310567 1881.03697627253
982.3292739211764 5736.267585633188
405.66353857363623 2125.4554617719555
5607.897378921704 5946.777929584677
8290.999439550957 1009.7530119645081
270.2178033871705 8379.150122899046
6305.174916613231 3645.3623928377233
1886.740303257637 4778.192813026058
6762.85780166105 2735.5761694014004
6300.938716374549 9955.33263668041
2073.101649981308 6172.670958656665
1495.1001876883297 5751.061208602924
1538.1080002340918 7617.829748539805
9958.781088360332 4843.1268996301305
7057.564481160519 432.8203154954036
3484.7164912786834 3719.6222617951103
3280.850236063134 5185.89995665981
3283.1131266436896 9145.88464212539
8774.801441779711 3620.439613575861
3236.897894375125 5276.396767226946
6112.613034671418 7453.267776869181
4364.632870964981 9197.636191892485
439.84673230687997 8660.756425741143
4114.447936405291 1135.0853844622543
8036.404707848642 9014.183979627147
4981.485748123859 1817.389939437528
8668.719987195174 541.9267859416899
3122.9900746250737 3562.905052101942
8114.304624374944 5324.54612010045
9139.312968966296 3538.647495348354
141.1860116102981 2569.8518829627515
9995.755500257143 7338.927202055209
437.65685337894047 3268.5440010094226
3179.2941973169063 8540.703896912153
8513.147646317895 7897.041723695473
1615.8949995553428 5214.978581887667
7428.929079052316 612.6331143290287
618.2437853606426 7508.290933863767
5367.736093690148 4177.088799715882
6190.377078651976 1355.668808658046
7514.299722696335 3448.3997847878154
7384.8269107766855 2146.1290019014577
1494.1602438231316 1696.3166163282417
4089.5372905068893 8734.106430722239
4706.032967073081 3225.881477337401
5615.956176727303 2574.947118407004
7283.375235904833 7834.160678913219
4766.336437961188 8959.865013213162
133.7094619142287 7478.901446681314
6677.430614161935 7335.536881535973
3529.636785714332 3203.849701463749
1669.3968380454328 5515.763184343572
8063.3693508220895 843.9855868783452
6572.880702277346 8227.3997835976
6427.002184944343 7324.945898747771
9563.87230988842 3880.0215738505904
1443.633982805399 5474.417902394406
9405.082017146326 4708.552542303038
3049.8371271528167 4179.308327184611
1174.219655766031 4510.356780933008
4517.867791562013 2451.0017880658065
7053.698516652592 5083.051872458153
6106.397685191869 502.04268072831627
2562.931097432396 7166.576569598814
2541.4423099084115 8291.088084202102
5733.5203814243705 4202.800902988069
9254.543242158474 2158.9966639673785
9159.291935499974 7548.240824616553
1143.1655161017118 3157.430761297928
2597.2561533055737 9910.202312654092
6768.6464969655135 6462.368446553445
6852.223415551411 9723.944195843535
369.93825593667043 9868.435596424515
8046.943718528043 2948.2156954844486
3846.762977594388 775.9850114884725
5061.276931394961 328.7909990947269
953.7016079156424 5311.362323241272
1918.0423358153841 7564.387433029155
6347.121042227137 261.8191679816495
1199.839623652108 3006.61971693572
2839.735966798489 8360.044053076206
4200.267052832167 2535.410956989436
1242.9960679179808 119.30137085325087
8444.613406269866 4073.540440500395
8515.374893266535 898.6836294517086
3459.2288287961524 4838.78277360561
1585.0303285428847 168.99355257485092
1225.4320240005434 2879.3492267333954
6178.197708757231 1053.2957053934688
8622.943271289212 698.1154861151273
2260.0627832276955 2132.1859528004507
5349.477204865995 2843.380402478094
282.7611264887997 232.3480219171481
2297.27018749753 1228.6695358801635
5335.528861383127 2457.977967496021
2173.9563499807477 1641.359672223023
9504.933823225707 8078.173731768621
6274.3460383528745 2409.6691453274057
6278.495136099418 6049.408249352988
8741.305283442625 1519.8218176423018
4662.8964034726205 1930.7090663762883
2398.0708252532845 1609.9611285614046
4838.389344557947 8740.19470906412
8290.977238066576 3214.6526419933675
1633.867456898036 9905.125433376446
4450.715893677512 5393.582127299918
6882.4901256719995 8873.646594409296
8061.881823187734 9450.320810152694
6805.6212154132745 9184.914191477925
9224.709787529006 5831.79465162616
5973.237306143009 835.3130965257138
3799.535820861667 6496.360205928281
5101.857585213847 3631.9881981379745
7443.668713029583 5048.156365619279
5976.426583603793 5890.929393711341
2881.987694042688 4757.665253679946
3120.486111401162 7315.362921669816
7696.7320987598505 223.18307186382725
8489.349214517739 8181.222123444543
478.58040978302705 1875.1634766706836
2423.8888973225203 3059.978754562194
9050.266308893652 3785.1696113820753
1377.9427161737813 6225.139886834477
5655.611555307293 4313.424982465312
520.222322613828 7617.226947102311
500.9997529383725 6013.730697611889
7212.011029777779 2783.066380342627
6842.9581067198305 5911.773967363537
9574.821762519117 7558.743852820595
7934.649841325243 9782.622548212756
2887.5785893582297 8431.583621635245
8575.723412589115 4375.463345793966
5390.772356220952 2495.032105052497
1754.1065947833533 9668.41113311875
4225.441586364256 6701.343981994136
3924.971293475178 9183.47573401105
1697.7050348668133 4720.475129769337
841.2350704750415 151.54648701077411
1834.977968947431 1129.6166295003918
9531.611599672533 6889.512415562124
7287.8849548448725 6886.304284525677
1016.3556758793612 136.40734000486154
7032.277305136981 7079.067318935974
2657.4943051250198 2292.7331453375086
6038.651323476818 1803.084209111322
8659.471462441204 3516.877079350853
9101.65644474247 3674.338250204795
2167.781471673974 6454.8101333043705
2360.2718138734413 974.2759012728852
2657.298117211525 8014.015072420827
7689.619650501925 3707.986409677586
7858.6540870903655 5039.857649126987
7108.27569702125 962.4419855059097
340.16298778142936 7012.385928403471
6620.328462757249 1867.3455516402603
5044.4175231168865 2953.8000672334783
1499.326131130999 9189.656295985702
5572.835638763911 1621.6072272109238
7921.643916982604 4133.873885034556
3818.0723772311608 3759.7401660606865
9069.695512798984 3273.6797829462685
9663.350389167334 2689.6797086245983
7350.799300396027 3706.549418921008
4899.405578165188 4845.8929597288425
8215.405149575858 501.46523610452687
8253.885042547967 4994.662610854872
5208.773294043148 1300.8743613007923
6484.6717226418405 1822.6433741048409
353.0936800344575 6541.553803014693
9857.757972919218 8341.256735930832
8732.418184810398 175.05492056903105
9011.921236997054 8125.292672976726
1240.6740853210774 4996.926168479011
4206.605170601667 2788.855770426626
4853.412472215938 8734.91380641677
7256.042574433719 8299.058130280106
5496.844090810729 1899.8698082778276
1071.8017206715247 7737.630897632151
4613.09471510405 6069.10245000648
1667.5773512558944 5942.8825839546225
6858.512409554006 1750.4251088393519
2724.186859500012 7099.209900226928
3022.2454843996406 8266.173145964738
3369.373323149373 9788.622614202155
9215.200038200664 4199.9737777688715
5696.159838756122 5278.513926919742
654.8773217866377 5865.072697093079
9725.136116513962 3892.174738439702
5959.484197988142 2981.5301761894175
10.20402873171844 1193.3124515605964
5765.095770670835 5290.623799310954
9893.943498326444 413.10188371347147
7692.543609939483 1188.3014565051842
6537.906117832398 58.06295094889169
8216.094583040604 9625.55269299379
2284.7830250337574 5959.323626686502
823.8688970627994 9502.074230813334
5653.529553726608 5158.592477083072
9010.347498033783 6570.626859528426
8325.178269565688 4973.432536472111
2104.200006446375 6472.993877092864
2846.2061772700145 4344.189214697576
1710.0584292254805 3944.466579161191
9457.962902344669 6137.199141850023
6630.755561628642 2452.299200285185
9454.810782633067 8463.661423349768
4536.932232927652 5574.591819280887
6780.267154829737 270.827783631683
9363.811940317812 1279.571924378351
9189.575178673962 1471.929992257528
4440.330800241624 2931.26610854358
5238.779145221914 703.5255011825648
2693.70034060165 6326.0651482199
3604.5107318158766 4433.715359911445
6922.874335474479 355.7013246730756
6795.34283815321 9591.94703343185
5097.278364123485 9995.675978117326
2184.6985731738946 8150.88212093586
7912.551893108177 4234.1857218961895
9476.955043480724 6163.07934997598
8422.945049917176 8285.118497829862
5212.508925104114 1640.001401670451
6470.40260055426 8969.696369131923
1724.224939641592 5358.125439845205
3843.254620778448 4504.867280899645
76.81595698349253 6186.699020812381
9622.831266354015 5102.559740503923
3952.357707126374 7853.953083219605
9014.199142464027 8762.426190315586
4189.266421643303 7203.3443756900915
3107.6209186439905 7431.723640952134
1738.7247889511425 4938.668557181119
1480.2154321017558 2309.491701882562
171.66691764281205 8616.649784142299
4322.701577704225 3488.2008557517265
7551.084524354281 4217.8791381429355
5863.984106423159 8354.56899806213
1478.5525736602112 7011.737532253253
6266.744289414178 5212.247781221018
430.5132139066037 4628.2072577691815
4880.080502044205 3442.605225779982
9118.99820039134 5259.240409110121
3760.634880556335 9185.84282126905
5543.11207589437 1734.617120288221
6711.539919481877 6003.200772669569
2641.735078762211 7851.995884559956
5738.896537298312 3272.022815175498
8014.550375681235 6788.117457576403
3788.4020640329086 1168.9637748109571
1047.6361434794735 2677.89829552183
9900.120659682394 12.644441921968452
7961.507729217089 5520.403837618732
507.2940804642656 3465.5672948240413
1793.6317621492926 6455.470761453511
8505.468611448225 9636.1290899848
6134.078917137869 5152.000104903997
9931.116384089475 1475.073861834546
8552.118645471388 3558.7184378134175
6614.307468802093 8026.756722298075
2083.2029440256338 590.4651250756599
2007.8940379416442 1074.0891218519032
889.9247592909798 457.8283298901398
6546.042461964319 7507.070429046617
9267.17871069745 3295.2243378902012
8347.855568937286 6348.306682374245
1530.8916564282526 502.27302900931136
4857.206754416586 784.951908085495
4011.3305987143513 8785.590577170724
1097.8013021895538 9785.006868335075
9366.138216655225 6272.889181425571
622.8749044652349 916.9356006160467
7734.884919368593 1268.5349284061942
5951.824074940446 5845.07363387522
8876.067138233784 9229.482463973936
6311.457897327534 2639.316133979521
4359.122985032044 6362.771263120263
1837.4471659854507 4516.088249235319
9128.177498832545 8880.532037456713
5041.94557081628 2918.6210460292896
7310.868104339476 5395.7187224329155
2316.2359690666535 3948.066316932406
8014.7445057188825 6201.549604601547
512.6578246026647 1073.0026233788449
3035.3744197579226 7249.899157922168
6237.953387008382 3773.3983011377845
9894.431168654077 8528.658518480308
8390.566636336624 1316.116730167235
432.6764536378469 6235.3379000283985
7687.315549577251 3212.5567716585056
7301.892642858925 5653.956487380498
450.25228626138005 3075.0493886790855
8131.463630512764 6964.528512893009
7762.413137974867 567.1324090847473
9889.435814809372 9349.220840013766
5251.555143049141 6933.8536985486335
4014.541249446256 9706.521039683093
3223.860506880539 3201.761897999634
6264.797336921098 1044.523398826097
1644.9881261281896 6554.258973472035
3909.941503640799 2196.7019223802276
9553.734981225796 9616.510127342828
6889.10275838845 4888.312807707157
3893.9676954554734 9425.115799744439
8861.74520154347 6378.821300288935
8463.367550042582 7711.269005260536
8699.068244603095 5915.530542299504
9702.930942696497 1792.1392680751303
2894.679649308085 1055.8369888300413
2389.050538316613 5843.734338957821
4617.507904946811 5550.321503943197
4940.39805037696 5619.511773317241
5686.551486203702 3926.13300354285
1014.7201264264583 5782.525545577435
3616.210233040581 9169.901625660399
1346.0431481137625 7934.9089001640405
7062.5811994277365 8981.675895891052
7360.682501849514 9157.009570115259
9495.243624506322 2956.144657814205
6010.837228332395 5409.511354070241
2725.6971413381502 7744.673694836275
3477.4389050122177 1505.3896785772524
9042.75693501504 9761.45138141018
3919.324287933167 9524.56369873548
3136.855552045529 5319.297219001299
8283.67798143664 522.6256432885956
2739.3336280674375 6215.46557734318
7343.094730842319 176.04352996067553
9959.447763140797 4735.027584811354
2587.4947998801244 7609.743827891555
3670.965996821359 5799.19351755283
8374.515782300175 8069.005348987341
6981.854454482651 5558.191687092308
8829.900701789178 4326.10242234407
2814.7089779876364 5113.096149267649
3389.7852595023646 8753.15702818343
4932.21566490684 5248.2507441128455
5589.684608362992 7846.172049089103
1361.0774344054744 3065.7130479811344
730.3667358127075 3651.2352928542045
2099.4711388691812 4235.398691660459
9388.689727030354 2022.3972142241842
3237.2493300453743 5209.378593160533
5391.874305808967 5931.743103930712
5174.740231425062 8196.04051002734
8836.568891338575 3155.6975582425016
3495.1354703011016 7949.599947650238
7009.462082653632 1577.6072441814715
7227.100945446324 3502.7057038740695
8654.07763318077 2075.1746036923614
728.3832232076659 9854.650216718976
9928.788944730899 8502.32234546127
2227.829649380263 4324.9656032368985
3613.9724681910666 6628.584816971529
4182.370200581065 9791.946442218517
6651.614035571063 9065.144502520025
8037.166339363863 2357.9112702684192
4938.571928612181 1185.139987737509
8721.254346141268 4117.772140796608
8445.090330253804 3836.891397659865
2267.666621468972 2654.7601584367853
4193.04715391264 2252.2026721902234
3316.1442327238265 7646.905622475761
9403.815870130964 6967.91975586144
7938.202819199941 1540.1492773487635
2213.5005420335897 1807.4327118191313
1218.44714945069 5628.719535487655
2753.7076693802487 6009.834148941131
8332.676797629736 5080.679657160509
3108.8981539553815 2447.951605295804
2482.4615376803995 6456.312352134172
686.7578207246717 1542.4968507731019
2977.5078778715456 9089.275900711616
5875.917131178693 958.0857369929663
2001.2766465204857 7335.233739791912
1515.7367293233935 4457.895518852702
9151.957464696387 4139.918986329617
8665.770615060708 9397.251291003317
8720.037249542953 7638.368331627317
437.9057588835522 1252.4354985086927
5845.352345383438 1569.3202072598067
3242.0716511185465 5309.543865795906
4190.641583397883 7173.538574540577
2696.798929086538 179.2161327440478
9575.271039328436 8942.093740115311
9668.801323955284 5156.592861668544
1131.9313185415215 9090.389008237038
431.1419833485841 3611.856905437305
3980.754187921338 5955.995057750026
3767.440892287205 7575.247157906921
5159.437624954553 9653.11749582168
6999.96377214336 4471.431087250686
7604.601054538655 4263.7834985131985
2382.3313070824947 5561.6517792798595
5348.74460175853 9605.611065949637
5072.969537505133 7068.074872645336
6778.815880876456 7188.273450573477
3993.32338406289 9183.276629857564
1796.5349531700215 4355.553749573446
7275.233800654996 5208.83019889055
3027.267585079746 7807.137753183413
4714.7808959913955 2920.465114915132
843.3767210088539 2704.0651889070987
675.2777445029734 2923.2864787524936
6899.621705016871 6384.023824764516
2219.9965032363243 4239.0597801004615
1122.3179678567662 6347.434495921137
8905.592294741367 5658.5814494060705
2650.6099347997556 622.5448530851652
2630.0883759702288 2495.6695848791887
6097.347550530594 4877.510596680487
8204.670971718295 2295.326741784467
678.7005537412116 4719.711251277233
7906.434669779131 9777.142421440893
1255.787313344402 3507.3140603799015
6169.612450208068 836.016659276474
7138.227868786934 5695.361958248928
3785.7103552793747 7775.802951225035
6618.679279748487 3248.429935755166
4508.359506970606 3117.4859935035593
2639.0494085372475 7974.1593716293655
796.5916846503507 7302.0206368495865
7733.224454640385 5766.744135033334
9580.630791443611 6398.979016871269
4447.78682922787 9696.70980148239
3397.1843765243425 9535.667967094983
811.3437449757632 7643.089966151732
7016.613962104865 2177.3888486101923
9104.71934529054 6736.374201500625
4772.2453469959155 618.0353173483144
178.41768548013005 1265.3619144851668
9202.480423644505 5081.234772924924
4870.386166403426 2898.3274151327632
7329.254738744326 3685.758643364254
8696.269442118968 2078.662604258781
6921.780596235607 7194.935886402375
5915.965487053465 7277.432705011875
1432.4033821656258 4948.330250543761
4324.453517074271 4420.044436728594
8941.790010326815 5664.945598559833
2671.489118223762 2251.4915167712434
7413.559816582733 2910.74861306964
8483.913212274785 664.4086315575004
5833.860017344672 3939.308715445384
5245.957103478512 8086.431445819408
8399.273437262418 2342.872493210976
4387.067412582783 908.1232429745334
6816.842888188773 9492.204363572404
9333.41476181989 2629.9966049918967
3992.8839312777964 7097.043009233558
5998.392949434333 2916.924590778759
912.6485916802928 3385.0362605832975
6519.052699793229 7070.49911482036
7350.793791462687 8375.533612316089
789.5590082165548 4564.662411176876
6202.999374062476 9515.63336640679
3399.394842918162 1237.1994161094601
691.969228619036 7549.3918444267
1953.1836399749402 3489.4520499287883
3476.442039416887 3907.124134937502
6430.6356994742855 4418.871667870651
6779.72917695019 5130.235892297617
8239.268319193568 1193.7985476444212
3054.682040437242 6888.044941310457
1919.189597039046 177.12394195996572
6414.8909166308895 9996.566605702852
2078.3760633871493 1315.249159677675
6087.301291081355 3515.2474694212465
3068.513626347059 6131.028657905058
4479.325973516484 5476.159410787046
9155.6161342993 4294.144450373023
4103.922394932732 91.16511322382893
8496.26904452529 2189.6305105770466
9568.996682547362 1386.098053249092
5099.496440603392 3165.024131581625
3112.8812752981516 7127.003847008927
9135.87996654691 3208.893518174284
4755.531917728518 3632.0118454137996
7449.705991348175 7698.25353837151
1035.4714224133954 1603.4178417124456
2936.5555125685482 4549.64662006397
9515.405446200291 5468.07902254749
3567.8911277476877 6618.432499784151
9764.821967300879 3880.231631672364
9275.836847696968 1513.0959339538729
5365.77861302982 7019.361533235298
7655.4879570634685 126.14810171944102
5638.471680064285 7106.774845830593
7498.728650833158 6130.460196213623
246.07178281476737 2168.0273871709232
2542.6716614405655 7449.636005527813
4613.702070739403 9484.388104048596
6497.483080156603 7283.296228219148
9184.324829118532 4405.031920146904
4412.487117102074 6652.90965872315
934.6919140036969 2232.66512395777
4746.093015182887 2631.0753483822723
1287.4104272762277 5748.811640904572
1124.222912374051 6426.92377502876
580.5552582767282 8610.992544739835
2703.561823393541 3322.57228282682
5594.163347317116 5332.55956094014
7300.091188288742 2090.3314946758746
3283.3251660081332 1846.9488624737362
2000.0084430280551 4967.63159219257
830.4849576885742 6761.640961838302
1839.2744216625201 526.3976533592207
9404.948300423344 2323.129422368143
8319.672720356972 845.8702618019776
6605.490830393082 5842.713956375671
6023.404331111289 1282.634499809081
462.3477626463557 6873.952231499292
7394.882698752403 5828.884229385826
6087.757901508488 2786.1159586337712
2877.533206335863 3559.71700047218
4589.622796242597 5544.016231239065
6025.0454451136475 1992.51563495757
2700.7388541855958 5483.079748811657
950.6608294833329 1316.2445928014333
726.4420925489834 3659.5661224408036
2534.726314713884 9395.7478964803
5876.40338184303 2959.341663588221
8179.879896620138 1215.9088353268987
7821.698196247094 9564.63262585288
3584.876079357252 8002.788450654097
3406.1685597295477 606.7023939745719
4002.2021395473794 643.6328474324904
7841.481458180089 873.4068156817432
6751.271043429714 9224.902462671651
428.18357050922407 1294.1053801981539
378.1269384069874 5517.239826342399
3870.438725189356 4590.412267873827
784.2268393317064 8058.560548019526
7590.027361255184 8959.79485018092
4891.016636966055 121.21929095663009
7095.577672663045 8950.038801938636
7963.649462254063 9296.461798516199
3425.885744105984 3786.1140953106687
1586.3392334408622 3689.1491596034466
8961.580702973835 7326.997013028263
5463.486098430347 3787.995528193302
8487.26793358069 558.5086377710768
7714.84198819564 961.3370214359129
7286.689986050309 7069.260427833678
5139.637146158714 3225.7041487982606
1266.3237428944562 4310.296447751451
7043.718036787915 6444.245786591897
7628.2251065676855 8605.053810460784
3655.3935483483747 4434.310068984131
8450.829702415167 9854.765468959184
2899.8288791432315 4598.261039874437
3686.79884281003 2675.4524401898407
7358.459271261832 6638.86656827321
4549.899287632649 4306.165751656552
6609.045503883349 680.3680397866563
3038.290381021278 6044.154687077335
8823.626102946027 7688.599637679591
8429.484551205524 4191.1525028371225
9495.768708910718 9468.297550323266
6982.639925675307 8535.988609484579
4475.157104250686 7712.9994714784925
6796.729785381061 1252.2477252924325
9106.694432011393 1592.7042005219362
5798.5282563133 6755.718103241776
5202.946705490838 1186.7251002346802
7172.24145461506 3544.880256957097
2822.8830879572242 9703.938123798453
3193.0012425709333 2338.708059933121
4386.517879471188 879.8865865248595
5389.334205123235 929.5676354520588
4524.1982043289 9199.976924830242
6235.103538595897 5085.013244447828
240.91656081961844 9670.262834542522
5159.317265696944 6560.801759882516
2470.175513209013 742.0738831347873
9562.583778158241 3828.4520629161666
1898.569479294595 8694.024426909125
9741.884697299254 8474.202296350883
9061.384587217064 4284.6905586946
5150.73362900893 392.22762149543235
1141.167439658919 2811.5163361304462
8259.668068827086 7873.496446480044
5645.34663572721 6846.273806594601
1432.4231022948786 4482.66104692104
4195.633137732989 6864.667614341968
1696.019561409625 3218.8940172962675
8031.070624246429 8747.439033030072
8058.393805033629 9872.59537146831
508.2399410626126 8702.591327938246
6115.082812030014 1718.413655052212
876.2700661952549 5543.124691540023
5086.8748411359065 4726.03651786209
7910.942437448032 7451.932825527585
3143.2182322418257 2323.726722647789
1611.322128528071 5375.278138190619
7891.581782380513 1415.5903573320395
6093.981230961504 8008.5332565914605
250.84093233121885 6832.081165234442
7064.033412091899 3972.6352368602757
1577.161552184655 3684.2628978913217
2798.8239062871976 5226.968440946776
5873.739551318164 8195.864765609045
8449.273675631639 2024.1595702981408
1191.1474433702629 1503.1796703101363
9645.506950690717 3784.5263556058917
6912.931068409598 7641.374827848738
2887.5394056491023 2152.6991032534193
6521.483312973303 6476.7941255766555
7008.438244772023 2196.18549980091
8652.122205977923 4698.353467275499
2116.512151808275 5215.427270934317
2768.6836339882148 3147.141036810963
9854.724836803289 1957.1564361916583
9631.83272319509 6741.85129837083
1559.6706243677338 8157.625370518611
881.6889686351482 4048.701515674934
8959.086729392518 5289.550482657394
6519.2481556576195 7147.98428666479
5416.022590919734 8146.376879759108
3846.4795942343876 8865.441373190695
4409.421467780272 7469.735244988465
6512.861248940579 3665.1429054352793
5935.016537492367 210.72692962150418
7716.511838164659 541.5836980635436
817.0785448768203 2212.9420824650438
7320.967182724222 1102.2196298405006
7540.696523591109 8114.877033457246
8674.037096274871 3697.6799901251934
6145.911020050243 1091.6873573075347
7253.073249041611 4935.41472888436
8969.163250974192 690.9735895611668
9911.367122650507 3203.541392545458
8574.160759069608 464.5687601896775
463.2856225994031 4935.182886064858
9083.402466058134 8358.05347958814
4621.149066877131 3259.5924977830905
8303.246554858884 1892.0008724789195
4884.737239481305 414.88560099424586
4529.545280369803 7053.708781451383
3884.711089987359 9838.21128258067
3727.5111639367055 4515.450735854446
2894.1168144832095 1202.7086990913238
9898.619666296163 9305.035483798612
747.5410666583005 1836.6165293871506
3878.9945065408706 376.73855854291725
7245.36457801147 938.4101251520771
3557.8603202513327 4665.425463973836
4270.964047723222 8792.865171925874
1561.2933121436267 6153.962466177159
7311.593794217783 1796.4575714164498
4815.633691820488 4243.765647985518
9849.074657570922 5516.523082960039
4086.5702115257063 7290.613395093311
3174.3038648195998 2237.123127594215
584.0463395756834 6552.608010231466
4579.9949433739375 6485.570773397942
1029.7745687719062 2994.439557612346
7598.944750831795 1887.0912997180767
2203.2943806986727 4401.870382693431
8980.513031155233 5361.1069992493585
914.1378308387626 3082.6251615111546
8435.89739907139 151.1484048508338
5591.8204814722 5064.633892020156
8833.169156826767 7471.413757232128
1242.0059115745375 149.84601697871747
6485.931172259779 7656.51229621795
386.33742237357495 8441.595131566739
3454.8504621798693 5616.942014755808
8785.070866301425 3035.7606782923394
6369.20125595074 2131.3675200659186
6235.782375152017 450.7400043960885
9175.957175153093 2047.7847098195289
9548.064597357597 68.5063845261702
436.8487547421651 2819.1650823352034
6913.2666625706315 1368.7996539903625
9319.202681944591 1965.1970371031634
319.97677220322316 3060.7553917889186
8264.266078470804 30.253193046819725
5410.077613108114 1351.0498307427033
4467.1088436959735 6398.726457969601
6226.859619982243 5534.898651623044
6765.089511284089 8932.398986055228
5675.801230108745 7856.018655831318
9307.261374994656 4810.516399464954
1200.2826077079076 1153.9186120442025
8464.98178780572 9181.763782270487
9168.624895378985 2201.6637580172182
4844.386264392653 278.3451114590363
775.4989914116261 834.5104217552035
7974.267984899421 4495.895693798435
6879.882493725754 4979.581882322464
7268.308999450769 2608.9613373329435
9133.385380777954 9519.020243053246
9198.484647521116 8770.301168526385
9996.906170323648 2553.812467670925
7266.862270371925 7233.282663198599
4800.220559436236 6082.756750215012
8325.908660913565 7840.157409957952
4868.245542784293 9370.79941003547
6072.79922086679 235.01410323780613
1919.3617937052754 2353.241464140322
131.12526609308617 8488.730326562523
435.31790926284674 3307.0718376213217
7033.780528018669 2364.2533076863047
6508.883754374479 9717.961823148604
7633.697335039863 8804.057784774643
8794.55228613156 3781.2075930888823
3994.4955835404617 7387.644793927734
9619.242978183604 4297.185413645659
7651.00193355816 6485.462596391385
2054.087016759346 4856.640770886398
279.97719199975177 2626.641466090186
1805.0259155329907 4158.402315293043
7284.292786445103 4201.456579124918
1149.0877337349725 8061.877824259611
4569.17773250285 2035.4418585805045
5824.851016172851 4548.953462856901
8877.053853370455 3600.599748529314
4779.745639590237 2154.681578352047
2447.8656778731943 4670.161741478058
6983.4788015840995 9623.412798932426
3484.7037476931373 2076.8750114833024
9136.017449436915 9556.789079573353
4929.905574937566 3900.8026372644777
3030.1982151309735 1642.2810452150015
5394.717771238878 8891.142344942244
1573.1729955441153 1685.7229901784087
7735.9846267864405 5217.582815851032
8027.5495316914285 1118.5553647412905
2736.2254346195436 9750.235139821007
3902.2093785782417 7910.261042624279
7618.848757104541 2983.188772525952
7104.446976944923 3888.7384797183954
1718.1483734734227 1445.259340959716
3459.1962499218844 5356.125125292892
4524.107944676619 8982.513128312441
1507.7629026455409 3584.8489096611647
4534.941373084397 650.6609687605458
2617.6158036596 9288.451608420091
875.677954995483 8121.4418002370585
5866.435848496156 483.99269070609097
3478.99850603282 3485.6206417907288
9907.755133606976 6297.607834580182
1774.9160964089372 9126.24840887794
2082.166944654823 212.06382875732288
6298.785530714143 4939.342101550254
8407.220419929574 5014.914817944732
2402.5176061919774 595.1643586280542
6760.764079762679 8278.131388641654
341.7643551741789 9761.79209210078
9566.629185117878 1584.840406112472
1412.2318586028694 5253.682632548717
1598.2000021580334 8916.077864224799
5521.168106393859 8921.459862352884
3134.546284068701 9620.22376829292
1605.4631376642815 7765.160384487295
8635.44191652082 9210.051574543195
8645.691938920112 8231.693122167531
6345.727244113967 6867.094942099935
1675.8174764080868 3948.281425072384
4796.121500326907 1980.2942291307625
4151.162965853111 8247.176708412173
8036.726349602905 3305.653208464274
5312.658442679871 1752.940927545581
2621.1011887228706 3405.9079722168162
8773.246622976883 7032.116529074393
5852.939270860409 7913.961842939444
6452.7341928056085 6846.117249839208
6614.00438560206 3861.1223784222616
200.25948006026528 9901.68706945222
7211.136514540542 3820.9280047989246
1968.9381516759063 8159.289697086242
7111.769547311878 2941.625933147706
2245.1442454932744 2738.3115105292277
7181.551758250878 4075.126429786141
5585.265715056103 1248.9680895472998
6094.290357849261 2157.522246763226
1575.6740725594432 7984.330731896749
8953.592000796909 2756.0300999798346
9307.030301253062 9821.893630693163
1847.2069338632846 1269.475908322405
3541.9457133053 4912.627939651302
5049.223681650015 8654.210654455512
1155.4012224527876 8276.477163945121
1891.9070745722322 6744.609047474281
7140.226318627535 8276.769587472158
9948.10594781916 1247.071490688214
495.32320108681694 612.0337912709806
6096.80405953597 3308.710902592601
1652.2141010913206 1942.224786452973
7288.526488328525 1196.6753518018247
4745.884397384039 3557.3774834474157
4383.949189827102 2071.3233264411556
9998.777286571267 6600.226777618828
7308.208804801259 96.22853004626286
3762.1928479717394 4270.340690156785
5945.044904989488 1200.265793993327
6347.233135850433 3165.8390352316324
2689.04641285735 6691.785791287774
677.8225937470484 5459.776246735593
9380.920322112104 7622.160087009773
8011.229152588861 5961.786967112047
3469.8335133780433 9305.737033306601
496.8957298761123 3281.6103855388246
5678.529292459759 725.5197846142992
4182.28952539577 2289.619344702796
4191.048894943547 6688.6389631233515
224.85919745056094 5860.50318016185
8439.538409924093 1542.9637658964014
6532.08884591109 7489.761099653762
8935.759700769986 2025.9530296657667
6827.021134048275 2788.6844109202602
8274.56052188222 3389.120865437264
9224.516821182686 7092.020353055059
2430.705025202008 7326.254461619152
1803.9085084544647 8453.522148404814
777.1037844296346 2430.783323165766
8376.593861576603 158.1118356390976
7871.622769337365 7917.472827208283
3672.507951063639 4545.3915219712135
9991.293079173452 9165.87385976132
3507.302827128619 417.7600866184894
4636.882179531441 9277.727252120536
2142.4532188519984 9597.402832627033
1787.428841663603 4287.7907990384165
6013.398825231175 4299.942875847272
1553.4845297825827 927.318574963183
276.22247303952906 5908.552081332974
4059.445259548655 4911.688841466532
2211.2576486981916 7460.840546652271
3879.495042298482 4608.442545040088
3422.4042634771977 6701.85761703493
3158.33058085393 9639.262666975088
983.8276528283052 3910.0501594001666
4666.966793610897 6479.183585125935
6211.100538779096 8869.044708845327
8475.572161020793 3438.594025935171
8571.746480072865 4336.630207652893
3669.4209671376652 5548.354490621898
1400.5231175433653 9153.339138987045
9590.68682843644 5815.623014462576
5547.685419272469 2736.5354575291713
9457.946211216085 3077.7424073347725
6863.850673083045 4121.935867749269
2896.9028478775526 8253.810823950607
3512.983478620664 2943.0080546538575
2909.976471617588 178.32549068800495
9505.406615818374 6779.701110353804
7119.052347963608 9398.549669088225
1555.6346298707947 9161.482735679356
2734.814006375501 3327.021557182092
7395.220082874329 5175.672461370894
9637.738480386432 8962.890388021586
5008.688738322737 7110.572512278184
6199.95717545326 30.530076174749567
3911.034367842615 853.9209945184623
8033.840274831126 3831.142301327528
1548.1323928203071 4870.696613398698
722.2960623003582 9362.833953698968
176.82328661838054 7500.334236536832
3767.4150615124404 2336.9136627886423
2169.3067975348167 5041.910422666294
4488.2393196194935 4602.918954616427
4586.878843695384 2636.886401664399
7405.064628991294 5192.153323608746
7080.93139845716 2312.5046356459256
6766.835221886416 7699.276097237314
704.5333025330802 7714.953667819218
7309.825510736231 4043.7538219256076
9055.789288786806 3039.9301700986425
1079.945176045304 7787.748517488529
7324.57701272263 4459.243041680383
6207.644725217118 1134.282405218361
9277.143140645916 5945.619406709217
6893.539005914689 8489.285976092917
6988.435470094275 7813.892072233498
2544.507248954502 6043.399973949058
3219.938526870796 5525.256344609854
7994.168995128061 1214.169176393789
1741.1664409524985 8342.304905236062
6048.273492573909 7986.530952262917
6605.86256074504 2276.066770717707
8214.686863243542 4199.265650677056
7419.343234284583 9432.284396858693
9409.291792689835 4647.345787720244
3971.314642920787 6342.6869131698595
7673.267588886731 9504.880351200694
258.88145135610665 7158.027641603144
493.8478404531577 1020.6213955645982
4887.357168886627 3683.172811682579
5189.80060377663 2697.7647154406413
2111.877010172569 3150.541429003382
2004.514047929965 4242.038194762088
5370.704550850508 6356.714463053957
5043.711749958075 2446.8438399899815
3061.5135937844893 3328.0446116816543
8001.460400616523 2881.4783807641475
4524.8165447510355 1034.6163040844924
8737.278535747364 9758.227246254017
2724.105010235229 7837.917997085131
9198.788679671268 1676.389670164138
8950.154161759694 2336.1074195824617
4928.500965127434 9076.062946883918
4027.333816878529 61.764498644144574
1449.9558489995068 5181.771786125289
9962.665719609326 90.54206915317664
3197.5909976398784 5975.800668620564
5753.7473010224485 5035.1418723111
4336.3445419639565 6313.353719546463
1159.5615366288137 2127.5557830841108
9811.140752841826 8676.422524880967
2638.5773105273224 133.5318918082007
9273.047709455554 8260.521940569697
6371.440875011564 6696.737248495959
6148.037955298779 3098.207664311147
4310.941524541533 3376.1058298514645
9045.924842556991 745.5609643792438
539.8350751215963 1118.3786283684137
2951.1818051414916 3692.591051282955
6867.491391404023 7198.851365277863
3193.998843190182 4105.770096680569
8559.226985591955 5766.869675511343
6069.0712719308685 4770.67955179752
3367.5711039256717 8048.621751918545
6151.248348276923 7175.0196254542
9622.611450583101 4988.293590224346
1851.3219025853778 9556.987343417906
2038.9445689340157 4649.671698592716
7561.864506298096 7441.307229634812
7109.658374566307 9053.790505256042
2862.17636108664 6694.9537481878615
3483.1579450430904 294.238039350333
6683.032301692957 4456.877647793021
6556.5387301572 3750.2498995673304
7076.07082568796 6430.807071781198
669.5991013754043 7008.735231273614
5289.296857816154 9977.468985173517
6746.481660381156 6709.895961864818
6219.319257591801 1202.3324069380315
8007.314344134679 1947.1186180649092
5992.58069985267 807.247137545043
1460.1189430763927 2080.323554624175
1421.9778903383917 7859.113764460794
8283.646669482772 8862.987657399317
5391.91292994899 2825.990890652005
1924.6820630900452 7636.555579597945
6843.954412563067 1240.8037959604667
8758.759391392303 11.984359949582801
3966.9317511065406 7175.091632414824
2501.116132094248 936.6742546269635
4439.420691591645 1339.9916951433454
205.10426202779874 6336.052209021691
7129.224942880162 2078.927181930741
4648.169717695697 3622.5992634182803
5523.59522416498 8776.226788659747
5180.8989019023375 6281.118929841543
4345.569352898655 6278.17613111382
6702.525045183068 5467.565511626174
7305.956769465207 5807.761176241797
4326.675563088956 6099.76398158859
5747.1327406514465 2551.631383461961
9514.031582393503 2271.8700981378693
5053.94812367163 2607.5769032729036
1973.9646271234744 6990.434215722612
8138.698068982949 2303.0787642490513
475.1032242116182 4208.447716905653
3051.239314328402 1030.2555865922702
4855.172402186425 6924.769095240153
4821.978869650884 4689.800057182313
983.3440988389674 3719.8371691870734
14.607013083591802 596.2563492060647
203.71952692714635 7514.600185005506
6147.078700338553 6269.265969293928
4876.464329934539 4568.102746389079
7133.494006157908 3920.1631884582366
2033.4997690351543 8770.184892182444
206.1669702618596 9640.578751636056
7878.548169061005 6139.271747767439
9396.313344212344 1309.4645785945759
6886.722620195447 7101.237602289669
5583.427057487458 2057.2293069960656
596.7365030895332 9603.85137163668
3367.5576582117274 6760.428592941384
2839.2031263173058 4412.323032783557
575.3411719932244 7487.730225834604
107.38801364305162 5034.986616870929
7079.7756552502315 77.63314288266487
8052.15870388878 8644.170702860238
5795.376008720291 8100.685781867266
7670.779726632068 1085.8235509379476
204.48127282482352 2343.718716676566
7659.5788400380125 8612.475564898006
9577.128950782033 3650.865767416289
2613.4105584106806 1327.6372715667917
5166.053258691784 4465.921501661421
280.2283957290652 8495.74585690045
8089.999388619908 9742.839506087268
4916.969118147522 3850.290929948137
2362.693709530308 1025.9509201308504
7943.345715807636 9823.762550809095
4581.446479893463 8448.738487519253
1553.0295964566953 3226.5852170734956
5158.501770926385 4159.776689491489
5717.102151282987 1318.210040435569
4659.897394353759 7256.706122431584
4102.5382664821345 6442.061775385955
2810.7297653022924 4693.882507942785
9828.880397765375 9437.043263446005
7032.3661018888415 4826.5989648965015
7699.150627684358 6891.824333191202
1996.2818991125985 264.55482905374583
5566.43728686983 4974.152465769601
1610.8471205195174 4529.50095479892
3835.4862633772136 3045.9382672866354
101.51901613590475 2646.7641990051093
8749.014469475846 3565.8884931840284
9401.546741225677 9247.614207848583
2071.3586855487374 884.9706776238143
5939.4302187354815 9019.205161180185
7057.455102567444 456.01004196708874
1091.012942631764 3411.0879806117177
8183.046865484719 1707.2369693742528
6058.237580632853 4392.055405622535
12.394523397321056 2370.617317989193
3743.226735949039 748.3483693519954
8792.668927478757 9409.312077406095
7305.491569317818 4924.016517259227
8889.582799182128 1854.633014595436
7521.719952999364 8726.49193476982
5016.72030830482 3841.371210954595
8811.723774168002 4355.201545261997
361.4046773810087 1921.3940900763582
6850.778119898806 3158.3058859355374
172.84036150898908 9338.92309637132
9057.716421046567 8282.42645753285
153.65713444439712 1366.9154785935866
2929.7921626270927 8952.47436472113
9083.867846551266 32.495603846002254
6189.454002852482 3503.474949517329
5506.65042061427 3600.3900349233186
7014.825112147621 5483.538455914954
9018.250399441182 6036.840535782064
2244.8173263558415 2156.8930007797726
7729.690339971239 4342.486368424476
6381.44958318282 7558.168346737028
4805.867605334242 7121.214706004924
4456.083144124262 2883.8779546780133
8638.007737815478 6043.005811856439
7382.924653001155 5454.312057189744
3168.332993250368 2962.3037149550646
9292.291534517992 3738.828125820769
7161.198373500717 9369.464278272544
2517.770820047003 9.781027606682313
3802.834647887149 1581.3514360036606
7405.545763181698 4075.107205326571
4912.23117868705 4618.157494899398
920.8075709503827 1236.8391455027584
7258.579684183287 67.0531988866574
145.30298921444418 5132.595354526152
2006.0930710208013 8399.274845687587
4191.716035543851 1439.3536354432347
2144.902503122468 4185.780975307333
804.7219650561566 1553.5823747142074
6917.12765265494 3447.6242602515204
1975.1858194997108 6309.071488308416
6710.101999927194 5980.697137092916
6263.128551963681 8553.568361587351
6664.134697019568 1910.5289850414385
4206.714678196753 9977.587080734698
2330.067419615446 961.3254644843172
7188.662592411502 1973.535651130247
6112.289913924367 4964.459643040836
9438.117960761307 2500.55653997598
8945.757509529041 8985.13575142714
7465.166737772843 940.2517286396817
7680.948692652869 4111.965472570324
1156.8131351305321 750.7293478434707
4988.594675463315 5432.710908960442
6007.380996133609 5361.166088084681
5246.395473798794 2010.4643516951126
6512.9410169485145 6196.354601613058
6832.836779350232 1778.0511999378657
6628.507547402614 2980.4664504395164
8528.604014126262 3184.455871346161
4368.387001486345 5541.524751460262
5313.988359630376 7155.587709927282
4124.203108565448 3222.8530813567536
6751.06535232673 7472.721608506333
2081.7626547980326 2705.0220554215607
9352.315327876231 5025.45812290163
7237.066898018288 7551.595499230083
2862.7538808550657 1562.0703805664825
2943.414167053092 3114.2266226343827
9220.523209168634 1538.613702817442
1665.6828974393222 8567.435156891508
2111.286469072463 6459.1959849641
8674.515863589273 3790.6528504765024
4494.665140457244 4703.317627745304
8782.281256384458 2574.89354511521
1256.3407960476848 1252.2073658777854
3904.312668923082 5203.671561735205
4227.338129784937 5954.597542678459
8223.079549721722 2842.5511638178336
7212.397151470061 6013.393571189588
2039.5770953363367 3368.9853179791785
9382.231629938608 8228.213893294123
5015.367168469103 3283.8580757262093
6409.860847823218 9194.786645238135
4440.337722236467 3168.4163759319226
69.09341141141611 7140.7081733924015
4405.39645987667 4785.040668838379
8663.633898115522 7368.085342115205
7315.946749565541 6367.570367177039
2618.170157222226 4377.0925737815805
51.14099159130525 8906.66362881543
1838.1933258336192 7660.501687441624
3255.545007066057 307.93896779030547
4033.1902231688664 4887.743600712786
3743.9843322274623 6185.412120158999
6098.24170667703 5738.0923047996275
6806.991034103016 5750.0029245953865
3861.9475506828894 1996.0621202082118
7323.402926931911 8762.658169200991
9033.991704582706 4688.138099379491
6018.312984379305 4843.899375190309
6023.551717170857 7018.46351397302
9948.704150585943 9566.368722673938
5450.146103778192 2652.1344385350076
4355.747809575579 2704.2144559125313
5631.404675631764 2498.2577955319275
6391.882297669107 2772.922876661428
8107.63740905231 9560.952814102413
9912.430425059361 8565.465060383929
8350.967901836917 654.9850859140794
4515.655603084701 2775.399102458327
8207.188143452928 5823.740671031476
1321.7939589332816 4994.830072251285
2331.382065483807 1150.7672661027414
2600.7460843956533 1384.8931841118417
6903.755394060127 8322.115544305963
2289.745203177498 6138.6978404900265
5250.001826023211 4775.23934292823
9686.465821311605 5491.431344957664
1640.9215546081834 1561.2226473938285
9159.675697603958 8479.585974055848
1508.9077950652418 2150.620377045146
4588.670047265548 9911.042183648666
3594.2935490059826 4329.213171791407
8424.374875057529 80.00372602487316
7122.4590856274635 9058.492054526509
1759.1420845311611 2645.5464580665644
5012.973304093137 4716.7095351755115
3598.901153727505 6789.811032350201
2334.94781957852 2489.839907838448
4650.471168271391 2281.628859154641
7748.162873268512 8847.81699839611
3368.481651835438 6393.644996916146
4507.419535081046 4019.9262363035305
9750.485732277888 9755.757593090302
6757.964669648483 1174.2469202480022
5425.49544198733 4174.969750663177
6312.71974780023 9609.554574693786
6950.304617402123 9211.506004563376
4877.44177501349 6684.111889818021
2909.6084127529475 5873.315484575842
6777.831874280468 7434.286489917027
4410.069595001663 5175.849882688516
7642.997516601569 7876.957036770723
2865.1187525795854 6511.268917300203
5212.567143785539 7843.176887431035
8586.42084683858 5780.99177659123
9460.142034722228 1856.5884299213376
8629.577472818573 6067.776899363747
563.6695463363617 2048.587489762128
2585.7775271547544 4258.283503504284
4903.701084441605 5393.262342918282
567.7460397098977 5474.325638281707
1233.3984548984934 8648.641017978194
8507.487358041039 3430.8040623726397
1439.5374020155261 8306.797116947902
2064.952328353561 8910.559258179512
2901.650702854779 9583.88251852103
1940.9062662379495 431.15854786828777
2356.84099690847 8022.17043070826
193.9098742395018 875.8980175469322
4390.686766372046 9629.703586219726
9280.471490944232 1371.0575874930764
1200.0544532441181 649.1649741633154
2969.061113824033 9013.722208433654
4111.5199270708035 6026.098086558349
1022.8301393464089 8189.243269199939
1489.4934013215889 6437.623026644367
7602.506087951763 6164.6791549753625
2131.034033182354 7346.308480780885
6710.08609790503 2404.321603751276
8019.726827432745 9959.875543513275
6675.583334581241 7625.681048193631
5398.891789340297 3205.9269610641495
9683.227946663013 2999.0644345068163
8524.778202178539 7871.905879425325
1640.1603467939285 2091.1527485922597
6173.29464833668 8914.012212975204
2309.7986239433776 8162.743446562965
6999.210530897822 9604.810697668207
5563.6992049576975 7253.092897650764
6184.658544669756 1667.7868320078048
4849.872990474664 3118.0597094765703
2464.1574239937213 8838.122589457502
9532.159452890206 3536.511567557
1576.2654256265084 7392.473752722838
3624.4009855733116 8759.230138896437
9467.363067253562 6106.55434496198
9624.80017610885 1946.8065236809496
6160.958321499797 9827.840070048558
6649.984387066394 8327.793342760024
9106.294456546133 5391.729325433258
3874.943426518479 4505.639019451627
3032.934620771055 5963.004599608799
7404.143451973712 1852.697652988976
1863.3848281846044 50.46003888150352
1130.7634103151377 8251.875146946873
7073.707899561588 4421.076141024671
9885.142269196498 581.2343298815814
6042.476790239441 5931.1345257943585
6230.160975753838 6284.151502189632
3391.295578886637 5895.183186900458
630.42992079557 6127.377771560297
8095.521627398072 2029.780033415558
8403.788488110871 1821.6302198849633
9231.696724044956 7237.456602515397
5857.764271449476 1564.095641166654
3628.600825964058 1537.3576991217308
2320.2864911337983 3759.504893306246
9401.722400578683 3302.5311598326766
4393.076898285747 4186.190967679093
376.3318795279291 8629.857646908058
3687.7953796644933 4695.819677349983
7742.2420815723835 3147.122905993154
9549.145906169992 2170.2387605170184
6933.719281001869 8852.753656445122
3825.801471071626 4906.163910031526
9690.906956104134 9687.251900689622
5619.134172070499 9858.180162382076
3534.5149222187656 3451.380773747332
121.38688415982868 8242.806860121138
3473.4114729491484 4414.665886978834
7149.061477216588 8891.137053029011
3665.1506694329473 498.79807765329633
1783.9361311868363 8434.831434419804
9962.360749377125 1274.0324182703366
1653.2672511045344 4920.007073679038
7803.302195022541 8172.699747641117
2812.3720354054894 6765.833016996151
3742.8010813245473 6302.458954857018
8936.929629354472 2119.405039506118
3070.15212364297 8032.935678603499
6588.974848337364 4605.74294443613
423.47708696375054 2132.9061430464903
2689.7040314772225 231.5112314497514
5085.410157521207 8651.205905692737
9013.852634340776 6773.341820851358
7732.881884164108 8963.05267267107
2514.540031514504 1366.3884369653267
814.1544393442457 2444.4901593662917
9594.12372571985 4206.022400215179
439.156308780787 6091.179831761941
7055.743229384348 6285.332328784955
3694.5572563551755 1063.7743550513778
